:020000040800F2
:1000000000000C20310F0008652000086D2000085A
:10001000752000087D20000885200008810F000859
:100020000000000000000000000000008D2000081B
:100030009B20000800000000A9200008B72000084D
:10004000810F0008810F0008810F0008810F000850
:10005000810F0008810F0008810F0008810F000840
:10006000810F0008810F0008810F0008810F000830
:10007000810F0008810F0008810F0008810F000820
:10008000810F0008810F0008810F0008810F000810
:10009000810F0008810F0008C5200008810F0008AB
:1000A000E1200008810F0008810F0008810F00087F
:1000B000810F0008810F0008810F0008810F0008E0
:1000C000810F0008810F0008810F0008810F0008D0
:1000D000810F0008810F0008810F0008810F0008C0
:1000E000810F0008810F0008810F0008810F0008B0
:1000F000810F0008810F0008810F0008810F0008A0
:10010000810F0008810F0008810F0008810F00088F
:10011000810F0008810F0008810F0008810F00087F
:10012000810F0008810F0008810F0008810F00086F
:10013000810F0008810F0008810F0008810F00085F
:10014000810F0008810F0008810F0008810F00084F
:10015000810F0008810F0008810F0008810F00083F
:10016000810F0008810F0008810F0008810F00082F
:10017000810F0008810F0008810F0008810F00081F
:10018000810F0008810F0008810F0008810F00080F
:10019000810F0008810F0008810F0008810F0008FF
:1001A000810F0008810F0008810F0008810F0008EF
:1001B000810F0008810F0008810F0008810F0008DF
:1001C000810F0008810F0008810F0008810F0008CF
:1001D000810F0008810F0008810F0008810F0008BF
:1001E000810F0008810F0008810F0008810F0008AF
:1001F000810F0008810F0008810F0008810F00089F
:10020000810F0008810F0008810F0008810F00088E
:10021000810F0008810F0008810F0008810F00087E
:10022000810F0008810F0008810F0008810F00086E
:08023000810F0008810F000896
:1002380010B5054C237833B9044B13B10448AFF318
:1002480000800123237010BD300C00200000000046
:10025800A4EB000808B5034B1BB103490348AFF3EF
:10026800008008BD00000000340C0020A4EB00084A
:10027800034613F8012B002AFBD1181A01387047DE
:1002880081F0004102E000BF83F0004330B54FEA3F
:1002980041044FEA430594EA050F08BF90EA020FAC
:1002A8001FBF54EA000C55EA020C7FEA645C7FEA3F
:1002B800655C00F0E2804FEA5454D4EB5555B8BF62
:1002C8006D420CDD2C4480EA020281EA030382EAD3
:1002D800000083EA010180EA020281EA0303362D65
:1002E80088BF30BD11F0004F4FEA01314FF4801C38
:1002F8004CEA113102D0404261EB410113F0004F4A
:100308004FEA03334CEA133302D0524263EB430300
:1003180094EA050F00F0A780A4F10104D5F1200E9E
:100328000DDB02FA0EFC22FA05F2801841F10001F9
:1003380003FA0EF2801843FA05F359410EE0A5F1CD
:1003480020050EF1200E012A03FA0EFC28BF4CF0FE
:10035800020C43FA05F3C01851EBE37101F00045B4
:1003680007D54FF0000EDCF1000C7EEB00006EEBC1
:100378000101B1F5801F1BD3B1F5001F0CD349084B
:100388005FEA30004FEA3C0C04F101044FEA4452A2
:1003980012F5800F80F09A80BCF1004F08BF5FEA29
:1003A800500C50F1000041EB045141EA050130BD09
:1003B8005FEA4C0C404141EB0101013C28BFB1F51B
:1003C800801FE9D291F0000F04BF01460020B1FA66
:1003D80081F308BF2033A3F10B03B3F120020CDA39
:1003E8000C3208DD02F1140CC2F10C0201FA0CF017
:1003F80021FA02F10CE002F11402D8BFC2F1200C7C
:1004080001FA02F120FA0CFCDCBF41EA0C01904031
:10041800E41AA2BF01EB0451294330BD6FEA04047A
:100428001F3C1CDA0C340EDC04F11404C4F1200265
:1004380020FA04F001FA02F340EA030021FA04F377
:1004480045EA030130BDC4F10C04C4F1200220FACE
:1004580002F001FA04F340EA0300294630BD21FA0C
:1004680004F0294630BD94F0000F83F4801306BFD2
:1004780081F480110134013D4EE77FEA645C18BFC6
:100488007FEA655C29D094EA050F08BF90EA020F5D
:1004980005D054EA000C04BF1946104630BD91EA55
:1004A800030F1EBF0021002030BD5FEA545C05D158
:1004B8004000494128BF41F0004130BD14F5800497
:1004C8003CBF01F5801130BD01F0004545F0FE410B
:1004D80041F470014FF0000030BD7FEA645C1ABF40
:1004E800194610467FEA655C1CBF0B46024650EA77
:1004F800013406BF52EA033591EA030F41F40021A3
:1005080030BD00BF90F0000F04BF0021704730B528
:100518004FF4806404F132044FF000054FF00001FD
:1005280050E700BF90F0000F04BF0021704730B5BE
:100538004FF4806404F1320410F0004548BF404293
:100548004FF000013EE700BF42004FEAE2014FEAE8
:1005580031014FEA02701FBF12F07F4393F07F4FC3
:1005680081F06051704732F07F4208BF704793F0C6
:100578007F4F04BF41F40021704730B54FF46074D9
:1005880001F0004521F000411CE700BF50EA0102DC
:1005980008BF704730B54FF000050AE050EA010285
:1005A80008BF704730B511F0004502D5404261EBF5
:1005B80041014FF4806404F132045FEA915C3FF436
:1005C800D8AE4FF003025FEADC0C18BF03325FEAD3
:1005D800DC0C18BF033202EBDC02C2F1200300FA84
:1005E80003FC20FA02F001FA03FE40EA0E0021FAA9
:1005F80002F11444BDE600BF70B54FF0FF0C4CF497
:10060800E06C1CEA11541DBF1CEA135594EA0C0F48
:1006180095EA0C0F00F0DEF82C4481EA030621EA83
:100628004C5123EA4C5350EA013518BF52EA0335BE
:1006380041F4801143F4801338D0A0FB02CE4FF070
:100648000005E1FB02E506F00042E0FB03E54FF0A0
:100658000006E1FB03569CF0000F18BF4EF0010E98
:10066800A4F1FF04B6F5007F64F5407404D25FEA94
:100678004E0E6D4146EB060642EAC62141EA555147
:100688004FEAC52040EA5E504FEACE2EB4F1FD0C89
:1006980088BFBCF5E06F1ED8BEF1004F08BF5FEA07
:1006A800500E50F1000041EB045170BD06F00046B9
:1006B80046EA010140EA020081EA0301B4EB5C0466
:1006C800C2BFD4EB0C0541EA045170BD41F480115E
:1006D8004FF0000E013C00F3AB8014F1360FDEBF83
:1006E800002001F0004170BDC4F10004203C35DA5F
:1006F8000C341BDC04F11404C4F1200500FA05F3E2
:1007080020FA04F001FA05F240EA020001F0004282
:1007180021F0004110EBD37021FA04F642EB0601F8
:100728005EEA430E08BF20EAD37070BDC4F10C0422
:10073800C4F1200500FA04F320FA05F001FA04F2E6
:1007480040EA020001F0004110EBD37041F10001D2
:100758005EEA430E08BF20EAD37070BDC4F12005DD
:1007680000FA05F24EEA020E20FA04F301FA05F245
:1007780043EA020321FA04F001F0004121FA04F2ED
:1007880020EA020000EBD3705EEA430E08BF20EABD
:10079800D37070BD94F0000F0FD101F000464000F7
:1007A80041EB010111F4801F08BF013CF7D041EA79
:1007B800060195F0000F18BF704703F0004652007D
:1007C80043EB030313F4801F08BF013DF7D043EA4E
:1007D8000603704794EA0C0F0CEA135518BF95EA04
:1007E8000C0F0CD050EA410618BF52EA4306D1D18B
:1007F80081EA030101F000414FF0000070BD50EAAA
:10080800410606BF1046194652EA430619D094EA33
:100818000C0F02D150EA013613D195EA0C0F05D11D
:1008280052EA03361CBF104619460AD181EA030171
:1008380001F0004141F0FE4141F470014FF0000029
:1008480070BD41F0FE4141F4780170BD70B54FF0C4
:10085800FF0C4CF4E06C1CEA11541DBF1CEA135544
:1008680094EA0C0F95EA0C0F00F0A7F8A4EB050426
:1008780081EA030E52EA03354FEA013100F088801D
:100888004FEA03334FF0805545EA131343EA1263E6
:100898004FEA022245EA111545EA10654FEA00269B
:1008A8000EF000419D4208BF964244F1FD0404F554
:1008B800407402D25B084FEA3202B61A65EB0305B0
:1008C8005B084FEA32024FF480104FF4002CB6EB6D
:1008D800020E75EB030E22BFB61A754640EA0C00ED
:1008E8005B084FEA3202B6EB020E75EB030E22BF2D
:1008F800B61A754640EA5C005B084FEA3202B6EB6E
:10090800020E75EB030E22BFB61A754640EA9C002C
:100918005B084FEA3202B6EB020E75EB030E22BFFC
:10092800B61A754640EADC0055EA060E18D04FEABA
:10093800051545EA16754FEA06164FEAC30343EA5A
:1009480052734FEAC2025FEA1C1CC0D111F4801F27
:100958000BD141EA00014FF000004FF0004CB6E720
:1009680011F4801F04BF01430020B4F1FD0C88BFBF
:10097800BCF5E06F3FF6AFAEB5EB030C04BFB6EBCA
:10098800020C5FEA500C50F1000041EB045170BDBD
:100998000EF0004E4EEA113114EB5C04C2BFD4EBEA
:1009A8000C0541EA045170BD41F480114FF0000E6E
:1009B800013C90E645EA060E8DE60CEA135594EAEA
:1009C8000C0F08BF95EA0C0F3FF43BAF94EA0C0FED
:1009D8000AD150EA01347FF434AF95EA0C0F7FF462
:1009E80025AF104619462CE795EA0C0F06D152EAB6
:1009F80003353FF4FDAE1046194622E750EA41069A
:100A080018BF52EA43067FF4C5AE50EA41047FF4AA
:100A18000DAF52EA43057FF4EBAE12E74FF0FF3C0F
:100A280006E000BF4FF0010C02E000BF4FF0010CE0
:100A38004DF804CD4FEA410C7FEA6C5C4FEA430C59
:100A480018BF7FEA6C5C1BD001B050EA410C0CBFA8
:100A580052EA430C91EA030F02BF90EA020F00200A
:100A6800704710F1000F91EA030F58BF994208BF71
:100A780090422CBFD8176FEAE37040F0010070472E
:100A88004FEA410C7FEA6C5C02D150EA013C07D185
:100A98004FEA430C7FEA6C5CD6D152EA033CD3D0D0
:100AA8005DF8040B704700BF8446104662468C46CA
:100AB8001946634600E000BF01B5FFF7B7FF0028FD
:100AC80048BF10F1000F01BD4DF808EDFFF7F4FF26
:100AD8000CBF012000205DF808FB00BF4DF808EDB1
:100AE800FFF7EAFF34BF012000205DF808FB00BFD4
:100AF8004DF808EDFFF7E0FF94BF012000205DF8F6
:100B080008FB00BF4DF808EDFFF7CEFF94BF0120AA
:100B180000205DF808FB00BF4DF808EDFFF7C4FFA3
:100B280034BF012000205DF808FB00BF4FEA410CEC
:100B38007FEA6C5C02D150EA013C0AD14FEA430CCF
:100B48007FEA6C5C02D152EA033C02D14FF000000C
:100B580070474FF0010070474FEA410212F500124A
:100B680015D211D56FF47873B3EB625212D94FEAEC
:100B7800C12343F0004343EA505311F0004F23FAD6
:100B880002F018BF404270474FF00000704750EA2B
:100B9800013005D111F0004008BF6FF000407047E8
:100BA8004FF00000704700BF53B94AB9002908BF89
:100BB80000281CBF4FF0FF314FF0FF3000F0B2B9F2
:100BC800ADF1080C6DE904CE00F006F8DDF804E09C
:100BD800DDE9022304B070472DE9F04F8C46099EE9
:100BE80004460F46002B48D18A4215465ED9B2FA10
:100BF80082F33BB1C3F120029F409D409C4020FA04
:100C080002F217434FEA154E1FFA85FC220CB7FB78
:100C1800FEF10EFB117701FB0CF042EA074290420D
:100C280007D9AA1801F1FF3702D2904200F2588181
:100C38003946121AA4B2B2FBFEF00EFB102200FBDA
:100C48000CFC44EA0244A4450BD92C1900F1FF32EC
:100C58002CBF01270027A44502D9002F00F04381AB
:100C6800104640EA0140A4EB0C0400211EB1DC4010
:100C78000023C6E90043BDE8F08F8B4206D90EB1C8
:100C8800C6E9000100210846BDE8F08FB3FA83F1F8
:100C9800002951D16345C0F01681824240F2138188
:100CA8000846002EE7D0C6E90047E4E7002A00F02E
:100CB800AF80B2FA82F3002B40F0C2808A1A4FEA62
:100CC800154EAFB20121200CB2FBFEFC0EFB1C221C
:100CD80040EA024207FB0CF090420ED9AA180CF128
:100CE800FF382CBF4FF001094FF00009904203D99B
:100CF800B9F1000F00F0F080C446121AA4B2B2FB9A
:100D0800FEF00EFB102200FB07F744EA0244A7425C
:100D18000ED92C1900F1FF322CBF4FF0010E4FF005
:100D2800000EA74203D9BEF1000F00F0D280104692
:100D3800E41B40EA0C4099E7C1F120058B400CFA0E
:100D480001F400FA01F922FA05F72CFA05FC8A40A9
:100D58001F4320FA05F3380C23431FFA87FE1C0CA7
:100D6800BCFBF0F800FB18CC44EA0C4408FB0EFC72
:100D7800A4450ED93C1908F1FF3A2CBF4FF0010BDE
:100D88004FF0000BA44503D9BBF1000F00F0B88069
:100D9800D046A4EB0C041FFA83FCB4FBF0F300FB71
:100DA800134403FB0EFE4CEA0444A6450ED93C1935
:100DB80003F1FF302CBF4FF0010C4FF0000CA6459B
:100DC80003D9BCF1000F00F09F80034643EA0840B6
:100DD800A4EB0E04A0FB02EC64457346E04602D384
:100DE80007D1F14505D2BEEB02036CEB070C0138C5
:100DF800E0465EB1B9EB030264EB080404FA05F5BA
:100E080022FA01F3CC401D43C6E90054002132E721
:100E180042082F464B08AC4642EAC172AE46C407A8
:100E2800110C92B241EA034142EA0142B1FBF5F1E9
:100E3800B3FBF5F01F23A2EB0C0241EA004142E7A5
:100E48009D40C3F1200299409C402CFA02FC4FEAD5
:100E5800154E20FA02F2AFB2BCFBFEF80A430EFBB5
:100E680018CC110C41EA0C4108FB07FC8C4550D901
:100E7800691808F1FF302CBF4FF001094FF0000945
:100E88008C4502D9B9F1000F30D0A1EB0C01B1FBB0
:100E9800FEF808FB07FC0EFB181192B242EA014269
:100EA800624534D2AA1808F1FF312CBF4FF001096E
:100EB8004FF000096245BED2B9F1000FBBD1A8F1CD
:100EC80002012A44B7E7841A6CEB03020120174693
:100ED800E7E62C4402382BE7ACF1020C2A440CE775
:100EE80002392A44A5E62C440238BAE6A5EB0C0CD4
:100EF800A8F102006144B1FBFEF808FB07FCCAE751
:100F0800A8F102083C4444E7023B3C445EE7414602
:100F180091E7A1EB0C014046B1FBFEF808FB07FC8A
:100F2800B9E700BF704700BFDFF834D002F0A6FB76
:100F3800002103E00B4B5B58435004310A480B4B2C
:100F480042189A42F6D30A4A02E0002342F8043BC8
:100F5800084B9A42F9D30BF025FF00F02DFCFEE771
:100F680000000C208C77020800000020300C0020C4
:100F7800300C0020D61F0020FEE7000080B582B0AC
:100F880000AF374B374A1A60354B374A5A60344BF3
:100F9800364A9A60324B364ADA6000F03CF90A2049
:100FA80000F02EF933492E4801F06FFF314B1B78C2
:100FB8006B2B07D02F4B1B7819462F480BF044FD9D
:100FC80000BFFDE70121264801F070FF2B492448A6
:100FD80001F092FF294B1B78002BF7D10121204803
:100FE80001F0E1FE01211E4801F09CFD03211C488F
:100FF80001F092FA03211A4801F024FC0221184852
:1010080001F064FA0821164801F0F6FB01211448A2
:1010180001F015FF0021124802F0F2F900211048F2
:1010280002F014FA3B4619460D4802F091F93B7854
:1010380043F001033B703B7843F002033B703B46AF
:101048001946074801F0D4FF0421054801F098FF2C
:101058000121034801F06EFF00BF0837BD4680BD7F
:101068007C0C0020B1110008DD11000809120008ED
:10107800900C0020780C0020C0EB0008790C0020B0
:1010880080B582B000AFFB1D1946404801F070FDE5
:10109800FB79002B29D0062200213D480BF01AFECF
:1010A8003B493A4801F032FE394BB3F90030184653
:1010B80001F0C0F9F0EE407A364BC3ED007A344BBC
:1010C800B3F90230184601F0B5F9F0EE407A314B29
:1010D800C3ED017A2E4BB3F90430184601F0AAF992
:1010E800F0EE407A2B4BC3ED027AFB1D19462748D8
:1010F80001F05CFDFB79002B29D00622002126484F
:101108000BF0E8FD2449214801F0B3FD224BB3F967
:101118000030184601F0A6F9F0EE407A1F4BC3EDF7
:10112800007A1D4BB3F90230184601F09BF9F0EE36
:10113800407A1A4BC3ED017A174BB3F904301846BD
:1011480001F090F9F0EE407A144BC3ED027AFB1DE2
:1011580019460E4801F048FDFB79002B11D0104BC1
:1011680000221A800E49094801F05CFD0C4BB3F9C6
:101178000030184601F08EF9F0EE407A094BC3EDC5
:10118800007A00BF0837BD4680BD00BF7C0C002038
:101198004C0C00205C0C0020540C0020680C002033
:1011A8005A0C0020740C002080B584B000AFF860A1
:1011B8007A601A460B46FB7213463B81FB7A99B25A
:1011C8003B897A68D72000F087F80346184610371D
:1011D800BD4680BD80B584B000AFF8607A601A461D
:1011E8000B46FB7213463B81FB7A99B23B897A68BE
:1011F800D72000F0A3F8034618461037BD4680BD37
:1012080080B582B000AF7860786802F035FB00BF27
:101218000837BD4680BD80B400AF00BFBD465DF84D
:10122800047B704780B582B000AF00237B60194B08
:10123800194A1A60194B1B685A1C18490A60002B76
:1012480022D1144803F0E6FA0346002B1CD11148BA
:1012580000F0EAF87B68002B16D10E4800F0A0F8E1
:101268000346002B03D06FF007037B600CE00021DE
:10127800084803F0ABFD0346002B03D06FF00703CB
:101288007B6001E000237B607B6818460837BD4619
:1012980080BD00BF900C002000580040E40C0020E6
:1012A80080B584B000AF03463960FB800023FB6043
:1012B800F9884FF480533A68064803F0B7F90346B3
:1012C800002B02D06FF00203FB60FB681846103752
:1012D800BD4680BD900C002080B58AB004AFBA60CE
:1012E8001A460346FB810B46BB811346FB8000234D
:1012F8007B61BA89F9894FF480530293FB88019383
:10130800BB68009301230C4802F062FF0346002BE0
:101318000CD0094803F08CFA0346042B03D16FF074
:1013280065037B6102E06FF003037B617B6918460C
:101338001837BD4680BD00BF900C002080B58AB02C
:1013480004AFBA601A460346FB810B46BB811346BD
:10135800FB8000237B61BA89F9894FF4805302939B
:10136800FB880193BB68009301230C4803F044F801
:101378000346002B0CD0094803F05AFA0346042B05
:1013880003D16FF065037B6102E06FF003037B61BB
:101398007B6918461837BD4680BD00BF900C0020F9
:1013A80080B584B000AF78600023FB737B681C4A6B
:1013B8001A607B681B4A5A607B6800229A607B68C7
:1013C8000122DA607B6800221A617B6800225A6178
:1013D8007B6800229A617B680022DA617B680022C0
:1013E8001A62786802F04EFE0346002B01D00123F2
:1013F800FB730021786803F0E9FC0346002B01D059
:101408000123FB730021786803F02BFD0346002BB2
:1014180001D00123FB73FB7B18461037BD4680BD06
:1014280000580040EC9D903080B5BCB000AF7860AB
:1014380007F11003C822002118460BF04BFC4FF0AF
:1014480080024FF00003C7E904230023FB6707F17C
:101458001003184605F00AF9254BD3F88C30244AB6
:1014680043F08003C2F88C30214BD3F88C3003F062
:101478008003FB60FB681023C7F8DC301223C7F831
:10148800E0300023C7F8E4300023C7F8E83004232D
:10149800C7F8EC3007F1DC031946164802F0A4FB44
:1014A8002023C7F8DC301223C7F8E0300023C7F840
:1014B800E4300023C7F8E8300423C7F8EC3007F11C
:1014C800DC0319460B4802F08FFB094BD3F89C301C
:1014D800074A43F48003C2F89C30054BD3F89C308C
:1014E80003F48003BB60BB6800BFF037BD4680BD16
:1014F800000C0246001C024280B58AB000AF07F11A
:10150800140300221A605A609A60DA601A613E4B2E
:10151800D3F88C303C4A43F00403C2F88C303A4B81
:10152800D3F88C3003F004033B613B69364BD3F8A6
:101538008C30354A43F08003C2F88C30324BD3F8F4
:101548008C3003F08003FB60FB682F4BD3F88C30A2
:101558002D4A43F00103C2F88C302B4BD3F88C3062
:1015680003F00103BB60BB68274BD3F88C30264AD5
:1015780043F01003C2F88C30234BD3F88C3003F0BF
:1015880010037B607B680122C021204802F00CFD1B
:101598004FF400537B611E4BBB610023FB6107F1D5
:1015A800140319461B4802F01FFBC0237B6101236B
:1015B800BB610023FB6100233B6207F1140319465A
:1015C800124802F011FB4FF400637B61104BBB61C2
:1015D8000023FB6107F1140319460F4802F004FBCE
:1015E80000220021162002F023FA162002F03AFA0F
:1015F80000220021182002F01BFA182002F032FA0B
:1016080000BF2837BD4680BD000C0246001C0242C0
:1016180000001110000802420010024280B500AF1D
:10162800002003F06BFC0346002B01D000F048FAC1
:1016380003F084FC0346002B01D000F041FA00BF00
:1016480080BD000080B584B000AFF860B9607A60F2
:101658007B689AB24FF0FF33B968044807F036FD4B
:101668007B6818461037BD4680BD00BFF41D0020BA
:1016780080B582B000AF174B3B603B46002219464D
:10168800154800F0ABFB03467B603B79002B0AD082
:101698003B7919467B68C3F317231A460F480BF0AA
:1016A800D3F900F00DFA0C4B1B680021184600F026
:1016B80013FC03460A4A1360074B1B6800211846AF
:1016C80000F024FC0346074A136000BF0837BD46F4
:1016D80080BD00BF700F0020F00C0020F4EB000864
:1016E800301D0020341D002080B584B000AF786024
:1016F8003960154B1B687A685A60144B1B683A6846
:101708005A60134B1B68104A1168104A1268184631
:1017180000F052FCF860FB68012B11D00C4B1B68E1
:10172800184600F039FB0346BB603B7A1946BB6894
:10173800C3F317231A4607480BF086F900F0C0F9DF
:1017480000BF1037BD4680BD301D0020341D00206D
:10175800F00C002020EC000880B487B000AF78605F
:1017680039607B681B687B6100233B610123FB6058
:1017780017E0FB689B007A681344D3ED007A97ED75
:10178800057AB4EEE77AF1EE10FA07D5FB689B000C
:101798007A6813441B687B61FB683B61FB68013313
:1017A800FB60FA683B689A42E3D33B6918461C37EA
:1017B800BD465DF8047B70472DE9F04F93B00AAF42
:1017C80001F094FF00F070F900F012F9FFF794FEB1
:1017D800FFF724FF00F03EFDFFF724FD0A21D72084
:1017E800FFF75EFDFFF7CAFBFFF742FF0023FB612F
:1017F800714B1B68002BFBD06F4B00221A60FFF760
:101808003FFC6E4B1B68002B00F0908000224021AB
:101818006B4802F0C9FB6B4B93ED007ADFED6A6A07
:10182800C7EE267A694AFB699B001344C3ED007A28
:10183800644B93ED017AFB690133DFED636AC7EE10
:10184800267A624A9B001344C3ED007A5D4B93ED00
:10185800027AFB690233DFED5C6AC7EE267A5B4ADF
:101868009B001344C3ED007A594B93ED007AFB6952
:101878000333DFED586AC7EE267A544A9B001344B7
:10188800C3ED007A524B93ED017AFB690433DFED27
:10189800516AC7EE267A4D4A9B001344C3ED007A7D
:1018A8004B4B93ED027AFB690533DFED4A6AC7EECD
:1018B800267A464A9B001344C3ED007AFB69063337
:1018C800FB61FB699C2B93D10023FB6142480BF021
:1018D80023F942493D48FFF707FF0023BB610FE0AA
:1018E8003E4ABB699B0013441B681846FEF72CFE52
:1018F80002460B463A480BF0A7F8BB690133BB61B7
:10190800BB69022BECD903213448FFF725FF786126
:101918007969344A7B6952F823301A4632480BF009
:1019280093F88021264802F057FB61E701F098FF01
:101938000646244B1B681846FEF706FEC7E9020157
:10194800204B5B681846FEF7FFFD04460D461D4B0D
:101958009B681846FEF7F8FD804689461C4B1B68B5
:101968001846FEF7F1FD82468B46194B5B68184610
:10197800FEF7EAFDC7E90001154B9B681846FEF71C
:10198800E3FD02460B46CDE9082397ED007B8DED7C
:10199800067BCDE904ABCDE90289CDE90045D7E95D
:1019A8000223314611480BF04FF801224021044828
:1019B80002F0FAFA1CE700BFE80C0020EC0C00204B
:1019C800001C02425C0C002000007A45F40C002048
:1019D800680C0020002474494CEC0008640F0020B7
:1019E80060EC00080000002068EC000874EC0008B7
:1019F80080B59EB000AF07F1180360220021184699
:101A08000BF068F93B4600221A605A609A60DA6067
:101A18001A615A614FF4403003F0A0FA0346002BD4
:101A280001D000F04DF81023BB6101237B63102324
:101A3800BB634FF08043FB6302233B6501237B6557
:101A48000023FB650123BB6550233B6602237B66AD
:101A58000223BB660223FB6600233B6700237B67E8
:101A680007F11803184603F055FB0346002B01D075
:101A780000F026F81F233B6003237B600023BB6034
:101A88000023FB6000233B6100237B613B4604216C
:101A9800184604F01BFA0346002B01D000F010F89A
:101AA80000BF7837BD4680BD80B500AF022003F087
:101AB800E1FA0346002B01D000F002F800BF80BD18
:101AC80080B400AF72B600BF00BFFDE780B582B03A
:101AD80000AF786039603A680121424808F0FCF8A4
:101AE8000346002B73D03F4B1B6803F6E8233E4A9E
:101AF80093603C4B1B6803F6E8233B4AD360394BA1
:101B08001B6803F65853394A9360364B1B6803F633
:101B18005853364AD360334B1B684033344A93607A
:101B2800304B1B684033324AD3602E4B1B6840331E
:101B3800304A93602B4B1B6840332E4AD360294BA5
:101B48001B6803F544632C4A9360264B1B6803F516
:101B58004463294AD360234B1B68284A9360214B6E
:101B68001B68264AD3601F4B1B6803F5B063244AE1
:101B780093601C4B1B6803F5B063214AD360194B73
:101B88001B68204A9360174B1B681E4AD360154B8D
:101B98001B6803F580731C4A9360124B1B6803F59E
:101BA8008073194AD3600F4B1B68184A93600D4B1A
:101BB8001B68164AD3600B4B1B680C33144A93609E
:101BC800084B1B680C33124AD360012305E013222B
:101BD8003021786808F000F9002318460837BD4618
:101BE80080BD00BF381D00200C0000201C01002013
:101BF8001C0000202C0000202C0100203C000020AC
:101C08004C0000205C0000206C0000207C000020BC
:101C18008C00002080B582B000AF786039603A68E7
:101C28000121544808F008F80346002B00F098807A
:101C3800514B1B6843F080434F4A13604D4B1B6860
:101C48004D4A93604B4B1B684B4AD3604B4B1B6808
:101C580043F08043494A1360464B1B6803F5106301
:101C6800464A9360434B1B6803F51063434AD360AD
:101C7800434B1B6843F08043414A13603D4B1B684C
:101C880003F518633E4A93603A4B1B6803F51863E3
:101C98003B4AD3603B4B1B6843F08043394A13608F
:101CA800344B1B6803F50653364A9360314B1B6867
:101CB80003F50653334AD360334B1B6843F0804324
:101CC800314A13602B4B1B6803F507532E4A936068
:101CD800284B1B6803F507532B4AD3602B4B1B6813
:101CE80043F08043294A1360224B1B6803F5C03335
:101CF80003F5E073254A93601E4B1B6803F5C03358
:101D080003F5E073214AD360214B1B6843F08043FD
:101D18001F4A1360174B1B6803F5C133C0331C4AB5
:101D28009360144B1B6803F5C133C033184AD36062
:101D3800184B1B6843F08043164A13600D4B1B6811
:101D480003F5C23303F5E073124A9360094B1B682D
:101D580003F5C23303F5E0730E4AD360012305E0AF
:101D680012223021786808F037F80023184608371F
:101D7800BD4680BD3C1D00209C000020AC0000201A
:101D8800BC000020CC000020DC000020EC0000207B
:101D9800FC0000200C01002080B582B000AF786004
:101DA800786808F00DF8034618460837BD4680BD28
:101DB80080B584B002AF78603960002301930523B1
:101DC80000930123044A3968786808F0F3F8034659
:101DD80018460837BD4680BDB809002080B594B0C4
:101DE80000AFF860B9607A600021F868FFF7E0FF9B
:101DF8000346BB6497F84830002B01D0BB6C67E002
:101E080007F11003184600F0E7F8034683F00103D2
:101E1800DBB2002B08D0FB681B681846FFF7BCFF35
:101E28000346BB64BB6C53E00023A7F84E3012E0B6
:101E3800B7F84E10B7F84E309B00BA6813441A68CA
:101E480007F110030C33184607F0E8FEB7F84E30D8
:101E58000133A7F84E30BB68002B04D0FB8BB7F8D2
:101E68004E209A42E4D30023A7F84C3012E0B7F88A
:101E78004C10B7F84C309B007A6813441A6807F185
:101E880010030433184607F0C9FEB7F84C30013385
:101E9800A7F84C307B68002B04D0FB8AB7F84C209D
:101EA8009A42E4D3FB681B6807F1100211461846F2
:101EB80000F046F8034683F00103DBB2002B06D09E
:101EC800FB681B681846FFF767FF0346BB64BB6CDB
:101ED80018465037BD4680BD80B582B000AF7860E7
:101EE80039607B68002B04D1064B7B607B68064A0F
:101EF8001A603968786807F075FF0346184608378E
:101F0800BD4680BDB80900200001C0A180B582B0DF
:101F180000AF786039607B68002B04D1064B7B608A
:101F28007B68064A1A603968786807F0D1FF03466B
:101F380018460837BD4680BDB80900200001C0A179
:101F480080B584B000AF786039603968786808F087
:101F580073F8F8600123FB72FB68002B01D10023A2
:101F680026E03968F868FFF755FE03461A46FB7AFB
:101F78001340002B14BF01230023FB723968F86853
:101F8800FFF7A4FD03461A46FB7A1340002B14BF43
:101F980001230023FB72786808F0E6F803461A4626
:101FA800FB7A1340002B14BF01230023FB72FB7A3A
:101FB80018461037BD4680BD80B584B000AFF860C4
:101FC800B9607A607A68B968F86808F0F9F8034681
:101FD80018461037BD4680BD80B586B000AF786022
:101FE8007B68002B01D1002316E00D4A07F110038E
:101FF80092E8030083E803000A4A07F1080392E81D
:10200800030083E8030007F1100207F108031946EB
:10201800786807F0B3FE034618461837BD4680BDFA
:10202800B8EC0008C0EC000880B483B000AF0A4BDD
:10203800D3F89430084A43F00403C2F89430064BAE
:10204800D3F8943003F004037B607B6800BF0C373F
:10205800BD465DF8047B7047000C024680B400AFB3
:1020680000BFFDE780B400AF00BFFDE780B400AF5C
:1020780000BFFDE780B400AF00BFFDE780B400AF4C
:1020880000BFFDE780B400AF00BFBD465DF8047B2C
:10209800704780B400AF00BFBD465DF8047B704751
:1020A80080B400AF00BFBD465DF8047B704780B5C3
:1020B80000AF01F0C1FB00BF80BD000080B500AFDC
:1020C8004FF4006001F0A2FF024B01221A6000BF2A
:1020D80080BD00BFE80C002080B500AF4FF4005071
:1020E80001F094FF054B1B68002B0CBF0123002354
:1020F800DBB21A46014B1A6000BF80BDEC0C002011
:1021080080B400AF01231846BD465DF8047B7047D4
:1021180080B582B000AF786039600AF03DFE0346B2
:1021280016221A604FF0FF3318460837BD4680BDA7
:1021380080B582B000AF78604FF0FF317868FFF764
:10214800E7FF00BFFDE780B586B000AFF860B96073
:102158007A6000237B610AE0AFF300800146BB6828
:102168005A1CBA60CAB21A707B6901337B617A69FA
:102178007B689A42F0DB7B6818461837BD4680BDFD
:1021880080B483B000AF78604FF0FF3318460C3747
:10219800BD465DF8047B704780B483B000AF7860BB
:1021A80039603B684FF400525A60002318460C37D8
:1021B800BD465DF8047B704780B483B000AF78609B
:1021C800012318460C37BD465DF8047B704780B480
:1021D80085B000AFF860B9607A60002318461437FC
:1021E800BD465DF8047B704780B586B000AF786067
:1021F800144A154BD31A7B617B693B61134B1B68EF
:10220800002B02D1114B124A1A60104B1A687B68D6
:1022180013443A699A4207D20AF0BEFD03460C22DB
:102228001A604FF0FF3309E0084B1B68FB60074B4F
:102238001A687B681344054A1360FB681846183708
:10224800BD4680BD00000C2000400000F01D0020AD
:10225800D81F002080B500AF224B234A1A60214BBB
:102268004FF4E1325A601F4B00229A601D4B002246
:10227800DA601C4B00221A611A4B0C225A61194B66
:1022880000229A61174B0022DA61164B00221A626B
:10229800144B00225A62134B00229A62114806F02E
:1022A800C5FE0346002B01D0FFF70AFC00210D48AC
:1022B80007F0AEFB0346002B01D0FFF701FC00211D
:1022C800084807F0E3FB0346002B01D0FFF7F8FBB3
:1022D800044807F064FB0346002B01D0FFF7F0FB2E
:1022E80000BF80BDF41D00200038014080B5BCB09F
:1022F80000AF786007F1DC0300221A605A609A6028
:10230800DA601A6107F11003C822002118460AF0A2
:10231800E1FC7B681B68264A934245D14FF00102D5
:102328004FF00003C7E9042300233B6607F11003BD
:10233800184604F09BF90346002B01D0FFF7C0FBB9
:102348001C4BD3F8A4301B4A43F48043C2F8A43092
:10235800184BD3F8A43003F48043FB60FB68154B9B
:10236800D3F88C30134A43F00103C2F88C30114B78
:10237800D3F88C3003F00103BB60BB684FF4C06333
:10238800C7F8DC300223C7F8E0300023C7F8E43090
:102398000023C7F8E8300723C7F8EC3007F1DC035F
:1023A8001946054801F020FC00BFF037BD4680BD46
:1023B80000380140000C02460000024290B587B088
:1023C80000AFF8607A601A460B46FB7213463B81F1
:1023D800FB68002B02D14FF0FF3309E0FB685C6813
:1023E800FB68D8683B89F97A7A68A04778617B6985
:1023F80018461C37BD4690BD90B587B000AFF86051
:102408007A601A460B46FB7213463B81FB68002B29
:1024180002D14FF0FF3309E0FB681C68FB68D868FD
:102428003B89F97A7A68A04778617B6918461C3736
:10243800BD4690BD80B483B000AF0346FB80B7F9BA
:10244800063007EE903AF8EEE77A9FED057A67EEE8
:10245800877AB0EE670A0C37BD465DF8047B704793
:1024680023DBF93D80B483B000AF0346FB80B7F9A6
:10247800063007EE903AF8EEE77A9FED057A67EEB8
:10248800877AB0EE670A0C37BD465DF8047B704763
:1024980000000C4280B483B000AF0346FB80B7F95C
:1024A800063007EE903AB8EEE77ADFED076AC7EE36
:1024B800267AB3EE097A77EE877AB0EE670A0C3798
:1024C800BD465DF8047B70470000804380B584B04A
:1024D80000AF78600B46FB7007F10802012310215A
:1024E8007868FFF76BFFF860FB68002B0FD1FB786B
:1024F80003F00303DAB23B7A62F383033B7207F11A
:102508000802012310217868FFF776FFF860FB685E
:1025180018461037BD4680BD80B586B000AF7860DC
:102528000B46FB70FB78FB7507F10C0319467868BE
:1025380000F0B2FF38613B69002B40F0C4803B7B60
:10254800C3F30003DAB23B7BC3F34003DBB21343AC
:10255800DAB23B7BC3F38003DBB21343DAB23B7BD3
:10256800C3F3C003DBB21343DAB23B7BC3F30013FC
:10257800DBB21343DAB23B7BC3F34013DBB2134342
:10258800DAB23B7BC3F38013DBB21343DAB23B7B93
:10259800C3F3C013DBB21343DAB27B7BC3F300038C
:1025A800DBB21343DAB27B7BC3F34003DBB21343E2
:1025B800DAB27B7BC3F38003DBB21343DAB27B7BF3
:1025C800C3F3C003DBB21343DAB27B7BC3F300135C
:1025D800DBB21343DAB27B7BC3F34013DBB21343A2
:1025E800DAB27B7BC3F38013DBB21343DAB27B7BB3
:1025F800C3F3C013DBB21343DBB2012B63D107F182
:102608000B031946786800F073FF38613B69002BAB
:1026180059D1FB7A032B53D801A252F823F000BFFB
:10262800392600084B26000869260008932600086A
:10263800FB78002B02D10123FB7544E0FB78FB7586
:1026480041E0FB78002B02D10223FB753BE0FB78CD
:10265800012B02D10223FB7535E0FB78FB7532E0D4
:10266800FB78002B02D10323FB752CE0FB78012BB0
:1026780002D10323FB7526E0FB78022B02D103234A
:10268800FB7520E0FB78FB751DE0FB78002B02D181
:102698000423FB7517E0FB78012B02D10423FB759B
:1026A80011E0FB78022B02D10423FB750BE0FB78C9
:1026B800032B02D10423FB7505E0FB78FB7502E0D0
:1026C800FB78FB7500BF0023BB723B69002B70D100
:1026D80007F10A031946786800F058FF3861BB7A99
:1026E800012B66D107F109031946786800F07AFFD3
:1026F80002463B6913443B613B69002B59D17B7A05
:10270800032B53D801A252F823F000BF2527000855
:1027180037270008552700087F270008FB78002B7B
:1027280002D10123FB7544E0FB78FB7541E0FB789F
:10273800002B02D10223FB753BE0FB78012B02D171
:102748000223FB7535E0FB78FB7532E0FB78002B44
:1027580002D10323FB752CE0FB78012B02D1032364
:10276800FB7526E0FB78022B02D10323FB7520E0E2
:10277800FB78FB751DE0FB78002B02D10423FB7569
:1027880017E0FB78012B02D10423FB7511E0FB78DD
:10279800022B02D10423FB750BE0FB78032B02D13B
:1027A8000423FB7505E0FB78FB7502E0FB78FB75FD
:1027B80000BF3B69002B07D107F108020123102154
:1027C8007868FFF7FBFD38613B69002B0FD1FB7D73
:1027D80003F00F03DAB23B7A62F307133B7207F197
:1027E8000802012310217868FFF706FE38613B696B
:1027F80018461837BD4680BD80B584B000AF7860F4
:102808000B46FB7007F10802012311217868FFF7D6
:10281800D5FDF860FB68002B0FD1FB7803F00F03A0
:10282800DAB23B7A62F303033B7207F10802012331
:1028380011217868FFF7E0FDF860FB68184610374B
:10284800BD4680BD80B586B000AF78600B46FB7092
:10285800FB78FB7507F10C031946786800F01CFE3D
:1028680038613B69002B40F0C4803B7BC3F3000315
:10287800DAB23B7BC3F34003DBB21343DAB23B7BF0
:10288800C3F38003DBB21343DAB23B7BC3F3C00369
:10289800DBB21343DAB23B7BC3F30013DBB213435F
:1028A800DAB23B7BC3F34013DBB21343DAB23B7BB0
:1028B800C3F38013DBB21343DAB23B7BC3F3C01319
:1028C800DBB21343DAB27B7BC3F30003DBB21343FF
:1028D800DAB27B7BC3F34003DBB21343DAB27B7B10
:1028E800C3F38003DBB21343DAB27B7BC3F3C003C9
:1028F800DBB21343DAB27B7BC3F30013DBB21343BF
:10290800DAB27B7BC3F34013DBB21343DAB27B7BCF
:10291800C3F38013DBB21343DAB27B7BC3F3C01378
:10292800DBB21343DBB2012B63D107F10B0319466A
:10293800786800F0DDFD38613B69002B59D1FB7ADE
:10294800032B53D801A252F823F000BF65290008D1
:102958007729000895290008BF290008FB78002B73
:1029680002D10123FB7544E0FB78FB7541E0FB785D
:10297800002B02D10223FB753BE0FB78012B02D12F
:102988000223FB7535E0FB78FB7532E0FB78002B02
:1029980002D10323FB752CE0FB78012B02D1032322
:1029A800FB7526E0FB78022B02D10323FB7520E0A0
:1029B800FB78FB751DE0FB78002B02D10423FB7527
:1029C80017E0FB78012B02D10423FB7511E0FB789B
:1029D800022B02D10423FB750BE0FB78032B02D1F9
:1029E8000423FB7505E0FB78FB7502E0FB78FB75BB
:1029F80000BF0023BB723B69002B70D107F10A03AB
:102A08001946786800F0C2FD3861BB7A012B66D19F
:102A180007F109031946786800F0E4FD02463B69AE
:102A280013443B613B69002B59D17B7A032B53D864
:102A380001A252F823F000BF512A0008632A0008B7
:102A4800812A0008AB2A0008FB78002B02D1012359
:102A5800FB7544E0FB78FB7541E0FB78002B02D165
:102A68000223FB753BE0FB78012B02D10223FB75A7
:102A780035E0FB78FB7532E0FB78002B02D10323AD
:102A8800FB752CE0FB78012B02D10323FB7526E0B4
:102A9800FB78022B02D10323FB7520E0FB78FB7542
:102AA8001DE0FB78002B02D10423FB7517E0FB78AF
:102AB800012B02D10423FB7511E0FB78022B02D114
:102AC8000423FB750BE0FB78032B02D10423FB7571
:102AD80005E0FB78FB7502E0FB78FB7500BF3B69FE
:102AE800002B07D107F10802012311217868FFF7AD
:102AF80065FC38613B69002B0FD1FB7D03F00F03A8
:102B0800DAB23B7A62F307133B7207F1080201233A
:102B180011217868FFF770FC38613B69184618374F
:102B2800BD4680BD80B584B000AF78600B46FB70B1
:102B380007F10802012312217868FFF73FFCF860CB
:102B4800FB68002B0FD1FB7803F00103DAB23B7A64
:102B580062F386133B7207F1080201231221786899
:102B6800FFF74AFCF860FB6818461037BD4680BD81
:102B780080B584B000AF7860396007F1080201239E
:102B88001E217868FFF71AFCF860FB68002B01D05B
:102B9800FB6807E03B7AC3F30003DBB21A463B68E5
:102BA8001A70FB6818461037BD4680BD80B584B0E2
:102BB80000AF7860396007F1080201231E217868A8
:102BC800FFF7FCFBF860FB68002B01D0FB6807E00F
:102BD8003B7AC3F34003DBB21A463B681A70FB68C2
:102BE80018461037BD4680BD80B584B000AF786008
:102BF800396007F1080201231E217868FFF7DEFB20
:102C0800F860FB68002B01D0FB6807E03B7AC3F350
:102C18008003DBB21A463B681A70FB681846103707
:102C2800BD4680BD80B584B000AF7860396007F1DB
:102C38000802022320217868FFF7C0FBF860FB68D0
:102C4800002B01D0FB6810E07B7A1AB23B681A802F
:102C58003B68B3F900309BB21B029BB23A7A13442B
:102C68009BB21AB23B681A80FB6818461037BD46FB
:102C780080BD80B586B000AF7860396007F10C027E
:102C8800062322217868FFF799FB78617B69002B7E
:102C980001D07B6936E07B7B1AB23B681A803B68BF
:102CA800B3F900309BB21B029BB23A7B13449BB230
:102CB8001AB23B681A80FA7B3B68023312B21A8058
:102CC8003B680233B3F900309BB21B029BB2BA7B5C
:102CD80013449AB23B68023312B21A807A7C3B687A
:102CE800043312B21A803B680433B3F900309BB244
:102CF8001B029BB23A7C13449AB23B68043312B26B
:102D08001A807B6918461837BD4680BD80B586B0E5
:102D180000AF7860396007F10C0206232821786833
:102D2800FFF74CFB78617B69002B01D07B6936E0AB
:102D38007B7B1AB23B681A803B68B3F900309BB2C0
:102D48001B029BB23A7B13449BB21AB23B681A80AF
:102D5800FA7B3B68023312B21A803B680233B3F93C
:102D680000309BB21B029BB2BA7B13449AB23B68F9
:102D7800023312B21A807A7C3B68043312B21A808A
:102D88003B680433B3F900309BB21B029BB23A7C18
:102D980013449AB23B68043312B21A807B6918460E
:102DA8001837BD4680BD80B584B000AF78600B464B
:102DB800FB7007F10802012318217868FFF7FEFA73
:102DC800F860FB68002B0FD1FB7803F00103DAB23F
:102DD8003B7A62F341033B7207F108020123182191
:102DE8007868FFF709FBF860FB6818461037BD469E
:102DF80080BD80B584B000AF78600B46FB7007F1EA
:102E08000802012301217868FFF7D8FAF860FB6807
:102E1800002B0FD1FB7803F00303DAB23B7A62F39D
:102E280087133B7207F10802012301217868FFF735
:102E3800E3FAF860FB6818461037BD4680BD80B5D8
:102E480084B000AF78600B46FB7007F108020123DD
:102E58000B217868FFF7B2FAF860FB68002B0FD1F6
:102E6800FB7803F00103DAB23B7A62F3C7133B72D3
:102E780007F1080201230B217868FFF7BDFAF86013
:102E8800FB6818461037BD4680BD80B584B000AFDA
:102E98007860396001233A680F217868FFF78EFA65
:102EA800F860FB6818461037BD4680BD80B584B011
:102EB80000AF78600B46FB7007F10802012312216E
:102EC8007868FFF77BFAF860FB68002B0FD1FB7876
:102ED80003F00103DAB23B7A62F300033B7207F1B5
:102EE8000802012312217868FFF786FAF860FB6868
:102EF80018461037BD4680BD80B584B000AF7860F5
:102F0800396007F10802012312217868FFF756FAA1
:102F1800F860FB68002B01D0FB6807E03B7AC3F33D
:102F28000003DBB21A463B681A70FB681846103774
:102F3800BD4680BD80B584B000AF78600B46FB709D
:102F480007F10802012310217868FFF737FAF860C3
:102F5800FB68002B0FD1FB7803F00103DAB23B7A50
:102F680062F341033B7207F10802012310217868DC
:102F7800FFF742FAF860FB6818461037BD4680BD77
:102F880080B584B000AF78600B46FB7007F108028B
:102F9800012317217868FFF711FAF860FB68002B06
:102FA80021D1FB781B0903F00103DAB23B7A62F303
:102FB80082033B72FB785B0903F00103DAB23B7AC8
:102FC80062F304133B72FB7803F00703DAB23B7A2F
:102FD80062F347133B7207F108020123172178684F
:102FE800FFF70AFAF860FB6818461037BD4680BD3F
:102FF80080B584B000AF7860396002217868FFF747
:10300800F8FEF860FB68002B07D13B685A1D0123C6
:103018000D217868FFF7F0F9F860FB68002B07D1FD
:103028003B689A1C01230A217868FFF7E5F9F860E4
:10303800FB68002B07D13B68DA1C01230B21786859
:10304800FFF7DAF9F860FB68002B07D13B681A1D17
:1030580001230C217868FFF7CFF9F8600021786820
:10306800FFF7C7FE0246FB681344FB60FB68002BB2
:1030780040F0D6803B689B78C3F3C013DAB23B6854
:103088009B78C3F34013DBB21343DAB23B689B78F7
:10309800C3F3C003DBB21343DAB23B689B78C3F3D4
:1030A8000013DBB21343DAB23B68DB78C3F30003E7
:1030B800DBB21343DAB23B68DB78C3F34003DBB21D
:1030C8001343DAB23B68DB78C3F38003DBB2134304
:1030D800DAB23B68DB78C3F3C003DBB21343DAB27E
:1030E8003B68DB78C3F30013DBB21343DAB23B6807
:1030F800DB78C3F34013DBB21343DAB23B68DB7807
:10310800C3F38013DBB21343DAB23B68DB78C3F353
:10311800C013DBB21343DAB23B681B79C3F3000375
:10312800DBB21343DAB23B681B79C3F34003DBB26B
:103138001343DAB23B681B79C3F38003DBB2134352
:10314800DAB23B681B79C3F3C003DBB21343DAB2CC
:103158003B681B79C3F30013DBB21343DAB23B6855
:103168001B79C3F34013DBB21343DAB23B681B7914
:10317800C3F38013DBB21343DAB23B681B79C3F3A2
:10318800C013DBB21343DAB23B685B79C3F30003C5
:10319800DBB21343DAB23B685B79C3F34003DBB2BB
:1031A8001343DAB23B685B79C3F38003DBB21343A2
:1031B800DAB23B685B79C3F3C003DBB21343DAB21C
:1031C8003B685B79C3F30013DBB21343DAB23B68A5
:1031D8005B79C3F34013DBB21343DAB23B685B7924
:1031E800C3F38013DBB21343DAB23B685B79C3F3F2
:1031F800C013DBB21343DBB2002B05D03A68537817
:1032080043F00203537004E03A68537823F0020352
:1032180053703A6801230D217868FFF7EDF8F860DC
:10322800FB68002B07D13B685A1C01235E21786894
:10323800FFF7E2F8F860FB68002B79D107F1080284
:10324800012358217868FFF7B9F8F8603B681B78C4
:10325800C3F3C013DAB23B681B78C3F38003DBB255
:103268001343DAB23B681B78C3F38013DBB2134312
:10327800DAB23B681B78C3F34003DBB21343DAB21C
:103288003B681B78C3F30003DBB21343DAB23B6835
:103298001B78C3F34013DBB21343DAB23B681B78E5
:1032A800C3F30013DBB21343DAB23B681B78C3F3F2
:1032B800C003DBB21343DAB23B685B78C3F30003A5
:1032C800DBB21343DAB23B685B78C3F38003DBB24B
:1032D8001343DAB23B685B78C3F3C003DBB2134332
:1032E800DAB23B685B78C3F30013DBB21343DAB29C
:1032F8003B685B78C3F34013DBB21343DAB23B6835
:103308005B78C3F38013DBB21343DAB23B685B78B4
:10331800C3F3C013DBB21343DBB2002B04D03B7AF8
:1033280043F080033B7203E03B7A23F080033B7257
:10333800FB68002B07D107F10802012358217868A0
:10334800FFF75AF8F860FB6818461037BD4680BD8D
:1033580080B584B000AF7860396002217868FFF7E3
:1033680048FDF860FB68002B07D13B685A1D012314
:103378000D217868FFF722F8F860FB68002B07D169
:103388003B689A1C01230A217868FFF717F8F86050
:10339800FB68002B07D13B68DA1C01230B217868F6
:1033A800FFF70CF8F860FB68002B07D13B681A1D83
:1033B80001230C217868FFF701F8F860002178688C
:1033C800FFF717FD0246FB681344FB60FB68002B00
:1033D80006D13A6801230D217868FEF7EFFFF860FF
:1033E800FB68002B07D13B685A1C01235E217868D3
:1033F800FEF7E4FFF860FB6818461037BD4680BD4D
:1034080080B584B000AF78600B46FB7007F1080206
:10341800012312217868FEF7D1FFF860FB68002BC2
:103428000FD1FB7803F00103DAB23B7A62F304139D
:103438003B7207F10802012312217868FEF7DCFFCE
:10344800F860FB6818461037BD4680BD80B584B06B
:1034580000AF78600B46FB7007F1080201231221C8
:103468007868FEF7ABFFF860FB68002B0FD1FB789C
:1034780003F00103DAB23B7A62F345133B7207F1BA
:103488000802012312217868FEF7B6FFF860FB688E
:1034980018461037BD4680BD80B584B000AF78604F
:1034A800396002217868FFF7A4FCF860FB68002BFC
:1034B80006D13A68012346217868FEF77FFFF86055
:1034C800FB68002B07D13B685A1C01234721786809
:1034D800FEF774FFF86000217868FFF78AFC02465F
:1034E800FB681344FB60FB6818461037BD4680BD77
:1034F80080B584B000AF7860396002217868FFF742
:1035080078FCF860FB68002B07D107F1080201235B
:103518005F217868FEF752FFF86000217868FFF7AE
:1035280068FC0246FB681344FB60FB68002B01D073
:10353800FB6826E03B7AC3F3C103DBB2032B1BD83D
:1035480001A252F823F000BF613500086935000870
:1035580071350008793500083B6800221A700FE0C1
:103568003B6801221A700BE03B6802221A7007E0E0
:103578003B6803221A7003E03B6800221A7000BF00
:10358800FB6818461037BD4680BD00BF80B584B0C3
:1035980000AF7860396002217868FFF72AFCF8608C
:1035A800FB68002B07D107F1080201230521786881
:1035B800FEF704FFF860FB68002B06D13B7AC3F3E3
:1035C8000013DBB21A463B681A7000217868FFF7CF
:1035D80010FC0246FB681344FB60FB681846103772
:1035E800BD4680BD80B584B000AF786039600221E7
:1035F8007868FFF7FEFBF860FB68002B07D107F13E
:103608000802012360217868FEF7D8FEF860FB689D
:10361800002B25D13B7AC3F30113DBB2032B1BD854
:1036280001A252F823F000BF4136000849360008CD
:1036380051360008593600083B6800221A700FE01E
:103648003B6801221A700BE03B6802221A7007E0FF
:103658003B6803221A7003E03B6800221A7000BF1F
:1036680000217868FFF7C5FB0246FB681344FB603E
:10367800FB6818461037BD4680BD00BF80B400AF58
:10368800184BD3F88830174A43F47003C2F88830CF
:10369800154B01221A60144B0022DA61124B0022EA
:1036A8001A62114B00225A620F4B1B680E4A23F014
:1036B800A85323F4102313600B4B00229A620A4B81
:1036C8001B68094A23F480231360074B00221A65FC
:1036D800044B4FF000629A6000BFBD465DF8047B62
:1036E800704700BF00ED00E0000C024680B500AF57
:1036F800124B1B68114A43F480731360032000F0D7
:103708008CF902F0D5FD02460D4B1B6A03F00F033E
:103718000C49CB5C22FA03F30B4A1360042000F037
:10372800D1F90F2000F012F80346002B01D0012335
:1037380002E0FEF779FC0023184680BD0020024015
:10374800000C0246F07202085C0A002080B584B0C2
:1037580000AF78600023FB60334B1B78002B01D14E
:1037680001235CE0314B1B6803F00403042B0CD1EC
:103778002F4B1A682C4B1B7819464FF47A73B3FBFE
:10378800F1F3B2FBF3F3FB6037E000F0F3F9B86054
:10379800BB68022B23D0BB68022B2DD8BB68002B3B
:1037A80003D0BB68012B0DD026E0214B1A681E4BB5
:1037B8001B7819464FF4FA53B3FBF1F3B2FBF3F35A
:1037C800FB601AE0184B1B781A464FF47A73B3FB68
:1037D800F2F34FF4FA42B2FBF3F3FB600DE0124B45
:1037E8001B781A464FF47A73B3FBF2F34FF4004296
:1037F800B2FBF3F3FB6000E000BFF86800F040F9AB
:103808000346002B01D0012309E0002279684FF01C
:10381800FF3000F00DF9074A7B6813600023184653
:103828001037BD4680BD00BF640A002010E000E0EC
:103838005C0A0020600A002080B400AF064B1B78A9
:103848001A46064B1B681344044A136000BFBD4662
:103858005DF8047B704700BF640A0020881E0020C2
:1038680080B400AF034B1B681846BD465DF8047B67
:10387800704700BF881E002080B584B000AF786014
:10388800FFF7EEFFB8607B68FB60FB68B3F1FF3FB2
:1038980005D00A4B1B781A46FB681344FB6000BF2F
:1038A800FFF7DEFF0246BB68D31AFA689A42F7D8D8
:1038B80000BF00BF1037BD4680BD00BF640A0020AE
:1038C80080B485B000AF78607B6803F00703FB60C5
:1038D8000C4BDB68BB60BA684FF6FF031340BB6054
:1038E800FB681A02BB68134343F0BF6343F4003319
:1038F800BB60044ABB68D36000BF1437BD465DF89F
:10390800047B704700ED00E080B400AF044BDB6837
:103918001B0A03F007031846BD465DF8047B704791
:1039280000ED00E080B483B000AF0346FB7197F967
:103938000730002B0BDBFB7903F01F02074997F9CF
:1039480007305B09012000FA02F241F8232000BF8A
:103958000C37BD465DF8047B704700BF00E100E00E
:1039680080B483B000AF03463960FB7197F9073024
:10397800002B0ADB3B68DAB20C4997F907301201D1
:10398800D2B20B4483F800230AE03B68DAB2084954
:10399800FB7903F00F03043B1201D2B20B441A76F1
:1039A80000BF0C37BD465DF8047B704700E100E0BE
:1039B80000ED00E080B489B000AFF860B9607A60CB
:1039C800FB6803F00703FB61FB69C3F10703042BE2
:1039D80028BF0423BB61FB690433062B02D9FB69AA
:1039E800033B00E000237B614FF0FF32BB6902FA22
:1039F80003F3DA43BB681A407B699A404FF0FF3102
:103A08007B6901FA03F3D9437B680B4013431846DB
:103A18002437BD465DF8047B704780B582B000AF9F
:103A280078607868FFF74CFF00BF0837BD4680BD57
:103A380080B586B000AF0346B9607A60FB73FFF7C4
:103A480063FF78617A68B9687869FFF7B3FF02465F
:103A580097F90F3011461846FFF782FF00BF183755
:103A6800BD4680BD80B582B000AF0346FB7197F9B3
:103A780007301846FFF756FF00BF0837BD4680BD20
:103A880080B483B000AF78607B68013BB3F1807F7E
:103A980001D301230DE00A4A7B68013B5360084BC0
:103AA80000229A60064B1B68054A43F00303136023
:103AB800002318460C37BD465DF8047B704700BFED
:103AC80010E000E080B483B000AF78607B68042B1E
:103AD80044D801A252F823F0033B0008213B000818
:103AE800433B0008653B0008F53A00081F4B1B687C
:103AF8001E4A43F00403136031E01C4B1B681B4A49
:103B080023F0040313601A4BD3F8E030184A23F467
:103B18004003C2F8E03022E0144B1B68134A23F03C
:103B280004031360124BD3F8E03023F44003104A27
:103B380043F48003C2F8E03011E00C4B1B680B4AD9
:103B480023F0040313600A4BD3F8E03023F4400356
:103B5800074A43F40003C2F8E03000E000BF00BFAA
:103B68000C37BD465DF8047B704700BF10E000E0ED
:103B7800000C024680B483B000AF194B1B6803F0F9
:103B88000403002B02D004237B6021E0154BD3F8FB
:103B9800E03003F440033B603B68B3F5000F11D0FD
:103BA8003B68B3F5000F10D83B68002B04D03B6886
:103BB800B3F5800F03D008E000237B6008E0012301
:103BC8007B6005E002237B6002E000237B6000BF8E
:103BD8007B6818460C37BD465DF8047B704700BF0C
:103BE80010E000E0000C024680B489B000AF7860B5
:103BF800396000237B617B683B61C2E13B681A68DE
:103C080001217B6901FA03F31340FB607B69BB6107
:103C1800FB68002B00F0B2817B68554A93425DD166
:103C28007B681B68FB6101227B6902FA03F3DB43B3
:103C3800FA691340FB613B685B6803F001027B692A
:103C480002FA03F3FA691343FB617B68FA691A60A5
:103C5800484A7B6952F833303B61464A7B69DB004E
:103C680013445B68BB61BB69DA083B69083253F8E7
:103C78002230FB61BB6903F007039B000F2202FAA5
:103C880003F3DB43FA691340FB61BB6903F00703E5
:103C98009B000B2202FA03F3FA691343FB61BB6929
:103CA800DA083B690832F96943F822103B691B6856
:103CB800FB61BB695B00032202FA03F3DB43FA6989
:103CC8001340FB61BB695B00022202FA03F3FA6945
:103CD8001343FB613B69FA691A6067E03B685B68FC
:103CE800022B03D03B685B68122B45D17B69DA084D
:103CF8007B68083253F82230FB617B6903F00703C5
:103D08009B000F2202FA03F3DB43FA691340FB61BD
:103D18003B681B6903F00F027B6903F007039B00F4
:103D280002FA03F3FA691343FB617B69DA087B68DB
:103D38000832F96943F822103B691B68FB61BB69CB
:103D48005B00032202FA03F3DB43FA691340FB61C9
:103D58003B685B6803F00302BB695B0002FA03F38C
:103D6800FA691343FB613B69FA691A601EE000BFF8
:103D780000000246487302083B691B68FB61BB6987
:103D88005B00032202FA03F3DB43FA691340FB6189
:103D98003B685B6803F00302BB695B0002FA03F34C
:103DA800FA691343FB613B69FA691A603B685B680F
:103DB800012B0BD03B685B68022B07D03B685B6824
:103DC800112B03D03B685B68122B30D13B699B6891
:103DD800FB61BB695B00032202FA03F3DB43FA6968
:103DE8001340FB613B68DA68BB695B0002FA03F3C6
:103DF800FA691343FB613B69FA699A603B695B683E
:103E0800FB610122BB6902FA03F3DB43FA69134041
:103E1800FB613B685B681B0903F00102BB6902FA9E
:103E280003F3FA691343FB613B69FA695A603B681B
:103E38005B68032B07D13B685B68032B1BD13B688E
:103E48009B68012B17D03B69DB68FB61BB695B0092
:103E5800032202FA03F3DB43FA691340FB613B6870
:103E68009A68BB695B0002FA03F3FA691343FB61C2
:103E78003B69FA69DA603B685B6803F08053002BA2
:103E88007CD0474A7B699B08183352F82330FB6182
:103E98007B6903F00303DB000F2202FA03F3DB4321
:103EA800FA691340FB617B689A0A3E4B13407A69B2
:103EB80002F00302D2009340FA691343FB613849C8
:103EC8007B699B081833FA6941F82320344B1B6837
:103ED800FB61FB68DB43FA691340FB613B685B6885
:103EE80003F48013002B03D0FA69FB681343FB61CA
:103EF8002B4AFB6913602A4B5B68FB61FB68DB4359
:103F0800FA691340FB613B685B6803F40013002BFC
:103F180003D0FA69FB681343FB61214AFB695360CC
:103F28001F4BD3F88430FB61FB68DB43FA6913400D
:103F3800FB613B685B6803F40033002B03D0FA692C
:103F4800FB681343FB61164AFB69C2F88430144BC3
:103F5800D3F88030FB61FB68DB43FA691340FB61EF
:103F68003B685B6803F48033002B03D0FA69FB6875
:103F78001343FB610A4AFB69C2F880307B6901334D
:103F88007B613B681A687B6922FA03F3002B7FF494
:103F980035AE00BF00BF2437BD465DF8047B7047CF
:103FA800002002467F7F2F0080B483B000AF786086
:103FB8000B467B8013467B707B78002B03D07A8876
:103FC8007B689A6102E07A887B689A6200BF0C3746
:103FD800BD465DF8047B704780B485B000AF78605B
:103FE8000B467B807B685B69FB607A88FB681340C3
:103FF8001A04FB68D9437B880B401A437B689A6193
:1040080000BF1437BD465DF8047B704780B582B0A9
:1040180000AF0346FB800F4BDA68FB881340002B88
:1040280006D00C4AFB88D360FB88184600F014F8C9
:10403800084B1A69FB881340002B06D0054AFB88F9
:104048001361FB88184600F012F800BF0837BD4618
:1040580080BD00BF0020024680B483B000AF034695
:10406800FB8000BF0C37BD465DF8047B704780B409
:1040780083B000AF0346FB8000BF0C37BD465DF838
:10408800047B704780B582B000AF78607B68002BF6
:1040980001D101238DE07B6893F84130DBB2002B1E
:1040A80006D17B68002283F84020786800F085F804
:1040B8007B68242283F841207B681B681A687B6828
:1040C8001B6822F001021A607B685A687B681B68CB
:1040D80022F070621A617B681B689A687B681B68AB
:1040E80022F400429A607B68DB68012B07D17B6869
:1040F8009A687B681B6842F400429A6006E07B6815
:104108009A687B681B6842F404429A607B68DB68A3
:10411800022B08D17B681B685A687B681B6842F4CD
:1041280000625A6007E07B681B685A687B681B68F6
:1041380022F400625A607B681B685B687A681268C0
:1041480043F0007343F4004353607B681B68DA68EC
:104158007B681B6822F40042DA607B681A697B6816
:104168005B6942EA03017B689B691A027B681B68EA
:104178000A43DA607B68D9697B681A6A7B681B68BE
:104188000A431A607B681B681A687B681B6842F0E0
:1041980001021A607B6800225A647B68202283F837
:1041A80041207B6800221A637B68002283F8422042
:1041B800002318460837BD4680BD80B483B000AFE1
:1041C800786000BF0C37BD465DF8047B704700007F
:1041D80080B588B002AFF860084611461A46034613
:1041E8007B810B463B811346FB80FB6893F841308B
:1041F800DBB2202B40F0F9803B6A002B02D0BB8C4D
:10420800002B05D1FB684FF400725A640123EDE0DE
:10421800FB6893F84030012B01D10223E6E0FB68EC
:10422800012283F84020FFF71BFB78617B6900932C
:10423800192301224FF40041F86800F0D1FB03462E
:10424800002B01D00123D1E0FB68212283F8412013
:10425800FB68402283F84220FB6800225A64FB680E
:104268003A6A5A62FB68BA8C5A85FB6800225A631C
:10427800F8883A8979897B690193BB6A0093034678
:10428800F86800F0E1FA0346002B05D0FB6800222D
:1042980083F840200123A9E0FB685B8D9BB2FF2BCC
:1042A8000ED9FB68FF221A85FB681B8DDAB2798963
:1042B800002300934FF08073F86800F055FD0FE07D
:1042C800FB685B8D9AB2FB681A85FB681B8DDAB2B6
:1042D8007989002300934FF00073F86800F044FDDB
:1042E8007A69B96AF86800F0D4FB0346002B01D05C
:1042F80001237BE0FB685B6A1A78FB681B689A629B
:10430800FB685B6A5A1CFB685A62FB685B8D9BB250
:10431800013B9AB2FB685A85FB681B8D013B9AB238
:10432800FB681A85FB685B8D9BB2002B34D0FB6859
:104338001B8D002B30D17B690093BB6A0022802142
:10434800F86800F04DFB0346002B01D001234DE037
:10435800FB685B8D9BB2FF2B0ED9FB68FF221A8589
:10436800FB681B8DDAB27989002300934FF08073C4
:10437800F86800F0F9FC0FE0FB685B8D9AB2FB6807
:104388001A85FB681B8DDAB27989002300934FF0F8
:104398000073F86800F0E8FCFB685B8D9BB2002BAB
:1043A8009ED17A69B96AF86800F0BAFB0346002B17
:1043B80001D001231AE0FB681B682022DA61FB6840
:1043C8001B685968FB681A680A4B0B405360FB6806
:1043D800202283F84120FB68002283F84220FB68F2
:1043E800002283F84020002300E0022318461837F3
:1043F800BD4680BD00E800FE80B588B002AFF86019
:10440800084611461A4603467B810B463B811346F4
:10441800FB80FB6893F84130DBB2202B40F0FD8035
:104428003B6A002B02D0BB8C002B05D1FB684FF4F4
:1044380000725A640123F1E0FB6893F84030012BC5
:1044480001D10223EAE0FB68012283F84020FFF74C
:1044580007FA78617B690093192301224FF4004120
:10446800F86800F0BDFA0346002B01D00123D5E01F
:10447800FB68222283F84120FB68402283F842200F
:10448800FB6800225A64FB683A6A5A62FB68BA8C75
:104498005A85FB6800225A63F8883A8979897B69CA
:1044A8000193BB6A00930346F86800F021FA0346BB
:1044B800002B05D0FB68002283F840200123ADE0E3
:1044C800FB685B8D9BB2FF2B0ED9FB68FF221A8518
:1044D800FB681B8DDAB27989524B00934FF08073D9
:1044E800F86800F041FC0FE0FB685B8D9AB2FB684E
:1044F8001A85FB681B8DDAB279894A4B00934FF015
:104508000073F86800F030FC7B690093BB6A0022F6
:104518000421F86800F064FA0346002B01D0012357
:104528007CE0FB681B685A6AFB685B6AD2B21A7047
:10453800FB685B6A5A1CFB685A62FB681B8D013B6F
:104548009AB2FB681A85FB685B8D9BB2013B9AB2F5
:10455800FB685A85FB685B8D9BB2002B34D0FB68E7
:104568001B8D002B30D17B690093BB6A0022802110
:10457800F86800F035FA0346002B01D001234DE01E
:10458800FB685B8D9BB2FF2B0ED9FB68FF221A8557
:10459800FB681B8DDAB27989002300934FF0807392
:1045A800F86800F0E1FB0FE0FB685B8D9AB2FB68EE
:1045B8001A85FB681B8DDAB27989002300934FF0C6
:1045C8000073F86800F0D0FBFB685B8D9BB2002B92
:1045D8009AD17A69B96AF86800F0A2FA0346002B02
:1045E80001D001231AE0FB681B682022DA61FB680E
:1045F8001B685968FB681A680B4B0B405360FB68D3
:10460800202283F84120FB68002283F84220FB68BF
:10461800002283F84020002300E0022318461837C0
:10462800BD4680BD0024008000E800FE80B58AB049
:1046380002AFF8607A603B600B467B8100237B61A8
:10464800FB6893F84130DBB2202B40F0DE80FB683A
:104658001B689B6903F40043B3F5004F01D10223A3
:10466800D4E0FB6893F84030012B01D10223CDE060
:10467800FB68012283F84020FB68242283F841204C
:10468800FB6800225A64FB68DB68012B07D17B8931
:10469800C3F3090343F0007343F4005306E07B8936
:1046A800C3F3090343F0007343F42053FA68126814
:1046B8005360FFF7D5F8B861FB681B689B6903F086
:1046C8002003202B0CBF01230023DBB2FB77FB6800
:1046D8001B689B6903F01003102B0CBF01230023F8
:1046E800DBB2BB7734E03B68B3F1FF3F1AD0FFF78A
:1046F800B7F80246BB69D31A3A689A4202D33B68B4
:10470800002B0FD1FB68202283F84120FB685B6CEB
:1047180043F02002FB685A64FB68002283F84020BB
:10472800012373E0FB681B689B6903F02003202BBF
:104738000CBF01230023DBB2FB77FB681B689B6976
:1047480003F01003102B0CBF01230023DBB2BB774F
:10475800FB7F002B02D1BB7F002BC4D0FB681B68FA
:104768009B6903F01003102B24D0BB6900933B68AE
:1047780000222021F86800F033F90346002B0BD003
:10478800FB685B6C042B28D1FB681B682022DA616C
:10479800FB6800225A6420E0FB681B682022DA616B
:1047A800FB68202283F84120FB68002283F8402020
:1047B80000232BE0FB681B681022DA61BB690093B9
:1047C8003B6800222021F86800F00AF90346002B14
:1047D80003D1FB681B682022DA617B6901337B61A6
:1047E8007B697A689A423FF64EAFFB68202283F8CD
:1047F8004120FB685B6C43F02002FB685A64FB684D
:10480800002283F84020012300E0022318462037C5
:10481800BD4680BD80B483B000AF78607B6893F8F4
:104828004130DBB218460C37BD465DF8047B704753
:1048380080B483B000AF78607B685B6C18460C3737
:10484800BD465DF8047B704780B586B002AFF8605E
:10485800084611461A4603467B810B463B811346A0
:10486800FB80FB88DAB27989204B00934FF0807384
:10487800F86800F079FAFA69B969F86800F009F996
:104888000346002B01D001232CE0FB88012B05D126
:104898003B89DAB2FB681B689A6215E03B891B0A00
:1048A8009BB2DAB2FB681B689A62FA69B969F86860
:1048B80000F0EFF80346002B01D0012312E03B89FA
:1048C800DAB2FB681B689A62FB690093BB69002235
:1048D8008021F86800F084F80346002B01D00123FA
:1048E80000E0002318461037BD4680BD0020008038
:1048F80080B586B002AFF860084611461A460346EE
:104908007B810B463B811346FB80FB88DAB27989B1
:10491800204B00930023F86800F026FAFA69B96979
:10492800F86800F0B6F80346002B01D001232CE00C
:10493800FB88012B05D13B89DAB2FB681B689A62B8
:1049480015E03B891B0A9BB2DAB2FB681B689A62C6
:10495800FA69B969F86800F09CF80346002B01D0A1
:10496800012312E03B89DAB2FB681B689A62FB6993
:104978000093BB6900224021F86800F031F8034633
:10498800002B01D0012300E0002318461037BD4654
:1049980080BD00BF0020008080B483B000AF786085
:1049A8007B681B689B6903F00203022B03D17B68B9
:1049B8001B6800229A627B681B689B6903F00103ED
:1049C800012B07D07B681B689A697B681B6842F0DB
:1049D80001029A6100BF0C37BD465DF8047B704741
:1049E80080B584B000AFF860B9603B601346FB71D6
:1049F8003BE0BA693968F86800F0D6F80346002B3E
:104A080001D0012341E03B68B3F1FF3F2DD0FEF711
:104A180027FF0246BB69D31A3A689A4202D33B6819
:104A2800002B22D1FB681B689A69BB681340BA68DF
:104A38009A420CBF01230023DBB21A46FB799A4243
:104A480013D1FB685B6C43F02002FB685A64FB6877
:104A5800202283F84120FB68002283F84220FB686B
:104A6800002283F8402001230FE0FB681B689A6945
:104A7800BB681340BA689A420CBF01230023DBB21B
:104A88001A46FB799A42B4D0002318461037BD461F
:104A980080BD80B584B000AFF860B9607A6033E05B
:104AA8007A68B968F86800F07FF80346002B01D0EF
:104AB800012331E0BB68B3F1FF3F25D0FEF7D0FEFC
:104AC80002467B68D31ABA689A4202D3BB68002BA5
:104AD8001AD1FB681B689B6903F00203022B13D0F1
:104AE800FB685B6C43F02002FB685A64FB68202279
:104AF80083F84120FB68002283F84220FB680022EB
:104B080083F84020012307E0FB681B689B6903F0DA
:104B18000203022BC4D1002318461037BD4680BDBE
:104B280080B584B000AFF860B9607A602FE07A6829
:104B3800B968F86800F038F80346002B01D0012363
:104B48002DE0FEF78DFE02467B68D31ABA689A42BA
:104B580002D3BB68002B1AD1FB681B689B6903F062
:104B68002003202B13D0FB685B6C43F02002FB680A
:104B78005A64FB68202283F84120FB68002283F8EE
:104B88004220FB68002283F84020012307E0FB68ED
:104B98001B689B6903F02003202BC8D1002318460B
:104BA8001037BD4680BD000080B58AB000AFF86000
:104BB800B9607A60002387F82730FB681B689B6917
:104BC800BB6100233B627B68FB61BB6903F0100398
:104BD800002B68D0FB681B681022DA6149E0BB68CB
:104BE800B3F1FF3F45D0FEF73BFE0246FB69D31AFF
:104BF800BA689A4202D3BB68002B3AD1FB681B689B
:104C08005B6803F480437B61FB6893F84230FB7474
:104C1800FB681B689B6903F40043B3F5004F21D17F
:104C28007B69B3F5804F1DD0FB7C202B1AD0FB6825
:104C38001B685A68FB681B6842F480425A60FEF79A
:104C48000FFEF8610EE0FEF70BFE0246FB69D31A71
:104C5800192B07D93B6A43F020033B62012387F8ED
:104C6800273006E0FB681B689B6903F02003202BB4
:104C7800E9D1FB681B689B6903F02003202B03D054
:104C880097F82730002BAAD097F82730002B03D1AC
:104C9800FB681B682022DA613B6A43F004033B622D
:104CA800012387F82730FB681B689B69BB61BB69D8
:104CB80003F48073002B0BD03B6A43F001033B6283
:104CC800FB681B684FF48072DA61012387F827308C
:104CD800BB6903F48063002B0BD03B6A43F00803E5
:104CE8003B62FB681B684FF48062DA61012387F836
:104CF8002730BB6903F40073002B0BD03B6A43F0E9
:104D080002033B62FB681B684FF40072DA610123FF
:104D180087F8273097F82730002B1CD0F868FFF762
:104D28003BFEFB681B685968FB681A680D4B0B4013
:104D38005360FB685A6C3B6A1A43FB685A64FB6809
:104D4800202283F84120FB68002283F84220FB6878
:104D5800002283F8402097F8273018462837BD46A8
:104D680080BD00BF00E800FE80B487B000AFF860E7
:104D78007B600B467B8113467B727B89C3F30902F8
:104D88007B7A1B0403F47F031A437B681A433B6A4C
:104D9800134323F000437B61FB681B685A683B6A36
:104DA8005B0D03F48061084B0B43DB4302EA03010C
:104DB800FB681B687A690A435A6000BF1C37BD4606
:104DC8005DF8047B704700BFFF63FF0380B483B0C6
:104DD80000AF786039607B6893F84130DBB2202BF4
:104DE80038D17B6893F84030012B01D1022332E09F
:104DF8007B68012283F840207B68242283F84120C5
:104E08007B681B681A687B681B6822F001021A60BD
:104E18007B681B681A687B681B6822F480521A60DA
:104E28007B681B6819687B681B683A680A431A60C4
:104E38007B681B681A687B681B6842F001021A606D
:104E48007B68202283F841207B68002283F8402079
:104E5800002300E0022318460C37BD465DF8047BAA
:104E6800704780B485B000AF786039607B6893F88C
:104E78004130DBB2202B39D17B6893F84030012BCD
:104E880001D1022333E07B68012283F840207B684C
:104E9800242283F841207B681B681A687B681B689A
:104EA80022F001021A607B681B681B68FB60FB68C4
:104EB80023F47063FB603B681B02FA681343FB60D2
:104EC8007B681B68FA681A607B681B681A687B68CD
:104ED8001B6842F001021A607B68202283F8412097
:104EE8007B68002283F84020002300E00223184654
:104EF8001437BD465DF8047B7047000080B485B068
:104F080000AF78600023FB730B4B1B6803F00103B1
:104F1800002B02D00123FB7307E0074B1B6823F02B
:104F2800040205497B6813430B60FB7B1846143762
:104F3800BD465DF8047B70470004034080B400AFB1
:104F4800054B1B68044A43F001031360002318460D
:104F5800BD465DF8047B70470004034080B485B00B
:104F680000AF7860394BDB6B03F44033BB60BA6841
:104F78007B689A420BD17B68B3F5803F05D9334BE8
:104F8800DB68324A43F48023D360002357E07B6810
:104F9800B3F5803F0AD92D4BDB6823F4E0227B6808
:104FA80013432A4A43F48023D36007E0274BDB6886
:104FB80023F4E02225497B681343CB60244B1B680C
:104FC800244AA2FB03239B09322202FB03F3214A52
:104FD800A2FB03239B090133FB6002E0FB68013B52
:104FE800FB601A4BDB6803F40043002B02D1FB681B
:104FF800002BF3D1FB68002B1BD0154B1B68154AFF
:10500800A2FB03239B09322202FB03F3114AA2FBF2
:1050180003239B090133FB6002E0FB68013BFB6053
:105028000A4BDB6B03F40043002B02D1FB68002B17
:10503800F3D1FB68002B01D1032300E000231846BD
:105048001437BD465DF8047B704700BF0008024670
:105058005C0A0020D34D621080B400AF044BDB6BB8
:1050680003F440331846BD465DF8047B704700BF23
:105078000008024680B485B000AF7860224B1B68F8
:10508800224AA2FB03239B09322202FB03F31F4A95
:10509800A2FB03239B090133FB607B68002B13D120
:1050A8001B4B9B681A4A23F00203936002E0FB68DB
:1050B800013BFB60164BDB6B03F00203022B16D19E
:1050C800FB68002BF3D112E0114B9B68104A43F0A8
:1050D8000203936002E0FB68013BFB600C4BDB6B57
:1050E80003F00203002B02D1FB68002BF3D1FB680D
:1050F800002B01D1032300E0002318461437BD46D6
:105108005DF8047B704700BF5C0A0020D34D621035
:105118000008024680B58EB000AF7860002387F89B
:1051280037307B68002B02D1012300F0C8BE994BB1
:10513800DB6903F00C033B63964B9B6A03F00303A4
:10514800FB627B681B6803F01003002B00F06C8186
:105158003B6B002B07D03B6B0C2B40F0DE80FB6ACF
:10516800012B40F0DA807B68DB69002B02D1012338
:1051780000F0A5BE7B685A6A864B9B6803F400035F
:10518800002B04D0834B9B6803F0704305E0814BF0
:10519800D3F8F4301B0403F07043934255D23B6BB1
:1051A800002B0AD17B685B6A184601F0D9F90346DF
:1051B800002B02D0012300F082BE764B9B68754A13
:1051C80043F400039360734B9B6823F070427B6841
:1051D8005B6A704913438B607B685B6AB3F1404F2D
:1051E80009D36C4BDB6823F01F027B681B6A694993
:1051F8001343CB607EE07B685B6A002B0ADA654B61
:10520800DB6823F478727B681B6A5B01614913438E
:10521800CB606FE07B685B6AB3F1804F0AD35D4B6C
:10522800DB6823F4F8427B681B6A9B0259491343E5
:10523800CB605FE0574BDB6823F478227B681B6AFE
:10524800DB0354491343CB6054E0524B9B68514AEB
:1052580043F4000393604F4B9B6823F070427B68D4
:105268005B6A4C4913438B607B685B6AB3F1404FC0
:1052780009D3484BDB6823F01F027B681B6A45494A
:105288001343CB6028E07B685B6A002B0ADA414B4A
:10529800DB6823F478727B681B6A5B013D49134322
:1052A800CB6019E07B685B6AB3F1804F0AD3394B56
:1052B800DB6823F4F8427B681B6A9B023549134379
:1052C800CB6009E0334BDB6823F478227B681B6AE8
:1052D800DB0330491343CB603B6B002B0AD17B685F
:1052E8005B6A184601F03CF90346002B02D0012303
:1052F80000F0E5BD01F0DEF8274B1B681846FEF705
:1053080025FA034687F8273097F82730002B00F056
:105318008A8097F8273000F0D2BD7B68DB69002BC4
:1053280066D01C4B1B681B4A43F001031360FEF751
:1053380097FAB86209E0FEF793FA0246BB6AD31AF5
:10534800022B02D9032300F0BABD124B1B6803F0ED
:105358000403002BEFD00F4B9B680E4A43F4000365
:1053680093600C4B9B6823F070427B685B6A094929
:1053780013438B607B685B6AB3F1404F0ED3054BD8
:10538800DB6823F01F027B681B6A02491343CB606A
:105398004AE000BF000C0246600A00207B685B6A96
:1053A800002B0ADA984BDB6823F478727B681B6A57
:1053B8005B0195491343CB6036E07B685B6AB3F1C8
:1053C800804F0AD3904BDB6823F4F8427B681B6A52
:1053D8009B028D491343CB6026E08B4BDB6823F49B
:1053E80078227B681B6ADB0387491343CB601BE089
:1053F800854B1B68844A23F001031360FEF730FADB
:10540800B86209E0FEF72CFA0246BB6AD31A022BEF
:1054180002D9032300F053BD7B4B1B6803F0040340
:10542800002BEFD100E000BF7B681B6803F001038D
:10543800002B00F08B803B6B082B05D03B6B0C2BB3
:1054480009D1FB6A032B06D17B685B68002B7DD1F1
:10545800012300F034BD7B685B68B3F5803F06D15B
:10546800694B1B68684A43F48033136041E07B68EA
:105478005B68B3F5A02F12D1634B1B68624A43F4F3
:1054880080231360604B1B685F4A23F4801313600A
:105498005D4B1B685C4A43F48033136029E07B68EA
:1054A8005B68B3F5A81F12D1574B1B68564A43F4E3
:1054B80080231360544B1B68534A43F480131360D2
:1054C800514B1B68504A43F48033136011E04E4B34
:1054D8001B684D4A23F4803313604B4B1B684A4AC0
:1054E80023F480231360484B1B68474A23F4801336
:1054F80013607B685B68002B14D0FEF7B1F9B862C3
:1055080009E0FEF7ADF90246BB6AD31A642B02D94B
:10551800032300F0D4BC3C4B1B6803F40033002B7E
:10552800EFD013E0FEF79CF9B86209E0FEF798F9AE
:105538000246BB6AD31A642B02D9032300F0BFBC0E
:10554800314B1B6803F40033002BEFD17B681B68D9
:1055580003F00203002B5FD03B6B042B05D03B6BA1
:105568000C2B14D1FB6A022B11D17B68DB68002B52
:1055780002D1012300F0A3BC234B1B6923F4F812CA
:105588007B681B691B04204913430B6144E07B685B
:10559800DB68002B24D01C4B1B681B4A43F4807328
:1055A8001360FEF75DF9B86209E0FEF759F90246A3
:1055B800BB6AD31A022B02D9032300F080BC124B1A
:1055C8001B6803F48063002BEFD00F4B1B6923F497
:1055D800F8127B681B691B040B4913430B611BE022
:1055E800094B1B68084A23F480731360FEF738F9E7
:1055F800B8620BE0FEF734F90246BB6AD31A022BF5
:1056080004D9032300F05BBC000C0246AF4B1B68B7
:1056180003F48063002BEDD17B681B6803F008035B
:10562800002B00F0C880002387F83630A74BD3F84A
:10563800943003F00403002B11D1A44BD3F8943019
:10564800A24A43F00403C2F89430A04BD3F8943034
:1056580003F004037B617B69012387F836309C4B98
:105668009B6A03F00103002B19D1994B9B6A984A56
:1056780043F001039362FEF7F3F8B86209E0FEF71E
:10568800EFF80246BB6AD31A022B02D9032300F0B3
:1056980016BC8F4B9B6A03F00103002BEFD07B688D
:1056A8005B69002B5FD0894BD3F8F0303B627B6895
:1056B8009A693B6A03F080539A4237D03B6A03F0F9
:1056C8000063002B06D03B6A03F08063002B01D1F6
:1056D8000123F4E33B6A03F08063002B1BD07B4B70
:1056E800D3F8F030794A23F0A053C2F8F030FEF72F
:1056F800B7F8B86208E0FEF7B3F80246BB6AD31AF7
:10570800052B01D90323DAE3704BD3F8F03003F00B
:105718000063002BEFD16D4BD3F8F03023F08052AB
:105728007B689B6969491343C1F8F030674BD3F82C
:10573800F030664A43F08063C2F8F030FEF790F824
:10574800B86208E0FEF78CF80246BB6AD31A052B4C
:1057580001D90323B3E35D4BD3F8F03003F00063C2
:10576800002BEFD01BE0594BD3F8F030574A23F009
:10577800A053C2F8F030FEF773F8B86208E0FEF7FD
:105788006FF80246BB6AD31A052B01D9032396E3A7
:105798004E4BD3F8F03003F00063002BEFD197F8AD
:1057A8003630012B07D1494BD3F89430474A23F0C0
:1057B8000403C2F894307B681B6803F00403002BD1
:1057C80000F01181002387F83530404BD3F894302E
:1057D80003F00403002B11D13C4BD3F894303B4A1F
:1057E80043F00403C2F89430384BD3F8943003F0F4
:1057F80004033B613B69012387F83530344B9B6ACE
:1058080003F00103002B18D1314B9B6A304A43F057
:1058180001039362FEF724F8B86208E0FEF720F867
:105828000246BB6AD31A022B01D9032347E3284B4C
:105838009B6A03F00103002BF0D07B689B6803F0A0
:105848000103002B1FD07B689B6803F00403002B27
:1058580010D01E4BD3F8F0301C4A43F00403C2F8B2
:10586800F0301A4BD3F8F030184A43F00103C2F86D
:10587800F03018E0154BD3F8F030144A43F0010328
:10588800C2F8F0300FE0114BD3F8F0300F4A23F094
:105898000103C2F8F0300D4BD3F8F0300B4A23F077
:1058A8000403C2F8F0307B689B68002B57D0FDF7E3
:1058B800D7FFB8620EE0FDF7D3FF0246BB6AD31AE2
:1058C80041F28832934205D90323F8E2000C0246DC
:1058D800000802469C4BD3F8F03003F00203002B7B
:1058E800E9D07B689B6803F08003002B1BD0964BA4
:1058F800D3F8F030944A43F08003C2F8F0300AE05D
:10590800FDF7AEFF0246BB6AD31A41F288329342D2
:1059180001D90323D3E28C4BD3F8F03003F40063AE
:10592800002BEDD053E0884BD3F8F030864A23F0B3
:105938008003C2F8F0300AE0FDF792FF0246BB6A26
:10594800D31A41F28832934201D90323B7E27E4B3E
:10595800D3F8F03003F40063002BEDD137E0FDF706
:105968007FFFB8620AE0FDF77BFF0246BB6AD31AE5
:1059780041F28832934201D90323A0E2724BD3F853
:10598800F03003F00203002BEDD16F4BD3F8F03069
:1059980003F08003002B1AD06B4BD3F8F0306A4A1F
:1059A80023F08003C2F8F0300AE0FDF759FF024601
:1059B800BB6AD31A41F28832934201D903237EE2AB
:1059C800614BD3F8F03003F40063002BEDD197F866
:1059D8003530012B07D15C4BD3F894305A4A23F069
:1059E8000403C2F894307B681B6803F02003002B83
:1059F80036D07B68DB6A002B19D0534B1B68524AA0
:105A080043F480531360FDF72BFFB86208E0FDF7FD
:105A180027FF0246BB6AD31A022B01D903234EE2A1
:105A2800494B1B6803F40053002BF0D018E0464B99
:105A38001B68454A23F480531360FDF711FFB862D1
:105A480008E0FDF70DFF0246BB6AD31A022B01D905
:105A5800032334E23C4B1B6803F40053002BF0D1C2
:105A68007B681B6803F08003002B36D07B681B6BB8
:105A7800002B19D0344B1B68334A43F4804313601E
:105A8800FDF7EEFEB86208E0FDF7EAFE0246BB6AE3
:105A9800D31A022B01D9032311E22B4B1B6803F401
:105AA8000043002BF0D018E0274B1B68264A23F44C
:105AB80080431360FDF7D4FEB86208E0FDF7D0FE1E
:105AC8000246BB6AD31A022B01D90323F7E11E4B06
:105AD8001B6803F40043002BF0D17B681B6803F0BC
:105AE8004003002B7FD07B685B6B002B62D0164B8A
:105AF8009B68154A43F400039360134B9B6823F09B
:105B080070627B689B6A104913438B607B685B6A91
:105B1800B3F1404F09D30C4BDB6823F01F027B68BD
:105B28001B6A09491343CB602AE07B685B6A002B38
:105B38000CDA054BDB6823F478727B681B6A5B011F
:105B480001491343CB601BE0000C02467B685B6A8B
:105B5800B3F1804F0AD3A14BDB6823F4F8427B688A
:105B68001B6A9B029D491343CB6009E09B4BDB6892
:105B780023F478227B681B6ADB0398491343CB60C4
:105B8800964B1B68954A43F010031360FDF768FEB7
:105B9800B86208E0FDF764FE0246BB6AD31A022B1E
:105BA80001D903238BE18D4B1B6803F02003002BE5
:105BB800F0D018E0894B1B68884A23F01003136063
:105BC800FDF74EFEB86208E0FDF74AFE0246BB6AE2
:105BD800D31A022B01D9032371E1804B1B6803F010
:105BE8002003002BF0D17B689B6B002B00F06681B3
:105BF800002387F83430794BDB6903F00C030C2B56
:105C080000F0F2807B689B6B022B40F0C580734BE1
:105C18001B68724A23F080731360FDF721FEB86297
:105C280008E0FDF71DFE0246BB6AD31A022B01D914
:105C3800032344E1694B1B6803F00073002BF0D188
:105C4800664BD3F8943003F00403002B11D1634B57
:105C5800D3F89430614A43F00403C2F894305F4BA0
:105C6800D3F8943003F00403FB60FB68012387F842
:105C780034305B4BDB6803F48023B3F5802F02D10B
:105C8800012387F83730564BDB68554A23F48023C5
:105C9800D360524B9B6A23F47F4323F003037A6853
:105CA800D16B7A68126C013A120211437A68526C0D
:105CB8000A434A4913438B62484B5A6B494B13407A
:105CC8007A68926C013AC2F308017A68D26C013A98
:105CD800520292B211437A68126D013A120402F428
:105CE800FE0211437A68526D013A120602F0FE4232
:105CF8000A433A4913434B63384B9B6A374A23F0AC
:105D0800100393627B68DB6D344ADB009363334B8B
:105D18009B6A324A43F010039362304B9B6A23F02C
:105D28000C027B689B6D2D4913438B6297F83730C3
:105D3800012B05D12A4BDB68294A43F48023D36021
:105D480097F83430012B07D1244BD3F89430234AE9
:105D580023F00403C2F89430204B1B681F4A43F019
:105D680080731360FDF77CFDB86208E0FDF778FDED
:105D78000246BB6AD31A022B01D903239FE0174BB3
:105D88001B6803F00073002BF0D0144B9B6A134A76
:105D980043F48023936291E0104B1B680F4A23F071
:105DA80080731360FDF75CFDB86208E0FDF758FDED
:105DB8000246BB6AD31A022B01D903237FE0074BA3
:105DC8001B6803F00073002BF0D1044B9B6A034A55
:105DD80023F4E02323F0030393626FE0000C0246F0
:105DE8000008024600008080374B9B6AFB61364BF7
:105DF8005B6BBB617B689B6B012B39D0FB6903F044
:105E080003027B68DB6B9A4232D1FB691B0A03F001
:105E18000F027B681B6C013B9A4229D1FB6903F492
:105E280070427B685B6C9A4222D1BB69C3F308025B
:105E38007B689B6C013B9A421AD1BB695B0A03F0F1
:105E48007F027B68DB6C013B9A4211D1BB691B0C5A
:105E580003F07F027B681B6D013B9A4208D1BB6946
:105E68001B0E03F07F027B685B6D013B9A4201D0F9
:105E7800012324E0144B9B6BDB08C3F30C027B6803
:105E8800DB6D9A421AD0104B9B6A0F4A23F010031D
:105E98009362FDF7E5FCB86200BFFDF7E1FC02463E
:105EA800BB6A9342F9D07B68DB6D074ADB009363DA
:105EB800054B9B6A044A43F010039362002318467B
:105EC8003837BD4680BD00BF000C024680B586B09D
:105ED80000AF786039607B68002B01D10123D9E1DC
:105EE8009B4B1B6803F00F033A689A4210D9984BF2
:105EF8001B6823F00F0296493B6813430B60944BD1
:105F08001B6803F00F033A689A4201D00123C1E1EC
:105F18007B681B6803F01003002B10D07B685A695C
:105F28008C4B5B6A03F070039A4208D9894B5B6A11
:105F380023F070027B685B69864913434B627B6878
:105F48001B6803F00803002B12D07B681A69814B89
:105F58001B6A1B0903F070039A4209D97D4B1B6A1F
:105F680023F4E0627B681B691B017A4913430B62C7
:105F78007B681B6803F00403002B10D07B68DA6889
:105F8800744B1B6A03F070039A4208D9714B1B6A61
:105F980023F070027B68DB686E4913430B627B68F1
:105FA8001B6803F00203002B10D07B689A68694BCA
:105FB8001B6A03F00F039A4208D9664B1B6A23F049
:105FC8000F027B689B68634913430B627B681B68FD
:105FD80003F00103002B00F0D2800023FB757B68DF
:105FE8005B68032B43D15B4BD3F8943003F0040375
:105FF800002B10D1574BD3F89430564A43F0040382
:10600800C2F89430534BD3F8943003F00403BB60C8
:10601800BB680123FB75FDF723FC38614E4BDB6839
:1060280003F48023002B0FD008E0FDF719FC02468B
:106038003B69D31A022B01D903232BE1464BDB68BA
:1060480003F48043002BF0D0FB7D012B07D1414B9B
:10605800D3F894303F4A23F00403C2F894303D4B00
:106068001B6803F00073002B21D1012312E17B6828
:106078005B68022B07D1374B1B6803F40033002BF6
:1060880015D1012306E17B685B68002B07D1314BF2
:106098001B6803F00403002B09D10123FAE02D4B00
:1060A8001B6803F48063002B01D10123F2E0294B24
:1060B800DB6923F003027B685B6826491343CB61E5
:1060C800FDF7CEFB38617B685B68032B12D10AE0D1
:1060D800FDF7C6FB02463B69D31A41F28832934268
:1060E80001D90323D6E01B4BDB6903F00C030C2B0F
:1060F800EED144E07B685B68022B12D10AE0FDF721
:10610800AFFB02463B69D31A41F28832934201D968
:106118000323BFE00F4BDB6903F00C03082BEED120
:106128002DE07B685B68002B23D10AE0FDF798FB24
:1061380002463B69D31A41F28832934201D90323BC
:10614800A8E0044BDB6903F00C03002BEED116E04A
:1061580000200240000C024600080246FDF780FBC2
:1061680002463B69D31A41F28832934201D903238C
:1061780090E04A4BDB6903F00C03042BEED17B68FB
:106188001B6803F00203002B10D07B689A68434B0E
:106198001B6A03F00F039A4208D2404B1B6A23F094
:1061A8000F027B689B683D4913430B623C4B1B689D
:1061B80003F00F033A689A4210D2394B1B6823F058
:1061C8000F0237493B6813430B60354B1B6803F0DC
:1061D8000F033A689A4201D001235BE07B681B6891
:1061E80003F00403002B10D07B68DA682B4B1B6A82
:1061F80003F070039A4208D2284B1B6A23F07002FE
:106208007B68DB68254913430B627B681B6803F0D6
:106218000803002B12D07B681A69204B1B6A1B09E4
:1062280003F070039A4209D21C4B1B6A23F4E06204
:106238007B681B691B01194913430B627B681B6848
:1062480003F01003002B10D07B685A69134B5B6A6C
:1062580003F070039A4208D2104B5B6A23F0700275
:106268007B685B690D4913434B6200F021F80246D5
:106278000A4B1B6A03F00F030A49CB5C22FA03F3AB
:10628800094A1360094B1B681846FDF75FFA034675
:10629800FB73FB7B18461837BD4680BD000C0246D1
:1062A80000200240F07202085C0A0020600A002008
:1062B80080B48BB000AF00237B6200233B62784B35
:1062C800DB6903F00C03BB61754B9B6A03F00303A6
:1062D8007B61BB69002B05D0BB690C2B21D17B6985
:1062E800012B1ED16E4B9B6803F40003002B07D1D2
:1062F8006B4BD3F8F4301B0B03F00F037B6205E004
:10630800674B9B681B0F03F00F037B62654A7B6A30
:1063180052F823307B62BB69002B10D17B6A3B6249
:106328000DE05F4BDB6903F00C03042B02D15E4BDD
:106338003B6204E0BB69082B01D15B4B3B62BB6944
:106348000C2B40F0A580564B9B6A03F003033B617E
:10635800534B9B6A1B0A03F00F030133FB60504B3E
:106368009B6A1B0903F00103BB604D4B9B6BDB0869
:10637800C3F30C03BA6802FB03F307EE903AF8EE96
:10638800677AC7ED017A3B69022B03D03B69032B7F
:1063980022D043E0FB6807EE903AF8EE677ADFED2B
:1063A800436A86EEA77A3E4B5B6BC3F3080307EE9E
:1063B800903AF8EE676A97ED016ADFED3D5AC6EE4E
:1063C800257A76EEA77AF7EE006A77EEA67A67EE78
:1063D800277AC7ED077A46E0FB6807EE903AF8EEB1
:1063E800677ADFED326A86EEA77A2D4B5B6BC3F3D3
:1063F800080307EE903AF8EE676A97ED016ADFED59
:106408002C5AC6EE257A76EEA77AF7EE006A77EE72
:10641800A67A67EE277AC7ED077A24E07B6A07EE4B
:10642800903AF8EE676AFB6807EE903AF8EE677AFA
:1064380086EEA77A1A4B5B6BC3F3080307EE903A14
:10644800F8EE676A97ED016ADFED195AC6EE257A0C
:1064580076EEA77AF7EE006A77EEA67A67EE277AE5
:10646800C7ED077A00BF0E4B5B6B1B0E03F07F0373
:1064780001333B603B6807EE903AB8EE677AD7ED98
:10648800076AC6EE877AFCEEE77A17EE903A3B6227
:106498003B6A18462C37BD465DF8047B704700BF41
:1064A800000C0246087302080024F4000024744B10
:1064B8000000004680B500AFFFF7FAFE0246074B22
:1064C8001B6A03F00F030649CB5C22FA03F3054A63
:1064D8001360044B1B68184680BD00BF000C0246C1
:1064E800F07202085C0A002080B500AFFFF7E2FFF7
:1064F8000246054B1B6A1B0903F007030349CB5CE3
:1065080022FA03F3184680BD000C02460073020805
:1065180080B500AFFFF7CEFF0246054B1B6A1B0A8A
:1065280003F007030349CB5C22FA03F3184680BD46
:10653800000C02460073020880B500AFFFF7BAFFEF
:106548000246054B5B6A1B0903F007030349CB5C52
:1065580022FA03F3184680BD000C024600730208B5
:1065680080B586B000AF78603E4BD3F8943003F026
:106578000403002B03D0FEF76FFD786119E0394B57
:10658800D3F89430374A43F00403C2F89430354BBB
:10659800D3F8943003F00403FB60FB68FEF75CFD5E
:1065A8007861304BD3F894302E4A23F00403C2F8B4
:1065B80094307B69B3F5403F03D07B69B3F5003F66
:1065C80009D17B68B3F1805F02D201233B6133E0DC
:1065D80000233B6130E07B68B3F1805F08D27B69C0
:1065E800B3F5803F02D103233B6125E0012335E069
:1065F8007B68B3F1005F0FD97B69002B09D17B68F9
:10660800B3F1405F02D900233B6115E001233B61F0
:1066180012E000233B610FE07B68B3F1805F09D192
:106628007B69B3F5803F02D101233B6104E002237B
:106638003B6101E001233B610B4B1B6823F00F0218
:1066480009493B6913430B60074B1B6803F00F03B1
:106658003A699A4201D0012300E00023184618370E
:10666800BD4680BD000C0246002002402DE9B04F17
:10667800BAB000AFC7F8D400002387F8E33000238E
:1066880087F8E230D7F8D430D3E9002302F00104C8
:10669800002554EA05030BD0CB4BD3F8E03023F0A8
:1066A8000301D7F8D4301B6DC74A0B43C2F8E0305A
:1066B800D7F8D430D3E9002302F002084FF00009DC
:1066C80058EA09030BD0C04BD3F8E03023F00C0193
:1066D800D7F8D4305B6DBC4A0B43C2F8E030D7F82A
:1066E800D430D3E9002302F0040A4FF0000B5AEA31
:1066F8000B030BD0B44BD3F8E03023F03001D7F8BC
:10670800D4309B6DB04A0B43C2F8E030D7F8D43090
:10671800D3E9002302F00803C7F8C8300023C7F8FC
:10672800CC30D7E932120B4613430BD0A64BD3F823
:10673800E03023F0C001D7F8D430DB6DA24A0B4318
:10674800C2F8E030D7F8D430D3E9002302F01003C0
:10675800C7F8C0300023C7F8C430D7E930120B4659
:1067680013430BD0984BD3F8E03023F44071D7F89B
:10677800D4301B6E944A0B43C2F8E030D7F8D430BB
:10678800D3E9002302F02003C7F8B8300023C7F884
:10679800BC30D7E92E120B4613430BD08A4BD3F8E3
:1067A800E83023F00701D7F8D4305B6E864A0B43F4
:1067B800C2F8E830D7F8D430D3E9002302F0400318
:1067C800C7F8B0300023C7F8B430D7E92C120B460D
:1067D80013430BD07C4BD3F8E03023F44061D7F857
:1067E800D4309B6E784A0B43C2F8E030D7F8D430E7
:1067F800D3E9002302F08003C7F8A8300023C7F8C4
:10680800AC30D7E92A120B4613430BD06E4BD3F8A2
:10681800E03023F44051D7F8D430DB6E6A4A0B439A
:10682800C2F8E030D7F8D430D3E9002302F48073FB
:10683800C7F8A0300023C7F8A430D7E928120B46C0
:1068480013430BD0604BD3F8E83023F0C001D7F8DE
:10685800D4301B6F5C4A0B43C2F8E830D7F8D43009
:10686800D3E9002302F48003C7F898300023C7F85F
:106878009C30D7E926120B4613430BD0524BD3F862
:10688800E03023F44041D7F8D4305B6F4E4A0B43D5
:10689800C2F8E030D7F8D430D3E9002302F400730B
:1068A800C7F890300023C7F89430D7E924120B4674
:1068B80013430BD0444BD3F8E83023F44061D7F8A6
:1068C800D4309B6F404A0B43C2F8E830D7F8D43035
:1068D800D3E9002302F48063C7F888300023C7F89F
:1068E8008C30D7E922120B4613430BD0364BD3F822
:1068F800E03023F44021D7F8D430DB6F324A0B4321
:10690800C2F8E030D7F8D430D3E9002302F40063AA
:10691800C7F880300023C7F88430D7E920120B4627
:1069280013430CD0284BD3F8E83023F44071D7F840
:10693800D430D3F88030244A0B43C2F8E830D7F873
:10694800D430D3E9002302F40053BB670023FB676C
:10695800D7E91E120B4613434FD0D7F8D430D3F8DB
:106968009030802B2DD0802B27D8602B2ED0602BF9
:1069780023D8402B06D0402B1FD8002B09D0202B22
:1069880011D01AE0104B9B6A0F4A43F4803393628C
:106998001DE0D7F8D4300833184602F017FA03463A
:1069A80087F8E33013E0D7F8D4302C33184602F0D8
:1069B800A5FA034687F8E33009E0012387F8E330B6
:1069C80005E000BF03E000BF000C024600BF97F8D7
:1069D800E330002B0DD1B64BD3F8E43023F0E001BF
:1069E800D7F8D430D3F89030B14A0B43C2F8E4302A
:1069F80003E097F8E33087F8E230D7F8D430D3E9EA
:106A0800002302F480433B6700237B67D7E91C120D
:106A18000B46134353D0D7F8D430D3F89430B3F59A
:106A2800806F33D0B3F5806F2CD8B3F5407F2FD06B
:106A3800B3F5407F26D8B3F5007F08D0B3F5007FC3
:106A480020D8002B0AD0B3F5807F11D01AE0984BDC
:106A58009B6A974A43F4803393621AE0D7F8D4309C
:106A68000833184602F0B2F9034687F8E33010E01D
:106A7800D7F8D4302C33184602F040FA034687F88A
:106A8800E33006E0012387F8E33002E000BF00E0CE
:106A980000BF97F8E330002B0DD1854BD3F8E430D5
:106AA80023F4E061D7F8D430D3F89430804A0B430C
:106AB800C2F8E43003E097F8E33087F8E230D7F81B
:106AC800D430D3E9002302F40043BB660023FB66FD
:106AD800D7E91A120B46134346D0D7F8D430D3F867
:106AE800A830B3F5A04F28D0B3F5A04F21D8B3F5FF
:106AF800804F22D0B3F5804F1BD8B3F5405F1CD030
:106B0800B3F5405F15D8B3F5005F08D0B3F5005F63
:106B18000FD8002B11D0B3F5805F0ED009E0D7F85D
:106B2800D4300833184602F051F9034687F8E330A9
:106B380004E0012387F8E33000E000BF97F8E33072
:106B4800002B0DD15A4BD3F8E83023F4E041D7F8A5
:106B5800D430D3F8A830564A0B43C2F8E83003E0E3
:106B680097F8E33087F8E230D7F8D430D3E9002338
:106B780002F480333B6600237B66D7E918120B4684
:106B880013433FD0D7F8D430D3F88830042B1ED81D
:106B980001A252F823F000BFDF6B0008B56B0008B4
:106BA800C36B0008DF6B0008DF6B0008404B9B6A73
:106BB8003F4A43F4803393620EE0D7F8D4302C3345
:106BC800184602F09BF9034687F8E33004E00123F6
:106BD80087F8E33000E000BF97F8E330002B0DD1D1
:106BE800334BD3F8E43023F00701D7F8D430D3F887
:106BF80088302F4A0B43C2F8E43003E097F8E330BB
:106C080087F8E230D7F8D430D3E9002302F4003310
:106C1800BB650023FB65D7E916120B4613434DD01D
:106C2800D7F8D430D3F88C30B3F5802F28D0B3F50B
:106C3800802F21D8B3F5403F24D0B3F5403F1BD86F
:106C4800B3F5003F0ED0B3F5003F15D8002B1BD08D
:106C5800B3F5803F10D1164B9B6A154A43F4803335
:106C6800936212E0D7F8D4302C33184602F046F974
:106C7800034687F8E33008E0012387F8E33004E0AF
:106C880000BF02E000BF00E000BF97F8E330002B30
:106C980010D1074BD3F8E83023F4E021D7F8D430EB
:106CA800D3F88C30024A0B43C2F8E83006E000BF44
:106CB800000C024697F8E33087F8E230D7F8D43072
:106CC800D3E9002302F480233B6500237B65D7E9E1
:106CD80014120B46134300F0B580002387F8E13007
:106CE8009D4BD3F8943003F00403002B13D19A4B37
:106CF800D3F89430984A43F00403C2F89430964B82
:106D0800D3F8943003F00403C7F8D830D7F8D83054
:106D1800012387F8E130914B9B6A904A43F00103C5
:106D28009362FCF79DFDC7F8DC000BE0FCF798FDCB
:106D38000246D7F8DC30D31A022B03D9032387F88D
:106D4800E33005E0854B9B6A03F00103002BEDD08F
:106D580097F8E330002B65D17F4BD3F8F03003F47C
:106D68004073C7F8E430D7F8E430002B23D0D7F8C5
:106D7800D430D3F8C020D7F8E43093421BD0764BF8
:106D8800D3F8F03023F44073C7F8E430724BD3F8EB
:106D9800F030714A43F48033C2F8F0306E4BD3F8C8
:106DA800F0306D4A23F48033C2F8F0306A4AD7F8DD
:106DB800E430C2F8F030D7F8E43003F00103002BD8
:106DC80019D0FCF74DFDC7F8DC000DE0FCF748FDD5
:106DD8000246D7F8DC30D21A41F288339A4203D9F6
:106DE800032387F8E33006E05B4BD3F8F03003F079
:106DF8000203002BEAD097F8E330002B0DD1564B55
:106E0800D3F8F03023F44071D7F8D430D3F8C03039
:106E1800514A0B43C2F8F03008E097F8E33087F89E
:106E2800E23003E097F8E33087F8E23097F8E13092
:106E3800012B07D1484BD3F89430474A23F0040379
:106E4800C2F89430D7F8D430D3E9002302F4801381
:106E5800BB640023FB64D7E912120B46134342D0EC
:106E6800D7F8D430D3F8A030B3F1406F22D0B3F1C3
:106E7800406F1BD8B3F1006F11D0B3F1006F15D874
:106E8800002B19D0B3F1806F10D1D7F8D430083364
:106E9800184601F09BFF034687F8E3300DE02E4BC0
:106EA8009B6A2D4A43F40033936206E0012387F876
:106EB800E33002E000BF00E000BF97F8E330002BAA
:106EC8000DD1254BD3F8E03023F04061D7F8D4300A
:106ED800D3F8A030204A0B43C2F8E03003E097F81B
:106EE800E33087F8E230D7F8D430D3E9002302F44E
:106EF80000233B6400237B64D7E910120B4613433D
:106F080032D0D7F8D430D3F89830B3F5005F0BD02F
:106F1800B3F5005F04D8002B08D0B3F5805F07D025
:106F2800012387F8E33004E000BF02E000BF00E07F
:106F380000BF97F8E330002B12D1074BD3F8E430A9
:106F480023F44051D7F8D430D3F89830024A0B4391
:106F5800C2F8E43008E000BF000C02460008024610
:106F680097F8E33087F8E230D7F8D430D3E9002334
:106F780002F48053BB630023FB63D7E90E120B4670
:106F880013430CD0984BD3F8E43023F40061D7F8BE
:106F9800D430D3F89C30944A0B43C2F8E430D7F885
:106FA800D430D3E9002302F400133B6300237B634E
:106FB800D7E90C120B46134319D0D7F8D430D3F8BD
:106FC800A430B3F5804F05D1874B9B6A864A43F4BA
:106FD80080339362844BD3F8E43023F48041D7F8AC
:106FE800D430D3F8A430804A0B43C2F8E430D7F841
:106FF800D430D3E9002302F40003BB620023FB6210
:10700800D7E90A120B4613430CD0774BD3F8E0307C
:1070180023F44012D7F8D430D3F8B430724913436C
:10702800C1F8E030D7F8D430D3E9002302F08073F8
:107038003B6200237B62D7E908120B4613430CD04E
:10704800694BD3F8E03023F44032D7F8D430D3F882
:10705800B83065491343C1F8E030D7F8D430D3E9E4
:10706800002302F00073BB610023FB61D7E906121D
:107078000B4613430CD05C4BD3F8E83023F01802CE
:10708800D7F8D430D3F8BC3057491343C1F8E830A7
:10709800D7F8D430D3E9002302F080633B610023A2
:1070A8007B61D7E904120B46134332D0D7F8D430AA
:1070B800D3F8B030B3F5001F05D14B4B9B6A4A4A51
:1070C80043F400339362D7F8D430D3F8B030B3F533
:1070D800401F08D1D7F8D4300833184601F076FE9F
:1070E800034687F8E33097F8E330002B0DD13E4B89
:1070F800D3F8E43023F44012D7F8D430D3F8B030C2
:1071080039491343C1F8E43003E097F8E33087F8CE
:10711800E230D7F8D430D3E9002302F00063BB6033
:107128000023FB60D7E902120B4613433AD0D7F885
:10713800D430D3F88430B3F1007F0ED0B3F1007FA0
:1071480015D8002B17D0B3F1807F10D1264B9B6A3E
:10715800254A43F4003393620EE0D7F8D43008335D
:10716800184601F033FE034687F8E33004E00123B4
:1071780087F8E33000E000BF97F8E330002B0DD12B
:10718800194BD3F8E03023F04072D7F8D430D3F855
:10719800843015491343C1F8E03003E097F8E33031
:1071A80087F8E230D7F8D430D3E9002302F08053CF
:1071B8003B6000237B60D7E900120B4613430CD0D9
:1071C800094BD3F8E83023F40042D7F8D430D3F889
:1071D800AC3005491343C1F8E83097F8E230184657
:1071E800E837BD46BDE8B08F000C024680B489B0D0
:1071F80000AF7860A64B5B6BC3F30803BB61A44B7D
:107208009B6A03F003037B61A14B9B6A1B0A03F093
:107218000F0301333B619E4B9B6A1B0903F001037B
:10722800FB609B4B9B6BDB08C3F30C03FA6802FB08
:1072380003F307EE903AF8EE677AC7ED027A7B69B6
:10724800032B62D07B69032B00F281807B69012BC1
:1072580024D07B69022B7AD13B6907EE903AF8EE8D
:10726800677ADFED8C6A86EEA77A894B5B6BC3F38E
:10727800080307EE903AF8EE676A97ED026ADFEDC9
:10728800865AC6EE257A76EEA77AF7EE006A77EE8A
:10729800A67A67EE277AC7ED077A8FE07C4B9B6862
:1072A80003F40003002B05D0794B9B681B0F03F0F8
:1072B8000F0306E0764BD3F8F4301B041B0F03F0E2
:1072C8000F03764A52F8233007EE903AF8EE676AD1
:1072D8003B6907EE903AF8EE677A86EEA77ABB69C3
:1072E80007EE903AF8EE676A97ED026ADFED6A5AA0
:1072F800C6EE257A76EEA77AF7EE006A77EEA67ADA
:1073080067EE277AC7ED077A58E03B6907EE903AAF
:10731800F8EE677ADFED5F6A86EEA77A5C4B5B6B07
:10732800C3F3080307EE903AF8EE676A97ED026A2E
:10733800DFED595AC6EE257A76EEA77AF7EE006A9F
:1073480077EEA67A67EE277AC7ED077A36E0504BD4
:107358009B6803F40003002B05D04D4B9B681B0F63
:1073680003F00F0306E04A4BD3F8F4301B041B0F5D
:1073780003F00F03494A52F8233007EE903AF8EE2B
:10738800676A3B6907EE903AF8EE677A86EEA77A65
:10739800BB6907EE903AF8EE676A97ED026ADFED8F
:1073A8003E5AC6EE257A76EEA77AF7EE006A77EEB1
:1073B800A67A67EE277AC7ED077A00BF344B9B6A37
:1073C80003F48033002B17D0314B5B6B5B0A03F05F
:1073D8007F0307EE903AF8EE677AB7EE007A37EE59
:1073E800877AD7ED076AC6EE877AFCEEE77A17EE5A
:1073F800902A7B681A6002E07B6800221A60244B9E
:107408009B6A03F40033002B17D0214B5B6B1B0CDA
:1074180003F07F0307EE903AF8EE677AB7EE007A4A
:1074280037EE877AD7ED076AC6EE877AFCEEE77AF9
:1074380017EE902A7B685A6002E07B6800225A6047
:10744800134B9B6A03F48023002B17D0104B5B6B04
:107458001B0E03F07F0307EE903AF8EE677AB7EE5B
:10746800007A37EE877AD7ED076AC6EE877AFCEEA0
:10747800E77A17EE902A7B689A6002E07B68002220
:107488009A6000BF2437BD465DF8047B704700BF93
:10749800000C02460024744B0000004608730208E2
:1074A80080B489B000AF7860A64BDB6BC3F30803E8
:1074B800BB61A44BDB6A03F003037B61A14BDB6A6E
:1074C8001B0A03F00F0301333B619E4BDB6A1B0968
:1074D80003F00103FB609B4B1B6CDB08C3F30C033D
:1074E800FA6802FB03F307EE903AF8EE677AC7ED05
:1074F800027A7B69032B62D07B69032B00F28180BF
:107508007B69012B24D07B69022B7AD13B6907EE7A
:10751800903AF8EE677ADFED8C6A86EEA77A894BA7
:10752800DB6BC3F3080307EE903AF8EE676A97ED52
:10753800026ADFED865AC6EE257A76EEA77AF7EE6E
:10754800006A77EEA67A67EE277AC7ED077A8FE0AA
:107558007C4B9B6803F40003002B05D0794B9B6898
:107568001B0F03F00F0306E0764BD3F8F4301B042F
:107578001B0F03F00F03764A52F8233007EE903AB8
:10758800F8EE676A3B6907EE903AF8EE677A86EE9E
:10759800A77ABB6907EE903AF8EE676A97ED026A38
:1075A800DFED6A5AC6EE257A76EEA77AF7EE006A1C
:1075B80077EEA67A67EE277AC7ED077A58E03B6937
:1075C80007EE903AF8EE677ADFED5F6A86EEA77A03
:1075D8005C4BDB6BC3F3080307EE903AF8EE676A7F
:1075E80097ED026ADFED595AC6EE257A76EEA77A4C
:1075F800F7EE006A77EEA67A67EE277AC7ED077A84
:1076080036E0504B9B6803F40003002B05D04D4B2C
:107618009B681B0F03F00F0306E04A4BD3F8F430C6
:107628001B041B0F03F00F03494A52F8233007EEDF
:10763800903AF8EE676A3B6907EE903AF8EE677A97
:1076480086EEA77ABB6907EE903AF8EE676A97ED7F
:10765800026ADFED3E5AC6EE257A76EEA77AF7EE95
:10766800006A77EEA67A67EE277AC7ED077A00BF39
:10767800344BDB6A03F48033002B17D0314BDB6BC0
:107688005B0A03F07F0307EE903AF8EE677AB7EEED
:10769800007A37EE877AD7ED076AC6EE877AFCEE6E
:1076A800E77A17EE902A7B681A6002E07B6800226E
:1076B8001A60244BDB6A03F40033002B17D0214BEC
:1076C800DB6B1B0C03F07F0307EE903AF8EE677A4A
:1076D800B7EE007A37EE877AD7ED076AC6EE877A73
:1076E800FCEEE77A17EE902A7B685A6002E07B6826
:1076F80000225A60134BDB6A03F48023002B17D057
:10770800104BDB6B1B0E03F07F0307EE903AF8EE8D
:10771800677AB7EE007A37EE877AD7ED076AC6EE52
:10772800877AFCEEE77A17EE902A7B689A6002E087
:107738007B6800229A6000BF2437BD465DF8047B51
:10774800704700BF000C02460024744B000000463E
:107758000873020880B489B000AF7860A64B5B6CF0
:10776800C3F30803BB61A44B1B6B03F003037B61EA
:10777800A14B1B6B1B0A03F00F0301333B619E4BAC
:107788001B6B1B0903F00103FB609B4B9B6CDB0825
:10779800C3F30C03FA6802FB03F307EE903AF8EE22
:1077A800677AC7ED027A7B69032B62D07B69032B6A
:1077B80000F281807B69012B24D07B69022B7AD16E
:1077C8003B6907EE903AF8EE677ADFED8C6A86EE51
:1077D800A77A894B5B6CC3F3080307EE903AF8EE7F
:1077E800676A97ED026ADFED865AC6EE257A76EE6D
:1077F800A77AF7EE006A77EEA67A67EE277AC7EDE2
:10780800077A8FE07C4B9B6803F40003002B05D0BC
:10781800794B9B681B0F03F00F0306E0764BD3F8F8
:10782800F4301B041B0F03F00F03764A52F8233081
:1078380007EE903AF8EE676A3B6907EE903AF8EE81
:10784800677A86EEA77ABB6907EE903AF8EE676A20
:1078580097ED026ADFED6A5AC6EE257A76EEA77AC8
:10786800F7EE006A77EEA67A67EE277AC7ED077A11
:1078780058E03B6907EE903AF8EE677ADFED5F6A09
:1078880086EEA77A5C4B5B6CC3F3080307EE903A6D
:10789800F8EE676A97ED026ADFED595AC6EE257A67
:1078A80076EEA77AF7EE006A77EEA67A67EE277A81
:1078B800C7ED077A36E0504B9B6803F40003002BB2
:1078C80005D04D4B9B681B0F03F00F0306E04A4B96
:1078D800D3F8F4301B041B0F03F00F03494A52F886
:1078E800233007EE903AF8EE676A3B6907EE903A64
:1078F800F8EE677A86EEA77ABB6907EE903AF8EE5B
:10790800676A97ED026ADFED3E5AC6EE257A76EE93
:10791800A77AF7EE006A77EEA67A67EE277AC7EDC0
:10792800077A00BF344B1B6B03F48033002B17D04E
:10793800314B5B6C5B0A03F07F0307EE903AF8EE7D
:10794800677AB7EE007A37EE877AD7ED076AC6EE20
:10795800877AFCEEE77A17EE902A7B681A6002E0D5
:107968007B6800221A60244B1B6B03F40033002B46
:1079780017D0214B5B6C1B0C03F07F0307EE903A8A
:10798800F8EE677AB7EE007A37EE877AD7ED076AAE
:10799800C6EE877AFCEEE77A17EE902A7B685A6083
:1079A80002E07B6800225A60134B1B6B03F48023B0
:1079B800002B17D0104B5B6C1B0E03F07F0307EEF8
:1079C800903AF8EE677AB7EE007A37EE877AD7ED15
:1079D800076AC6EE877AFCEEE77A17EE902A7B688C
:1079E8009A6002E07B6800229A6000BF2437BD4697
:1079F8005DF8047B704700BF000C02460024744BFE
:107A0800000000460873020880B58EB000AFC7E9D1
:107A18000001D7E90023A2F580210B4345D1A74BEC
:107A2800D3F8F03003F440733B63A44BD3F8F03041
:107A380003F00203022B08D13B6BB3F5807F04D11E
:107A48004FF400437B6301F0B3B99C4BD3F8F0309B
:107A580003F00063B3F1006F14D13B6BB3F5007F03
:107A680010D1964BD3F8F03003F08053B3F1805F18
:107A780003D1FA237B6301F09BB94FF4FA437B638C
:107A880001F096B98D4B1B6803F40033B3F5003F42
:107A980007D13B6BB3F5407F03D1894B7B6301F082
:107AA80087B900237B6301F083B9D7E90023A2F5E6
:107AB80000510B4351D1814BD3F8E43003F0E0037C
:107AC8003B633B6B802B35D03B6B802B41D83B6BAA
:107AD800602B2AD03B6B602B3BD83B6B402B09D0EB
:107AE8003B6B402B35D83B6B002B0CD03B6B202BD2
:107AF80012D02EE007F124031846FFF777FB7B6AC4
:107B08007B6301F055B907F118031846FFF7C8FC65
:107B1800BB697B6301F04CB907F10C031846FFF70A
:107B280019FEFB687B6301F043B94BF680337B6336
:107B380001F03EB9614B1B6803F48063B3F5806FB5
:107B480003D1604B7B6301F033B900237B6301F001
:107B58002FB900237B6301F02BB9D7E90023A2F5E5
:107B680080410B4358D1554BD3F8E43003F4E0631C
:107B78003B633B6BB3F5806F3BD03B6BB3F5806FDA
:107B880046D83B6BB3F5407F2ED03B6BB3F5407FB7
:107B98003ED83B6BB3F5007F0BD03B6BB3F5007F52
:107BA80036D83B6B002B0DD03B6BB3F5807F12D0E2
:107BB8002EE007F124031846FFF718FB7B6A7B6366
:107BC80001F0F6B807F118031846FFF769FCBB691E
:107BD8007B6301F0EDB807F10C031846FFF7BAFD17
:107BE800FB687B6301F0E4B84BF680337B6301F0FC
:107BF800DFB8324B1B6803F48063B3F5806F03D1A1
:107C0800304B7B6301F0D4B800237B6301F0D0B81C
:107C180000237B6301F0CCB8D7E90023A2F580519B
:107C28000B4326D1254BD3F8E43003F400633B63C0
:107C3800224B1B6803F48063B3F5806F06D13B6B5E
:107C4800002B03D11F4B7B6301F0B2B81B4B1B68A1
:107C580003F48063B3F5806F07D13B6BB3F5006F16
:107C680003D1194B7B6301F0A3B800237B6301F0B8
:107C78009FB8D7E90023A2F580110B436ED10F4BB3
:107C8800D3F8E03003F040633B633B6BB3F1406FE4
:107C98003DD03B6BB3F1406F5CD83B6BB3F1006FE9
:107CA80014D03B6BB3F1006F54D83B6B002B1FD043
:107CB8003B6BB3F1806F12D04CE000BF000C024662
:107CC80020A107000024F40000127A0007F1240321
:107CD8001846FFF78BFABB6A7B6301F069B807F1B6
:107CE80018031846FFF7DCFBFB697B6301F060B8FB
:107CF800A74B1B6803F40053B3F5005F03D1A54BF2
:107D08007B6301F055B800237B6301F051B8A04BA9
:107D18001B6803F02003202B18D19D4B9B6803F4AC
:107D28000003002B05D09A4B9B681B0E03F00F0332
:107D380006E0974BD3F8F4301B041B0E03F00F0337
:107D4800954A52F823307B6301F032B800237B63F5
:107D580001F02EB800237B6301F02AB8D7E900238D
:107D6800A2F500110B437FD1894BD3F8E43003F41B
:107D780080433B633B6B002B65D1854BD3F8E030E8
:107D880003F040633B633B6BB3F1406F34D03B6B14
:107D9800B3F1406F53D83B6BB3F1006F0BD03B6B23
:107DA800B3F1006F4BD83B6B002B16D03B6BB3F194
:107DB800806F09D043E007F124031846FFF716FA4D
:107DC800BB6A7B6300F0F4BF07F118031846FFF79E
:107DD80067FBFB697B6300F0EBBF6D4B1B6803F42B
:107DE8000053B3F5005F03D16A4B7B6300F0E0BF3B
:107DF80000237B6300F0DCBF654B1B6803F02003A6
:107E0800202B18D1624B9B6803F40003002B05D08C
:107E18005F4B9B681B0E03F00F0306E05C4BD3F827
:107E2800F4301B041B0E03F00F035B4A52F8233097
:107E38007B6300F0BDBF00237B6300F0B9BF002364
:107E48007B6300F0B5BF3B6BB3F5804F08D107F1FA
:107E580024031846FFF7CAF97B6A7B6300F0A8BFC2
:107E680000237B6300F0A4BFD7E90023511E0B4316
:107E780036D1474BD3F8E03003F003033B633B6B49
:107E8800002B04D1FEF744FB786300F091BF3B6BF5
:107E9800012B04D1FEF70CFA786300F089BF3C4B44
:107EA8001B6803F48063B3F5806F06D13B6B022B2C
:107EB80003D13A4B7B6300F07BBF354BD3F8F030EE
:107EC80003F00203022B07D13B6B032B04D14FF4C1
:107ED80000437B6300F06CBF00237B6300F068BF46
:107EE800D7E90023911E0B4336D1294BD3F8E03054
:107EF80003F00C033B633B6B002B04D1FEF7F4FA51
:107F0800786300F055BF3B6B042B04D1FEF7D0F922
:107F1800786300F04DBF1E4B1B6803F48063B3F514
:107F2800806F06D13B6B082B03D11C4B7B6300F0A1
:107F38003FBF174BD3F8F03003F00203022B07D1F1
:107F48003B6B0C2B04D14FF400437B6300F030BF34
:107F580000237B6300F02CBFD7E90023111F0B43DC
:107F68003FD10B4BD3F8E03003F030033B633B6B5E
:107F7800002B04D1FEF7B8FA786300F019BF3B6B09
:107F8800102B0DD1FEF794F9786300F011BF00BFF4
:107F9800000C0246006CDC02087302080024F4009E
:107FA800A64B1B6803F48063B3F5806F06D13B6B67
:107FB800202B03D1A24B7B6300F0FABE9F4BD3F872
:107FC800F03003F00203022B07D13B6B302B04D1B6
:107FD8004FF400437B6300F0EBBE00237B6300F0AB
:107FE800E7BED7E90023A2F108010B4336D1934B32
:107FF800D3F8E03003F0C0033B633B6B002B04D1A4
:10800800FEF772FA786300F0D3BE3B6B402B04D1C5
:10801800FEF74EF9786300F0CBBE884B1B6803F47B
:108028008063B3F5806F06D13B6B802B03D1844B03
:108038007B6300F0BDBE814BD3F8F03003F0020340
:10804800022B07D13B6BC02B04D14FF400437B6359
:1080580000F0AEBE00237B6300F0AABED7E9002380
:10806800A2F110010B4339D1744BD3F8E03003F47B
:1080780040733B633B6B002B04D1FEF735FA786302
:1080880000F096BE3B6BB3F5807F04D1FEF710F984
:10809800786300F08DBE694B1B6803F48063B3F509
:1080A800806F07D13B6BB3F5007F03D1644B7B63D3
:1080B80000F07EBE614BD3F8F03003F00203022BD0
:1080C80008D13B6BB3F5407F04D14FF400437B6389
:1080D80000F06EBE00237B6300F06ABED7E9002380
:1080E800A2F120010B4358D1544BD3F8E83003F0E8
:1080F80007033B633B6B002B04D1FEF71DFA786343
:1081080000F056BE3B6B012B04D1FEF7D1F8786323
:1081180000F04EBE494B1B6803F48063B3F5806FD3
:1081280006D13B6B022B03D1454B7B6300F040BE6D
:10813800424BD3F8F03003F00203022B07D13B6B1C
:10814800032B04D14FF400437B6300F031BE3B4B5B
:108158001B6803F02003202B1BD13B6B042B18D189
:10816800364B9B6803F40003002B05D0334B9B6808
:108178001B0E03F00F0306E0304BD3F8F4301B045A
:108188001B0E03F00F032F4A52F823307B6300F0D5
:108198000FBE00237B6300F00BBED7E90023A2F5D6
:1081A80000410B4372D1254BD3F8E83003F4E04388
:1081B8003B633B6BB3F5805F04D1FEF779F87863D6
:1081C80000F0F6BD3B6BB3F5005F08D107F118036B
:1081D8001846FFF765F93B6A7B6300F0E9BD3B6B26
:1081E800002B04D1FEF766F9786300F0E1BD3B6B24
:1081F800B3F5A04F28D1114B1B6803F02003202BA7
:1082080018D10E4B9B6803F40003002B05D00B4BD1
:108218009B681B0E03F00F0306E0084BD3F8F430FD
:108228001B041B0E03F00F03064A52F823307B632E
:1082380000F0BEBD00237B6300F0BABD000C02460F
:108248000024F40008730208AF4B1B6803F40033E2
:10825800B3F5003F07D13B6BB3F5405F03D1AB4BA0
:108268007B6300F0A5BDA84B1B6803F48063B3F5DE
:10827800806F07D13B6BB3F5804F03D1A34B7B6372
:1082880000F096BD00237B6300F092BDD7E9002380
:10829800A2F580310B4358D19B4BD3F8E43003F05F
:1082A80007033B633B6B042B4BD801A252F823F026
:1082B800F1820008CD820008DF820008FB820008F6
:1082C8000583000807F124031846FEF78FFF7B6A31
:1082D8007B6300F06DBD07F10C031846FFF73AFA0F
:1082E8003B697B6300F064BDFEF7E4F8786300F057
:1082F8005FBD4BF680337B6300F05ABD824B1B6831
:1083080003F02003202B18D17F4B9B6803F4000354
:10831800002B05D07C4B9B681B0E03F00F0306E077
:10832800794BD3F8F4301B041B0E03F00F03784A83
:1083380052F823307B6300F03BBD00237B6300F0E1
:1083480037BD00237B6300F033BDD7E90023A2F5D6
:1083580000310B4367D16C4BD3F8E83003F4E023CA
:108368003B633B6BB3F5802F36D03B6BB3F5802F67
:1083780055D83B6BB3F5403F29D03B6BB3F5403F35
:108388004DD83B6BB3F5003F13D03B6BB3F5003FC3
:1083980045D83B6B002B15D03B6BB3F5803F3ED1E6
:1083A80007F124031846FEF721FF7B6A7B6300F080
:1083B800FFBC07F10C031846FFF7CCF93B697B6358
:1083C80000F0F6BCFEF776F8786300F0F1BC4BF6E7
:1083D80080337B6300F0ECBC4B4B1B6803F020033D
:1083E800202B18D1484B9B6803F40003002B05D0C1
:1083F800454B9B681B0E03F00F0306E0424BD3F876
:10840800F4301B041B0E03F00F03414A52F82330CB
:108418007B6300F0CDBC00237B6300F0C9BC002364
:108428007B6300F0C5BCD7E90023A2F140010B43F0
:108438004CD1354BD3F8E03003F440633B633B6BDE
:10844800002B04D1FEF750F8786300F0B1BC3B6B09
:10845800B3F5806F04D1FDF72BFF786300F0A8BC5B
:10846800294B1B6803F48063B3F5806F07D13B6B1E
:10847800B3F5006F03D1254B7B6300F099BC224B09
:108488001B6803F02003202B1CD13B6BB3F5406F16
:1084980018D11D4B9B6803F40003002B05D01A4B21
:1084A8009B681B0E03F00F0306E0174BD3F8F4305C
:1084B8001B041B0E03F00F03154A52F823307B638D
:1084C80000F076BC00237B6300F072BCD7E9002380
:1084D800A2F180010B4353D10B4BD3F8E03003F4E6
:1084E80040533B633B6B002B04D1FDF7FDFF7863E2
:1084F80000F05EBC3B6BB3F5805F0BD1FDF7D8FE97
:10850800786300F055BC00BF000C02460024F4005C
:1085180008730208A14B1B6803F48063B3F5806FEE
:1085280007D13B6BB3F5005F03D19D4B7B6300F034
:108538003FBC9A4B1B6803F02003202B1CD13B6BDC
:10854800B3F5405F18D1954B9B6803F40003002BEB
:1085580005D0924B9B681B0E03F00F0306E08F4B70
:10856800D3F8F4301B041B0E03F00F038D4A52F8A6
:1085780023307B6300F01CBC00237B6300F018BC35
:10858800D7E90023A2F580710B4351D1834BD3F86F
:10859800E83003F0C0033B633B6BC02B24D03B6B3C
:1085A800C02B42D83B6B802B0DD03B6B802B3CD82B
:1085B8003B6B002B03D03B6B402B11D035E0FDF714
:1085C800BBFF7863F4E3754B1B6803F48063B3F572
:1085D800806F02D1724B7B63EAE300237B63E7E39E
:1085E800FDF766FE7863E3E36C4B1B6803F020033A
:1085F800202B17D1694B9B6803F40003002B05D08F
:10860800664B9B681B0E03F00F0306E0634BD3F821
:10861800F4301B041B0E03F00F03624A52F8233098
:108628007B63C5E300237B63C2E300237B63BFE373
:10863800D7E90023A2F580010B4347D1574BD3F864
:10864800E03003F440433B633B6B002B03D1FDF761
:108658004BFF7863ACE33B6BB3F5804F03D1FDF779
:1086680027FE7863A4E34D4B1B6803F48063B3F5DE
:10867800806F06D13B6BB3F5004F02D1484B7B634B
:1086880096E3464B1B6803F02003202B1BD13B6B62
:10869800B3F5404F17D1414B9B6803F40003002BFF
:1086A80005D03E4B9B681B0E03F00F0306E03B4BC7
:1086B800D3F8F4301B041B0E03F00F03394A52F8A9
:1086C80023307B6374E300237B6371E3D7E90023E2
:1086D800A2F500610B436AD1304BD3F8E83003F4BC
:1086E80040733B633B6B002B20D12C4B1B6803F082
:1086F8002003202B17D1294B9B6803F40003002B80
:1087080005D0264B9B681B0E03F00F0306E0234B96
:10871800D3F8F4301B041B0E03F00F03214A52F860
:1087280023307B6344E300237B6341E31B4BD3F893
:10873800F03003F00063B3F1006F12D13B6BB3F577
:10874800807F0ED1154BD3F8F03003F08053B3F18E
:10875800805F02D1FA237B632AE34FF4FA437B63F9
:1087680026E30E4B1B6803F48063B3F5806F06D1D4
:108778003B6BB3F5007F02D1094B7B6318E3074BD2
:10878800D3F8F03003F00203022B0DD13B6BB3F5A5
:10879800407F09D14FF400437B6309E3000C024694
:1087A8000024F4000873020800237B6300E3D7E980
:1087B8000023A2F500710B4364D1A24BD3F8E83033
:1087C80003F440633B633B6B002B20D19D4B1B683C
:1087D80003F02003202B17D19A4B9B6803F4000366
:1087E800002B05D0974B9B681B0E03F00F0306E088
:1087F800944BD3F8F4301B041B0E03F00F03924A7A
:1088080052F823307B63D3E200237B63D0E28D4BA5
:10881800D3F8F03003F00063B3F1006F12D13B6B73
:10882800B3F5806F0ED1874BD3F8F03003F0805347
:10883800B3F1805F02D1FA237B63B9E24FF4FA43C4
:108848007B63B5E27F4B1B6803F48063B3F5806FED
:1088580006D13B6BB3F5006F02D17C4B7B63A7E27B
:10886800784BD3F8F03003F00203022B07D13B6BAF
:10887800B3F5406F03D14FF400437B6398E20023C4
:108888007B6395E2D7E90023A2F580610B4347D1CA
:108898006C4BD3F8E03003F440233B633B6B002B75
:1088A80003D1FDF721FE786382E2664BD3F8F030FE
:1088B80003F00063B3F1006F12D13B6BB3F5802F67
:1088C8000ED1604BD3F8F03003F08053B3F1805FE2
:1088D80002D1FA237B636BE24FF4FA437B6367E2CE
:1088E800584B1B6803F48063B3F5806F06D13B6B6C
:1088F800B3F5002F02D1554B7B6359E2514BD3F8A6
:10890800F03003F00203022B07D13B6BB3F5402F85
:1089180003D14FF400437B634AE200237B6347E2C1
:10892800D7E9002302F178410B432DD1454BD3F809
:10893800E03003F040733B63424B1B6803F40033A1
:10894800B3F5003F05D13B6B002B02D13F4B7B6356
:108958002EE23B6BB3F1807F07D107F12403184661
:10896800FEF744FCBB6A7B6322E23B6BB3F1007FFA
:1089780007D107F118031846FEF792FDBB697B6320
:1089880016E200237B6313E2D7E90023A2F5000176
:108998000B435DD12B4BD3F8E03003F440133B631A
:1089A8003B6BB3F5401F28D03B6BB3F5401F45D850
:1089B8003B6BB3F5001F13D03B6BB3F5001F3DD8DD
:1089C8003B6B002B04D03B6BB3F5801F04D035E024
:1089D800FDF79EFD7863EBE1FDF76AFC7863E7E15C
:1089E800184B1B6803F48063B3F5806F02D1174BF3
:1089F8007B63DDE100237B63DAE1124B1B6803F044
:108A08002003202B17D10F4B9B6803F40003002B86
:108A180005D00C4B9B681B0E03F00F0306E0094BB7
:108A2800D3F8F4301B041B0E03F00F03064A52F868
:108A380023307B63BCE100237B63B9E100237B63C4
:108A4800B6E100BF000C0246087302080024F400D7
:108A5800D7E9002302F17F410B4356D1A54BD3F848
:108A6800E03003F440333B633B6BB3F5403F28D021
:108A78003B6BB3F5403F45D83B6BB3F5003F13D094
:108A88003B6BB3F5003F3DD83B6B002B04D03B6BF1
:108A9800B3F5803F04D035E0FDF726FD786387E124
:108AA800FDF706FC786383E1924B1B6803F480634F
:108AB800B3F5806F02D1904B7B6379E100237B6330
:108AC80076E18C4B1B6803F02003202B17D1894BD0
:108AD8009B6803F40003002B05D0864B9B681B0E94
:108AE80003F00F0306E0834BD3F8F4301B041B0E8E
:108AF80003F00F03814A52F823307B6358E10023C7
:108B08007B6355E100237B6352E1D7E9002302F13F
:108B18007E410B4377D1774BD3F8E83003F0180345
:108B28003B633B6B182B6BD801A252F823F000BFB4
:108B38009D8B0008098C0008098C0008098C000826
:108B4800098C0008098C0008098C0008098C0008A9
:108B5800A58B0008098C0008098C0008098C0008FE
:108B6800098C0008098C0008098C0008098C000889
:108B7800AD8B0008098C0008098C0008098C0008D6
:108B8800098C0008098C0008098C0008098C000869
:108B9800C78B0008FDF7D0FC786309E1FDF788FB77
:108BA800786305E1534B1B6803F48063B3F5806F6A
:108BB80002D1514B7B63FBE000237B63F8E04D4B14
:108BC8001B6803F02003202B17D14A4B9B6803F442
:108BD8000003002B05D0474B9B681B0E03F00F03C7
:108BE80006E0444BD3F8F4301B041B0E03F00F03CC
:108BF800424A52F823307B63DAE000237B63D7E0F4
:108C080000237B63D4E0D7E9002302F17C410B43C6
:108C180055D1384BD3F8E43003F440133B633B6B36
:108C2800B3F5401F13D03B6BB3F5401F44D83B6BE3
:108C3800B3F5001F13D03B6BB3F5001F3CD83B6B5B
:108C4800002B14D03B6BB3F5801F14D034E007F130
:108C580018031846FEF724FCFB697B63A8E007F1BC
:108C680024031846FEF7C2FABB6A7B63A0E0FDF74F
:108C78001FFB78639CE01F4B1B6803F02003202B2D
:108C880017D11C4B9B6803F40003002B05D0194B2C
:108C98009B681B0E03F00F0306E0164BD3F8F43065
:108CA8001B041B0E03F00F03144A52F823307B6396
:108CB8007EE000237B637BE000237B6378E0D7E9D9
:108CC800002302F170410B4338D10A4BD3F8E83046
:108CD80003F400433B63074BD3F8F03003F002037F
:108CE800022B0DD13B6B002B0AD14FF400437B6361
:108CF8005EE000BF000C02460024F400087302087E
:108D08002E4BD3F8F03003F00063B3F1006F12D1AB
:108D18003B6BB3F5004F0ED1284BD3F8F03003F07E
:108D28008053B3F1805F02D1FA237B6340E04FF4B4
:108D3800FA437B633CE000237B6339E0D7E90023F7
:108D4800A2F500210B4331D11C4BD3F8E43003F4D6
:108D580040533B63194B1B6803F40053B3F5005FA2
:108D680005D13B6B002B02D1154B7B6320E0134BE5
:108D78001B6803F40053B3F5005F06D13B6BB3F5F2
:108D8800805F02D10F4B7B6312E00C4B1B6803F42E
:108D98008063B3F5806F06D13B6BB3F5005F02D1FA
:108DA800094B7B6304E000237B6301E000237B63C2
:108DB8007B6B18463837BD4680BD00BF000C0246A5
:108DC800006CDC0200366E010024F40080B584B02B
:108DD80000AF7860474B1B68464A23F080631360F6
:108DE800FAF73EFDF86008E0FAF73AFD0246FB683C
:108DF800D31A022B01D9032377E03E4B1B6803F0FB
:108E08000063002BF0D13B4BDB6A23F4706323F043
:108E180003037A6811687A685268013A12020A43B1
:108E280034491343CB62334BDA6B334B13407A68C4
:108E38009268013AC2F308017A68D268013A52028C
:108E480092B211437A681269013A120402F4FE02DE
:108E580011437A685269013A120602F0FE420A4347
:108E680024491343CB63234BDB6A23F00C027B6852
:108E78009B6920491343CB621E4BDA6A7B681B6AE5
:108E88001C491343CB621B4BDB6A1A4A23F01003BD
:108E9800D362184B1B6C23F47F4323F0F8037A68E2
:108EA800D269D200134913430B64124BDB6A114A8F
:108EB80043F01003D3620F4B1B680E4A43F08063E4
:108EC8001360FAF7CDFCF86008E0FAF7C9FC02462F
:108ED800FB68D31A022B01D9032306E0054B1B6854
:108EE80003F00063002BF0D0002318461037BD466E
:108EF80080BD00BF000C02460000808080B584B0B1
:108F080000AF7860474B1B68464A23F080531360D4
:108F1800FAF7A6FCF86008E0FAF7A2FC0246FB683C
:108F2800D31A022B01D9032377E03E4B1B6803F0C9
:108F38000053002BF0D13B4B1B6B23F4706323F0E1
:108F480003037A6811687A685268013A12020A4380
:108F5800344913430B63334B5A6C334B13407A68D1
:108F68009268013AC2F308017A68D268013A52025B
:108F780092B211437A681269013A120402F4FE02AD
:108F880011437A685269013A120602F0FE420A4316
:108F9800244913434B64234B1B6B23F00C027B685F
:108FA8009B69204913430B631E4B1A6B7B681B6A32
:108FB8001C4913430B631B4B1B6B1A4A23F010030A
:108FC8001363184B9B6C23F47F4323F0F8037A68F0
:108FD800D269D200134913438B64124B1B6B114A9D
:108FE80043F0100313630F4B1B680E4A43F0805382
:108FF8001360FAF735FCF86008E0FAF731FC02462E
:10900800FB68D31A022B01D9032306E0054B1B6822
:1090180003F00053002BF0D0002318461037BD464C
:1090280080BD00BF000C02460000808080B582B081
:1090380000AF78607B68002B01D1012342E07B6898
:10904800D3F88830002B06D17B68002283F884206F
:109058007868F9F74BF97B682422C3F888207B6885
:109068001B681A687B681B6822F001021A607B681B
:109078009B6A002B02D0786800F072FA786800F0DA
:10908800CDF80346012B01D101231BE07B681B6847
:109098005A687B681B6822F490425A607B681B6898
:1090A8009A687B681B6822F02A029A607B681B68B2
:1090B8001A687B681B6842F001021A60786800F041
:1090C800F1FA034618460837BD4680BD80B58AB018
:1090D80002AFF860B9603B601346FB80FB68D3F8C9
:1090E8008830202B40F09580BB68002B02D0FB888D
:1090F800002B01D101238DE0FB681B689B6803F0FE
:109108008003802B07D1FB681B689A68FB681B6883
:1091180022F080029A60FB680022C3F89020FB6866
:109128002122C3F88820FAF79BFB7861FB68FA884C
:10913800A3F85420FB68FA88A3F85620FB689B68BC
:10914800B3F5805F08D1FB681B69002B04D10023AD
:10915800FB61BB68BB6103E0BB68FB610023BB61CB
:109168003AE03B6800937B6900228021F86800F0B0
:1091780043FB0346002B05D0FB682022C3F8882058
:10918800032347E0FB69002B0BD1BB691B881A46F8
:10919800FB681B68C2F308029A62BB690233BB61B1
:1091A80007E0FB691A78FB681B689A62FB69013360
:1091B800FB61FB68D3F8883003F02103212B09D128
:1091C800FB68B3F856309BB2013B9AB2FB68A3F830
:1091D800562001E001231DE0FB68B3F856309BB22E
:1091E800002BBED13B6800937B6900224021F868C0
:1091F80000F002FB0346002B05D0FB682022C3F8D1
:109208008820032306E0FB682022C3F88820002377
:1092180000E0022318462037BD4680BD2DE9B04F37
:1092280094B000AFF862002387F84730FB6A1A68E9
:109238007E4B9A42FB6A9A68FB6A1B691A43FB6A6F
:109248005B691A43FB6ADB691343FB64FB6A1B68AF
:109258001B6877491940FB6A1A68FB6C0B4313605B
:10926800FB6A1B685B6823F44050FB6AD968FB6A99
:109278001A6840EA01035360FB6A9B69FB64FB6A56
:109288001A686A4B9A4209D0FB6A1A68694B9A4273
:1092980004D0FB6A1A6AFB6C1343FB64FB6A1B6805
:1092A8009B6823F06E4121F43061FB6A1A68FB6CFD
:1092B8000B439360FB6A1B68DB6A23F00F00FB6AB1
:1092C800596AFB6A1A6840EA0103D362FB6A1A68A2
:1092D800594B9A4202D10123BB6429E0FB6A1A6800
:1092E800564B9A4202D10223BB6421E0FB6A1A68FA
:1092F800534B9A4202D10423BB6419E0FB6A1A68F3
:10930800504B9A4202D10823BB6411E0FB6A1A68E9
:109318004D4B9A4202D11023BB6409E0FB6A1A68DC
:10932800424B9A4202D12023BB6401E00023BB6474
:10933800FB6A1A683D4B9A4205D0FB6A1A683D4B96
:109348009A4240F08580BB6C00223B627A62D7E982
:109358000801FEF759FB38643B6C002B00F0E880ED
:10936800FB6A5B6A394A32F813301A463B6CB3FB26
:10937800F2F37B63FB6A5A6813465B0013447A6B0B
:109388009A4205D3FB6A5B681B037A6B9A4203D93E
:10939800012387F8473048E03B6C0022BB61FA6143
:1093A800FB6A5B6A294A32F813309BB200223B61A0
:1093B8007A61D7E90423D7E90601F7F7F5FB0246F6
:1093C8000B46104619464FF000024FF000030B02FF
:1093D80043EA10630202F96A4968490800200C460A
:1093E800054612EB040843EB0509FB6A5B6800229B
:1093F800BB60FA60D7E9022340464946F7F7D4FB39
:1094080002460B461346FB63FB6BB3F5407F08D35C
:10941800FB6BB3F5801F04D2FB6A1B68FA6BDA603A
:1094280003E0012387F8473082E081E0002400460A
:10943800F369FFCF00240056003801400044004083
:1094480000480040004C004000500040C87302082B
:10945800FB6ADB69B3F5004F3CD1BB6C00223B6073
:109468007A60D7E90001FEF7CFFA38643B6C002B2D
:109478005ED0FB6A5B6A394A32F813301A463B6C95
:10948800B3FBF2F35A00FB6A5B685B081A44FB6A99
:109498005B68B2FBF3F3FB63FB6B0F2B16D9FB6B1B
:1094A800B3F5803F12D2FB6B9BB223F00F037B878F
:1094B800FB6B5B089BB203F007039AB27B8F1343E5
:1094C8007B87FB6A1B687A8FDA6031E0012387F8B3
:1094D80047302DE0BB6C00229A46934650465946C9
:1094E800FEF792FA38643B6C002B21D0FB6A5B6A6A
:1094F8001A4A32F813301A463B6CB3FBF2F2FB6A95
:109508005B685B081A44FB6A5B68B2FBF3F3FB63B6
:10951800FB6B0F2B09D9FB6BB3F5803F05D2FB6BB7
:109528009AB2FB6A1B68DA6002E0012387F84730C9
:10953800FB6A0122A3F86A20FB6A0122A3F86820CB
:10954800FB6A00225A67FB6A00229A6797F847303D
:1095580018465037BD46BDE8B08F00BFC873020833
:1095680080B483B000AF78607B689B6A03F008031F
:10957800002B0AD07B681B685B6823F400417B687A
:109588009A6B7B681B680A435A607B689B6A03F086
:109598000103002B0AD07B681B685B6823F4003149
:1095A8007B68DA6A7B681B680A435A607B689B6A37
:1095B80003F00203002B0AD07B681B685B6823F466
:1095C80080317B681A6B7B681B680A435A607B682A
:1095D8009B6A03F00403002B0AD07B681B685B6856
:1095E80023F480217B685A6B7B681B680A435A60A6
:1095F8007B689B6A03F01003002B0AD07B681B680A
:109608009B6823F480517B68DA6B7B681B680A438C
:109618009A607B689B6A03F02003002B0AD07B6862
:109628001B689B6823F400517B681A6C7B681B6875
:109638000A439A607B689B6A03F04003002B1AD0A8
:109648007B681B685B6823F480117B685A6C7B68B5
:109658001B680A435A607B685B6CB3F5801F0AD1AC
:109668007B681B685B6823F4C0017B689A6C7B6825
:109678001B680A435A607B689B6A03F08003002BCF
:109688000AD07B681B685B6823F400217B68DA6C6E
:109698007B681B680A435A6000BF0C37BD465DF8FB
:1096A800047B704780B598B002AF78607B68002271
:1096B800C3F89020FAF7D4F878657B681B681B68B4
:1096C80003F00803082B2FD16FF07E4300937B6DC6
:1096D80000224FF40011786800F08EF80346002B42
:1096E80022D07B681B68BB63BB6B53E8003F7B637E
:1096F8007B6B23F080033B657B681B681A463B6DD8
:109708007B643A64396C7A6C41E80023FB63FB6B39
:10971800002BE6D17B682022C3F888207B680022D2
:1097280083F88420032363E07B681B681B6803F0CD
:109738000403042B49D16FF07E4300937B6D002214
:109748004FF48001786800F057F80346002B3CD0AE
:109758007B681B687B627B6A53E8003F3B623B6A1D
:1097680023F49073FB647B681B681A46FB6C3B63AD
:10977800FA62F96A3A6B41E80023BB62BB6A002BC4
:10978800E6D17B681B6808333B613B6953E8003FBF
:10979800FB60FB6823F00103BB647B681B6808332C
:1097A800BA6CFA61BB61B969FA6941E800237B6167
:1097B8007B69002BE5D17B682022C3F88C207B686D
:1097C800002283F88420032312E07B682022C3F858
:1097D80088207B682022C3F88C207B680022DA6608
:1097E8007B6800221A677B68002283F884200023A4
:1097F80018465837BD4680BD80B584B000AFF860C4
:10980800B9603B601346FB714FE0BB69B3F1FF3FA2
:109818004BD0FAF725F802463B68D31ABA699A4240
:1098280002D3BB69002B01D103234EE0FB681B6800
:109838001B6803F00403002B37D0BB68802B34D09F
:10984800BB68402B31D0FB681B68DB6903F0080359
:10985800082B10D1FB681B6808221A62F86800F010
:1098680038F8FB680822C3F89020FB68002283F8C8
:109878008420012329E0FB681B68DB6903F400638B
:10988800B3F5006F11D1FB681B684FF400621A62D0
:10989800F86800F01EF8FB682022C3F89020FB68E7
:1098A800002283F8842003230FE0FB681B68DA6931
:1098B800BB681340BA689A420CBF01230023DBB28D
:1098C8001A46FB799A42A0D0002318461037BD46A5
:1098D80080BD80B495B000AF78607B681B687B63FF
:1098E8007B6B53E8003F3B633B6B23F49073FB6453
:1098F8007B681B681A46FB6C3B64FA63F96B3A6C2D
:1099080041E80023BB63BB6B002BE6D17B681B6877
:1099180008333B623B6A53E8003FFB61FB6923F075
:10992800805323F00103BB647B681B680833BA6C5F
:10993800FA62BB62B96AFA6A41E800237B627B6A11
:10994800002BE3D17B68DB6E012B18D17B681B6889
:10995800FB60FB6853E8003FBB60BB6823F0100363
:109968007B647B681B681A467B6CBB617A6179698A
:10997800BA6941E800233B613B69002BE6D17B686B
:109988002022C3F88C207B680022DA667B680022DC
:109998005A6700BF5437BD465DF8047B704780B4F2
:1099A80085B000AF78607B6893F88430012B01D1D3
:1099B800022327E07B68012283F884207B68242225
:1099C800C3F888207B681B681B68FB607B681B6882
:1099D8001A687B681B6822F001021A60FB6823F092
:1099E8000053FB607B6800225A667B681B68FA6834
:1099F8001A607B682022C3F888207B68002283F8DD
:109A08008420002318461437BD465DF8047B704750
:109A180080B584B000AF786039607B6893F8843093
:109A2800012B01D102232DE07B68012283F88420D9
:109A38007B682422C3F888207B681B681B68FB604E
:109A48007B681B681A687B681B6822F001021A6031
:109A58007B681B689B6823F060417B681B683A68D9
:109A68000A439A60786800F04FF87B681B68FA68C8
:109A78001A607B682022C3F888207B68002283F85C
:109A88008420002318461037BD4680BD80B584B0B9
:109A980000AF786039607B6893F88430012B01D17E
:109AA80002232DE07B68012283F884207B6824222E
:109AB800C3F888207B681B681B68FB607B681B6891
:109AC8001A687B681B6822F001021A607B681B68B1
:109AD8009B6823F060617B681B683A680A439A6058
:109AE800786800F011F87B681B68FA681A607B6870
:109AF8002022C3F888207B68002283F88420002372
:109B080018461037BD4680BD80B485B000AF786078
:109B18007B685B6E002B08D17B680122A3F86A2062
:109B28007B680122A3F8682031E00823FB7308232F
:109B3800BB737B681B689B685B0EDBB203F0070393
:109B48007B737B681B689B685B0FDBB203F00703C2
:109B58003B73BB7B3A7B11498A5C02FB03F33A7B7C
:109B68000F498A5C93FBF2F39AB27B68A3F86A20E8
:109B7800FB7B7A7B09498A5C02FB03F37A7B084901
:109B88008A5C93FBF2F39AB27B68A3F8682000BF63
:109B98001437BD465DF8047B704700BFE0730208C8
:109BA800E873020860B330B40368164D23F07E43AF
:109BB800846923F40003AB4262681BD0037D4169CA
:109BC800A3F10103B3FA83F35B09B3EB112FC1F3DC
:109BD80017200BDA012B02D1022807D0022354F8F0
:109BE80023100133984201FB02F2F3D130BC22EA80
:109BF800E27070470029E1D01F3222F01F02DDE732
:109C0800704700BFC000040038B1436823B14088E2
:109C1800003818BF012070471846704758B143688C
:109C280043B1408838B1C1EBC10103EB8103012086
:109C38005A60704718467047F2B1F8B50646C8B181
:109C48000C46B9B11546234B12689A420BD06D6881
:109C580085B12F689F4211D0A1F10100B0FA80F0C0
:109C680035604009F8BD281DFFF7CEFF10B1EB881D
:109C78009C421BD00020F8BD0020704729460023D5
:109C8800043804E001339C4240F8042F05D051F811
:109C9800042FBA42F6D19C42ECD1013455F8240085
:109CA8000C4BC01AB0FA80F04009F8BD0022301FF2
:109CB800114604E001318C4240F8043F05D0AB68FE
:109CC80013445B681C32002BF4D1601AB0FA80F0A0
:109CD8004009F8BDDECAFAA1FAB1F8B50646D0B116
:109CE8000C46C1B11546244B12689A420BD02D6A16
:109CF8008DB12F689F4212D0A1F10100B0FA80F017
:109D080035604009F8BD05F10C00FFF77DFF10B183
:109D1800EB899C421BD00020F8BD002070472946E3
:109D28000023043804E001339C4240F8042F05D096
:109D380051F8042FBA42F6D19C42ECD1013455F8BF
:109D480024000D4BC01AB0FA80F04009F8BD00227B
:109D5800301F114604E001318C4240F8043F05D021
:109D68002B6913445B681C32002BF4D1601AB0FADB
:109D780080F04009F8BD00BFDECAFAA1034698B1D9
:109D8800A9B1BAB14FF0010C00B50C4803F10C0EA3
:109D980043F8040B03C983E8030092E803008EE844
:109DA800030060465DF804FB8446604670478C46B5
:109DB8006046704794466046704700BFDECAFAA105
:109DC800044B0268934302D10C3000F017BC41F2F7
:109DD800100070470001C0A110B10C3000F014BC95
:109DE800704700BF394B0268934363D12DE9F04FA8
:109DF800038E05460C4685B0002B4ED0476B002FCE
:109E08004BD04FF0000BBA465E46CDE9020116E092
:109E1800012201997A50A1694FF001024C68AB60A8
:109E280000232A7528606869C5E9033468F31F2090
:109E3800C5E90509C5F804C001360BF11C0BBAF8D1
:109E48000030F200B342019236D9DAF80430002B20
:109E580032D053F826407CB3DAF80830A269D3E947
:109E68000157A3681068C3F31728D4F80C9001F0C1
:109E780075FFA16907EBC603D1F808C05D44002B44
:109E8800CAD0002147F836102168596011B14988B5
:109E98000029BDD10023A169BEE70026182211219F
:109EA80005F10C0000F0B0FB304604B1268005B087
:109EB800BDE8F08F00207047B6B2DDE90254002EED
:109EC800EBD0DAF808305868EFE700BF0001C0A10E
:109ED800374B0268934369D12DE9F04F038E05464D
:109EE800012B0C4685B04BD94FF0000B476B5E46F3
:109EF800D846BA46CDE9020116E0012201997A5006
:109F0800A9694FF001024D68227520606069C4E9B3
:109F1800023869F31F20C4E90450009BC4F804C048
:109F2800A36101360BF11C0BBAF80C30F200B342F6
:109F3800019232D9DAF810307BB353F8265065B362
:109F4800DAF81430AA69D3E90147AB681068C3F39B
:109F58001729EB685C44009301F000FFA96907EB3F
:109F6800C603D1F808C0002BCBD047F83680296843
:109F7800596011B149880029BFD10023A969C0E7F8
:109F880000261822112105F10C0000F03DFB304697
:109F980004B1268005B0BDE8F08FB6B2DDE9025401
:109FA800002EEDD0DAF814305868F1E70020704739
:109FB8000001C0A12DE9F04383B09DF828809DF8E9
:109FC8002C9020B3026016461F46044600F014FB8E
:109FD80070B930250023236010244A46414638468C
:109FE80001F03CFFB06045EA042003B0BDE8F0830F
:109FF80000224146384601F031FF0022054605217E
:10A00800012001F02BFF854208D00125E2E7102549
:10A018002C4645EA042003B0BDE8F083054B01A8AF
:10A02800019300F0FDFA10B100242546D5E702257A
:10A03800D0E700BF038404842DE9F843484A0B465F
:10A048000168044601EA02008A433BD1002B78D01C
:10A05800444A1D6895420AD1D3E90325D3E901632F
:10A0680081423DD0032320462361BDE8F8831D4685
:10A0780001211846D3F80480FFF794FD05F11C0769
:10A08800064601213846D5F82090FFF78BFD002EB3
:10A098000ABF314601213546B0B1B9F1000F57D09A
:10A0A8004FF0010EB8F1000F11D02D4B22689A42E3
:10A0B800D8D1638C8B421BD21222162104F10C00DA
:10A0C80000F0A2FA0020D0E707468646EAE7002E0D
:10A0D800EBD01222102104F10C0000F095FAF1E700
:10A0E800C4E90863E5622046A26200F0C1FAB9E754
:10A0F800E1B1AC464FF48036BCE80F00656A0FC585
:10A108009CE8070085E80700638D2662734511D334
:10A11800BEF1000F07D03E46E56A0FCE0FC596E8A0
:10A12800070085E807004FEA0E42DCE7638D2162ED
:10A138007345EDD21322162104F10C0000F064FAE5
:10A14800C0E71122102104F10C0000F05DFAB9E714
:10A158001322102104F10C0000F056FAB2E700BFF8
:10A168000001C0A1DECAFAA138B5144B026802EAA0
:10A17800030193430CD1036904469B0703D58A4224
:10A1880008D0012038BD102211210C3000F03CFA13
:10A19800002038BD00F07CFA236C002BF1D0A56BB1
:10A1A800002DEED029460020626C98472B69AB42FF
:10A1B800E7D0002BE5D01D46236CF3E70001C0A1D2
:10A1C8002DE9F04FB74B9046026885B0934340F0B5
:10A1D8002D81038E0746002B00F01C8100260369A1
:10A1E800D0F8349003F00303032B866140F02881F4
:10A1F800002900F01581B9F1000F00F01181B9F8BC
:10A208000030002B00F00C810C468B69CDE9020868
:10A21800D3F800B0D9F80430002B71D053F8265089
:10A22800002D6DD0D9F80830D3F800A033011AEB0F
:10A238000618019300F0B881AB69012120465F68D8
:10A24800FFF7B0FC8742C0F00281E868A169C268E4
:10A25800CB689A4240F0FB8082688B689A4240F053
:10A26800F68042684B689A4240F0F180AB69D3E9C6
:10A27800000101F0E3FD03462846019301F0F4FDD7
:10A28800019B8342C0F0E380AB69186801F066FD6A
:10A298002368584030F07E4340F090816368002B7B
:10A2A80000F08281A3691B68002B00F07F819B4529
:10A2B800284638BF9B4601F0D7FDC8F80800A369B7
:10A2C80032011B68013600FB03F3C8F80C306168E3
:10A2D8001C340B44C8F804104AF80230A869036813
:10A2E8009A0000F1A780D0E902329B1A19448160D4
:10A2F800AB69D8F80420DA60B9F80030B34289D8DD
:10A30800DDE902783B8EB8F1000F00F0B580012B33
:10A3180040F2A580D7F83490B9F80C30002B00F043
:10A328009E8045460026D9F81030002B00F0A38007
:10A3380053F82640002C00F09E80D9F81430D3F84A
:10A3480000A033011AEB0618019300F03F81A369BE
:10A3580001215B6828460193FFF724FC019B834297
:10A368007DD3E068A969C268CB689A4277D18268D0
:10A378008B689A4273D142684B689A426FD1A3693D
:10A38800D3E9000101F05AFD03462046019301F08C
:10A398006BFD019B834262D3A369186801F0DEFC60
:10A3A8002B68434033F07E4340F017816B68002BE5
:10A3B80000F00C81AB691B68002B00F015819B45F0
:10A3C800204638BF9B4601F04FFD0346C8F80800F9
:10A3D800AA691C35126802FB03F3C8F80C3055F85B
:10A3E800181C32010B44C8F804104AF80230A0695E
:10A3F800013603689B0039D4D0E902329B1A19440C
:10A408008160A369D8F80420DA60B9F80C309E425C
:10A4180089D330E00269836102F00302032A0FD175
:10A428001722122107F10C0000F0EEF8002005B009
:10A43800BDE8F08FB9F800309E42FFF4EBAE5FE75D
:10A448003022112107F10C0000F0DEF8EEE7029F40
:10A458001822122107F10C0000F0D6F8E6E71822BE
:10A46800132107F10C0000F0CFF8DFE7B9F80C3042
:10A478009E42FFF458AF3B8E1FFA8BFBA7F818B02B
:10A48800002B00F08B80012B7E6B00F08A8006F198
:10A498000C08788B8345CAD94546BB464FF000085F
:10A4A800B6B92EE00001C0A1DF68C91B0844986056
:10A4B80093696268DA6059F80A20D4E901310B44DB
:10A4C800934228BFE36808F1010828BFD31A6360E4
:10A4D80033884FEA081A434513D973688BB153F888
:10A4E800282072B1B1689369D1F800901F6809EB10
:10A4F8000814BF0060689968D6D5A26801F090FB7F
:10A50800D9E7584600F0E0F80024ADB939E059F829
:10A518000A301144994224BFD8F80C10591AC8F8C7
:10A5280004108269D2E90237DB1B19449160836900
:10A53800D8F80420DA6001342B88A34221D96B684B
:10A54800FBB153F82400E0B1AA688369D2F80090FF
:10A558001F6809EB0418BF004FEA041AD8E9011272
:10A56800D5D5986801F05CFBD8E9013159F80A2083
:10A578000B44934224BFD8F80C30D31AC8F80430DF
:10A58800D9E7BBF81A00BBF81830013080B2834213
:10A59800ABF81A0082D805B0BDE8F08F1E46984681
:10A5A80077E74FF0000874E7029F39E7029F2122FE
:10A5B800122107F10C0000F027F837E7029F192253
:10A5C800122107F10C0000F01FF82FE717221321C2
:10A5D80007F10C0000F018F828E71922132107F1F9
:10A5E8000C0000F011F821E72122132107F10C00DB
:10A5F80000F00AF81AE700BF01207047034600225E
:10A6080000681A60704700BF0346007808B1002050
:10A61800704719701968012062F31F21196070478B
:10A62800124B82B0019318B10378032B02D000209B
:10A6380002B070479DF80420934204D0012080F0B6
:10A64800010002B0704742789DF8053001309A4207
:10A65800F4D110F8012F9DF806309A42EED14278D5
:10A668009DF807309A42E9D10020E8E70384048482
:10A67800836B01464BB100201A46D9601B69013033
:10A68800934203D0002BF7D170471846704700BF9C
:10A6980038B5846BACB163680025DB0704D5236A41
:10A6A80013B12046984701352369A34207D033B137
:10A6B8001C466368DB07F2D42369A342F7D1284616
:10A6C80038BD2546284638BD2DE9F041856BD0F8C0
:10A6D80040800446C563B8F1000F2BD035B3294636
:10A6E8000120626CC047E66B06B300273146626CF6
:10A6F8000220C047E56B28466B6998472E69B5422A
:10A708000AD00320626CE16BC0470137E663002E74
:10A71800ECD13846BDE8F081626CE16B0320C0479C
:10A7280000230137E3633846BDE8F0810027384647
:10A73800BDE8F081002DF9D047466B692846984757
:10A748002B462D699D4204D0E5630137002DF4D1D5
:10A75800DFE700230137E363DBE700BF8269138883
:10A768000BB95B68FFDE2DE9F04F576886467A68BB
:10A77800A3B002B11268012B00F0BF80386900B1A4
:10A788000068022B00F0B480FE69002E00F0B38050
:10A79800398B3468012940F2B3807668D2F80C808E
:10A7A8009269D0F80C909268E1682092A269D8F872
:10A7B8000440DEF83CC01394D9F80440DEE90C5A92
:10A7C8001594D9F80C40BEF828B01694D9F808406A
:10A7D8001794D8F80C401894D8F808401994BEF883
:10A7E8002C401A94DEF81C401F94BCF800401B94BF
:10A7F800BCF804401C94ACB2D1E901981D941FFA2E
:10A808008AF491681E940EB1B669B66880691FFA19
:10A818008AF48068ADB2013C149008F1FF3000FB67
:10A828000484013D09F1FF30032B00FB059574D02A
:10A83800BB6A002B3ED0D3F800A0BAF1000F03D0BA
:10A84800DAF81800D0F808A05868002833D08369CF
:10A85800D2F800C09F68CCF34343082B52D0002F96
:10A8680008BF0F461A9B3A46CDE90BB31B9B1499B8
:10A878000A931C9B2098CDE90883169B0D94069398
:10A88800179BCDF81C900593189B0E950493199B64
:10A898000393159B0293139BCDE900A31F9B119370
:10A8A8001E9B10931D9B0F93334600F08FF923B026
:10A8B800BDE8F08F9A461068C0F34343082B01D0D7
:10A8C8000F46CFE7C0F3C613D268C0F34150034127
:10A8D8009BB2002AF4D0002738468069219140684D
:10A8E800019013980090384600F024FD2199B6E7AE
:10A8F80000235B68FFDE344650E700235B68FFDE19
:10A9080000264BE7D268002AA9D0CCF3C613CCF3B3
:10A91800415C43FA0CF39BB2DFE700235B68FFDE80
:10A92800826913880BB95B68FFDE2DE9F047D2F81E
:10A9380004A08EB0DAF8040000B10068012B61D0E1
:10A94800DAF8102002B11268022B35D0DAF81C5060
:10A95800002D55D0BAF818402968012C55D96D68D2
:10A968008E69C468D168D4F804E0D1F80490D1E9BC
:10A9780002473168032B07FB04F821F07E4C46D0D0
:10A98800DAF828401CB124680CB1A3699C68836973
:10A998009269996890680DB1AB699D681D4FD6E9B9
:10A9A8000223BC4522D01C4EB44515D01B4B9C45F8
:10A9B80005D00EB0BDE8F08700235B68FFDECDE967
:10A9C800070107A8CDE90A5ECDE90C98099200F0C5
:10A9D80007FD0EB0BDE8F087CDE90398CDE9015E2B
:10A9E800009400F059FE0EB0BDE8F087CDE9039859
:10A9F800CDE9015E009400F093FF0EB0BDE8F0874A
:10AA08002946ADE700235B68FFDE0025A8E70023A1
:10AA18005B68FFDE4010D0004010F000401082005C
:10AA2800826913880BB95B68FFDE70B4526854689A
:10AA380004B12468012B00F08380136903B11B68FB
:10AA48009969A269A368C669C3F3172388689168DE
:10AA580096B17268012A36D0002B68D00122E568C9
:10AA680005EB830353F8044D9D4204FB02F2F9D130
:10AA7800B36870BC00F0EEBB002B5AD00122E56829
:10AA880005EB830353F8044D9D4204FB02F2F9D110
:10AA980002F18042013A01EB82048C4200EB820011
:10AAA8000FD39FED297A611A21F00301231D043089
:10AAB800621A73ED017AC7FE877A9A4260ED017ACD
:10AAC800F7D170BC7047B3B3E56805EB830353F85F
:10AAD800044D9D4204FB02F2F9D102F18042013A91
:10AAE800B36801EB82048C4293ED007A00EB82009C
:10AAF800E7D30025611A21F00301231D621A0430EF
:10AB080073ED017AB4EEE77AF1EE10FA0AD59A42BB
:10AB180060ED017AD5D073ED017AB4EEE77AF1EE03
:10AB280010FAF4D49A4240F8045DE9D1C9E7012249
:10AB38009EE70C46B5E7B3680C4693ED007AD8E774
:10AB480000235B68FFDE00BF0000000082691388F5
:10AB58000BB95B68FFDE70B5526882B0556805B105
:10AB68002D68012B2ED0166906B13668AB685FEAEE
:10AB7800132C25D00122EC6804EB8C0353F8041D38
:10AB88009C4201FB02F2F9D1B0F92030B06963456B
:10AB9800ACBF0124E9688068B8BF51F8234029692F
:10ABA800B3EB112FB6BF6969002351F82330A969A7
:10ABB800B8BF9B088968009401F000F802B070BD26
:10ABC8000122E1E700235B68FFDE00BF2DE9F04FBB
:10ABD8002DED108BA3B08C469046BDF81461BDF8DE
:10ABE8001C71BDF820111292429A0E93BDF81841BB
:10ABF8003E9D449B1A90139606971491002A00F0E4
:10AC08007E818146439AA64602FB03F300203D9AC3
:10AC1800614202FB03F39B000F933F9B149C02FBD2
:10AC280003F3419A02FB05F2AD000395950004FB7E
:10AC380003F201FB03F309EB830310933D9B94009C
:10AC480007FB03F318943D9C9B00A40005937342F3
:10AC580004FB03F716951193049408F1784306460C
:10AC6800B84675460F4664461593002FC0F27D829C
:10AC7800109B0D930023409A49992A448A4294BF15
:10AC8800C3EB0202C3EB010210463C9A002A00F013
:10AC98004381159AB2F1807FC0F03E81039AA218D1
:10ACA8009442179280F01D81439ACDE91B7602FBEE
:10ACB80003F30B930E9BCDE91D580C930D9B264671
:10ACC80043448046DDF8489019931F9448460F9AEC
:10ACD8003C9900F0A5FF0E9B002B00F01A810C9BFD
:10ACE800B3EC016A0C93419B002B00F0EE8000202E
:10ACF800199ACDE920960292024630461446139BD3
:10AD0800119D002DC0F200814FF0000E02990B9AA0
:10AD18003C9E049FB0EE467A02FB07623F9E01927A
:10AD2800439A1E44964294BFCEEB060ECEEB020E1B
:10AD38003D9AB8F1000F0EFB02F63F9AA2EB0E0BFC
:10AD4800439AA2EB0E0E40F3AE804FF0000C07FBC7
:10AD58000BFB07FB0EFE26F00F0707F1FF3A4FEA41
:10AD68001A1ACDE907050AF1010A019A4FEA8A1968
:10AD780009944FEA0A1A0A93002FD8BF002074DDFD
:10AD880000248DED016A01F1400002F1400350ED0D
:10AD98000F6A53ED0F7A53ED10FA10ED10FA67EEC3
:10ADA800A67A10ED0EEA53ED0EEAEFEE8F7A10ED6B
:10ADB8000DDA53ED0DDAEEEE8E7A53ED0CCA10ED86
:10ADC8000CCAEDEE8D7A50ED0BBA13ED0BBAECEE22
:10ADD8008C7A50ED0AAA13ED0AAAEBEE8B7A50EDA5
:10ADE800099A13ED099AEAEE8A7A53ED088A10ED6A
:10ADF800088AE9EE897A10ED070A53ED070AE8EEAA
:10AE0800887A10ED061A53ED061AE0EE207A10ED56
:10AE1800052A53ED052AE1EE217A13ED043A50EDA7
:10AE2800043AE2EE227A50ED034A13ED034AE3EEC8
:10AE3800237A10ED025A53ED025AE4EE247A10ED0B
:10AE4800016A53ED016AE5EE257AE6EE267A1034BA
:10AE5800BC4237EE277A00F1400003F1400396DB4D
:10AE68009DED016A504649444A44864210DD034636
:10AE78000D461446F4EC016AF5EC017A01339E4262
:10AE8800A6EEA77AF6D1301A02EB800201EB800118
:10AE98000CF1010CE045594472447FF46DAFDDE9D3
:10AEA8000705DDE90943069A039980ED007A154400
:10AEB80008449B1A0599029A01340A440292419A5D
:10AEC800A2427FF41EAFDDE920960F9B0436994419
:10AED800179B9E42FFF4FAAEDDE91B76DDE91D58AB
:10AEE8001F9C169B189A1C44149B01361F44ED1A8C
:10AEF800109B13441093429BB3427FF4B6AE23B029
:10AF0800BDEC108BBDE8F08F0B9A9E460D991A4444
:10AF1800FEE69FED986AE6E6039A04EB020C6445A8
:10AF2800DFD2439A834602FB03F322461299CDE906
:10AF38001B540B910D990C930E9B01EB080E179760
:10AF480019960E99002900F00D81B3EC016A419918
:10AF5800002900F0F5800021CDE91D320B4611468D
:10AF68001C46CDE91FC81398119DCDF808E0CDF80F
:10AF780084E0002DC0F2F1804FF0000E029A0C9B85
:10AF88000B9E049FB0EE467A03FB07633F9E019336
:10AF9800439B06449E4294BFCEEB060ECEEB030EB7
:10AFA8003D9BBBF1000F0EFB03F63F9BA3EB0E0A84
:10AFB800439BA3EB0E0E40F3AD8007FB0AFA07FB99
:10AFC8000EFE002726F00F0C0CF1FF394FEA191975
:10AFD800CDE9071509F10109019B4FEA8918099480
:10AFE8004FEA09190A90BCF1000FD8BF002174DD9F
:10AFF80000248DED016A02F1400003F1400151ED9A
:10B008000F6A50ED0F7A51ED10FA10ED10FA67EE55
:10B01800A67A10ED0EEA51ED0EEAEFEE8F7A10EDFA
:10B028000DDA51ED0DDAEEEE8E7A50ED0CCA11ED17
:10B038000CCAEDEE8D7A50ED0BBA11ED0BBAECEEB1
:10B048008C7A50ED0AAA11ED0AAAEBEE8B7A50ED34
:10B05800099A11ED099AEAEE8A7A51ED088A10EDFB
:10B06800088AE9EE897A50ED070A11ED070AE8EE39
:10B07800887A50ED061A11ED061AE0EE207A50EDA6
:10B08800052A11ED052AE1EE217A10ED043A51ED79
:10B09800043AE2EE227A50ED034A11ED034AE3EE58
:10B0A800237A50ED025A11ED025AE4EE247A10ED9B
:10B0B800016A51ED016AE5EE257AE6EE267A10344A
:10B0C800644537EE277A00F1400001F1400196DB34
:10B0D8009DED016A4946424443448E4210DD0846CC
:10B0E80015461C46F4EC016AF5EC017A01308642FB
:10B0F800A6EEA77AF6D1711A03EB810302EB81025F
:10B108000137BB45524473447FF46DAFDDE9071541
:10B11800DDE90940069B039A81ED007A1D4411443C
:10B12800C01A059A029B013413440293419BA3421F
:10B138007FF41FAFDDE91D32DDE91FC8DDF884E0CB
:10B148000B990F980432014462450B91FFF4F9AE54
:10B15800DDE91B54179F199EC3E6DDE90C328646CC
:10B1680003440DE79FED036AF1E61A9A2B460D9208
:10B1780081E500BF000000002DE9F84F2DED028B9E
:10B18800012A0C46904681469A4691ED008A59D983
:10B19800012B49D10B1D01EB8202F3EC017A93429A
:10B1A80088FE278AF9D14FF0040BDFED298A4F4634
:10B1B8004E46002594ED000A30EE480A03F08CFB59
:10B1C8002B460135A84586ED000A78EE808A5C4456
:10B1D8005E44EFD1F5EE408AF1EE10FA10D0F7EEAA
:10B1E800007ABAF1010F87EEA87A0DD109EB880928
:10B1F800D7ED007A67EE277AE7EC017AB945F7D1FF
:10B20800BDEC028BBDE8F88F0021D7ED007A67EE20
:10B21800877A8B42C7ED007A01F101015F44F4D1CE
:10B22800BDEC028BBDE8F88F01224FEA830B01EBDE
:10B238008303D3ED007A0132904588FE278A5B4468
:10B24800F7D1B2E7002ADBD04FEA830BADE700BFA6
:10B258000000000093ED027AB5EEC07AF1EE10FA24
:10B2680002F1804202F1FF324FEA820C00EB8200C9
:10B27800D3ED006A93ED016A01EB820221D48A4280
:10B288001ED3131D0430A2EB0C020CE0F4EEE76AA7
:10B29800F1EE10FA03DB77EEE67A67EE867A9342F0
:10B2A80060ED017A0CD073ED017AB4EEE77AF1EE35
:10B2B80010FAEBDAF0EE477A934260ED017AF2D1B8
:10B2C8007047B5EE406AF1EE10FA15D08A42F7D30E
:10B2D800131D0430A2EB0C0273ED017AF4EEE67A4A
:10B2E800F1EE10FA1BD877EEE67A67EE867A93428B
:10B2F80060ED017AF0D170478A42E1D30021131D35
:10B308000430A2EB0C0273ED017AF4EEE67AF1EE6A
:10B3180010FA09DD9A4260ED017AF4D17047934240
:10B3280060ED017AD8D170479A4240F8041DEAD1FD
:10B33800704700BF2DE9F0430446089D042B4FEAEF
:10B348008506084604EB850512D0082B0ED1AC42C1
:10B358000CD211F8013B02EB83031B6844F8043B51
:10B36800A542F6D8013E00EB9606701CBDE8F083B6
:10B37800079B5F0803F001064FEAC70907F1FF388A
:10B38800AC42F3D20FB304F1080E00F1FF3C00EB1E
:10B3980008011CF8013F0EF1080E1B0902EB83039C
:10B3A8001B6861454EF8103C9CF8003003F00F0311
:10B3B80002EB83031B684EF80C3CEAD138444C443A
:10B3C8002EB9A542DFD8BDE8F08306B9FEE710F82C
:10B3D800013B1B0902EB83031B6844F8043BCFE7DE
:10B3E8002DE9F04F2DED108BD0E9056306FB03F333
:10B3F80001680246D0F8048001EB8300814283B0E3
:10B4080080F01D811569B70001EB07098945976828
:10B4180040F209810E46A5F1100E4FEA1E1ECDE935
:10B4280000010EF1010E4FEA8E1B4FEA850A08EB68
:10B438008E1E0F2D40F208819FED967A284608F15E
:10B44800400107F1400313ED0F6A51ED0F7A51EDFA
:10B4580010FA13ED10FA67EE867A51ED0EEA13ED45
:10B468000EEAEFEE8F7A11ED0DDA53ED0DDAEEEE0E
:10B478008E7A53ED0CCA11ED0CCAEDEE8D7A11EDF2
:10B488000BBA53ED0BBAECEE8C7A11ED0AAA53ED18
:10B498000AAAEBEE8B7A11ED099A53ED099AEAEEB6
:10B4A8008A7A51ED088A13ED088AE9EE897A11ED56
:10B4B800070A53ED070AE8EE887A11ED061A53EDEC
:10B4C800061AE0EE207A11ED052A53ED052AE1EE81
:10B4D800217A11ED043A53ED043AE2EE227A51ED65
:10B4E800034A13ED034AE3EE237A51ED025A13EDB2
:10B4F800025AE4EE247A51ED016A13ED016AE5EE91
:10B50800257AE6EE267A10380F2837EE277A01F1E9
:10B51800400103F1400396D8734607EB0B0105F091
:10B528000F0003285FD9D3ED017AD1ED013A93EDED
:10B53800004AD1ED004A67EEA37AE4EE247A93ED4F
:10B54800025A77EE277AD1ED025A93ED036AD1EDCC
:10B55800036AE5EE257AE6EE267A041F032CB0EEA0
:10B56800677A38D9D3ED057AD1ED053A93ED044AD7
:10B57800D1ED044A67EEA37A93ED065AD1ED065A47
:10B58800E4EE247A93ED076AD1ED076AE5EE257AB1
:10B59800E6EE267AA0F1080CBCF1030F37EE277A05
:10B5A80019D9D1ED097AD3ED093A91ED084AD3EDCD
:10B5B800084A67EEA37A91ED0A5AD3ED0A5AE4EEE7
:10B5C800247A91ED0B6AD3ED0B6AE5EE257AE6EE67
:10B5D800267A37EE277AA408013401EB041103EB2D
:10B5E800041300F00300A8B1D3ED006AD1ED007A8E
:10B5F8000128A6EEA77A0DD0D3ED016AD1ED017A24
:10B608000228A6EEA77A05D0D1ED026AD3ED027A18
:10B61800A6EEA77AA6EC017AB14557443FF609AFE2
:10B62800DDE900015669D368A3B9156901EB860104
:10B63800884208EB85084FEA86073FF6E5AE03B077
:10B64800BDEC108BBDE8F08F28469FED127A394685
:10B65800434666E7002EE8D0D1ED007A93ED007AF4
:10B6680077EE877AC1ED007A5669012EDDD901237C
:10B678000D1DD46895ED007A04EB8304D4ED007AAF
:10B6880077EE877AE5EC017A566901339E42F0D865
:10B69800CBE700BF000000002DE9F04F8DB0DDE9D9
:10B6A800195404FB05FCDDE917670446DDF85880EA
:10B6B800184604EB8C030D460A920893B8F1000F64
:10B6C80004D04022414600F0ABFA4046089B9C4219
:10B6D80080F00881199BFA084FEA830C05EB421B9E
:10B6E8000594E6465C4607F001030393BB0002920B
:10B6F80027F0010992000B93059B05EB890905F1D9
:10B7080020010492CDF81CC01796CDF824C0079AE2
:10B7180003EB020A9A45A1F12002069240F2E58065
:10B7280009F1FF3B98465D460A9A029B002B00F000
:10B73800BC809FED7A7A0B46049E02EB060C1778C4
:10B7480013ED076A07F00F0E00EB8E0EDEED007AA0
:10B758003F0900EB870753ED080A97ED000A67EEEB
:10B76800867A567853ED061A370900EB870797ED66
:10B77800001AE0EE207A06F00F0600EB860653ED7D
:10B78800052A96ED002AE1EE217A977853ED043ADE
:10B798004FEA171E00EB8E0E9EED003AE2EE227A7B
:10B7A80007F00F0700EB870753ED034A97ED004AB0
:10B7B800E3EE237AD67853ED025A370900EB870770
:10B7C80097ED005AE4EE247A06F00F0600EB8606A1
:10B7D80053ED016A96ED006AE5EE257AE6EE267AE3
:10B7E8000432624537EE277A03F12003A7D1A64633
:10B7F800CE4561D2A5EB0E074FEAD70B0EF1080232
:10B808000CF1FF360CEBD707CDF804A016F8013F72
:10B8180052ED015A03F00F0A00EB8A0ADAED007ABA
:10B828001B0900EB830352ED026A93ED006A67EE91
:10B83800A57AE6EE267AB74237EE277A02F10802B1
:10B84800E4D10BF1010BDDF804A00CEB0B020EEBBD
:10B85800CB0E039B0BB312F8013BDEED007A1B09FC
:10B8680000EB8303D3ED006AA6EEA77AA8EC017A71
:10B87800C2453FF65AAF059B099A9D18179BEBB92D
:10B88800089BAB422ED90B9B99441C441944059B39
:10B898009A452CD92B46059539E7A8EC017AC2457B
:10B8A800E9D9029B002B7FF444AFDDF818E09446F9
:10B8B800CE459FED1A7A9DD36246CAE7199B002BA5
:10B8C800DED0079BDDF85CC0EA1AD2ED007ABCEC4A
:10B8D800017A77EE877AE2EC017AAA42F5D1089BE1
:10B8E800AB42D0D80DB0BDE8F08F1D46C6E7DDF8F5
:10B8F8001CC01999179EA5EB0C0C69B1634632461A
:10B9080093ED007AF2EC017A77EE877AE3EC017A2C
:10B918009D42F5D10029F1D1FEE700BF00000000EB
:10B928002DE9F04F87B0DDE9136505FB06FCDDE97D
:10B9380011B50646109C184606EB8C030F46059277
:10B9480003932CB14FF48062214600F069F9204638
:10B95800039B9E4280F01881139B4FEAD5099900FA
:10B9680007EB491800964FEAC90A4E468946009BDC
:10B97800AA00049111465A4603EB090B20379B4550
:10B9880005F00704A7F1200E40F2D780CDE9019E0B
:10B998009C46059B002E00F0DE809FED877A3D4691
:10B9A80003EB0A0993F801E015ED075A00EB8E0E38
:10B9B800DEED007A93F800E015ED086A00EB8E0ED4
:10B9C800DEED000A67EE857A93F802E055ED061A77
:10B9D80000EB8E0E9EED001AE0EE867A93F803E0F7
:10B9E80055ED052A00EB8E0E9EED002AE1EE217A38
:10B9F80093F804E055ED043A00EB8E0E9EED003A04
:10BA0800E2EE227A93F805E055ED034A00EB8E0E3C
:10BA18009EED004AE3EE237A93F806E055ED025ACC
:10BA280000EB8E0E9EED005AE4EE247A93F807E0C0
:10BA380055ED016A00EB8E0E9EED006AE5EE257A63
:10BA4800E6EE267A08334B4537EE277A05F12005CE
:10BA5800A8D14346002C7CD099F80050D3ED007A49
:10BA680000EB8505D5ED006A012CA6EEA77A45D036
:10BA780099F80150D3ED017A00EB8505D5ED006A00
:10BA8800022CA6EEA77A39D099F80250D3ED027AA3
:10BA980000EB8505D5ED006A032CA6EEA77A2DD01C
:10BAA80099F80350D3ED036A00EB8505D5ED007ACC
:10BAB800042CA6EEA77A21D099F80450D3ED046A95
:10BAC80000EB8505D5ED007A052CA6EEA77A15D0F2
:10BAD80099F80550D3ED056A00EB8505D5ED007A98
:10BAE800062CA6EEA77A09D0D3ED067A99F8063087
:10BAF80000EB8303D3ED006AA6EEA77A09EB0403F3
:10BB0800ACEC017AE3453FF645AFDDE90039049D29
:10BB180003EB050E2ABB039B734535D9009B88446C
:10BB28009B450F4444D9734603EB090B9B45CDF85D
:10BB380000E0A7F1200E3FF629AF8AB91E46039B05
:10BB48004946B34293461FD95B46139A4942F3B913
:10BB5800FEE74B46D4E799469FED177A029B79E7B3
:10BB68009E46139B002BD6D01546AEEB0903D3EDAA
:10BB7800007AB5EC017A77EE877AE3EC017A7345BF
:10BB8800F5D1039B7345C9D807B0BDE8F08F002AEB
:10BB9800DDD09B4631440B465A4693ED007AF2ECD1
:10BBA800017A77EE877AE3EC017AB342F5D1F2E7CE
:10BBB800494693467646C7E7000000002DE9F04F56
:10BBC8001F46B2FBF3F383B0DDF830804345B3FB87
:10BBD800F8F222D308FB07F39B00F7B101928146E4
:10BBE8004FF0000B0A469A4616464D46002400922E
:10BBF800314628463B4642460134FFF7BDFAA74284
:10BC080006F1040605F10405F2D1019B009A0BF137
:10BC1800010B5B455244D144E6D803B0BDE8F08F30
:10BC2800884221D002B3884213D3032A1DD8013A8F
:10BC380010F8013B01F8013BB2B110F8013B01F8E3
:10BC4800013B012A00F0888010F8013B01F8013B14
:10BC5800704783188B42E8D90A4413F9011D9842AA
:10BC680002F8011DF9D1704770472DE9F04301F042
:10BC7800030ECEF10403A2EB030C00F00308CEF18F
:10BC8800030210F8013B01F8013B82B110F8013BB7
:10BC980001F8013B012A0AD010F8013B01F8013BE9
:10BCA800BEF1010F03D010F8013B01F8013BC64576
:10BCB8002AD05FEA1C120AD050F8043B50F8044B13
:10BCC80050F8045B50F8046B78C1013AF4D11CF0C9
:10BCD800080F04D050F8043B50F8044B18C11CF06E
:10BCE800040F03D050F8043B41F8043B1CF0020F4A
:10BCF80003D030F8023B21F8023B1CF0010F01D0C1
:10BD080003780B70BDE8F0835FEA9C190ED0884673
:10BD18008646BEE8FF00A8E8FF00BEE8FF00A8E8E6
:10BD2800FF00B9F1010941467046F0D11CF0200F1F
:10BD380007D088468646BEE8FF00A8E8FF004146CF
:10BD480070461CF0100F01D078C878C11CF0080F9D
:10BD5800C5D018C818C1C2E7704700BFC0F3434335
:10BD6800022B55D02D4A20F07E43934210D021DC7F
:10BD78002B4A93420CD00FDD2A4A934208D002F591
:10BD8800FA32934204D0284A93420CBF1346402308
:10BD980000F0D04018437047A2F580629342F7D074
:10BDA8002CDD224A00F0D04093420CBF13464023BA
:10BDB800184370471E4A9342EAD010DD1D4A934249
:10BDC800E6D002F2F1729342E2D0A2F50062934209
:10BDD8000CBF1346402300F0D04018437047A2F22E
:10BDE80087329342D4D002F560729342D0D0A2F544
:10BDF800806293420CBF13464023C9E7A2F58062D4
:10BE08009342C5D0803293420CBF13464023BFE70C
:10BE1800094B034043F48023BAE700BF4010820077
:10BE280040080400401004004F08040047040400C0
:10BE3800470484004F088400FF3F800061B1C0F3CD
:10BE4800C61303FB01F1C0F34153C81D20F00700DE
:10BE5800D8400730C008704708467047120242EAC7
:10BE6800014242EA0060704710B4C46841698369BE
:10BE7800C968E0681B6801FB00F0064A23F07E43AE
:10BE880023F40003934204BF0730C0085DF8044B55
:10BE9800704700BFC0000400024B0146186800F05C
:10BEA80025B800BF740A002070B50F4E0C46054631
:10BEB800316811B900F04EFF30602146284600F085
:10BEC80049FF431C03D14FF0FF34204670BDC41C0A
:10BED80024F00304A042F8D0211A284600F03AFFC3
:10BEE8000130F2D1EFE700BF8C1E00202DE9F843A6
:10BEF800CD1C064625F0030508350C2D38BF0C254A
:10BF0800002D01DBA94204D90C2333600020BDE8D1
:10BF1800F883DFF8D48000F069F8D8F800301C46C0
:10BF280044BB29463046FFF7BFFF431C044658D19F
:10BF3800D8F800402746002F43D1002C4BD0236867
:10BF48003946304604EB030900F004FF814542D12D
:10BF5800216830466D1A2946FFF7A6FF01303AD00E
:10BF680023682B442360D8F800305A6862BBC8F8AD
:10BF780000700FE02268521B20D40B2A17D96119D0
:10BF8800A342256018BF5960636808BFC8F800104D
:10BF980062514B60304600F02FF804F10B00231D6E
:10BFA80020F00700C21A1CBF1B1AA350AFE7626833
:10BFB800A3420CBFC8F800205A60EBE72346646828
:10BFC800AEE73C467F68B6E71A465B68A342FBD1FA
:10BFD80000235360DEE70C233046336000F00CF892
:10BFE80094E70560D6E700BF901E0020014800F0E6
:10BFF800FEBE00BFD41F0020014800F0F9BE00BFFC
:10C00800D41F00202DE9FF4757EC106B002F0C467A
:10C0180019463B46B4BF07F1004300239146BFBF12
:10C0280032461F462D231646DDF830A00B700D9BB7
:10C0380023F02008B8F1460F05D0B8F1450F00D11C
:10C048000134022100E0032103AB2246019302AB35
:10C0580047EC106B0093534600F076FFB8F1470F9A
:10C06800054619D119F0010F0ED000EB0409002282
:10C07800002330463946F4F727FD08B1CDF80C9077
:10C088003022039B4B451ED3039B28460E9A5B1B0D
:10C09800136004B0BDE8F087B8F1460F00EB04095F
:10C0A800E5D10378302B0AD10022002330463946E7
:10C0B800F4F70AFD18B9C4F10104CAF80040DAF827
:10C0C80000309944D3E7591C03911A70D9E7F7B5A2
:10C0D80000290270BABF49422D232B230929437036
:10C0E80028DD0DF107040A2725462246013CB1FB4D
:10C0F800F7F607FB1613303302F8013C0B463146BE
:10C10800632BF2DC3031931E04F8011C411C1C46E1
:10C11800AB420AD30DF109039B1A821CA54238BF12
:10C1280000231344181A03B0F0BD13F8016B01F88B
:10C13800016FEDE7302330318370031DC170F1E7E3
:10C148002DE9F04F8DB00C4616461F46DDF8588095
:10C15800054600F0C7FD036818460693F4F788F80B
:10C16800002394F818A04FF0FF320A93D8F8003053
:10C17800D4F800B00733079023F00703B3EC027B31
:10C18800C8F800308DED047BDDE9048384ED127B73
:10C1980023F0004940469B4B4946F4F7C7FC70BB67
:10C1A8004FF0FF32974B40464946F4F7A1FC30BBAD
:10C1B80000220023DDE90401F4F790FC10B12D23DF
:10C1C80084F84330904A914BBAF1470F8CBF9046A0
:10C1D800984603234FF0000923612BF004032360E2
:10C1E80033460BAA21462846009700F0D1F90130C2
:10C1F80040F08C804FF0FF300DB0BDE8F08FDDE9E6
:10C20800042310461946F4F791FC40B1059B804A77
:10C21800002BBCBF2D2384F843307E4BD4E76368E2
:10C228000AF0DF095A1C3BD1062363604BF4806295
:10C2380000232846226003930AABCDE901A309AB8A
:10C248009DED040B00930DF123036168FFF7DAFEFF
:10C25800B9F1470F8046099929D1C81C02DB6368E8
:10C268008B4241DAAAF1020A5FFA8AFA0139524688
:10C2780004F150000991FFF72AFF0A9A8146131822
:10C28800012A236102DC2268D20701D50133236128
:10C298009DF82330002BA3D02D2384F843309FE74B
:10C2A800B9F1470FC2D1002BC0D10123BDE7BAF1C4
:10C2B800650FDBD9BAF1660F18D1002963680BDD69
:10C2C800216113B92268D00702D501330B442361D9
:10C2D8004FF00009A165DBE713B92268D20701D541
:10C2E8000233F4E70123F2E74FF0670A0A9B8B4217
:10C2F80005DC23682161D807EAD54B1CE7E700294C
:10C30800D4BFC1F1020201221344E0E723685A05B1
:10C3180007D42369424631462846B84701302BD115
:10C3280068E7BAF1650F40F2DD8000220023D4E906
:10C338001201F4F7C9FB002833D00123364A3146ED
:10C348002846B84701303FF455AFDDE90938434581
:10C3580002DB2368D8070FD531462846DDE90623D6
:10C36800B84701303FF446AF4FF0000908F1FF38F5
:10C3780004F11A0AC84509DC23689B0700F1038108
:10C38800E0680B9B9842B8BF184635E70123524630
:10C3980031462846B84701303FF42CAF09F101096E
:10C3A800E8E7099B002B39DC01231B4A3146284664
:10C3B800B84701303FF41EAFDDE9093959EA0303F4
:10C3C80002D12368D907D7D531462846DDE90623A7
:10C3D800B84701303FF40EAF4FF0000A04F11A0BD2
:10C3E800099B5B42534501DC4B4693E701235A46C0
:10C3F80031462846B84701303FF4FCAE0AF1010A3D
:10C40800EEE700BFFFFFEF7FF4730208F073020846
:10C41800FC730208F873020800740208A36DDDF8C3
:10C4280028A05345A8BF5346002B994636DC4FF049
:10C43800000B29EAE97904F11A02A36D0493A3EB2E
:10C4480009035B4531DC099B9A453ADC2368DA0726
:10C4580037D4099BAAEB0309049BAAEB030399456C
:10C46800A8BF9946B9F1000F33DC4FF0000829EA5C
:10C47800E97904F11A0B099BAAEB0303A3EB09035F
:10C4880043457FF779AF01235A4631462846B847D6
:10C4980001303FF4AFAE08F10108ECE742463146FF
:10C4A8002846B8470130C2D1A4E6012331462846C0
:10C4B8000492B84701303FF49DAE0BF1010B049A8A
:10C4C800BBE7DDE9062331462846B8470130C0D12D
:10C4D80090E6049A4B46314628464244B847013014
:10C4E800C3D187E6DDF828A0BAF1010F01DCDB072C
:10C4F80036D50123424631462846B84701303FF435
:10C5080079AE31462846DDE90623B84701303FF4C5
:10C5180071AE002200230AF1FF3AD4E91201F4F7C0
:10C52800D3FAC0B9534608F1010231462846B84744
:10C5380001300CD15EE601235A4631462846B847F9
:10C5480001303FF457AE08F10108D045F3DB4B4604
:10C5580004F15002DFE64FF0000804F11A0BF4E78B
:10C5680001234246E1E701234A4631462846B847B7
:10C5780001303FF43FAE08F10108E3680B995B1AFC
:10C588004345F0DCFCE64FF0000804F11909F4E734
:10C598002DE9F047164698468A6807460B690C4607
:10C5A800DDF820909342B8BF1346336091F84320DA
:10C5B8000AB1013333602368990642BF33680233F6
:10C5C8003360256815F0060506D104F1190AE368F9
:10C5D80032689B1AAB422BDC94F843302268003B4C
:10C5E80018BF0123920630D404F14302414638466D
:10C5F800C847013023D023681A3454F80A2C03F0B2
:10C608000603042B0ABF54F80E5C002533684FF06C
:10C61800000608BFED1A54F8123C08BF25EAE57574
:10C628009342C4BF9B1AED18B5421AD1002008E006
:10C638000123524641463846C847013003D14FF0DE
:10C64800FF30BDE8F0870135C1E7E1185A1C3020FA
:10C658000233224481F8430094F8451082F84310CD
:10C66800C2E70123224641463846C8470130E6D092
:10C678000136D9E72DE9F0430D7E85B0904607468F
:10C68800782D0C4699460C9E01F1430207D8622D7D
:10C698000AD8002D00F0D780582D00F0BC8004F196
:10C6A800420684F842503BE0A5F16303152BF6D807
:10C6B80001A151F823F000BF19C700082DC70008D1
:10C6C800A7C60008A7C60008A7C60008A7C600088E
:10C6D8002DC70008A7C60008A7C60008A7C60008F7
:10C6E800A7C6000835C8000857C70008E7C70008EC
:10C6F800A7C60008A7C6000857C80008A7C60008AC
:10C7080057C70008A7C60008A7C60008EFC7000853
:10C7180033681A1D1B68326004F1420684F84230FF
:10C728000123A1E033682068191D3160060601D590
:10C738001D6803E04506FBD5B3F90050002D03DA68
:10C748002D236D4284F843305B480A2311E02168A9
:10C758003368080653F8045B02D4490648BFADB2F3
:10C768003360237E54486F2B5CD10823002184F862
:10C7780043106668002EA66005DB21682E4321F071
:10C788000401216050D01646B5FBF3F103FB115CA0
:10C7980010F80CC006F801CDAC460D466345F3D938
:10C7A800082B0BD12368DB0708D5236961689942F8
:10C7B800DEBF302306F8013C06F1FF36921B2261EA
:10C7C800434603AA21463846CDF80090FFF7E0FE1D
:10C7D80001304ED14FF0FF3005B0BDE8F08323683B
:10C7E80043F02003236078253448236884F84550B3
:10C7F80013F0800F316851F8045B03D113F0400F38
:10C8080018BFADB23160D90744BF43F0200323609D
:10C818001DB11023AAE72848E7E7236823F020037F
:10C828002360F6E70A23A1E71646B9E733682568C7
:10C83800181D616930602E061B6801D5196002E079
:10C848006806FBD51980002316462361B8E73368CC
:10C8580000211A1D32601E686268304600F0C9FA6D
:10C8680008B1801B606063682361002384F843304B
:10C87800A6E72369324641463846C8470130A9D061
:10C8880023689B0713D4E068039B9842B8BF1846F7
:10C89800A2E70123324641463846C847013099D0BD
:10C8A8000135E36803995B1AAB42F2DCEBE700253C
:10C8B80004F11906F5E700BF0274020813740208B0
:10C8C800002310B504468360818119464366C281FE
:10C8D80008228361C0E90033C0E904335C3000F00A
:10C8E800F9F90D4B246263620C4BA3620C4BE362B3
:10C8F8000C4B23630C4B9C4206D003F16802944214
:10C9080002D0D0339C4205D104F15800BDE8104054
:10C9180000F06CBA10BD00BF31CB000853CB000843
:10C928008BCB0008B1CB0008941E0020024A0349B3
:10C93800034800F06BB800BF680A002031E6000821
:10C94800780A002041680C4B994210B5044601D082
:10C9580001F06AFEA168094B994202D0204601F015
:10C9680063FEE168064B994204D02046BDE81040BA
:10C9780001F05ABE10BD00BF941E0020FC1E00200E
:10C98800641F00200C4B04210C4A0D4810B51A6096
:10C998000022FFF795FF0A4B012209211C4603F1EB
:10C9A8006800FFF78DFF022204F1D0001221BDE8D4
:10C9B8001040FFF785BF00BFCC1F002035C9000815
:10C9C800941E0020014800F012BA00BFD51F0020B5
:10C9D800014800F00DBA00BFD51F002010B504466D
:10C9E800FFF7F0FF236A1BB1BDE81040FFF7F0BF67
:10C9F800044B2362044B1B68002BF5D1FFF7C2FFE1
:10CA0800F2E700BF4DC90008CC1F00202DE9F8430C
:10CA18000746884614460026D4E90195B9F101096C
:10CA280005D52468002CF7D13046BDE8F883AB89DA
:10CA3800012B07D9B5F90E30013303D02946384602
:10CA4800C04706436835E9E70FB407B5064904ABA4
:10CA5800086853F8042B8168019301F051FC03B076
:10CA68005DF804EB04B07047740A0020036A70B5DF
:10CA780005460E4684680BB9FFF7B0FF636EDB0707
:10CA880005D4A389980502D4A06D00F0B0F9A38954
:10CA9800190702D52369002B35D12146284600F015
:10CAA800C5F880B34FF0FF35636EDA0705D4A38964
:10CAB8009B0502D4A06D00F09BF9284670BD002BA1
:10CAC80004DAA269934217DB0A2915D023685A1C95
:10CAD80022601970A36816F8011F013BA3600029A2
:10CAE800EDD1002B11DA22460A21284600F060F821
:10CAF8000130D7D00A25D7E72246284600F058F853
:10CB08000130E7D1CEE7013EE4E723685A1C2260F2
:10CB18000A221A70EEE70000024B01461868FFF778
:10CB2800A5BF00BF740A002010B50C46B1F90E105D
:10CB380000F0FEF80028ABBF636DA3891B1823F42F
:10CB48008053ACBF6365A38110BD2DE9F0411F463A
:10CB58008B8905460C46DB05164605D502230022BF
:10CB6800B1F90E1000F0D2F8A3893246B4F90E10CC
:10CB7800284623F48053A3813B46BDE8F04100F0EA
:10CB8800F9B810B50C46B1F90E1000F0BFF8421C08
:10CB9800B4F90C3015BF606523F4805343F4805317
:10CBA800A38118BFA38110BDB1F90E1000F09EB883
:10CBB800F8B50E461446054618B1036A0BB9FFF7D7
:10CBC8000DFFA369A360A3891A0701D5236943B997
:10CBD8002146284600F02AF818B14FF0FF373846AA
:10CBE800F8BD2368F6B222693746981A636983420A
:10CBF80005DC2146284601F017FD0028EDD1A36881
:10CC0800013BA36023685A1C22601E70431C6269A2
:10CC18009A4204D0A389DB07E1D50A2EDFD1214649
:10CC2800284601F001FD0028D9D0D6E738B5284BB1
:10CC380005460C46186818B1036A0BB9FFF7CEFE13
:10CC4800B4F90C301A0721D4D80607D409222A606F
:10CC580043F040034FF0FF30A38130E0590712D56D
:10CC6800616B41B104F14403994202D0284600F0B7
:10CC780047FF002363630022B4F90C30626023F09D
:10CC880024032269226043F00803A38122693AB988
:10CC98009A0501D5180603D52146284601F010FD4E
:10CCA800B4F90C3013F001020AD00022A2606269C4
:10CCB8005242A261226942B913F08000C8D138BD3E
:10CCC800990758BF6269A260F4E70020F7E700BF40
:10CCD800740A002002440346934200D1704703F8C7
:10CCE800011BF9E700487047B40B002038B5002352
:10CCF800054D044608462B60F5F742FA431C02D15D
:10CD08002B6803B1236038BDD01F002038B5044616
:10CD1800064D0846114600222A601A46F5F757FACA
:10CD2800431C02D12B6803B1236038BDD01F0020FB
:10CD380038B50446064D0846114600222A601A46B0
:10CD4800F5F701FA431C02D12B6803B1236038BD03
:10CD5800D01F002038B50023054D044608462B6037
:10CD6800F5F742FA431C02D12B6803B1236038BDA2
:10CD7800D01F002038B50446064D0846114600224B
:10CD88002A601A46F4F75EFC431C02D12B6803B1F3
:10CD9800236038BDD01F0020014B1868704700BFC2
:10CDA800740A002070B50D4B00260D4D5B1B9C10BE
:10CDB800A64209D10B4D01F0F1FE0B4B00265B1B7F
:10CDC8009C10A64205D170BD55F8043B0136984722
:10CDD800EEE755F8043B01369847F2E784770208F6
:10CDE80084770208847702088877020870477047BA
:10CDF8007047C9B20346024410B59342184601D1A0
:10CE0800002003E0047801338C42F6D110BD0A44B7
:10CE1800431E914200D1704710B511F8014B914261
:10CE280003F8014FF9D110BD2DE9F74F0369074603
:10CE38000C69A342C0F28380013C00F1140501F1A2
:10CE48001408A30055F8242008EB8409009305EB87
:10CE58008403019358F8243001339A42B2FBF3F665
:10CE680031D34FF0000AC446AE46D3465CF8043BC3
:10CE780098B2E1454FEA134306FB00A04FEA10427F
:10CE880080B206FB0323DEF8002092B24FEA134A71
:10CE9800A2EB00029BB2DEF800005A44C3EB224327
:10CEA80092B203EB104342EA03424FEA234B4EF897
:10CEB800042BDBD2009BEB582BB9019B043B9D4212
:10CEC8001A4630D33C61384601F0E0F8002826DBEA
:10CED8002946002058F8042BD1F800C01FFA82FE1A
:10CEE800C1451FFA8CF34FEA1242A3EB0E03034429
:10CEF800C2EB23429BB202EB1C4243EA02434FEAD5
:10CF0800224041F8043BE5D255F8242005EB840380
:10CF180022B9043B9D421A460BD33C610136304688
:10CF280003B0BDE8F08F1268043B002ACAD1013C67
:10CF3800C5E71268043B002AEFD1013CEAE700206C
:10CF4800EEE70000000000002DE9F04F99B081469F
:10CF58000C92C269229C0A91139357EC106B8DEDC9
:10CF68000E0B82B91020FEF797FF0246C9F81C0085
:10CF780020B9AB4BEF21AB4801F0FEFB0023C0E921
:10CF880001330360C360116859B1526801234846F0
:10CF980093404A608B6000F03BFED9F81C300022B9
:10CFA8001A60B7F10008B7BF0123002328F0004832
:10CFB8002360A8BF23609C4BB8BFCDF83C8033EA00
:10CFC80008031AD1C8F3130842F20F73139A58EAE8
:10CFD8000608136000F06785239B53B9934B21E043
:10CFE800934B00930833239A1360009819B0BDE857
:10CFF800F08F8E4B00930333F5E79DED0E7B0022F7
:10D00800002351EC170B8DED067BF3F75DFD82468F
:10D0180050B10123139A1360239B13B1854B239AB4
:10D028001360854B0093E0E79DED060B16AA17A940
:10D03800484601F0E3F8169D5FEA1854019077D04E
:10D04800079BA4F2FF34CDF850A0C3F3130343F0B9
:10D058007F53DDE9060143F4401319460022774B5C
:10D06800F3F712F968A3D3E90023F3F7C5FA68A325
:10D07800D3E90023F3F70AF906460F462046F3F7EB
:10D0880051FA65A3D3E90023F3F7B6FA02460B4633
:10D0980030463946F3F7FAF806460F46F3F75CFDD3
:10D0A80000228046002330463946F3F717FD48B181
:10D0B8004046F3F737FA32463B46F3F705FD08B921
:10D0C80008F1FF38B8F1160F51D85D4B03EBC803D0
:10D0D800DDE90601D3E90023F3F700FD002848D075
:10D0E80008F1FF38002312932D1B6B1E089345BFD0
:10D0F8000023C5F1010700270893B8F1000F3ADBB8
:10D10800089BCDF8348043440893002309930A9B75
:10D11800092B62D8052BC5BF043B002401240A93C0
:10D128000A9B023B032B64D8DFE803F05355382DE4
:10D13800179C2C4404F23243202BC9BFC3F140038F
:10D14800C3F1200308FA03F804F21243D8BF06FA21
:10D1580003F004F1FF34C4BF26FA03F348EA0300DE
:10D16800F3F7D0F90122A1F1F873149275E70123BE
:10D17800B9E71290B8E7C8F10003A7EB08070993CD
:10D1880000230D93C3E701230B930C9B43440593A2
:10D198000133012B0493B8BF012306E001230B934D
:10D1A8000C9B002B28DDCDE90433D9F81C000021A5
:10D1B800042202F114059D4223D94160484600F03B
:10D1C800E9FC009000283FD11E4B024640F2AF1107
:10D1D800D1E60023E3E70023D6E701240023CDE9C5
:10D1E8000A344FF0FF330022CDE9043312230C92A6
:10D1F800DBE701230B93F4E701231A46CDE9043357
:10D20800F5E701315200D4E761436F63A787D23F46
:10D21800B3C8608B288AC63FFB799F501344D33F1D
:10D2280031740208487402080000F07F2D74020867
:10D238002474020801740208007402080000F83F10
:10D2480098750208A0740208D9F81C30009A1A6070
:10D25800049B0E2B00F2A180002C00F09E80B8F1F8
:10D26800000F36DD08F00F029D4B18F4807F4FEA5F
:10D27800281503EBC203D3E900AB16D0994B05F090
:10D288000F050324D3E90823DDE90601F3F7DEFAE5
:10D29800CDE90201934E75B952465B46DDE90201BC
:10D2A800F3F7D4FA82468B462DE09DED067B0224E7
:10D2B8008DED027BEEE7E90708D550465946013463
:10D2C800D6E90023F3F798F982468B466D100836A5
:10D2D800E1E700F0AD80C8F10005814B814E0224E2
:10D2E80005F00F022D1103EBC203DDE90601D3E9B6
:10D2F8000023F3F781F9002382468B46002D40F086
:10D308008C80002BCED1129B002B00F09580002240
:10D31800754B50465946F3F7E1FB002800F08C8026
:10D32800049B002B00F08880059B002B35DD08F15D
:10D33800FF33504659460022029301346B4BF3F7F2
:10D348005BF9059E82468B462046F3F7EBF852467A
:10D358005B46F3F751F90022654BF2F797FF044655
:10D36800A1F15075CDE91045002E69D10022614B1D
:10D3780050465946F2F788FF22462B4682468B468E
:10D38800F3F7CAFB002840F09482224605F10043D7
:10D3980050465946F3F7A2FB20BB179B002BC0F25F
:10D3A8006081B8F10E0F00F35C814D4B03EBC803AD
:10D3B800D3E900AB0C9B002B80F2EE80049B002B82
:10D3C80000F3EA800ED100224A4B50465946F3F743
:10D3D80013F902460B46DDE90601F3F789FB00283D
:10D3E80000F06A8200252C460C9B009EDB430293CA
:10D3F800274600242946484600F00AFC002F00F082
:10D40800C1802CB1BC4203D02146484600F000FC44
:10D418003946484600F0FCFBB4E0EA0705D501347C
:10D42800D6E90023F3F7E8F801236D10083665E71D
:10D43800DDE906AB022466E7049ECDF8088083E7A1
:10D44800274B03EBC60353E902010B9B002B55D076
:10D4580002460B4600202849F3F7F8F9DDE91023C6
:10D46800F2F712FF009B9D191E46CDE9100159469F
:10D478005046F3F771FB0446F3F754F8024630348C
:10D488000B4650465946F2F7FFFE06F8014B824616
:10D498008B46DDE91023F3F721FB002872D15246B1
:10D4A8005B4600201049F2F7EFFEDDE91023F3F7A1
:10D4B80015FB002840F0B680AE423FF46EAF002264
:10D4C8000A4BDDE91001F3F797F80022074BCDE985
:10D4D800100150465946F3F78FF882468B46C6E747
:10D4E80098750208707502080000F03F000024409B
:10D4F80000001C40000014400000E03FDDE910235C
:10D50800F3F77AF8009B009D3344CDE91001159399
:10D5180059465046F3F720FB0446F3F703F80B4649
:10D528000246594650463034F2F7AEFE159B05F8D0
:10D53800014B82469D428B4627D1009B00221E4408
:10D54800B44BDDE91001F2F7A1FE02460B46504646
:10D558005946F3F7E1FA002864D10020AD49DDE926
:10D568001023F2F791FE02460B4650465946F3F750
:10D57800B5FA00283FF411AF334616F8012D302ACA
:10D58800FAD01E46DDF808803AE00022A24BF3F7F5
:10D5980033F882468B46BBE7009E52465B46DDE980
:10D5A8000601F3F753F9F3F7D7FA0746F2F7BAFF8C
:10D5B80052465B46F3F720F802460B46DDE90601C2
:10D5C800F2F762FE07F1300C009C024606F801CB28
:10D5D8000B46A6EB040C049C644533D1F2F756FEC7
:10D5E80052465B4604460D46F3F796FAC0B95246D2
:10D5F8005B4620462946F3F767FA08B1FB070FD4C4
:10D608000199484600F004FB0023139A337008F18F
:10D6180001031360239B002B3FF4E7AC1E60E4E496
:10D62800CDF8088033461E4613F8012D392A06D155
:10D63800009A9A42F7D1029A0132029230220132BC
:10D648001A709FE70022744BF2F7D6FF02460B468A
:10D65800CDE9062300220023F3F736FA00289CD0F0
:10D66800CEE70B9A002A00F0E3800A9A012A00F319
:10D67800C280149A002A00F0BA8003F23343099D4D
:10D688003E46089A012148461F441A44089200F071
:10D6980075FB044656B1089B002B07DDB342089A78
:10D6A800A8BF3346FF1AF61AD31A0893099B0BB37F
:10D6B8000B9B002B00F0C380002D00F0BD8021469D
:10D6C8002A46484600F01AFC019A01460446484694
:10D6D80000F06AFB01998246484600F099FA099BD6
:10D6E8005B1B099300F0AE80099A5146484600F04A
:10D6F80005FC01900121484600F040FB0D9B0546C2
:10D70800002B00F0D7811A460146484600F0F6FB88
:10D718000A9B0546012B00F39D800E9B002B40F0D1
:10D7280094800F9BC3F31303002B40F08E800F9B54
:10D7380023F000431B0D1B05002B00F08980089B7C
:10D7480001374FF0010A013308930D9B002B00F0BD
:10D75800B7812B6905EB8303186900F0C3FAC0F1A0
:10D768002000089B184410F01F007ED0C0F1200351
:10D77800042B72DDC0F11C00089B074403440644D7
:10D788000893002F05DD3A460199484600F012FC3F
:10D798000190089B002B05DD29461A46484600F0F3
:10D7A80009FC0546129B002B61D02946019800F020
:10D7B8006DFC00285BDA08F1FF330A22019948461C
:10D7C8000293002300F046FA0B9B0190002B00F017
:10D7D8007981002321460A22484600F03BFA059B3E
:10D7E8000446002B72DC0A9B022B49DC6EE0169B78
:10D7F800C3F1360343E7049B5D1E099BAB420DDB77
:10D808005D1B049B002BBFF63BAF049BFE1A002355
:10D8180037E700BF0000E03F00002440099B3E4678
:10D828000D9AEB1A099500251A44049B0D9228E7D6
:10D83800099D3E460B9C2DE7DDF804A054E7099AA4
:10D84800019953E7CDF804A054E74FF0000A7CE7AC
:10D858009A467AE74FF0000A7BE792D01C33089A81
:10D868001A441F441E4408928BE70346F6E7049BBC
:10D87800CDF80880002B23DC05930A9B022B21DDC1
:10D88800059B002B7FF4B0AD29460522484600F0E1
:10D89800E1F901460546019800F0F8FB00287FF7FA
:10D8A800A3AD3123009E06F8013B029B013302938E
:10D8B8009EE535462C46F4E7049DCDF80880F9E747
:10D8C800049B05930B9B002B00F00081002E05DDC7
:10D8D80021463246484600F06DFB0446BAF1000F77
:10D8E8005AD06168484600F055F9064628B9824B77
:10D8F800024640F2EF21FFF73EBB226904F10C011A
:10D908000C3002329200FFF782FA01223146484673
:10D9180000F050FB0746009B009A03F1010B059BA2
:10D92800134406930E9B03F0010308930BF1FF3396
:10D93800294601980493FFF777FA2146059000F1EC
:10D94800300A019800F0A2FB3A468046294648462C
:10D9580000F0B8FBC268064602BB0146019800F019
:10D9680095FB024631464846099200F051F95E4659
:10D97800DDE9092342EA0301089B194310D1BAF1F2
:10D98800390F2BD0B8F1000F02DD059B03F1310AE6
:10D99800049B83F800A02DE52746BCE70122E1E7B8
:10D9A800B8F1000F06DB0A9B48EA0308089B58EA0F
:10D9B800030820D1002AEBDD01220199484600F036
:10D9C800F9FA2946019000F061FB002803DCDFD159
:10D9D8001AF0010FDCD0BAF1390FD6D13923049AE5
:10D9E800137033461E46013B16F8012C392A52D0D3
:10D9F80001321A70FEE4002A07DDBAF1390FEDD0C2
:10DA08000AF10103049A1370F4E4069B0BF801ACC5
:10DA18005B452AD000230A220199484600F01AF9EA
:10DA2800BC4201904FF000034FF00A0221464846DD
:10DA380006D100F00FF9044607460BF1010B75E714
:10DA480000F008F93946044600230A22484600F047
:10DA580001F90746F1E7059B274600245E1E002BC7
:10DA6800009BD8BF00265A1C16440122019948463B
:10DA780000F0A0FA2946019000F008FB0028B0DC6D
:10DA880002D11AF0010FACD133461E4613F8012D0E
:10DA9800302AFAD0AEE4009A9A42A3D1029B01330D
:10DAA80002933123AFE7239B002B7FF499AA134BF2
:10DAB800FFF7B8BA0A9B012B7FF72FAEDDF834A029
:10DAC80001204EE6059B002B7FF7D7AE009E294626
:10DAD8000198FFF7A9F9009B00F1300A06F801AB9D
:10DAE800F21A059B9342B6DD00230A2201994846A3
:10DAF80000F0B0F80190EAE7A07402082474020864
:10DB080038B50546002941D051F8043C0C1F002BBC
:10DB1800B8BFE418FEF76AFA1D4A136833B96360A0
:10DB280014602846BDE83840FEF766BAA34208D913
:10DB3800206821188B4201BF19685B6809182160A9
:10DB4800EDE71A465B680BB1A342FAD91168501881
:10DB5800A0420BD120680144501811608342E0D1E3
:10DB680018685B68084453601060DAE702D90C2330
:10DB78002B60D6E7206821188B4202BF19685B68C2
:10DB88000918636008BF21605460CAE738BD00BF48
:10DB9800901E002070B5C46905460E4684B9102051
:10DBA800FEF77AF90446E86128B90246164B6B215C
:10DBB800164800F0E1FD0023C0E901330360C360AB
:10DBC800E36853B921220421284600F0F3FDEB69EC
:10DBD800E060DB680BB9002070BD53F8260030B157
:10DBE800026843F826200023C0E90333F4E7012143
:10DBF800284601FA06F4621D920000F0DBFD0028B9
:10DC0800E9D0C0E90164EEE731740208B174020892
:10DC180070B5C66905460C4676B91020FEF73CF982
:10DC28000246E86120B9094B8F21094800F0A4FD9C
:10DC3800C0E901660660C6603CB1EB696268DB68F2
:10DC480053F82210216043F8224070BD3174020855
:10DC5800B17402082DE9F04101F1140C07460C4695
:10DC68001E460D690020DCF80030013099B285426B
:10DC780002FB01614FEA13464FEA114389B202FBE6
:10DC8800063301EB03414FEA13464CF8041BEADC68
:10DC98000EB3A368AB4219DC616838460131FFF75F
:10DCA80079FF804628B902460C4BBA210C4800F08F
:10DCB80063FD226904F10C010C3002329200FFF777
:10DCC800A6F8214644463846FFF7A2FF04EB850331
:10DCD80001355E6125612046BDE8F081A074020827
:10DCE800B1740208B0F5803F034636BF0304002034
:10DCF8001020B3F1807F3CBF1B020830B3F1805F76
:10DD08003CBF1B010430B3F1804F3CBF9B00023085
:10DD1800002B05DB13F0804F00F1010008BF202025
:10DD280070470368024613F007000BD0D90721D4C7
:10DD3800980747BF5B0801209B0802204CBF13606F
:10DD48001360704799B209B91B0C1020D9B209B9F0
:10DD580008301B0A190704BF1B090430990704BFC0
:10DD68009B080230D90703D45B0800F1010003D0F7
:10DD780013607047002070472020704710B50C468C
:10DD88000121FFF707FF024628B9054B40F245116C
:10DD9800044800F0F1FC01234461036110BD00BF99
:10DDA800A0740208B17402082DE9F04FD1F8109060
:10DDB80085B0D2F810A088461446D14504DB5346F6
:10DDC8000C46CA46904699460AEB0906A36861685C
:10DDD800B342B8BF0131FFF7DDFE30B90246454B0B
:10DDE8004FF4B171444800F0C7FC00F1140500225B
:10DDF80005EB86072B46BB421FD304F1140C08F130
:10DE080014010CEB8A0301EB890202921A1B1534E8
:10DE1800153A22F003029C4288BF00220192029A1E
:10DE280003918A420CD8002E03DD57F8043D002BDD
:10DE38005DD0066105B0BDE8F08F43F8042BDAE742
:10DE4800B1F800A0BAF1000F24D0E046A9464FF07F
:10DE5800000E58F8042BD9F800401FFA82FB4345FE
:10DE6800A4B20AFB0B444FEA124BD9F800207444C1
:10DE78004FEA124E0AFB0BE202EB1442A4B24FEA3D
:10DE8800124E44EA024449F8044BE2D8019AAA180F
:10DE9800C2F804E0039A0431B2F80280B8F1000F26
:10DEA80023D02A68E646AA464FF0000B9146BEF8F2
:10DEB800004092B208FB04B404EB194442EA04425D
:10DEC8004AF8042B5EF8042BDAF800904FEA124B5C
:10DED80073451FFA89F208FB0B2202EB14424FEA42
:10DEE800124BE4D8019C2C196260043597E7013E77
:10DEF80099E700BFA0740208B17402082DE9F8433D
:10DF0800174612F0030280460D4607D0013A264C08
:10DF1800002354F82220FFF79DFE0546BF103FD08E
:10DF2800D8F81C4094B91020FDF7B6FF0446C8F88D
:10DF38001C0030B902461D4B40F2B3111C4800F0DA
:10DF48001BFC0023C0E901330360C360A66846B91F
:10DF580040F271214046FFF711FF00230646A060FA
:10DF680003602C464FF0000907F001037F1053B1FE
:10DF7800294632464046FFF717FF214605464046E8
:10DF8800FFF746FE67B1306838B932463146404639
:10DF9800FFF70AFF3060C0F8009006462C46E3E71A
:10DFA8002846BDE8F88300BF64750208317402088A
:10DFB800B17402082DE9F84F0C46074615464FEA9A
:10DFC800621A2369496803EB6218A36808F101091A
:10DFD8004B450BDB3846FFF7DDFD064648B90246E0
:10DFE800284B4FF4EF71284800F0C6FB01315B0065
:10DFF800EEE7002300F1140C00F110021946534516
:10E0080034DB2AEAEA7A04F11403226915F01F0EB8
:10E018000CEB8A0C03EB820261462BD0CEF1200A6E
:10E02800002518688B46043100FA0EF02843CBF817
:10E03800000053F8045B9A4225FA0AF5F1D8131B3D
:10E0480004F11501153B23F003038A4238BF00236E
:10E058009C44CCF8045005B9C14638462146C6F858
:10E068001090FFF7D5FD3046BDE8F88F013342F830
:10E07800041FC4E753F8045B04319A4241F8045C76
:10E08800F8D8E9E7A0740208B174020803460A69DF
:10E098000069801A30B50ED11433143103EB8204B1
:10E0A80001EB820154F8045D51F8042D954203D028
:10E0B80005D24FF0FF3030BDA342F3D3FBE7012078
:10E0C800F9E700002DE9F74F8A460646114614463F
:10E0D8005046FFF7DBFF051E12D129463046FFF7F1
:10E0E80059FD024628B9434B40F23721424800F017
:10E0F80043FB0123C0E90435104603B0BDE8F08FA7
:10E10800BCBF5346A2463046B8BF0125DAF8041012
:10E11800B4BF1C460025FFF73DFD024618B9354B34
:10E1280040F24521E2E7DAF810700AF1140904F127
:10E13800140E2669C56000F114050AF1100309EBF5
:10E1480087080EEB8606AB464FF0000C0193019B47
:10E158005EF8040B53F804AF764501931FFA8AF36F
:10E16800194683B24FEA1040A1EB0303C0EB1A40F3
:10E17800634400EB23409BB24FEA204C43EA004340
:10E188004BF8043BE3D8331B1534153B23F003034A
:10E19800A64238BF0023E8184B44A5EB09051C1D0F
:10E1A80004302646464506EB050E0ED308F103015A
:10E1B8000133091B21F00301984538BF00210144B0
:10E1C80051F8043DA3B1176196E756F8041BE246DF
:10E1D8001FFA81FC4FEA11495144D44489B209EB32
:10E1E8002C4941EA09414FEA294CCEF80010D9E7F9
:10E1F800013FE5E7A0740208B17402082DE9F7436E
:10E208000F460121164659EC108BFFF7C3FC044654
:10E2180030B90246234B40F20F31234800F0ACFAE4
:10E22800C9F30A55C9F313030DB143F480130193DD
:10E23800B8F1000323D068460093FFF772FD0099F8
:10E24800D8B1019AC0F1200302FA03F3C2400B438C
:10E2580001926361019B002BA3610CBF0122022282
:10E268002261A5B1A5F233450544C0F135003D60F2
:10E278003060204603B0BDE8F0836161EAE701A899
:10E28800FFF74FFD019B203001226361E8E7A0F210
:10E29800324004EB820338601869FFF723FDC0EBB6
:10E2A8004210E5E7A0740208B17402089368013BC4
:10E2B800002B10B4936008DA9469A34201DB0A29A1
:10E2C80003D15DF8044BFEF773BC1368581C10604B
:10E2D800084619705DF8044B7047F8B506460F46B6
:10E2E8001446D518AC4201D1002007E03A4614F88C
:10E2F800011B3046FFF7DAFF431CF3D1F8BD0000DD
:10E308002DE9F0470D469CB014461F46064618B145
:10E31800036A0BB9FEF762FB6B6ED90705D4AB89AC
:10E328009A0502D4A86DFEF762FDAB891B0701D5DB
:10E338002B699BB929463046FEF778FC70B16B6EA5
:10E34800DC0704D54FF0FF301CB0BDE8F087AB897F
:10E358009805F7D4A86DFEF74BFDF3E70023039764
:10E368004FF001086B4F099320238DF82930302393
:10E378008DF82A302346994613F8012B0AB1252A2D
:10E38800F9D1B9EB040A0BD0534622462946304648
:10E39800FFF7A3FF013000F0A480099A52440992C4
:10E3A80099F80030002B00F09C8000234FF0FF32DA
:10E3B80009F10109049307938DF853301A93CDE9B5
:10E3C80005234C460522534814F8011BFEF711FD9E
:10E3D800049BD0B9D90644BF20228DF853201A07D0
:10E3E80044BF2B228DF8532099F800202A2A13D0F5
:10E3F800079A4C4600204FF00A0C214611F8013BC1
:10E40800303B092B49D968B913E0C01BA14608FA6B
:10E4180000F018430490D4E7039A111D1268002AEB
:10E42800039101DB079204E0524243F00203079292
:10E43800049323782E2B0AD163782A2B32D1039B9D
:10E4480002341A1D1B6843EAE37303920593DFF84D
:10E45800D490032221784846FEF7CBFC38B1A0EBD4
:10E4680009004022049B013482401343049314F8AA
:10E47800011B062228488DF82810FEF7BAFC002850
:10E488003ED0264818BB039B073323F00703083305
:10E498000393099B034409936CE70CFB02320C4677
:10E4A8000120AAE7002301344FF00A0C194605930E
:10E4B800204610F8012B303A092A03D9002BC6D080
:10E4C8000591C4E70CFB012104460123F0E703ABE7
:10E4D8002A4604A930460093114BFDF731FE431C30
:10E4E800D7D16B6ED90705D4AB899A0502D4A86D2C
:10E4F800FEF77EFCAB895B063FF524AF099823E75E
:10E5080003AB2A4604A930460093054BFEF7B2F840
:10E51800E5E700BF0A7502081475020849C100083A
:10E52800E3E2000810750208B1F90C202DE9F0416A
:10E53800160705460C4651D44B68002B02DC0B6CC1
:10E54800002B49DDE66A002E46D0002312F48052E3
:10E558002F682B6031D0626DA389590705D5636890
:10E56800D21A636B0BB1236CD21A0023E66A216AB4
:10E578002846B047421CB4F90C3006D129681D2939
:10E5880045D8284ACA40D60741D50022D904626036
:10E598002269226004D5421C01D12B6803B9606549
:10E5A800616B2F60C1B104F14403994202D028463F
:10E5B800FFF7A6FA002363630EE00123216A2846C9
:10E5C800B0470246501CC7D12B68002BC4D01D2B66
:10E5D80001D0162B19D12F6000201DE00F69002FE4
:10E5E800FAD093070E680F600CBF4B690023A6EBA7
:10E5F80007088B60B8F1000FEEDD43463A46216A02
:10E608002846A66AB047002808DCB4F90C3043F065
:10E6180040034FF0FF30A381BDE8F0810744A8EB29
:10E628000008E7E70100402038B50B6905460C46AD
:10E6380013B90025284638BD18B1036A0BB9FEF78F
:10E64800CDF9B4F90C30002BF3D0626ED00704D4A6
:10E65800990502D4A06DFEF7CAFB28462146FFF7AC
:10E6680063FF636E0546DA07E4D4A3899B05E1D40A
:10E67800A06DFEF7BDFBDDE770B50C46B1F90E10D5
:10E6880096B0154600291E460ADAA18911F08001C4
:10E6980013D14FF48062002031602A6016B070BD3B
:10E6A8006A4600F047F80028EFDB019901F4704151
:10E6B800A1F5005359425941EBE700214022EAE70E
:10E6C8008B8973B59E0705460C4607D504F14703A9
:10E6D800236023610123636102B070BD01AB6A4608
:10E6E800FFF7CAFF009E28463146FDF7FFFBB4F945
:10E6F8000C3038B99A05EFD423F0030343F0020332
:10E70800A381E3E743F080032060A381019BC4E970
:10E718000406002BE0D0B4F90E10284600F01CF8CF
:10E728000028D9D0A38923F0030343F00103A38170
:10E73800D2E7000038B50023064D044608461146C6
:10E748002B60F3F729FD431C02D12B6803B123602A
:10E7580038BD00BFD01F002038B50023054D044642
:10E7680008462B60F3F728FD431C02D12B6803B140
:10E77800236038BDD01F00201FB514461A46094B28
:10E7880005461B68D8684CB1074B00910749CDE98D
:10E7980001342B4600F042F800F052F8044B1C46B6
:10E7A800F3E700BF740A00202575020832750208D5
:10E7B8006075020870B5A1FB025434B92946FDF70B
:10E7C80095FB064628B9304670BD0C22002602602B
:10E7D800F9E72A462146FEF77DFAF4E782B001B947
:10E7E80001A942B14BB113780B601278101E18BF03
:10E7F800012002B070471046FBE76FF00100F8E710
:10E808000346084641B1FF2A04D98A224FF0FF3057
:10E818001A60704701200A70704700000EB403B5F3
:10E8280003AB0146054853F8042B00680193FFF732
:10E8380067FD02B05DF804EB03B07047740A00206E
:10E84800062008B500F02CF80120F3F771FC1F2909
:10E8580038B505460C4604D9162303604FF0FF303F
:10E8680038BDC26B12B152F821304BB9284600F0BE
:10E8780031F8224601462846BDE8384000F018B86D
:10E88800012B0AD0591C03D1162303600120E7E7A6
:10E898000021204642F8241098470020E0E70000B5
:10E8A800024B01461868FFF7D2BF00BF740A002068
:10E8B80038B50023064D0446084611462B60F3F789
:10E8C80027FC431C02D12B6803B1236038BD00BF6D
:10E8D800D01F0020F3F714BC08B52DED028BB0EE65
:10E8E800408A00F069F8F0EE408AB0EE480A00F07D
:10E8F8002FF868B1DFED127AB4EEE78AF1EE10FA7C
:10E908000BDCDFED107AB4EEE78AF1EE10FA0FD4E3
:10E91800B0EE680ABDEC028B08BDDFED0B8AFEF78E
:10E928003BFA2223B0EE680A0360BDEC028B08BDF7
:10E93800FEF732FA2223DFED058A0360E8E700BF1D
:10E948001772B142B5F1CFC20000807F000000000D
:10E9580010EE103A23F00040B0F1FF4F2CBF00201A
:10E968000120704710B52DED028BB0EE408A0446A9
:10E97800FEF712FA0460B0EE480ABDEC028B10BD37
:10E9880030B1F1EE407A222027EE800AFFF7EABF85
:10E99800F0EE407A222027EE800AFFF7E3BF00BF9F
:10E9A8009FED010AFFF7ECBF000000109FED010A80
:10E9B800FFF7E6BF0000007010EE103A23F00042A7
:10E9C800B2F1FF4F58D84FEAD37100F093806148F5
:10E9D800834200F3898019B15F4B9A4200F2878025
:10E9E8005E4B9A424BD95E4B9A4200F295805D4845
:10E9F80081F001035C4A00EB81005B1A02EB8102A3
:10EA0800D0ED004AD2ED007A70EE644A34EEE70A9F
:10EA18009FED564A9FED565ADFED565A20EE007A82
:10EA2800DFED556A9FED556AA7EE045AE5EE075AE1
:10EA3800E5EE876AA6EE876AF0EE406AE6EE476A78
:10EA480020EE266A002B42D0B0EE007A13F17D0F3B
:10EA5800B7EE000A37EE667AC6EE076A77EEE67A10
:10EA680077EEE47A30EE670A4ADB10EE102A02EB02
:10EA7800C35300EE103A704730EE000A7047B2F107
:10EA8800505F0AD2DFED3E7AB7EE007A70EE277A51
:10EA9800F4EEC77AF1EE10FA58DC60EE007A9FEDDA
:10EAA800335ADFED335A9FED336AE7EE855ADFEDCF
:10EAB800326A9FED327AA7EEA56AE7EE866AA7EE7C
:10EAC800A67AF0EE406AE7EEC76A20EE266AF0EE14
:10EAD800007AB7EE007A76EEE76AC6EE267A77EE27
:10EAE800C07A37EE670A70470020FFF75FBF002043
:10EAF800FFF756BFDFED237A002900FE270A70478B
:10EB080010EE102A6433DFED207A02EBC35300EED7
:10EB1800103A20EE270A70471C4BF0EE404A9FED52
:10EB28001C6A03EB8103DFED1B6A9FED1B7AD3EDB3
:10EB3800007AE0EE067AFDEEE77A17EE903AF8EE04
:10EB4800E77AE7EEE64A67EE877A5FE730EE070A8C
:10EB5800704700BF1772B142B5F1CF421872B13E8B
:10EB68009115853F6C770208647702084CBB3133F6
:10EB78000EEADDB555B38A38610B36BBABAA2A3E1F
:10EB8800CAF24971000000000000800D7477020885
:10EB98003BAAB83F8071313FD1F71737F8B500BFAE
:10EBA800F8BC08BC9E467047F8B500BFF8BC08BC66
:04EBB8009E467047BE
:10EBC00049534D333330444843585F49443A202534
:10EBD000640D0A0073746174696F6E61727900006C
:10EBE0006C6566745F7269676874000075705F6455
:10EBF0006F776E0061695F6E6574776F726B5F63CC
:10EC00007265617465206572726F72202D2074794F
:10EC100070653D256420636F64653D25640D0A00C1
:10EC200041492061695F6E6574776F726B5F7275C1
:10EC30006E206572726F72202D20747970653D258B
:10EC40006420636F64653D25640D0A0052756E6E25
:10EC5000696E6720696E666572656E63650D00009A
:10EC600025382E36662000003A202564202D2025E8
:10EC7000730D0A00256C7520252E326620252E3254
:10EC80006620252E326620252E326620252E3266FD
:10EC900020252E32660D0A0001000000C00D000084
:10ECA000010000000100000001000000CC8501000F
:10ECB000010000000100000000000100140A002013
:10ECC00000000100400A002004000000F4050020BC
:10ECD000040000005806002004000000AC060020DC
:10ECE000040000000C070020040000006007002062
:10ECF00004000000CC0700200400000048080020A9
:10ED000004000000B4080020000000000000000023
:10ED100000000000000000000000000000000000F3
:10ED2000A5733B3E5F5B533EC650F83D0A9BB73D23
:10ED300027E539BE49FE2ABECC45A1BD815E333EE2
:10ED4000981932BE3DA0573EA96637BE74C54B3DEB
:10ED50006E5DF53D10214E3CA4C8FDBD7CA1E8BD13
:10ED6000E4391B3D799A42BEAA0426BEB4E4643D50
:10ED7000CE6199BD2039093E361C003ED14A223E63
:10ED800000FFF23B88E5603E9F1A453EBE54D93DE8
:10ED90008649CDBD88E71EBD88FE42BD3B9D47BE6E
:10EDA0002D8547BE582C3BBE810C36BC9A5587BD7D
:10EDB000C8BD0F3D7B50863EC649953D5826093E4D
:10EDC000F7542D3E3F0FB6BEE7B2333DA6491BBDFB
:10EDD000A8F0F2BD4BC1F03C917A853ECB19C4BE80
:10EDE0002B4EA8BD74E486BD2FD87D3D491FE23D62
:10EDF000948E913E85E0C8BEB950B63E3252123C68
:10EE00007E86603E117B2E3E1E46A13DFA798CBE69
:10EE1000B9048D3CE2C4023E18C6563E1DA00CBE8D
:10EE2000FFEA95BDC21AD2BEAD44A23E397AC6BC35
:10EE3000FDC52ABE73398D3E5CE2033D4E56A4BE2D
:10EE40009230F23D9E5A213EC75431BEA92586BE5E
:10EE5000C1D8713EB1FF84BD1F0933BD24B54B3D00
:10EE60003AE75F3E03FB273E949D5A3B7C7894BE75
:10EE70007A58F53CFA03053E0A445E3EAD6B8E3E81
:10EE800070696A3E62A9E7BD76EA333EAE4014BDC2
:10EE90003593FE3DE5E46DBEC1560ABE05AC893E24
:10EEA000D7E601BE28A7B9BEE09C94BB262921BEA7
:10EEB000A29C0ABECA3CA33E7E04073E4E7C91BE85
:10EEC00087CA7B3EBE55F83B02E41DBEA912CF3E69
:10EED0001BC138BEBCE55E3EDF4C913D76EB62BEA9
:10EEE000BDE2CE3EB97FC13DF06F77BEFCE1913E01
:10EEF000A721B33D48C100BFC5DA9F3E75C4AD3EF2
:10EF0000C808CDBE51E3543DCFE82ABE9055A8BEF7
:10EF1000A2F94C3E61809F3E365AA13EC50277BDA4
:10EF2000ED6A0B3EAA92003EDF466EBE3A9DC0BE21
:10EF3000A93C803EC03087BE657812BEC9A6713E2E
:10EF40003EA9BBBE05A34DBD47941D3DEE25DA3D50
:10EF50005BAB9E3D3817E13E20A9B3BE09F99CBECC
:10EF6000680450BE8888EDBD4A9949BE356A28BDFF
:10EF70001E1D25BE824E563E319D963D2563DABD4F
:10EF8000C3DA3B3E82009CBDB26AA3BDCE071E3CE5
:10EF9000139B093E80EA3BBCC05C4DBE831E56BE3F
:10EFA000FF705CBD376D103E2BD3953D237446BB7F
:10EFB000458AEE3D19833B3EF11450BEF968373E59
:10EFC0009822553E21B211BE59A197BDEFBF38BE60
:10EFD00078A63A3B5DB68A3D3435553EE8A4303ECE
:10EFE000DCF268BE6DD6A3BDFA57143EC636C2BD6C
:10EFF0004EEBB23DAC59733DF84693BC643917BE35
:10F00000CA3ED23D51392A3E15CF433E24C6193D52
:10F0100014BC35BDFDD1203E7E05AA3D5013673C92
:10F02000DC6E80BD66AF933D0CFE0EBEF100663E09
:10F0300000CD2EBE40B386BCA4FC81BD05A9123E06
:10F04000406264BD28B313BDEE32D03D4A1DD83DA9
:10F0500037932F3E64D120BD24553C3D1C4518BD3F
:10F060000000A339A62CF33D1E47E93DC07246BB04
:10F07000BBCF63BE58E51EBE3CB1203DE900033E58
:10F080004C97C13CE112A43BF8FA263EDEB0A73E05
:10F090004A4A1E3E824C34BE3BF8343E05992ABE95
:10F0A00074360E3DC5D5503DC98A4A3E91AD213CCE
:10F0B0006F7873BEFEFCEC3D19EE5E3D3DA9FEBDD2
:10F0C000C8A66E3E0F5889BE8ECADF3D437C3D3ECA
:10F0D0006050ADBD3CF2EEBD91BF06BEE0218DBCDF
:10F0E000A80F9EBDCF42023E5AF0B63DA00FF63BA0
:10F0F00010BAE3BD9007AEBD976F00BECED7C23D3C
:10F1000006C41FBE406BCF3BA0F534BDE02A3CBC1B
:10F11000EC5D90BE57D60B3EE8E1C83DBD00F83B24
:10F12000FEF4CFBD30FB563EC981CEBE1780AE3D4A
:10F13000C16DC4BDE712FCBAB0FB84BE049FAF3EF4
:10F140005821B7BEE1742BBDBEDAD13D923A48BE1C
:10F15000E61B983DA7D9CA3D907EE03DF4D7293EF5
:10F160009B59923DC241723B0CA2943D315A8BBED9
:10F17000B4C5593E33A6553E67BA92BD19BF043D8A
:10F1800083CA14BC2E3091BE8B3112BE523BAB3DB4
:10F190003E2A233E7FD923BD261FB43E665AC5BEF4
:10F1A0007FB2A63E9A568EBED4051E3E958AEABC14
:10F1B0007F4BDD3D935F5A3E0F2CAF3E562C37BE42
:10F1C000169E76BD542D343E1C3E48BD71D2C8BB40
:10F1D000E01CBFBD46F39BBD2D23ADBBB4CE0CBE22
:10F1E00004A49ABEB6C092BC6F63DA3D83B69B3E60
:10F1F000D331CEBDADA444BD2C938F3CF10D4F3D1A
:10F200001B891FBD0F19CABB4C24703EF39A51BE17
:10F2100063B5D0BDE3C6223EB0C1983EE5D5D43B30
:10F22000E484633EA408383E2979973D66CA05BE4A
:10F23000330DBB3E1DA3DF3D26F9CA3D119A4D3E5D
:10F2400043C2A2BDC70270BD318D103E5E3C583C2A
:10F25000EB879A3DCCAF363E042A033CDEC9343DF1
:10F26000AF36923EAD7072BE5E38DDBD76DE3EBE1C
:10F27000C016FDBD98D522BEDEE838BE15FFB1BD73
:10F2800052F3B83D4C4A9F3D32FF8DBD50BABF3E50
:10F29000F4E425BDEEE9203E65A30BBD91729A3CD6
:10F2A000078E9D3C83F0BF3EAEB036BE0AFF003EE7
:10F2B000F247FFBD5C53493D6A9A34BE99CBDB3EB1
:10F2C000F455173D90683CBC26DA54BEFBD3483E4B
:10F2D0009E25A43D47BC463EF8F181BDC01E64BDDD
:10F2E00000D6DCBB14950BBEE0EAD3BBAD7B02BEFF
:10F2F0000AE7FD3D52DA943DB85CC6BC92442FBE8D
:10F30000805482BAB777063EBA8B34BEA53D55BE4F
:10F31000BD295CBE9CE07B3DC47462BE0A24A23D54
:10F320003350293EBC3924BEB8E5F9BCC68C5CBE5E
:10F330005E51E93D092F413E8EBBB73D987D41BEF0
:10F340002C1F73BD20F3C6BD560F9D3D98D493BDB1
:10F35000DEC8FC3D0A6AAB3D7C5008BDFAF158BEE0
:10F3600040BD11BDD2CB0FBE04CD54BE384C47BDFD
:10F37000179A13BEB520553E7B14173EAB0168BEED
:10F3800000A94ABADA5D19BEF2B5B0BDFE8D0BBE5A
:10F39000562EF73D0453F5BD09390FBEC234EF3D7B
:10F3A000CCB7533D574A293E9CBC563D3FB255BE53
:10F3B0001A5BCF3D51262C3EC60C5CBE409D34BD31
:10F3C000AA0FED3DEC6747BDD3174B3EA1F95FBED9
:10F3D0002C7967BD130D23BE043B723D280711BD78
:10F3E000E23D62BE4286E7BDA06751BEF1E04C3E01
:10F3F00065DAED3B03B5543E7975433EEFD4B6BDB7
:10F400003E04E2BB02C48EBD37C4E33D577D99BDC7
:10F410004617CC3D6EC92DBE40B2A43D26A795BD72
:10F4200029BEBABDF6814BBE00433EBC4F7F1E3E97
:10F4300088AB2CBD94C85EBE78A20ABEEA2884BD03
:10F44000D7BF273E6292D5BD9E46E43D0CD9143D00
:10F450001B39E3BDF9021C3EA5FC0BBE6F0B2CBE95
:10F4600038A149BE32AF2ABEE6E0E53D06D319BE5B
:10F47000595D92BE56A45CBD1CEFC53DFAD82E3E28
:10F48000B7034DBD8FE3E73ED78F68BEB487823E9A
:10F49000FAA0C13D7B3396BC9BF97B3A60D56D3EAB
:10F4A000E76DC9BE1448413DA667FDBD62946DBCC1
:10F4B00051C7533DFA21A33D926FE93D2B0D6CBE20
:10F4C0008DD10DBEB8AC043E938ABEBEC9CF0FBE6F
:10F4D0006F6895BD73337EBE763BDB3D0E41E63EE5
:10F4E00085DA3FBEED11AFBB3C9409BC905FC5BD52
:10F4F0006AB8C0BCEA48AE3ED695E3BE9357083E14
:10F500000938093EB6B89CBDC68138BEFB32F7BD8E
:10F51000E858B83C13E3373E51305F3E2B7B553EF5
:10F520008CD541BEF7064B3EBD7850BEC1991CBE7E
:10F53000724D1DBE00748FBB06E9FC3D4E28FD3D9B
:10F540007A385FBE52A8FA3DCC9C843E32C36F3DF0
:10F550008C8E41BE5AC9F3BEC214773DB2CF65BE90
:10F560000D1F793B801E3A3E38F4B4BD59EECCBE37
:10F570005EA8E83E44BC1DBEAFA2D13E4518A93EE0
:10F580007372573E38B891BE51D4E73E82868DBE25
:10F59000E44A40BE81F2493D560E213E7DD9DF3D11
:10F5A00069C87E3DAB2AA13E7A18ABBE9A19A63D2A
:10F5B000F67401BE08B2F6BD349FA33DE1E5AD3E51
:10F5C000C058A3BDD2AAFCBC9ED6253E97B5ED3D42
:10F5D0008A3823BE6D70353D459EC53C12BB8D3EBD
:10F5E000BF891C3DC6319CBDDE08ABBE8541123EC5
:10F5F000A48669BE7FBDF3BD502F01BC33BB803EE6
:10F60000432E53BE3887B73EEFD386BE3F007A3EC7
:10F61000C94C553DEBF8A73E039D82BE06DE3F3E3A
:10F6200000000000D08F9FBB8DA56EBAFECA03BC40
:10F63000E99647BC41F09B3C2B3EBE3B5C781DBC31
:10F64000C26782BB0D85CEBB000000000000000039
:10F6500009DFF43B00000000C6E1633A686377BB52
:10F6600065853D3C9356483C9E60D23C2483553C86
:10F67000000000000000000000000000000000008A
:10F68000C1F184BC000000002B478CBBC728373C6D
:10F6900000000000A815993C08AEF33B00A76C3CA5
:10F6A0001C2614BDB67E123EA9AA4CBE98EFE3BD3F
:10F6B0009F8240BE0D3C333C3EDBE9BD6AB683BD54
:10F6C000C0C459BD8CE3FFBDC010F5BCA8DF233E0C
:10F6D000BE8F9DBB8838CC3DD2C7A7BD8139633D65
:10F6E0000D36AE3D73C410BE72C920BDA661A4BD67
:10F6F000DA9688BD2DF91ABEDC856CBDE0556D3DEE
:10F7000096B62B3E5FA5EBBDDD7643BE100E583C92
:10F710002A29013E6341263EC06F9FBD0AF5373E50
:10F72000CCBBC63DC08A3DBC396E843C4C61EC3DCF
:10F73000CFEA4CBE94ECD63C25283D3EC612EFBD28
:10F740000678DCBD0078613C4816A23D1F0050BE23
:10F750000A08D8BD8D4ECDBDAD2D7ABD5426F03CE6
:10F760002DDA67BCE8E2E23D7A0E56BD800846BC61
:10F77000E800BC3D30EEE4BC1412953D70F3183E39
:10F780008A781EBE700D393D4B59D4BD287D503E40
:10F7900020AFF5BBAAC840BE1F36893D3DB8F1BDBC
:10F7A00032BF2C3EC0253BBEEBAF1F3E0414AA3D2A
:10F7B0009CD24EBEF8034DBE050CD43DB01013BC18
:10F7C000CA8AA0BDEAB70DBEC64D093EC048FD3D80
:10F7D000E18C193EB0F3C43D398E303D931FB4BD6A
:10F7E00018625A3C2791A2BDC8060A3E311918BEBC
:10F7F0004602A2BDB0AFF13D68F5D13D1EB32E3E2D
:10F800007C4EC03DBA7F38BEE8C674BD4046763DEA
:10F81000F48DDF3D2B7BE03D444E233CE8D801BD19
:10F820005CF053BDC0A0933D20C88C3E5955673D48
:10F83000FDF0263ED1B69EBD1D58D93E8E0B8C3EA6
:10F840009B7F0BBD4A711A3DE4BA66BDF4640C3E61
:10F85000FF813C3EFBA7F2BD0BAD87BEB2F6C33DB8
:10F86000C679C8BD04249BBB7089933D67E0BABDCF
:10F870006468BF3D886C11BE78DB0B3E00A42EBAD5
:10F8800046DC9ABD7C79C53D7BF644BE168DA93D0C
:10F89000C2DD1EBECD121E3E23EE1FBEB34E9A3DEC
:10F8A0008C94D43D6605D6BDAD23173D4164613EC1
:10F8B000CC44593D7228243E2B00973E4A9F8DBD73
:10F8C00058CB0E3EB736F53C328801BEEA8546BEBF
:10F8D000F8B19BBD7A33243E201318BE7F1B0E3E29
:10F8E0004073633C1DD977BDFF84AD3B2AEA1E3EC1
:10F8F000B888D73DCCD980BD82C01D3E1844ED3DAF
:10F90000E9D08BBD8C6A4CBD64CDE9BD2029533D47
:10F910006C575ABD61B1E33D1F9508BED751F93D03
:10F920005425A43D80BCA3BC5460473E715CB0BC70
:10F93000DF7DE9BDE9D4303E2B2A703E831C073EB3
:10F94000275FBB3CE91B173DC83D233DD0A5393D92
:10F950005A4ECDBDC8F65EBD908F80BE7F12B4BD3D
:10F9600086BBA03D3D6BBABD5BE3863E28579DBD7F
:10F9700087A538BEB4FB853DDCF1E63DB08DA93CE2
:10F98000DC2C4F3E760D16BE20C38D3DE5CDA13E4D
:10F99000A802753DBA4FDC3DC2C5E9BD302031BE7D
:10F9A00074A5F33D30A5A0BC0CFF8ABDDD50ACBCF6
:10F9B000346E023E0BF4403CD1339D3CD3DE643DBB
:10F9C000D89BA6BDC80A203D0CF63EBD38AC6B3DA9
:10F9D0008D2D443EF85DFA3C815B7C3D15C8EEBC44
:10F9E0003E2AFBBD6BC8A23DB907F0BD48BB093E2E
:10F9F0008C77BB3D8C29013EB886A83DEAB72ABE6C
:10FA0000D4EA8F3D3407EBBDA27BFABDC2A1473ECD
:10FA1000AFDA3FBEB238383CF18351BE782BA6BC7A
:10FA20005C724D3E623B46BEA79714BE4EF010BEC0
:10FA3000278A08BE5518F7BD3C6DB53D1D14A0BD05
:10FA40004425B2BD7873C1BCFC2530BD6B0F4BBEE5
:10FA500009D2AABD18C6ADBCC2E71B3EE59CE2BCFC
:10FA6000C5162F3EE6A1CFBDD09435BE0064B9BC0B
:10FA700048B8A83DDE613EBE00EA5CBCF81F03BD8D
:10FA80004E1C35BD5E66133E120AADBCF1014CBE84
:10FA9000EDD12ABE8B7CEC3D887C59BD2862F3BD3C
:10FAA00043BBACBD103387BD8257143ED53D7C3C73
:10FAB000AF00C4BC052836BC030D5CBDA52B433E7E
:10FAC0009705A4BD30F3173EFA693F3E1CDCE73DC5
:10FAD0002C870EBED8BCAD3DCD9DC8BDD4DC88BD45
:10FAE000E7A5E8BC0D41A73D66A404BE24CF05BD33
:10FAF000AF6FF6BD90BE2ABCA024623D61AFA9BD28
:10FB0000DCD90E3E5E0D343E87D1E6BDFC2356BDEA
:10FB10008623103E94937DBD1B2D3D3E204011BE9B
:10FB20002495B6BD015DB7BD5EBCAEBE406014BEDF
:10FB30000F8EAC3D9A6001BC1D0BC63EA13B733ECF
:10FB4000B3F28EBBA8C52E3DA4BCA2BD7A5D0D3E0E
:10FB500094114EBE802BCDBCAD76F7BCA990F03B86
:10FB6000348A03BDE2F6473C470DDBBD1E6D1EBE69
:10FB7000DB3A4CBEAFD137BE4ACB07BED0B133BCA7
:10FB8000BBD62DBCC05005BBB5A4F3BDC6293B3EBA
:10FB90007ADF003E3608323E4EC523BC4BCF3BBE1B
:10FBA000EC0A34BDDE00A5BD1A7A25BEA81514BE28
:10FBB0007BC67D3CF7F13B3E7D7E933EDD07E3BD9A
:10FBC000921BD83C45EE253EA0FC3F3C90CF5ABC52
:10FBD0008A0BC1BD0CD2433E0C0F3EBE8817C93DF7
:10FBE000E889053E304E323D9CA9573E2EF093BE2B
:10FBF0009EA8253EC66B81BDD3382DBE4C06273E40
:10FC00002BD1EBBD1476083E567248BE57BEB73EA8
:10FC1000FCACCD3DD697C53E45D3C43D179C053EB3
:10FC200013504BBE1BAFB5BDE3B9AABE2404C93DFA
:10FC30008864C43DFF37C4BDDBCA743E5CC9593E0D
:10FC4000DB3E28BD33B17D3DD073873D509014BD60
:10FC50003F959CBD1DF2B7BDD704B4BCB7DC2CBE2C
:10FC60005BF1573E74A173BC5E0623BDA79480BDB3
:10FC7000A06404BD80C19DBA10DD433CE91EE0BD17
:10FC80002417D0BD7C7F29BD7F5704BEE739A43C33
:10FC9000E4840A3E67D9203EC8AD573D1EA1393ED7
:10FCA000705DDE3CF5EF13BEA84C1EBEA74044BD00
:10FCB000B001A43DED8CFB3DFCC080BE4A598CBD1B
:10FCC000BE816F3A19A7A2BD0C31FD3D041D1A3D3E
:10FCD000B841253EAEC6293EA000673EB7465E3E0F
:10FCE000722F293CD456663EC782213E9702ECBD56
:10FCF00004A8B83D11D7DDBD203F3B3E8E492F3EC5
:10FD0000A5978CBDFD76EABDA3D7443EA2AE93BEB7
:10FD10004CE1193EFD42C1BEB19F1A3EA527613E8E
:10FD200068BD4BBE71CADABDBA30473EC9597CBD09
:10FD30001642C13DBABF5F3E04D453BED1BE563D4C
:10FD400055C105BEA5E28B3D06539CBD643B8E3D6F
:10FD500033F24D3E6CE0E63D7B035D3E42DAEC3D26
:10FD6000E2DCDA3CB581A4BC20A3EB3D447D9D3DA3
:10FD7000AA1C0E3E8AD4223E0C5E183E34EDB2BD63
:10FD80006AFF27BEFE4B41BE7F08353EF10E39BEED
:10FD90003C88D03DD97057BE8F84513DCBE5023EA3
:10FDA000B0E111BD9CB33CBDB381353DAA95033E86
:10FDB00081508B3CA3F35D3E50436BBE75FCDE3D32
:10FDC0001733473D5D70E5BD44E03CBD2031913DBA
:10FDD000EBAAAEBDB056593DE602213E99CA80BDA0
:10FDE00085182BBEC8BE403CEAADB2BC71B95E3BC3
:10FDF00076B1153E98A0BABCD0306E3C84E847BEC0
:10FE00006AFE483E947015BE43C8223DB04B9EBE6C
:10FE10003FD8F5BD0E3CC1BE1E4F023ECF43F03D64
:10FE20004208473E089E4C3E4F13463E1003F23DAB
:10FE3000511C733B6E5120BE920883BE5BE1813E34
:10FE4000E808403EAF1A9F3D7EB3023EA5F32ABEAE
:10FE5000272C513D10C03DBE0DEFDDBDE85FCDBD8F
:10FE600007E2D1BD0BCB17BEBB65BA3D93FEF7BD14
:10FE700080C20EBB587AC4BC4F1EF8BD9613B1BDEC
:10FE8000D57930BEB076433E730967BD083B73BD7C
:10FE900060040DBCBB142A3D22FE78BEFE0483BE66
:10FEA00058351B3EF074BD3DEB86853D2F97833E54
:10FEB000BFFF65BDD69F28BE9FE3783DE7F4063EB1
:10FEC00029B610BEA2D324BE405F0DBBAC153B3E8D
:10FED000EA15BD3DE29030BE4430C8BDA9932F3C29
:10FEE000D8748F3DD5B91B3E9FB0B53CE52052BEBE
:10FEF000F45E2A3ECE4903BEDC49A93DE8E8CE3C8B
:10FF0000E8A12F3E465D8CBD5F501FBEE30047BE9B
:10FF1000D1E837BE3DAB173D54119D3DE1ED86BEA6
:10FF2000BC40F6BDC46073BD35CD993E1ADC9A3C29
:10FF3000DE4FCE3D143C353E103EA83D6B03D33D15
:10FF400048E50EBE9CA4F43DAB2846BE48B215BEA3
:10FF5000C0893F3E9E31283ED9A472BD0CB3823E7B
:10FF60007CDA8C3C07FE063D3472D3BD96FA983E8F
:10FF70000B8510BEE2E71C3E08DDF23D1C4E063E3E
:10FF8000CF43493DF48DFC3DE4EF7FBE213ABDBA3D
:10FF9000ECCCD63DD754383DC98A6EBE8FB0483CB4
:10FFA0003E32113E762C2EBEF5AD283D1BF651BEDD
:10FFB00062672A3EAB47363E6A08DABDFCE81DBEE2
:10FFC0002298B6BD36B36BBD70B40A3CCC32FA3D54
:10FFD0005F92333D64563DBE88197B3E05B9D6BC61
:10FFE000CE99AA3C96F8AEBD26B05EBD93939E3ED8
:10FFF000FD5C4EBEB4DC273EEC08333DDC6C32BD0C
:020000040801F1
:100000005093133EB8D3D7BCCEE0633EDB7855BEE9
:100010007CFDB2BDB4CEE2BEB99C5E3E56D44D3E30
:10002000C8240BBD88564B3E10B87C3C6B5B2F3E02
:10003000A1DC0F3C9D1B7CBDBBC804BEC06A283D33
:10004000127430BD65EBF23D200DC03C504316BE2E
:10005000F32F063C44AECABD2EB7EC3DA4BBD13D48
:10006000881AEABD03B09A3D912481BE1528893EC5
:100070005879E7BD804E7FBCD0AF4EBCCC734B3EB1
:10008000E3FC04BC286A4DBE42E59A3E56B689BEE2
:1000900030E753BC5B29A0BDF7730B3E5B5D013DB0
:1000A000B3D94DBEB3BE4F3EF541F73DE72CA23D5F
:1000B00081B7613DF0420F3D9B677D3C4F6FFCBDBA
:1000C000C2A6713D4A8ED5BD5D1841BEEAFB1BBE7E
:1000D000170831BE8091733D9702023CF0EAD23D91
:1000E000989DEBBDC39431BC700865BEBB13823EC6
:1000F00014CEC63D38CEBD3C687AD33CFA50033EA0
:10010000EC4310BEBD6B17BE4E3F3B3EB67AB7BE4A
:100110005BA811BE0D3586BEB0384B3E59990FBC59
:10012000005E06BC5022EE3D2579C33C610330BD24
:10013000D305003E33102FBEF8113F3E57A48D3D2E
:100140003B750A3E4FDAF0BBC7A0D0BDEC08EF3DCF
:1001500008F7453DCCB5C03DE31B3BBE8E95ED3D5C
:1001600041C34ABD055C343E0C74103E7EE88E3EB1
:10017000E0E6443D701405BE606729BEC04A1ABE61
:1001800056567DBC1A5743BE7DEFF93DD0D44D3E47
:10019000241E8E3D2B1CAE3E18FC2CBB91FDEDBDEC
:1001A00080694CBC96E9C2BD88844F3E320638BE99
:1001B000B8090BBEB7F5FD3D56B9D03E67BC2ABEA7
:1001C000435AAABDC05D89BDE021E3BC6B7727BE61
:1001D00008D7EF3CC060E7BC4782EC3C2A2E1A3DB2
:1001E0004554AFBD3A3B93BC38611ABE3523063E39
:1001F0003C4726BD282E4E3D6C6798BDF59C13BE2E
:100200004C35E13D9889123E39AE15BEA42ADB3E3D
:10021000B424C53DC4708E3E460780BD4B23063EC8
:10022000A8E6A6BCF65A023E5009063E7455CE3DDD
:1002300038831BBED92218BD1F1EBF3E61FB273E5F
:100240007B4E303EA558D7BD01E60BBE801F5FBD7B
:10025000C3D6283ED440F0BDB3423FBE4582823D66
:1002600085A81EBD0B26AB3D214C663E17F5023E10
:100270007CB6E43DE466453E3032403EF95226BE4F
:100280001D6B81BBC047AE3DDB3E8E3C8ED9103E20
:100290002C2F5DBD5ECCD33EC2A340BEB39A1DBE23
:1002A000E0E0EB3D1BC21CBE9B0EA3BE1961BA3D34
:1002B0003D9AF6BCD9D3563E6A63573CBE40BB3D1F
:1002C000F80669BDD279CFBDC08CFC3DF40BE0BD12
:1002D0004D4ADDBD34A1E33D9CA8D3BCDBD927BE8C
:1002E000D128773DE9A9B2BC13BBA13D25D236BECA
:1002F0000C63FF3D69F138BE30ED3A3D345B983D0B
:100300004A18A93D0BAB44BE59804ABEAA06A73E77
:10031000900104BD7F46F43CA729713D277AB73B85
:100320007457F13D9A51C7BDDDF6F23A1B79EF3BA8
:10033000F03E0C3D7782AEBDD72D343E96896C3EA3
:10034000AF0DF43D0A559E3D8048C3BB64E160BDDE
:100350000C0E41BDD48F52BDC7A5B8BD009EF73C61
:100360008D7D2A3EADEBA6BDE10210BD3200DABDA7
:10037000C03747BDAA4E0EBED04B3C3D406E353D0A
:10038000C63BD13D06191D3EFCC4813D9A33C23E99
:10039000D0B5653D85BEA43E6D33A6BDE4C7C53D61
:1003A00060C90CBCA4A79B3DA42B9EBE1A43EFBD05
:1003B000063AF13D9711F23D1F17CD3DD4B5AEBDC4
:1003C000F0C6F0BD74BE373D5EA827BE75C3BDBD87
:1003D000B6381BBE561346BE191BE53B0E17C0BDF3
:1003E000DAE17F3EBBABA73DF41B853EFB51B9BDB7
:1003F000406D433E6CC82E3D809BF73C9187C8BD45
:10040000F73A133EEC13FB3D24A4A83DE55BAB3E5D
:10041000A008E63DC06C523EFC1983BB1150BE3BA8
:1004200000B0B1B97035853D8ECF96BCD0547DBE3D
:1004300069F408BEC273353E55A7A93E2E1510BEFD
:100440004035553D8CD1473E29523FBEC6F04B3E0C
:1004500023F755BDEC8548BED59AC0BC12C255BE27
:100460009CC570BE3C440E3E7C2946BE72B29E3E88
:100470002891E33D84C158BDA05A92BB23C302BE5C
:1004800018D31EBE347D4D3E7BE94A3E21D9773ECE
:10049000F454CC3D9670FBBD8A8E693E5E34CD3DF2
:1004A000C16332BE901D10BEDD292EBE66981FBEF0
:1004B000367020BE6186323EFE339C3EF7DC1EBEA7
:1004C0001B7295BD10E0043E5CEB4B3E0C1CA1BDC5
:1004D0009BC46ABDDBC73EBE569EED3D27E3B3BD60
:1004E000F250253D87C7C7BD8448A13DA20CA73E59
:1004F000BCCFC23DC092DE3DE8054E3E6415BE3D18
:10050000086ABE3CB833A33DC7CDAF3CD6A4A23EDB
:100510007660A9BDB6F449BE08C41FBE6921EF3D8F
:10052000675815BEE6AF453E088DB4BD3B4481BD5E
:10053000E98EB63D8CF611BEC6E9A53E348A6BBE87
:10054000DAEC05BEAC01BBBDA8EED73DEA1C4B3EC4
:10055000AC977D3DAD3FD6BDF6C98F3E992E1ABEF4
:100560002E6676BD7AC354BCA37F2C3D6FD92D3E39
:10057000D0E6FD3DEAFA2E3E3BC506BEAE1E0A3E63
:100580002D7903BE18AE153E9032613E1764903E41
:10059000141F37BEF1BC163C44066B3EAD90423E84
:1005A000002ABFBB604D0ABEE8569B3DC81572BD10
:1005B00029B7D7BDB81F8ABC3CBF02BE869A16BEFB
:1005C000746E893D30961E3E5F3429BE9E1E0F3EDE
:1005D00024AD343EF029063C8A238ABD8829E63DB5
:1005E000001848BEC46877BD90D464BC37AB27BE42
:1005F000B8FB74BD7C8424BDF86F0F3E612304BE3C
:1006000098FF153ED0D7203E10CDC1BDE8CE8FBC9F
:1006100064B40DBDF86D00BEFE468FBD60FB30BCFE
:1006200078D974BD41B8C7BD60C601BDB441B53D00
:100630003CBDBBBDC4D0DCBD702210BEC088E7BCD1
:100640009627413E17294ABE8432893DD804D4BD3D
:100650000A2DECBDC8F2D93DA11AE8BDFE91D5BD69
:10066000E0E46CBCC008F2BCFEDB363E004876B964
:100670007ADA363E38CC453D7B8F2FBE68E04E3E61
:1006800013CBEEBD308B9BBD481F2E3EDA7C42BEA5
:100690006F80A9BDF7B808BE94644A3E60DAF43DA5
:1006A00028D1A03D9A82053EBAAC253EA56DACBDD1
:1006B000EC530A3DF6C22F3E18FD923DA914D4BD5D
:1006C0007863833D00741DBCC061CBBC4A603D3E75
:1006D00098EB223E28D3B23D304456BD4028003C22
:1006E000185504BE25FAF1BD3824163D0E24BFBDB1
:1006F0005C76D73D63653BBEC8F200BE0CC665BDE7
:100700006A0826BE182AA73D9875BE3CB4C4E53DCC
:10071000F2841C3EE01E653D48A579BD603E43BEA7
:10072000DE241CBEE4B2EB3D6FE95EBDF65B593ED4
:10073000E572F7BDA8A36ABC591CACBEE21501BEA8
:10074000689D0ABE4168E5BD84D5093D946C3ABDFB
:10075000D038583E005E123E6B71F7BCC313DA3DD1
:100760005BDA1F3EE07E443E147A973D67D18DBE32
:10077000E466283EC0AC773D48C9FC3C9E5FF3BDB3
:10078000EF05AF3D666D8CBD661DB3BC502BE33CE1
:100790000AC0003E84904FBE7F2FA23D70281ABE33
:1007A000FCA14DBE2839E23D0869ACBE6CBCA53D3C
:1007B000E94A19BEF0BB673ECCBECABDFD88833D89
:1007C00042846D3C638501BE10A44F3D28EB02BE00
:1007D000ABE61E3E2EB01DBEBD016CBE3527CEBDA4
:1007E0000F7A143EFF97E33DFAED3E3DD6C96CBE4D
:1007F000C7453EBE4AC134BE6C2F04BED228EFBDF1
:1008000015B394BDCEC00A3EA6CA7F3CF837BCBD26
:100810003C5E50BDF1A2093C73658C3D8D093C3EA8
:10082000E78E2CBE73B3133D4FFC0ABED54B1ABEE8
:100830003E7EF2BCA1528C3EB5A353BEDF5D3E3E70
:100840005CAA0A3E4BA1E1BDA0DB233E4054803CA4
:10085000076A6C3E103B1E3EAED432BDA420CE3C97
:100860005544EA3D9234B43C13E1443E4F14B5BEC6
:10087000004A9BBBE05A733C408D84BB78DA34BDA0
:10088000D1242BBEEF8823BE87C885BED0A8813E69
:10089000D82F663DB51B8ABED01AE53D2965C1BD7E
:1008A000E2173C3E3ACD2B3EE81E3E3D8849DABD7C
:1008B000BF3DF5BDBD2E2D3D4EFAAF3DA09011BC04
:1008C000E8AD82BDF1D514BE6E4F333E6A1231BE23
:1008D0006D684F3CB04708BED50CB13AA70FE7BDD5
:1008E0006556BEBDE88C923D9128FB3D21EEABBD27
:1008F000001DEF3D2884993D640B8E3DD8C5E53C35
:10090000F02A203E647DBDBDD1CAA13D8A7D24BEB2
:1009100066CC3C3ED132F03C48AA8C3D81B364BCED
:10092000E601343E5A603E3E9C67823D3A3737BE10
:100930003FAD3EBEBD8495BD125CF0BCE8DC4F3ED1
:10094000766347BE806D853DEFC903BE0C71E93DFE
:10095000B27336BC9C919FBDF51AFE3C94EBA3BDCF
:100960001E17833CC0E4C83DBFBC44BEE4B434BEE3
:10097000E76FF9BD70D92C3EACF31CBED8784C3E65
:1009800095FC14BD331D45BEEE14623DCD15EABD88
:10099000A4519F3D7B9853BE8E68B83B9AE78EBCAE
:1009A000B4898ABD941A38BD42AD14BE6E13F73CAB
:1009B0008B9911BE78860EBD32C6D13DC0FD22BDD9
:1009C00020940EBE988F1A3E405B91BD7217123E66
:1009D0008C331D3DD4BB2FBE8CB04EBEFFE7F63D21
:1009E000D860EABDE6A0403DC556ECBC882A083E6A
:1009F000B665433EDC22F63D5E9F9BBD08B7B3BCA7
:100A000058AEF13D6038D53BF15B383D3F4332BED7
:100A1000E0C9A73D5964113EA1148ABDB9D9D23DA0
:100A2000B5813CBE314C4DBE028B70BD5FA4503DC4
:100A30006C135EBCA2240EBD9E7D8A3D6528CE3D12
:100A40006BFCF73DD7602F3E34E1EB3DF90945BE25
:100A5000435C88BDE85299BDD2278C3D5A0D6ABDD2
:100A60005508BF3CA42E033EB8BE733D95503C3E96
:100A70003498903DFDD1D4BD28E0163EA0B0E13DB4
:100A8000E8592D3E9230233EE161603C43ACCD3EBF
:100A9000B0E4FEBCE2C9AE3E5A671E3E3FC180BD17
:100AA000E0CB183E04D411BDC3B9D53D37F4913D18
:100AB000A1EF513DD677B3BDFC16BA3EE9804E3E5C
:100AC000B00F03BD8CD773BC06A5243EF9F84CBE0D
:100AD00025DD023CB48C44BDFD2C90BE7CB5D4BD5C
:100AE0009DCD01BEDF4C51BD874E623EEC0718BB69
:100AF000A0F17E3DC6A343BEAE26093E28ED44BD0F
:100B0000F59477BDE253453E838228BE2A2B8E3D65
:100B1000F8C64F3E63EADC3EF2A69EBD4BCF203EB8
:100B2000D0FFF0BD220B0BBE4FEFA43CC46C513E76
:100B3000F321FDBDCBA0A0BCE188DD3C948FA43D9A
:100B40004CD4B3BD6265B53D98EB843C76C02F3E76
:100B5000DB918C3DC08EC03BC8BD83BE4F47BE3DC0
:100B6000CF5C163EA1B5423D941F8EBDB46C3D3E98
:100B700088D6D5BC1F724CBEBF5F37BECC3935BEE0
:100B8000831DEABD6046433DBDA71EBED6D8DE3DEF
:100B9000782E8CBC4CE3A23D6C9AE9BD84A366BD63
:100BA000ABB643BE1055463EE79D3F3E27832A3EE7
:100BB0005308C43D87CD55BE9622D5BD3FA3A93D60
:100BC000D3F5563ED240073EC4041CBDB25615BEF6
:100BD000F576113EA4CDFC3D522B0F3E3A86C8BDA2
:100BE000E4BF2EBE5B81D93DE6EB443DD286483E54
:100BF000ECF641BEB475DB3DB6062DBE10426D3D30
:100C0000239B0EBE5810DF3CEFD72B3EE8BF2CBE17
:100C100000E8083B0EBF3F3E81650C3CB63B693E99
:100C20005754E0BD2402403E67DB263EF8A0613EFB
:100C30001641093D96C315BE47C61F3B935D3A3E1C
:100C4000156912BEA8BEB73D143474BDAAB4273EC0
:100C500029728D3DF02B3ABC81E393BCE0D5403E38
:100C6000A9A706BE1A222FBC227703BE168F823E8A
:100C70001266FCBD2CEEBC3DF49B4ABDC2A04D3EAD
:100C8000A1280FBBF2752C3EF81AE63DDA54AFBE30
:100C9000D051333ED1844A3E57DC39BD77F7E93D28
:100CA000EFE5C4BDC6A726BE98A1A73E9F08FCBD20
:100CB0005A1A1D3EAA285DBDB820893D065C49BE72
:100CC00050D03CBE5A9B1FBE16279DBDE749AABD0A
:100CD000565923BE26AB0DBE8C20573E239D0A3E9F
:100CE0003079FCBD2168FF3DD14A3EBDA71D053EC0
:100CF0002DF61FBED4D1CB3DB474023D74D6353E23
:100D00000546063E70606D3D323B633EE552293D2F
:100D1000A8AEEB3DC0F5543EA2EC1B3DC840BDBDA6
:100D2000AC4EBDBDB53648BE4FD0AB3DA70F18BDCC
:100D30004CCFED3AC72AA83C5C5BBB3DDAF1DEBD87
:100D4000103A12BE42558DBDFC0561BD88B0483DCC
:100D5000B7B236BECE9994BDCC1FA9BD1D90253E1D
:100D60003725F8BD356063BC8EE3263EAC082E3EC9
:100D7000603D8C3D43CA1BBE18F9043E5B9EA2BD7C
:100D80007268E9BDA888043D5252C23DE9CC34BE28
:100D90000CC1A63D20130F3D0DC73ABEA27B273ED6
:100DA000E89125BEB8D139BED71037BD87940D3E26
:100DB000881CFC3DE0E9B5BDA4CD11BE17382C3E22
:100DC000181F3A3EC677343E7C3BBD3D3472D4BDDD
:100DD0003DA22B3E7E25213EA41C4BBECC36BFBD82
:100DE0008FBF41BEB301263E0E6F2DBE54F040BEF4
:100DF0008853193E0CFBE63DF92BCEBD063D483E1F
:100E0000D92E44BE16480D3E6418C53DA05D203E57
:100E1000B0E4ECBCF08272BCB89BBF3DBDCE373EA7
:100E20006A9D143EF40F34BEF4F04C3E90215EBD3A
:100E3000519E4B3B7AF5A1BDF77327BD4F400DBEC8
:100E4000F3DEF8BD407C993B404D82BC0CCEBE3DEC
:100E5000F6DA3ABE206629BE07E8E2BDE200B7BD79
:100E6000956356BE9E42B1BDF74804BE77A5A6BDA8
:100E700070DA00BCAE1D183ED51548BE7BED4BBEEA
:100E80002DC7ECBD10FE7E3C067F42BE004C1B3BD6
:100E9000000B453ADC29053ECBF34A3E6F5B963D9D
:100EA000802F32BC82C590BC0D490DBCEEDB583B97
:100EB0009D522B3D3EFAB73BDA7179BBB3767B3955
:100EC000829D853CF71AB23B00000000ABC30C3D8D
:100ED0008DA8C6BB26850BBCF567833B5A47C4BBB0
:100EE00084D200BD8594693E3077C0BD68A9833D3A
:100EF0003D2FCDBBDF4F093E1E64A7BD500A8A3E81
:100F00000BB9C73C3D3DA73D6825783DCF65993D70
:100F10003C60C8BCCB73273E355BE2BCE63FC63DB8
:100F20007025233D206FD63D2AA75DBD6681573EC3
:100F3000BCE5813DA93FE7BCDE603DBDA047A13DCA
:100F40000FAA653C8F4E7A3EE780B0BDC8A2523DE5
:100F50008E06A7BD1A146C3E9F4B043E15CFDCBD18
:100F6000FA78C5BD1C76573D748A94BD57CD803D37
:100F700086C1A2BDE6C49B3DF400CE3CCB7E6F3E55
:100F80008D07293D590B613EE8D51E3D59A0A63D70
:100F90009C08193D7B4E8D3EB944563DF65A65BDC1
:100FA000EAA6C93D623A8F3C607A8FBC9C518B3E69
:100FB0002187923DB65D173D3E5D243BBE640F3EEA
:100FC00075D31B3E2514AA3D64F91EBD10D00C3DFF
:100FD000DA68C93D6534303E5FDC85BC4877BEBD0C
:100FE000553E5D3D456D6C3EEC1EEABC5740563E9D
:100FF000D6E8A4BDD91088BD6B98D1BDFD511F3E68
:10100000FC0A1E3EE2CCBE3DBCCDB7BDA35E87BD93
:10101000202F803DE0D08D3D2A3D873C50A6D33D1A
:1010200074A5CE3D77A34D3E9C58583DA658FB3D38
:101030000E8D33BD8C8688BBD0E126BCA99F073EB0
:10104000BFD3103EE777F53D20CA233C46297CBD3F
:10105000EA3BE63DC7A24C3ED3E8033E20D3BABDEF
:10106000A08E97BDB6BF3E3E32A2BC3D02BD7B3DC9
:101070007653B63D7C15683B879504BE9933413D58
:10108000C82CB03DDEF87C3E901781BB2AA4313DD0
:101090000412093DB8DE2B3E966091BD24F9743DE3
:1010A00013F9B6BDE7F7563EA1760FBD577C3C3E1F
:1010B000CBC25B3D930F8CBDAA98713DE74AE03DE2
:1010C00002983D3D91FE8D3E4624ED3D0334BB3DEF
:1010D00067D2C0BD7E84AA3DE3CF333C1CAEB5BC15
:1010E0008073DDBCB32C3CBB7591883DDB941A3E0C
:1010F000F1F09E3D061F0FBDBF7C523C5FAB5C3ED6
:10110000C869243E3048633EA86E8D3DF7F2AFBDFE
:101110002042F93CBB460A3E4E4FEC3C80F7EFBC08
:10112000C4611E3DE17F84BC682167BD7E337D3E86
:10113000F33C61BD64F7293DD135283B99EA4C3E2B
:101140008BB2A83BA687983D9037183C662CBABD59
:10115000605397BBBFC6613ED61141BD081C103D10
:10116000DE2FCA3D3062013E70EE14BC4DE1363ECA
:10117000D9EA88BDF07B4B3D06A4323B3C3A8D3E1C
:101180000700F03DFFC6BA3DC016DBBDACC4CD3C88
:101190003AF60FBD8E9F1B3EB49FB13C00CB8EB97B
:1011A000A26FEA3DF815A93D301C083CC9AF823E4C
:1011B0006E71DFBD84B4163ECED91B3DB374583E6C
:1011C00053C7023ED7F2D53DC0AE1BBC2317FDBCB2
:1011D000789C9C3DF0E1403ED83A473BA2EEEEBD04
:1011E000C898553DC917313E5E238EBDD46B783EFD
:1011F000B1E68EBD51FF95BDF01F3B3D342B013E46
:101200003AEB2B3EFAA38F3EA6B9A13D1BFE813DD2
:101210009AFFC3BD7C6CD63D9AA0553C9C38993D45
:1012200060D7A1BD845D1F3E06048DBD016B733E7A
:101230000477763D549D60BC21AD3CBC557BA13DFF
:10124000E3A3523DFFC4793EA00BC0BD470FD43D80
:101250001367F0BD88A0B83DC597D43D6004C13D7B
:10126000149B8DBCC8B7883D0F13BFBD63D2973D9B
:10127000A092ACBC155D473DDC10DFBCBC35AB3D7E
:101280002629263EB2551A3EE0C4C73CCD82553DC4
:1012900006578F3D8ECED43D2E0F1FBD06E1AB3DD0
:1012A0009400B33D183CDB3D1816AFBC994CBF3DD4
:1012B00070E11F3CBEE311BC102D92BDCFEA403E51
:1012C000ADF32D3EAC3C9A3EE00A143C03E2ADBDCA
:1012D000D741D9BD0C534C3E696E8E3DECC49F3D49
:1012E000DCBCDD3CFB017E3D060AAABD45FC223E7E
:1012F00088CEDDBD8B214ABDEFA591BB26F18F3D88
:101300008CAE143D743C283E3879C43C0C11B13D80
:10131000B0617C3CBBA88B3E4DBF103EE057513DB9
:101320002E2973BDFE3D03BA340681BDACCE7C3E92
:10133000779161BD0EF6393DEEBD813DE2BD8D3E3A
:1013400087B4493E3219803D3017633CD37B28BDBA
:10135000B64DD53D7CE0863ECFCDB43D189F593D7E
:10136000F45C413D967AF63DA02A5F3D01F3CA3D0B
:10137000EBAA83BD3EC1B2BCDBF89C3DD983523E93
:10138000A5A65E3DAAC1D23DB05431BC2B39DBBD10
:10139000804757BA1A2B8E3E807F73BDD0CE8EBC4D
:1013A0006030453C71E16E3D366A863D60B1503E2D
:1013B0006C7E3CBD95B30D3E6EA8203C2EFD7D3E5F
:1013C000F360243E049BAF3DD02846BD8E3C94BDC7
:1013D00098F6EC3DBB1CDD3D91F41EBC3051DE3D6A
:1013E000CBC9A03D9945E03DBDE579BBE9A4543E9C
:1013F00013AA4BBD9223F43D951C53BD7736213E75
:10140000E268463E521ED83D44559D3D3F84A5BDF1
:10141000247EBEBD5228693E461FB83DAC0012BDB9
:10142000B238ABBD01D7F73D8E0C52BD1CC0863E15
:10143000E25BD7BB822204BD501600BCA6C3603E4F
:101440000E861A3E2CED123EC650BBBDAC94D3BDE9
:10145000A05D82BCA4CF813E6D9E263DE8F46A3D2E
:10146000E803F3BD18FD183D8ABDB83D4A3AC1BD39
:10147000AAF886BD5897413E0D3BFC3DFA7AF53DF2
:101480001A0D39BEA45C123EA0240EBBB24878BC33
:101490004003983BF5805A3EFEAD1C3ED4CF85BD3F
:1014A0009843B73D4AD98EBB720D9E3D762B07BD42
:1014B000A00F9FBD7A783C3E3853003E3C33DB3D65
:1014C000F0C9F6BD8262843D981A2B3D6AED33BDAA
:1014D0006F1F58BD5A56C13D4585213E2420E1BCB1
:1014E000D315A1BD8D1A463D20C092BD535F933CDC
:1014F000701EA43D12CE953DF112E13DF617993BC9
:101500006AFF0ABE9B65233EFF76A7BD328B1ABEDB
:10151000FBFBE3BD21F28F3C2C2D423EC50FEDBD00
:10152000C8854DBDFCAAE33DF87E843D91BE323CAA
:10153000812D7ABD4BBE723ED94CE73DDBC40B3EDC
:10154000694A73BC2BA2AA3DE0ACAB3C59946CBD7C
:10155000DC821E3D6AE5523E07F11D3E8C36213D80
:1015600044C43B3D7056063D28BF9D3C4E862EBC74
:10157000D3BEE43D7698DF3DD6CDABBDB914DCBC1F
:10158000761B383D07E8743D9062A33D3B0563BD83
:1015900040FDAFBDAE04C13D4DE748BCC600C03DF7
:1015A0004083673DA6B5083EA84CECBD0F6234BE33
:1015B000D305633DC59BBE3D58EAE83D32E2DB3DC5
:1015C000C49F2EBD5F60B93D4230CD3DE20C8D3DE4
:1015D0006EF37CBDD930DC3D6B316DBCB8CC00BD49
:1015E00068DA503DB5FE1CBD42C5EC3DE5B8CE3BCA
:1015F00074B0AFBDE9A83F3E9419A2BD5F68283E14
:10160000AC2D65BC03070E3E2216D43D3AA9553CCD
:10161000565739BDCC7C1C3E3471293E1222CEBDBA
:10162000A07BDDBD51F7133EEEB8E53DB054AE3CB6
:10163000C9483ABD16A1773D0BE492BC3220E93D82
:101640006653C5BD1FD2103EEEAAE03DA03D543CFE
:10165000D141AFBD2515A6BCFE1E0E3E3052CB3C7F
:10166000E84D5D3D39B1263E1935A4BCD05A93BD35
:10167000970C2DBDF361FB3D8EEABA3D748B813C26
:101680001398503B8A3A803E80B7C03C8F84C0BCE0
:10169000E8BFB3BD71CFBF3C52F6C63D00F5CD3DAE
:1016A0003876EFBCC0E9333E403496BCA27C0F3D97
:1016B000268B96BD5567153E605DBFBBD723153C95
:1016C000D84FCABD13F1D83DEC9283BD27A8F9BD10
:1016D000441C523DA097E13D12F72B3EAC3A4EBD63
:1016E0008CF8323DB7A1623D36F5CA3D027320BE8B
:1016F0002343893D1F18C53DB44BC53DA1C4EC3DF6
:10170000F18B09BEE9E8753D310DA3BD7CEEF0BD5E
:10171000C0AB80BDBAF85E3CC5D286BA8C72DA3DE9
:101720005693DA3D94711A3ECA4DAFBDAEF4ABBDCF
:10173000F07834BC69D0273ED50D7DBD8725AB3D03
:101740009355873BDBA39D3D6D77DEBDAA0D2C3DF8
:1017500016DC3EBDAE4DB33DA809123E3C5DAA3D30
:10176000F005ACBD7E43BFBC30D75D3C715746BE73
:10177000AF55A03D88C61D3C77FF773DCCDB093EC9
:10178000FD11B4BAD8538D3E006F15BD3FE929BD98
:10179000E0E0823B5745633E65C0B9B95673933D5F
:1017A0000C82EFBC4A4E163E6806663D16C8EEBD7A
:1017B000323040BD2C81BC3DCBD0013E3961F43A82
:1017C000EEE732BE7762063E00F634BDBD982EBC11
:1017D000DB6CA6BD4BD5F93D0AFE273EA92C38BDD2
:1017E0001836D23DC99E303EB8C71B3DFC5FA3BD35
:1017F000CFA0103D9C8BD53CAD63193DB66DEE3C42
:10180000DC64F4BD90A86B3EF80AA0BC898036BDAC
:10181000C52112BD30DC483E6285003E54D876BDFD
:10182000E0AE15BBE77F0E3E3694A93DEFC61ABE6B
:10183000DB1EEFBCF8D6BD3DBDEB8BBCECBB383D31
:10184000B7986F3CB9A5673E28A26C3D50398DBD55
:10185000243924BD7F971E3EAB3D933DF8C5DDBCCA
:1018600016F8BCBDFD29CB3D26589D3DB7892DBC42
:1018700002D4983DD073393B9D30E53DDB5C4B3E57
:101880008D74BC3B1D63DD3D34C0BBBC47AB563CD7
:1018900052EAABBD0891683E9A6A233D18E790BDB5
:1018A000E0834ABDC5DE833C14188BBC6CA930BEF6
:1018B000EB3C023D6E8BA73D433237BB02C99A3DDC
:1018C0000FC30FBDB5E9D83D947DE2BD9D31FC3C11
:1018D0006C59023D050383BB5B64D73DACF9B43D55
:1018E0004010E43DB190D23D6B8497BD25870EBD7D
:1018F0000C29F83DA01B0E3D922E79BB8A312CBDE0
:10190000DFCA22BE50D46F3EB87D15BC558128BDBC
:1019100090C4C63D8B97DEBB5260073D90C550BD5D
:10192000904D623DE0ADFC3D103EE5BD67F837BE31
:1019300066D72F3DB852023E29668F3DE1FF243E17
:10194000355805BEFE37803E8C14B9BD9B34EA3C49
:1019500094505F3D17BEE53D5E0EB33C70528CBBAC
:101960005BC167BD2A051B3EA8B1FBBB6DADC1BC09
:10197000671197BDA1C3103E9FB4A33C0E55313CE7
:101980009A4EFF3CBA8B8C3D208A8E3C4E89A4BC7B
:10199000F8B9A3BCCA0C553ED766163C206F99BB5C
:1019A000220F01BD4764EC3C88BE8E3CC6B24EBDE2
:1019B000F157A63D72F7D13DB12B8ABC9759213E14
:1019C000DB58CCBD47D1833EF01754BC7463E8BCF0
:1019D0007430ACBD4F37B33C714951BCD08A94BC14
:1019E000600FE73D86C2C73D5CBCF13D6613C0BBDE
:1019F000C4E9A73D0A043BBCA5D9FC3D7A88D3BB0A
:101A0000A6B900BE4832573DF06B90BD1104AD3C05
:101A1000005BDF3BFD17983D51A501BC30BE7D3D0D
:101A20007C5E87BD6DEC413E6E9AE13DC65AD2BCEC
:101A3000630C37BDE895F23D211E053EABD03D3E1F
:101A4000802A73BD0A3E1F3E8416353DBBA391BD5F
:101A5000786EB43D3743093E09E7263D6ACDCFBDD8
:101A6000708DA93CFFF5163D2432BBBC3CC483BD40
:101A70003D8EF2BCFF9C1F3E2A42B83B15D111BDE2
:101A80002A33E0BDA426853EF84D6E3DEC69C3BD0A
:101A900070F95E3D91F5CD3CC7AE563E644C36BD07
:101AA0001E1DD93D20D6EF3D323AB63D24ED2ABE6B
:101AB000122E483D8E07603E60AB053E16BD153EBA
:101AC00015B935BEBA27713CFC389EBD2278D33C8F
:101AD00000F1C53C4918003E9F97383D28A2C1BC83
:101AE000801C39BB1C7109BC64AAE8BC916564BD4B
:101AF00098B6CEBD101D223EB389BF3D570C303D78
:101B0000FB17E8BDDC288B3CDA148D3D5970903C06
:101B1000D6BC18BD00B0843DF3718C3D00A07FBAE7
:101B2000AE239D3DE576443E58D28C3CE440B0BDAA
:101B30002F2F88BDB89EF23D84840B3E4512903C09
:101B4000470B7EBD4C38A33D2405EB3D5A394DBDB6
:101B500038E4AD3C92B59D3B7E7941BCB45D7C3DA3
:101B6000681FE23DF419033EB0D56F3CCCF841BE8E
:101B70008D8734BD42B8453E94C9043E5C190ABD08
:101B80000A0993BDB5F32C3DE01DC93CE36858BC80
:101B9000BC969DBD4A71953D405BA13D80DD773D82
:101BA0001CCFDD3D7CA3ACBC6041ACBB123741BE59
:101BB000F2E9883D885E0A3E3BE35C3D20FD3E3B0A
:101BC000FFFAE8BD9447353E18C5E33DBBCEB03DB6
:101BD00054D5CF3DE42CA93D7683843DF68FABBD33
:101BE000DCF83B3D0C1C2E3ED4093C3DE923ECBB0C
:101BF0009B723C3D8001303E2DEF9A3D023AF7BB8F
:101C0000D5FCE0BD8C369F3C365E9A3DB6F1FBBDFF
:101C1000B9069DBD92A4753CDABD3D3DAE068B3D37
:101C200000F6FF3C44D3CDBBEEE419BDDE261BBE5F
:101C300017EE4A3D151A3A3E77AE953D4C6DF33D91
:101C4000F681E23C6103A43C089C593D26E101BEBB
:101C5000BA0038BD254D133E8A34913DD177DDBDA4
:101C60009D1DAFBD6A67263E484B0ABD5D8C38BEE0
:101C70002C0551BC7377003D989732BDED47DD3D93
:101C80007AED10BE90FF413E4835353D303E22BED4
:101C90003CD2D43DBFE8F8BB86C8133EC87E1ABC10
:101CA00054A9B73D79CE993CDA4CE63D1BD43BBDF7
:101CB000A2B81ABD7B931B3E6C5AC0BC7C0F353E4C
:101CC000B1CF5CBD9B6CEA3DBC57DBBDB93009BEF2
:101CD000E4CBF8BCA24A8AB9196ECA3A40AF8D3C2F
:101CE00000A689BC3EC5023E307B563D760125BE2E
:101CF000FB79123E8009B93D6141BEBCFDFC8F3CC1
:101D0000308D77BD9E3F773E1CF7F5BC481412BE60
:101D1000A794DFBD62DB353E31807A3DEC9836BD5D
:101D200020AF3B3DDF30943DAEB4953D87832EBD63
:101D30005E55243DD67C2A3E1577B4BC2B99813C58
:101D40000AB9223D9A086E3D5FE07ABD6A7A2EBDDF
:101D5000FE61A7BD1EDEBFBB17DE363DF26D23BDA3
:101D600084CFEA3DC1F1163D043163BDEDE8EFBC1F
:101D70006BC9F33D2EA2233D6D69FE3D4A6EB43D15
:101D8000C0A263BC10676D3E846E8ABDF43D0EBE7A
:101D9000A519DBBD9A41463D2EE8BF3DC62926BDAB
:101DA00088F893BC4B92693C08B8F3BCD253C3BDCE
:101DB00071FFD23C6E89813DBCEF9A3D55DD243EDA
:101DC000DD93A4BDD418553E6C32BB3DF2A51E3C3C
:101DD0008EFCC73D35F9E7BCA98D213D741FEFBDD1
:101DE000E8185D3D18F1D43D796FC0BDB0CD33BE6C
:101DF000E9ED473DED3E043E9E29033EDBC02C3E0F
:101E0000396FC23C20E64E3C1DDDECBD7AFB26BDA1
:101E1000B42BDE3DFB1664BC592D363E248A8F3D23
:101E2000A89DC1BCA59FAC3C10A3843CA82E3FBE7E
:101E3000DEF73B3CE669033C1E1F81BB2301863D68
:101E40009D2637BD8B80A53CE2B8ACBDA41809BE69
:101E50002EC1D0BD090E413C1B1567BC1888953CAE
:101E600000A73CBB46672D3D2D1BE2BD748335BEEC
:101E70008B95103EB2411D3EBF5974BCA9A21E3DB8
:101E8000A268C23C6681513E28ECA4BC460FADBDA1
:101E9000299395BD272623BDD653353EEA34A53D6B
:101EA000A8810ABC814E0EBDE2EE873DAF44E1BD84
:101EB000E55A063E09C3543DE26973BB25C0733D34
:101EC000290D31BD0124373E521CB8BD37519C3B12
:101ED000A7CD6DBD3A17F33D609C2C3EC004563D26
:101EE000163E223DBEC8C83D4A04A03D957201BEC3
:101EF000836F0E3CABE4E53CADE80DBD6DA30E3D3C
:101F00003441873CFC4E073E7184E4BD614E1BBEEC
:101F1000C8921D3D51E1193EC7B9F93C7E9CC9BD2F
:101F2000FA07CCBDEF10CE3D048A8E3D23B32CBE04
:101F3000D0EAD9BBC94A113E0036FC3DC0397E3DCE
:101F4000FE7214BE2EA5663E1CE829BD75C84FBDA5
:101F500020FCD73C162C5A3DC29B7C3D18F3D53C47
:101F6000009CA8389C2A333A0653E93DA97535BE32
:101F7000FDBC8C3DE79EA13DCA0DE13D71550C3E77
:101F8000CC4E97BDB9D4183EFA4AC13D1A81233DC3
:101F900016AE54BDD7A1643D9B276B3C28F544BDCC
:101FA000D4BA393D9490A7BD60147B3D952B31BECA
:101FB00099D40B3E824C9B3D4564D33D213FAFBD40
:101FC0003AAAC9BD643D0F3E785A263D72803C3D19
:101FD000C03A693DBCACC83DEB88523EA003263CEC
:101FE000D86C703D1BD09FBDC430EB3DA85F16BEC2
:101FF000E9E9813D34BF593E68FC133E3E8ABE3D4F
:10200000B724833CA6897B3D3EBE9D3D39ECA2BDF5
:10201000B883893C05C8CE3D288B96BC80820EBD16
:10202000BCF3233D1EB7043D5A90863D16917BBDFF
:102030005BBB063E183EBD3D6B6BA13D161E8D3A47
:10204000DDA8AFBDEF99413E0CEEF5BD3DC17A3D37
:10205000BAD0F43D076038BCA916623D8EC51DBDDF
:1020600000BECCBD5DD883BC90AF763C7E8072BE96
:10207000369BAF3C52B9683DB42517BCA328D1BCF0
:10208000770EDEBD47AF513E1E4AEA3D03D9803C84
:1020900090CACBBD040ED33DE10B843DFC6DCA3D1F
:1020A000B8EAC23DE783723D70889A3CF5E97CBE90
:1020B000AB7DE73D00F2D33DC7203B3E1B5148BD01
:1020C000664B7BBDB6F0EA3DFAB1B43D580EFDBC9F
:1020D00010A184BD4C6C8EBDE10F73BCF86A37BD96
:1020E00000E47C3CDADA363B006297B9643166BEC4
:1020F00050EF64BC5FF1523EED11F2BB7EC9A83DCA
:1021000003C88DBDCB533F3E20A2953D2CBB06BDE1
:10211000E011CDBBE17192BDEDD3E93DA496323D16
:102120008DF1C0BD2E45D23D527335BD788F93BD24
:10213000FAB8A63D45C3103EEFF8013E0A71B53D21
:10214000AF63863A6C3A2A3C6AF821BDE38FAC3D16
:10215000CCA2D9BDAEA1473D8645D23DC050EC3A98
:10216000C80329BD07B1D63CE0C74E3C584009BE64
:10217000DE0282BDE5DB003E5F63BFBC227392BC22
:1021800074EBB43C4DBCA13D0EBD31BD2C0486BDED
:102190004EECE53D8B4E3EBDD4DCC23DEC3FE83D10
:1021A000C49E8D3D6AF7C3BCBCF5C1BC45D0EDBD36
:1021B000F009BA3C2C98F63D105732BDEF80CC3C6C
:1021C000B0DA96BD62EF233ED0918DBD27B79A3D20
:1021D00050611E3C6B90363ED694B43DD8499A3D32
:1021E000161DB4BD899523BD6A86B73D259534BEBD
:1021F0004CE239BBD6DBE83DF18421BDDF4C91BD1B
:102200001C9A8EBD4D72713C1A16E73D8C61243CC0
:10221000F04FA7BDC6655E3D3722F03D5CEFBABC0E
:10222000682EEC3DCE6D9C3D2792A7BDD1C312BE5A
:102230003796C23D8EE89EBC23623B3E943985BCF6
:102240008FE225BDC960553EF0ED9D3CBBFFE9BD69
:102250000EBC9FBD98831D3E34E4A03DF0E4363DA6
:1022600026EAD4BDA9C2273EBCF8863D9DE50ABE3C
:102270009BED97BC5D84CDBA010B413EF570333EBA
:10228000949FD9BDAE07553DB2B076BDD1B184BDE6
:10229000DD51E7BD54801C3DF9C3EC3D8C9F83BDEF
:1022A0007233843D47C6FF3D24ED343D12D21ABC43
:1022B0004B33943D9B53923CE3AE1B3E1D5AA53DD0
:1022C0005F511DBE73FF553EE8BC0BBCD27F96BD6F
:1022D000DC8A7ABC0126FB3D2E837BBC556A77BD28
:1022E0008080233C0F60A53DA0F67BBBC59DBDBC97
:1022F000E89EB4BD138F4C3E5EAB1E3E15D7EB3D42
:10230000730DD6BDA4488A3D1CB4213D48B786BD97
:10231000A15232BD96CF883D2F76073EA4BF8FBD18
:10232000A4205A3D8688BA3D3CE3B33D101021BE3F
:102330008F4F25BD64DD443E58E6F43DE19AB63D3D
:10234000E0FFF0BCF20B593DE8D6A83C8E42823D3E
:10235000AB91F03D3462A3BC3FA4253E6E18C93D4D
:102360000006B2BA38D08B3D6C8C9DBCB2ED4EBE2F
:10237000DCADEFBC345CBD3C8127583DF2878FBD9E
:102380009B67C3BD1991473EC08BE5BDED9DFDBC6C
:10239000786959BCB861A6BDC23A0A3CEECDBBBD56
:1023A00084754C3DBA6248BD244B123D83A9AFBD34
:1023B000FF580ABD9258BB3DB36AB73DACC8BCBD1F
:1023C000732AD9BDC8040F3EBBC493BDFBB2823D86
:1023D0003CC5DC3D6C2E91BC8120103EE8EF8BBDEE
:1023E000902CA3BB830ADA3D78B7173D505757BEF0
:1023F00084BF313DC18D193E61939E3D5DD7913DB6
:10240000DDBD38BDE042163E3A48D3BDA49195BB30
:10241000DEF7E53DB1D3DC3D89BB5D3DF042513D8A
:10242000CA46D6BD1C1FD0BCCE3DF5BD0BEE6DBE61
:1024300080ED40BDDE55FA3CA8E9013EE622CBBD69
:102440005E5D87BD5048913D6092533B5C91BEBD3F
:102450007EE2E13D21A8DEBD25E119BD26B3B5BD73
:10246000BE58C3BD16D22ABDB077B63D8E23B2BDCD
:102470003217C13D5846CD3D3FC72A3E6A7611BE50
:10248000CCFC4BBED496103E0CEDACBC94130C3D72
:10249000004AD03C8561D73C36B6C73DF8BFABBDDE
:1024A0003E73C4BD56F5C0BDB07EF13DA1F762BD1F
:1024B0001277843DD780033EBDE1143EE65706BD4A
:1024C000CEFAF1BD27205C3E22171EBD47889DBD78
:1024D00034DD61BDABE95CBD5825393EC01E68BD29
:1024E00040E1CE3D2F70BFBDE801BCBC444424BEDA
:1024F00021454ABD171A7EBCCE17413E6E270B3AC6
:10250000669AD0BD09B16A3E04BA3D3DF10DFA3C70
:1025100098BC90BDA14B383D8439303DA068D93B73
:102520000405953DDEE7543CA8DC7FBCCE1600BE1A
:102530009D704A3D2C8C173E62C0213E8B4722BDC8
:10254000D34666BD41165A3EEC0918BDA913FBBD22
:10255000DEF968BD88E8103EC8B0EA3C702960BD6D
:10256000246760BD19DFFF3DFC49CEBD3AAD14BE06
:10257000D52F9C3D9E63123D727013BDB07171BD2D
:10258000B1E60ABE21C81B3E80EEAA3B6027C0BC54
:102590003AB4D7BD21D4BABCA98ABE3BD4DFD8BCDB
:1025A00074BB22BD94D48F3DA00EF33CAED73CBE8D
:1025B0009906A1BD55C2443E8154CDBCCC770C3E9A
:1025C0003C5C603D5670073ED04D53BDAC3DBCBC3D
:1025D0007ACC16BD29447F3BCBF7DB3D08E05DBDDF
:1025E0008025E03C9EDA12BDB0E4393CBBFA8CBDDC
:1025F00084CB9BBDE542003E29002F3EF5670A3D96
:102600003BF86DBDDBE6443D8D50ACBD8EFCDB3D43
:102610001A679BBDBF7C133EAF36BE3D84B4DABCA7
:102620004C31053D447449BD48112F3D7F749FBD19
:10263000E0E42D3CBBA5F03C306D083E3F5F25BD7E
:102640001689933D2B93163C03C0CBBDD406E43DC5
:102650001022533D7A68A03DB7CA38BD96D0B13D2F
:102660000025C03BF12340BD9847E5BC40750CBD3B
:10267000FD3FACBD26A9423D6CD9723D7C88153E1C
:10268000814B88BDAD2A0EBD10D91F3C40A979BB36
:102690000879F33C7E66A43C9387D23DFCB0B7BD7D
:1026A0008BD6DBBD8A4A4A3CC4C0B23D168DE4BD20
:1026B0008AB1FABC72BB293E6D8F163DB9ED01BCE3
:1026C0002A29CFBDF742973DD88F1BBD3979E03D10
:1026D00090BBF1BDE71E433D1A89D63D788C993DEC
:1026E000BA0364BDFC69B43DC84F163D450FDA3BE3
:1026F000B3A4553DAD36193E57CB073EA5C81E3D88
:1027000021A7EABCE4CA01BCD0DB1C3C8C7F80BDA5
:10271000BCD1F3BD732AB43D119FB4BB80608A3A2B
:102720000030473AA6770DBD644CF5BC2FA8393D63
:10273000DA16DF3DA7ADA93B571EB13BF158DB3D93
:102740003A43B7BC827C233EE0746EBBD3E11CBD30
:10275000A27ECA3D51BBED3CDC6E0F3E5C42B93DF2
:10276000A8ACE93D4DF5573D38DB803D38E2B0BDC2
:10277000604C80BD72AB9F3C6AA688BD3C1E8F3DFD
:10278000EB6B86BCC9D6533E70F1573C1253963D55
:10279000D8FF5ABDABC5333E47BBC23CF4CFC5BD25
:1027A000F045043C77D8843D80BC42BC4CD02BBE65
:1027B000C863FF3DDEFC9F3DEEC00C3E58DC133E7F
:1027C000E124C33CD5E60F3E18B7663D89F29BBDB8
:1027D0003EB1CD3DF079483DF0C9203EE0DF633C9D
:1027E0002842483DC4F5173E98AAB43D95D50DBE84
:1027F000BCE792BC3938743CEA64573D9EF3E03D37
:10280000B4F281BD190F0A3CB01C4E3CB76DE33BDE
:10281000A0708A3BCDB26DBCECE7D3BCE9DE9FBDB6
:102820000C6A253D7694A6BC7C4791BC5006CCBD75
:10283000166A513C8429213E080F4F3D226876BD1F
:102840007CF00CBE1139713D851FBDBD66EEE0BB4D
:10285000F66F6CBDA21F1B3E2F880A3EEA379F3DD4
:10286000AB96CABD6678DB3C00D78E3962B8F7BC40
:102870000EB4143D99A22FBBB7FC903CFC5632BD60
:10288000926AE4BDF90F4F3DD486453D2B2BC4BD64
:1028900010C94F3D6775AD3DD696F73DCD8098BDCB
:1028A0004090563CF6E39CBC1C32813DAFAA25BD4E
:1028B00093B4E13D0497BE3DAB5A2A3EDEB2863D5D
:1028C000A68BBCBDC343C13C9E3E61BD4C4BB4BD59
:1028D00034C606BD6E0DC63C64C72F3E10C77CBD16
:1028E0001453E4BCB8F1AC3DD2F4F43DC41D52BE67
:1028F00027E8833C2B73053E9C9EA43D13CAA9BDCB
:10290000E27FB73C46B72A3EF1CDC6BD8A74FBBD17
:10291000681EB43D283614BC4372FEBCF8E51A3D6F
:10292000BC90273D19CE2E3DA01577BB324423BE67
:102930002D4A5DBD018A153E8BE7703C5C0FD1BD11
:10294000AFC2E2BDC078FA3A1021DA3D7D938BBD6B
:10295000F6D3E0BDC55CAB3D1FEF523D10E99A3C9C
:1029600020B058BD32C7173DE8CD2F3DF0472DBEF2
:10297000455B763D0390073ED318D93D414C0DBED3
:1029800053B9C03C673B183EB4D99F3D35A9023DC1
:10299000587EA7BCFD68B13DD29D7B3CD0A40A3DCA
:1029A00022FEB73D061BF63DC8137E3D931B4DBE70
:1029B000770A053E76011D3D0DCC073EF0E2B4BD21
:1029C000B28009BE45C93D3E3EDC85BDE7F8A3BDEA
:1029D000A0F0803DE3F0A33D991B0ABD24F2A63D83
:1029E0007227AABD9376C73D4059E73D5E87D5BCA7
:1029F000317CC2BCBD53793DCD763F3C4BC2ECBD72
:102A0000D0BAD4BDFB3E4D3D82AEBFBD42AE48BC48
:102A1000928BE33D62267ABD91AC023DA866E03C14
:102A2000C055E93DC750103D2ECBD13D665C22BE5E
:102A30006D55E5BB9291C53C6B54393DA3BF443DF8
:102A40005393733DF4F8DA3D2E2200BD7BC5E2BC02
:102A50006D60D9BD8C0D0BBD9039043DDCFC1BBDF8
:102A6000107E5B3DA710423D40E8B83C57079D3DB6
:102A7000680CE1BC2315363E93B7ABBDB9C5203E0B
:102A8000D5AB033EA0ECE93D026CB33D077ED0BC64
:102A90006CF604BD00B2D13DBC44D73C28D9CDBDB5
:102AA00050D251BD02F9AA3D1488B43D32F1E73D40
:102AB000D07D9ABDBBEF6D3C9A8F50BC2FB81C3EA9
:102AC0003DE35F3E32D5603ED0D7DABCC679343DB7
:102AD000E8F29FBDF8161B3E36E2DF3DA7C8F3BD06
:102AE00082E445BD13D8643EC0421A3DB23F8F3DDB
:102AF000804E903D4D7855BC89B5D2BD266A623E68
:102B00003B4E783DA236A23E28C9AFBCA1B1A1BCC4
:102B100068653FBCAEAD823EB1A043BDC66D50BD41
:102B20008EEB843D41FC243E008F21BD8B4BC73D85
:102B300043C0C8BD24979F3D78FCBFBDBA52943EA8
:102B4000625D6B3DAA3A5E3E66B2B5BDB90897BDFF
:102B500020825ABC24373C3E7921DF3D2CCA97BCE9
:102B6000C765453D58B31D3ED4A8E0BCF6C1913EB3
:102B700012EB913DC5C3E73D73E9F7BDCF06AB3D11
:102B8000E8A0253E3C2E873E9D399ABD8299CB3DDB
:102B9000B8ECB93CD0FDFF3D91AAAB3D008DBCB96E
:102BA000AA35B13D6DC8C63DF698DD3D1783193E87
:102BB00005445DBDBDD7E73C1AB6B9BD65252F3EBE
:102BC000AE18643DE04BB63D0AC66ABDF87105BD5E
:102BD000251CA5BD50632F3EDC893CBB48B28C3C14
:102BE000A6E2BC3DA8015C3E5A257ABD342C153EB8
:102BF000C8C8663D35D8CC3DEEA4B83D6D17923EB1
:102C000044F5773D7D0BBC3DA4E8893D8D16AD3D77
:102C100032EACBBDB2B2903E12A8A1BDC0EA9E3A44
:102C200007D1D7BD937A833E08E9A43C7D67FF3D79
:102C3000209238BD513E2D3C2B096ABD18C6273E57
:102C4000F306003E7B9A4B3E6CB5413DFD46B03BE2
:102C5000784FA53DD7CE0A3EE42FE83D2CDCCD3D94
:102C6000C0C7ED3D3A4E8B3EA2C097BD12CD5B3E34
:102C700012FC9FBC0F7F093E90910E3C5ADD223E14
:102C80000D6FB6BBD2799F3EA842F1BD262870BD1C
:102C90007F5390BDC6A3873E2ACA00BDC133CCBDB9
:102CA00060712EBCB1E0E43D2E589FBDF788F23D27
:102CB0008EFE743DF0538F3D08D5DCBCC726863EA2
:102CC0001A6FB43DACF7883E601ADE3C7506DC3DF9
:102CD000CE8DDE3D41D8503E765F93BD2036413DDE
:102CE000949D933D37195C3ED1D088BDF7F06F3E7F
:102CF0005EA0C8BD438C2DBDD8906FBD40F8913DFE
:102D000070D5113EEFFC8E3EB63ED33DA06E5ABD4F
:102D1000A6525DBD7B8EBE3DED914C3D8830B0BD71
:102D20006843D63DAA2D783E66FD3FBD870BAD3D7D
:102D30004ADC4BBDC28E653CBBA7B93A2A0F163E92
:102D4000DD0B1A3E4A4DEE3D58A107BC93017F3C76
:102D500058796D3DDA84D03D5DA1003E30B607BDA7
:102D60006C4D613D3B32753E30FDECBB072D623E44
:102D7000D3DCA2BDC1C015BCD16197BDD1077C3EDB
:102D8000521D193E3404873E69A1EFBDF0CB573B7D
:102D9000E191C5BD2FA61A3E7FE702BD8A89A2BD7B
:102DA000C0AEBFBDBCF3763EEC3ED53DE235013E44
:102DB0006B68E6BA268D60BDD2BA94BD2F56C03D71
:102DC000E5D23B3E5278113EDCE34C3D6827543C53
:102DD000204F7EBBEF70243EE2B81A3EDA87C4BDB6
:102DE00040B960BD88CE613E38D08ABDDB32C43D7B
:102DF000A83BDC3D3402C93DC3696EBD68360E3E5A
:102E00006E23203E2AFF873EA85D34BD714B883D6E
:102E10008426C73DB51F2E3ECF268BBDB05ED93D63
:102E2000A07273BBDAE93B3E905FE5BBFF61243ED5
:102E3000D361D4BDA4725D3DC976843D97378A3E87
:102E40002277CB3B169E893E58A5C4BC7D9BE53CB2
:102E5000075D8C3D8B4EB13D3EC70DBD4548F3BD72
:102E6000150FB33DC3837D3EFFA2AEBD16B9133E21
:102E700074A8C3BDBFEA773B3FC211BE0E0B863EAE
:102E800099B6053E1583563EA9A2EBBDF0F3123D5F
:102E900018068DBCB417753EF094233E1CD7883DB0
:102EA0006EF703BDBE5AE13DA821AB3DE4AD143E33
:102EB000DAC0BB3D4134763D746B03BD9432713E44
:102EC00049F8E03D267E7D3EB4DD133DDA1C31BC81
:102ED00060C1D63CFA64EA3D9F74283C845A5BBDCD
:102EE000B20EA5BDBA5A233DA8A2F5BDCA828A3E3C
:102EF00026E0F7BD5088133EEF6B1BBE288B2E3E9D
:102F0000C8C5063D450C233E907165BC967F23BD28
:102F10007CBFB23D3619D33D0F932CBC6CFF64BD12
:102F2000A017583C73BF6D3E9EE29F3D85A7893D2B
:102F3000C126D43D1A9CE03D9637CFBDECD7B93DB4
:102F4000BE0F31BB46A6DD3D7887EF3CC42EA0BD49
:102F5000113F81BDEA252C3E1591C0BCE0C6A5BB42
:102F600078DB4F3D6BDE503EBA07B63D77845D3D62
:102F7000BD6E5BBDB9371DBBBF958E3D5FF92F3E62
:102F8000FD82953C827F8E3E7C80B73D767A81BD06
:102F900020EF8BBD83A2833E5939FE3CA8785B3D70
:102FA00020CB303D0395333E30EEC93DFE818B3E54
:102FB000A35B43BDC403D83D8499B5BD512F573E93
:102FC000E822D23D65AE8C3EB41A32BD351661BCE6
:102FD000E630F2BD77927F3E9B30C83D4EC94DBD75
:102FE000A6E7A9BD84073E3ECA868B3DC7207F3E2B
:102FF0004B70FABDB000FB3DA4254A3D6B2FDE3D72
:103000009BD8F43D92867B3E3DA7EEBD0B87FCBD71
:1030100072FDAA3D63287E3DE29DC1BC5045793CCE
:103020004BBE7EBD55E14A3BA079273D12D5813D7F
:10303000D36B2EBD3A23873CE40EE43CCDB40D3E69
:10304000D41FBA3D84899B3EA044FE3B417CEABB31
:103050000B098F3D7E7B803E3E92B23D64A110BD48
:10306000C09639BCDDA3D63D405B3EBD9942773E5C
:10307000198BD8BD3448333DC8B58CBDD3996F3E4C
:103080003442C53DF261353E82353EBD58EFC33D09
:103090001E4CCEBD62908B3E3560E0BDF4DED3BDEC
:1030A00080F0E7BA3C9E153E2A4E28BD26D0CF3D83
:1030B000409A62BD4709C83D4060CCBAFF68493DAF
:1030C000196B153E6F4DF53DAC60BDBD2FDAA3BD4C
:1030D0009C51F2BC5A7F293D78AC1ABC7A7AC93D22
:1030E000AC20E8BD555E553E782EAC3C41E2853EB5
:1030F000257C1ABC66E469BC56B9DABDEBD4F43D54
:10310000A1BE053D614F4E3E0ED872BD134AC13D72
:10311000C46691BCAD956B3D7912C33C988134BDBA
:103120007E3C37BD5EF283BBCFBD9EBD3596203E53
:103130000D5E793CA802633DF46BE03C73F51B3EE9
:103140002981AC3D70434C3E02AD2ABDEB11253CBC
:10315000F73ACDBD27D36E3D18A4CE3CB447D5BDBC
:103160004A98BB3D7E3C363DA0C28DBB1F979E3D1D
:10317000D9E8AD3D4C56923D3D4405BE6D33753E9C
:103180009B6B193E7DCF513E880CA0BCB105AE3D76
:10319000B04443BCFB5A433E9CEDBBBD36E0EC3D26
:1031A000CE4F46BDEC3C133EAEEA903DB765873E40
:1031B000815C72BD57D725BD2FC5DABC6D7C833EBF
:1031C000E8BCBB3D0566F23DE0BCC8BBECEC65BDB0
:1031D000544FEEBD06043B3E8EE1D03D7D839BBD4A
:1031E000B221AE3D8281153E6A67973C03983E3E10
:1031F000742481BD619B12BD5DF510BE46E82B3E77
:103200003889C03D756B813EBAF850BDB3CFF23CF2
:10321000A89342BC1C560C3E026ACC3C209BBB3D92
:10322000B0600BBC1E8F9D3D201265BDE2F8893E4B
:10323000B6F807BC72F7713BF04FDEBD06FE1C3ED0
:1032400028D8FD3D5B4EDC3DF0AE433D47F30FBC5F
:1032500030BF63BCCABD523ECA30BB3DAC17B33DA4
:103260003AA1A1BD9951353E6AAC69BD95AC6D3EA0
:103270008B39CC3C869A27BD3032553DBDFE463E4B
:10328000B6B5D13DD518A93DE0CA4F3BA67519BCCE
:10329000D532F0BDD0D9123E5B5E76BD20245CBD38
:1032A000064EE23DA2A7C53D8000043CB57A703EC3
:1032B000F9A64F3D72D0A1BD81DDADBD41168D3D5A
:1032C000BE6BBF3D4AC3813E1D199BBD4EE2A03D72
:1032D0006E1AAA3DC3062B3E73F5E33DB04E2BBDDF
:1032E0002A39953D170B873D14A4723DE778533E6C
:1032F0008F93E03B59BB773DB3248ABC5359083EBA
:10330000AC83103E725C8F3E587CAB3C019D33BD5C
:1033100006C183BDA328F13D8375B43DAEBFCE3D4C
:1033200070D20B3DD89A08BC20B87D3D0D5B083E9D
:103330008D8E0FBED55CB03DEA43E43CA8CDD33DB5
:103340008748BF3DE5F91A3EDC85563DD4A8E73CE9
:10335000365B27BDAA633E3D6A98F1BCCD6F613DE7
:1033600016C3D5BD0A2164BBA0A74DBCB58D8E3E4A
:10337000F81AFD3C757299BC2704F8BDF6B18A3D78
:10338000EDCCD83D1AA7323E8350EABD34B4A63DF9
:10339000BE0C95BBBF6B133EB2F7493C931BE4BD1B
:1033A000AC3C773D2D1C413EA60ADABD556EC03DB2
:1033B0007E21B23DE4E4A63D2CB53D3CE650043E02
:1033C000AC2B393E4AA4983DF46AC2BD49D43BBDFA
:1033D000610FA33DB7F7273D364F043C3E45E93C1E
:1033E000EFFAD33DFEC7BDB9DE01E3BD7C09513E16
:1033F000090497BA2594BEBC447BCA3C332D743E65
:10340000FCC0CDB9CA9A9A3EB2478E3DE34BB83D57
:10341000A036ED3BB4983C3EFC90CF3DF007A5BDF7
:10342000C435BDBDCE06383E9EEFBB3D6CFA743E42
:10343000D954783D71830E3E37E3FEBD31E02F3E17
:1034400008E94B3E13294E3EA05830BC5F2E4ABDC2
:10345000CF8676BD91FD513E4F591E3C0AE73A3D5D
:1034600030EB543C5C18553E80BD31BB7CA8F53D2B
:10347000C3A973BCF346513D9DEB89BCFA25033EBD
:10348000B87B533E94B12F3E8456E03D08D6DEBD56
:1034900060D9CF3CAFE9103E7B0FDDBCFC59EA3D63
:1034A000D94F8DBD84679F3DB696DC3DC69ADB3D06
:1034B000C5087DBDFC8F053D0668E2BDD960673E4D
:1034C00030E62B3EFF4D8E3EBA89C93D0CC7B3BDD9
:1034D000AA6DEE3D2163683E2766123D70C2283C0E
:1034E000DAF9D53D1C57323DDD1DCCBD11A1823D21
:1034F000FAB099BD0225A9BD67A8193D17BA1D3EAE
:103500003E122E3C82823B3E1800ECBDAC32DE3DCA
:10351000808AB5BC60AF7E3E8B07CE3D7C67BD3DEB
:1035200020A9EC3B4F4F1B3E985F413D00CD513EE3
:1035300021386A3D11AFCABCEC3A14BEBD301A3E08
:10354000EB2C6E3C0315263E20F9993DD2B81E3B6C
:10355000C2BE18BD22AA703D154BAD3BE80E123D10
:1035600070A38C3D6691A6BD80D20DBD93C0A3BD56
:10357000558B053DC2F5F6BD1C5BF33D6AC6B6BD75
:103580004C37D03C989985BE4427153D543BFFBA33
:1035900070E70E3C7BD871BE970F04BC44E4053D38
:1035A00070248C3CF129583BF4730F3DBCB26EBEC5
:1035B000E07E3EBC11C009BD3A825EBC3A9F2EBE81
:1035C0000CE4C8BD67108ABEC65DB1BD2A30D8BC48
:1035D000AC2FC93D660B4DBE65980A3EA4EE933DE7
:1035E000CED5D13D281F40BEC0567CBC09EA64BD83
:1035F0005712EE3D402A8D3DE7344C3E9CF608BE06
:10360000D73D0DBE250AD2BDB0ACC3BC3DC384BD01
:103610006BD86CBD671031BE5AF924BD5C5FFABC33
:10362000687D8A3CD8AC2FBD6B318BBD0DC158BEB7
:103630000CA4353E3E6D813DB41B493E14FB26BEB5
:1036400050AB023D1FD155BDD8A917BD96D9233E19
:10365000E4ED12BDF2158DBD9F04803DF324DEBD67
:10366000D46097BD863FC3BC60BABF3B8FFE18BE17
:103670006673AABC2E87F53D17824A3EB6565ABEDF
:1036800035F77F3DDF3673BE42A0D13D9D14333DFB
:1036900090AC8EBB0F09D4BDF3A9A23D60C9C53C57
:1036A000209DD8BC128B83BD3681D73D80472FBE6D
:1036B000CA21BC3DE1599D3B7993273EB52F42BEBF
:1036C000BF0B04BE36F630BEF80AC2BD1F93033EE0
:1036D0005A3092BD2D8434BCAD361B3E2DE1A8BDC1
:1036E000481DDCBC636F19BE10B2D23CF3C60EBDE0
:1036F000E1C1FC3D556F7C3C2612683D1AA16DBCB2
:10370000CEFAB43B61A114BECC8A033D863ADE3DBD
:10371000BEE032BD291B71BE0B5788BDB51D95BDDE
:10372000ACEEA43DE5D9CABD650789BD98E33BBEB3
:1037300073003F3E1D5BC73AC5BB2C3DF4D168BE4C
:10374000B3FD03BEE5CB92BDC804D9BDD89C123EE3
:10375000866EAF3D9720B4BDFF16B03DF058623D78
:103760006E36AFBD2839133CB2AB7E3C596306BE02
:1037700053FFA23D631C37BDE24D293E1E2193BD80
:10378000FF8ADFBDF5F56BBE60B6383C95B0913C65
:10379000CE1180BD9A2EEFBD3A70F23D20E0ADBC57
:1037A0003241ABBD6BF6A2BDC0CAB23B76B16CBCB8
:1037B0007F56FD3DB0FFF53D03F5033EA1104CBE25
:1037C000E5E5D23CA8ADD6BD35ACDFBD32B3953B07
:1037D00000FCC03BEF4677BEC575B23DAE26A9BD25
:1037E000AAB191BD5DA011BCD81A093D1D561DBEE0
:1037F0001872103EF96E52BD0F70953DD51B06BD77
:10380000274F253DBD36EDBDA0FECE3DF52B023E3A
:10381000B4E9A53DF94348BE090A493D58FBDF3CE0
:10382000A0E8333CA99F153D1086E53D68A738BE4A
:10383000756FFF3DF536AE3D650C183D80439BBC72
:10384000A68409BEC65221BD5CBBD13D2BBB043E44
:1038500040B4503C157628BE41C697BD2499103D12
:1038600000AA893AD7EAE1BCF2A6993DE5F057BE35
:10387000215B14BC80C25F3BE125873D6F5E2DBE9E
:10388000654843BD585F6FBE9C8CD43DC532763BC6
:10389000D04FD73DDF814ABEA89E363E606D0F3CBB
:1038A00050EFF03D3E66453C4DE2ADBD6F3AD4BDB4
:1038B000C0A70D3E8DE5DE3C26EE363E47472ABECC
:1038C000B87EDEBDCCF27ABE50BA5B3DF67D283EB6
:1038D0007407A43D7FB813BE9BCEC43D8C5E6E3D85
:1038E0001C98C93DE6675BBD5AE348BD6B127ABEC2
:1038F0003EE8F63D47465F3D7A311BBC547775BEC6
:103900000CE6773D1DD258BD40DD513CEA8424BC15
:10391000C9990CBBDD4F48BDE1DE43BD06571EBD56
:10392000D404693DA44F27BE5A719E3D8C5074BE8D
:10393000D71B1B3E3D99AC3DD7E60F3EC09179BEEB
:10394000F260603D22FE40BE04FAF4BCFD01A93DD8
:10395000AEF853BDE364E3BDFD8B17BD741CAC3DF5
:10396000D68FC93D2402BB3C98B4583DC8EEB2BDC9
:10397000D16EAB3BD217BD3D703E6B3CC99B3ABE8E
:103980006AF1B0BD01A1FBBD741AEABDF050BE3DA5
:103990009400B53D694865BEFC93993D2CDB453DDF
:1039A000C082C83D915731BDB004CC3D00ED35BE5D
:1039B000B970E1BB588849BDED1CD63C966E22BE5D
:1039C0002F419ABCCDBF06BE383B903D221BE43D43
:1039D0006CBE7B3DE8D5CEBD7388C23C9457E43DB8
:1039E0006740F4BD732B53BE009AE63D55F681BE89
:1039F0009FF19E3DEF96E1BD6BAD163E58FD1FBE9B
:103A000068329DBBF7F96BBEF4B3243D43D0DB3C79
:103A100020F0A9BDAE6540BE2FDC1F3EA8EE97BDCD
:103A20000FC47CBDD5822ABE486F863D332864BE54
:103A30000C080F3DA745013D1ED114BC0C48A0BD8C
:103A40004C97A53C18F835BEC58F80BD2409343E7F
:103A5000189094BC2F6E0DBE569F81BD80FFA4BBF5
:103A6000DE39B63D92F41FBEEB9C953D2E4F3EBE17
:103A7000FCC4E03B35EA73BDE8D0103E21EA62BEEB
:103A80005BD1FBBCDED4C2BDC0ABA0BB9F260A3E4F
:103A9000CCEF4FBDC39A7CBE8B26D93D7204F2BDDC
:103AA0002076A33D09D239BE34EED13DB01305BE18
:103AB000BE8E863D16A80E3D1ED86B3D6B104EBEC9
:103AC0002545FABB375618BECCA3403DA6ECD53DE4
:103AD000B930BEBD523B71BE2FF7713B2CEF7ABDA2
:103AE000E475BABC611D903DC873C8BD34FCADBD62
:103AF0005943EC3D55D3093E9220093E0FE26DBD7E
:103B000096D426BE8B15B33D27ABF5BD463B50BDC5
:103B1000D80E983DC150B7BD1D13ACBB74B923BDC1
:103B2000049FACBDD7C0223C44F4C03D4D6790BD5E
:103B30000240E8BCAAB2853D6BD3163EC3024FBC1F
:103B4000A0951BBDE70504BDC4BCE9BDFF318BBD1D
:103B50002232E7BD54A8143DACE4C03C200C163C16
:103B6000F8BC4FBCA68EAB3DB4722CBD8F4836BDA1
:103B70000E955BBBC623BEBCD7A2443E5667CFBDE5
:103B8000CF5028BD08A26D3D28EC24BC7A33AD3C53
:103B900060662DBD736904BD013D163D0682CA3DB8
:103BA00040813B3DFDF0C9BCF8FC063D756A0FBD88
:103BB0005395143E5D15003E3E38F9BADF5FEEBD09
:103BC000BC451EBE89F0143EB2C7D7BDDCE04F3DF8
:103BD000839AB7BD49AA05BE8180593D20C7F2BC72
:103BE0002F9DCEBD0CE10F3D6289B43DBA0D33BEB1
:103BF000B8FD0F3ED8E1133E826FA13D7A4A453DA4
:103C0000612C7BBDBB30AB3DE46CA13DD1DE943D6E
:103C10003A4FBFBD545501BED7EC353E60BA95BB97
:103C2000A8B1943C9CB900BE3044CABBCDC63CBED2
:103C300086AFA83D08F9433EE06D1E3DB681A3BDA9
:103C4000B5AEF2BD839621BD90BF96BC126F5EBC2F
:103C5000505281BD3C91223D30ED323D90E3433CDA
:103C600090BB82BD2B4710BDB0C01DBDDB9468BEAC
:103C70006CCB2C3D2F35A73D237CC83D559241BED2
:103C8000573B40BED029EB3D11FBD9BD9631BC3D21
:103C90007AC5A9BD4EC808BEEBE6E93B6650C0BD7B
:103CA000E8A1A53CDDAC2FBDEF9F9EBD512D51BDC0
:103CB000C71EA53D15A6983D00B8333C99ECB1BC94
:103CC000120B04BEF4D7093DC0C72E3C44D22D3C94
:103CD00004D4DB3CEE0DA3BDCA5BA4BCA06DC0BC8C
:103CE00022270CBD25D91EBDF095BDBD0AD84DBEFD
:103CF0001AB229BD7A89163EED192D3D0AF237BE5A
:103D00003EBCDBBDEDD5B5BD88D6A5BD48A42DBD57
:103D10000033B8BBBEB536BCA113203DFE00E03D6C
:103D2000BE8882BDA64F01BEFEA681BDEBD58EBD6D
:103D3000FFA0453C0A81AC3DC72C4E3A412182BCD4
:103D40000FA2AA3CA7C4F5BBF1CDD0BDE98BA2BDA3
:103D500098642CBDE6A96CBDEA414C3DE40A133DD4
:103D60004CE4C83D2AE43FBD5C17E43D48FD4FBE2E
:103D70001A57333E12D7253E79D6E13D7627B2BD9C
:103D8000C99018BCBF82623D4463E3BDB2AB70BD55
:103D9000B8C6F9BCAA8620BEE791203E003AE7BC2F
:103DA0007C8FB9BC2F67843D2CB4763DFA4B27BE7F
:103DB00058750D3E0AC010BD1199063E1185123D81
:103DC000B8DB433D4411923DA725EEBD5FD8233DAE
:103DD000D0B024BC60CCBDBD2C2E76BC88B5B63D21
:103DE000A0BB04BC8066BC3BA11F89BD3A7F07BE57
:103DF0009932C6BC27D0263EF3F20B3EC5449E3B0B
:103E000075F6693D5453663DC8F8E23DB62363BD7F
:103E100054B7F2BD938DCABBE834AA3DCA155DBD47
:103E20000E2431BD52597FBD9A4A4FBD81A2A4BD17
:103E30006BF6703DE55FDD3CE25C033E098470BDDE
:103E40001F1DD5BC87F6863DFBBE97BDC41B8E3DAE
:103E500071F180BDD84DE5BD095D0F3E964D64BD45
:103E6000162049BDA678B83DBC21FFBC2390E5BC17
:103E70003084C23C23871A3D35C2633E3D924E3D9D
:103E8000EF34D3BC3FFBC2BBCD26B8BD7E3C083E61
:103E90003EB8DABD6B06A5BD4A93083EA8DC5CBC03
:103EA0008EC5A3BD62831FBD00EFDEBCD2CE43BD75
:103EB00036B8B13DF31B113E8DE3473E543FA13C64
:103EC000F9C52CBEA14F5CBB84CBA6BD5048C6BB78
:103ED0008978AF3D7694FDBCE1C6F83D60AB94BDFA
:103EE000117AF1BD3E30B4BC8C1B443DCBFA7ABE96
:103EF0001F04113EB98D853B2F3FD93DDEABD1BDAF
:103F00006A24BB3C26320B3E6B2BECBDF4CD173D37
:103F1000E04EEDBBEDC243BDA124D13DA0AB42BB01
:103F20007036943B6135FB3C54E3A0BCDE4B78BD5E
:103F3000CB2A003E93ED313EFD57343E30F7A83B8F
:103F400017F286BD659ACEBCF515ACBD15ED473DA3
:103F50005080373C0D6420BD0F1AEB3D9BA48DBDF6
:103F600042D8B8BDFDA6D3BDA0D7693BD81FB5BD0B
:103F7000C941ADBC8080D4BC26E2A8BB3AA148BEF2
:103F80007B73CABD55A71CBD0AE9C3BDBD8283BDF5
:103F90009CEC53BDD069B7BB154B36BD30C2B6BD26
:103FA00012899DBD5086A93D6A5EEEBD7DE825BEA5
:103FB000BA628D3D75542A3EF76A5A3DD23C5BBECB
:103FC00088ABBABDAAE5BABDD857D13D60CC983D03
:103FD00088D6DC3CE0850DBE6630C83DD872933D86
:103FE000E444DDBC890680BD0D74803BF1152ABE1A
:103FF000721909BD99A1BC3D5650DC3C6161F2BD0E
:104000007603DE3C02ED9DBD288CE53D94F8D43D61
:10401000A6F5DD3D21C3B63C8A833A3E5C3A373D86
:10402000D47EC43D4243B0BCACC738BD7F2B51BE2B
:104030006E9CAA3D6EB2873D6790F73D94441DBECD
:104040001FF01BBE9D896EBD807FE4BA2059003EE3
:10405000828687BD8256A2BC9F0C293D601E23BC70
:1040600078F8713D3553E03D086CDC3D9DF849BE64
:10407000C5B3843C2D1C47BD36FFEC3DAD2FFB3C4A
:10408000142B8CBC19F9DF3D5246DCBD42C46E3C9A
:10409000948581BDF073693D969C483E367B2BBD6F
:1040A000A2C08ABDE76AF73D680EF6BCF56D7F3B9E
:1040B00074A339BD6037C738D23E2A3E1474673DB9
:1040C00073075ABD372D0F3EE032DD3CDEF280BC77
:1040D000F8CB89BD9602A83DACBC48BC2017D63BA6
:1040E0007C41833D7ECE1D3EE0133C3C30F255BB0F
:1040F0005B57E8BC411DB33D8DD98A3DAE1DED3DFA
:104100005084813D0CC8763EA16596BD92CBF7BD2B
:1041100050EF5B3D918851BD095515BDFA07D5BDDE
:104120004945EBBD454A8BBCB011CE3D6C1E49BE26
:10413000E26A7A3DD62F2A3D909E043E993C9F3DEF
:104140006EDB0A3DF8E47C3EF673CFBD6065ACBD26
:10415000DFE0DBBDC010023E6317A03D008029BA3E
:1041600060A766BB594FC33D3D3FC6BD75EB3EBE24
:104170003340E2BBF0745E3D191E143EDEAA3D3DA5
:10418000575216BEC4E8553E2EAFCB3D75CD9FBDF0
:10419000C68EBD3DB69C073D60DF823D66BFBBBDA0
:1041A0003E35A73D886BD63D003502BA394720BE63
:1041B0004FE1A73DF922223D626C433D14B2023E1D
:1041C000AC1DFBBDB7CEA93CE84E853D15023A3D7E
:1041D0005C8D1A3D9071A83D520F053E621FBF3D98
:1041E0003A4FA9BD7ED78FBD0425BF3D4D7D87BD0C
:1041F000639B8A3D6981D73C6C9DA13D435FA13D96
:10420000E8B40DBE3A83153E06F7863D619B09BDB5
:10421000182D9C3CF2AEC43D1EC685BCF43FCABC02
:1042200000029EBDBE613CBD0D8BBCBD647F23BE44
:10423000694161BDE093143ECE9C183ED333CB3C24
:104240002B36C0BC3DD25F3D58F0F13C4BB10CBDAC
:1042500048B8C4BD0659113ED110173EBAD9D3BDD6
:1042600084B9A8BDAF3EAC3B40E3143CE8B707BE01
:104270006BAFC2BD5479093E72D8003D045CA0BD4D
:10428000396224BEA8BB423E2C97E43D7A02933D9E
:10429000DA59CDBDD0DC283EAF54EB3DA8E784BC55
:1042A0005CD799BC5E7073BD9ACAA63D1C780DBEE2
:1042B000A8B0BBBDB4F03F3E5D20463CBF50043EBD
:1042C00049E930BEF0C30F3D5772CABDF7364ABD4B
:1042D000709D0B3D5F4A803DA1446C3BEA3D3EBD75
:1042E000B476A4BC633A273E54E7B4BD3D37F4BD71
:1042F0003EA91BBD1C4802BD6C637CBD119B1A3DD1
:10430000B993D43B18CA583EE6FEAE3D073790BD80
:104310000A3FCE3DC52A06BD94AE033EA0F6CDBDF4
:10432000209AD53B0DE7013E84F5243D608CFEBD0F
:10433000C7F84D3DF1D3A53D73FD073E71B3A5BC54
:10434000FDFE3E3D3734343E90D42BBD3C7B5C3D7E
:1043500062BCA0BD80D6193E88029CBC44E97D3D6C
:10436000B4C702BD8151C1BCD93FF2BDFB2927BEF4
:10437000BA3962BD9AE90E3EBD16BF3D0997923D1E
:10438000C1C2583D969EAF3DD4E976BDE468CABD32
:10439000243EB53DBC6A0E3D5216C23CF5C3E1BD9C
:1043A0009CDE8E3DA1BD1C3E2EE72DBD39686EBD45
:1043B00039ED983D2EE7843DC5E75F3CB965A63CE5
:1043C000767D12BE4388623DFD69F1BDA426DC3BCB
:1043D0001E5580BDB81F703E7258EA3BBCF369BDE4
:1043E00017F385BD99F3303E24127C3D269760BDBE
:1043F00011F0BD3B6C9F483C77D0C4BD60F46D3D6F
:10440000B105C0BD648D783DB04135BD6133BABDE5
:1044100060236D3C9CC33E3E5BE58C3C24C4353C34
:10442000A071323B4C7DF93D88FA9DBDBAD4C4BD24
:10443000A43EA03D2802733D3C07F43C0469073EBE
:1044400000D9A2BCA384363E68F6C03CA65A99BDEA
:10445000D618E23D482A063EE1F3C53DDE63373D0E
:1044600000ACF13D214EF53DE01F3B3D60552ABDBE
:10447000C83649BD4141DF3D326DF9BC42AD78BD22
:10448000344B053D2CFD303EC22D803DFB0F13BD4E
:10449000B6DEB2BD95A2F5BBAD1DE73B901BBB3CA4
:1044A000385DE1BC476835BC78C0653DCFFA4FBD8B
:1044B00019672B3DA9B4293ECDD43ABD2D43CF3D3C
:1044C000DEDA3BBD66DA043E34EF763D9FC7C2BDFF
:1044D000043FA23D491ABB3D285CD63D13CE133D97
:1044E00050A6323CFBF5903D20E3C5BDE9F752BD37
:1044F0009818C03DECDFCC3D31931C3C01D8A0BDE9
:10450000563200BE641DCA3D8CF09FBD589690BDCA
:104510002F14C0BD4DEECC3B0468483D84541D3D76
:10452000009CA7B9894440BDEC49843DBAFDEABD71
:104530007AF464BC175E2C3E7784BF3DA047CFBDA4
:10454000414C6B3C9070D93CE05503BC6134173D45
:10455000008EDC3DABA38C3D3D7F993DC8FA1F3DED
:104560007E4025BDBE5D083E3638A0BD8A58BCBB26
:104570005998B03D23AD2F3D1BA01C3ED537E63CDE
:10458000F0ED5A3B571A413EC00681BC0D784FBD35
:10459000ACA74B3D9DAC1DBDBE5FD2BA202E4C3B9F
:1045A0009869A53DB92216BC4C02E73DC3D5CCBCE9
:1045B000285490BD4FEC023ED29F1C3E678B863D37
:1045C0003AA713BEC07EDF3DD087033C07C18EBC37
:1045D000E802C1BD6A0F633DBC9E983D804AA63B80
:1045E0001CDEB83D9946F93DC67923BD856EA43DD4
:1045F000569F20BCD087123E59A7043DE63A133E91
:10460000D4C9103E9EEDC43D6CE186BD6CFC953C6A
:104610009087953C2DB1313E1876183E50E0DBBBBB
:10462000C48BD93D06DC0F3EF0649D3D9A512E3D72
:104630009CA45D3D71CE503EDE2B3D3DD4C3553E26
:10464000609CB23D97C5813ECC71DEBDECB9E0BD4A
:10465000368C9BBDDC9A5C3E6681013E9663B43D20
:104660007001373D26A0F63D587B56BC91CF073EE2
:10467000D8E5B3BD5DF7163E567507BC9244DF3DE5
:10468000D3916CBCE243843E801A0A3A3694CABD88
:10469000F669D7BD1A6B2B3E730B2BBC88A3BEBD2E
:1046A000B686C1BDE0125A3E640F263D806F183DAC
:1046B00054AAC3BDBDFE6F3ECD2120BDB9A43C3E72
:1046C0005844C73C1AC7623D8C32593DF59A7FBDAC
:1046D000C441D6BC1794783E5ADB993DD81FF0BD33
:1046E00043B8D5BDF186483EA010933C4713A33D87
:1046F0001B4D043D8498C63DB4966CBDC745853EB0
:10470000CA0DAF3D4599ED3D70B4ACBD1EBDA9BB12
:104710008E4FDBBD9BAB863EFFA8A83D74D0903D7D
:10472000CE4B47BDEC7B0A3E92FFB73D0A808B3DE6
:104730001649CEBDA535D93D48FD12BC1E9E163E7C
:104740000309F93D386B753EF968C5BDAC6C713D28
:104750009F23A1BD5B25443E19FD07BDBC41753DAE
:10476000269390BD1CD9E93DF67A1CBD41989E3D2B
:1047700098441B3D858D2F3EDA7EF83C989E143E72
:104780007BE814BCFCEC093E683082BC3E31F3BDD2
:1047900060EA7A3C450E843E668735BD58EA5EBDC8
:1047A000A723B03D7EC2203EBD17EBBDCA2CDB3C2B
:1047B000A1B7A4BCE7F6033D3B20E33D09DA223E66
:1047C0008D23F23C58E9CC3D7BF5E5BDA52D99BA8A
:1047D000A6C7E0BDC479423E067A403E4241F1BDE3
:1047E000CED68ABD56CD7B3EC07BBABA6963CF3D7B
:1047F000AFC84E3B3128C33D98A8D63D472FE33D77
:10480000B41762BDF3340D3EE7A2BEBD2BA8AB3D8D
:10481000389AB53C4D54403E62ABC53D1AE7E93D80
:1048200002D011BD826D643E18237A3D2DDD1C3E01
:10483000180F49BDF91E33BC302D8A3D11E8153ED5
:10484000434BCE3D4CEA873E705933BD0D0843BD06
:104850008075273A97F1993DE64F263E80D9D9BB1E
:1048600070B8853B6092A93B3EAB02BDC643873D15
:104870008389963D5819423EB151AF3C062BA83D65
:10488000C3B5953B52D4933E96398A3D91840ABD77
:10489000DE67833D3D12183E9C0E363E4C4FF8BC01
:1048A000668AD23D35A3093C28A342BCECA4053E50
:1048B000398C623C56DE9E3D158364BD5EB2CE3DB2
:1048C000505FF33D21FC5C3E9890293D91A57C3DD5
:1048D000ACFD4E3D2496EA3D909AEABC590697BD40
:1048E00014C45BBDA3A7453C2CDC223D5227033EEC
:1048F0006C33AF3D6610583DE51DA3BD3CFB6D3EDE
:104900002AB6DA3D062F923E52A0DABD7796A5BCB4
:104910004A744CBD981A423EC9629E3D4072BC3DED
:104920001060A43C8DB08B3D709DD23CC65C1D3E9A
:104930008F7A113DEDB6663EE691523D17835A3DA2
:104940003F59283E8198BE3D70045D3DCD3086BD07
:10495000105914BD86D50A3E63343CBDAB5B793D2E
:1049600070B6E3BB5562413D122DD33DDC4E8D3C0C
:10497000A531AC3B4EF1363ED84703BC6899983D13
:10498000ED8F163EE624873ED270BF3DEEC4EB3C71
:10499000EE2ACD3D01A94A3EFEEC06BD8877D03D0A
:1049A00010864F3CC60F433EEC02103D7071603ED6
:1049B00037D1C9BD5C5E0E3DCCDDA73DC997943EA5
:1049C0006CC51A3D16DAF43D2CDBBBBC11F2DFBC22
:1049D000E79F96BD965E233E4719FB3D2C71F23D45
:1049E00023473ABB57437F3E2C4A92BC264F093E91
:1049F00008CA4EBC17479F3D156F133DE0BBA53D50
:104A00009351273E86B70D3EE8FA8F3D05D1B7BDDD
:104A1000689CADBDC7DC863ECBE6B23D0000583D8C
:104A20001C4FE9BC1D6F573D008A043DD210253E46
:104A3000D3B4DEBB35FBE73D54A8B3BCD3C68C3E34
:104A4000378489BC8960513E69F486BD5C63B5BD1D
:104A5000D0BAEC3DA862863E7DF0E53D6CBA92BDD1
:104A6000081D15BC245F5D3C1413913D0987293E48
:104A70006132213DA811003E1C42633DDD43433EAF
:104A800060C7913A174B5B3EE422383DEFF1853C1D
:104A9000F44FF23D2C9F5E3E27C1CD3D1C18483D92
:104AA000B89D863D5781EF3DDFB2E4BD52B8473E29
:104AB00043E1863CCFA0C13D22A9423D4BBE883E8A
:104AC0009D651E3EBD39DC3DE8F1803D2C84F8BC7F
:104AD000DA197EBD4F60DC3D41AD713D30E83ABD35
:104AE0003CC8DE3D83B51B3E0C97ADBC1122163E83
:104AF000456E5ABD177CEA3DB5F86A3DD998573ED8
:104B0000F4C8CBBC830C913DF287A53DBACFDBBD89
:104B1000E66F843D2078C43DA1BD0EBC20500E3C04
:104B2000B03BB8BB70B98A3DD10496BD9161053EDA
:104B300067D46B3D6F8F133E40FBC9BDC4D0893E27
:104B40002A8E873DC57A6A3DD834E6BC5A1E443C5D
:104B50000DA2A9BDAA1C633E05BB3DBD3A79C23D6D
:104B6000305C283CE02CCA3D0B1C83BDB070013C7E
:104B7000D9FE0B3E4E4B083EDC04E3BBD42C083E72
:104B800057E9EC3BD6F9533E1C56893DCAA21FBDDE
:104B9000BCDB6B3D0DBA5D3D48ED073C3487DE3D27
:104BA0003096503CC23C733D386EE83C40999B3C8B
:104BB000111595BCB8C44E3E49D934BDB476313ECA
:104BC000594BC8BD22F1CE3DF2BBBF3DFF2FE9BC22
:104BD000EC2D3E3D37CA423CA23F053D80205DBBE7
:104BE0008C1C4D3DD21FED3C30FE9FBCD21221BE2D
:104BF0001EAF04BD2158083D633C103EA605293E6A
:104C0000FD903DBDCE39793ECA17BF3D6D06E8BD6A
:104C1000F62E5CBD2E56093E7C1C3F3E10751DBC19
:104C20006051BC3DD07EC63CFE27A03DB8A487BDE8
:104C30005B8739BD4134433D101B3F3E61DDB83DCC
:104C4000AE6F773B22734B3E42213DBDA6A1D1BD45
:104C5000E620B13D2A40D03DBEC63A3D783909BD77
:104C6000F55CE7BDAD4C153DBC57D5BD3C0BAEBDAD
:104C70005FAA81BDE0EA6A3EB103743DA913993D84
:104C8000FB2207BE52EB1D3EFA57F23D362391BA86
:104C900040DFCB3D331E433DEEF8E93D4CC6E03DE1
:104CA000C052E63D996A443DA047F5BD94D3A2BDEC
:104CB000E1C298BCEEA1533E282E343EC2E62B3E04
:104CC0008C1ADEBD5D56113D0C4CB53DE055733D73
:104CD0004D77A13DA4E6383EBBE9E13DFE07DC3D52
:104CE00082F99F3D7C01DF3D7CC9693DE986EABDD3
:104CF000E6BFBABC21CF063D3DE78C3D25D9DD3C62
:104D00004B52B0BD42D2203E9EA7A93D78EBA8BD34
:104D1000F05C6B3C8618293ECCE1B43DE8AAB23C7D
:104D20007BE0D7BDD8F5C83D7BADF3BDF917A6BD77
:104D3000CFEDA2BCD6CF793D79F62A3EC40DC1BCD9
:104D4000CB49A93B3E5B4B3E00CFA9BA71373C3DF6
:104D5000C1AC90BDB02B44BD96FA4B3E5B4CE1BD5F
:104D6000009F6D3D1CFFD73D4EB720BDD8F5DCBD83
:104D70005EEBA9BD49F1C03DC9280A3E28F3F2BC4B
:104D80002A795EBD291E923DCA6BF33D4AA503BD3B
:104D9000B89A303DDF6A293C422A5E3DD8A382BDE5
:104DA00040DF41BDA40FC03D33FAB0BDB10FB1BD6E
:104DB000DF30933C96190A3E9F63C13D9A342B3EE7
:104DC0004A35E0BD27DAB73D28E91FBCC09F36BD94
:104DD000F8A4653D448FA63DE245883DA0736ABDB9
:104DE000D44196BC6E1A6BBC0012403CC2A523BED7
:104DF00094294CBD1284293EE3DBF33D02C5983D66
:104E0000D49997BC728D153EF000283C08AEFEBDCB
:104E1000E05498BDCB2EE73DDCAFC1BC64C2043D7D
:104E2000EEE996BDD51DF43D00E104BAF761AABDD7
:104E3000DC1E5CBDECCA4D3EEC1E0F3EEC82043E17
:104E400028D21A3C1F83AD3DA0B70B3C823542BD32
:104E5000D6BBCABD44C4813D3F365B3EA600E9BD1A
:104E6000E81FB33DD714C83D541DC03D6BD74FBD9F
:104E700044D6183D9A2B243E8CF2DB3DE7A0433EFE
:104E8000D0B612BCD467793EF4BBE6BC12DD4EBC92
:104E9000B5A2CCBD8FAEAB3D066ED53D2818EA3D20
:104EA000190987BD9722933D303ACEBCCA41FCBD5B
:104EB0006791293D0E81223D00771C3E209E093ED0
:104EC00012441FBD267A463EB73270BD2AECA83C7C
:104ED000E568DCBD3E0A353E4DA61F3E6EA4EDBD25
:104EE000A8B3FA3CBB2CAF3DA3CEA5BDE31641BE93
:104EF000497F46BD0CC6463D7770AE3DF45DD03C63
:104F0000B2CCCDBDF3ED473D00EB763A1060A2BDCB
:104F1000C0C960BB6FBEF63CB559183EBED614BDC5
:104F20003463CC3DB1E9383E2020F63C9AB11EBB3B
:104F3000C190D4BD749E1F3E5FC387BD1D13323E1A
:104F4000712496BDD2DBEA3D9878F63C8504933D0A
:104F5000DBC6AABC103C413D8959243E0475C03DC6
:104F6000BF58B43DD31FAC3C7A4CF33DAD0D0ABDE8
:104F70008271F53B1D95583E7F8090BD67ECBC3C2F
:104F80001590E8BD43180F3D008C82BDB413D2BD0F
:104F900034CBDEBC6E989FBCA16CB53DE0C9A8BB0C
:104FA00098E6AABDBA0FDCBB6FAAEABD908E84BD9D
:104FB0009721383D0EE84C3E8E47E23D267DE83B8A
:104FC0004FCF13BE2DF7F13C10B797BB400582BD04
:104FD0004F3A72BD6FBE383EA35E01BA140ADCBD03
:104FE000E0F28C3BD4CC273EE0FA683CBC18C3BD51
:104FF00026095DBD0BF9063E8905053E1518183ECC
:1050000001BD8ABD6E1B983C7C55D53D738F313DEB
:105010005C0D81BDD7EB203D6599873DD63F54BDE2
:10502000DC7FF9BC29BF2D3CDA4B9ABD7B1ED5BD78
:1050300032DF0A3C7D8D5C3EF7E6E13CFB610E3DD4
:105040004BF417BB3F4E1A3EF0FB1DBC11BDFBBD20
:10505000B47C283D83B7103EB649F93BCA9596BD4E
:10506000735753BCE4469F3D30429FBDCCAD2BBE31
:105070008CE49E3DDF7F453E9C27923C87D7A33D35
:10508000E217FCBD2471B43D784AEABC68032C3CAD
:10509000C634E53DCA3E253E851E913D9060DB3D10
:1050A000782821BD51AB18BDE0D32D3BFE1D64BB5C
:1050B0004FEC92BDB8614D3EE2E9213A358FD4BB49
:1050C0001923A1BC2630733ED0B7DD3D01978BBDBF
:1050D00066AB63BD1B15A73CDF38153EF0F336BC4D
:1050E000924B973D20F2823B38D6913CC29233BE20
:1050F0000980C03D400B623D7934433EB96E373E76
:10510000C322F2BDFDCE403E9EE28FBD0FAE06BD76
:10511000CA6FAA3D3E9E503DB425043D7C55D13D0D
:105120006CDC1CBDFD4116BD2009333D5DDBDDBCE3
:10513000C5AE043E33F01E3EE00BE0BBFABA223EA1
:1051400060BFEE3C2ACC853DE908B6BD84C9CBBD25
:10515000600FBA3B79184E3C0864233E2C66353DFF
:10516000D88C3B3D83D0AB3B748408BD5BE504BE6B
:105170000103823DF154373E4AA4153E287D2BBCE5
:10518000727727BE67EA5A3E8CAABABC4344C2BDB6
:105190002CAF0C3DA227913DD3C59C3C087AB43D71
:1051A0005DAE89BDD768023EA82781BC648724BD57
:1051B00061DCF23A7922BD3D3558023EF29B9E3CBD
:1051C0004CCDEEBCBB0AB73DDA8885BDD04A16BED1
:1051D000A84EDF3D5C0E193E438BD9BC309DD3BB3E
:1051E0008E0A69BDFF82313EADA4C5BD1E7693BD5A
:1051F000136370BD3163393E372B2A3E3432273D6D
:105200001182BC3C1AE1623E041C7ABDB72836BD4F
:1052100006A6DFBD781FB0BC0D26263DA6DBACBDC3
:10522000FD60B1BDB34CD43DB03E0B3C07EC8FBD2F
:1052300070C78E3DEAF4DC3DE566113DD4600C3E5E
:105240007852D33CD67C183E42348D3D58BA1ABEB3
:10525000AEEDCD3D44CFC43DF208E73DD6D5D8BD37
:10526000BEEBABBDF9A7F53DD8A2FFBCF32AB7BD95
:10527000E0240FBD8312F03CF8E6DA3D2595963C1C
:10528000F0B7A0BCA1D7553EEE662EBD00610FBDA4
:10529000059C8CBD54939EBC18072D3EA8D4A93CF8
:1052A0001505D8BD9C67CBBC00220A3A92F86EBEA9
:1052B0007902AEBDA166EB3D847104BD0FB0BF3D68
:1052C000A82626BE5C21153E2421BCBD32BAE7BD0E
:1052D000733CBE3DFBCB223EC57D003E78978ABD28
:1052E000D27240BDE0B2213EB4A2273D381A84B745
:1052F00055D99ABD13FE6B3D1648E03CC386113E5E
:105300003E230B3C0C14DD3D28B1793D47FD5B3C51
:105310001BB1BABDB2951A3ECCDF663C805E833DC0
:1053200088C69ABCF5CEFC3DAC3B223DF0ECD0BD2E
:10533000640682BD08321B3EBD03DB3D73823B3DEC
:10534000193B49BC14020E3D10C961BCE4B0033CDA
:10535000BC919BBC90B94B3EDE9C2D3E406CD03A3C
:1053600066A6E93D1B37143D00000EB6F536CFBDED
:10537000CE20DDBDFD5CEC3D4F674BBD7A5D023E4E
:105380005E7C19BEA1DD3C3E2C1A63BDBDFB29BE6F
:105390003017793DB9F10A3ED776523E603DC2BD25
:1053A00000160D3DE65D0B3E22C8A53D659A4BBE3D
:1053B000BD72CB3D4AD6B03D28B611BDAE19493EAF
:1053C000410F2A3BB329963D5020403D0649C13C40
:1053D000FE61BD3D11F93E3EC561223E58E3933C5E
:1053E00008DEE7BDD97A6C3E4F4A88BD026DFABD32
:1053F0006709AB3D5FE4623DB17B2B3D1DF5463E49
:1054000057C830BEE1815C3E68F10EBCCE62613DA2
:10541000E2279E3D74A3A23D23CD7D3DA013CA3D4E
:10542000B0C7A8BD46E1413D5AFEF23DD8EC12BEE0
:10543000EEB9BB3D4AA3A33D8EDFB13C9731613E3F
:1054400033D68EBC6C609E3DDE7AAABD215FACBDBA
:10545000F857193D64F51A3EE42A643EEBB4B4BD36
:10546000AEABEE3D8B4E6E3C18419FBCAB6813BE9D
:10547000D81FAF3D3024103EC953E83D6420113E93
:1054800032B726BD56E1233E273BDFBDB4CB63BD1B
:1054900082439B3D4515283EEEB6473DF31D713DC9
:1054A0007946CABDE2DC2E3EB2A615BD484428BEF0
:1054B000A86666BD795AD63DBB380B3BECB6DE3BE1
:1054C000871F6BBDD7F6103E88B80B3D60FB9BBDB8
:1054D0002F3A1DBDEF6C263E8405223E2FCCB2BD77
:1054E0003791EABD566DF63D3CBE1D3D3DB3BBBD9B
:1054F0006516C8BDEEA35F3D27FFB83CCABA853D1F
:105500004FF728BDA75BA93D481861BDD80020BE54
:1055100060E2C03D119C423EFB3BDE3C0007673A27
:10552000E8BDCA3DFD8C113E7E86803D42A4A2BCF2
:10553000790F873D86BCC73D4B5A52BC979F3A3E78
:105540005ED2AEBDDA19DD3D423DBE3D020866BD0C
:10555000E0E6C83D776FE53D9B0D023E088807BD3C
:105560001C913A3D76CAD53D96A395BD0CA906BEC1
:10557000376AAE3D19C4693E4F7F9F3D319EA6BC40
:10558000470322BE8F0D053EA4F1B4BD8AE2883CDC
:10559000418187BD090E273C5B9DA13D1D00C9BD12
:1055A0002CEEDCBDFE09833C9096583C5159F0BD71
:1055B00048BEA63DADEACD3D93A9833DD72249BD66
:1055C00002D516BE80960C3ECC30AB3D2C5CE8BDBF
:1055D0009AA12ABDA71C033DA38A013EFED2ABBD02
:1055E00063E7BCBCA23FC7BBE8F6A23DC1106DBDDE
:1055F0007BCAFC3DF3E5093E54130B3E7547053E5F
:10560000C0F0B4BDADDB373E993AE2BDEC9D13BDB1
:10561000D80DA5BC2CAC823DCDB68C3D38A1DABDF1
:105620000C5A1E3D460337BD5476E4BD4D2E81BE57
:10563000BFEC5BBD269F87BC72603B3D12C37C3CC8
:10564000E14D49BE4A56E83DF02921BD946B00BCAE
:1056500088A60E3D45F67F3C39D25E3D3A1BA83DFB
:105660003CE8353D1BB0AE3D2ACF05BD121220BE31
:10567000DA07FA3D6E56B9BC4456233E07C8EE3DE4
:10568000815908BE92074C3E1025C93C4C4DFFBDC8
:10569000608C15BC3E24993C34DB5EB9A0FBFCBC9D
:1056A000F856F33D9E84283ED8DD19BC63F089BDD1
:1056B00066B48B3CBC7BC93D544B06BD737C02BDBC
:1056C000CBD816BE72F69D3D58D2EB3C4E9ED9BD4E
:1056D0009086D2BBF48CFF3A888C423ED38CA2BD1C
:1056E0007666DCBD7773203E38F0EC3C934724BEF1
:1056F000C16055BD838E523EB4CABC3D5A9A19BD95
:10570000AB2FAFBD82B4873E2026A7BC5E3424BE3B
:105710004887E63C031CC33D1008973DC0CD7ABBCB
:10572000A2FE0DBDB91D073EEC37F4BD7E29C9BDF3
:10573000BBCBAC3D43C10E3EA641D53D0A3BF83D37
:105740000762D0BD1EE17C3E0771EABDB6AB8FBDDE
:10575000485BD2BD51E7883DCBC723BDC8D9573D73
:10576000AC55A4BD84A5123EC025483D8531A33C5F
:10577000F39C81BD86C74E3E685A993D2C7C273EDE
:10578000DB34F2BD9768073E6C28773D4C995ABDD3
:105790003C9828BD7B6A2C3E669C1A3E301D8E3C90
:1057A000B819A63CE90B353EA8104B3D7E56C0BD4E
:1057B000D93165BC47D11BBB14BE87BD2C58C83D31
:1057C0005C348EBC7115183E2084E03D77F950BDE5
:1057D0007C42103D89D9E03D60BFE73CC82CF33CDA
:1057E00092B3A03DE8950E3E68D5A03D5A06FBBD9C
:1057F0002D175E3C0A575ABB8459923D3B34DD3D20
:10580000B3B7FB3B2E991A3E285D68BCABA486BD9E
:10581000887C903CA55BE93B12C6463E945A95BDF8
:105820002749563D8FCAB33DFE7F9FBD37933CBE8F
:1058300026B9613D39EC283E54C162BD40BBB3BCC2
:10584000CB5BBA3C1E7D033EAE6315BDB890B4BDC4
:105850004230BE3D919E923D3B4F1E3E849E273D71
:105860000C99203DF00C953DE09BBFBC0A6D31BD0D
:10587000212FA33D2713853DBDE8D53D37B09FBB04
:10588000E3D5DDBD6EB3683E38A0833C09D1A9BD28
:1058900050B6AABC43BD113EAB8A97BB866DA73DEF
:1058A000744AD53DEA9E103EEE09D43DD43819BE67
:1058B000F4406EBDF459EE3D15D4643DE195913C44
:1058C000646AE9BDCF00483EBC21CBBCB7FA3D3D80
:1058D0002E20CEBD28DA063D320C6F3DDE349FBD52
:1058E00058C9F3BD0E67253EA95075BDC790DCBDF4
:1058F000ECE1D33D9769C13DD41A173D389E543E23
:10590000005115BE27EFCE3DD57886BDC6F91ABD2C
:1059100010F8573CB22C0B3ED992D63BB853873C7B
:10592000B05FC3BB3BDC3C3CBC1F84BDC2EA2EBEA7
:10593000F9ABD63CEF7B863D7A36FB3DC51DD73DA6
:1059400047F1943D41CEFC3C8077D53A69FFC2BC1B
:1059500020B6953DA72E623ED9159E3D38EF4F3DAE
:1059600014D0E1BC162EF83D948AFBBC900310BE07
:10597000DD5799BD31DF313E12643EBCA6609E3DCD
:1059800071C5F4BDEFD9C33DA8BD133DC947D73A92
:10599000425DEE3D4E7F493E9B60FF3D50BCB7BC33
:1059A0000EF8A0BD7A87D13BCC01CB3D6047EFBD5F
:1059B000E4F3A5BD9F68D53C9CEFBA3C50C68BBBB9
:1059C0006A62A7BC0668673E6445F33D1A39FE3A31
:1059D000B8F1983DB8EA193E77AEE43D4018263C50
:1059E0002FC9C6BD004B2E3E10CBBCBCBD7D9DBD9E
:1059F000116EECBC5AD15E3C8C81EF3C973F0E3E61
:105A0000B258113DBD641F3EB822963D672F35BC8C
:105A1000C8B7DA3DC4AA683E8E527B3BEC93713D19
:105A2000D8A986BDD0CA563C205D29BB87843FBE1D
:105A30007F1102BDFD69F13DBE59693CBC39363E5E
:105A4000E07AD4BCB3357E3E581A583D8B224B3C8D
:105A500006C8E13C9334463EDDA1B63CDCB1BBBC9C
:105A60002D8DCBBDEAF1D73DF01248BCC140F5BC4D
:105A70009896EABD5AB3BA3C393C0D3EECA5133EAC
:105A80001C540CBED477363DC0723FBB795A9C3D46
:105A9000128084BD3BC38C3DE0C4893D61C57ABDA5
:105AA00051FDF3BDB27ECE3DE0807EBC21C654BE2A
:105AB000C77D71BDD4EC8F3DB8A11B3D06A11CBDB7
:105AC00078E6EBBCFE86393EDDF3C0BDB0F5B43BF5
:105AD00022FBA7BDA076483E5F33113E686B21BC18
:105AE00034A61B3DC3DDC6BB1A62A1BD9944ECBD03
:105AF00093968BBCF5B5443E9719163E6E91C7BC84
:105B0000196012BE74140A3E8C487A3D716843BC19
:105B10006347E8BD985E143E77BFBD3DD2AAA2BDE3
:105B2000D6F30CBD7D97193E10E0533C1C4F9EBD33
:105B3000D82DF23DCCD4B23CA66DB23D075D7D3D83
:105B4000BBB1DEBD7B35E03CBC836B3D77BE4ABD5F
:105B50007EA630BDF5E9D5BCB976243D48F6C1BD79
:105B60002B1707BDC283103C3472C7BCC19325BE3E
:105B7000D7C5C0BD60E24BBCAE87063EB807E53D69
:105B80005B5630BB5BFFD83DF0A7CB3C96D6BD3B08
:105B9000E09AAB3B47791C3DF37FD03D24060EBD18
:105BA00008947F3D98A21CBC23FDDCBDBF99F7BDC6
:105BB000DB38413DBADB343E21DF8FBC54BC86BDAF
:105BC0003696963D877E7C3E50CFC93C1ED0BBBCEE
:105BD0009273DD3D55E91D3E2017343E6A1FB4BD6A
:105BE000224F4FBD7C6517BDA056673C370334BDBF
:105BF0009FB8DABC704E15BDB7C9AD3D302CA8BCFE
:105C0000729074BDF7C90A3D407DBF3AF9FDD23D9F
:105C10005077BB3DC3E5E03CCD16EDBC0652ADBDB3
:105C200054DF083DC0DC923DB356D3BDFA1A04BE22
:105C3000EE0E9A3DD7FECE3CC275EC3B15F00D3E04
:105C4000F48D3BBE2003283E46E150BD929E7B3C36
:105C5000A0FF3B3D0B07B93D9874963D409DA43C89
:105C600048876FBCBEDDB7BBD013843C77DAC9BDB3
:105C70003A8D173E7CA4533E3308CA3D2DD503BD53
:105C80000506FABDC992B63C599DCDBDEC64723C87
:105C9000D834CE3C45F084BD8C9C5C3E7EABC23D8E
:105CA000A02F203D0F0C173ECC549ABC73ED24BEA0
:105CB00041609FBC5DAABD3D6CB6313E18BBBC3D8A
:105CC00047DBE0B85E4A4D3E1453823D312AC1BDE8
:105CD000E09EF7BC132A323D8B9A77BCB084463CD9
:105CE0004954CABD9B5BC93DCEBF94BDE576A3BDFB
:105CF0003E0EAA3DFBEE953DF7B9053E6770803D2F
:105D0000A59BA53CD53DB23D544B8DBD0C49573D9F
:105D1000305FA43DD10CC9BC6B35F83C7836503DA2
:105D2000CCE18EBCEB24063E518BD1BDAF2E25BEFF
:105D300090C2203BF4B9D93B8FE4A13CCC7A903C93
:105D4000D89A41BE64B9A33CD02DCB3CA9A03A3D22
:105D5000488196BD1472623C7423A23D263E9E3D4E
:105D600018411F3DD0DAB03DF8245E3DA9A448BEDD
:105D7000C524253D8B36213E3C4BF4BC80E3943C4E
:105D8000F8E50CBECAA34A3E604B2BBBCAE685BDF4
:105D9000845E87BDE72D82BDBAEE423E1823A23D48
:105DA0004A8F97BD9A8FB53D642BBA3DF7279CBDAE
:105DB00072B5893D8E1B003DA660323C70C7CFBDD9
:105DC00088CB24BDA085C43CD0422C3C1F59B63D95
:105DD000B64A903D0FD533BDBBD7103E74F4593D44
:105DE00068D7533D63A07C3DB6C3A23DAC7998BD56
:105DF00062BB153ED6B2483EE5683D3D3A02B1BDB4
:105E0000C85EAEBB947F613DCC09583D61D8C7BD2B
:105E10005267D33D4020A1BD7904F53D8398D5BD9F
:105E20005778F5BDA127833CCBF7E6BDF8FE09BE48
:105E30007DF155BD8ACB3A3E8CA7FCBCCC8DB5BD5F
:105E40003D13EBBDE70A2A3E6029073C40B8A73B5B
:105E500030AF97BB4174423D7D530B3E6AD4B63D93
:105E6000568DA73DA51C58BCC0ADB53CF16529BEFB
:105E70005F71053E11B5DD3D7FA62F3E9DFAFB3DCE
:105E80007CBAFDBD77EAB13DD84E6C3D100394BCA1
:105E90006DAC96BD40B6643AE000683D0A85F2BD3F
:105EA00090C2B63D8DE1C03D4A07C6BD9FFD90BB87
:105EB0009AC6EF3DAF0C4B3E28132A3EE08C8ABDBC
:105EC000ACDA04BEF660123EEE2D3DBDD7CFC8BDA4
:105ED00022F9AE3D0FB0C73DB86486BC5E8B9ABD5B
:105EE000C276AEBDA340073E603BE13D08F21EBE58
:105EF000F0D6CF3D5C82F33DA87D6FBC7480B03B93
:105F0000BAF0DFBD4767C33D7A084CBD05F867BDF1
:105F1000B468D03DD28C9E3CE116FE3D540C373D1A
:105F20000E9EA83DC30AE13D38406A3DD06BB3BC2C
:105F3000E8ADAA3C5DEE733D70C10B3E85117DBDA1
:105F4000812108BC3CCA843D7CBDECBD491BD0BD51
:105F50002F5637BD2DD79B3D31D2CE3D62CCA5BD4E
:105F6000487FD63D232BE13D1879AA3D04F656BE65
:105F70005C62523CA129853D6177163D98C2F63D91
:105F800011AF02BE44F8533E9C6EE63DD3D6183D99
:105F90001488D7BDF21356BC443E693E38B0813CEC
:105FA0006EA2983DF58CA7BD84780FBD329C2CBEA7
:105FB000CF35223C3FEA383EAE171B3E82FC4C3ABE
:105FC0004AA027BD9CA4C43D40D7A83C941412BE4F
:105FD0006D07783D3AD2A13C7F9C22BCD056833BD2
:105FE00060358FBC73A7683C281C733D0C3F0CBE0A
:105FF000EB59E8BC037BFA3DCA6DB43D7C3E91BDD4
:1060000085CA27BDC921773C7407C9BDA9A9B0BD00
:10601000404555BC6E94153D6B4CB6BC4C1EA1BCA6
:106020007A5AA2BDB4AE84BDB181F3BD2B8707BE41
:1060300093F1CA3D349FAE3C4963843CE9F1BBBD5A
:1060400079990EBEE74EE83D00B96F3C3933E03C2C
:10605000247C313DC5CA273D86AC343EEA09D33D98
:10606000D4FE403DCDC7753B4E63A43DFFC671BE17
:106070006A2A243DEE4C903D5D5C413E6F1AA33D83
:10608000607F39BE1A4D233E48687A3DB3E71E3C17
:106090000CA904BDED6CCABDFB23503EEB7CEABDF0
:1060A000F04126BCE86D2EBD26D7C33DAE7BC1BCFA
:1060B0003B33513C34E9773C90979B3D444EEBBCDD
:1060C000627421BBDFFDBC3CD6ECDB3D54F76B3D7D
:1060D000882320BDA978E2BC03158E3D90D1A5BDD3
:1060E00090612F3C44FC7D3D3EE0CBBD9B1681BEC4
:1060F000C8E2BF3D8942E03CBF96233E9555593DDD
:106100004D6408BD3A4EB23DBC15E2BC7405B9BD44
:10611000881A67BDA349E3BD85D1313A38FDBF3C3C
:10612000483001BDDDB7553DE8FB3A3D96176BBEE3
:10613000C48AEEBC8B09473DE282333EF2341DBE79
:1061400036B019BEA28AF53B38B8CBBDE1BF8B3D56
:106150005E95AEBD28C9F0BDA1D03D3EE86B253DA2
:1061600004D27C3D9B99D9BDA809E33D5A0E14BECB
:1061700017F3BF3DA797B03D678FF03DD2C88CBCE9
:1061800053502EBED5B4493EC871F7BC7E7CE9BDE4
:10619000BC15013D193BB6BD5BAD39BCF2BD8BBD35
:1061A000E4ADE73DC7391FBDB006A5BBDC863FBEE9
:1061B00036F6203ECFF140BDDA0DAB3DDEB384BDF7
:1061C000831A23BEA6F7453E64A5DBBDE119213C39
:1061D0001CF29C3D51267A3D0A94C83DE470D2BC25
:1061E000C0F3573DABC19F3DC8B9753D06E6FABD4A
:1061F000F0EF24BC39E0333D1C1DB5BC814C773D2C
:10620000B44611BDF85E123EC2C5D73D5C84B0BD38
:10621000069A1BBD342CBA3DE8D18F3D45D794BDBD
:10622000ECD7EEBDB8AC9ABD7854B03C6E4F4BBEC7
:10623000433CBCBC881ED83D15AA243ECDA2C63D19
:106240001F60E8BD3C2D153EF8B14BBCFFED023D93
:10625000B0063D3C6496463D7FD09B3D2C0ABC3D3C
:10626000781FE2BD1733E33C5048CD3CC2E9E2BDA4
:10627000DC1B7E3C7F98483E43AD063EE2A2573D84
:1062800031B29ABC8F36233EC2BFA4BDAE6DB93DBC
:106290009456CA3D37CD173DBBDBFF3D6309ECBDCE
:1062A000A463B1BC101417BDE02D253B72E9B5BC49
:1062B0009C64723D550B3D3E63A2853D1064D03D0C
:1062C0002790D9BDE9B152BBAA876BBD892695BD80
:1062D00011AC5B3D988DDF3D14E1583B704C25BD02
:1062E0003EA682BD231E1F3DF041EE3C35011BBE84
:1062F000FAA51E3E522BEC3D79D60C3D238E59BD9E
:106300000A5F42BEA75B683DC85FCFBD25ACDF3DDD
:10631000E4E7773D2917B93B655C0C3E9887C2BC22
:10632000F0A69B3C5513883DCC63853DAC965EBD85
:10633000BEEAAB3DA8557B3C225E483E4E99CABDA5
:10634000FAE521BE94F0ABBC8048D93B50674C398C
:106350009F12823DA88ECC3D13F7F13DC0399DBB05
:1063600014B98F3D8D3E8ABDE49B683DF2839DBD8F
:1063700023AE663B118E3F3C50AA993CBDBBA03D6D
:10638000EE1395BD0E2F043EE03D98BD4A1B40BD67
:106390008A7D58BDD270493D7E5F003D4037433C09
:1063A000AD866FBD3EFAD93C624008BD4E5A04BE70
:1063B000FD3C22BD8FB4133D18A5203EF9CAEABCAE
:1063C00085B04CBDD18E523D6FD7A9BDCE1C84B9CE
:1063D000BEE2F2BD63D5083D92B6133EA8D405BD1A
:1063E000001B4B3A0682073D3E455CBDAE313EBECA
:1063F0005402003D0102363E42FC313E39E2983DF6
:106400003945EC3CC181073E6C34B7BC6598DCBDB6
:10641000E265ABBDFE42B0BBA757AB3D2028503B69
:10642000C080CCBD50B7843D001B6E3AD8DB55BE52
:106430006AA94CBC274F193E515E4D3D73B6853D50
:106440001D3AE2BDFD44303E73EE8ABD2A99283DD7
:106450002AE68C3DD111143EA63035BC40DF1B3CF2
:10646000205D373C1F17D13D1325BABDAF389ABD0B
:10647000D0935B3DE6FBEA3D15C3F0BBDDFFE93D94
:10648000BFE1CCBDE1199B3CB1228BBDC6A0DEBDF6
:10649000A377D9BDB4ADBB3DE60B1E3E8ABB40BD64
:1064A00024739C3D7E95793DB80641BDFE87A6BD0F
:1064B000000E99BDF2211C3EFCE26EBB0BC3703D89
:1064C0006A98273C60CE353D824380BD97E7533BB9
:1064D000BE928F3DAC6B86BCAD5DA63DE610B13D76
:1064E000B0E53C3CB2681F3D842FE33D0603D9BDB7
:1064F00004A8D03D9ED0193E9466A2BC7D9AF53D7D
:10650000432D13BEE788173EBE32F23D79FDB3BD81
:106510001E63473DD7D1653D812B9ABC78A0F13DE4
:1065200030C2C73CF967DF3D308F2F3C8DA75EBE80
:10653000603E2CBDCEC72B3EF8D17C3D278BFC3C6A
:10654000303B16BE23DA5D3E540D88BDFA26CFBD22
:10655000E2D8F03C0FAE29BDF9EA193D882B19BDF0
:106560007E04E8BDAF1A9BBDBC4FC5BD034ACDBD7F
:106570003FD66F3D7FB4203E1871073DC176B8BD50
:10658000D07558BB92A75A3E448EA53D4113343D69
:10659000D43030BD37BE823D4BBF8B3D1846F03CFA
:1065A000F06E0FBDF7C5E23BC089A7BA5B43EEBDF5
:1065B000CE3C173D2A19133ED421E43C689ACFBD46
:1065C000E25F15BE81D92B3E15E6B6BDDA87BE3D2A
:1065D0006CEACB3DD6018ABD26648F3D602F453DD8
:1065E000280C19BD8CF964BD3C558D3D82B1D2BDDE
:1065F0007618D13D6BD7E63DAC854A3D0281533DCF
:10660000BA7023BE342B5F3D943126BD8F8981BC87
:106610000AA9DDBD47D62B3D8E4AFB3D5A6FC53DCD
:10662000743663BD9DB830BC6883F03D6B2E1EBDD3
:10663000FABE843DC541F13CD2CE263EDCC1C9B88C
:10664000E66DCEBD3AC0D53DFA04BEBDF2A9D33D3C
:1066500064E69CBCA38A67BC2E20D53D305FA33D79
:1066600088B3803CDF29B3BC0CF4B83D20D5A2BD73
:10667000A4F7BB3D6590D93DC9E50F3E8C19C03CE0
:10668000AF04AC3CE9262F3DD8AB103D9501533DFE
:10669000542EF4BC1BBF27BD3B08C2BCCC88CA3DEE
:1066A000F0D854BC20973A3D70EE833DA73E58BECB
:1066B00077EF9CBC6D611B3E3B66513EA7C27ABD25
:1066C00002162EBE6A17373A448691BD04603CBD5F
:1066D00098543A3D4730D7BDF8C02A3E1432B7BC73
:1066E000D4B7433DC1644C3EEE68A7BD2E7AE63D6B
:1066F00079B3A53D95ED723EE53347BD9D0B1E3E3A
:10670000D96F25BDA6A7743E844B85BCF9195CBC26
:106710000AE4D1BD2ECCD13DD1F01E3E08BCB33D24
:10672000148047BDF79D273EBCC5A53DA9E63A3E6E
:10673000369C95BDA91A763EAFE7B93B7D36433D01
:10674000BAA2923DCED44A3ED8D6573D034D20BD85
:10675000386A27BC8937F73D3BD032BDFCDD5D3D53
:10676000D33BECBDC5A8683E9CDD9DBCF0F8B83DB0
:1067700073983DBB8E28583E16059E3D09468C3EBB
:1067800027EEAE3CAD6A903E829DED3DCD0363BAEF
:10679000901DC9BC5916CE3DE2737B3D8611DA3D92
:1067A000E0C2FC3C4689443EA05BCABD2AC0733EA1
:1067B0004DC05F3CAB00533E33AB7DBDE23E543E2B
:1067C000DC97EF3D377E8B3E1C842E3DA597C7BDE1
:1067D000D45AC13DD5EFCB3D2A97323E384959BDF9
:1067E000B60DB03DDE744A3DBC476E3DFDAD0C3E7E
:1067F000379BA7BC340A9E3D42B3ED3D74E9943EFD
:106800000C166F3DB1A16F3E5CBFF23DCCDCDCBD30
:1068100048F080BD3C92613DAD7B9C3CCC42B0BD1C
:10682000C41B5FBDDED9253D408BD93BE541493EC8
:1068300020BB48BD04C02B3EF739FE3D73C8823EE5
:10684000E0E4303E2C5B8F3EE61BD73DD950CDBDFA
:10685000F8FBCA3C5EA3703E3C09353D3069453CBF
:10686000948BB73D6147383E381199BDB9D7D43DB7
:10687000C558493DE411173EAB4AE839F4332E3E82
:10688000521F4A3E188A113EB059383CCC71A63D81
:10689000C067843D0C17C73D68BD103E00B88AB87C
:1068A0006AC42C3CF3A1153D40B9A8BAC7D39D3D9D
:1068B000EC2C82BB6BE4113E8819DC3D1682273E2E
:1068C0007FC790BC516E3C3EF45FCBBCE469CBBD4E
:1068D00000145D3B7E60633E02CB9B3DC8CDDF3C38
:1068E00084192D3D0B995B3E4C92D23D081D853E8F
:1068F000E03AFEBCA0C2343EB13ED7BD1C128C3E75
:10690000C4EB86BCE0FD8E3EA2A05EBD5CE118BC7F
:106910008014A1BCE04C483D0A1BE93D724BB03DE0
:10692000EF79D1BDB6B41D3EFCF7A4BCCE46073E00
:1069300005E89C3D0F709D3DEB7CE3BC26FC613E71
:10694000EABCEE3DEC63753E1CA8DE3D382A8CBDEA
:10695000981177BC2AA6EA3D958310BCE8E81ABDD9
:10696000E89D6BBC58E2733DD0BFC53D7DE2843EDF
:106970009B6FA23D0E95B53D1AFAAF3C50D4BD3D7C
:10698000BB21D93DE2784A3EC152BDBD50092E3DE2
:10699000BE3F963DC8508B3EC7B0C13D948004BDFC
:1069A000305F223D7225F73C5ACFE3BDFE33953D63
:1069B000DC5637BC1E6F7B3D8DD1F23DBEB44B3EE5
:1069C0007328173ECF57533E388141BD17E4BFBDF2
:1069D000A402783DD9FD293EBF7C92BC7ED873BD10
:1069E000454B83BD7ED3A03DA029A23D2746E93D6E
:1069F000069509BD34E2863D1DB91A3DF36A703E25
:106A000019D3133EEDD1283EB2669D3D37B3CB3D41
:106A1000C81B2CBD268E8B3E10133ABC60FAC13DBC
:106A20008E02803D89CA253DF0E7073DB90CDC3D6B
:106A30000C3B14BDD05F633EBA609E3D25CEB53D94
:106A4000243328BDEA73703EE069A0BDDFE256BB87
:106A50002063943DBF5D983EEC5E913C38AE6F3D47
:106A600070E3D93D8490603E28C071BC8A951D3E7C
:106A7000A92EBDBC390C023EE0EABA3CAB5C043E38
:106A800097A3B63D5AC5963D66B6DA3D98272F3D89
:106A9000FA43DC3D17AC953EFE3A0F3E10E2413C16
:106AA0003802E6BC2C95263ED89C5A3D934A263E99
:106AB000F03566BD04B9E73CD6FFDABD5389F03D39
:106AC0002825153E12EF423EF26BB63DB6FB4ABD9D
:106AD00031EBAEBD5969913EC01D093E121C9EBDF1
:106AE00096C94A3DDB17813DF00F883BA8732C3DCA
:106AF00077BAA4BD14ED0F3D8D4600BE71C4683E4B
:106B0000C523AB3D4A4A843EACBC4A3D47DBA5BDEC
:106B10008426413D3830873EF336243E42AAC63DA6
:106B2000C0A2343C6EB5443D5608E5BD2680EB3C22
:106B30003472793D1219453EB6222CBC2D8B7B3E1A
:106B400026C252BD416B8E3E88C7DEBD6B575A3D93
:106B500084D2F33D7616983E4065153EC4139FBD22
:106B60001644C5BD4EC77A3EAC97DD3DA8236E3DA9
:106B7000A979213C8F57623E08CA51BB545A683EDE
:106B80009D32E73DDFD54A3EFC9DB03DBCE66ABD87
:106B9000F27858BD3F879A3E6FEE333EDB8B76BD71
:106BA000B8B4073DE699E23D18378EBD8E6C353E90
:106BB000DE0780BD6E1A183E8D44A1BD26095A3EDF
:106BC000DC2E253E2553503E84EE133D1F0C20BD88
:106BD000A8D3DC3D6C7C263E342D563DB700B9BDB4
:106BE0008E87E73D15431B3EB0A9B03D7615E43DC9
:106BF0004507C5BD35295B3E7876BB3D3F08B73DAF
:106C0000CCF3813D9C3D913D5011953CF71AB53D2B
:106C1000709860BD172E723ED7BBB73D60E74EBD82
:106C20004C1E7EBD78E35E3E7F02E5BDB30D4F3E58
:106C30003CEC90BD9B86823EC5EECFBD15E88E3EF6
:106C4000615CAB397732813E5853BA3D3ED590BD39
:106C5000707F95BD6799103E81D66DBC368BF23D35
:106C6000E8ABDFBDCA62323E5230973D1578653DD4
:106C70000E66E0BD3C83DDBB76C28ABDEDCD583EDD
:106C8000B59C433EA7208B3EC06E793C848B863DED
:106C9000BC75C3BD7A97FC3D1160663DA81F9DBDC4
:106CA00000C8B03D9D0A033E106FD6BDFD9A063E5A
:106CB00094B8C73D086CE1BCC8868A3D2B26953D3B
:106CC0004073993DEAF5773EF0D6053CA3C3633D9A
:106CD0001767E6BDE8534D3E9886223D7C933EBD46
:106CE000BC2CC7BC0D51633D072493BD2DE9443E28
:106CF0008D2F333DED46873D75950CBE570F2B3ECE
:106D00008AC3173E3DB4883E3023513CE1FECC3D62
:106D10009825013D73046F3E38C194BCC27AC0BD52
:106D2000E8B1A5BD85664A3E98B9773DA7803E3E4D
:106D3000775BE0BC81451B3E367721BDF2C1AC3D9F
:106D4000970E5D3CC762A63D585015BD58BF7CBC30
:106D5000604D29BCE3E7173E7385873C081FF43D6F
:106D6000D2219E3D65AF9E3D70756B3C7CB77C3EED
:106D700050CBD7BDC5D0EE3D5DCE16BD28C3443E39
:106D8000EE470F3E57CE813E8C5B093D5A60EFBD0A
:106D90001637BD3DDB07ED3D3FCCFB3C8C08DE3DAF
:106DA0009F0DE7BD9CC7213E44B0B53D8D055F3EBC
:106DB000531A253D8FB0893DF1AE933D059C763E3B
:106DC000DD0E703DC1C4C23DE094993C152DC0BD9F
:106DD00001C46F3D669A2D3E73BA0E3E0444853D54
:106DE00028E3473D2838913DFCFF843DF2C8703EC2
:106DF0001F9FD4BD6965E33DB8489C3D900F2B3E75
:106E00006BB90C3DBE63723E902E29BD1900DFBDEB
:106E1000B087C93D6C59823EC2AEC73DA462443DB5
:106E2000FEA09E3D5FF6853D49FBC13D5A08E83D09
:106E300092161E3D296A4F3CA1DA94BDD2F04D3E18
:106E4000A94F5A3DB216FE3D5001E63CCACA96BD56
:106E50000ADFC73DC4A4933D46E64CBD4062873D72
:106E6000429F14BDAE27C93DD386A0BC060C993DF8
:106E7000C6D2B73DB6241D3E19B8B63CD8F5833E00
:106E80006C2E0F3EC9828E3E849DCABC536EB93CA7
:106E9000D8A8ABBCBF4D4A3EAC718ABCA015AABCF9
:106EA000A6010BBDA2921C3E7EF5E53DBFD22D3E54
:106EB000C6B1B93DD81FA23D1E1798BD480E223E4F
:106EC000EB9B093DB936943E3D1EF0BD4821E9BD1E
:106ED00049EFB9BD44FBCB3D1B18ABBD30005C3D59
:106EE000AE4161BD23BB883D4015193D77B96A3E6F
:106EF00051F9A93C4BD2E03DB8B0BDBDCCBBD33DB0
:106F0000F1CE463ECE2F8B3ED446DB3DCB895DBDD8
:106F10000044F93C00DD723E788F94BDD8A8E2BDF4
:106F2000CAD37ABD19F96E3D10FFBD3DAD78A63DBF
:106F300091247FBC12CF2A3CD066F0BD64436C3EE6
:106F4000F620023EF4EF633E863697BDB09B1B3DB4
:106F50006C4B893DF409423E42EB1A3E26C4913DFA
:106F6000BC8D753D376B0A3EF21EB93D3CE2803E5A
:106F70001ABBC3BC85B0D53D616E3ABDB1B58E3D7F
:106F8000A335253E01CB623E300478BC2180B53C60
:106F900008D5A73D41652F3EBBAC95BDEC2FE2BCAB
:106FA0006E3B95BD2880A03D74CCE1BD3F4A573D66
:106FB00097D5EEBDE4E4103DC310E9BD7FDE3A3E57
:106FC000891A113EBFC3093E4C6CEA3DCFD07B3CD1
:106FD0000F87833B0916723E306E3CBD97EDA33D93
:106FE000CC80FBBCE7E2503E30D6993BD8A8033EAC
:106FF0009DD4CA3DFB6CC13CDB59A13B426BD73DE4
:107000005360343D6BC71A3EE43C0F3DB80C5FBD86
:107010007CDB183DDA5A423E9CC49ABDAB90EA3DF7
:10702000007F9FBB7F565C3EDCDDA5BD40CBA43D11
:107030003716053DDFCE0E3C689F0FBD462F883DBD
:10704000CCE3433ED45F5D3E8A07E33DAE6B5ABD61
:10705000A76AB5BD6D384E3E4458EE3D653C3EBD19
:10706000B811873CC5FC6A3E984E153D83590E3ECB
:107070003F9B85BD2B1D063EEBBB823DF0101F3EA6
:1070800069B3E1BB307D7A3EBAC38ABD5CA9313BAE
:10709000246AF43D09AFF53DFDCCC3BC6878D6BC8D
:1070A000C820AA3DCD51643E144A5C3DD5B7143E7C
:1070B000B9D5A83DC3793B3ECB761FBD56B4613EE2
:1070C0005FB93B3E84098F3ECC4871BD5DE8173CFB
:1070D000F0DBBC3C16C52E3EC672763DA13DA4BD7C
:1070E0006CC8793D7EF1923DE0C426BD1B75513ED2
:1070F000A48A83BD9419B53D425300BD389CC03D60
:10710000904D083EF5738F3EC899643D9D08DABDE9
:1071100074DE5CBDA34ABB3D521D2ABC980CCC3C1E
:10712000899EB8BD2C7F273C64505D3D090B823D94
:10713000F479133D60D0103D8B94353D693D933E0D
:1071400064A2F93D0336263EF49B9E3DAA2C0F3CDB
:10715000B0DAC8BDB3F62B3E68C8943DE097253C35
:10716000FED18CBDF5C90F3EA8659EBDC54C363D10
:1071700064351E3D968FE13D270BCFBC6EEBE83D9D
:1071800033915E3E15256C3EE030E3BC0CBE06BD7F
:1071900004EAB53D32758A3E9A6C02BD84FD33BD6A
:1071A0006C37B93D4F074D3E1F32A6BDCCA4583EAB
:1071B000AECF02BD6A6BB23C273C8F3D6EC6083E27
:1071C000ED50543CFD56BD3DC0E982BDFCBA88BDC2
:1071D0004A0F30BD1EEC8F3EF02AD33D20CA583CEA
:1071E000C816D1BCF1F4493D5AB9833D8F5E3F3E8C
:1071F00018C6ABBD409CABBCD34CC83A3B995E3E75
:10720000F195163EFFA547BE7C2D833D6994D53C84
:107210004C13003D9433BC3A85BE22BE1635D23D98
:1072200020F377BC170B493CB0969A3C3A81933DCA
:1072300033CFC8BDEBFAEA3C370FDE3C27F46B3C9A
:107240002C71B03A97534A3CCC8485BD3DF2123E36
:107250009084233C8B482E3ED720EEBDF039D3BD21
:107260000ABE8CBD4F6E243EA804DFBDE9B2353E98
:107270008331953D78625CBC767602BEA40AE03D1F
:10728000F6F72D3E531C8DBDE80EB2BCECCC333E60
:10729000582D7DBC020B053E519CB9BD30485EBCEB
:1072A000C0CA573BEA43093CE4D65C3DF87F563EF2
:1072B000A6C1733DC8AF3DBEE61B1EBE53F73F3EA1
:1072C000DE450B3E692A923D4BFF96BD6D6512BDB2
:1072D000943CE73DC36C183D0A1677BD201656BB9B
:1072E0007F6F9DBDA6F5563D659EECBDF8A9563E47
:1072F0007542A5BDF96AA53C4E4E04BCDBD6213EC5
:107300008B62593EDF97423C90FE963C71C8803DAF
:10731000F80DCB3D0118943C0B7D5CBD482A6E3DB9
:10732000D857FF3C19A04E3D575EE3BDB162553EB4
:107330008B66E5BC0A425DBDFD4788BDAECBD63D40
:10734000D433573E8441B53D826964BD916F0C3E94
:107350003C06A0BCF5EA223EB50305BED8F92A3D9D
:10736000E02D993DEEB315BD7EC1EDBD1486413EC5
:1073700017D6EABD28104CBEF860EABD4F3E5E3E0F
:107380009DAF1F3D423FCA3C249399BCDD81B43D73
:107390007CE6BD3D7C8B1C3EB363AD3D4097A7BAF8
:1073A000E838D63D53EC35BC063A79BD1F54143E3F
:1073B00046589FBDEA5745BE655B67BD24C1253E63
:1073C0002D3BBE3CD520CBBCDE930BBDBC729EBD1D
:1073D00019A6DFBD94229D3DBE81733CFC01CABC51
:1073E000E404623DFB9BF23CA0723CBC92760B3EF7
:1073F000DB86BDBD89886DBD8AF421BEFB2EDF3DD5
:10740000F71D243E6EF0FB3DA05E2A3B2E4B35BAA5
:107410000FA4D2BDE3B2603EB9B4D83C0063F93AE0
:107420000E458A3D811E473EA80331BD2789343E63
:107430001292DEBD3D01E3BD1738DABD7434603E03
:10744000C34B1B3E3F4E93BC042ECF3DB82624BDFC
:107450002CF0683D07B31C3E176FE7BD108F1CBCB6
:10746000529EDB3D8F5A1D3EA0B9F93BCE6E813E48
:10747000D2C8BE3D5385BE3C25ADA8BD0D074CBC52
:10748000C0FE933D5CC4E7BD60DFB0BB324B73BD53
:1074900040AC13BD916C303E2FAFE6BD0A75C3BD45
:1074A000395EBCBDD0DB273BF09928BC54C5D53D27
:1074B000DF45943DDBA27BBD874689BCEF86013E5C
:1074C000D9FE363D2B793F3C8044373A351EE93DA5
:1074D000C8A8B4BC27F9473E271F2E3CC0DA093C98
:1074E000F0A98DBD6DB4C13D1B24ECBDD91A613E20
:1074F000A8EF743DE9281CBEC6E381BCC9478D3D99
:107500005DBC633E4F3733BD009EA3BD4031933D0C
:10751000CE39D23D2D8C313EE57E28BC2687CA3D32
:10752000D8C9C83D77A1153E5AFA9A3D6DA2C23D11
:10753000D076AE3DC19CDEBC89EC06BEE97AF83D52
:1075400062D7423EE42E17BE202EB0BD54AC39BCEB
:10755000B0C7FDBBCAC0DB3D30E900BE8A92DCBDCE
:10756000A8B2263D97A3C03D1C0000BDB893613E64
:10757000F719A3BCD35827BE96EB02BD6995163EFA
:107580004A51EC3D01F3B5BD9005173C2303043E81
:10759000C6118ABD7DDCCA3BAD4627BD004080B721
:1075A000FCDA3D3D6CE4C4BC1691B7BD6A3C943D29
:1075B000C33CCDBD4EC4263CBB2A29BE41C6163EA7
:1075C000A1DE013EB039CFBD3BBFC6BD742B393CF7
:1075D000468EAF3D96372C3B8C18E8BDA299973D5F
:1075E000029C963DAC53273E04F75A3D572B743E00
:1075F000F726D0BD166980BDB3CCEEBD1608463D5A
:107600000881373EF0B2F13CAC5F9F3DFD22993DD1
:1076100040760CBDC1B1453DA99F3A3DEDD073BD4B
:107620008A1B6ABDAA87113CB482D53D8EDD2E3EF1
:107630009A7994BB298577BB36DE24BEE81D4D3E82
:107640007473D63CE1E6F23C24BDEBBDF1B9CB3C12
:10765000CC2FA3BC2FEFF63DAB3C3E3DA810C33D65
:10766000B62CCCBD3893433E6017D9BC85A7983E55
:107670007BB6B43DE57439BE63B9413CF8C9CB3D36
:107680009A472A3E1911283E8042443B727FCCBC67
:1076900020BD10BC9791983D8510D6BD7AF1B8BD3C
:1076A000D615BCBD5164C1BB000AEB3A21AC793E92
:1076B000F9B06E3DA4B12BBE23C823BE3F62013E8C
:1076C00072A36A3E812DA03CA8FE7F3DB0F5E83D47
:1076D000DCD3A3BD71BA743E996304BC707A92BDC9
:1076E0001FBC4BBD61D9273E0EDBAA3D9237693ED8
:1076F000005E8DBD343EF03CB3EC87BC72B7B23D4A
:10770000D6866E3E4851A0BD80C8603AD85D253D02
:1077100080602ABC4F4E4A3EE77C8BBD99B5A3BD25
:1077200000B4463D6A0E973D7CFA393DF4637C3ED9
:10773000CC7D933D48DD073CFF0A29BDBA30773E3A
:10774000C7FAAF3C804E62BD30102DBC6DA1073E24
:1077500094ADC3BD4F70ED3D89EA313DA082DB3B66
:10776000720BE13DE1DB06BD5000A73DF04DCFBC03
:1077700059C71C3E2699A6BDD480193D34E640BEAB
:1077800018B21C3EF1CB31BE84D282BDA7A0A63C6C
:10779000C4F4EEBC7DC5B6BD402F3FBD8C7AF53D2F
:1077A000B743A5BD0E734BBED450DD3DE384CCBCC6
:1077B000A2580C3D3AE96BBDBE8ED33D93D48CBD2F
:1077C0001F8F153EEC353DBE4051683DC643683DB8
:1077D000C4B624BDF6EE2CBE6C61DBBD7A3681BD2D
:1077E000584106BC412B81BCE67BE8BDF21184BD4B
:1077F000AADA033C6E719EBC481BB33D052937BE17
:107800004A1F35BBB19B12BEEAF7ED3D8159343EAC
:107810001CFA4C3D79CCD6BD6C9DD73DC01DF53AC8
:10782000F066A33D0E6C8ABDA08850BB356EAFBC20
:10783000FCB3123D3F0F01BE18EC7D3DCBBA9DBDA0
:1078400091E4B2BD4DE798BE7064503D6B90BB3D76
:107850002C8341BD0DB863BEB6FCC03DE4261C3D83
:10786000124ADC3DB2A9DBBD04EB083DA9957BBD06
:107870005A00843D53F113BD13991D3C595D45BE1B
:10788000D1870C3E574B8ABE32E7AEBDEC97FD3D2B
:107890006EFCEF3D819259BEC937A43DBBB1F1BD2D
:1078A000C833ED3D559510BC244D84BCCB7AE7BD63
:1078B0004567B13DB0A65B3C5963203E90BE3BBDE1
:1078C000561FBA3D7523DABD3EFCBEBD11DD953BAA
:1078D000ECFD173D4DDC74BE4A9F02BD78342A3D55
:1078E0007CCE94BCED510ABE2493C53D2941883C11
:1078F000B2595ABC7351A5BDC60B1C3EE86638BED2
:1079000033DEBC3B52B339BE50211ABD43CBCE3B14
:1079100031FD89BD26E870BE8DF7A9BD7251E13DEC
:107920008E63A13D3408CDBDAB036CBD32392FBD94
:1079300005A02B3D060A2ABE4213103E885E2BBED0
:10794000BB6BF33D11019DBE5E6FBF3D3A5A523C89
:10795000868CAF3D5A9867BDEE03C0BDA7B2B3BDDC
:10796000E20BC6BD08EA11BE111CB2BDFA3072BCF2
:10797000C118373E281384BDE8E0D2BB713639BE4A
:1079800014D1A93DFC7B7BBE9AA12CBD5B0AA53C12
:10799000FEEAB43D04E919BE605CC23DB8203BBDBF
:1079A00046C398BDF79E58BEFA00813D9784C2BD7C
:1079B0009F92963D81FB03BEC424FA3DC6DD8ABE7C
:1079C000D0D1FFBC48706CBE60BC87BB22E7273EAD
:1079D00060080ABC1C5B35BD422F013DF23C943D62
:1079E00033BFD5BDAB423EBE4338A6BDE46905BE3C
:1079F000FD61563E4262DDBD139BC23D4F47DDBD7A
:107A00008A1D98BD14DF11BEE0E341BD9177AC3D06
:107A10004BDCCCBDFA035ABE76C2E9BD90B1923DB3
:107A2000B82D4BBD99AB2FBEFA70C53DA0F29EBDDF
:107A3000D50F503EA62090BD73B9ACBB65F553BEC3
:107A4000507E16BD3EAF1ABE7C1899BD9A96443C36
:107A5000140BB9BC3E3E33BE15026E3D006A123CAB
:107A600028665F3D0CDC72BEB49B683D49A80DBE24
:107A7000A4007D3CECDAC4BD46300EBDB2112DBE73
:107A8000C1A3F8BC683E8CBE0EB675BD49E3B53CDB
:107A9000BE8AE03D333310BE66E1A53D083A9FBD86
:107AA000A8FA423DE93C4BBEA091143DF9EDDA3B0A
:107AB000EB791A3E3FE530BE6F81E23D84E458BE6B
:107AC00099392D3E25C32BBE8CCADF3D9180A63D42
:107AD00087CBB4BD52B70BBEDA9909BBA8458E3D22
:107AE000EB1BA8BDB6095DBE18B196BD77972ABE3F
:107AF000A90B2A3E2D7425BE2B1F373E08F105BE6B
:107B00000F1EE63D3A37BFBD5045083DE0FA903DB7
:107B10003E4CA33DF1B354BD0E498C3C30E4183CBF
:107B2000F00E0E3D3AFC30BCD0F8323C77ECCABDCA
:107B3000B0FD2B3E8044793CB8F9763DBBE723BECF
:107B4000BC24A73C419EA1BDEC25CCBC315DD33DFE
:107B50006D7882BD4301ACBD5B2DC03D307581BCED
:107B600009CCB83DBF2703BE0C4ACEBD4DEF44BE85
:107B7000886A273E9FEF8B3C28BBFE3DCE3286BEF7
:107B8000FE48763CFFA222BEB485D3BD2525B83D74
:107B900000D38D3B4D21E8BD529AB43DECF360BD5E
:107BA000835077BD2681D1BD548B8FBD030663BE44
:107BB0001933543E6FEDFFBDA8291C3E7A7B65BE8C
:107BC000B378BF3DE7BA7FBED0A4A23D539C633ECD
:107BD0000A0C923D582CC7BD0B22C4BC90D1BE3CB0
:107BE00030EA393C5981AABDA8CCAF3D84A03CBE47
:107BF000771FA03C468EE2BD35B87A3D5D6241BE3E
:107C0000BE348E3DBEBFA8BD1CAAC7BCE0F97E3DF8
:107C1000ACD2333DEE2A6ABE4279213D1CD4C23D2E
:107C20004844B9BDBB4DEABDE6BBD2BDB2EAC4BD56
:107C30007EEF893D6DE339BE71D508BC8A2334BE21
:107C40001524AB3D6C4729BEACACECBC36343A3D98
:107C5000A0BC83BD92B54CBE9A37D6BD1AF766BD9F
:107C600050E5AABB7230FEBD64367B3DF7940FBC75
:107C70009F00173EF01DACBDF354163E9F5B04BE43
:107C8000125FAD3B1F0D66BE5875503DA5E1203E0D
:107C9000666349BDB9B634BED0DEF53DA003393CBC
:107CA00080C5183BBD3B883C50C05A3D196819BD82
:107CB000DD050F3DBFB325BD9CCD363E910A3DBECF
:107CC000BA08F23D51AD9EBD80699EBD7DCE6D3E30
:107CD000066E89BD82B12DBE8B71A0BD5031143DA1
:107CE00076EDE13D5ECF29BD5E32F2BD24EBCE3DA7
:107CF00093FF48BD628CC03C3796A0BC303528BD90
:107D0000EC090B3E709986BD55127DBD4138543E3D
:107D10000037CFBC22E9153E914816BE081AE23D55
:107D2000B0DF54BD7481F63D009DFD3ADA6AB43D82
:107D3000DE64A03D53A1FCBD87E828BD120823BD29
:107D40003BD4883D5EAFCABD18F989BD6F1F6E3D3B
:107D500040AB843A4CD68E3DC2551FBED493E5BD90
:107D6000ECF45FBDF69CF03DD483BB3D8C98D83DD0
:107D70001F36093EC0629ABD8D40B4BCD31A0A3E7C
:107D8000E7CEA23D330804BEE8CB793DCA24353E98
:107D90001C0DEE3D1D9F29BD0BCEE5BD56DA01BD84
:107DA0003EC1BB3D895058BDD815ED3D3832653ECA
:107DB000D8860E3E760A17BE660B6ABD59A6343CBD
:107DC000B50C9B3D5D329FBD8EBEBDBDA123F23D76
:107DD000A0D4A63DB909C3BDEA9EC03C8A40DFBD20
:107DE000A7C2CB3D467F1A3DB85BAA3D8310653ED6
:107DF00027CCD43DFF87E03CFF87A7BDFD78323C10
:107E0000A6B2433D4EDEE8BD9ACC82BDC9EA943DA0
:107E10000845163D8D3394BD0F64DABD8EC84FBD45
:107E2000600289BC0AE084BA52E1D4BD80747A3E13
:107E300076A9D0BCB4DB2BBEAF201F3DF45E82BD63
:107E40003570803EB79E27BE9EF0EDBD9A2E2A3E2D
:107E5000F82FA3BC0D47A13C722782BBD4780EBD7E
:107E60000489ED3DB7A386BDA8D3C03CEB841D3E7D
:107E70007F9DE33DDFF93DBE822A74BD27AB4D3CBB
:107E8000CFAE243E86FEAEBCA5F4B6BD7F611D3EDE
:107E9000188BF93CA69D74BDE5A1B9BD429924BDDE
:107EA000C26996BD07B5E63DF4B286BC826A043E5F
:107EB00041F6BF3D3D5B1FBEA1F180BD64FD0F3D9E
:107EC0001A35883E0A89E3BD448D82BDE8098A3DA2
:107ED000F680BEBD47F3A23D62EE8CBC12989B3D7E
:107EE000F0BBF23D69D592BDE2D9A63D906A433E12
:107EF0002C1C033C5009F1BDE400B1BD2CBB263E57
:107F0000BCEBBC3CD95CA8BD781CEF3D397BA6BC62
:107F10007FF7C4BDEAB8173E03F8573C92DDB13D88
:107F2000B3B0C4BDF15EC43DA430B6BC5ACE113E60
:107F3000F9969C3D58692FBE73D3A5BC9019803D1E
:107F4000C6DEE63D0D1647BB9A1824BD24F8E63D73
:107F500004E2633D91E0C1BD600FEFBDC09EA5BBD3
:107F60008C9FCABC20CF983D9EB264BDE53C5C3E70
:107F7000876C22BC99BBB9BD662F343CE39B083E9D
:107F8000ED34BE3DC3F1D2BD70A6633DF9C8223DBC
:107F90007AA0A83D2F59C93C3BAB20BD1804933CA7
:107FA0008D116FBD0A5F04BC8B19BCBDE8F40A3E9D
:107FB0008554CD3C2A5942BDC86299BBD238E6BC33
:107FC000DD9B9D3D35329CBD94BEEFBC6910313DBB
:107FD000B89AC43C469273394A0DFEBDAC925ABD64
:107FE000B84F4CBD7DB773BDF817D13D2D356F3EF1
:107FF000251B78BDE7E907BEA6B1A73D0E1C7EBDD7
:108000000763FA3C2F7792BD5CD6D03DB5E0423E87
:10801000F8F46EBDE140BDBD2C4DE1BD2036553CB0
:10802000283FD43C58A251BDA090F03BD7B1633E4D
:10803000289577BADF87843C6455EEBD13B21ABD2C
:108040003E45553E06C562BE72BD1FBD195F5C3E12
:10805000839AE1BD9E22DF39629033BE18909C3C2A
:108060000ED56EBD1E2D543CFC2C1A3D80AA443EFC
:1080700052F017BDF05BE33A9391D83D21B0323D09
:10808000B523AF3DBD500BBD805E883D330EFC3D3A
:108090004E1069BBF9BCBD3CFE9127BEC05C66BDFD
:1080A0001D9ED8BD8E30E3BC5AE531BD21F8D03DD0
:1080B0002773EC3D5982D6BD471FA73D84FCC4BB46
:1080C000C5362D3E8E51B8BD56F2BE3D34F7A9BB24
:1080D00025DAF1BDA3212E3DEAE1B73BE68CB83DA0
:1080E0002908A7BC7C02C3BD3879923D1C738E3D24
:1080F0000446923DCE4A35BEC3E0A83CB42F6EBDC7
:10810000CE45153EDA0692BDD808E9BDEECB5B3E02
:1081100006762BBD201BEC3DE86017BA234992BDC3
:10812000E0A4003D84869CBDD0EF2A3C1584683EC7
:108130009BBD87BC987414BCBD8EE4BD842DE03C0F
:10814000A6310B3E04B31CBEB0CF183DEE3EF13D50
:1081500040DB6F3DBCE054BD506BB3BDE64EA63D69
:10816000F0BBEB3C883DDD3D403F68BB460EB23D79
:108170009D5CE13D270A27BD2FD384BD6C379D3D13
:10818000271D4C3ECB272BBE4E9DBE3DA152493EE6
:10819000743176BD82BCE13A41018B3D201CA83D83
:1081A000504B233C102B953DB60692BD3B5BC93D21
:1081B0004EB02F3DEF9BAFBD25C2B9BDF2C5CA3D44
:1081C000AB01473ED2124CBEA8723DBD961259BCBF
:1081D0003041B93C48A8C8BA78E583BD0EB8E03D47
:1081E000D52EB5BD0B4FA03DD8C5EE3DC964B83DF9
:1081F00002BAAF3D45F3743D6D5DE23CF9041BBD31
:108200000052473E7BDA95BC9016573D0E6F813D7C
:1082100019A5B0BD1EEAEE3D49503B3D18C5CDBC89
:108220004055A7BD406484BDAA32AA3D324A3A3EB9
:1082300099300D3E3837DFBD58BA7EBDA41D583E7B
:1082400049F0853E9A193FBC68ECB53D1F10153DBD
:1082500018DFD9BC0138EC3C6F1A803D549FC03DFB
:10826000CE30E93DB162ACBC3128D8BD89C3873D71
:10827000688C153EC91E88BD994E5EBDD7602CBD69
:108280004B958F3EAF047ABEA88D0BBD9C044A3E31
:10829000E09012BB22F54D3D5F195A3C34CA39BDFE
:1082A000424FBCBD285413BDC0CE623D37118B3D3B
:1082B00039A9EE3CFB29DFBD4F2300BE8625D1BD89
:1082C0004A45E93DED8F20BEA08EEA3CC6EA553E08
:1082D0005A90943D0962BEBCFB91523D48AC72BCC1
:1082E000F5509FBDB0E41CBEE03E8A3BF2D8833E11
:1082F0007E74023E1870D5BD2A9B393D25F2F03CB4
:10830000A8E37B3E873664BEE02B7B3D6E32903D1A
:108310001C5A663DB82A66BD8698C9BDD3AFE03CFD
:10832000DD37E6BDD21517BE5E433BBDFB81FB3D8D
:10833000ADA1313EAC9160BEA202D5BD333BF1BDD3
:10834000B001733E1702A4BD9692D33D4D48133E33
:10835000D43DC1BDAAB7E6BDB8FA21BD80215EBB40
:10836000825C28BCECEBD7BDBCA425BD5A36433E8D
:10837000F4B73A3DE6D0AFBD62CBBB3D5C25C5BD91
:10838000EAA5C83D61162FBEEEC8B1BDD690183E15
:108390008011DC3C8FD5583C6575DABD3628CBBDE5
:1083A000F0734B3D96F3A0BCC4BA84BD4638F83D8B
:1083B000B3B0403E49DE29BE5DB951BC21C0303D5D
:1083C00023FB653E5ADE32BD26A9D53D8BCCFB3D55
:1083D000F6712E3A519D24BEF4EB9CBCC27ACABD04
:1083E0004068B13D7080813D14DC8BBD3CED813E29
:1083F0008DFE263DAE5826BE8FA0293C70865BBC04
:108400005D258C3DE69559BE94BEDBBC4E9B2E3E51
:10841000E061A73CF7B711BE528FAFBD70CB283CCF
:108420006F808A3DA483763D4442AF3DE455CC3D08
:108430005063D23D2A9A2DBEF6A8A73D6D339BBA54
:108440009CA6803EEBF15BBEA0FB3D3B5A60E13D4C
:1084500020A931BD039FA8BDE46B0FBE6267A0BD1C
:10846000656CBEBD10D0A4BD2A4AB2BCC4D0763E55
:108470005F02403EEA43A3BD246D8B3D0B2D32BD10
:1084800073DBE43D5CB220BEA0618CBD1A68AB3DDD
:1084900030313C3C29B0D5BC57ED1E3D98270DBC72
:1084A0003D66DCBD421C7B3D065D4CBDE9AD343E06
:1084B00018AB503CBE324FBE0909AD3D8DCEAB3D31
:1084C000F92B4F3E036829BE6050823D2C66103E5A
:1084D00084B97C3DBBFDB1BCCB60453CF0B80E3DE2
:1084E000A07C2B3D92E372BCB25C8F3D9279483DFB
:1084F0008A7DDA3BED87D6BDA1AE59BD21E11FBE15
:10850000142E7B3EB7C6FABD30DD2B3C29B80E3E9B
:108510009895F63CB9C2F0BDB40B333CC689AEBDEC
:10852000E430403D3B511EBD26CDA83DAD55773EC4
:10853000DD03EF3D1631C4BDB0F4B2BC143CB73C12
:1085400088AB7C3DF16C4ABDA8B4E03C311E0F3EC7
:108550007876A93DBC0DCCBD67A2AA3BE445A4BD7D
:10856000568589BDCA20F8BB60AB503CCE9C073E07
:108570006D21DD3C03B342BEE52CE6BC5C37D3BDC8
:1085800023FE463E76B746BE7E51D5BD0896393E9F
:108590008A00A4BDFB2E2FBE9DD3B43C6E0847BD00
:1085A0001C19E2BC1F49AABDE0DA813D22C2253E6A
:1085B000FA0C4C3E502F2BBE8C6046BCE559FEBDDC
:1085C0006CB70C3EE28A17BEC3BE73BD79A2043EEF
:1085D000AD73C6BDE3B0BEBDCC1383BD4B86A93D14
:1085E0005ADEB2BDE3AC29BD7C59AC3DB2C64E3EAD
:1085F000B279993D0FA5D2BC4E190ABD22C90DBE54
:1086000003C8853EAD0950BE085007BCB632323DA6
:10861000CBF60FBD34523BBD428084BD052FCABD91
:108620004D6ED2BDFE8CBFBD40ADFD3B41FA8B3ED1
:10863000F9BAAD3C2ED244BDD8BDA5BC249CAEBC7D
:10864000600C003E72B023BEEAC664BD5BB6493E14
:108650007D29DCBCB884983C4612A83C99773D3D06
:1086600060128B3DA34E293D40FE713C1016693EC1
:1086700047385A3D5BF5FFBD74A9163E1F887FBC85
:108680004E42DA3DDCD631BE0709DABDDD29153EA2
:108690004C868DBD724189BD00D405BE889CE03CEE
:1086A0004CD38A3DD4F209BE4047793BE3EF8E3E7E
:1086B000FA76C73D268134BC87A45F3D3CE8C33CC5
:1086C00076AD6B3EF6466CBEC0826EBBF4AD9D3C93
:1086D000C095E73DEFBC25BED00DF3BD6B7385BCE7
:1086E000EC5102BD6DDA863DEABAAA3D5662763E8D
:1086F000BC6E2A3E70344CBE232DA2BD33C6CFBD06
:1087000076D53C3E4A6A5BBEB83FD2BC6D45053E5D
:10871000D070F43C2EF114BE33EF283DEE88CC3DF2
:10872000660D50BD40BD22BDC86B613D3166503EF7
:10873000DADE25BC672F26BE985C323DA8D4183CF3
:108740001AE4973D4ECD59BD088A6CBC931C043E7B
:108750008CAD1C3D0646A63D4AF70D3D0C12D93D99
:10876000B7AD99BD901A553A0867E43DB6DB523E65
:10877000DB53193EDC336BBCC14881BDA8376B3C71
:10878000AA7EA03D2D1B1ABEE75FD7BD9ED4733DC8
:10879000CA540FBDF04EB23D839B243D4076283D28
:1087A000665BDF3DAFF063BD0CCEBCBD38DFA63DE0
:1087B000B3C6EBBB70DE74B93A4DDF3DFAC9A53CD8
:1087C0009A37053EEA21BFBD8806B0BC8F70043ED3
:1087D000C0AEB23D19FDB4BC6169A6BC0485303D94
:1087E000A8F51B3DC109CCBB089EB0BCF4D6B53C76
:1087F0005DF1EBBC785F503E50DC853CA2A1493E68
:108800006A950DBDB2C6363EAD70AABDE54033BD1A
:10881000D4D3D73DE3B2C23D9B798639CCD6F13D66
:1088200050D0BE3D8F2DE53D5E4409BD46EEB23DC4
:108830008C47AF3DBE154D3E5E435BBDF6A0593E35
:1088400055CC363CEE66713E3D71E1BD705032BD97
:10885000809C58BB169E2E3E7E815FB978EC15BD7C
:1088600008B2E73DBE794E3EC2833ABD1604FDBC58
:10887000B91807BC77FBAF3C2B00B5BCF929BC3D50
:10888000B692893DB04A6E3D00B12C3DCA9497BC6A
:108890001CF19EBC10000F3E1FB585BC54FCD6BC1D
:1088A00020CBE7BCD9E2273DF039D3BDE7B2A1BD6B
:1088B0003F11193D5635C23C7EF21B3DF3E4D03DDD
:1088C0001509FEBD85DD113E92F682BDD2C97E3D01
:1088D0005441A5BDC9399C3D3F96C8BCA236EF3D69
:1088E0006DA3CFBD6969443E10C17A3D7CA10CBC2B
:1088F000BD6803BD1D6A9A3D8B1376BD2511263DCB
:10890000ED85863D9AC48E3E749344BD5D4B8F3D8C
:1089100058BED43DA282E63D3913083E54128CBDA8
:108920004BFBCFBD79A45D3EC64F973D963AB1BD96
:10893000D1D7E83DE13D363D5520C03DBBF4843DF7
:10894000134B08BEFF15053E70CD653CF09801BC89
:1089500037B5B13D697C373EF04A403E54D7BFBC85
:108960006FCEF1BD3679AEBA2823B13D95D1453DE4
:10897000F979B53DE1EE1E3E18EAB23DA509563E35
:10898000315A83BDEA1D893E348389BD2A3E62BDCA
:108990008CBE99BDEE6E933DF7B47F3DF03AB03C8E
:1089A0009FF5E53C357B203EC0F125BD791DE0BD3E
:1089B00019DBDF3BE8A6013CC7C98EBD7D87333E8E
:1089C000008D9BBD813C833E20EF753D39BA5F3CF5
:1089D000FB95D9BD2B9C6A3D329964BCD687DB3DA3
:1089E0001213CA3D90302C3E88E89EBDFD4DDD3D02
:1089F000450DC73DB1AC1A3ED0C0CDBAF7952F3E5C
:108A00002026183DB97EEF3DA265903D5781C8BD37
:108A1000D075DF3CB2753A3E51092E3D2ECFA5BD33
:108A200050766F3C71670A3E5885DC3D36BFB03CDE
:108A300037F5AA3CBDE15C3E75ED423DCD1EF63DED
:108A4000101409BEFB37603EE4B902BD2237E9BC11
:108A50006E899DBD4C8C143D3625213EE0D530BD40
:108A6000EC68123DB48BBA3D90714A3D51552BBD17
:108A7000F533653D5665D3BA8BDD013EBB1FEF3D37
:108A80004B5AB93D78D99A3D384BB8BC7DDE94BD80
:108A900058CC813D3BF6033D6970DC3D54D8263D02
:108AA00020571B3B67DF643DEAEE88BD63C7C7BD47
:108AB0009763B93D83043D3EF89C74BD0CCE443EA3
:108AC00007CCA5BD7FBC883EA6213FBDDBC9BABD92
:108AD000A27EE0BD9EC52F3E0732063E7440D83DC3
:108AE000CCE6F4BC1D859B3D800838BCD55EB8BD86
:108AF0005EF130BDECA69F3C6EDDF2BB3F410A3D0E
:108B0000C57FF4BB6F17503EC03EB63C6AE3DFBD85
:108B1000D70778BDB126293EEF6246B92018AC3C94
:108B20004CB3CE3D6F14043E9434BFBD872C9F3DA3
:108B3000E2CE6BBD88B1FF3B5047F03DC5BF113E53
:108B4000D17D523DF702583E44872CBDC846923C29
:108B5000AF5EB03DD9DB4D3D1591403EC213EA3DBD
:108B6000B4BBB53DA0EE9D3760FEA0BB3DC9A73D9F
:108B7000F10D233DD6FC543E1699CB3DFA38413DCC
:108B80003EEDC1BDA32E783EA9677FBDB7010BBEE8
:108B9000D201DB3D6CA1573ED31A843DC03EE93D76
:108BA000F8C728BD32E70B3E0CF6A63DE232743D15
:108BB000932AA53DD74D533E5964E2BAFDC46D3D9D
:108BC000A3840ABE841A723E4CB0783DA3BA0EBE8E
:108BD000EF1B973D4523593ED9389F3D3855C33D3E
:108BE00086E3A93D64FC4B3E6373F1BDD2A6BDBDD7
:108BF0001E4EB83DBA8A063E716B64BD7912093EBD
:108C0000E558CEBDF697B93DAEABE43D874F0ABE01
:108C100068ACC23C42D4223D1DB8533D480ECBBD8A
:108C2000DC4C843D4608AF3DCE308CBDE6A303BE90
:108C3000B4C4C73C2D0E303E4597C83C17E71D3DD8
:108C40000CD3EEBD098F473E2885DCBC26C5B7BDD9
:108C50005093513D3A9A3D3E326B013E6011E13DE9
:108C60006069C3BC11B8D13DF8B63FBCAA6B063DE4
:108C7000D4C5AEBD6453073EC175013E6A937D3DC8
:108C80003BCADCBC6891293E8023DA3C6DB5E8BC68
:108C9000625A36BDA6180E3EA59C9B3D9061F43CE1
:108CA000406B283CDAD1103EB62447BD56E9DABC09
:108CB00001C22EBD85F9873DD95E27BD827F293E41
:108CC0007CBC13BEB7E7323E200EBB3B0DCB69BD6B
:108CD0003018DABD185CCA3D0847123DF10788BD5F
:108CE000EAD83BBC5C121CBD631BD4BDBCEBF5BD1C
:108CF000C3410A3DDA70D4BC584D103EDF364D3EBC
:108D00000C9625BC9C23353E4679D03DE9A553BD44
:108D10005E2DF4BD3E9CEB3D9053A93D4AC0A13D64
:108D2000FC53603D58F3043E0A3E42BD79C44DBC3D
:108D30008BE6DD3D16BF693D6DB3803D728C723DA3
:108D4000642BF4BD1089933E304033BD6E5B5D3CB7
:108D50009CB41EBD5DFC4C3DBFFFF23D8937E0BDBC
:108D6000568DA03D0694583D60AFB03CEB48BE3DEB
:108D7000A6972CBD74F75E3EDF9D80BD2638113E60
:108D8000BC9785BDD4E88D3EF613CA3DA1DF833D77
:108D90007ABBE33D67D9933ED91829BA784B083D91
:108DA0006EADA83D5666B63DE0168E3D1811DD3D10
:108DB00081AB71BBD9CF443E8C14CEBC4F27D33D81
:108DC000D492AF3DA3AE893DA076363B1E74DFBC86
:108DD0001AE4D43D619FF93D3F80843D883336BC21
:108DE00018209A3D4820933D3C68D3BCFB58773E01
:108DF0006B8FA5BDF25FAE3D7A3CBF3D6F47EF3D47
:108E0000016B15BD6F67813DD882113D7FDCE5BCEC
:108E10007EB8B83D2B124B3E2E75143DFCA3C5BD4C
:108E20004C0FC4BC8B8CA23C2692E13D79E46D3E94
:108E3000051ED6BD8231683ECACB653CD24D1F3E71
:108E4000CEC4133CC0975E3E980B6C3DC97E5DBDA1
:108E5000509EC13CAF90883E1E7B0A3EDC62D0BD76
:108E60002AB6ECBD33EAF63DF8888C3D09F6823D22
:108E7000274EBB3D0517093E9419FD3BC02F863E8A
:108E800011F4DD3BF1B9693EDE88EBBD587F893DC9
:108E90003E63A1BDE074763D5DAA18BCE0CC47BB43
:108EA000E0998FBBEE613C3E78B8983D0436333E86
:108EB000FAB6123DF609F33D2E1F8C3C4B9F323E15
:108EC000850C66BC64768A3EAF7B86BDCC8494BC40
:108ED000DC2D80BD16DE7C3E3047413C3055323CB7
:108EE000443A8ABCB4953E3DE2E7AF3DD6CDE73D7E
:108EF00064A4B8BDC1260A3CD92F39BD03AE4E3E8D
:108F00000ECC263E80E4A93DD26206BDECBC95BDE8
:108F1000B82C803D2D86713E98124C3C0E62BABD35
:108F2000EBA570BDB50A533EF371C4BD113E423E80
:108F30008280A83DCBBBB53DA644A3BDF0F7AC3DB8
:108F4000C109143E692D833E3C3A8C3D3B41B9BD7D
:108F5000C444753DFDFD553EE283053E28DB9CBDC6
:108F6000523FF03DBCFA073E90A4F83C18645E3DC9
:108F700045373ABD3D71223EB2356B3D9338633E75
:108F80003CE9203EF2FE693EA813C5BD4ECABBBDFA
:108F9000702B8ABB345A953EF2A395BC0EB48B3D20
:108FA00072826BBDCA95793EF0D5633DE224543E92
:108FB000E777D2B97EB99ABC07BDE4BD9DFA8C3D76
:108FC0005104063E7E6C503E2C5D4C3D6CC57D3D93
:108FD000D0269D3C7CB69E3E8D3B653DE03A8EBDE5
:108FE00010A6133C5C2D313EE20642BDD6C1713E57
:108FF0002B8BCABD6D0E9F3DB121ECBD1AB84E3E04
:1090000053B60A3E4D58D13DC0C96B3BE3BCA5BB2E
:109010001DCB7CBD6C399D3E853FDE3D7ACBF03D5E
:109020004453583D7B206E3E70B19F3D97AD213D2E
:1090300097A8A13D83920C3EB93FAEBD92738A3E84
:109040000208E23B42D19A3DA0A43E3BCD0EA53C96
:1090500088D51D3DF25EA93D2947F4BC40E4643D3E
:10906000C1DBBABDF822323E129F833DC55A983DFE
:10907000962E83BCEA54DF3D60AD493DD4C2873EA5
:109080004B4B09BDB4D4893D001410BAE1396F3D92
:109090007206E23D7975263EA7A11E3DC8B4DF3CAD
:1090A000F00A463C24A2293EA079C13CB08E4A3D3C
:1090B0001DC62FBDC0EC013E5018323CF94F8A3E10
:1090C0009D82BB3BC822C73D2848023D85C28ABD60
:1090D0000BAFE93DC2F0903DF3F1063EBA56D73DE5
:1090E0003E8C05BDFEDFAC3D18EA97BDAA4E823E20
:1090F000F39CBBBD1F80F13C957F843D89E7923E88
:109100002DC43E3E18D3163E88EEF03D35B889BDDD
:109110001AA1B23DB4FB313E1030093ED246C73DE4
:109120000E99A83DC7AB363EB2042ABD9AAE923E18
:109130005BD56B3D0D3C613EE3E64BBC19D3423E33
:1091400098C5643C5E7F7D3E3CC4BA3DCB8CBA3D45
:1091500019245FBC1AC18A3E0311113ED88A04BD8E
:109160007A94953DBD85ED3D5258E7BDDE92093EAE
:1091700080A0F2BCEAB4293EE879E0BDCD838B3E05
:10918000A2EA463E4E13B53DB277D43D746DD03C55
:1091900086A9B0BD91A8283EDCC1A03C38A4C43C3F
:1091A000CEECBF3D44B6B33D9855A5BD911B3F3EA7
:1091B000D7BFD13DD998743D382809BC057C2F3ED6
:1091C00094202F3E429C663E6050C43B1612B7BDB1
:1091D000622916BDEF21453EC8BC883D4AD14BBD32
:1091E0000053C2BC25E6283E6CAC573DAD64223D21
:1091F0000005803C03398F3DEE84C8BD0701323E37
:10920000E1904F3DBBA39B3EBC469FBD356168BD11
:1092100000E3E5BCAF5D613E1838E43CFC6F4F3DB8
:109220008ECEDEBDF95C4B3E8B536DBD1952173EA1
:109230006B19773D125D8D3DA6A4D0BD3CF9803EF3
:1092400095E3143E7045703EFC61EC3D81DEC4BD8B
:1092500050F7703DF38D8A3EF19A683DBAABDA3D26
:10926000DA6CED3CD3FFF23DC82F4C3D36B3FE3CEB
:109270002C3883BD53FF173E2DD6DBBD4B95433EA7
:10928000F7958A3D64DF433E8AFAEABDF7C19A3D0D
:109290003830A23C34E9713ED16E3FBC68CBA4BDEE
:1092A0007CA5C23D49A7793DFB4F9DBD74536B3EE4
:1092B000254A053C53F4603ED2E4983C6829973D2A
:1092C0002E4F0B3E4799083E86689B3D18901D3DEA
:1092D000E0BAD8BD76CE503ED31C07BDA6AABE3D8F
:1092E00038A3BA3CB388803DD059D83C5490163E40
:1092F000E319A93C66E709BEBD6BBABDB5CF923B89
:10930000A75EA63D74072EBEA1A39ABDE7A86E3D39
:1093100095BDA9BD770D8C3D4EE612BD48211C3D83
:10932000CF68BEBDFF351F3B6AA3AB3DB9D9503DE9
:109330003D54AF3D13083E3A39F8573D7C94093E01
:10934000B79E6A3EE73675BDBEF0D13D6844E03B4E
:10935000D7ACE03BE9A395BD92F837BC2E371DBDD5
:1093600010BAD6BDE38C973D28CDF93CCFAFAB3DCD
:109370007B492ABD25503ABED4EF09BE4E448BBC72
:10938000062BC83D6C1073BE66AB63BD4B02183E26
:109390000EAA8B3DCFC8B8BC9A0B26BDCF73F8BDC3
:1093A00020E05D3B8A3F6EBDAC82B93DD4071D3ED7
:1093B000C345BCBC06A501BE0C69DBBDF681ACBDD6
:1093C000249C7F3E24E93DBED0C289BD939F943D3D
:1093D000E88ED0BD6B15A53CD6CB0C3CF0DE793CBD
:1093E0007B16183D808629BDF99B9BBDE2FA8E3E17
:1093F000836717BD0CBECE3B5B2092BC89851A3DAE
:10940000A37F9D3D1AC468BD8A999DBDD2EE3A3EA8
:10941000C0CEA53A04B3413DAE67B73B292FC3BDCB
:109420001EAA90BD4C70073CE011E03CC3DE5B3EE1
:109430008071B53C3FC1BD3C1CB5C73DE73265BD41
:1094400064BE633EC4379C3B70F77F3C9EA3143ED2
:109450004E980F3CB42FBE3C65DBA33BCCADE13D49
:1094600016F8B03D0DAA9E3D2EAE40BD7A96393E0F
:10947000AAA6193E29FB11BEDC83B23C935DC33C16
:10948000DCDB673E47E8EEBD5C4936BD08E50D3ED6
:10949000942D403DA1B996BD549A1BBE428DAD3D61
:1094A0009757873D0894DABD8BADBFBC37465B3E0E
:1094B0007E3DEE3D908DC7BDC8ECA93C4946C13DFF
:1094C0006D353F3E94F61CBE14915CBD5D0E883D2B
:1094D0006A662FBDA480EF3DCC723FBDA0C6A0BB85
:1094E000F03FF2BB26E1B8BDECF5B7BD03D5003EB9
:1094F0007831193EC7E122BEA07964BDA489E03C61
:109500005B7EAA3D7B4237BE88C3283D1CA77A3DBF
:10951000AEB7B23D0274243E80F4AD3D568EAF3DF1
:109520000049803A43EEBF3D48B5C7BCA305833E22
:10953000DF7E13BDD5679A3A0514FCBD26451A3E59
:1095400029B4C63D28503C3C4EE8A7BD34414E3DB1
:10955000EBCBAFBDD08499BBE6E7A1BDF2AEC23D77
:10956000EC619B3D8D1EFC3D444BA03DB633513D0F
:109570004D54B1BC1104883DF063A1BD7A76BDBDE8
:10958000153D5E3D06BE45BEAC4B603D280BBB3D68
:10959000648CAFBC596A5C3D2E3E633D906CB33C1D
:1095A000023B9BBD39522FBDE8ADDE3C2BFEB33DE7
:1095B000585D12BDED0610BE52A507BE25EC9CBC41
:1095C00049E8693D515A1CBEB072633D84BEBF3D3F
:1095D00006B8BA3D14ED40BBA0F47FBDE0DB93BB01
:1095E000E03D093C6A4C64BDAEA035BD9B3C883E65
:1095F000758A9F3D03BE96BDD7FC86BC200DC53D38
:10960000872DA73CB8F640BE10B812BD7203CF3C00
:10961000403744BD3246ACBDDB3CF5BD9CA3D0BC5D
:109620002EBCC33DD4068A3D03C9F0BD4445253E4A
:10963000CAC1893D55D2AFBD0F0B0FBECB33CD3D57
:10964000C779853E803A70BE8C0E863D85C11A3D35
:10965000C94BC53D5AB9CCBDDC89163D4003843C9D
:10966000B011193C2347C1BB60B5993CFC3D593E44
:109670009C72433DB870DEBBBC3D513DA14403BD6F
:10968000ED2F473E74E777BED21BEC3DE4383C3EFD
:109690002C0AD4BD00D8CCBDD71770BDC4F2C9BD4B
:1096A0003C63173D556214BB0066773A27EE6E3E69
:1096B0001878993DCA7527BEFEC4933D1D704C3D78
:1096C000F57AC13D92C389BD261824BD6441013D90
:1096D000F4F08B3D04D88B3C1406183D6BD895BD37
:1096E0002B1DB73DB7A3663C242ADB3D0A41613EF2
:1096F0009E7B0FBC6163C8BCAD1456BDFFD633BBA7
:109700003397743E0E9437BDB460A63DFEEB263E03
:1097100042E523BD1D84E03DD68A603D10556FBCF7
:109720002A3CC63D7F1C02BDD807BA3DE67E893E75
:10973000568CA2BD345E1FBEFAC2ADBC761AAB3DDC
:1097400005DF933DF67E91B95A98B23D6E8F86BB88
:10975000ACE6A5BD2881D93DE5CEA23CDAC82CBD3A
:10976000C35BC5BD9CFB99BDC07794BDA424743D6B
:1097700043A9073ED0D3FDBCBDE7453DC1F58A3DB9
:10978000B0A3773EBF8C293D2DE9B1BD0412043D45
:10979000BA1E8FBD3493F63CB9E60E3D084CA63D8B
:1097A000BE29A1BD0EB9B13D7913F3BDDAAA393E88
:1097B000793FDD3DB68D15BE0DE97E3DC714583DA0
:1097C0007E36183D5691C5BD0CA1743D19DBB53CE4
:1097D0009B0CA9BD19AE043E17388F3D0E03D9BDB1
:1097E000B66049BD9F10933DAA4FE33D1AA36D3E5D
:1097F0000825943DA2CF0EBE21DF213CF29E4A3EB9
:10980000A2DA333ED02E69BE4017983D0F9F5A3ED4
:10981000849D243D6848023E0475173C61CB9DBD84
:10982000587B053D91219EBDEE40F43D237A173EC5
:109830004DA429BDA6352CBDFF3932BDCD9F1B3EA1
:1098400018D5513EC8A12BBE6A72C1BD48581C3EF6
:10985000AE0805BD2D8D4D3C702113BE384F8CBD1B
:10986000308D2A3C512EE1BD869749BD6F62303D57
:10987000544DC4BD184FB03D97625BBD6EF41CBD26
:10988000889B8F3D96B11CBCDED8843D1F1DBBBD9F
:10989000A21BA83D53D2B1BD104641BD003C123CB5
:1098A000BA01E83D5652D2BDF0516CBCB823F13C30
:1098B000C5E4A63D2FDC87BD8DDDF8BD209378BDC6
:1098C00048AD933D658765BD86A3AA3D936CB8BC42
:1098D0002A7669BDD877C8BC469225BD941AD83D72
:1098E00020A3D33D6E1FFEBD08CA84BD102318BD42
:1098F0002A735E3DCAE3B5BB73FC02BD284C7DBD37
:109900008FF6203CC0F9783C60D3033CB16D48BD74
:1099100004CA103D8AD2C3BB193DF6BDB4C9743D1B
:109920009CB3FEBCFCD94DBDEC7CB7BD5C98013D41
:10993000AEA19ABD1CA62D3DFF9379BD5F5B23BDF3
:1099400096802FBD5650AB3DB67C69BD88BD71BDBC
:1099500084887A3D603BDFBDE6E9993DC8A1803D42
:1099600010CF963BA5F1A8BCC4F2B13DABE6B43D27
:1099700042C1BCBCF8D7F6BDE0FFA6BD26298FBC0E
:109980005BDE68BD1FFDE8BD48B74F3DE76D633D39
:109990000253C93DB64E84BC5BEEF4BD90F3A33DCB
:1099A000A0F2B83C91F48A3D8276D93DDDBBFBBD87
:1099B000AB65ABBD1F587D3DDA4B113D5AEEB33D53
:1099C0000D40043DF2ACC7BD3007D33CD39F2CBC47
:1099D000126BD2BD8890BD3DD6DD84BDDEA33FBDF8
:1099E0000007A63B3E82B43D762867BDF0401E3D91
:1099F0008F4E843CA33AD33D04B126BD08DB6E3DB7
:109A0000D349ACBDC05EF9BBC0061DBDB042733CBE
:109A100098861B3D3E60DB3D389EA5BC0808023D94
:109A20000643A2BD4C42B73DCA6F26BDB419B3BDB3
:109A30009A1553BD62B699BD7B5DB73D45BEA7BDC6
:109A4000C2C65ABDF51ABD3DF66D823DCD4EA6BAD1
:109A50008853C53DAB71DDBDE2F767BDD47D0DBD5B
:109A6000CC96E33DA436983DE170E8BDF77A59BD48
:109A7000FB35F6BD4DEEB13DB66F9BBDF3326F3D8C
:109A8000285682BD5AE59FBCD83544BCD9E1BB3CC1
:109A9000D8B7B5BD5FD7DE3DC04ECCBD5C0BACBD0D
:109AA0006025B13C2FCEB13D2C48673DAEE404BDEE
:109AB0000DE1ADBD03D1C9BCA3F9AF3D842EBCBD42
:109AC0001B5AF2BD06A22ABD5F8ACFBDB95D0D3D0E
:109AD0003EFDDB3DBB8289BD400FA1BD60C8F3BC2C
:109AE00084583CBD95DB1D3DA22321BDEBE4A7BD01
:109AF000A6C95B3CE713543D6BD103BE417F42BC1A
:109B00002F7E853D9F11C9BD8A7A993DF41F3EBCC9
:109B100074B5E7BCBEB3343CE3FE9E3D898A6EBD9E
:109B20003EFB943D3022DCBDE2BF8EBD371BA03D25
:109B30007407B2BDB169173D04F928BD1A974DBD30
:109B40001A2A5FBDBC83E3BD0891A33DA4857EBCFA
:109B500040ABDB3B05D3A63DC0CFC6BD44CCFBBC70
:109B60002E8AD83D732C87BD50B3CF3D72BB73BDD9
:109B700064D572BCD83E633D20C134BD4232FFBDC6
:109B8000C485D83DF15311BDDC86133D8BE4303DD7
:109B90002688E2BD254CDB3C1AB1A8BDF00F353D4F
:109BA00060E15F3D1D13E0BD8528EABDEFF3A33DF5
:109BB0008579A93D989970BDCDF841BC646293BD8B
:109BC0001DDB62BD7F6ECEBD5F8D71BD793F50BD27
:109BD00048A68EBC165A733D5958F93B86FDF13D97
:109BE000E06300BBB11A813D0016373D212BA03D3B
:109BF000E1E980BD0CED7DBDCC92D33CAEC8F3BC99
:109C00000F8B523C31C2ADBDD09E3FBCA9427FBD3F
:109C10002ED3DABD4C364F3C8B29A2BDA6CFE4BD76
:109C20008E7DCD3DB4DE74BD6433C43D69548A3D40
:109C30005084C33D528C6EBB337270BB413CEFBB52
:109C40004F5DBD3D0586D3BD7438D4BDB7AFA13DD2
:109C500050E450BD0D95BABD27A7693B6E74843D95
:109C600054FCD3BD591FCE3D0C0B23BDC37D25BD78
:109C7000B773353D3F6CA7BDB4788B3D5F98463DCB
:109C8000266BE5BD08BE663D22F31BBD79F9953D07
:109C90005005A23D4D11103DB34FDCBCFCD9983DA1
:109CA0005DA189BD4E09853DE12690BDB8B38DBD4E
:109CB000D5F842BDBD57F03CA88C8A3B5C6DDD3DBC
:109CC000F155803DBACE973DE859593D0B6B383D73
:109CD00060E1223BBBFFE1BB3FFBA23D80A88A3C89
:109CE000B4F57DBDB60099BDDABDA93D5AA2E4BD6B
:109CF00047AB5ABDBDF000BEF386813D210CD8BDF7
:109D00004BB1FDBCEC879ABDE0B9C9BCDA7573BD37
:109D10002051763D5730D3BD05CFF7BD98C9C63C1D
:109D2000C4BEBABD981A843D4C88CFBCF1A9C53DCC
:109D300050A0E1BC4C16A6BDD081E4BD22B603BE46
:109D400088BBFCBD75CA58BD3861FF3C4A7FCB3D1E
:109D5000E43587BD940F4FBD03E4733CEC00693DCF
:109D60000B60ACBDCAF7333D34091ABDA467D53CBE
:109D70003B3FBE3C74E25BBD9C8BA3BB22D1E0BCED
:109D8000A482363DD8EF0C3D5DD282BD8C41CBBD67
:109D900004C3CB3DDE2DD43DBF2D42BD826A8BBDB9
:109DA0003832863CD271A4BDA23345BD979DA5BD76
:109DB000C81CF9BC4F00C33D38C05ABDD72405BEEE
:109DC000C57FAABDDE17463D0C58063D99EB19BD6F
:109DD00016EEB93DCEBE8C3DD263D4BD52D3BC3D50
:109DE000D26162BDAC3E03BC577679BDB0C886BEB9
:109DF000191CFD3D68D6ADBC94BB8C3DBA634BBD10
:109E0000CEB7753DC74FA5BDA2F985BDF9F16BBCB5
:109E10005CB4783D63FF45BE8FEC233D08A0BA3C9F
:109E2000A04F903D09BA68BDF883A73DD69A02BEFF
:109E3000AC00C43DA3F0B8BD6890263E93754CBEFF
:109E4000D7C738BDD1AE0BBE39AD8ABD6FE9FA3B7D
:109E50001714D03D830888BE49A4693D7456973DC8
:109E60000A7546BD4C3844BD6646AD3D1FEE5DBE2D
:109E7000CCC2263EA67ADEBD95F5163E9AA762BDF7
:109E8000C433ABBD495F8DBEA41BCDBCAC92923D2B
:109E9000C193E4BDAD7041BEB86F0FBDDCC6C93D16
:109EA000D052343D3F56A4BD3880E93CAF1E9ABD28
:109EB00071F02D3E6F7BD13DBE99393E429B0CBE69
:109EC000217290BD5E2A0DBEAA1EC0BDA6FA24BC9A
:109ED000C087543C22D14ABE1CB3A53C18006C3D3F
:109EE000189681BC532F22BEF0B36E3CB3739FBD56
:109EF00021D6C63D6BE8D63DA17F2F3E4F2CD3BD6A
:109F00003E82543D876B23BE80A0423B3078A53D06
:109F100032AFD73DAE2335BEEA40113E50FB823D05
:109F2000C8752DBDEC622CBE925CD3BD3EF538BE2B
:109F30003E42AA3D9484A9BDAC8C403DDE1F3DBE8F
:109F400061F1E5BAC261C6BD949F2D3D6233ED3C1F
:109F5000F126BBBDB828D5BD3073DC3D9A7BD0BDA2
:109F6000404BB73B4ADB8A3A183011BDDC39EBBDB8
:109F70005483B53DABB6133CA495843DDEC950BEB9
:109F800069D740BECFD2E5BD6443493D0D11113EB6
:109F9000BA2A853DB34253BE7B4310BD882D6F3D29
:109FA000ECAFA5BD282902BEB56ABDBD5BC92CBEFC
:109FB000FDD1183EE13B333B3BB3063E925834BEE5
:109FC000C5ED26BEB91F4ABE90A9863BDA6C3F3C60
:109FD000A88368BC632556BE45D98EBD0B85D2BD0E
:109FE0001EB162BDFED560BD1CA26EBDFDDAF4BD22
:109FF0001311A9BCD4FB353DFD21F63D9FF7E6BC0E
:10A00000392E92BD7CB153BE44D91A3D38002F3E43
:10A010000C6307BDA3B8CBBD21F1E63C32BEA53D24
:10A020002CCAD73D769B02BA80D4403A418238BED2
:10A0300099B71A3E3443333CD138723DDEB957BE2E
:10A04000294448BDE3FEDABDF43ED73D498376BDE1
:10A05000565220BD22B60FBEEE4E80BD12438F3D3C
:10A060001E32AA3DD6E12CBE38C86CBCF6D575BEF2
:10A0700001502B3E5302A83D5BB2BFBC4C036BBDED
:10A08000C46B07BEA14C0ABEF4A3613D8BBA213D4F
:10A09000D89F533D99287BBE77EB63BC84155FBD89
:10A0A0005E8A75BDF945F7BC7013423D348123BE0D
:10A0B000AAAC0D3E1C9A82BD0035643EF403A0BDDF
:10A0C0004F25763D262151BE90A5F2BC1505EC3DED
:10A0D000780EDF3C8B42C5BD2C4C833D36FB8C3D5E
:10A0E0001627C33DBA9B83BD7095583D33B7C9BD94
:10A0F000EDF5143EFF2134BC2451D53C76A9F0BDCA
:10A100001A8E313D2DA5D4BC785195BD6F9A41BBB7
:10A1100000ECDFB85FFF57BDEBC13FBD07DFB9BD46
:10A120000058F73B0C2F34BDBCA3263D261528BE96
:10A13000361AAA3DD0FB23BC990DBA3C308373BEBE
:10A14000B0E607BEC11ECEBDE053C1BB2974313E8F
:10A15000F4395A3D142E14BEF36BDA3DD8770BBC9C
:10A16000A2CCD43D96A948BE4099D1BDBBCA40BE41
:10A170003E17D93D827A173CFE20EB3C760867BE3D
:10A180003F8A3EBC5ADFDABDFA11C13D4C86183D0C
:10A19000F429B0BCD7B8EDBD31CE8D3D32588A3DE3
:10A1A0009035703D24CE2E3CC0C4FC3CD86E0DBE14
:10A1B0007387483ED34ADABD1B71E13D2F255EBD52
:10A1C0002748A8BDBCF8DEBD057081BD6F6F803D1E
:10A1D00008112A3D3C77E2BD94B613BD0704EFBDDC
:10A1E0001CD63EBD89E2A4BDCE790BBD3F9E05BE07
:10A1F000031E1C3E647294BDD766BB3D525A54BECA
:10A20000C6C51A3D07B5DFBD6C07EC3DD2EE65BD96
:10A210009E1C4CBDB40B23BE0D9D263E24B1F53DC6
:10A2200004AD7FBD081943BE6CE1EA3D4C847FBE9E
:10A230004FE0003EA44DA93D412E6D3D21CF60BEB3
:10A24000F08009BD97CF8DBEFEA802BDCC69A83DA8
:10A25000B086243C8BFC86BEE48E96BD4AF7A0BD3A
:10A260007252983DE8EE56BC56AD44BD06258ABEF6
:10A2700090C0363E7151EBBDECFC553EB5F87FBE4B
:10A28000ACBE0BBE721A82BD0A8E8E3D7F5636BBA7
:10A2900008DA603D28438ABE802EC13D72D065BD7C
:10A2A00067849EBD61B03DBE6868983DB352FEBDF7
:10A2B0004A73AC3D7BC3023D22544E3ED9D874BE96
:10A2C000FAE291BDD123EEBDC0E05C3C3F22E3BA8F
:10A2D00032D028BD45BAB3BD065FAD3D3C1ADA3D6C
:10A2E000289A8CBD209DD8BC15D7523D0F2B45BE5A
:10A2F00003920D3EBC73773DB264943D912136BE0E
:10A300003659293DD8D704BE1ED73DBDD884643DFB
:10A31000BC77EABC622C90BE080C263E0E0C8D3D2C
:10A3200080E8183C15D226BE82E93EBD155922BEF2
:10A330005F3C273EA64C65BD1B45113ECA0E8ABE3A
:10A34000E5AEE2BC33F2C9BD4C912E3DDC0B593D6C
:10A35000A85DA93D9DE750BEDB9CD53D4401013D74
:10A36000285117BD468D503DBA49E1BD9B960E3E22
:10A370007AF09FBDC2A811BCA9CFC0BDDD5D073D6D
:10A38000AA7FE63D08F0DCBDAA6ADDBD663B163E4D
:10A39000BA6CB63D2E47173E31813DBDA34790BDF7
:10A3A0002AAFE7BD319F033E4297ADBD25D38D3E19
:10A3B000EE6ECD3D52C71C3C9ECEFC3C58DCAABB89
:10A3C00061500F3E81D0EABD5404F03DDA34AE3D19
:10A3D000C0675BBC16A8FC3D81DE8E3C2AAFF03D19
:10A3E000A828E5BD159CCB3D24FAEBBCAFEB8A3E1B
:10A3F0000FBCBF3DDBE38BBDC864A3BD0A9BFC3D26
:10A400002741013E255258BE5A48C83D0918C53D4E
:10A4100035337BBDCEAA853CDF5ECFBD54FAEBBDA4
:10A42000C4A8A13D5036523C451EE4BD3373893E5D
:10A43000B0512CBD2C550FBEA93A9EBBFCE6063E82
:10A44000A000853E8CB34CBE7398F2BDB97FF53D3C
:10A4500044EB513DF0068DBC526DBDBC4AF911BDB7
:10A460005171C2BC8E0AB83C003A69B94B5F573E85
:10A47000B4FC893DD088F1BD9277833DEB061BBDCE
:10A48000356F813DC37D8EBDE09B95BBFB50943DF8
:10A4900040B1483C018D79BDB0B75CBD9038A33D5B
:10A4A0004C53C13D95FCC6BC680D92BD95B7943E1A
:10A4B00009DC05BD3E229FBCC3068F3DC4C4193EC6
:10A4C0001929823D76CC62BDC08D1C3D0BE8D93D7B
:10A4D000521A7A3D9641E53DDDD8143CD0E212BCDB
:10A4E0006EC98A3D57055A3D7206E83D4118D83D70
:10A4F000C3350E3EB1536BBDEBA7D83CC56D59BDFE
:10A5000025D77D3E32B25D3C80CE7EBB38CBD03D80
:10A51000C241C5BD391212BD0F1643BD188E06BC0F
:10A520007A43C4BD4AEFEB3D6629FA3D7E3D383E95
:10A5300005072BBD8906C33CC110AC3D5CDA503E1B
:10A54000477F853D258B18BE549CB9BDEFE8A43DDF
:10A550007CEAB03DAE24DC3D6D1791BDFC7A62BD56
:10A5600022FEA53D10CE073E1EF2083C8F99653EA7
:10A57000B9B3233D02834CBEFC15073DECA57E3DDF
:10A580004077FA3DE210F2BDA2C12CBD23EF073E99
:10A590002089DFBDEBAAE73DBDCB7D3D3CA11E3D43
:10A5A0002A2700BD742BBF3D5A6C11BD57B49E3D88
:10A5B0000354873CBE9410BEAFF264BD0DA50E3DA2
:10A5C000E6516E3D609C05BE90EBC53DDC5B953D64
:10A5D0007431D4BD97678BBBB7EAE7BD586FDA3CDF
:10A5E00052479F3D50847FBD7A6A0ABDEB62693E47
:10A5F00053DD9DBBD9F28ABD890F09BEE485E43DD8
:10A60000B571E63C82195ABE90CB4B3C5A5A673E14
:10A610001A089BBDCC5EE73DF97B00BEE083703B32
:10A6200022EEBC3D7E7AE63DBAD4CD3D5A57553E2A
:10A6300051CEC23D742408BE1C5F1ABE214F8A3C15
:10A640006A595B3EBEAA26BECAEAF0BD7A66E33D01
:10A65000B66C27BD563A24BDD181F0BC302FCD3D1C
:10A660001C925D3D6E58ADBCB4CC03BDFA35BC3D0B
:10A670003E9B0E3D7E8B78BDB74913BEEC5BB73C6D
:10A680004E8DE23D91E958BD4CEB15BD270C43BC06
:10A690004057E63AFD0BF5BDB116C1BC1088133C1E
:10A6A000FCC222BD4198FA3B2255ED3DAFE9263E62
:10A6B000B3A5E03D2FCFEDBD2324CABD5DFCD63D43
:10A6C000BA68223E8377FBBBF2C1E8BDA609183DFC
:10A6D000B77DE33CE2076F3D856AE7BDAA7EB4BD66
:10A6E000D0ED543C8D99ABBD904ABB3C682D4F3E9C
:10A6F000EEF4D33DDA2013BD4ACAB53D3827A53C58
:10A70000C6748A3E19FEEDBDA07DC63BB04C033E2B
:10A7100007B990BCD97556BD015A5DBD60D91A3BC9
:10A72000584FB13C5E396BBD7E0783BD7929D63D5C
:10A73000181D083E331203BE8BB8703CD30F2E3D5C
:10A740006BBFCD3D95CFD4BD8889AA3C8ABDE93D7C
:10A75000E833F4BD9DA5EB3D3BA8773BA63787BD0D
:10A7600009CFB53D13C28F3BA01DA73B28CC293E86
:10A770002373153E47BDCEBD15709CBDFC3DC73C47
:10A7800056F9703EEBEBBDBB8CF66BBD2EC6CC3DD7
:10A790002840FCBC25A6CB3D3E27CBBDACD537BD64
:10A7A000C8ED88BCA1D07DBD3A4923BDDB9D263EC6
:10A7B000030FF2BC5E6C93BA7B7105BED02510BD51
:10A7C000499C2F3E2F2097BDB04C543D3DCC203EA0
:10A7D000346196BDBCC8F63DF837283DBEAFC03DDC
:10A7E000288A853D55967C3D286CAE3D396B943E5C
:10A7F0008AA498BD96591FBECDC458BDC7F1CC3DA3
:10A800001FA57B3E6C5413BE387CEF3C49F5033EDC
:10A81000807B29BC5038CBBC5303893C9CCA0C3D7F
:10A820007A04F3BDD50307BDD02F5EBC4012833E32
:10A8300088F31D3E928B28BD0C1510BEB9AFEA3DC2
:10A84000C639D23D4FB226BE203C57BD1D88453E7D
:10A85000ACC7BB3D3670E93D2FC421BE108500BC9E
:10A860006DDD41BDB44EE23D8817B4BD287F103E7A
:10A87000577DDD3A727EB4BB971BACBD1285FA3DA5
:10A88000EB9D6F3E9C4E0ABE286F27BC422F31BC09
:10A89000F03C0C3C19D1223BFAC141BA0E7FCE3DAF
:10A8A0009A63A33D878777BC4EDF80BD434CC53D8F
:10A8B00038E93ABC67E60CBE047F14BEF4FB833D66
:10A8C0003FC2B63DB4CCBBBCBA5429BDA3892A3E15
:10A8D0006CDBE53D44BA8FBC4F9D18BE00A2C33C63
:10A8E000C499B0BDBDD82ABE340D753DE11779BEFF
:10A8F0006DBBCDBCEDA096BD1364A83D2E09D1BDA6
:10A90000DD97C3BB0C331D3E7014A5BC0F2451BD95
:10A910004019613C29563A3D537F273E941CC93D5E
:10A92000E4CAE7BC48C695BB9E92993D71C033BE50
:10A93000144C473E5D37193D9FE2BF3D1602483C2F
:10A94000CF2AA8BDDC2A6D3D6C7EC63D2B3D813DE6
:10A95000D83006BD49F600BC83300E3B7086C43C3F
:10A96000463EEEBDF98513BEC6F141BD303D7DBE0C
:10A97000FB25EDBB956F88BC2D04903D78D800BEBB
:10A98000926927BE9ADA09BCF0928FBB830313BD8C
:10A99000FC1AD6BD156935BDF933C6BCF1F0F93BDB
:10A9A000202BB4BBF9BCC53D446D4A3DA6A546BEAF
:10A9B0004790F33C043F8D3C9325F23DAC73CA3C79
:10A9C000963129BDBD9243BD0A60C1BD8DB0153E13
:10A9D00020B99B3CA05130BE6C6A50BC2F08EFBD23
:10A9E000E495B53D6E6677BD2D2AC1BD28558FBD56
:10A9F0006346353EB54E163E446E043E9EAE443D23
:10AA0000C0C6CDBD8D5FFD3DA3C9AABD9C59EE3D1D
:10AA1000F074D83D241116BE4107103C14EAB3BDB2
:10AA2000E6D7A03D14D7B63D2023523C7527D6BDAE
:10AA300073E8383E57DB993CCA461D3EFF3208BEDC
:10AA4000B27136BED763523D6045F13B0D03BD3D4B
:10AA50009B15EEBD534D03BD4127183EFC6F943D41
:10AA600080F296BDFE3CDABDFC54733D182971BEE0
:10AA7000FDB3DD3D8E25233D032A853A3738D73C8B
:10AA8000B4D13ABE951A663DB0AA3CBC40919A3901
:10AA90006C7217BDA58332BEF476D7BC725AAEBDB8
:10AAA000E0BFD93B238CBCBC2228853B34C672BE98
:10AAB000AF49043EA5A238BD7DAD353D780A1FBE25
:10AAC00074B629BE34E51F3DA40F94BD1DFF293D7A
:10AAD00011272A3DCC0284BD1B4CEB3D5C3492BD5A
:10AAE000E92190BD7DD584BD4D0AA43D7A924DBD2E
:10AAF000A64C55BAB69EBB3C86E4463EDD0727BE53
:10AB0000D4999DBD566BB0BD40125D3D57B2A0BCFF
:10AB1000FEF9873D4E5BB9BC720C0E3E14555F3D8D
:10AB20003019CD3C3D185D3D1CCE4B3D4B8937BDAA
:10AB3000FE8EA23D590D4A3AA23C533E975AF3BDB0
:10AB4000DD5077BDCB1372BDAE67C03D790E02BD3F
:10AB5000403A513CE291B7BD49E31A3D709838BD87
:10AB60009619D13D5795373A0E5ED23DBF3459BD47
:10AB70007162463DF3B2D23D337ADB3DDD700FBEEC
:10AB8000D816EDBDEA3CFE3D6809C03C4F13D73BEB
:10AB90009623AB3D14E5CFBD3B4DA13D1420823D36
:10ABA00010C53D3CB267B13D34357A3DC843B7BDB1
:10ABB00049054B3C924F263D8614493EC75BB4BDC8
:10ABC00009EF1BBEC7DBD43D1EACE3BDBD8E36BD59
:10ABD000906AB83C10B66ABC618B013E325FEA3DB8
:10ABE000E87FDF3D7753013D98C5583D0CF7EDBD3B
:10ABF0000E04D73D1BBF8D3DB7F3CF3D84703C3B6A
:10AC00001D19D0BD6C3DA1BC20AC6F3BEB5993BC72
:10AC1000DACAC53DF4B687BDA378353EB697883D00
:10AC2000624ECFBD9AB8C3BDEC07693DF192D4BD69
:10AC3000B3C3203E1734403E13D8593E7E418BBDEE
:10AC40000F3F84BD7DB7A53C409AE63D3CC08FBD1B
:10AC5000D98882BD38C5143DC4CD983D6D640D3D85
:10AC600018DA993D93BAB7BD27519EBD9DA060BE2D
:10AC70005F88033D19A3613DFA2E403DD2287A3DFD
:10AC8000285AD0BD662AFBBC2A284DBD3DB12C3DBB
:10AC9000B504B1BDB97F4BBD5CD5E23C544B07BD9B
:10ACA000DA78BE3D25C30F3D08B660BC3DDFBFBDB1
:10ACB000FE3F9B3D9FE51A3E79CF3C3EE8070DBE27
:10ACC000B85E0EBE6C5FDA3DD03FF7BC35EDF03DAF
:10ACD00078EFCB3CCE8FB0BD3B0F1A3D6D06D2BD99
:10ACE000987AD03D81C8323DCC9C9A3D9A025EBE96
:10ACF000FBBF163E87053E3D99CE373E09FB01BEA0
:10AD0000147A3FBD48B2CB3CB4AE233D7ECE9F3CCF
:10AD1000087D1EBD437800BEFA87353E606C043D59
:10AD20002010E7BB0DCAFCBD4AD4CB3D659005BEE3
:10AD3000BD90ED3D18BB223E7CE1363D7BEB053DF1
:10AD4000B1DEEBBD38A64ABD68348DBDB00009BD8B
:10AD500068F81CBC19C0113C293406BD5052FBBC1C
:10AD6000CC18B63D086EDABC6C18AA3D33C96FBE6C
:10AD700022BA453D4CC59A3C635F873D099806BEA3
:10AD80006C23B7BDECEFFEBCF839C83D5E98003EC1
:10AD9000EABF78BD7FBA93BD99C2253E0EC4A03DDF
:10ADA000E0FF6D3D6A38B7BD1AD748BD780480BE54
:10ADB000E8AA093D8ADAE1BC3B5D973DE7A0D9BD31
:10ADC00005CF12BC505033BCC40D8CBD3443053E7E
:10ADD000607D6B3B9C2F00BE9EA0473E28EE06BCCC
:10ADE0001081213DC56D91BC218FC2BDA83880BDA9
:10ADF0005C78823D141FF6BC4C1D613E60DD9EBC3C
:10AE0000AAABB0BD51799E3D60EB5FBD48D4B23D69
:10AE100000D7813DD813D73C1C17FBBA3E54B1BDB7
:10AE2000D6C0C63D262C243DDA9574BD0C6721BEE4
:10AE3000DCBD9F3D99A506BD88DAED3D157184BD49
:10AE4000CC1D22BDE90BA73D8E9FC43D56D684BCC8
:10AE5000C0D0473C92E53ABEF0A00D3E909416BC9F
:10AE6000C0FAF0BD6130A1BC684246BC969836BDC0
:10AE70002FAB9CBAAA76E23DF7FA3D3D913055BC26
:10AE80009D551B3DEFF4703D98BF2C3D9598A5BD99
:10AE9000507CAE3DE9387C3DD0FECBBDF03ABC3CA9
:10AEA0008359B8BD2A247F3DAEAF40BD15CF7DBDCF
:10AEB000E447BD3CE8FF333DCBE4F73CD88DBD3DD6
:10AEC000551FFEBD099C9E3D0C871FBDC3ECB7BD41
:10AED000D0FCCEBBE3C93B3DE434213C63A7EEBDCF
:10AEE000B469313D83D4213DECA6F2BD83B19B3DD5
:10AEF000AB6AAE3DF0BA203D7625D7BB115F0A3B69
:10AF000038E69DBD3351843DC861AFBD7DC9E73C86
:10AF1000DAFD9CBD649BE8BDC3DA87BDC53493BC34
:10AF20002EF389BDBF788ABD623F0DBDA5E5A2BCE9
:10AF300060C3773C74F1A03CE1AAEABDE00FBB3DE1
:10AF40004920F73C1646B9BC544A693D2DBE98BD10
:10AF500090CCB6BD6509E3BD2D2D8CBDD879DDBD86
:10AF600010DA3B3D6C3FF2BD9F82EFBD9E6E913D7E
:10AF7000E47E823D250969BDDD61C13D0EEAE4BD87
:10AF80005E67E8BC5DA6313D904FFABC3D0487BDCD
:10AF90002878E63D4D0AF4BD62DFF7BD50F4C23DAE
:10AFA000B80FB03C629C5EBDA447233D21FEBBBDF3
:10AFB000F265803C9A124F3DDDAE773C2BF98EBD99
:10AFC00082F4D73DB65CDDBD5082CEBD5953AB3C5B
:10AFD000EFEF89BDF820D0BC1A409FBDC834F23CC9
:10AFE0001043B7BC18F401BDD0DD2DBD282962BDCA
:10AFF000001DA03D5E007F3DF922F8BD1E2DB3BDB2
:10B00000E6D6B73DA94C653D1A3132BD093BA7BD17
:10B010005A612ABDBE9961BDEFB646BD02C1AA3DC7
:10B02000592CF4BDC8BC71BD6FE52ABD2D2414BDDB
:10B030003398BF3DAFB7B93DD72CF0BD3488FCBCC9
:10B04000DE19CE3D26D7A2BD570C8CBD2A53813CBC
:10B05000753BB0BD604D4CBD3CEFECBC3026DFBC59
:10B06000B419F33D6728CB3D827C2C3D4FE899BD58
:10B07000F0A2FF3BCA31773D2441113B436DF5BD42
:10B080000D4B00BEB1E312BCA888633D8263E63D70
:10B09000227DD4BD4B3D28BD25331F3DE8996E3D33
:10B0A000A02F0A3C7285D13D00697A3D4AB4793DB2
:10B0B0004E5EE0BDBFC89DBDEB5BD23D260EB1BD6F
:10B0C000F954FBBDB0E0F4BD3973D2BD519764BDF6
:10B0D000C26C873D0268A0BD937D57BCC08D7E3D8C
:10B0E000DC7B5E3D5736D8BCD8FB81BD45397ABD87
:10B0F0000CCB00BDB609D2BD4C5C483D22B57D3DB0
:10B100002ABFA4BD25AE173D4ECAE7BD28161B3C7D
:10B1100006C74BBD3A1D85BDD739DBBCD89D57BC92
:10B12000E0CB25BB0EA5CBBDEC86533D97B2F6BD5B
:10B130004CA748BC316CD73D96C145BDA14B013DE4
:10B140004323353D938F9DBD5258D4BD857340BC7C
:10B150000441B23D28E2483BED74C83C1B21DBBDF5
:10B160009CDC2BBD95928D3CC0BAB4BA401B313CDF
:10B17000DB8C47BC3A47DDBC351271BDF883B63D68
:10B18000BA9685BD3BA1973CEC40B73D545FE8BC07
:10B190009C3271BDBB4B983D2BE1D2BDE74DE5BD67
:10B1A0000090593AFBAA94BDECA240BD8654F0BC75
:10B1B000BB6C73BDC0D3E4BCA3B787BD9E51DD3C5F
:10B1C000219000BCAD29DABD0691E43D8201633DCA
:10B1D00084C6A63DC9F4B03DFBADA53DDA53A33D01
:10B1E000E9D693BD1A60B4BDD85E48BCAB579E3B50
:10B1F0000DF0343D60E6FDBDAA8C73BB82A906BE8E
:10B200006D42B53D0FA64F3D4CB599BDF06CC73DA5
:10B21000E49ED53DF01C78BD9D6B7ABD78E9E13D9B
:10B220006A11983D395DEABD48B328BDCAA158BD31
:10B230001D33E6BD4B2BEABDA95EE03DF67A7ABD33
:10B24000979FAD3D5EC361BDA06E6C3CD6751D3D44
:10B25000AC868E3D7539B6BDD1288E3D4FCA0FBD27
:10B26000BA51963D3807DDBD3E94933DCE0BF03C80
:10B27000069964BD4E06C9BDC845C83D4F9A8A3D72
:10B280008B77EDBC31B429BDC2E9D53D7E01A33D2C
:10B290005801C9BCD52B573AFEBAFABC1408133D65
:10B2A000C01AB2BBCB24F33AA8A025BCB20BC93D4F
:10B2B000C2F5B9BD6AFA9BBD52DDE1BD6F05A4BD03
:10B2C000E3BD0F3D3752EA3CD03986BD4BCD4F3BF5
:10B2D000081E4BBC38BCB93D1F580BBE0913AD3C12
:10B2E0007CEA0F3DF7CBB13D0E4EA93D1FDD20BDE1
:10B2F0001BDF1C3D4968CABD97CF283D364C88BD31
:10B3000039AC4DBD31FA8B3D802A983DD47D92BD3C
:10B31000D0A87BBDF7D5563D55BC1EBD581EC93DB6
:10B32000A09F08BDAB5ADA3DD8EEE0BC45FE3E3DDD
:10B330001D931E3DAD7DC53D56FBECBDBB7F31BDB4
:10B340006A79AA3DC06B6BBC4AE8BC3D1585673D78
:10B35000668E9C3D3335A5BC8C3503BD9C074E3DA8
:10B36000148F30BD9A4682BD90D88CBD90D60CBC4F
:10B370002A16D53BA503D1BAF7691BBD32FE993C0D
:10B380003CE6BEBC6494BE3D4CBE5E3DBC046B3C22
:10B390000E0F87BD4A0EB8BD70D501BEE09F233C9D
:10B3A0004C875E3D9FFEABBC6043A8BB221E8FBD99
:10B3B000CA8687BD2D87C23DD83F233C9C65133D7F
:10B3C0007954BBBDBE5DDCBD486C9EBC32BBDABDF2
:10B3D00004BA2A3D7782893DF1B1483C2073CE3BC7
:10B3E000D2908EBDF75F06BEE0A6A43BBE0582BC30
:10B3F000B79E2D3EE7DF52BE9ACBB43DC06E61BE14
:10B40000471C843D5E4CADBDF670A13DDC4B3A3D22
:10B41000EA2C1FBD92BB51BEB050193C18BAD73DA3
:10B420007852C03CFD1B32BE210C89BDBE1D41BD02
:10B43000CBAE3C3EAC318BBC2B59043EBA4A44BD2A
:10B44000C1381D3E1B197ABE0631AEBDDE24703EEA
:10B45000E0C1BABDEA5F2FBE94BF76BBB8EA5DBD5E
:10B4600020B423BCE0C28EBEC452353D68FED5BDBB
:10B47000C21BF3BB948F63BE9240B3BC7E4C1BBE19
:10B480004C0A6CBD38C184BEFC17A7BD4707643D9C
:10B49000E0CE473BF90983BEC231063E257B75BD30
:10B4A000E25B9F3D6EF772BEFCA407BD9B5245BE9A
:10B4B0003532263E918E32BEC8FA353EEE9586BEB6
:10B4C000CF6EB93DE0EF14BE0C0737BDCA5CC93D75
:10B4D000FE911EBD183242BEA9D35B3C5095FCBC08
:10B4E0006E5DD4BD1F2D45BDA89549BC362013BE49
:10B4F000F182F53DFE9721BEEB33FC3D256986BE0A
:10B500006A00E73DF8D65CBEFCE6793D8ADAA33DE9
:10B5100052ACBB3DFC8438BECC0CB0BDEC54EF3D0E
:10B520005859233DA5B940BDB09F6D3D9731F0BD41
:10B530009D72613E5B8C63BE287FB83D090E94BD51
:10B5400027E0103D17DC8EBE209F2FBD48449D3D57
:10B55000BE41933DB4F809BEE3F8D2BC4C414B3D2B
:10B56000B01DE9BC3CCB78BE6E2AD8BD058D12BE9D
:10B57000C520043DE07D0B3C1C6598BC827E39BE35
:10B580007C57313C09C08EBE780363BDAB0DB33D23
:10B590005013D8BDA8C404BEC68678BCDE10D13D09
:10B5A000C4B2AEBCD26C52BEA2DD983DA5D61DBEC3
:10B5B00035FB523E243E69BDE329B43D7CD38DBEAC
:10B5C000165F60BDE3E976BEC384B1BD5A65BB3D7D
:10B5D0002BF6D5BD70E02DBEFAD7EE3DE23DDA3D4B
:10B5E000161FB8BD420C83BE85A785BD56D9F1BDD7
:10B5F000F82F6C3E970D98BDAAF1093CD9F927BEEA
:10B600008FEEA2BC4A6A09BE827AAEBD968F463ED4
:10B61000FCA1EC3D742A58BE8AB3D13D2A0A8B3D69
:10B620008699BB3D87AD3FBE4D40DBBD80D5DC3C40
:10B630000E6DC93DF4364CBDD04FE03DC0D775BE50
:10B6400064F4153ED7F3BFBD92A19D3D1CEC483E6E
:10B65000FC85023DDC4570BEE51DB93D104B843DC7
:10B66000088F603D87CA3EBEE830643D8D2563BCCF
:10B67000C869673E73FD6CBD1076073B49F34DBE4C
:10B680009123113E07BD77BEA7B7B7BD449EEB3DE2
:10B6900010BF6BBDC4F365BDB502B7BDDCB73BBD24
:10B6A00060F45B3C5AAD8BBED6E149BDB20C50BED6
:10B6B000B2C4C83D2586B1BC4AF1443E3C8D61BE52
:10B6C000243A183EEF047EBEBCE2373D20729A3D1C
:10B6D00060F0233DF6F90ABE037FCC3C517CEABD05
:10B6E000290A9EBD93CD35BDD811CE3CB204A8BD6C
:10B6F0008B1F453D0265FF3B28ECE23D58B131BD53
:10B70000FAD4123EA63F62BE0741AABDB8CD933D12
:10B710007EE3943D3A8335BE0C84A8BCFC127D3D8B
:10B720005CCC88BD6F4F4DBEE07A733C8683BFBB57
:10B73000C86A383DAE7B55BE77E00C3DBF1C8FBE5E
:10B74000B03B183D2FCB7FBE3388A6BD00D3653DEF
:10B7500028268E3C1CC343BEF104C6BDDAC529BDF4
:10B76000F6189EBD87197BBED293C03D23DF08BE6D
:10B77000CFF98B3D5603ADBD8C8DCF3D3F4F39BDCD
:10B780008128EC3DFB6E26BECEDBAD3D5417763EE8
:10B79000C042A03BA81052BE2F15C3BDA2585CBD2D
:10B7A000A0A245BBFEE2A3BDBAE8C83DAD1749BEA5
:10B7B0002C36023EE44635BD15699C3DE9197CBE38
:10B7C000C7B3CB3DA4C43FBEA42FC8BDE92A133DD7
:10B7D000C6B7AEBDC9F8A0BD0F69E53CE0CA7ABDE9
:10B7E0003A28AE3DCC0904BE0F76DEBD99E986BD90
:10B7F0007977AE3C783971BE405C943D4932F6BDF4
:10B8000027135BBD658308BE4C069FBC7D55B43DC8
:10B810002CD320BD5F1535BE2C5295BD6082AE3C49
:10B82000A7B2B0BD4E8626BE10698C3C19A847BE93
:10B83000CA8EEB3D63F573BE76F9373DB20F8EBD10
:10B84000E2162C3EC0DFC3BD18D9063D8CBD553E67
:10B850002453EA3D9DACB1BD676D41BD1439EC3D4B
:10B8600076EFEABD518475BE7F95C3BDD48F1EBEF1
:10B8700094CD3F3EC11189BC0BEF123E8A7FAEBD15
:10B88000AD156F3CDDE466BE00A3893B7FFA853AC7
:10B890000048F53C16A042BEF885EC3D7ADC4EBD72
:10B8A000FEBFF5BD752E54BEC073F83CD5BBCEBDF2
:10B8B000AD97DC3C5FB55FBE72EC3D3E8C3659BE49
:10B8C000C1C00ABD16FB68BE7430D13DA5A0FC3DC9
:10B8D000A67DA6BDE09B40BEF5FAC53C3E04C2BDB8
:10B8E000BA7310BDB83F37BE679887BD8958B1BDE0
:10B8F000B35DB33D3DBA04BEB6D9A43DF43587BEB1
:10B90000B2C4203EFBE0E3BD808DCDBC3454853D08
:10B910007082923DAB4C30BE2F30B43C308396BB2E
:10B920007076343C2BD720BE240CBABD45585BBD85
:10B9300002F60A3DBF7C45BE9D7BE43D70B847BD25
:10B940005E1F723D82BCFABDECD8D8BC951C4B3B47
:10B95000ACC35CBD81EF80BD05299C3D7C55DFBD3E
:10B96000D03F4C3C1D0C893EF3036DBDA50C153E2C
:10B970007C48A7BC3E83173D115005BDBC504B3DD4
:10B9800098295A3E1D255ABD00F315BB9FF8003E6D
:10B99000FCCFAE3D7263C43DA975EFBD6C2A933DEB
:10B9A000F0B019BCA8A99B3DE01C923B055E813D0F
:10B9B000DE8414BD7FCFF6BC9BD441BDAC3A543E6F
:10B9C00041919D3D3613863D5272D9BD8407F83DA5
:10B9D000C23D8BBD536A353ED2AE29BD36C0B83D9F
:10B9E0001264893D96C2973D44A61F3DFE99303EA4
:10B9F000A920A23D00DCA5BD9EA908BE914B7D3EBD
:10BA00002359AC3DE7B1D93B9D4FDCBD44E3D23C6B
:10BA10003002A5BD50B7083E6004493D9009E5BB22
:10BA2000B8EDC03C3BEA0A3D90CD7B3C29BC853E4D
:10BA3000BC9D72BD4858C8BC5C6A32BED034213E41
:10BA40008B42393D59BC383E421A7BBD5BA3CE3D8B
:10BA50001C04373D50DC573DE8519D3D8C6FECBCDC
:10BA60009A1E663D2F88253C9862B3BC88488D3E5F
:10BA70003BF1ACBCF8B39ABD1D7AD4BB63A8D93CEA
:10BA8000AE21603C2C96A53DDA5ED83D50F5F93DDF
:10BA9000B433F43DDC73BFBA925F22BEC9E47ABD11
:10BAA00000A3293CBA59D1BB5F9AEABDDD4B8E3E5B
:10BAB000CB2821BDA2CF0ABE2ADFE6BCCABD193EF3
:10BAC000F48D533EB3A0873DD873B0BDF88C863D4E
:10BAD000C0955DBB3C88993D8FF8E5BCAE1809BDAB
:10BAE000D486E73DF4242C3E8C7CC7BDEECE313E9F
:10BAF000F7DBC0BC7768C8BD498CBBBDBF89F13DD1
:10BB0000E27B263D2671103E9C6E7E3D560A46BD68
:10BB1000FA01AF3DD77D413E7F22F2BD702CE33C60
:10BB200037DE44BC6842C73DCDB4A5BDC712233E35
:10BB300002C8403C7F0A2DBE7F71D7BD88CF8D3EA5
:10BB4000B8CB253EC64BF33DFCC7F9BC0C75F03BAA
:10BB500080ADF83A6129EA3C5CBE063DD6E394BD6F
:10BB600015ABE8BD674D143EA0C0763B0C4E4B3E76
:10BB7000DBB9CABDF6CA3EBD47C0BCBDB257903E98
:10BB8000492A5F3E169BE33C84AAA4BC3CC14CBB43
:10BB9000189A923CF99A893DF90D2A3C384E85BC99
:10BBA00068EACCBC8107123EA8D0D43C98E75B3E43
:10BBB000EB6BC1BD8C8577BD57866DBDC19BCB3D01
:10BBC0006BFEC03C8F4E8F3C38AE923C57410F3CD1
:10BBD0005EAC963D278D9D3DFA99B3BDB2A70EBDD3
:10BBE000379EE2BDD6075A3E8CC112BD9D51833EA1
:10BBF0007A76B73DB224F63C07512BBD23F76A3E57
:10BC0000DEFFD53CEC94EA3DD26230BDAEECD73CD1
:10BC100060C952BD2945663EB25DFEBD585AF8BCAA
:10BC2000B042DBBD8469553EE8F7A1BDF4E04E3E6D
:10BC3000AC12A03DD7C4B73BED912FBEC296153EC6
:10BC40007491473E53E5AA3D108356BD58E246BD68
:10BC50000AE280BD846B273E84D8163BF048E43C62
:10BC60002414943DB129CB3D70C0E43C2813893E97
:10BC7000FA5C38BD91DC553BEE8D1ABE421DB23CDC
:10BC800038E5D13D6BB1BB3D37ABE0BD64E38DBD65
:10BC900000E20A3CF26C7F3D52DA963DEC3DAB3D52
:10BCA000700C5ABD5A971B3E56D9DD3D120E033E0D
:10BCB000A506FCBD3B3F44BD3C5B61BDD75A0E3E73
:10BCC000AC7A1E3EFE1E18BCE89BA63C94B3B13D68
:10BCD000B20E99BD87BA253D0B0F393D6031D5BCF9
:10BCE000F0D3F2BB4945303EE009BE3D0EDB3B3DA3
:10BCF00079A9A63DBD9E0C3C33C739BD814B7D3E25
:10BD00003D42983D967EA13D6CF690BD54ACA0BBE3
:10BD1000B88BF5BDCF17703D1B5A383D72BA11BDB7
:10BD20002222BB3D20FAE7BBC0B2EFBD76E4123E53
:10BD3000E1B04FBCA51C2EBEDB61A5BD90EA4E3E16
:10BD4000645F2C3DF3785BBDEC684D3D23BE40BC89
:10BD50004954DFBDDFA2E53D9F9C3B3D7C86363DDF
:10BD6000A6524DBDB09E5C3DC083513CF002843D67
:10BD700065A7D83C0D26843D6451103DDAEB843D27
:10BD80002240363EFD7F213E1E8368BD0961B93CDD
:10BD9000FE74D73D42477A3DEC694A3D20EA4B3D6F
:10BDA000401B883C0BDDDC3DF621D93D98A30A3EC3
:10BDB00005CB06BDBA851D3C692913BE97D3723EDB
:10BDC000277D373E6B4FF83CB696B93D792415BDBB
:10BDD000120480BD9088783E55CC09BE98982DBC41
:10BDE000B4FE943D565D713DF860DC3D9A79953D19
:10BDF000CD81A8BA7B2F15BE57B488BD079C803E65
:10BE00007D9DDE3D3391B33A10AD5C3DCA7F133D5D
:10BE100066168B3D8BE45B3E62170CBE5C0A893D67
:10BE20009E101EBDB648623EF6680BBDDB6C903EB0
:10BE3000C054FBBC819794BD14B31EBEAC48593EA0
:10BE400044DBF33D26F26D3E4EF0E13D5D581F3C74
:10BE5000FCFAB0BC25FE593EF9D7473D0488D4BD55
:10BE6000841F903DB5A02D3E88FB3F3D96C4413ECA
:10BE7000F92C5DBDBD66D3BDD326C6BD6763F53D58
:10BE8000AE8EF33CBD883C3BA8D3E33C7F40B3BCC3
:10BE9000D85F50BD6BD3843EF13A16BC446843BDB5
:10BEA000DADFC7BD6CCF9D3DB001C43D9F6B093E3D
:10BEB000D6159EBDB4DB173D9FEC17BEAEF5763EA2
:10BEC00051F5913D8FC20FBD1AC70ABD086A89BCE2
:10BED000F88AD33DA949F43D9EC2CCBC1C6E36BD48
:10BEE0000471053D09E1263EA8FE843C8914813E8B
:10BEF000D38CAA3D688430BD679487BD8017343EDB
:10BF0000C8975B3E077A01BE80C7003DF724B73C67
:10BF1000AC70413DE2514A3E278E03BDFDE7C3BDF3
:10BF20006EB85DBDD51EC13D4CDFBA3D9E97443E07
:10BF300080E1E7BCD75AB2BD3C68CE3B3E26093E05
:10BF4000670F4D3EB694EFBC10BFD33D822E103E1E
:10BF50008CF7E43D164F343E8E712EBEEE28C7BDE1
:10BF6000D6DBF33D8295CA3D386CA8BDABFA8E3E58
:10BF7000BCBAAABDBCE90FBE180251BBEDE8583DE2
:10BF800072A0263E63952CBC457C82BD7230F63C87
:10BF900004C0A93DC9FDCE3D010F38BCBBFF9A3C92
:10BFA000AA7BB8BD990936BCEAE3E13D8454383E2A
:10BFB000B651213D5B3373BD4124FDBC86C84A3E6A
:10BFC000A375473E5AE7A7BCE90EEABDFF1C433DF7
:10BFD00090C5303DBF6AE63D2CAB233D8B6D81BDE6
:10BFE0006AD8773D49093A3DF2E497BDE040493EC1
:10BFF000D51632BC114D14BE72F92CBE6DC3AEBC49
:10C00000D94DF63DA6CE01BEFA9B80BD0490693D98
:10C01000DC471CBD4CA3A1BC3301543C283E58BD99
:10C02000E6E6A3BDA39AA03D47CD7CBD810B713E42
:10C030005DAEF8BDA2F0B93B556CE1BD564C9E3DDE
:10C040005CF34D3E7F1FAD3CC8A7CD3D334D21BDB8
:10C0500075CEA8BD4CF004BDB1761ABE3A55CE3DA2
:10C060000CD0BFBD532E853D7090DA3D7339623ED2
:10C07000C8E2B03DF273363DFA92083D4B583E3E61
:10C0800091CB833E7F57C8BD5E1388BD3BACDD3D81
:10C090004365DDBD973E5E3DC944963D5EDE9B3DFA
:10C0A0006160453D8D3CB83D6AE8D1BD0430673DD7
:10C0B00017DBCA3D0641623D26CAE3BCBBA48B3DEB
:10C0C000F733B53DE16B7D3DB8DDED3DDE4DF53D32
:10C0D00049F0693CC16BE1BBC73158BDAC9B923D97
:10C0E000583416BDB1CC8B3D9C90AE3DD14C463EF4
:10C0F0003151C0BD4317DBBD999804BEDB76063EC7
:10C100005F10283E2EAD69BD9420EABDCB7280BD84
:10C110006FE0D9BD1895C63C60A8E0BD40EB9DBB63
:10C120004F70DBBD9E02AEBBA0E420BB73C85F3E78
:10C13000136670BD1B2EABBC48115B3D8253AD3BFB
:10C14000D42F1E3D41A0B53DF4F8993D5866B33D4E
:10C15000F886C83D47DAD93C7987783D6760B1BD3C
:10C160008073983CBA16F6BC30D3113C1931B93DF6
:10C17000449BAC39443A893D468E8DBC1EF4A13DAA
:10C18000E620573E9E97F73C5CE61CBDC0F8AE3DEE
:10C190003C13F1BDB77E283EF709E6BDE00E853DB4
:10C1A000A084BD3C798095BDBEE4E4BDEFA7883E88
:10C1B0000DE19CBD4A9090BDC53F213D431C3E3ED4
:10C1C000DDF5AA3C284D433C188B893C2120B83D25
:10C1D0008AB6DF3D354B113E4D6FC7BD348569BD15
:10C1E0007018CABB6D4A043ED436EE3D3ED7963D2C
:10C1F000B702983D649233BB023D32BE82FF3A3EA5
:10C200009141CE3DF1C40C3CA0A82A3B4FC2D83D81
:10C21000BC3B8E3D8F00E43DF9BB94BD50715E3D4B
:10C2200093EEEDBD503B203C16C4A0BD7C85993DEE
:10C230003002873D62A1373CB73FB73BF4042E3D47
:10C240000246653E397FF1BD9C23F03DE905433C44
:10C250008102863DC664003EEEE5B1BDF4A8933D83
:10C260000C9C673D0575E3BC5076A2BC6245923ECE
:10C27000C12458BD79B6F7BC8ED409BE58D222BDB0
:10C28000DE83353D8188363AACE72EBDFF44553D0F
:10C29000775F393DE87C583D1FB3AC3C4EA02D3D47
:10C2A00076E9C0BDB505023E0CEC8B3D2759B03D8B
:10C2B000357CBDBDEFFF7BBDB029E8BD49CECE3D8D
:10C2C0001B1C983DEAEF1BBD583ADB3C331B063E76
:10C2D000EFC0363D00A62B3ED024BCBD4F2474BD1C
:10C2E00018C82C3D6181B2BBFC9C823DB5E60F3E77
:10C2F00036132C3DA9EFD9BD0E718ABD6DD8013E14
:10C300004F7D063D6233823D7E469A3DD6A0803DFC
:10C310008033B7BDBDCDA43DA5257C3CA03CC73B2B
:10C32000AE80B2BD25D0103E5E1C993D072B773EF6
:10C33000590811BB17B918BEAE8DFCBDE2DC7A3DC1
:10C340007E0CBF3C219ED2BC849BE0BD0BDEC83D71
:10C35000320BB93DAC54B83D017C16BED2B75E3C41
:10C36000A82B87BD5B98F43D520805BD264D4B3E7A
:10C37000E91DCBBC3CF319BEE6DF23BE24352E3EBF
:10C380000BD03B3EF22096BD20DD99BC9B2E863D16
:10C39000F0F8A0BC8766543E1F482ABE1E544FBD0D
:10C3A000807426BCF971033EA89B61BC8DB8923E97
:10C3B0002713DA3DF7314F3D927D00BD4D43043EDA
:10C3C0008060973DD29F163D6A75F33D76D50F3E4E
:10C3D00044B62D3DF8A2023E6E43D9BDD83C6F3D18
:10C3E0005FC7CFBCE623D53C7C62DCBD7F5C913E61
:10C3F000BC39A9BD838E12BE942E2DBE6EF74D3E64
:10C4000037B6963C9A3A073D5FA1C7BDAB48C33DDE
:10C41000069311BD3899C43C7EAA2D3D40535BBDA7
:10C42000A81BA83CB3BF87BC70E8023D0A09323E96
:10C430000E411E3B232D4E3CBF5E06BD59A54B3D14
:10C440002A86AB3D3621E3BDE02A113D3AE64F3D59
:10C45000C064BBBCA847433E099509BEF865C73C0C
:10C46000C81DB03DC43582BBCC3344BDFE2E36BEA4
:10C47000A6C30B3CCB52553EF29B3D3D964F303D03
:10C48000A237FFBD1D18693E2898E73C1D4D01BE2F
:10C49000E4332ABDE6444F3E14E6143E622AD53DFD
:10C4A00052C803BD22E6803D4611B13D7B3FA4BD8D
:10C4B0007E28EE3D164905BCA48FC5BB1AB9593E6E
:10C4C00038220ABD5586153EE0F29E3D10D6AB3CA3
:10C4D00098AF34BDFAA7293E4982D23DA05D143CF5
:10C4E000142B013DCEB4413E5274D33DF47A4D3D00
:10C4F000C7BC8EBDF2FC413E1703D63CE9001D3E91
:10C5000035F99FBDA685A83D19D2D3BDD0B783BB51
:10C5100054697C3D8135583EEDB7023DE146AB3D67
:10C520009D92DDBDBB80433E80DE213B0A8E37BE3F
:10C5300031B798BD23A1243D438303BDD6BCC5BB01
:10C54000960785BD46D5593DF22D9E3D1569DBBD4B
:10C5500046B8E13DA800093E38D4133CAA52A53D97
:10C56000631C6E3DEE362E3C34CB813DDD5B4E3C94
:10C57000DB73763D1339F53D55E052BDF71B243D85
:10C58000D29C15BDFBEE833ED8A7E13CC9A696BD63
:10C59000D88C953C644C5B3D1F4C1B3D7C9E6FBD15
:10C5A000809AA73C6086B93DA86AB0BD7F4AB43C7A
:10C5B0006519A2BD6154103ED520A73C3379553D85
:10C5C0007E1EFE3BCE15AA3D2C7D863DAFC0383C7D
:10C5D000A214DF3D0B3B963C1ED2FC3BB442DE3D39
:10C5E000A0D0BF3BD4388D3C308F1D3D23A80FBE5B
:10C5F000488610BD9DED343E82B086BDFC0FBCBBAD
:10C600005F2AEC3C6AEFBC3D322A98BD3616883D65
:10C61000001D6EBBA6042E3E6AB4773B50BDC1BB65
:10C62000DD26CB3DB21BB6BCB0D6423C97292ABE14
:10C63000C0D8F23D8B86873D3391F33DB0B4203EA8
:10C64000BBC50ABEA486563EEF04BFBD54E7B1BCCD
:10C6500054B033BDDA85AB3D835D473E18BFBC3D6A
:10C660009679F03D8FEA973D169F6FBDDFC917BEE3
:10C670003BF56D3C0B217FBA8254B6BC9962F83D04
:10C68000499C3F3BBD87333D4E2CD8BDF9A0EEBD44
:10C69000B647A2BD126D0D3D1EE9213DC4905BBDA4
:10C6A000745DCA3D5ECF0A3E04822CBDE998BCBDD4
:10C6B000A592BB3D7ACF543B1C2EC03CD3EE933C9D
:10C6C000B9C303BE47725C3EB079F93C75A791BC13
:10C6D000C9E5ABBDF20FB93D7F5A343E0899703DB4
:10C6E000F21A98BD2C5ABF3DCC3978BDBF3D703C85
:10C6F000253E81BDAA8C433E1F7479BDCBAFF23D70
:10C700004A73E4BD9C21643E7CBAD8BD2F184BBD52
:10C71000F8746EBCDF68943DB4A04A3EAC21F7BC0F
:10C72000583112BD4826C73D284AACBD94557F3BC1
:10C730006ED7E6BC4784353E9B9B4CBD8708493E7F
:10C74000FBAD8F3DAF4BEF3D5E30873DA9EB3D3DEF
:10C75000A6B9B8BD39EB903B549E193D60DA613CF7
:10C76000E4E784BD02A1113E704AB8BDAEFABEBD79
:10C77000A24123BD1951113E4139303E18593F3E67
:10C7800000AF58BDD7A6773E374AA6BD2A127E3DD8
:10C7900090CBFABC3F3E5E3E44828C3D20E0B03BF5
:10C7A000422950BD6188833D8071AD3BBDD8D93BE6
:10C7B000E3CDD43C033F9ABBC6BE053E2C53243E7A
:10C7C0004C37E5BDFB92573E28739DBD492188BD7E
:10C7D0005810E6BDEDE43D3EE2050C3E6CA3873DFE
:10C7E000C26DD83D4FF1133DCA179E3DDD94B6BDD5
:10C7F000E162F6BBF5FF1C3ED715863DD5B0863D00
:10C800005756D1BD52DF843E7815903C1EB703BE0B
:10C81000C235873DA4F6B43D67A8AC3DE93D473D30
:10C82000E0E9ABBCEFAED63D120AA2BD94339DBD8C
:10C830006355E03DF6FBEF3D046BDCBA6DB7663C3B
:10C8400058F8A23C6FD82D3ECC72993D613D24BB77
:10C85000D52D5ABD4710263EDA1C393DD794E0BD90
:10C860000DE446BD10562B3EF628C93D5BDCB23CBC
:10C87000E080D73DE47DEC3DC687EE3D9564D83D34
:10C8800098A20DBE634AC53DA44A9E3D7961CFBDC5
:10C89000B65ACB3DDC215A3E15E6ACBCA6997FBD0D
:10C8A0006881F2BD2C36DB3D5CDB5EBDD6BA4C3D0B
:10C8B0007308DC3DA153623DEF66FCBCE4C2DBBC07
:10C8C000136875BD96DE623D1091DBBCEE4694BDEB
:10C8D000304B503C97A8413E09FC073C3510AD3D1C
:10C8E00080D87DBC252A92BD40A6013D8D5BDD3CF4
:10C8F000BF9C05BDED51113E0E69A53D4930253E59
:10C90000D2F13E3DDD6F233DCEE587BD14C4B4BDFD
:10C91000509D1BBC9D18103E8AD566BCC23AE63DB0
:10C920009879A33DB1A9B73D3DE8E7BDF9A11DBD8B
:10C930003A0A903D3860533D3189D53D7334A83C67
:10C94000C26389BDE64DA83DD2E5903D39CA42BDDE
:10C9500070D2B03CA199FB3BC6ED903DECD0813D3F
:10C960009C02ED3D02A50F3EEB8D17BD1FCA45BDD4
:10C97000E20CEA3D45B31B3E2A1905BD038A243E5D
:10C98000C28C8BBD859C263E10ADE83D04037EBD68
:10C990000C9BCEBC0CF70B3E3E87393ED85C23BCCB
:10C9A000868FDB3DE645993D63D0D4BD60B8ABBD15
:10C9B000FB5D503C388DDF3D2C5C05BD3A6A2A3E5C
:10C9C00014A4A9BD995D393E1801C23C07B286BDC9
:10C9D0009634AE3DF3E9AFBB06E8C03D98404A3D12
:10C9E000585D813D3E2BDFBD333C74BDBA6F35BE13
:10C9F0006A8064BD254AA33A99BE2FBCB21C67BAAF
:10CA00006861A1BB1CEF923C26CF2CBD4C35A33DE9
:10CA1000C632E4BD55FF253AA233F83ABC3E81BD8B
:10CA200040D90B3CF3A01C3DAEBE3DBDB0FF5ABD8E
:10CA30006A23E7BC4D9F7EBDEB29B1BB282839BDD9
:10CA4000760B823C93AD24BB98AD43BD5E39E23D8D
:10CA500078F26F3D1C36873CA6EE6DBC48947DBCD9
:10CA6000C1D4ECBDCBEF60BDD82F083D7C2C51BDAF
:10CA7000BA76A9BBB239313A76EC1E3ED5CD903D9F
:10CA800020FB04BE2D56293E10FCC8BBEC707DBDBA
:10CA90001044473D07D8E43C3D34A43A08FFD73D55
:10CAA000CCF69D3DACF3A53D92E1963D784C08BE99
:10CAB000500E073EEDEB733D8683703DB9BADA3D0B
:10CAC00067AC09BEAFBD1BBD88BA213D2B14273D05
:10CAD0008C31D03DADFE1B3DA175EABBF843B73CA0
:10CAE00084A7143D7EA6123E7003E2BBFF122DBD4B
:10CAF00028B08FBB5A14C8BCC064713DA7C6FE3BAA
:10CB0000AC16B6BDC499333EA1A1B0BD2E44E53DDF
:10CB10008027163C24F1D8BC96D1313EB8F7DDBD54
:10CB20006A0BC83D1CCDF63B0040FAB79D5DBDBC0D
:10CB3000BC5BF03D9BB7453E68EFE53D4AB542BD65
:10CB4000BEE28ABD8C4A3F3EBEF8CABDF5BBB73DCA
:10CB5000C8D965BD907AF03DAA4F0E3EA8E2D7BD78
:10CB60009431423D0A05A53DC2232BBDB74D04BEFD
:10CB700070096FBDA373873D6B92173EF40A04BD25
:10CB8000032312BE34D160BD004A2E39390A27BCB6
:10CB9000FC8A403D1AAA343DA564163E2D09F3BD1A
:10CBA000F06F563D83588FBDA78FEFBD2D147FBE0C
:10CBB00054790B3E335B153D47DE2A3E098A8DBD15
:10CBC000F947DABDE90D503DA21AE9BDB7DFEC3DEA
:10CBD0007294E33D2D008C3C738F5B3DFA49B4BDEC
:10CBE00078DFED3D3FBF9CBC4C837E3D544669BE23
:10CBF0007FF6F4BCDDED31BC8E3E113E98AD09BE32
:10CC00003E0E61BD2AA5153E2A09E43D2D9CD3BDEB
:10CC1000E01574BC234A9B39B87EFABCC8B28D3C7F
:10CC2000C8D1C03C5273BFBD44B52E3D104A43BE6F
:10CC30000D1AF5BCCA27383E51F7143EFBD035BE5D
:10CC4000BA92B3BC4B4E023E421741BD056EECBDDD
:10CC5000A0CF0D3C5D81F1BDB9C8873D80199D3DD8
:10CC6000A89C8B3CA65E023DD4C3503DAE6689BDF8
:10CC7000E77BDB3C2D2DC43DDB34083E6D0AD73C01
:10CC80006C57C0BD7E08693D761488BDF662BDBC98
:10CC9000F019C7BCAFCCA9BD24AAFC3D607D843C83
:10CCA00000BDB43C1999283D48EC9B3CE1661ABE96
:10CCB0000C52163E059B673D2837B63DF8E28D3D88
:10CCC0001E4DC9BDBE19903DB0CF90BD87F8AE3D99
:10CCD0006631AB3D6AB41ABDF4AD2C3C9CEF06BD89
:10CCE000543EA9BD3F39C33D9AB6C13D803554BEBF
:10CCF000487C49BD1B96DC3DB348433E294984BC72
:10CD0000E31E7DBD2B08163EB8D8DE3CD8DEDBBD69
:10CD10001416ABBDF97276BC95F6453D5CF42F3D1B
:10CD2000F89C303D9F3A073EECAA453D5D5628BE33
:10CD30004FD91D3DDE573E3EFCAA3B3E1231B9BDE8
:10CD4000984CBABD7A0D203E1A87B23D393398BD52
:10CD5000081FCC3C7BA0473D3DAF513ED28B843D6C
:10CD60006A8085BDA278E63DAC8CBEBD153182BE21
:10CD7000EEAF623DDE30103E301B253EF5857B3D3B
:10CD8000E0C36ABD53B4983D3D42E6BDC432BCBC6D
:10CD9000EE99853DDEC098BD10B7E1BC783D3C3DC5
:10CDA000B858643D03630F3DCB9884BD314C21BE20
:10CDB000FD526C3DCE849E3D927C2E3E97F236BD58
:10CDC000BBA040BE92331F3E7A8FD63D5F1099BD07
:10CDD000C2F5FBBC576E0D3D44713B3E94B2CD3D58
:10CDE000C2C4B4BDBC25E03C1479EA3D34755CBED8
:10CDF000EC882A3D8A18483D082E393EB8990C3DEA
:10CE0000BE22B4BCAA010BBC3805C6BD57206D3D7F
:10CE100004CCEEBD9DCEC5BD68BA663D3E39E53D4C
:10CE2000E01218BBDBF3BE3D8F16A9BD58131CBE24
:10CE3000D3F50A3DC1F23C3EF7AC343E49B23B3D2E
:10CE40002A549FBC3F8A2ABCF4BC423DBE25D03D3B
:10CE50001E1A8D3D9FDE4CBD2FD5D53C00B958BB69
:10CE600078C76BBCC513793D06788B3DA7EC30BD08
:10CE70002433423D1E14313CB044E8BCD82365BD88
:10CE8000BE7B21BDB8CF023D08D8203D4EC49BBD1E
:10CE9000B4023E3D5B467D3CA10AC93D60F37D3C4A
:10CEA000CA29C83DF69B2E3D746A3F3DF2478ABCB5
:10CEB0001D773D3DBD2D893D85DD9D3DA2E9AE3C03
:10CEC000EF85C7BDA2ED92BC0873E33CC07C403D3A
:10CED000EA509F3DAB6912BE959A413DD496E2BDA2
:10CEE000A0C0D03B3D8C5A3D2452C5BD927740BE78
:10CEF000B9EBFD3D2897813DF2E8603D0DAD87BD62
:10CF000032C157BD8FE3373E34605CBD3AABF0BCF5
:10CF10007C42B6BC5A7E143D37D527BDC43DDD3DAD
:10CF20009201B4BD0A85A73D32C1D73D7B3664BEB0
:10CF30006827163E5BDB523CD814A0BC18628CBD3F
:10CF4000575D23BE589B73BC1A5CEA3DD53E1D3C21
:10CF5000208417BB4B8FD5BCB95A613BDDAAA8BD55
:10CF60003E43DD3D255B88BDF4AF1CBD737F57BEDE
:10CF7000AF2CB43D1F1DB2BC86F13F3E799968BE0F
:10CF80002C387E3C19E142BE00773EBB3D3D6E3EF3
:10CF9000A9C8ACBDCFCB81BDA5E8C23DF40DB3BDE2
:10CFA00094D2EDBD0F5889BD9CC983BD1CD87BBEF2
:10CFB00034F3E1BB2E66EC3BF93675BC202A98BEF3
:10CFC000A2DEFB3C8F9B8EBEFCB21E3D8F715C3D92
:10CFD000DE23A43DED2013BE0C3964BD28555C3D15
:10CFE0008044ACBBF01B61BD503B833CE93287BE43
:10CFF000C68C0B3E87471ABEF7AAC73DD47B34BE0A
:10D00000D93E68BDDD2D88BE5EDAF43D114CEBBC27
:10D010008077483CD2F0FCBDDD197FBDD2EEB5BCB7
:10D02000C66ADE3DA28143BE0FA57BBDD4F6F9BD25
:10D030009F080B3E56230E3D99D4F1BC3C3D94BD58
:10D04000FF2B20BC3AAD43BE6AF5913D2D6FB53D37
:10D05000A0312BBD717971BD1EE6143EA01F9F3B10
:10D06000B2DDA83DF1C317BEBA18EF3D0F2E1BBEAF
:10D07000C10A1E3ED7F323BD94DD613DC39E7BBE36
:10D080009C2E69BBCB522ABEAA53D83DF880143ED1
:10D09000A8763E3D7EBF2BBEE65FB5BC5938C4BD09
:10D0A000DC8345BDE92404BE399AEABD070482BE8B
:10D0B000D03A3D3DF479333C33B81D3CE90015BE10
:10D0C000D42CDB3C735931BE7CA1403D0D2F353E45
:10D0D0004BBAA23DFA028BBE4F4A693A36E7B23DDF
:10D0E00008BD63BC889F58BED4E8AA3D34F32FBE68
:10D0F0000696173E1272223DD95DEE3DD0E727BE5F
:10D1000038760EBDECA71BBE065FB83D0C4A473E05
:10D11000DBECB0BD80F997BE81A9233DF425ED3D40
:10D12000A1E999BD416E00BE32E2B63D61000EBE7E
:10D13000731CEB3D5D4E1D3D2CA3E73D9C04DEBD05
:10D1400007D1043A8C62AEBE36A4AA3DEE19113E58
:10D15000E782173D661612BE50B02DBD267C15BD68
:10D160002083583C1A81B7BD82B7B93D86C1C2BD84
:10D170007D11DC3DB93D15BED869553E7A9A72BE27
:10D180004D78A03DB17711BEE058C1BB94A4083DD5
:10D19000E494073D6797C5BD22BB123C041AA03D2D
:10D1A0006C09CC3DAA2D54BD20A7A53DA7244FBE98
:10D1B00008D25C3EACE894BD27A9963D5D9739BE88
:10D1C000040698BC20E000BED8AFC5BC7FCC323E80
:10D1D000E96DC5BD2CB4FFBD3E40703D2988F1BD51
:10D1E0006CD32B3DFC2728BEBDAAC4BD604787BEBB
:10D1F000ACE05E3D24360F3DD58DB53A937D74BECF
:10D2000030A072BD1E8F23BE10E1B0BB88981F3EB8
:10D21000A8C5703DC82436BE6B0F013E001594BAF8
:10D2200024073BBD74F822BE101ECBBDA44C7BBEB0
:10D230001ACD5C3E14AA32BDC957073DDADD14BED3
:10D24000A7E9DD3D58A393BE144498BD5D1F973DEB
:10D25000C49FB83D9A7195BDF249B53DACAD86BC51
:10D26000C0A6ACBB51053CBDC0E4B7BADA23C4BD0F
:10D270003B450E3EC633DCBD07CB8E3DF2500BBEA8
:10D280009CF295BDE5708BBE64A38E3DE443B83D32
:10D29000E81ABD3D1A6641BE44799EBD20B56D3D7C
:10D2A00016F7DB3D7D514DBE7037B23CB4CC8EBD20
:10D2B0009497863D4ABE33BDE91F513D264841BE85
:10D2C00096C81A3D0972F2BDBEB5B43D5A3B083E40
:10D2D0003104163D7E0CEFBDA2B8FC3DB42CDA3D06
:10D2E000A8450BBC13854FBEDA24833D6B8C54BE1E
:10D2F000E9D8663DD7AFFBBDBC016D3D04E052BE31
:10D30000848342BD67501FBEEADABDBDB56C283EBE
:10D3100067AA8F3D8D8AF5BD2ECBEB3D154CF2B93A
:10D320000C85143D49F201BE4363ECBDBA084FBE03
:10D33000980C923C7E921ABEB8AB503D83010CBE55
:10D34000D61E51BDC5CB2EBED20A8A3D5671EF3DC9
:10D35000C0AE4A3B422050BE47D6B03DC51BD33D70
:10D36000F2201EBD139B58BE1C3E9DBCF0F93FBE73
:10D37000D89B513EA1050EBC33F3293E314C48BE2B
:10D380007C3886BC24A271BE78E2953CB3645B3DD8
:10D3900040D1A13D106B7ABEC3F9AC3DD88653BCD9
:10D3A000300E63BDF43C21BD862BE0BD3329F7BDB3
:10D3B0004EB6233DACCE8ABC2A924C3EB5A694BD57
:10D3C0005878513D95C2F6BDF82CD03D509B273E74
:10D3D0002419903D90D884BE0927B83DCB0221BDC9
:10D3E000308F54BC34B37EBD97169ABD972E81BD45
:10D3F000EB69243D6B760FBDA10BDB3C86CA24BED6
:10D400009EEEA33DAD01A2BE74A74ABD0E7EB23D05
:10D41000F264EABD29414BBEBC7D603DFB8A7EBD06
:10D420000CB6CCBC8B95D5BD68B590BD1AA730BEE7
:10D43000D201B4BA07EF44BD7E23E73D8E0AF8BDA2
:10D4400045C5DFBDBFD439BE728BA5BD52AB0A3E08
:10D45000BEA49B3DF15799BD7DADE8BC12C2A0BDF5
:10D460007884F13C6EBDFFBD0ACCA63C94278ABEF1
:10D47000A372363E212A26BE485B1FBA46F75CBE21
:10D480000E060A3DE47B82BE6007D0BD887D58BC95
:10D49000FC58BB3DF5C3F2BD9819D53D565B823DA6
:10D4A00060B9B83D0FEB0CBE50238BBB63707FBEE1
:10D4B000B2BC623DB7B03C3CAA6DEB3DCA49FBBD76
:10D4C000F1A2C8BD7B247ABEF213BDBD3400563E26
:10D4D000AF66F0BD310385BEDC5EA93D8E1A32BD5C
:10D4E0009C8E673D6B0CFABD3CE5F3BD4A185CBEF3
:10D4F000F2FD9C3BA294E83D2856703E695FDEBD7C
:10D50000D5F72DBD5FEBE43DBC562BBDB511BE3D3F
:10D51000A406093D4D7FC9BDE995503E7CEA1DBD7D
:10D5200020F3D1BB61E08E3DF02AE8BDEE4FBBBDDC
:10D5300073AA2C3D4A6E30BDCE45D13D4BAE9EBD4B
:10D540001A40DABD31CCD93D9A0267BD22EBF53CD9
:10D5500008FD8F3C742CE73C6EAE863D9024FFBCEA
:10D56000CA10C53DD64BB63D9C47DF3D864384BEC1
:10D5700056A86D3D3361F33CA8BB8C3DF3F680BDEE
:10D580001BA7DCBDB6EAE13D7CB12C3DC6D6AB3D68
:10D59000F8119F3D0E6B9D3B8F54023E56B69B3D4E
:10D5A0007E1A8C3D616E003E781A023DA18ACDBD87
:10D5B000B7EA39BDFBCA5A3EA4948C3DBFF6153D6F
:10D5C00093CF143BE23BA73C5F2FC0BD5518BDBDB8
:10D5D000F8B2E93CF12CBB3A697F703DA240D33DE3
:10D5E000E2CDC83DDCB4BB3DE0D5DE3BF99BB1BD2F
:10D5F000F95D073D80BB253EB93DB6BB57E3093C0D
:10D60000D8F41CBDE81BA83DFC9391BCE28D193DEC
:10D61000C0E4723D190E0ABED89BEA3DC295A0BD7A
:10D62000425880BD4B582DBD7548C0BD56C580BE03
:10D630005520F33C5332493E5722A43D4F1FE3BCD3
:10D64000FE1211BEFD1DD93D4AC08A3D7DCA843DF2
:10D6500060F47CBD34C029BDF17ECE3DDA23E3BD4C
:10D660008014AFBDF46CA83D26ECC6BD8F9BE6BD13
:10D67000A5942C3EEF4423BC946E053E8A31FCBD3C
:10D6800074BF8DBD3563B23D14685D3D60260CBC32
:10D690005CAD8DBD091A82BD8BE4493E5633A5BDF4
:10D6A0008684B33D017544BD0ED531BDB85726BE45
:10D6B000BCBCCF3D0B317B3DF68E3D3D435CBABDDE
:10D6C0004B382FBEB986753CC05D873BA092533D59
:10D6D000DFB44CBD80287EBDA79A1D3E8811A3BD36
:10D6E000104538BD6FC6E6BD44ABDC3D31C439BE24
:10D6F000046827BDDC276D3D97E2B63DBC62B4BC33
:10D700004CA941BEF8B651BDA41C433DC67891BD9D
:10D710002C4835BD3805E9BDB8370E3EB87A8CBC0B
:10D72000F6C5AF3D09F2F43D8014FB3A72BBD3BDA0
:10D73000BF93D2BC9288463D08D3193EC0E946BD8E
:10D740002F67CBBD3ADCEB3DC967CCBD189DE13BF3
:10D750008009BD3CEBABE5BDBF55D93D1055DA3D69
:10D76000C02062BB1325CABD0CEDC4BCFE0675BD4E
:10D77000B67EBCBC764EDFBC6524193DAFC813BE77
:10D780009E10A43B24F6183E18F7723DAC83143E5D
:10D790004416CFBC8D2FF8BD995F2B3E96A566BD74
:10D7A0001274A13D37A918BD8E5758BD825B2DBE9E
:10D7B000E340C0BC2DEB333E8245423EDBF8833B69
:10D7C0005A67C53C51DEAE3D105B5E3CE70ED03D76
:10D7D000C0A4D8BC80FEF3BD5DCBF83D4C48B3BCC3
:10D7E0000048713A06C6E83DE608963D03EED2BD14
:10D7F00077EF223D8C20823B07F2FF3C36ED01BEE5
:10D80000899C94BDB16A12BB951791BD1C0FF8BCE1
:10D81000767ABBBD9BBB04BE570F323E7806773D80
:10D8200000109FB89A8BD73D308EB6BD05F148BE2B
:10D8300016D3103C7115B83D27542A3ED7975A3D50
:10D84000A9143ABEDF618F3DD062ED3CB8CDA03D5A
:10D85000C1A70CBDDB6993BDDCBD403ED66DD5BD17
:10D86000CCC4633D1CD34D3D3035C7BC9F59A5BDCD
:10D87000729F083EE2D293BC0C6DC13CF1AD04BE78
:10D88000D63D02BE251E633DA73EC0BDED52FF3D05
:10D8900066AFD0BD03668CBD0512283EDEBEE1BD7D
:10D8A000AE51A2BD9D15E2BBA0291C3C794CF9BD2F
:10D8B00072DDA23CC086E23C59BD5F3EEE179A3D48
:10D8C0007EA0A3BDD084D03D3084D93CC0CE92BDD3
:10D8D0002DCBA9BBF0DD76BDB0BE84BC2B62DABD1A
:10D8E000F8409ABDC3EF77BDC0455CBD92F808BE55
:10D8F00071F06D3DA1A73F3ED1B40F3E411FA8BCC2
:10D9000098CAA5BD0ACBC03DE5FBC3BDC110603DB3
:10D91000C0BA5E3B907CA9BDF6B42A3E4CEB983D64
:10D92000AC27A73DD1DB983AE0161FBC38481BBE98
:10D930001451D73D87F40EBD408EA33D9ABA84BBE7
:10D94000D27A11BE9B274CBDD65A96BD7B54053E5C
:10D95000E472313D8B65A5BD2037D43D18AD8D3CBB
:10D96000DC3D403D848A543D18DCEE3D63193BBEEE
:10D970009E9E283E16B9223E820B443E07AAFFBC5B
:10D98000DE0C9FBDF8B79EBDAA81F23DEC0D38BDFF
:10D9900030642DBD9A6690BC35ADA73D487D1B3DDA
:10D9A000B8B42E3D740BBB3DF8E7E03D2FA46EBE2E
:10D9B00013F20C394A06C03C8324683EEDA03DBEFC
:10D9C0003DFBDFBD022794BD6807E9BD81F1453C01
:10D9D000A0C5263DCD456FBB7152F23D26F6A5BDD3
:10D9E00005C9D13DB7F2E6BD7EA147BDA1B999BD3C
:10D9F0003EC7703CBD11D13D143486BB758E20BE30
:10DA00005DD5AA3CA07DC13D58CC963C2DC390BDB0
:10DA100008A87BBDB9BB53BD4CBD0E3E005695BD9D
:10DA200030A3C8BBA09971BD0CDAA93D152B8BBEE4
:10DA3000ED59143E6ADE3E3E5478433E7BC543BEFC
:10DA40000A5A083CFC89F33DC01D563B88B2AE3DE6
:10DA50006A99E83D920C9EBDE1EB653D80B4093BBF
:10DA600030C8F1BD9725063CF81D58BD21BC9F3D2F
:10DA7000F47800BD8DF8A5BD80E9CEBD1FE6B73CAA
:10DA80003C86D2BD9AD401BE8C3A89BDF99FBAB901
:10DA900090C803BC96023B3D34030F3D802A9A3A5E
:10DAA00050EEA0BCAB44943DA84563BC68AF88BDB4
:10DAB00046A287BCA759993D35BE0CBDF78292BDE1
:10DAC000DB0E38BD39C6A53D9E469B3DF91B8D3DFD
:10DAD0000018CBBBA719A33CE3C3BC3D926A1EBD93
:10DAE000F4DC033DEF0EEABD8023483C5CFC08BE3D
:10DAF000DF43AD3C512435BD2383B4BD9586883DBD
:10DB0000202585BDA65DB53DC6FCED3DF95337BD6D
:10DB10007487243D8F82B93D9AF6123C6EF3B73D6F
:10DB2000B38EB9BD0E88BA3DE6F63CBD0F0E513D31
:10DB3000382800BE003BE5BD960FC1BD451175BD3F
:10DB4000597A14BE8E2B05BE64DAA6BDDBE19F3D7B
:10DB5000002EAA3CBC70493C46550B3D72425EBD4E
:10DB6000E9F6CBBDAC99C43CA4B7E1BC365835BD91
:10DB700065D171BDD90BD2BD8E6ACABD9A288BBD45
:10DB800027F9B23D01B580BDD0ECF83C5BA5B53CB2
:10DB9000BCE40C3D6EE7F7BD0580EB3DE047B63DCC
:10DBA000C057083BF72CF2BD1AF59C3D8EA0263BD2
:10DBB000BF0EC7BD99259A3DEF25F4BDBAF9FA3CD1
:10DBC000369D8B3DBAA6B73DD8649F3DFF56EA3CD3
:10DBD000BCDD46BD9B74DA3DC0E5333DC4FDEA3D86
:10DBE000B4F5DC3D92C7D2BABC685E3D1A8643BD2F
:10DBF0003DD049BC4BC5C03CEEA23FBD72AE653DB9
:10DC0000C61864BC59F4B2BD20BC093DD0EB5ABD66
:10DC1000808B6C3DF1EDF03C15481CBD58442CBD8B
:10DC20000B5D92BD71DACB3CCED6B33D80DFEC3CD0
:10DC30005F8325BCD8D7FEBCC1F02E3C1DC1D13DB1
:10DC4000E3ECA33D5006C33D5E0EF2BD292B423DE1
:10DC5000C4F4B93DE02E87BD1E7ED63D3ED59EBDA7
:10DC60003CFEC7BC6885E23C7051333CC3DAEC3CF7
:10DC7000ADE981BA8694CD3C45DFDEBDB84C823C2F
:10DC8000129F833D18C7FDBC4017A33D362187BDB9
:10DC9000F862CD3CED799A3A1D72EB3C98CFDABC34
:10DCA000D4FE04BD2224E23DD2B3B03D1A660B3D42
:10DCB00002F165BD489E3C3DEC95BBBD05FD4F3C6A
:10DCC0006A35DEBD8A9FB1BB64D8C33D0CB0BFBD11
:10DCD000EF41F2BD561B5B3D651B02BC74DC7DBD94
:10DCE000909A093DE61EF4BD22A6B3BDB7CD87BD0F
:10DCF000D1F250BD37C545BD7E11BE3DC0539FBD5D
:10DD0000B2FD04BEC89E07BE2832E5BC1D5585BCC9
:10DD100010B4BC3DDB603F3D6DBCAB3D940FA9BD75
:10DD20002068C63C8F87ED3DC83F703D64EBA23D47
:10DD30008E4AF5BD407C2C3D658EE53DABB6D43DAD
:10DD40007921B43D7378353DBC0DE3BC0001153D30
:10DD50001815E4BD7CA79C3CC41905BDAC87D63D15
:10DD6000CC7D9DBD8BEFBF397CDA92BDE40078BDE0
:10DD70004969D7BD287BA33C98B137BB3DE120BDA5
:10DD80004237A63D8BB7123CF8319E3D966DB2BD31
:10DD900004F74ABD75F18B3D79FA01BEA6C2D03DAC
:10DDA0008A6BC03D1B473BBDF4AA5B3D9945A9BBAF
:10DDB000334FD6B95E19C83DA0B8A5BDF03D7FBDB3
:10DDC000A3EFA83D1D2FA43C9CB7B0BD2CAE993D40
:10DDD00009A48DBDC0BEDE3DB6411F3CD8C9CF3DB4
:10DDE00000879CBB07FFD43D2C61633D680C843DDC
:10DDF000AB6500BE9CF9723D6697F53DE750A1BD4D
:10DE0000D4ECD33DC389AF3DB0B6B9BBF5AD913CC1
:10DE10002815353D7800CC3DA23CA8BCA044EA3B87
:10DE2000958ADEBD7190DC3D11B0DABD62BE3DBCAD
:10DE30007AC40CBD05CAD03D7E21043DB82F86BDF5
:10DE4000D7D2873DB5EF45BC0F9DECBDC345CBBDDB
:10DE5000805CA9BAFD6D503D8697B63D5207D13D15
:10DE60004803C0BDABAC4C3DB87A6A3D4C69BF3D80
:10DE7000E557843D45AB9D3D578FECBAF33CCEBD95
:10DE80006B4BD2BDE2B8A83D302FD5BD1A0907BEF5
:10DE90008880A43CAD1161BCBBD6083C10B883BDE2
:10DEA000408E293D05E4103DA0C421BD912E8D3D3D
:10DEB000298754BD7DA595BD6A7C09BDF3D4E7BD16
:10DEC000FD75F23C3B70623DECC2523DEB61BD3BE7
:10DED0009060EE3D07F4CFBC8F75DEBDCC44BE3DF7
:10DEE000A8F282BDE2E2C6BC855DBABDA818C8BC76
:10DEF0003875C63C75BFE8BD0BA9C43DD990E3BDDC
:10DF00005D46C0BDB0B2BABC0AF959BD42B79DBDAD
:10DF1000ACAB3BBDC4E9D93DA04400BECEC9B43DC5
:10DF20006C7FEABC5BFB563DB2F980BD4B0D84BDF6
:10DF30000D17FABC810758BC9F3A63BDDE15583DEA
:10DF40008B2EDFBC20C321BD6282E9BDF919B53C2F
:10DF50008F328CBDFD863EBB9118523D8080283AA1
:10DF6000368C2BBDDB51BABDB0ADF4BC9E11893DE2
:10DF7000E07AC6BC70BC86BC7860C63D11BFFFBDF0
:10DF80008CBB753D77E49CBD7223E63D5A337DBD65
:10DF9000680B13BD4B96133B95ACE13D7EF6AABDD5
:10DFA0007A86F33D74E3AABD68B4C63C750859BDD2
:10DFB000352450BD7D686C3DF3DBE0BCEBA00EBCAE
:10DFC0003E79BDBD6C9B0D3D7E78E93D0701043D6A
:10DFD0000037313DECB11BBC6F35183C1DC0D7BDBF
:10DFE0000061A03BBC894EBD0041243C2A69883EAB
:10DFF000779A143E7A611CBEE7928EBD86CD943D21
:10E00000EB7B803D7885E3BD627619BDE99C603E7F
:10E0100098C7C4BD3082AABBA931E53C9E0EACBDF9
:10E02000C88B2BBCBC3DE73D58BFF2BD4E95E43DCF
:10E03000160A993CE506053DB304E9BDD48B443D81
:10E04000A1B4703E42F2AFBD9097353DCCF76A3E29
:10E0500097CAC0BDC93F323D9FB457BDFED3E73D0F
:10E060004B5473BDCDAE07BC00B9C33C8C75143E98
:10E070003628243E9E84D83C1F19913D2ADF803DDE
:10E08000D9B00E3EB08B1ABD1019CBBD38C2503E70
:10E090005805D6BCA621B43BF3F1213D30C65C3D0A
:10E0A0002C80F4BC0E96C1BD9A1A64BDAD64893E45
:10E0B00032739FBC1367C4BD4D939BBD4B91AD3B69
:10E0C00047C45D3D574806BD1410473D4EC53BBC97
:10E0D000189782BC27F2C7BD06B2EABD60CBB23D3D
:10E0E00084AEC93C539289BDB8979CBC9CE0183E55
:10E0F000EFAFBB3C0E9951BEEDC13BBD80EA49BDBF
:10E10000D29C5C3DEDF684BDF82DF2BDF7EA9B3D57
:10E1100084007C3D102C95BDA06BF0BD3C029CBDE5
:10E120007AD8DB3D94D0D2BB78B566BCBC62E13D09
:10E130008D7005BD3EF856BE3D808B3CDC2A533DBC
:10E14000A5533E3E850C64BBC48B50BDBE7D523E84
:10E15000523FABBDDC9B0F3DBAD843BD086BF03CD2
:10E16000CABFCB3DB5EBA03D548688BDDDB75B3E55
:10E17000AAD4BC3D91350BBD3A9F97BD52040DBD4D
:10E18000B8A7A43DC95EE13BAED2E43DC4E8CB3DB7
:10E190009E486BBD15AA54BD7E504CBD5E2EB2BDCF
:10E1A000909564BB19D49F3A9074973C1A79DD3DE1
:10E1B0004A32DD3D686DF7BD52FEDBBDC9CE72BD92
:10E1C000F8432C3E31F4F8BD1CDD9A3DF86DA73DB7
:10E1D000E662CFBD82265F3DA781883D9E5C25BD5E
:10E1E000AC3389BCFE59B53CFAC149BD54968F3D4C
:10E1F00030E564BC1E5B57BE7C792EBD2A12BE3D45
:10E2000024842E3D43DCBCBD46CEC3BD53EF993CB8
:10E21000E00ADF3D2B4EA5BC3100A8BD5085E6BB12
:10E2200020AAD63DA791943DF8ABB93DEBE2803EE4
:10E230006DE593BCB2F233BEFDD633BDB87A433C34
:10E24000C319243E7B4608BECCF5DA3D0C8E1E3E3B
:10E250008C05CEBD9405C2BD5A96DFBDB410203DDD
:10E26000DAA6C53D1C46CB3DC72DD8BD58DB8A3E3E
:10E2700099A5553D302AE7BD70398D3D32010E3DDF
:10E2800036AE533E410B74BE003FCB3D5A2C593E37
:10E29000AE4992BD8675153D8D409ABDCCB383BD08
:10E2A000E2158E3DC5059E3CFCED3C3D5B68723D34
:10E2B0004074553D15F895BD440F893C717E90BD65
:10E2C0007DC8313E2EDD4EBD3BA5C3BD7D031C3E4A
:10E2D000DC7AF2BDF02BF33C6EE705BEACC6763DB2
:10E2E000F8AAB03D7D14BFBD02D1913D07A84C3EB8
:10E2F00091F6213E75C2B4BDC7F89CBDCE47823DA4
:10E3000012BE8B3D4D6295BD1ACDB63D698696BB5A
:10E310007E91BDBD35AD20BDB2C33A3CD091C5BCE8
:10E32000C8E501BCDC98383DE6A4E53D445D793E96
:10E3300056D28C3C7784B3BC1C0F20BBF70E2F3D0C
:10E34000B5097D3E9BA856BEDC5AB03DED844D3DDF
:10E35000CFDBE23D8D3384BC3CDB07BE6CC4523D59
:10E3600080A19DBBA504F1BC4031CEBC3DB89B3D16
:10E370009CF10B3EC9783FBD09D6A2BDEC325FBD12
:10E3800043CF753ECD2EC5BDC24FAA3DF5BA2D3E39
:10E39000681A7A3C1C8D3D3DC25428BEDEECB3BDEC
:10E3A000CAF1EB3D972FB2BD7C0490BC0AC2323D4E
:10E3B0005554423DDEC7FEBD1058BE3CB79407BE63
:10E3C0001732603E4612F1BDD1EEDABDAD5DA23D21
:10E3D0000698A7BD645CCBBD459E7DBD406F0C3DDE
:10E3E000DEBD6FBD7BAC6CBDDCF368BDF83E533E5B
:10E3F0003B59D13D0B980EBE1D90A93C0511BFBCE9
:10E40000620A623E90AD40BE46D760BDAAC0E93CFC
:10E4100048C42CBDDE93963D7B66D5BD2496E73D72
:10E42000A468DE3D280EA23D407FCEBC48AE263E0D
:10E43000F001993DF2A0EABDECD6523DAE26073E72
:10E44000F056EF3D3517E0BD20F34F3C1F111F3E46
:10E45000B4218DBDD479A3BDD39BA5BD187CF73C59
:10E46000E6419EBD6F50E93D1EA69FBD37F8053EB3
:10E47000C886FD3DDFFC34BE8971633D7C758C3DF3
:10E4800051B9DF3D90D9A1BD29B798BDF704A33C90
:10E49000248E2C3D0344013EF8900E3CCE3EA13D1F
:10E4A000E490013DF6D752BC36F3F23D61FD4B3EA0
:10E4B0009C4A28BD3CEE25BEF9D93EBB422D8F3C7F
:10E4C0001E6AE83D15650FBE5ED615BDB3510E3E02
:10E4D0006EC4AB3DD446CC3D5082833D5030C73DE9
:10E4E0002229B1BD827EB3BDDC7A6ABD15CE4F3E16
:10E4F000C1D9FB3DFE907B3D1C4CA6BCF3C1823CC8
:10E50000AA58223EA71A6DBE78F249BD539EE33C3D
:10E51000311E79BD6425463D91D0A13B38B2B13D55
:10E520004046C9BB799BF93D84B5ABBC3B0F703EFF
:10E530002F15B83D35E931BCC966AEBC7D7C3DBD0B
:10E540009F00163E34FD2CBE96BD903D7AEF4C3DAB
:10E55000CE357EBD22AC963D9A890DBC482BB8BC09
:10E56000804EDFBB4A64F93CE8D448BC5AB2EDBCEB
:10E57000955DDE3DC62C273EA1AEE43DCED126BC46
:10E58000BC951ABE6BDA553ED0565B3CA59460BC78
:10E59000C060963CF58FC4BC0432203EC838CC3CE9
:10E5A00014AFAC3DBB9D5C3D3CED803D7E0901BEA2
:10E5B000C512BDBD2055F0BC1C2F8BBD934D253D14
:10E5C0007C064BBD83213A3EB8AAD83DC2528DBCD1
:10E5D000D8F0CB3D6241463E4C80853D305A0D3DE2
:10E5E0004093AEBD1EDF153E6076CCBD22E845BD32
:10E5F000748A023D75AD183EB32CC83DF0CB203E69
:10E6000009AB023A6BC7443A78935EBCC602DABCE7
:10E6100058CDB8BDBEDA9E3D47C1623D02C2D2BDF3
:10E620000CFE283D3153343E8071AA3B86BB0F3D22
:10E6300090819BBD81EC283D44A95D3DE9D5E43D39
:10E640005D77843C18D1F03DD81001BDA690893D7E
:10E6500042EDD43D54A9F23D8861C23D6033E0BD36
:10E660005CDFCB3DB235543D0600DC3D5CB107BEFE
:10E67000B7EEDBBD1460733DBA122ABCC4AABB3D21
:10E680002C4CC8BC64C1ED3D7842A53DFFD9EFBD1F
:10E690003937BFBD2172CB3BA63EBC3DBC97C53DC3
:10E6A00094836F3D73CB0A3E68A9EABCCDD51ABDF1
:10E6B0002B34E73DB2C30A3EC2390EBDA2A787BDC7
:10E6C00023C0D63C1ECDCE3C781A0EBD6B2B93BD1D
:10E6D000D438CBBD04CAEB3D30D1213E902BC53C94
:10E6E000D49E86BD6271CF3DB010FEBB059448BE7E
:10E6F000A4AEE4BCE785903D60C881BD42AFD93D82
:10E70000252B9E3CE2100B3BE038473CBAD3A83D9A
:10E71000D2A5A6BDF3BAA33DA3392CBDEC2D983DDF
:10E720000CB5BE3D9BCEAD3D81B796BD0DE8C8B9D9
:10E7300035C99E3D989F5C3D94C325BD6062643C95
:10E74000B2B6533D64F911BD98B3DDBD107AC23C39
:10E75000A49B863D5677803D563D83BCC15AD0BDB3
:10E760000809193D526E71BD74352EBD06A2733C69
:10E7700048D6243CB078353D4D062CBD8F8E183ED2
:10E7800023C7A03DBB579C3C08B0133D3C7A253DB8
:10E790005CC1D63D0BDE153EFB213B3DB99EF4BD71
:10E7A000EB8C7FBDBEBCEE3DAC37B3BD1BA2F4BC51
:10E7B000C4C9CDBC79533F3E83F4AE3D8E91F73D45
:10E7C0004ACF06BE5901C33D99B6CEBDAB21B43C7C
:10E7D000A8E880BDAE54C03DAFF31B3EA4C69FBCAD
:10E7E000243710BD87A1013E3546AFBD3C33E1BCA7
:10E7F00050553FBD35018E3C95CB623C30401F3EAD
:10E80000F0B3A83D0252553E96B3A13D1FE6D9BDD7
:10E810003C24FCBCF6E9FC3DF216D63DDE59C93D70
:10E82000881189BDA254313E04EEF13D04CD00BEF5
:10E83000C209FA3C2BB5BA3DA4601D3EE08ED83D1E
:10E840002D9277BDB4C83E3EF0C0F2BCA315883D02
:10E8500074D64DBD21E93D3D7D88E23DA0CF42BD4E
:10E86000C3EFEBBDE3A0743DDAFBCA3D012D13BE3F
:10E870000C3D89BBC836B43B0D2D1E3CB8A6B13D3E
:10E8800099EE95BDD3FC953CF20EA93D3D4A02BEE2
:10E8900018CDA23DA548E7BCC2016E3CE01BA53DDA
:10E8A000185AE03CCA8BFFBC401670BB71C948BE09
:10E8B00044CEBFBDEA541A3ED10EEFBC986C363E32
:10E8C000368A41BC4C89113EFE0E953D4B0281BDFE
:10E8D000F4F02CBD2752D83D20EDD23D137F92BDE0
:10E8E0005423E3BD699ABA3DB84610BC41B69CBCFE
:10E8F0008102973D9D14BA3DD9C42BBDFCC8A3BC71
:10E90000C3AED1BD329A803E4E7CDEBD1AAA46BD52
:10E91000D615DD3D4ED1C43D25DCD7BCE0DF6D3DD5
:10E9200050CD453C2BE6A33D0079EEBCB35540BE2F
:10E93000B56E5E3DBEC3C03CBEB3893D1E92203E57
:10E9400064920BBEE5592B3E76F961BD7975483D61
:10E950003B20A93DFFD92B3D13B5903DFB30ABBD0E
:10E96000C67EC6BD9411063E6281B0BD25AB85BC96
:10E97000A856A23DB90A343E1576B1BDD0F310BCFD
:10E98000717B0EBCA8BE0E3E2436B83D7FC1C3BD10
:10E99000F606B73D3007173EBABE503DB65C0DBD1A
:10E9A0002F8C7ABDBC490D3EF10BC5BDF1ADB1391F
:10E9B000C625CBBD17E6403CC330DD3DE0DA5C3C0C
:10E9C0004798AABD5399AD3A50D8A13CAC1A1A3C0D
:10E9D0008831A73CDCCD803D00250E3E3EBAEABD25
:10E9E000AC0E453D88E1EABC1C94313D8EDC71BD26
:10E9F0004F3392BCA9D5363EF18C0C3D35F7C93D5D
:10EA00002A5DE63CBA58CC3D88C8ADBC8E4BE9BC0B
:10EA1000201D2F3D323880BD4378CC3D0C90673DA2
:10EA2000B9A8E8BD22DCA83D3C03E3BC081E32BE09
:10EA3000F32AA3BDDD76533E38A8203ECC92D73DC5
:10EA4000853CF0BD2288183EE07D823DA3C09FBA80
:10EA500012CBDD3DBA7BE73D8A0AF43D2228E43D36
:10EA6000C8BB24BD7601813DE52ADDBD45A3C9BCF7
:10EA70008F07CCBD5B6AAF3DA95135BD9DFAE93D1D
:10EA8000F017693DC749433EE0BFE9BCD50780BDEB
:10EA9000DA7C91BD67204EBB7B8C1ABD3EC655BD4E
:10EAA0005201AB3D807CB5BC8020F83B70FB21BEA1
:10EAB00030B383BDB181B7BC83D5F43CD25F213D77
:10EAC000D43D073DAF4EC8BC80D56EBAE16AAD3DBE
:10EAD0007F45DABDF0D73E3DEE3A193E869EA63D13
:10EAE0005A5B853DA5B8D13D7080C13DB6A553BDEB
:10EAF00085D4EEBD48722ABDE8D98CBD998DF9BC8C
:10EB0000C64D86BD5E15A93DA60FEE3D711984BBAD
:10EB1000DF92B4BDB5F08B3B6279A83D089ACABDBF
:10EB200068C0483D1A0BFCBCD29747BDAE6223BB00
:10EB30002E2CE6BD8D526ABD8F950ABEC2F2D33D22
:10EB4000813C4A3D6EA51DBD04F5F9BC249ACDBD9E
:10EB500044C6EFBDF46E743D3E3463BD70C70D3CDA
:10EB6000F25E953DD862BABD529826BD774568BD24
:10EB70006327FBBDB0EDC2BDA579413DF46E33BD49
:10EB80000F37A03D78B8443DD06ACC3CA497683D8F
:10EB9000D4F66ABD390A54BCE27F4DBCA4DCB53D55
:10EBA00002B8F23D3ED6C63C70697D3D9030ABBCAC
:10EBB0004C89BFBC40FD24BD28F5BA3D3BB34E3C5B
:10EBC000E8E6C33DD063983B18BCB13DA1A75DBD4D
:10EBD0000E17A03D5146663D6A05213D940BE03D70
:10EBE000388365BCACA39ABC50FAD43C30C9CABDCA
:10EBF0003725073D7ED6A83DB0C7B5B8FA7C823D23
:10EC0000E0B0C6BCAEECBF3CF0B5DEBD862AC9BDE7
:10EC1000FC7987BD7BF51CBD19F3BDBDC2B857BDDE
:10EC20001FD0B4BD85E80C3D540D293D31A9D53D1B
:10EC300001DA8EBB7D93823D34EE3C3D448673BD4C
:10EC40003431003E6B1041BDD0C0033D1CBA5C3C6A
:10EC5000A0EDB6BC0D4532BC92F497BD78FCB53C36
:10EC6000EDABC4BDE86CF53D5084F0BCC6E1EABC38
:10EC7000805D85BD36826D3C74F4E8BD2621FC3B89
:10EC800050F0EF3D1B626ABC0C05AABCF6BD86BD08
:10EC900090D490BB53A576BDCA6CB73DF2D90DBDDB
:10ECA00094E90E3DF8CCEBBD207AEFBDAC6789BD91
:10ECB000533B02BDDB9128BD81B1EEBBFA17093D84
:10ECC0005B4D2CBD8247A4BD8273D4BD4822ABBC32
:10ECD00086374EBDDE5DA23D2157D7BD08729A3DF5
:10ECE00064948BBD20AB9A3D9E35963D49DF383DFF
:10ECF0007600C1BD4DBFABBD865B6F3C443445BDA6
:10ED000037DB8DBB08A7AF3C846EFCBCAF3D2FBD8D
:10ED1000D679813D7D06D1BC83646ABD988D253D41
:10ED200051F8EDBDCD33B5BDF02906BC4B97A93DDB
:10ED30002EAEBDBD246E89BDA2C6033C247CD33C4F
:10ED40000E29C83DAB3A97BD1699A13D6BCB0D3D41
:10ED5000E06ACF3D084AA4BC610298BD894F6CBDF2
:10ED6000E808E5BDE9F944BD7EBECBBD332EB83D14
:10ED7000166F793D52CBA9BC8811B8BD226DAA3C53
:10ED8000AAADAB3CA4A1803D9D71F1BDC2FBC2B94F
:10ED9000F028CEBB9CEE35BD30646A3D7C36A9BC04
:10EDA0001259DFBDF8D6F9BD18E3393DB3AAA0BDAD
:10EDB000324FE5BC8ABA3C3D55AB24BDE92CC9BDF8
:10EDC000A7C7F03CA34087BC5491893D23ECEC3CA1
:10EDD0005080B7BBEB3F95BC037A74BD08DD153D91
:10EDE000409C59BC03031DBD24155E3D18E98638BF
:10EDF000EB96B53D7D09B1BB2819A33DAA80253D01
:10EE0000FC1EDBBD1139DC3DF1C8D6BD9A52ACBD4C
:10EE1000F5F58ABD8412943D9321B2BD26E4B2BDBE
:10EE2000006FEC3BA66F4EBDA4537C3D1E82EE3CB2
:10EE3000CC8ABEBDCACD21BDED3EDEBC82CA883DB6
:10EE4000F9A9023E2E57563CC941F5BD4DFAB8BC52
:10EE5000B2B7A8BDF0AFD8BDE51DCABDD86017BC1C
:10EE60009A24DB3D8BA3BA3C04E78ABCA0F341BCE7
:10EE70004EACC53D803680BBECDA48BCFB8FC73D4D
:10EE80009B26AABCCECD73BD4E7582BD3B58503D6E
:10EE90008CDE1EBDAD33C83DD7A1853B2A4C53BD8A
:10EEA0002C68EBBC47BDC13DC0ACED3B38338D3D5C
:10EEB00037613F3D3FDE803D3A9667BD4D4643BDDD
:10EEC000686BB2BC6319D5BD009DE73AC9F165BB5B
:10EED00048CC99BD0714E13D69A5C0BDA06F3F3D79
:10EEE000AE58D7BD254569BD502F6D3D002836BBB6
:10EEF000EFE97ABD0CB0EBBC8BB91DBD71EACBBD9F
:10EF00009FF48BBD18CDA63D1814EF3C6ECA873C0C
:10EF1000FA21D23DEA3C8E3CEEA87B3DC69B44BD27
:10EF200018FE8DBCFEA3D5BD0CF1853DCB2F633DF6
:10EF3000ACE0FABA4100703D84CFC53C34582EBDD8
:10EF4000C115793D5E5672BDDA4EDC3D5DBC09BE31
:10EF5000BA00DBBD56AF663DDFA2A4BC2002A73DD0
:10EF6000D68F69BD4640ABBC80A464BB1DEE5C3D42
:10EF700031FEBFBDD87B8B3CE21D92BD8FD9C6BD93
:10EF8000B32095BCA475063D9B62C6BDF1D41ABCE6
:10EF9000A49133BD2F9B0BBD58C1A53DE4C26EBDEE
:10EFA0008305EEBDEA69F6BD8C14203D9DDA12BDE5
:10EFB000DDB04D3DFF2803BEA2691DBD5287EABDED
:10EFC000CFF1A63D7294E4BD6C26D73DA8E4BFBD49
:10EFD000F884063D55ACE5BC090A023D40C90A3B30
:10EFE000ECD75D3D12D89F3D60816E3B19B1ABBC43
:10EFF000D813D0BD29A1AD3D9A53853C6F71AFBDEB
:10F000007F8300BE7F5C88BC0052CCBCFC494C3D79
:10F01000E80C2D3D8859B8BD21251E3DE0C9D13DE4
:10F02000B0D4313D5C110E3D984638BC15D8F4BCC7
:10F030003F9D90BC1447323D7057223D1E74C83B23
:10F04000AF6D60BDCB49BEBC3A587BBD5DE73CBCF3
:10F050009E2BE13D855201BDCB85583D1C09C4BCAA
:10F0600018F2203D12874DBD58D49CBD6AC768BEBA
:10F070009E3E183EE53A67BD541BFE3D24A5C5BC27
:10F0800003690FBE761D9D3DA0AF613CE6C82EBD55
:10F090003A9FBF3DE1C870BC1FB6D33DE00C48BBF2
:10F0A000B89C55BDF9CD6ABC3D33EFBDCAFCE5BD8A
:10F0B0000D88B83CEDFE703D8311143E03CE73BC49
:10F0C00057080C3C2098323E4840863C39D688BDD3
:10F0D00082D212BC8CBEDBBDE53123BCA0B4613C46
:10F0E000586AEF3C0D69DDBC30B2033DFC20A1BD88
:10F0F00075360A3E030CBE3CB530C73D3EC0E3BD8D
:10F10000C701B3BD3007D93C5214AA3D4658B53D9E
:10F110002823A83C8A86A33DB25C6CBC69C5B0BDFF
:10F1200084F2D4BCBE0B90BD340D433D1779EABDCB
:10F1300089EE0B3E104F953DE4A5443E16B6F7BD53
:10F14000BDD300BE8689DF3DF03349BDB829D4BDAB
:10F150008021803C700C42BBC2E9DB3D804FDE3C2D
:10F16000A83E94BDEED532BD8457173DB79B35BD43
:10F17000ACAE373DB011383E0380A03D7BF137BDCA
:10F18000D857EABDBC74D73D9412B83D6394A0BD76
:10F19000C2E6B73D8EA2A8BDEDA7C8BBE455493D68
:10F1A000D64634BDD8972D3D72E6A83D4D4C64BE81
:10F1B000A4D5B23D4262D03D789A1C3E8D8F96BD5B
:10F1C0009CAE18BE890D243E7C46DB3D147B5A3C28
:10F1D000DF5DBFB9650E0EBDD352273E4010163C11
:10F1E000004A77BBD64D753DD85AD9BDB6E6F1BDBC
:10F1F000EF8C6EBDD9E98F3D31871C3C224607BE9E
:10F20000E7496DBD3FBA213EE8DDA13DB4F3F5BD50
:10F210004A31BD3D4B59AB3C9F5F2E3E20DDDF3B6D
:10F220003CCC793D4984863C85B78FBC728600BD55
:10F230009B84913C120D8EBC12259A3D64546CBD8A
:10F24000F115FA3B509A87BB804B703C07AAB03D42
:10F250004187E3BD5325313DC652FE3D3659D03D71
:10F26000BC83613D32B62ABD310A2E3D8232F9BDE2
:10F27000407458BDBA77D9BA1B02353ED19D573D6F
:10F28000A3FCF8BDD8C2413E7801823CA8DDF43B26
:10F2900049487FBDFCDBCB3D06C4113D9891E33C62
:10F2A0000263DCBD7194303DB40CEEBD4F63C4BC51
:10F2B000E901133EBAB1BA3D2FE0CB3D5909C93B34
:10F2C00012D140BC887B16BD7459B63D024133BC97
:10F2D000C8692A3D63CBBFBDFC44423D1CC757BD36
:10F2E000B8D76C3D0CA615BCBC91D3BCB3E6F9BD38
:10F2F0007848EF3D18C8DC3D50480D3E97F6823CFB
:10F30000C518D2BDA8BB153DEC6B573D3F28B53C99
:10F3100004F7A8BC77E1063E38F7983AA68F8DBD72
:10F32000E0E8B93C2520AEBD08FC3C3DB961E2BD3A
:10F33000C1D64A3D7795043E88F5C33D4B25DC3D5B
:10F34000AF2C13BE1548CA3DE8CACA3DB217C13D2D
:10F350008E545CBDB63460BD3D37F03D60F698BD5F
:10F36000180C45BC6FBF44BD3EAAC13DA5E2CFBD50
:10F370001BC174BD6F4E033E15D40EBDFE969DBDE0
:10F38000E09ED1BDBBE4393DE847923C3FF997BCD4
:10F390006CB6B7BC7803033E38D1193DF4D4CD3DEB
:10F3A0001F3BF4BD14F0103EC01665BBEE70CABC26
:10F3B000BB8D95BD4295F43D09C4D83D9B003B3DB6
:10F3C000850876BC008D133E00BD1B3B7F50A6BD5B
:10F3D000DDE613BDE2C05D3D55CD4B3C7B1B763D6C
:10F3E000DA7D5DBDCEECB03CA8CD0F3D509227BD7F
:10F3F0001BBBC93D4B184C3ED78C143EC22A013E64
:10F400006B1F07BE36936D3D18C19CBC705FBE3D3F
:10F41000AAB8253D32D798BD4DB93B3E71B2B63D35
:10F4200004B823BDB2BE9FBD34D310BDB6642BBE9D
:10F43000F6560A3EF5EF9C3DD0C3123E6BEA66BD20
:10F44000CD56CFBD86C9143EE80AEF3C957AC1BDC2
:10F450006A8E1C3D356DEB3D23A9403EAFAA7BBDB6
:10F46000EE4DED3D4C1564BD9DD2B9BDE28A51BE55
:10F47000DB51E33C262B693D9689523C18B005BE12
:10F480008E07DDBD2083EA3DB2B122BDDF630ABD38
:10F4900060C8B4BD1DA7993D07D9C23D4CBAC1BCD7
:10F4A00020EFFA3B2BD2D0BCC2C2D83DA030D2BD97
:10F4B0006DF4E63D3106423D2B4C713DC40422BD46
:10F4C0008DA339BE81D68A3D5864833DAD418A3CC7
:10F4D0004C41233DEAC04D3D79681B3E9089FB3D80
:10F4E0009CDD803DB810A4BD4CA398BD50B4AFBD09
:10F4F000F27BA33BAA233C3ECA0F2A3E1D83A2BD3A
:10F500001A0706BE591047BD263E913D6BB9963C81
:10F510009AA100BDCEB4B13D9A04173E10A9A0BB7C
:10F52000301F3F3DD428DD3DB86DB73DC159D7BC34
:10F53000EA46B6BC96FA043E7228E73DB87D8CBB1D
:10F54000E6D7D2BD96A1B43DC013D63D2582CABD33
:10F55000C6AD9DBD72D88BBDFC8B023D414873BDCD
:10F56000206DEEBD816F203D646F763D967586BD42
:10F57000ABD61F3EFD5254BD609DC83D79CFD7BD6F
:10F58000B0FBD0BD938E0F3E28238ABD7E00423D46
:10F59000A8E194BDE52C92BDD48FBC3D0A9D8FBDE2
:10F5A00036B9ABBD2FA8543D749C0BBD001BEDBC00
:10F5B000CCADD33D28EC633D3582FA3D680581BC76
:10F5C000E49D05BEED19623E70D8373CC120F43D84
:10F5D000A2519BBD98478F3DFD09393C127AB3BDBE
:10F5E000FCDD5D3D3A0BA93B5401053D98F8CBBDD0
:10F5F0001157BE3DB392B4BCE1549D3D5766F23DF8
:10F60000E39EEABDA7DC5A3D4811893D038309BD4D
:10F610009C12AFBC341A4A3DA6CDBCBC86BBA5BD6E
:10F62000A8CE073D7B26453E632FC4BD9608AF3B61
:10F63000DF5ADDBD72A43DBCF6FADDBDD687003DC4
:10F6400046BBF2BD7091AC3DBCF6A23D6F68C3BB3A
:10F6500088706E3DA3189C3D301CEA3C905429BC38
:10F66000708AA5BCED779C3CACAAA2BCE07AD2BD66
:10F67000022D63BDD7D63E3D5936843D3E83A23D23
:10F68000FA66403D58F6113E886FE43C51C1ADBB6F
:10F69000560C873D0FA25B3E2A9BAB3DA063D2BDBB
:10F6A00076FFD93D9E73FF3D7C7D88BD55C6E8BC85
:10F6B0006902543DDD32643EEABAD93D68DEB53CAC
:10F6C000E0C9CE3DD6365A3E484DEE3C5EE6833D1F
:10F6D000008AC63D2A7F343E011ED03C560187BDBC
:10F6E000F84DB0BC0565293E14CEAFBD65581C3D34
:10F6F0005DEE113D2DEBD73D3D63E5BDD4BC193E1C
:10F70000585E51BD969F903D7094FEBC4A0FAB3D34
:10F7100014DAA03D7E6D423ECDA5EE3D1373D2BD01
:10F7200060A384BDFD99AF3D1A34AD3D131ACA3CA8
:10F73000DFA48FBD9842433E0D23313C9B67543E6E
:10F74000F30B903DC7DDB13DD694DABD423DCB3BD6
:10F7500010D1DC3C6AE2163E2A13FABCC0CA563C01
:10F760006CAB3A3D58891D3E804104BB64336C3C10
:10F770002BEDD7BDFB9F70BAF78284BD00EDB33C83
:10F7800093C25A3D0D2E983DF6348F3D49B3ACBD22
:10F79000FA0002BD0E66363E07F3323EB4E61FBDE8
:10F7A000C819C13DD71CAB3D88F644BDBC7EC0BC6A
:10F7B000E3CD98BDF246383E31DF76BD179D073E5A
:10F7C000200E6EBD0DC2C03DBC50053DC40177BDCD
:10F7D00038F2A03DCB233F3D23575C3DCCD9E63DDD
:10F7E000D0D1D93D54D2363ED8AA62BDCF9B513D2F
:10F7F000EA7B993D854D303C234983BDC1FB3DBC2F
:10F80000E1A3CABDBE9B583E3C8385BD7E088C3DAE
:10F810002FD8A5BDE755153DDFF641BAD00D423DC5
:10F820009CF1E43DCFE21BBCC605DC3DCA2A543D39
:10F8300028F4E7BCAC29233E24923D3D7DF9243DCC
:10F8400023F5763D0853293E0884F03D3897B2BD34
:10F85000342C32BDC3FAA93B9C1B543EA2FE0FBD03
:10F860009AC5AB3DD30B163E10694B3CA5B9FD3C88
:10F87000F51889BCDD48893D2278BB3D957B713AFE
:10F880005A158A3CE25E783EA8E8883C812C973B7A
:10F89000F46438BD3E8D9B3D4933553C6075E93B72
:10F8A0008D148DBDB8EF7C3DD855C4BC81C4DEBD80
:10F8B0004827893D906E073EFA2ECB3C552F733D6D
:10F8C000287BDBBDC79F423D90FC0F3D7A8505BE7E
:10F8D00000F967BC2FE3E4BCE2E7563E90DE41BD91
:10F8E000D8655E3D1CAA0C3D009C3DBADBE0D4BD52
:10F8F000A311CEBC0D5D603E24B5EE3C3129123D16
:10F900005E678EBC33AE833ED162C6BDCEA15FBD05
:10F910006005843CCCD029BD1F6D713CB28461BDB3
:10F920004016F03B0EC7A5BCBE0864BD45C287BDEE
:10F93000D4049F3D8D44AA3D5507393D47859B3DE5
:10F94000A4D4583D7522543ECC47C8BCA90118BE6A
:10F95000445ECE3DEB480DBD1250E03CB8A9DC3C06
:10F96000C4A20F3DB1DEF13C3CB5C63D66CB99BCAF
:10F970008212FD3C41F6143EB7D2A53DE58FBE3D57
:10F9800077D33DBD5BBB1D3E508AEC3CB21902BC37
:10F9900012F3B73D66FE9CBDB389853CA417003DBC
:10F9A000ED6EF2BD9501B2BCB047F23D341517BE05
:10F9B000FE61273D375D1F3CF4AC083EAAC1123EF4
:10F9C0002B860ABE0197093ED47A21BD470B17BE8C
:10F9D000316AC13D81A5703DF4183B3EFE575BBDC9
:10F9E000F437413DFB01553D64A6B03D85DAFC3B53
:10F9F00056278E3D28BEAF3A9DCDC33DFB672D3DBA
:10FA00008717AD3CA3B9173E10B1ABBDF1CA9BBD82
:10FA1000CE5BD5BD20A5BCBCE5234F3D5E9C873D9C
:10FA2000AECCDABD9659943D583F4D3D522E2DBE79
:10FA3000B1190A3E17206F3E2CB3303E36F42FBD6D
:10FA40007497ABBD96415C3EC0DF123DD80A28BE1C
:10FA500018C0463D8D7518BD6B5B383DE0657FBCB9
:10FA6000D86D14BD3FC32EBD00EE5DBCB54778BD5B
:10FA70007841353DC46A803D404F5DBD91EF15BD75
:10FA800047D887BD57E6B43CAA2ED73D423C1BBEA3
:10FA90004E6FDA3D2015E83D0808283EB049AF3DDD
:10FAA00000E2A8BD305F833D64B0EF3D4BE2D6BDC0
:10FAB0009324043C6CAB883D2DC547BD687DB23CAA
:10FAC0002F6D513CD1705A3D2C54FFBCC6FCA2BDD9
:10FAD0008849893D52C8873C226D283E4058103DD8
:10FAE0003ACCDE3D9E89E63D3860BBBDC36EB6BDF7
:10FAF0005D34763D3D64563DB905C43D767D31BDEE
:10FB0000051C1C3CBAA1403DA456B3BCDFD85CBD6B
:10FB1000F496FBBCED09D43D7F6A0BBC48B6033DAF
:10FB2000003DB13D544ABABC020BEB3D2021F8BD6B
:10FB3000F709F03D1F4B943CDC9A113EB26CCABCF5
:10FB40000268A6BD5577C83DF8B2B43D7EF0C0BD91
:10FB500058E1F83CFAEC243EE9CAB73D8F377FBD47
:10FB6000A858C1BDB659513E00F263B9D2271C3E18
:10FB7000BB6FDF3D0923B03DDB87C43DE1E5823E3D
:10FB80007B0F29BDF8B4843E0291BD3DFCFF753D5D
:10FB9000486F0E3D2B595E3D9AE5C33D8C5BA8BC7A
:10FBA000A45F843DB311343DC0F30F3CB0F40F3D6E
:10FBB000EC15333C0B56B73D622BA13CF068853EFB
:10FBC000DA489DBDC467603ED06E633D9DDB2DBDB0
:10FBD0000C852E3D0DB8873EDF3F233E3C36B63DBB
:10FBE000A8B47FBCDD14493DBC3FDD3DB02DE03DF8
:10FBF00024A8853C00A6BC3D717C79BD990F133EBD
:10FC0000D8E0543D8784203ECBAD8EBD18CFFABDE1
:10FC1000B4C2153D7A18813E4AA7243DD66C80BDFA
:10FC20005C37BE3D0566B43DB84E1FBDDA7F82BC71
:10FC30001DE7E5BCF577853DDA7C96BD46F63E3E90
:10FC4000C22F9CBDBA7C443D1ED9AF3D4E28D2BCCC
:10FC50009094B9BB37544F3E7CD9173ED842BDBDB6
:10FC60002A3DCE3CFB6F6A3E20FD6F3DF602623DB1
:10FC700084C187BCE9FD243D9E0F96BD85B5333E0A
:10FC800069366F3D3F6E013E98004F3DC39C8BBC73
:10FC9000B0AC2F3D18302D3EADBE773C2C8F283DAB
:10FCA00066FED8BD607A673D87F17FBDF4FCE83C15
:10FCB00025E50C3DD1964C3DE0192ABB9B1F6B3EC0
:10FCC00057048C3BCA673B3E6378E3BDA62A503D90
:10FCD000604D16BD79DCBE3DB70A493E8047FFBB8B
:10FCE000C42966BD6056043E106B513DE0FD9EBCCC
:10FCF0005FCB6A3D6F59143E81D5B1BDD210DE3D58
:10FD0000A5510F3BB482463E78002D3D950FA6BD10
:10FD10001912BEBD82D26D3EED3D443E81A0B7BDFD
:10FD200098585D3C6E89BA3CC810153DD85AB3BC92
:10FD300097C5E43DA3352D3EAB3FD7BC6028A53D1C
:10FD4000DB1A123EFEE0363E3CF2F2BC776A543DCE
:10FD5000C012CE3B7088563E415C833DE84337BCC1
:10FD6000B42D183D0EC3893DE060EC3BDC3F2A3EDC
:10FD7000861026BCC148263DC1111D3C20324E3D97
:10FD800090FA483DC50C723E8E13B5BD7EEB943C97
:10FD9000A62D06BD6D36243E3595073E8C65053D86
:10FDA000722E9EBD3DB4C0BBA415A33D66CAD43C13
:10FDB000A1E5093D10060F3EBFAE783DE3EA003EE7
:10FDC000F452B7BC14DE8B3EF09E723C20207F3C88
:10FDD000576FAFBD8A1D8F3D472EEB3DD660C3BD2B
:10FDE0001F0AF2BD547F61BCB80D51BC42CB233E0B
:10FDF000781260BD1EFF7F3DE379EE3C3C699D3D7E
:10FE0000698986BB4DDD9C3D74FB8CBDEAC326BC75
:10FE10000091F5BA4345DA3D78692C3EC07F4D3DEF
:10FE2000E069CD3CFB8B9E3D521807BD15A26B3D92
:10FE30003EE987BD59515A3E2811993D53CCBD3DED
:10FE40007866F73CECE9913EE4B8833D7C988D3DC3
:10FE50009AA2BABD16F3A83D97884A3E94624EBD59
:10FE6000F0CC3D3D3E1F173E5CD1A9BCC0CD0B3E42
:10FE7000C183053B428D8F3D3B173C3C7E66613E16
:10FE80003C695E3D8AB4253EB4C1413D3DE413BCAE
:10FE9000775AEABDAD53423E08EE2A3E4A642CBD75
:10FEA0009438043DBA5F033EF0D5FF3CA2680EBC17
:10FEB000281CD2BDE82A723E1A79803D6AF9153EA7
:10FEC000BA3459BD74DD043E10B38A3CFE3C8DBD8E
:10FED000CDFD933C1D708D3ECE3EE33DBC5BDFBD52
:10FEE000F0146F3DE0E8363DDC10303D35201A3E21
:10FEF00027C285BD7FC1973D5BEAB53D1512413EE6
:10FF00000BEEF0BCD5D8153E5C21543D2AF2973D4E
:10FF10004E37BF3CD57A8E3ED941A93DB7B8573D43
:10FF20009865193D38A1203E88C2E0BC464CAE3CE5
:10FF300085EB0D3D7408453EC93D20BD357B233E14
:10FF4000E8AABF3AC090633EF0A16F3D98AA7A3DFF
:10FF50002C0055BB2207273E12A93C3E011A98BD32
:10FF6000A41268BD3C99783D3E40C2BD059D033D4D
:10FF70005A2AF73C95BEB23D74E3ABBDB9BE5E3DB7
:10FF8000C60D953DAE7D8E3EE0052EBB641196BC40
:10FF900050D98FBCDCC8323E8FA8BB3D96DAC23D3B
:10FFA000E02A81BDEE683C3EC07E5FBD002A2F3E48
:10FFB000A78B72BD19FEA63DD47E013EF78C803E14
:10FFC00001FBB7BDF2F4073E8ADF993D88CFFBBD48
:10FFD000EEFE913DCBDC503EB2564E3D72ABFD3D48
:10FFE00020C0603B50DD023C208B3ABC2251203DBA
:10FFF00077904DBDDFFA503E07D932BD50A4303E58
:020000040802F0
:1000000067143B3D1F0F3D3E5A3BB5BDBDD6CBBD32
:10001000DEB1E73D76A8373E91E0383E043D7E3DB7
:100020006482963D109D173EC8EEB93C289FBEBB2A
:10003000795B75BD9A3D613EA197903D379E9F3D8E
:100040004FA0273D4EBAA93D5C0ED23D502AF1BDCE
:10005000605F913B679F593EFDEC923B208ECF3C09
:10006000DB942C3D4695EB3D84F6D9BCBE11803C1B
:100070008DAC90BD627F9A3D3322883D55860F3E00
:100080005778B43B4B82633E78F493BD0CA78B3D0D
:100090008ABCDCBDDBCEBA3D71391C3E802CDB3D19
:1000A000CC525BBD6EAC4B3D4A07CC3DAB34C43D3E
:1000B0007935BBBDB634023EE8AF043E3BBA1F3DC6
:1000C000D6A4BFBD17B68F3E609B853B97F3A2BDFC
:1000D000A2588CBD5074F43D1625CA3DF822083D47
:1000E0002099583CEB65C4BC508AD53DB1FD483ED3
:1000F000816AB43D86F5E0BD9C0693BD7B199E3DAB
:10010000CDD0E4BCA827ACBD007406BB23B2AA3D89
:1001100062FBCEBDC82984BD8EF27D3DEE937ABDD3
:100120005E9EDFBDED1AE8BBC80A583DFD83673E01
:10013000B1D2A0BC29A8B5BDC874E2BCE2D7153EB7
:1001400022B3EB3CB5343A3B9A18A03D454C9BBDDD
:100150001C780EBDA718E73D11939EBD603B6FBC98
:10016000F0967BBCB7CEB93D35DDD4BD0738213E16
:1001700040C4B73C0DA2C5BD2D9486BD8AD95CBDD7
:10018000831CD43D8A496EBD2A5ED63D05BDC03C68
:10019000989759BCF7988BBD832FAFBDA983E13DDC
:1001A0000013BB3DA6C07BBD58C947BC5E51823D14
:1001B00066BDC93D328733BCBC811BBE51E6833D61
:1001C0000E46973D6FFD4ABD1E2043BD29DFE13D30
:1001D000E85915BC68383ABDD7CD32BDAC6F02BD09
:1001E000F54E1E3D272CB83CB23643BDAC544B3EB9
:1001F00018AA03BD9241923CC4E8C43C80670E3EFD
:1002000096BC013D01B89A3D60052EBB5A6753BDAF
:1002100070E421BCE88EB03D04658AB9ACC79ABCD5
:10022000D04D313D8C8CEABCFC63CC3D1AF1A13D34
:1002300048A7E63D051F38BE7D8494BD6087273DF5
:100240004ECB07BD2416FE3BA8B50ABC7257183D1D
:10025000C2FDC1BDF6F1DD3DF37874BCB085163C3E
:10026000C4F4A6BD4FC36FBD17C4E8BD3558063EE4
:10027000E714EA3DDBC81ABEEFD8E0BDCAB7213E9D
:100280005655093EAB1EFA3DD3B4D4BDF0BC27BDD4
:10029000906718BDA23D79BDD30CA5BD50299E3CE9
:1002A000F7D9ABBD8775863D2E49BB3D43F46C3E07
:1002B000E67DBE3DE75242BD0601E3BD220800BC1B
:1002C000C5BD5ABD2A220CBBA826EE3DEE45CDBDCC
:1002D000EC6F47BDF4B42F3E2633993CF82CCDBDCE
:1002E000C138BABDD050B1BD60EF693C04180E3EB4
:1002F000188EF33D7BD07BBD37367DBBFD4DA73DD2
:1003000095BAF33D54B62DBD1829C2BD184554BD4C
:100310001ED3853DE8A6003E1A9E80BCA0F1CABD52
:10032000A42259BD23E8C83D10F73F3CFD534C3E85
:10033000DA84C6BD57700FBE70A3C5BC7EB5003E43
:10034000F7A5DC3D2A80E33BB0D8D53C8755D63DA8
:100350009F446DBDA57852BDA7EC673CEEB335BD9B
:100360005059CF3DEDD2CD3DCC7B22BD0DC9853E50
:1003700095B5963D967600BE93F40F3DEF1E84BD75
:100380001F1D113E4D6201BD8FC576BDC3BA85BC30
:10039000282CF13D797E06BD7B10BB3D3AE67CBD45
:1003A000EE279CBD6043D4BD26B7823D35A3D33D27
:1003B0005E70443C204C7EBDC5B346BDCBE0F03DF5
:1003C000401D95BB0AFB263D4CC1823D0B1DC13C27
:1003D000EA11E7BDB19B5B3D02CE1DBE0EB0D93D1B
:1003E000C0E589BBC75A693D5E1AB73D8D857C3E25
:1003F0005D1B29BD1C69BFBD263A2BBE30F0EF3D09
:10040000BC3BE33D856E783BC876E33D77C8C53D90
:100410001C22F6BC9BA4C9BBC02838BC488FB93D80
:1004200044ACDD3DDB0BDE3D08E0AA3DD64C323E60
:100430004AE7B0BD0A432ABE4B473FBD93B78E3D46
:100440000E794B3E75BC373D7CD0ABBC519689BD17
:10045000B03694BC640A0A3D3E75A73C7282A13D49
:100460003F598ABDEF6D3F3D7630EABD82AD8E3E8D
:10047000CE6A4BBD8C8B1CBEE526FEBD805EB0BC3B
:10048000D9CE7CBB8172963DC0202FBD5674CABDAB
:10049000865C55BDEA7594BD5B9EDE3CB12C693D22
:1004A000E06801BDC14C0ABDC829FE3C383D853E0F
:1004B000392FBDBDA72E92BB90E8AFBDC012F23B55
:1004C0004E48983C819A89BD940E5FBDAC55873BE0
:1004D0004BFD6EBD57609F3D1E9006BE0A3639BD6E
:1004E000AFEAB73DEFA55FBDA834333D8E00883E2F
:1004F000A22DC63D7593333CA67FE8BC9754ADBC96
:10050000C67A323E9B16E23C30F3AC3CE1D9B2BD38
:10051000A976E6BD0F64B93D099E7F3CF048F4BC66
:10052000C43B5FBDA5D3083CFCE72B3D003C063E29
:100530006995AD3CAFF11BBC9F7608BE6B87323E20
:10054000F143BF3DC2BC7CBCC0FCB13D9A88E0BC5D
:100550001A0896BD8065BB3D5DA9D9BD1FC0E6BD2B
:10056000A20084BD951D2E3E96728E3DFA57B33D76
:1005700049160CBD1282E6BDD87DAD3D3EAE263E8D
:10058000571C5A3ECA03CF3D34F77DBD271B443D5F
:10059000D810A43C8CF1FD3D9388B03DB676C63DA5
:1005A0009E2281BD9AD897BDA057A63BCB93D13D43
:1005B000AEE6353AF787893C007F403D45A3C43D10
:1005C0006E920C3D171E673D84687A3D6E4BA3BD4D
:1005D0007E91AF3D08D4F33DE4CACE3B4055EFBA1F
:1005E00074B5DDBB882CD53D180B513D6DF5203E13
:1005F00041DFC13D2CEF15BD416CAEBD77092C3EEE
:100600004CCF0B3EB607013E008A18BD549E27BD55
:10061000B856343DCE5A5C3E24E0E53D92EB7EBDBB
:1006200078DB4FBC5605313DFAEFB93DF7C9E93CDF
:10063000C6A0A53D5301553DE05A18BE7142853C08
:100640007E72233D339CB2BCBEBFC4BDCD5CB13D08
:10065000132EE5BD6163483EC944983D1893D13CD3
:10066000245E5B3D0E4EE9BD28B257BD63F88FBDD9
:1006700042B5EABD2425DEBC7D6B01BE8DDB96BC98
:1006800005C64EBDF8132E3D747583BC85840B3DA5
:10069000B015783CEF9DBFBD634881BCC0D1E33C41
:1006A000DF32ABBDB2829C3DDEE68C3DFFCCA4BB0D
:1006B00056699ABD90D234BCD7A6463C814FFEBD48
:1006C000B547393DDAE060BD1A1EE73D322C0A3DE0
:1006D0008C5C9EBC59D8F1BDB828BC3DA40843BD74
:1006E00030FC8B3C74CEE4BD87F0D2BD0030BDBC85
:1006F0007827BFBCD36964BDFCB2C3BDB420D2BDF2
:10070000CC7ABD3DB00888BC7C1B82BDB4E7E9BD96
:10071000D2958F3DD2A80FBDC05C893DC49CA1BDC0
:1007200094BBDCBD2CC20ABD0C75963DF3A2BCBDCA
:10073000D3532ABD4A3ADABDB0A840BD74478BBC3A
:10074000F64EDC3DEFB8E63C78BEDB3CB0E929BDB7
:100750008361C5BDE451C7BDD179B2BD50A7FC3C92
:10076000D2F9B83D988A04BD50398F3D56FCA2BDE0
:1007700032BE41BC61E6E7BDB05D163D6B0225BCF3
:10078000307B8B3D5AEAA4BDC00E7F3D3AC4E3B92D
:100790005867F63C10ABC33D652C24BDE34FCFBD7D
:1007A000B973B0BD52D4DC3DC6F08B3DF8EA173DBD
:1007B000A07B5E3D00DBD53D985E7A3B9528F7BD7A
:1007C000AC2F913D6C278ABD74AAE13DD2B756BCCF
:1007D000FEA99FBDC59FB83DB329F63CEAB6E33DEF
:1007E000328BE0BDED9F033D806C9F3B34E7823D43
:1007F000C85A6E3D221EADBDFBA4BFBD3D1E59BDF6
:10080000E47CF13DA0FB593CA4E0393D919384BCCC
:100810002643813D9EFFC33D1E4E35BCB7DDEBBD7B
:10082000C8068F3D2937C0BDF867153D4277E7BD43
:10083000658C4E3CCE6B7F3C7AEDF0BD116B973DE5
:100840000D37AFBCC0C1EB3C9FAABFBD34E7B0BD04
:100850002035CF3CF51AECBDD91044BDD22871BD6E
:1008600040A9BFBBDF219C3DB84B413D8A84AD3DD3
:10087000656C0D3D0701483D088500BEF5ADA6BD80
:100880009BFFEEBD683D5CBC205C6B3D5392333DED
:10089000C80EB8BD77FD44BD2A90EE3AE42D1EBDCA
:1008A000A0754BBB2882583D0E5DBF3D3E01B1BDDA
:1008B0004BA5EABDBE196F3D4FFD143D037DD53DEF
:1008C00044E2F03DCA2E9FBD10FD713D40CEADBD4E
:1008D000AA8586BD2DDD9C3D378595BD9A06AEBDAA
:1008E000F9DDE5BD8E49C83D18D0ADBD97EEE9BD37
:1008F0000784B13B61B1E73D982C1CBC95849EBD3B
:100900004F7A7CBD8808BF3DB85477BCBDFDBC3D67
:10091000CC8FAF3D16F0B93D5142ABBDC8ECAB3DFD
:100920005143F0BD59368EBCAE4988BD37C6DBBDDC
:10093000E953FBBDD65ABB3D3FB3DC3C2667D7BB72
:10094000CC2EFEBDB1087BBD40F7E4BD4CD3C53D08
:100950001AD6E63D9AD5263CF4C9C1BD64A2473DEE
:100960007EC8C8BDF4A8973D2069A33BC0A5D83D6B
:100970004D88213D430BECBC178FDF3D3FC3AA3DA3
:100980002172CDBB9AC8883DB20AC63DAE2F473D05
:10099000CE6702BD49BB0ABEC807BFBDC328D6BDCE
:1009A00058ABB6BDD182D5BD90BE583D99C8BFBD2C
:1009B000EC64D3BD8AC27B3D42EBDEBD9BE64CBC02
:1009C000B0FE4CBDCCFB92BDE610B03DF6648FBAD4
:1009D00070F4DF3CF4249B3D7CC3C9BCF9E5D9BD70
:1009E000F4F4243D0713AC3D4033953A6328F1BD40
:1009F0006BDD63BD89BA0C3D6F9B143D41B1C0BD39
:100A00000817CC3BEE2496BDE0D3A7BB0E1C0B3BD6
:100A10005D6883BDD504DABDEE88E4BD4E470FBDE9
:100A20000830693DF80C7CBC0CEBF33DE5FBBEBC2B
:100A300026AEFDBDFCD19D3C3D09133C37BC57BDE6
:100A4000E6EE903DD46D6C3DB86027BCB1571A3DC1
:100A50005813AA3C800D05BEC5A8D63CFA8DB53DFD
:100A6000BE56EA3D3907BDBB4ADE61BD297383BB73
:100A7000A53D22BDBCE459BDA6D0B8BD054F193D6A
:100A8000D73AE3BD0A75E7BDB4AB47BD587BCBBDD4
:100A90007CBB043D5119123DA72C50BD705949BD76
:100AA00058F066BD0B29313D84172A3D88D9DC3DBD
:100AB00048C6843CD1B9F5BD0D83C2BD5DC3DFBD61
:100AC000F0DB97BD70EAD23C40152D3D72FD3E3DF6
:100AD0007CBCBF3DF921AF3C4A35D7BDC0A6C83B61
:100AE0005017A2BCDDC0C53D4E2951BD7844C93C5C
:100AF0009EACA13D0F2998BD0C2F85BDEA7DA5BDFB
:100B00000F43213DE8F7BD3C309AF43C2D98463D1B
:100B1000442ABBBC243E07BE813555BD65ABECBD48
:100B2000F80E75BD7CF996BCF88485BCA8A8AABB54
:100B3000B14AE9BD19814E3D67F9AF3D1420373DFB
:100B4000BEBEE43C0FDA223DB1B892BDBF1D1EBD52
:100B5000F04990BBC3263ABD5CCCBD3C14ABEDBDA7
:100B6000E29A75BD3F2A93BC7093053CBB49CCBD4E
:100B7000EFCCB6BD832645BDB083FDBD9662CA3DB0
:100B80009AFE0ABC8DC1AD3C34DFCDBD4127CA3CC5
:100B9000A87B69BDA89BC6BD465D3F3D74D0BE3DE8
:100BA000A00A57BCE21A473D6ECA4CBD934EC23DE7
:100BB00088BB5ABD7CF25A3D28BE553C8AC82F3CA2
:100BC00078DED73CA868973C4CF39C3D2F06A5BD2A
:100BD00078EB9D3C15FAE5BB8DC6AFBDA851A83C8E
:100BE000682227BCA77D5F3EF17181BDDE5A873D3B
:100BF000AF9245BDA6A8133E2F0D583C00FA833E88
:100C0000279B9F3D81994F3EB85BB1BD5B33823DD1
:100C1000A080F2BC8F5F723EDC3AF63C80C67F3D1E
:100C20002017F83B80AFBD3D4038243D7DB0AF3D3F
:100C3000CA60A23D8876883C18B347BD0263653E12
:100C4000F19BAEBD3CA30B3E0424263D445B58BB48
:100C500000E21A3CA0CFE43D8FB81F3DD00015BC88
:100C60006921BEBDB21C783ED587DDBD4D8D6ABD04
:100C7000E855B7BCDD4A923D26FD033D79B0B93D4C
:100C800000D6353DEE7F4A3E0EA9EF3D4BAEC3BCCC
:100C9000F269C8BDEC15193E17F2213D1EA5BBBD7A
:100CA0000D3BC7BD27ECC53D6485A63DC69CB0BBCA
:100CB0002BD074BC4C800A3E64FEF73CB086C73B28
:100CC0003A25173D108A333E8A158ABDB57486BC15
:100CD000EA0443BDA8F6673D8D3C00BDC0403D3DE4
:100CE000F0F7E83CA2C0273E50E7D2BC8D780DBD9E
:100CF0007E80003DF637073E64895EBD8FF9623D18
:100D00005BF9E43C04AAC93C3498B8BC6AA892BD1B
:100D1000C84160BCCD37E53D32742F3EC0271B3D36
:100D200082EF68BDCA61313E5E1ADB3D05185F3A4D
:100D30008846F9BC45F4E43C0442283DCF248BBBF3
:100D4000C9A4A33C860DEC3DE8D7993C5443F53B40
:100D5000C00EF03C8704D23DD004523E72B3C0BDF9
:100D600028730EBD564D0F3E6DA987BD52284B3DD1
:100D7000F1C30A3DBBADCB3D88B928BCEDEE373E93
:100D80004E6D793D1DCAE63D44BC793D5DB49BBDC9
:100D90000E77A43D4BCB55BB3F530E3EA0429D3B2F
:100DA000D0ED30BD35E24C3E5485B03DF52B88BDCD
:100DB000F5663EBD4CDD683DA714EA3DBAA2F23CA3
:100DC000D8C70B3D92632F3E68619ABCC938FABD03
:100DD0005A66883DB0502D3ECB67503E0052E93AEE
:100DE00022DD54BDFDDA553E5004303CCDE8F83DDF
:100DF000C6AABA3BDE44D73DA555FD3D93F9303E2A
:100E0000B6B82F3CF1367C3E94BF273D6ACAECBB96
:100E10004151B5BDE2C9293E266A243E9096BDBD2A
:100E2000EA8FC1BD3617DB3D6EBEEA3DAA6EFCBD42
:100E3000A70E0E3D59E1063EDE89633CE85D8B3D21
:100E4000AF68F2BCDE1A3F3E8A028BBDE9DAE93BAD
:100E5000A0762B3C348DF03D0FD5AA3D70FF3D3C74
:100E6000B96578BD11BD563E2CBC543D7DA6C53D2F
:100E7000FF90AF3D9A39ECBBAECA0E3E64C5793DDA
:100E8000CAC35ABCDAA1243E7CBD853D8707CE3B50
:100E9000B4C4B0BCBFB3143E0EBEA13DC85DFB3CA4
:100EA000A013293B8BD6523E801E4F3D556A23BE70
:100EB0002229443D70B9BEB81DEFF0BC1F24153E79
:100EC000D5512B3BF473433EAE8F18BD8D65D0BD1D
:100ED0001376E4BD0DF6A33DE4D7833DC8CD62BCD7
:100EE00004F8813DD86B213E605A543C9D4AD1BDE7
:100EF0009910AB3D1B5A893C0128E23DA413813E69
:100F00009414533D830B043ECAB8DD3D5D2ED3BD22
:100F100000FD103C004D853D8B6D663D248ED4BD9B
:100F20002B28A2BD7164423E20B98EBDBEF1B1BD79
:100F3000874791BD5DC08B3D219E7EBCB7FD053EC0
:100F4000A83AB6BCF758713EC23D95BD4C8149BC2C
:100F50005BCC99BDDBEE653E4B4E2E3E045AEDBC9C
:100F6000ACADABBD07AEBA3DA8A171BCCB2DDF3D8A
:100F700075CEF23CE68F013D974AA63D8731453D4F
:100F800003FB0ABEB2F9973D2042883D3A91F8BD75
:100F90009AC3BE3DB08E433E3ABC7D3DF9AED9BC4E
:100FA0004099BDBD646B923DB0B77ABD56374EBD1A
:100FB000E05CD6BC08DF193EDDDD7C3D0AD3163D82
:100FC00010F4863DFD3E153E6A44E63D465290BA19
:100FD000FD5C933DE86DAD3D1E86093E29E71C3D55
:100FE000AD7FA3BD0220003E8456EBBDDA6FACBDE1
:100FF00033BF74BDE392503EDA1C5D3D8D852C3EBF
:10100000C71EAABC4675C93D6EE6A23DB27560BD5D
:101010007A520FBD6B4BAB3DE12F5D3EDCA4533DDF
:1010200064C6573DF3131A3E16F9C83DB2260A3D71
:10103000BBFABABC4832963DD0EC823D3AEE363E21
:101040006231C33D5EC1253EDADFD9BD7C40E43C60
:10105000B911C5BDE6896F3EA322213EF275AA3DB6
:10106000880BBB3C1BB6F53DE4A99A3D251C9BBDF6
:101070005D297F3C79ED5C3EB6B91A3EDBCF943DED
:10108000297364BD4A26F93D202A393D918FB3BDAD
:1010900057197EBDA8148E3AD742833D7617BE3DC0
:1010A000710995BDD450EE3B2411A6BD03390EBE87
:1010B000BD37DABC3D90643E3A13723CBDC8283C53
:1010C000E9003FBD62B22B39604390BD4278AC3C31
:1010D0007E48A03DC6B14A3E0806413E1CA2BA3D2C
:1010E0005D2E81BB5180343E601B1E3CB1B680BC7E
:1010F00067DC5ABDDB14AB3DC8CC8A3D9C41573EF2
:10110000B093A3BDC641313ED888ACBD160569BDBC
:1011100070A36DBD9AB16E3E6483D53D087DAABDB6
:1011200014DAACBC7C9ED23DE3ECA5BDA9BE83BB6A
:10113000C2F868BD9BC5493E1D3844BCA438563E24
:10114000BF622A3D67177D3EA4469C3DB6EB943CAA
:10115000422169BDB730813E7A71223E267F803DB3
:101160008419BFBC92AE073E62D8803D3159CE3D56
:1011700060CABBBD8881B3BD05784E3CE00C00BDA4
:101180001BD7813D4B1EA5BB088AA83CD3080F3E48
:101190006016C1BB1C63873CFE6F6F3D404EBABCFE
:1011A000480C5ABD135D013D761D46BDE6E33E3E4B
:1011B000C980763D623F233C1590273CCF4B2D3EA6
:1011C000978534BCFD3211BD22B76DBD59EE903DFF
:1011D000364111BDCEA33A3DDF29BBBD0A9CCF3DB0
:1011E000B68D11BD3F1DC13D04E5653DC3995A3E15
:1011F0007E733CBDFEE2233DB1A88FBDBE68883D35
:101200001DD24F3EC88220BD908B8A3C18CEDCBCDC
:1012100026C3E83D6AEAA03D9EACE2BDA8F966BDE2
:1012200034DE81BCB2F2E4BD88C6D23C17B5473E7D
:10123000195E00BD6AED4FBD720AC9BC8AD61D3E5B
:10124000E2E0DD3D23F908BE5060B23D6BB0213EC7
:1012500000E938BA70F25FBDCC6B783DD407C33D6E
:101260004B0FA53D51F96C3D38DB2CBCFA0C693EA7
:101270005CCD033E3FA4A9BDAEB1D33BD6BA66BD9B
:101280001D979F3D824ACDBD7C68403D856006BD6F
:10129000722B943DEA125BBD809B5CBDA24554BDA0
:1012A000F391EFBD18A3B73D3736D4BD3E32D63DDE
:1012B000D03EE33D35EB4DBDA7A3CB3D37000F3E00
:1012C000F2E7243E1D30CABC4E9482BD523CBD3D67
:1012D0004A1501BDEBE718BDE87ADCBB144BE9BC4D
:1012E0008C3888BD6FC4083D18AEF13DEFDE3A3E44
:1012F000B2CC1BBD3C9605BE41AB35BCF6235DBCF4
:10130000F0D8BE3D77AD0DBC8405EBBC453E2ABD93
:101310002420443DB9828B3DD77EB73CD0FFAE3C04
:1013200031B3BBBDD1C3A3BD4453CCBCEFD62E3D1E
:1013300057789DBD576840BE67AC9BBD731A673D2B
:1013400084A6713E25B0D7BC47E095BDE140753D10
:10135000CC895D3DDB23F73DE64A0BBC0885233D88
:10136000BDAFC6BDB945B2BD6E3506BD0F100C3C54
:101370002A3DB73D0D22D9BD116776BD740A403EA6
:10138000C701603E1FCA77BDA08D77BCF59D243D87
:101390001875873C9833823D21959FBD167BE9BD2A
:1013A000BE959DBDEA09503D4C94B3BD740E1B3EE5
:1013B000E974803A7BD6F4BD54B71D3B706E723C25
:1013C0009D81123E4520F1BDD212BD3D87092F3DC2
:1013D000C04942BD17FDE73D464DFE3C20FF2A3D7A
:1013E000D8343EBC5ED887BCDC4DC93D2912A5BAB5
:1013F000CC2B753DBAB2463CEC701BBD6C17103E51
:1014000083379F3DBB6DC9BDB0A52F3C26EDE53BA5
:101410007131C8BD8AC2293C926C113C883F3F3D66
:101420001825883CBA09D5BAD0566BBC32D63F3E97
:101430005DBABC3D240E39BE278359BD160D193E39
:101440006F86823DA983043DB4B6C8BC4D85133E6A
:101450008C25343D8BB25EBDE364F8BC988E9CBD98
:10146000180E24BC5E919EBDFC9C86BC24487F3E29
:1014700042D4633D3A2A13BEE8C4C6BD731EA03DE4
:101480002B00953D528D90BD20E0913DA7892C3ECB
:1014900020C80EBD1BC40A3C84E0E9BCA61CB63DB6
:1014A00078A8D03D2B15A63D68D0F83CAC00873E0F
:1014B000B043F2BC31543EBEB86A26BDBEBC9FBD2F
:1014C000D7D4F63D57F444BCF7C397BDFA7C8D3DA5
:1014D000AE5EF03D86B9A4BCB46518BED2B9E53D98
:1014E000C445F43D4DFDC63D2675B5BD269F153E50
:1014F0004A6A4CBA8AF321BEBE759C3D3416033E3F
:10150000F44E8A392C350C3DCC9C8D3DFAD31FBD51
:10151000E8A0663DFE9C013E408F07BEC587F2BD38
:10152000207E713C01720ABD8806A83C86BDF63D4E
:10153000581925BC66990EBE52DBAFBCFEFB073EB8
:10154000F7E826BC8B23E63A008CE7B80E0B563D35
:10155000D77EDABDDEE549BBB68ED4BDCAB0B5BD17
:101560004B3ADEBDC4798FBD3168BDBD45E1493E12
:101570000D39ABBB81BE6DBDC78AA6BDEF3990BC2E
:10158000FA64223E6ABFF7BA66EB1ABD57DD913D99
:1015900070CD6B3D35157CBC6BDAA43D409C66BDBF
:1015A0004A168D3D0C60C63C160B64BD1357323E87
:1015B0000C26173E727CA9BD035F07BD91323D3EEC
:1015C0008D33073E926EC13C1063133CC07743BD20
:1015D000060CA73D7CE09F3D91C83E3DA4F59EBD15
:1015E0000057CFBCE58334BD3E66B73D1EB2053E15
:1015F00000F326BB1261C2BD51B085BD60C08C3DF9
:101600007CC4383E1EDB64BD08D379BCE64E58BDB1
:10161000FC2546BDCA15843D3BC5D2BDEC420D3DFF
:10162000FA9F36BD626B1FBDE8AA023DBEA8633EAD
:10163000EC3A82BDAD283C3D0F9AFEBD6F19583E75
:10164000434BF73C590C873D6284B8BD24FAFE3BFE
:10165000D0C3E63C6F0B9C3DABD9323DC0C3833A4F
:10166000CEEC093D30BA123ED052D1BD07F24B3E0E
:10167000D8C1F6BC4AE6E7BDB4A60C3D54D7223E1D
:10168000A36C103E877595BD6DE1E4BD63007DBB25
:10169000283087BD3C12033E4D024BBD02DADB3DD4
:1016A000AA788A3D99BE083E00CC6F3DB3C41F3E68
:1016B0005EBE5CBDE3C4F0BD2AA9A2BDF895523E52
:1016C000AD82703D98A805BE80C9653C7CEBFBBC33
:1016D000B054E6BDAC76F23DE381033D5E2CE03DC7
:1016E000D447E2BC6F564B3DE0B9903DEBD3F0BD23
:1016F000F91C333E800D593D215411BC1428E1BD25
:10170000CF23A0BD514BC03C508E053D208617BC59
:10171000A07722BD34C777BD83E3053ECB32D6BD6B
:101720005C973E3DD81D6B3DBFB8BCBD66DF10BEAB
:101730003692073EDDA6C53DF606FE3D510843BC88
:10174000FBE04ABEC9CE053E05D89CBDC84669BD72
:1017500000007436DB9F50BD6E5C203C005F3BBCDC
:1017600050AFBD3C50FA253D6CDC7FBDDA3780BD03
:10177000D2A9623DB663DDBA61B088BCB9AE683D3E
:101780009DE1B9BBAA10363EAAE8B53DBA8CDCBDD6
:10179000DA3106BDC6188BBCC750C63D8B65A8BDE7
:1017A000D657E83D2632283DEE2EE63DE53075BEA3
:1017B00044CB92BD09A1C63DC02F1A3E928E273D53
:1017C000E5D1B3BD5A6C2D3EC05DEA3C1DDE803DC7
:1017D00028B9B83C22AE02BCE73D9A3961549CBDA1
:1017E0003C11DEBCCF10933D62903DBD095D3BBE18
:1017F00070FEDE3DAB4C793D674F273ED4FCE539AA
:10180000532017BEB356B33D0C07653D0CEFA23A0B
:10181000CC983E3D9FB9D5BD64657ABC40A9C53D15
:101820002F8C76BD0F1E9F3C942AD6BD68C123BE67
:101830008468023E0362083EC800D83D2213833DFF
:1018400090ED04BECD1DFB3D5ABC93BDE8869B3C8C
:10185000547493BD649D88BDE5610C3E26BFED3D8B
:101860004918ACBD0E853D3C00C2BA3B19774BBE52
:1018700020B6193ED8C8E33CE186263DDC0CABBC63
:10188000F17B15BEAE85E43D844C063D44D626BDB5
:10189000C6B5BDBDE5E3BFBD57983D3EF842453DE9
:1018A0003412AE3D7AFECE3CC258443D782B16BE73
:1018B000AF999A3CABCBB23D965D2D3D66CDBA3B20
:1018C0002AE42CBE3AF210BC4A656BBD6D83C4BDE0
:1018D00074355C3DA1E50A3CE1E5133ED410933D2F
:1018E000CF08A1BDF696923D16F049BB21223CBE21
:1018F000525CA53D45E0383EC1A5363E1E6A0A3C15
:1019000023F46BBDC9591D3E6A53C4BD785CD1B880
:1019100068FAA23C9A30F7BD14CF263E0C2EDFBCED
:10192000BA0E8D3DCF22D33C90D2F4BBE9BA2EBE85
:101930007C0E8F3C03E820BAFBB80B3E6209763D73
:10194000B7ED96BD3167143E014677BD8400703D0A
:10195000DEF11FBDA479063BBCE3793DD2B356BD91
:1019600030E1F53C24FA73BD2CA87E3D80BC96BDC9
:10197000C2F2223E84AC893DBD993A3E392048BD31
:10198000C21DFD3C3923B43DB8F175BCF6028B3D58
:101990006045E9BD5C4BAEBDBA7B04BCE4C127BD6C
:1019A00028AD083DF90D2BBD949C07BD00F62ABD5E
:1019B000C5C068BDBE123A3ECECC673B8F1AF23C22
:1019C000AA5B813CA18CF23DFF76A9BD321E2FBDE2
:1019D000401B12BB900660BD658B563E35FFE0BDD7
:1019E000605B3E3D5FD65DBBD44C983DFB0FE8BBD2
:1019F0002F50663D5FAE2E3DF432903D544243BDC4
:101A0000797AABBD56A0463EF43CD6BC9FCB65BDB3
:101A1000C07CD4BC3DFFB0BC1536C43DFC1DC53DEB
:101A2000BAAF0BBDC51C0A3DA04D243D6E8215BD4D
:101A3000415BD13D8C95DC3D708C2C3E752B9C3DE3
:101A4000F0424EBDDABA503E5C13A03D98DBCE3D6D
:101A500024F28BBD4641023E5E8CB83D2E7DB9BD61
:101A6000C8E3F33D5CA7C43D542ABBBD28D480BD68
:101A70007D3DA4BD10E4DE3D3E9C8B3CCB1B663D12
:101A8000A4C895BDE6641D3E3898B3BD16A823BD15
:101A900084B8B4BCF8C36CBD4DC870BCB9BACFBD76
:101AA0000026093901EEA83D926DA0BD82141FBE2B
:101AB000DFDDAABD913DAE3D8111123E1BD17F3DC0
:101AC0008295F6BD9CD1713E1A53B4BDD661483D96
:101AD0000CD964BDC30F43BC75A7EE3C5037DABCCC
:101AE0001C5FBF3D1D4AF53D2A551ABD561640BE26
:101AF000847409BD5E73543CE11F973CB77E4B3D37
:101B00008EB4ABBD2368213E4C81283D390E79BD92
:101B1000044CAE3DC5CD26BDEBC53D3EA46D93BC8A
:101B2000E0BD703C90AD62BD002E69BCC2AD15BE7B
:101B3000FE965F3C68703E3E1804433D75A3DC3C56
:101B4000D54612BEC362853D7E1AA43DA5D9CEBD41
:101B5000D036043D0BFDBE3DC583CEBBFAFF8FBD25
:101B6000CEFF99BD47DD29BDE4D9C9BD2EEB0FBE1F
:101B7000502AEF3C1C56363DCE5C043E2B20A0BDC7
:101B8000B4A9793CA1D9B3BC24A4453DF2582C3C5E
:101B9000D884323D6EEF913DBA41E53D21CBF4BD95
:101BA000680B5BBCD54C2C3CDEB8B8BD6C8438BE31
:101BB00089F4583DB8CE3D3E59DF313D8C1735BED6
:101BC00006221DBE86BAB93D0E3EC83DF2E3BD3DBC
:101BD000EE16C93D8FCF1ABEA7E8263E30163A3C16
:101BE00000F438BCA0C4CC3D950BF8BDDA467BBEF2
:101BF000DF6D693D06F9543D6989F5BBFE16F9BDF7
:101C00002156B8BCF1130D3E2CE9E6BDED0DA23D09
:101C100012912DBD2E87CB39DE3D3B3EE2B32CBD6C
:101C20003288E73D50C28E3D626309BDC51B84BE4C
:101C300019CCD3BC66325E3C761AD63DFED63CBD8E
:101C4000A674FD3C82BFB63D876A78BD2061943D95
:101C500008B6EDBC737DE43C1F6CE93D14D5B1BC06
:101C6000A812A13D5009C1BD4A8EF33D448520BE56
:101C7000393EEA3C044FA8BC3D930B3EBD7645BEC1
:101C8000CC9D09BED07F7EBDC018B93D03561E3B1A
:101C9000FEA2C73DC8E8C2BD7E718B3D58A02C3D59
:101CA000E61D51BDCDD9BCBC8D91B3BD59AE3CBD77
:101CB0008950393E3887FE3D55A9613E58E14FBDF8
:101CC0004ACD47BD1FC630BEAB43B3BD71E1B03C8A
:101CD000DC7558BC06FB43BE63F20A3E9036313CCD
:101CE000E65AF1BDDB7002BCC41D24BD2C479DBD6E
:101CF0006053133E0F23E33D64E3243E3D7224BE54
:101D0000ABFC11BE6A21E2BD20859DBD3E8ED0BCDC
:101D100048BFCD3CA3CB41BDBA173E3D2235C9BD1E
:101D2000FE2F973D8C67FF3BB652C4BD586FE3BC96
:101D300019B4303EC9EF713D1B1ADC3D100E09BECF
:101D4000761BD8BAFBAF02BE0026B03CD0E208BD7D
:101D500024A2A4BD0C4E0ABEA576983DB429BDBCF4
:101D600048B6D6BD536BF1BD70EAA6BBE83CD7BD03
:101D700084733B3EBBD7D63DEDC13B3DCB341DBE4E
:101D8000134B16BE27C001BE2CA3333D9847893C98
:101D90007CCDEA3D8DD095BDC0D7143E1E83ECBDF1
:101DA000808D2F3CDD02B2BD48FCD7BD969C63BE42
:101DB000FCE7E03B5481ED3D7B52663D6669D8BC53
:101DC0005DE6D8BD0CABEFBC86AB1BBD6AE6C0BC04
:101DD000DA85D63D7A6714BD6BA49E3D5E78EC3DF6
:101DE00043CAE3BD587A07BD38FBD2BDE6FE12BE3A
:101DF0007C0A4A3DD02FD9BD5E1C02BDAFE5AABD0D
:101E00004F551CBEDF001CBEBE808D3DBAE00E3EAD
:101E100006B023BDFCB311BED13DB13D4E4DAF3D2B
:101E2000E42C563D4F7623BEDAF0D53D302D48BD2B
:101E3000675D813D780FDF3DB5CEEA3D503157BD3E
:101E400032F012BC6FE4CEBDA88AE03DC2B8583D66
:101E50008115C63C939D5EBEAFA5D73DBE1EB03D6D
:101E6000BED0F33DB9700EBD7C01CABDE1B6F8BC71
:101E7000BA643EBD2D62B7BC9DB1333E189364BEBB
:101E8000396B383DBD2069BE041088BD17ED093E91
:101E900029CE7DBD978C1ABE0169B33DC1FE8BBDB5
:101EA000990C79BDDA2789BDE8FCA93D34FD50BE07
:101EB00096A5CD3DE090853C27AE1B3E44E3E5BDB5
:101EC00090B8C3BDFD0D37BE02D2EA3D36BF293DF5
:101ED0003066883DD33569BE52E3103CA00F10BB7D
:101EE000609F4EBD5440333D6C21EE3D7F06DCBD0E
:101EF00022B6903D4E73A2BDE359133E94355FBEAA
:101F0000C380C8BB879016BD90FDAABB8471DC3B23
:101F10008C3BA63D84F04DBE3394203E188C9BBC78
:101F20009472D63DAD57123DE626DE3D9C4C3ABE3E
:101F30007674EE3D634AF23D9C28463E00DBE5BDEB
:101F40002C038DBD31BE71BDE470563DC0C9683DE6
:101F500055FCB9BD60BC4ABED0C7EF3D9203AE3D53
:101F600054FD84BD89853D3DC4C467BD0B9982BEC7
:101F70007943A5BCE7BB35BD5786CA3D149440BD27
:101F8000479E013C663E263C78827DBDBFE6B13D62
:101F90000028AF3D18970FBE9675213D1845A43C0B
:101FA000CEF4EEBDE4351ABE205C763C130BC5BC06
:101FB00043B1033E649644BD70870B3DCACE1FBE3D
:101FC000D5BB2ABD3AAE05BD703D373C8473A53DF7
:101FD0008DDEC33DB21C8FBDF4DCCEBC6592B1BDBD
:101FE000EEBB18BD3282EC3BF63F943DF94008BE93
:101FF000E438093DF6564DBA3324503EC63F11BE73
:10200000F698B83C85C733BEF6209B3DE53571BDDB
:102010005C0930BDECF0A9BD1A6819BCB63E023DA2
:10202000082FC63C4AE8CC3C4A4994BDC20B5BBE73
:102030001152273E2F83B2BD0163573E23545EBD2C
:10204000095ABDBD054239BEE0974D3C51B4D93D5A
:1020500017C1413DD0CBDDBCC85FD2BC3710843D39
:10206000A870CB3DFD7EFC3C9444293D2B12D2BD93
:102070002A0D373E22380A3EC904BABA85F6F2BDA7
:10208000C20F38BD114178BD3A3F23BD5709623DAB
:1020900096FDDD3D2EA2D7BCFB4B2F3EBB6485BD1C
:1020A000D56CAABD792CF9BD4C6C87BD52D322BE2C
:1020B000692CAE3C55C3B23D10279B3C3C2132BE3F
:1020C00012E4BFBD689A31BE2D8FDBBDDCCD873DEC
:1020D0003CEA6B3D5B177EBECDD537BD10548E3DBF
:1020E000DA5D27BD290F16BE80B6883DA369EABD1B
:1020F000FCC73B3D4AC9DCBD1EE5CC3DB51C33BE2B
:10210000032ECCBD15A4C9BD6A15D63D7F90333DC5
:1021100028B5AFBCB4FD75BE777410BDCAFBB73D22
:102120008CA4473DDFE911BE3A0EA0BDBF7B46BE81
:102130002BC4B53D7474E5BD8C13443E181E8DBE92
:10214000C3962ABEF247B4BD78D7083D608755BD17
:1021500026DF9ABD14DB58BDE239BE3D6829DF3D5C
:10216000DE0297BDCA066FBDD8153D3D26CC12BD17
:102170008C829F3D0B268BBCE532AA3DAEB1C1BD22
:10218000D083433D41F2A3BD4056EE3D620AD63CAA
:10219000BE8A843D0C6540BEA99F1EBD1A1F873DA7
:1021A000EA4754BD41B7ACBD2EEFB03D7E64BFBD24
:1021B0003438E93DF3EB183D5C89283EB93E0EBE4C
:1021C000E5B29BBDEDE21BBC00B29EBAB3E7D03DC9
:1021D000AC3B923D38BA52BEC042B33C045C713D48
:1021E000CAF0B6BD688C6F3E0C5AE63D76E6E03B21
:1021F00064D9583D44EC093EA49A143ED5CF233E01
:10220000A3311ABDA4CD043E904C0ABC63DFF13C5F
:1022100020FB6E3DBCE62F3E6660BD3BE003E83B25
:10222000306CA03CEEC4E93D901A3B3C4112773C37
:102230004E197EBDF6BC8E3DC1B26EBCD3455B3E31
:10224000C6B1ADBDF586C13D0CF40A3D6A1FCA3B5F
:10225000162E9CBD90F9693E1A1D333EDC45A43D07
:10226000A8CBEFBD25AE983DE0F4283CC65B34BC5E
:102270005284B63DC784713E6B01AF3C75D20E3EB1
:10228000FCFAB4BC27B3963D20CB5FBC0C7A19BDD9
:10229000D047673DB0A9923E3F701F3E92C7B43D04
:1022A000349951BD7B13813E2BE0BCBDCE8D203EC9
:1022B0001089D1BC5BA0673EA74F89BC5381673EA4
:1022C00073E58DBDCB9B763E58592BBC6AADFCBDEA
:1022D0000CA4BE3D8E8AE33D96CF293EEA1C86BD06
:1022E0007F9D3FBDD9E5FF3DE40E5A3D8E3CA5BC28
:1022F000B35291BD30E5843EFB4D0CBDE2EB003E98
:10230000360835BCFD1A973ED0C3803CBD3C363DF7
:10231000B84883BD1C94063E6712393E44EC163D16
:102320005904B6BDCE4A103E9405093D8796253E18
:10233000F576C43D1E5FB73D706C88BD7509553D8F
:10234000A304F13D6389873EC44B69BD8BA5C2BD23
:102350000358143D2E41CA3D6785D73D480CC8BC83
:10236000626AE33D8B0A1B3EF20D8C3D007740BC58
:10237000758AB9BC70F6003E5B37053E8E0D573E40
:10238000C211A2BC39AA593EA8BD9F3DED41C9BDAD
:102390008610A7BDD500363E8070053E609F4ABDC1
:1023A000E9B65BBD83DF153EB41DDDBD33810B3E59
:1023B0008FF6A8BD57CB9F3DEA795EBD862A543E75
:1023C000262C8EBD5F264B3E523773BDEAA8933D47
:1023D000BEC35CBDAC5E0B3EF71ED23CA2802CBDE2
:1023E000B8F3F43CBE3F103DEDF5C53DAE7CA63CD8
:1023F000B30B0FBDECF8083E2D54A53DE55DB63D91
:10240000A2532DBD2414003EC833CD3DC7FF293D46
:1024100072509CBD00890C3ECAF72D3E909D333C06
:10242000F877E53D08180E3E357BECBD6179853DBA
:102430002ADD92BB99E32E3D3C61E83D1E446B3E94
:10244000D82844BCB5B2EB3D74BE98BD4D88E0BD04
:1024500000B9833CFE57843D04A4E7B90A0DCFBD03
:10246000B8EB6DBC0A27403EA4B040BD47FD2E3EF0
:1024700012CBCA3C8987E7BB452F7B3D690D3A3EAD
:10248000231CBD3C3F26253E80EBDDBD01EEEBB9B4
:10249000007FA8BDBFC98E3D00303E3DF07CACBD85
:1024A000B8DEEEBC1042333E8301A6BDE7018B3D92
:1024B0001B64DA3BB8847C3D10CBA6BDE1D3BC3DA8
:1024C0003ACED03DA7EC533EB4AF803D46380CBE6B
:1024D00050D9BB3C784B6C3ED782E03D28D1ACBD97
:1024E000C0EA823C3C9C363EE00A3DBB8A0958BCAF
:1024F0008F4F613DC3CA343ED58A99BD6EF7213EE8
:102500003E0F753CE4259E3E1878803D02B79D3B0A
:10251000CCAE2BBDC1DD2A3E9599183E5CF3EFBCD5
:102520006785E4BD555FE73D58FF26BC82D0843DFA
:102530005265DBBCEEC8A93DE74DEB3DE9835C3E4F
:1025400031478EBD8BC58D3EB80016BCA5DAB03CB8
:102550002F27F33DB70BB73DA7C0E23D0014143D54
:10256000BAE9EA3D66ADBD3DD6078DBD4EC6FA3D22
:10257000CBD30ABD7B64A53D9AB0ACBDADFC983E03
:1025800003818B3D1324AD3D586FD13C198BB53B76
:1025900077DFBF3CC67B8E3D74AE663E2DA94CBD39
:1025A0006CACBC3DE5046C3EE725A3BDC19A8C3CF8
:1025B000694E3CBD20ECCD3CBA2A993D7D33E53DCA
:1025C0006339DDBDE7F3883E39F7DABD3C060EBD61
:1025D000E134F33D18099D3DF2DAF93D1216323D22
:1025E0001EA6E13D63C74A3E0C8F503D39EE2E3E9C
:1025F000BE70BABDE2E2043EB754D2BCFD928A3E40
:102600004FD0623DB48D973E884B8F3C3ED8C43C42
:102610000EF89DBDCDCD333E90A1473EA504DDBD56
:10262000A0EB933DED85663EABCAC8BDE2110C3E02
:10263000377DA2BCB5EFA73CDD09893D0B3C863D4B
:1026400093CCCCBD66FDA73D90CFD0BD8031ACBD55
:10265000A00C0C3CEE10623EA78D243E78EF03BD2B
:10266000F05A3C3C4DDE4F3DB092C83CCEC354BC0A
:102670007FE606BDAAE12D3E9F10643C94407E3E5D
:10268000E8DEF13C6A202E3E08C2B63C77A8B7BD12
:102690009F7EB8BD749A7B3EEF13F33D1C0A53BD79
:1026A000806D733CE605833D5005913BB3D17BBD06
:1026B000177CCA3C0BEF023E6377A53DD430803EC9
:1026C000114F853DC04B8B3E2042A23B0BA1323DBA
:1026D0009271D33DF0DB043E9C2F7D3DEB1CECBDA5
:1026E00057263E3D8407203E46D0063DBC0CE3BC49
:1026F000A856453DE263533E3EDCC8BD3E841E3EC7
:10270000F010493D668D573E0443D83DB89708BC4C
:102710008AB2E03DC565873ECC84A73D4CF749BDF4
:102720009A8044BD4A540DBB082BB93D4ED8063B98
:102730008DA6CC3D242F733E58E8DD3DF5225F3E4B
:1027400072FAC93D9ADC833E08A1773D7CC1DCBBAF
:1027500038FBDA3D43841F3E1B04FA3D589B05BD00
:10276000A23671BD646402BDB463C93D538520BE09
:1027700075C6173E800F9CBDD05D273EBEF457BE88
:102780006107FA3C0C00C3BD2C6AC23D63C3DD3D4A
:10279000001A1839A717FABD51A9F0BD2CE8B1BD30
:1027A000425389BDBEFC07BEC833B63C655BC0BDA5
:1027B000F610AF3CAA199B3C3195713DD3A022BEC7
:1027C000FD427F3DA67E91BEAA4C94BDC7140D3E2E
:1027D000CEC880BBE1807CBE61E69F3DD0F5BCBC2D
:1027E00054F8A23D73B5A2BDA00105BD72E4913CB1
:1027F000E639A53D582699BD2F0570BD44F4B0BDFE
:10280000D15666BD6C5F24BE4455A83D07800F3E7F
:10281000E7C4E2BDDE22B8BD94B641BD718886BB77
:10282000979790BDB1AA68BDC8B3513D058C4ABE0B
:10283000A3E5243E8C33B0BDEDC9243ED3626CBD0C
:10284000E8C61BBDC0283CBE7EE688BD9730613E11
:10285000401CBA3B13083DBDBE3F52BDB8DDD53D5F
:10286000AFEB2BBD560E893C127ABC3DA9C341BECD
:1028700076FFEC3D556C17BEDA70D43D485C55BD13
:10288000C01B20BD5B9082BE20B5EDBC5ECA8C3DF6
:10289000D8A3A93C12B642BE718DD33D2673B83D74
:1028A0004825003DA1C51ABDF0089B3C076613BE34
:1028B000758F4B3DB36F88BCD804AB3D87BF47BE17
:1028C0001DBF093E3F9E89BEF1C3DFBD22A7413E29
:1028D00013A7A73D2BF662BDF73A063CAC7C873DBB
:1028E000B473213D666337BE82779C3D58782FBE16
:1028F00087772E3EE6FACBBC01F2003E2C594BBE48
:102900008F705BBDC9BC35BE609081BB8858A63D49
:10291000582C71BCD84263BD5AB7B63DD440163D61
:102920005C86EC3D3C7C383D6E0138BC17F493BCB2
:10293000F5980A3E20E30BBE5378993C7C961CBE6A
:102940004648D13D9A2282BEF4958EBCF85E203C6A
:102950004B8104BDDE46F5BD34A124BBE8DA89BC59
:10296000C023B23DA812F2BD5CB7A4BD51F1F93A43
:102970003730353D1D742CBE4D6D443D698130BEF0
:102980002C424D3DEB3B93BDC148DFBDE112E03D24
:10299000DCFCBC3D869FF3BD8817AD3C50096D3C07
:1029A000946B583DD4C641BEFE159BBDA3FCF4BD3F
:1029B0007A66083E2E4321BE797A283E30E983BDEF
:1029C000C46817BDA96EAABDA4B461BD5D71163EF1
:1029D000E743E2BD036CBCBD63161B3DD8CE3FBCD4
:1029E0009C9098BD96B637BEFA0386BD13F125BEFE
:1029F0005F5D0C3EC29030BCCE49DF3DBE2E5DBE59
:102A0000FB00873DD5488ABEFA7CF3BD90CD353EAC
:102A1000C84A2FBDC69C03BEDE9FD9BDB2DEDD3DD8
:102A2000546EB1BCF0C143BE8AAEBBBD92CCF9BD01
:102A30003B9E5E3A12BA3CBEDBE51F3ECBFA32BE8D
:102A4000B0EC263D22E889BEBC6D853D2B15613E6C
:102A50002E2DA43DD88C1DBE66745ABC08DDA6BDC3
:102A6000AC27B2BDE0C491BCA226B3BD46A193BCC5
:102A70007F73ED3DEBF702BEFA6A243C7D9123BEE5
:102A800092D4A2BB0D1890BEA04F5EBBBA995D3E1A
:102A900000859039570A36BE580BE0BD807BE7BCF5
:102AA0001C9E663DE97D8BBD8ACBDF3D833A063DAA
:102AB0004CBA12BCF4411EBE864CBA3D0F077FBE15
:102AC000B3982C3E601082BE4093D33AADA6C63D6B
:102AD00029C39FBD47F140BE849E793D8DDB37BD44
:102AE000F0A53DBC8D6703BE00E8A439278C0CBE61
:102AF00034D72D3EECCD6CBD62BD813DFD5D88BE01
:102B00003F2ADF3C569B63BDA844B33DF38A213E78
:102B1000ACDC723D865E88BE96F179BD8307AC3D24
:102B2000A04339BC07C5EDBDA8C4993D391F0EBEF1
:102B3000A2A793BCC81C2DBE9728E53D7EF612BE09
:102B4000A3D487BDAA3755BE065360BD60E9D73D03
:102B50003C65AE3DEA78DFBD32610DBD3E813BBDD7
:102B600030F031BDF6FD52BE74E6BFBC9A059BBC89
:102B70002AA1E63D5EC93BBE7661373BD6AF84BE37
:102B8000E5861B3D1AA21ABE38277C3DCF36913D03
:102B9000F8A5D73C915255BD6F2100BEDACE88BD55
:102BA0001A7C9B3DD48C35BEE63CA93D89E02CBE09
:102BB000AF87213EF73F3BBD4C6E573DA238C8BDA5
:102BC0009C0600BD4914A4BD70F95C3D6E8E1B3C93
:102BD00026B096BDA37675BDE330533D9D16903D5E
:102BE00093E295BD00D696BDFCC54CBD1119C5BD7F
:102BF0006FFE273E77F0CDBCB54113BCDF846FBEBE
:102C000044CCE9BC25B94EBE0410923DC6B0523E3C
:102C1000B2BABFBD59F155BD458AA33CC274D73D78
:102C2000F91292BD16CB12BE6E73903DD95214BEEE
:102C3000E5DB46BCB0E146BEEF2641BD73C53FBEF5
:102C4000E4F6A73DF5557DBD3C2A39BDA50D463EB0
:102C500098EAEDBDE8592FBE32368BBAE53087BD14
:102C6000B0F8E03C6D301BBD007780BCC1F2CDBD3B
:102C7000B328E93D7DBDDFBD2FA3173E9590FDBD77
:102C8000E7BA233EBAFA6CBE20D2103B04CE053E12
:102C9000340CB43D9FA244BEA0C6E4BDF698D5BD99
:102CA00086FA823D4DA5CABCE0331E3CC3512CBE02
:102CB0007C5EBB3DBCEF07BEC69B5FBD042768BE04
:102CC000579B1B3D10C0E3BDB031CD3C8030443E2E
:102CD000F098173C843ECCBD5312A8BCD0FA2CBC53
:102CE000F82F713D2A30003ED85CAEBDAD8F9A3DC5
:102CF000783FAA3C2E88CBBD780A67BD867B1E3CF8
:102D00003085273E5FAB19BE76F50ABDC5C24B3E86
:102D10000E9A973D9C69A4BC9CB39FBD3CD4B5BCA6
:102D2000E4A01F3DC7547F3D682EC03C4B901F3E22
:102D3000B8EB173C67E6DFBD0B0FA83B2B4088BD07
:102D4000E6392E3D86D07EBE8A3CA33DE9B2043EE4
:102D50009C7EA43DB26C243DE59856BCD8E41DBDD4
:102D60002CDD993DC1AFC73C051CC5BDC52E1A3E23
:102D7000189B2C3D086E5CBD8C76963D8E06003D02
:102D8000EADA1D3DDE9229BEC05BF43A2BF94B3ED8
:102D900020816ABB4D9B313DD5475D3DA7E6023D95
:102DA000D83AAA3DB76F1E3DD41159BD0AE71B3E64
:102DB00027424BBC059A0DBE4E5D7D3DAAB53EBD7A
:102DC00060AD663D886DEDBD14A938BDCA3DCE3DF0
:102DD000485D743D3661AF3DF74D8FBD640136BD32
:102DE000E77F9ABDC2BCF8BD0E912CBDAEE08E3E11
:102DF000C481203D9315BFBDC97BFC3C282ECABDB4
:102E00000832813EF81B29BDD986BEBDAAB9C53C92
:102E10003A8EEFBD878ED8BD7ADB1CBE18A3F03D7D
:102E2000B0A641BD16865BBDB622DABD4F8AD53D40
:102E3000FDFD9D3C451467BEF19F03BDD7E64BBD2C
:102E4000FFB5323E7F58BDBDAEEB31BD0A4E2F3EC1
:102E5000EB55D43D559855BDB9001A3DD0EA1B3C01
:102E600012A765BD369DADBD1C168EBC56088B3EA7
:102E700029F7FABC42250EBEB43F3F3DB28E653CF9
:102E80009C26053EF2953FBEA09B773DCEF1203DAE
:102E9000A837EBBC62A189BDA444E9BDF496173DF7
:102EA000D524C03C295E923C88DDC3BD1C64923EA3
:102EB000D969393DE8964EBCA7230E3DAD3D4A3C4D
:102EC00031074E3DB9EDB9BD3C749F3D6913EE3DF0
:102ED000105DE53D2DFF7ABD34298F3BC03F763D27
:102EE0003434133DA5BF88BC0E1B393DB41A503E87
:102EF0009956A93C32EC70BCEE79A13CE0AABC3DED
:102F00006A37593E82AA36BE405BABBB60C6103DF5
:102F10008E9B0FBDCD7B48BD89CC5C3D3086603D2E
:102F2000003FB0BDF783233CA89A09BD6D81413EA7
:102F30002C542C3EA01A2FBE18013C3D39167ABDE8
:102F4000E4EA483E051A3FBEA202E93DDD823A3D71
:102F5000F4CCA13D5CF1953D230AFFBD12249FBD39
:102F6000A538E3BDB975D1BD309ED63CC304253D1F
:102F7000E2B59BBC764DACBC38BE99BD4460653BA8
:102F8000DCDE233D61E873BD4C9FB3BC382E493E67
:102F900000BC17BA9E9FC53DFBD21BBEACD18EBDF7
:102FA000A01B96BB4C63DC3CBDF99ABD0969363E5B
:102FB000C26202BB598C18BE22FC5C3D8EAB65BC64
:102FC000E328723EA5C72EBE46A181BD70EEC53D69
:102FD0006446ED3DC1C51B3D66D114BEA867BABCB1
:102FE000A00979BC868B913D8A0A89BD173B803E3A
:102FF000CDDAA33D730A01BEC10B133D9EAC63BD88
:10300000B9E4D33C1D4C72BEEEFCD3BD4CB2933C34
:10301000DD8FE1BD54F508BE557418BEB257BFBD73
:10302000823FB43DFAD88A3D66740FBDD07AA43D84
:1030300059A3923DC8AE21BE80AB593D0DDE133D74
:103040001B9D423EC40807BD28129DBCE1D31C3E17
:1030500054D113BD8E8FA63CFE21A9BD9A3814BB56
:10306000D4019A3DD093283A9801BD3CF62A423EBD
:10307000D091A23DEF49F4BD0446A43DFCCA9CBDDD
:1030800067BF523D7718F2BDEEA615BD71B7CA3CB9
:103090003829683D7B5A8EBD275707BE6AA0E63D9A
:1030A000D47EE13DEA1A02BDB860963DE5CE683EA9
:1030B000A6CD1C3C534CD1BC9ED3BCBA70AB903D4A
:1030C0005D2F423ED658DBBCE291863D0F5B783ED9
:1030D0009E63D53C16D0633DDCF810BEB1E8D23D0E
:1030E0003EBCE5BD26275B3CDD8577BD04C8703E50
:1030F000B38A023EDE690ABD141C1ABBE777063E9E
:103100008BDD723E4F8F42BE1FC3B9BD69DE1E3ECE
:103110003C1B9DBC2D4D14BDB2A9CBBDAC80E7BC02
:1031200060A8A03BBEB6DFBDDE3D6FBDEC7C193EA6
:10313000F4FD8A3DF23B90BD95369CBD9BAE863C2E
:103140008D57253DBA9F2DBE17176EBDE6EBE33DAB
:10315000F68AAABD934D5F3C90E5AE3D27F8133B40
:10316000DA6293BD0AAFA63DDBFB8ABD363E6A3EFE
:103170008F4EA53D1F331ABE375B733D82EC263E52
:10318000876A4A3E9330E1BDD0FBA93CB3A8373EE5
:10319000C098AFBCA886C73D881459BDC0DF90BD9C
:1031A000303E603D54CA1CBD90CD073C4AF66E3E91
:1031B00065C4073E19C276BCFB673EBD79B5D63DF6
:1031C000FCB3273E86A0ACBD8628D6BD54C19F3D2A
:1031D000BA0AD0BDF7A4C83CA22B04BEEEC781BD7D
:1031E00002550ABD94B3803DC7E8F83D3CEE583E19
:1031F000D0EA0E3EE4DEBFBC9C84BD3C2D243BBD2A
:10320000490B713D8467DDBD7ACBD3BDA3F4113E7C
:10321000ECF40CBDF03DCB3D74D1963D084C59BC4F
:103220009582CCBDEE8B9ABD4B81C0BDF95F933EBC
:10323000E7474ABCCE57D6BD36B29E3D4881423D97
:1032400015ED3E3D1076CABC2400E73D9FEB023EE3
:1032500024DB953DD0F5BA3D8BEFABBD90F8F1BCCA
:10326000F89FA63C39D96CBD92F38A3D51E0C8BDA8
:10327000DC8D193D4DBC87BD0E6D483D5E58AC3DA3
:10328000AB574CBE409D153EBE648FBD9B88BABDFA
:1032900088E7993D312C01BCBBB9A23C50137B3C63
:1032A00078D533BD762B6E3D9177B1BD8BE903BEEA
:1032B00045321E3E3205433D37221ABBE6E980BD4A
:1032C000A88722BEC6A4B63CD8F035BD87B396BC4D
:1032D00008EA7E3D2674A43D9A572C3E583032BCF5
:1032E0006A9A8BBD0504F73C4077F6BCC50FCBBD91
:1032F000BECE303ED31713BDDF01AB3C1A1CB4BDAC
:10330000F52E30BEC0554B3DD848D73C82D642BD85
:103310001818893D15CF1E3D0007253ED668DB3DB8
:10332000929E2EBDD43AF83DACBEF3BD5B5300BEB9
:10333000D36B17BC9FA2203EA33C3F3E0D44363DBD
:10334000119AD3BD9218403DD8F88FBC5502F2BCFB
:10335000C035503C61FF0DBD13C61C3E028FE03DE1
:103360008D53C3BD48BEBDBDD338E6BD56DFF0BDED
:10337000AB80823DD99F0F3EEE84383E90949DBD38
:10338000E13D00BE589264BCC9BCC1BDCAFCCDBB06
:10339000501466BC2FEA043DECEADF3D1C12F0BC81
:1033A0005061483DEF48A4BD00E859BAEFCF24BEB4
:1033B0000790E33D59D4B33C30619B3DFEFE03BE14
:1033C000C583EDB93FFC503DCE4137BD766FBBBDE7
:1033D00007C1FDBD6BA7A83B9748923D0B94B7BDB5
:1033E0009216D33DA8598EBDE6B52EBD04AE0CBED7
:1033F000EDFA483D55F6143EF5D7303E26F2E33C53
:1034000016BED9BDCE2D13BAC0E109BB03E284BDFF
:10341000B834A5BDEFD2F7BD5D1EE73D04E2FABCAE
:10342000DDE1C2BDCD8A77BBB6B7FC3C011579BDE5
:10343000BE69F63DD92E363E66CB183DCD2A3C3DC1
:10344000AB2E40BDB167823DC6DD943D1292BE3DBC
:10345000C825AEBC67DEDABDD57710BD703196BC2D
:103460007AB02BBDEDEC0ABDF46C223DB0932CBEBE
:10347000FFAEAD3DFD24183DD052893DCDD590BD68
:10348000DF250ABE7FD4173DDC72EC3DA7DEDA3CB7
:1034900030D5EDBD2CB7B83C1198B03C2047203B4F
:1034A00030AA983B4E5EBBBDCA4BCABD7E67F9BD14
:1034B00039FBFD3DDA8F08BD61AD003E0A353EBDEA
:1034C0002BCAE03C3550243E0020D33DD388DB3D61
:1034D0000716D8BD937279BD53F046BBA2DC8FBDF1
:1034E00063A4D9BDF77E233D00F0B2B86F5D96BDF1
:1034F000FA7BA63DDF8B303CBDB2013DC89DB13D9E
:10350000A0ABB83C9BB50F3E9686F4BD0954C03DB8
:10351000481DDD3D384EE1BDFFC10F3E2050C73D87
:10352000A09B343B59758B3DC054CFBD59CE49BE8D
:103530007BEB1C3DCB088F3D39A3193E21E7313D84
:10354000BB906E3D7E61173E3FE780BD2BF789BA89
:103550001E56C53DEEEA123C546BFCB7E0F7653DE4
:10356000AE98D2BDABAEF53D6897713DBEB962BEB7
:10357000426A8FBD16986C3CB92039BC2F0DA4BD92
:103580002EA15B3C0A22413E4CBA8ABD147974BD1F
:103590008051F1BC397791BD5EEA133DB4DDD93D70
:1035A000506D533D16CDA43D749BC73DA63B34BE24
:1035B000416A033EC086FC3DBCE5083D68B3ABBD37
:1035C000627913BE8B0DBB3CEC3B51BD37CB4EBC7F
:1035D000652CE5BD5C95463D88CC3E3C4468D9BD34
:1035E00004F873BD30C590BDD4D1BDBCBE556CBE12
:1035F00029FA283DE141403E93B91F3E70D576BC83
:103600000D6DD3BD06A5543C86234CBDAC0916BD3B
:10361000B207A73DF395543D98DB073E9CED85BD71
:1036200020D713BB9D9337BD2CD1D1BC085823BEE6
:103630006478153E60C7333EF296293E6B24953C74
:10364000BD0E8EBDFBB5323E3C41AFBDA11BDD3D85
:1036500036A3A5BDE975173E2636D33DF8858B3CCC
:10366000603902BCF3BD1A3D244EE0BD95D252BD77
:10367000CD4A2C3D1C7462BC523C14BD52C3A0BD4B
:103680002F583DBEC7F3E53D645A873D6E684A3CFE
:10369000FE76D43DBD500F3EFE70263EF64850BD2E
:1036A000982055BD4FCB243DB07C2FBD276B16BE57
:1036B000389B783C982D8A3DE874A0BC59BA8EBDE1
:1036C0002B7F2FBE7B0BE33DF468E13D1171EB3A9C
:1036D000F48BB8BDA956A3BD10E189BC1FEDCCBDCC
:1036E000CCCA02BD540A4A3C2024E4BC38E573BD70
:1036F0006C5A6C3CA598583DA0A8E3BCE53B9BBC2C
:103700001FDB2CBEDF135E3D20DD183B14BAE0BB8F
:1037100010F394BCE5115B3D73D30D3DC84B113DD7
:103720000CA0F03D1DF8803D4ADF68BD263582BD06
:1037300007213EBD5D25BD3DDCF0333EFB0E033C65
:103740001A3E0FBDAEA43CBD00C9733C61F5E0BCA0
:10375000D87EB83D6502ECBD9B0DFD3D4661923DB6
:10376000988BB03C29F6C43DC8A2DFBDC04A0EBE4E
:10377000BF7F85BC069C12BD4AF229BD501960BDB1
:103780000CC5B1BBC9CE213E0CD094BC5AFF123C33
:1037900032A8EB3DE2C13FBD965F333EB096BA3DE5
:1037A000E0DBD93D1B6EA33BA08F03BCFCD607BD5D
:1037B000D0F22C3E4151083B528AECBCA29D6A3BA0
:1037C000277CADBC5522423CC023003D30F4A7BD50
:1037D000007EE1BAC70527BEA843BD3DF8AD9A3DBE
:1037E000C85CDB3DD9F3773E26C0D43DB3926C3E36
:1037F0007FEA5FBD16E1B43D8563CB3D6628B43DED
:10380000ABD7403D601F5B3E48580EBDAE9C0CBE22
:103810008AAC4FBD71787F3EEB2BC03DF4FA8ABC79
:10382000544E493D76938B3E9C5898BC7069D93D67
:103830006A35EBBB6F6B163E38B511BDBDF7383E30
:103840006EF0A03DD5E9113EF4AD1BBDE4E0373D7F
:1038500020FC623CC64F7B3ECB0509BD3C928E3DB1
:10386000B0E4A23C10033D3E5C6D853D0C84AF3D51
:1038700054839FBDF9ECCD3D9EAFB7BD21A53D3E24
:103880001AACFC3D50FE0F3EE21D973DADC2F63C2A
:10389000FB69B1BD41AC873EF020313DD811D63C2B
:1038A000B5B4C3BD1F172C3E86AE35BDA1FB2A3E65
:1038B000CD15803C264CD13DC12E313CA2BB3F3EB4
:1038C000E348DF3DED831E3E1076AABCD15FABBA64
:1038D0005839133D004D9F3D333F1A3E58F4C4BD47
:1038E0004EAF563DD00D653E332895BD90EB3D3E25
:1038F0002BD4833D60A14C3EAD46AFBD344A653EFE
:103900005EA9D5BC1DE4813E001B503D3634CBBDC5
:10391000741DA13DF9FE833E3538173EDB557BBD56
:1039200022BC803D55B4703D2EF105BD27E2993D86
:103930008C7FA0BDF96E293D2FF4ADBDEF94FB3D0A
:1039400063DF15BD9BE1653E08336BBC166F76BD2A
:103950008545FBBCDA687D3DE443833D10B01B3DEB
:1039600066A219BDF662A33DCAC2AC3D8F3FE23DDF
:10397000936E283D95210A3D45C4C2BD1D96B43DB8
:1039800067070F3C6A0F323E3EF49ABDA702B8BDEE
:103990004036A1BD764B573DA7791B3E7C34D83DC0
:1039A000D37BC7BDB153D13DB99DC5BDD2C75E3E26
:1039B000B51E97BD848B703E8FCCA8BB58BF743E9C
:1039C000EB5C293EB9C9873D606EE33BFB6F253D4B
:1039D00069FA063D536B143E5D79D03D7A000DBD0A
:1039E000BED31EBDDB340B3E8AD4EF3D7E5E273E48
:1039F000A5EB8E3DAB10DC3DFCC7BBBD54238A3E1E
:103A0000514DC93DC0D21D3E1090E93D1B38D9BC77
:103A100080F658BBF687DB3DB8D2143CF0807DBC05
:103A20001070C6BCDA3A293ED0C4ECBD5BCC4E3E29
:103A3000D26FE73D636FA53D758BB5BA0A77F63D4A
:103A4000EBD7203E244D793E6224DA3DFE4ED6BDB2
:103A5000B839913D1F6AFF3D58808C3DC80CE83D48
:103A6000A8F68CBCE7B2883D9860E33CB95F783D2E
:103A700068D0E3BC90714D3E9BFFE63DE815403EAB
:103A8000ED334FBD325B0B3EC012FCBBC8ADDBBD9E
:103A9000041630BD307A053E67F76B3DE839733D5B
:103AA000EEB6A6BD7CB73C3EBC1225BDC1DEE33DF3
:103AB0003797873D698A513E0212AD3CC6543C3E61
:103AC000FE92D03CE043033E40FF8E3A747EFEBD42
:103AD00074A5793D8AEDA73D2F424A3D0877B13C58
:103AE000A09EB73B1ED3773E30421A3D716B933D8B
:103AF0006548D93DAF955B3E7DB6D6BCF9F8113E21
:103B0000671028BD6E97E53DB870873C96D2BD3CE6
:103B1000D60C983D6AB9823DF4D207BDB8689B3D8A
:103B20006E73F2BDB643EC3DD82BACBDBA93143ED8
:103B300014BFCC3DD7E5163E9BD160BD6D218C3EB8
:103B40008A57C13D96ED643E0215C8BDC38A6F3DDC
:103B500078578D3CC6B5ED3DD809263E8B9BF1BD0F
:103B60002E20CABD28B82D3D8C80EBBC0C1CDABAC7
:103B7000DE92D53D01D62C3EFB2C153D2ACB8F3E47
:103B800089C4C1BC06E8723E23FFCEBDE344B0BC8D
:103B90005876043DA9D8593E5C229E3DD810E73D99
:103BA0000A893EBD1DF0403E9458C1BD7DEE0A3EDF
:103BB000E803C3BD6307043EE5EC453DE76A743E98
:103BC00067E5123E9031AD3D68899A3C54A0DA3CDD
:103BD0009D74B83D2CEECB3D1B80063E99589CBD94
:103BE0007CCB3ABC88AC1F3EB36180BDFD8A3C3EB5
:103BF00082F9B33CA019813D6709953CF533AE3D90
:103C0000ACD4823D6E41EF3D60AFCCBC49668F3D88
:103C10000236C53D59028A3E398A283E5A3266BD6F
:103C2000DADEB03D1AB2853E5004393DEB3D113E1F
:103C30001401A6BDF30F243EF46C413B62A9FE3D86
:103C40004355843C46EC783E0AEEB7BDEBD044BD0C
:103C50008E1BA53D240F5C3EA2A93A3EA73D9BBD0D
:103C600040BDD4BAF16E1D3D8E3A50BDE0F5423EE6
:103C7000807DD3BD1B15CD3D4299CF3D6AC5B93D71
:103C8000E97AF6BC0F141B3EE0A7D03B8FA8E5BD38
:103C90002984ADBD7433363E69A29B3D7492B2BD9A
:103CA000BCB88A3D6CB89A3D4E1575BD73022A3E6C
:103CB000D6EB1DBDCE64B03D27C2E03CA5C74D3E4E
:103CC000BA6FFB3D1BEB3B3E008BBF3B0E3ECEBDB8
:103CD000573EAFBD6F012D3E43F8373DE4A7AC3DE5
:103CE0006666BD3DDB0C443EA59B7EBDDCD2203E1E
:103CF000E0EADB3C7411A23C038EB43CBA1B453EA7
:103D0000C5F101BD91B6283E1C00F43D93E183BD91
:103D1000C0C2CE3A80EB813E9C4D083DC3F7DFBD6B
:103D20002081D8BD0A46443DE09172BB61191C3E1A
:103D300056F7133D7FC24A3EDA2EEE3DBC0BBE3D28
:103D4000BB35F43D77E78B3D20351F3C942E9ABD63
:103D5000080971BCED444A3E08CA143E1732B9BD89
:103D6000ECD2EFBD75758FBC3CE71F3DB4F3863ECA
:103D7000EAED243E6A46DBBD0B53ADBDDAA2063D3B
:103D8000D0977F3E69C85DBE4A62E4BD20CCC83C86
:103D90004077663CEADFF2BD06F284BDF0C5753DB2
:103DA00038E3633DA2281C3C684644BCD6033A3D38
:103DB000752954BDB1D8EABD247AFBBCE9C88ABDD7
:103DC000A81A733EA7E682BE3CD1D9BC61EFB43DD0
:103DD000CF107ABCD16B903D3733BFBDB857933C01
:103DE000B3ECDCBD3E7ADBBDD044FEBB04EB273D2B
:103DF000BB890F3D7A8801BE302C01BC069EA23DD6
:103E000031E44A3E5ABB32BE22C9F33D4C177D3ED7
:103E10002877DF3DC60B90BDC1DC09BE35158FBBD1
:103E20000C91E23DF1C9DFBD0C31613DDBE73D3E68
:103E300088758F3D7EE0DEBD0F13663DA7C48BBC49
:103E400035AED93DB0636FBEECABDCBD99144A3ED4
:103E50001073103C4AE607BEE3642DBD0E2548BD35
:103E6000F1F29E3B7D6CC3BDED78E7BD25EF173EBB
:103E7000784CA83C1544523CB1E0C83D3BC1893C5C
:103E8000FBF6A93C04BB61BE8278E63D2FB3AA3D98
:103E9000100AF5BB218295BD2B65283DB80136BDC2
:103EA0005AE332BD6848A03D34C3333D9569AD3D0A
:103EB0001284183E90D4E5BD05A4253B6B773D3DAB
:103EC00025D9433D33655EBE720C98BD81828A3C24
:103ED0009B5E88BCE30AACBD2EC8DCBD78138B3C6E
:103EE0000EE76BBDFC60AF3D8EBBCC3D6BE8D23DB9
:103EF0003233263E644BA4BDACD1D13DD86EC6BC96
:103F0000BBE01B3EE05C5DBE16C7943D4F0CD93D47
:103F100070DD6B3C73567B3D2FBD17BE364059BDDF
:103F200004A2ADBD385D913D4D81FB3AC03E783E67
:103F30006DF4443E2D6CC9BD8AC598BD1490203DDA
:103F40003CF7AF3D0543C3BD207FF23C2EAB323E74
:103F50008D05593D43B8B03DC185DBBDB0FE473D41
:103F60004847D8BDBF979A3D43204D3BAD4D693E74
:103F700078CE023ED56036BE2A15F83D5EB4233DAC
:103F8000D8D37B3DDB38F4BDC4B08DBD67DF833A49
:103F90003B65D4BDF10F04BE6D73DFBC4EF6D83D5A
:103FA000980D923C6E594E3DF0CD7E3DEA7D343DFC
:103FB00032488D3D0923183D38F54EBD175A973DBF
:103FC00071110E3EB3EAEBBC34123E3DBE3EB03C36
:103FD0006602A4BD637AEABCF011DC3C013781BD06
:103FE000401AB23A334BFDBDB0A7F4BD67CE293DB0
:103FF000FEB7F6BC9C11C33B6E29A73D6260B33C83
:10400000AA6E333E16D755BE58647DBC162FF83DB8
:1040100020523CBD00438B3D344A4C3D8A7539BD2E
:10402000A951ADBD0B20C7BC40E61F3C5BDC503E38
:1040300067D4A23DEA8A26BE690F9DBC24A80D3D27
:104040005E4B5A3E9A3661BEE4E3AABCC212193EE8
:10405000AA0E98BD9747BCBD564403BE44FEB03D72
:10406000E8BDC43C8070073DDCDA04BD0C73473EFC
:104070001E622B3E25ADE3BC6A932ABC2A915E3CAE
:10408000983E053E126B21BEF4A4173D175D143E09
:10409000CA049BBD77C3F1BCE39A5DBD3C77AC3DE0
:1040A000AC6B68BD5050A4BD00CD743AA8CF7E3E25
:1040B000C8C4AA3DA01046BE09CE083E6D9A09BEEE
:1040C000A7167F3D918F83BE24F5593D11B3613D05
:1040D0008434B5BDACA855BC014473BD6FA59F3CED
:1040E000EA2712BDBB2D313D4452623DC72B873EAE
:1040F0002B20343E2E611CBD830536BDE93230BE17
:104100007E043C3E72FE78BEDCDDBE3D6E4E123E4D
:1041100039C41B3D22E46B3B6DD11DBE05214B3ADA
:10412000D1C0F4BDF9D72D3DAED08E3D0DF9C23DC5
:10413000E081923DDB47A73CA9329D3D1D3D88BDF6
:1041400026F9D53D997870BDA85D303DA122333E5A
:104150005F31D5BD875406BE28B1FFBDF3787CBD65
:104160002631DBBDFF2D6FBD9C5BC0BD1998E83DBE
:10417000A5D63A3E9C321DBDC00F66BAD487DBBDC2
:104180005603A03DDD343FBEF8F3AABDD6513C3EF8
:10419000807647BD6DDE09BE5E776D3CB43F133D52
:1041A00096BDA53D45A5B2BCA81A6D3D2BCE103ECF
:1041B000A7B6283EAED9C9BD7F4A48BB30D3CFBDD4
:1041C0001EAC4C3EC358ACBD1808DC3D3BFEAD3DBB
:1041D00040484A3C210605BD860AB9BD51FDD7BD00
:1041E000B03550BDB57F0EBCDC4CB0BDA2DA4E3D43
:1041F0007273063B7C5088BDD8A6B03B61BA023EC4
:10420000761E373DC0362DBE0095723CFEA54F3D53
:10421000D6DCBA3D84A6B0BD8F6B4ABCB80F973CC4
:104220003AC6D83DA4F6A63DE055133CE31F0A3E2E
:104230008188C83D517E0CBC78E5643DC426E93DCB
:10424000B336AD3DDF1736BEE8B22FBD6B80453EBD
:104250004EDEB13D569EA8BD522CC6BCBAED913D76
:104260002D8D10BD05D33B3D4C2EA8BA44CD4C3E00
:1042700083C2043D19319ABD50A66ABD3F22B8BD24
:104280001D910E3EFB3B1FBEFACEC4BD0A5A333E03
:10429000C0043E3B2F5CEF3C523485BD0A2941BD32
:1042A0008026AA3C856166BC6509A0BD5E45183EB6
:1042B000C72866BB5E528ABD624B7E3DC8BCB7BD97
:1042C00050467D3E7DED2CBD7431073D1D8C023D79
:1042D000357FA9BD7380E23C21B7D83BD0F0C03D0B
:1042E000E07C64BDC4D4A03D049C1ABD2BC92C3E07
:1042F000936A083E2F00F6BD02B829BE4BAC973D2D
:1043000097BD9E3DC2A94DBE221C7EBDE7AD8A3D34
:104310009A37B43DB9A6EA3A5D7C783B559AB9BD67
:104320005E13F43DC4A5B73CD8B1183D1A6D973D56
:104330008C85133DEF736B3D36CCC8BDB2CF21BC2D
:104340003FD27F3E66AD72BD0E4EB23D5CFD1E3E5D
:10435000A4B1C23D1CEDA13DD445493C1684BCBD71
:104360008021B5BDDA7CA9BDA099133D4C98333EA0
:104370000B83713CBB1022BEBCE4BABC7409143E72
:104380001E1EC73D20DF34BE1426A93D5102E33C6A
:104390002250A3BD285FAF3D94FC0CBD4079203D69
:1043A0003809F5BD7814A33D545B093D59EB473EF0
:1043B0000BB23BBCB1C61DBD6030ECBDA1FE91BCD3
:1043C000C0B6413E2BF6D1BDA0F3683D3556AF3D9A
:1043D000A08390BBCF054FBDD1A16E3D29EAE2BDC0
:1043E000053CC5BD8FC16ABD3478EB3D1D9F863E3F
:1043F000CDBA713CCC2530BE91DD533D18FEB73CA3
:1044000013F4E83DB72EB0BD7E0EE0BD6E6F1E3ECC
:104410006835C93C01248BBD1AB8C43C2421A63D93
:104420006011173BCA4DCC3D7065453C1694553E16
:10443000B4F6B43DA3E308BD883A82B91E3666BC23
:1044400048300E3EC1511DBD705D96BB2F1C33BD63
:10445000A15BAABD683B833DDB71303DFCE0303D94
:10446000C067DC3D5433A4BD64062F3DB200A33DBC
:1044700020CA9A3D5D4801BD9C2AC0BD35810D3ED4
:104480008809833EE23BF13C7AB021BD1B99DB3DBC
:10449000D608B33D81A6EFBC4CCAE7BDF89817BD5E
:1044A0008557833D01AF80BDAA71CF3D80634C3EEF
:1044B0003250983B02FBCBBD9C3BD3BD8A8AC53CA6
:1044C0008D1AB53D678D0CBE1EC3DDBDE26DDD3DB1
:1044D0002C36CC3DD92C3EBD7A31A6BDBC39983D99
:1044E00064D19BBCA36588BD52CBB1BD88CF943D40
:1044F000DE050DBD3324E1BD4F9EACBD23B0633D51
:10450000ABF4B93DDC3FFBBDC2AF93BDD0913A3EA9
:104510005062F13C0F72163E9E248C3C80DEA4BAA1
:10452000BC30563D2E70053ED05BCF3C5096113DC1
:10453000BD0C1A3EE554F9BD874303BE85C0283E35
:10454000405C803DB7620ABE24191E3DABB2073EF7
:1045500060CE9CBC0FD6053D00E10DBEA463DDBD61
:104560002A9CBEBD7BE6A7BC6644E8BD51369A3D99
:104570001B74F33C8950663CB1D2AABD814FAB3C61
:10458000EA862F3E362FC8BDC022943DCE17E73DA8
:104590005438E53D5F4A843D4E1DF2BDC044B93DEF
:1045A000A0E4223C7B158C3CE20BCF3D52C4583E2C
:1045B000F87F513D771446BEC014803D334EA23D76
:1045C000B7CA293E9056D8BD98FDA63DC4DEB93D78
:1045D000140982BCBF55B4BD1CE5CC3CB6ABEC3D68
:1045E000FF4BDABDAE9BAABD78C9D2BD133A433E9C
:1045F0009B02303D299B82BDE5AF05BEE8229CBDF4
:1046000017AE5A3E2C165CBEC0ABDDBC30A6BA3C21
:1046100010713F3C855FDFBD4EA4F43CCE07903D5A
:10462000066CB33DA2CE3FBD8C80573DEC33113EAE
:104630001DF341BD940452BEC4FC7FBD3D3875BB23
:1046400017B9003E23C062BE48DAF53CD007213ED0
:1046500039E12D3D6673113D5C74323D58ADF33D3B
:10466000580B993D1B722BBDE059773DE2ED493E59
:1046700084C19E3D47FA04BE0588B7BDA6C1C53DAD
:104680005BE8833EAF4259BE880B0DBD010A3B3E3D
:104690000CFB093CAF2EE93D8E8838BE5A3014BD64
:1046A00082196BBD9AF99A3CF491ED3DD1EA043E32
:1046B000D63EC33C729B34BE3A96B2BB3B6F133EB0
:1046C000A0184D3D415504BEF6CB5ABD4848E93DC2
:1046D000906C03BC145F1E3DB9B701BD4874973D93
:1046E0007504DCBD35EBF5BD720C7BBDC635653D93
:1046F000D843F53D0592D2BD49E41DBD9797393D9C
:1047000086AD573E85DBE63BEB14CCBD4A1B483EED
:10471000227A8E3D0315B43C0437EA3CB8AB983C92
:104720009065453CFBD6513C00AB8F3C048B613E11
:104730001B52EC3DC1FBA5BDCD57713D488399BBD4
:10474000BD990B3E4310A83C50DDA2BB7C633F3DAE
:10475000B8361E3D3BEA8CBC3CFB9ABDC876183D82
:104760006042A53CE8E3893D30DDF3BD9C8B873E8C
:104770007D717E3CC0C92ABD2166A93D2C3FA13B6D
:104780007909873D106A333DC0EC1F3B1DAFC23D28
:10479000E83DC63C59C00D3EB064D7BD643FAD3D59
:1047A0009A6CE5BD9035D13CE8CA0FBC08DD5A3E95
:1047B000A7FE173D6D152CBE19DDF1BC0320C53DCC
:1047C000E1F5213E87917ABDC4354BBD0408773DA4
:1047D000683683BDB5C25E3DA087A2BCB4679D3D6F
:1047E0007A18E7BDBBE2DFBC7C929F3DDF7D823D56
:1047F0007759103E9B46783D0AC344BCEA574F3E6A
:10480000B1281B3D11230FBE6A838ABD38C0E13D2C
:104810009032B9BBB660CA3D0F2D97BD3492ED3DC5
:104820008074CA3CE1E29C3D28C5353D04A0843D2E
:10483000CD58DE3CF28495BD494F02BE45E8743D3B
:1048400091616C3EC2ED48BE689186BD6A08953D97
:10485000560AB83D0F121A3E9F72A6BDC0C0C83B93
:1048600054008F3D969574BD4025C73DFDDCF8BDD5
:10487000648021BD9E46C93DF8425F3E934A33BEE7
:104880001D6615BE4715B43CDE27C53D6635133C95
:104890008EBB3FBDDF35093D03F6073E10E1273DE6
:1048A00017F878BD27BA28BE58499BBD15A68BBD01
:1048B000F299BE3D8AE6EC3D4DD7483ED78B38BED7
:1048C0002E334DBD9106A2BBBC97ABBCBA703E3D2A
:1048D0007E1E8FBC66F1B63C4A44273D56802CBDF7
:1048E000320618BD88E0DBBD86C4903DA7D1F0BD7F
:1048F0005CBB96BC9E6D09BC8526043EDA9C453D9A
:10490000C06123BEFD6142BCDCA2B53D468EE23CE7
:1049100074F91A3DF5EBAA3CF5D58F3D84F8EBBD53
:104920002445A43D6C2DF7BD2004193C9B0430BEEA
:10493000C58C183E51BA0C3E23F5523E3FC635BEDB
:1049400039268ABC8B86DEBC7890C9BD6F57C6BD40
:104950008074A73B693BEFBD4A34A83D6266E23DE7
:1049600016CE873DAA47923B80DA323DA4514BBE1A
:104970002BAC073E00F791BCF713BE3D787BB4BC6F
:1049800083EF36BE21B0BA3CA00B4DBBCA749CBDB0
:104990009E949B3D5748EBBD5A184B3EE02D2FBDD2
:1049A0004AA9853D9A311B3A320390BDE74D3EBE80
:1049B000E14C0B3E3455EC3B3BE3323D6A6A8FBA27
:1049C00051DC84BD6940873D1CC1B93D2C33063E96
:1049D000794F8EBD7568913DAB74373E9890973D89
:1049E0001009AE3CCE846F3DD25045BDDE2525BEBC
:1049F00069E63DBDE38CF53D0DDBF23D60FCC83C56
:104A0000ACA51BBE4374043EA2518CBDD0DC1C3C43
:104A1000881B34BC3E39DBBDE67CE43D5A2388BDAF
:104A2000DC2BA03D5A0406BE8CC393BCD69A85BE2F
:104A300001D75A3B4F0C3D3DE8490D3EA5DC42BD38
:104A40009ADFFABD4753EEBD1F2A97BD0395083C78
:104A500078BBDA3D27ED903C6BB5083ED04612BCE2
:104A600018A5AC3DE1A3A7BD752B6A3D3DABA5BD27
:104A700021E11D3ED189203E110D24BD0F6808BEE5
:104A8000C267C0BDA0A7E5BD48835FBD8AEAB83C48
:104A9000D8A64CBC147C01BE3904533CD8ACCB3DE9
:104AA0007682AF3D34FCF73CAC6A193D8A2F44BE98
:104AB0002342203E923B6E3C6D2C87BB339EFFBD54
:104AC000892CF5BDF0C49EBD68FEC0BC3B90813D05
:104AD00010FC3CBD204A3F3CB28D333E30BEA33D6E
:104AE000D27902BDF3D7573D501F873D90A449BDF1
:104AF0007CE39E3CF84395BD23E1843D37E3383C9D
:104B0000D29F2E3D77E1A43D96DF2BBDB1782F3D9E
:104B100040F7D2BB055473BD73DAB23DB6966BBD98
:104B200020C32EBBAA5C55BD40C215BD5CA224BEED
:104B3000DBD6013E8A22BF3DEB99013E6FAD1BBE25
:104B4000E89573BD9C668CBDF475833D6E06093E89
:104B50007085C2BC7E0251BDFA85353E0CD2333D14
:104B600040CE0E3DA0A7B1BCEC8E3EBDD1EA18BE32
:104B700063AB013E98E4783CA85AA03DE9AD4C3DBA
:104B8000009482BDA5BBEF3CA041D6BDA8FD9B3CD7
:104B9000725FAE3D6356803D87FD0D3D36A4A23D5C
:104BA0005AD38ABD6210883D722FC73DEBC055BDF8
:104BB0006F26D43D01CFDA3D6065373D9A14FF3C46
:104BC000D708DABDDEBBDB3DC5208FBDCBEDB3BC66
:104BD000FAE4C53D4368FCBD6CFF553D96239ABD84
:104BE000740235BDF347A33DA037453D726602BE52
:104BF0003F1B233E3435CC3DC0309E3DFACD3A3D7F
:104C00005B4149BD07F0883DE87018BDECC0083D28
:104C1000CA13BDB72FE18ABD822A2F3EC8B4B03D6A
:104C20008429693D69BC19BED291CFBD1A881BBECB
:104C30002B1E2EBD82D3413D33B8C83D90394C3D2B
:104C400077451EBE12B7CD3D5ABF40BD92D5953CAB
:104C50003137B0BDC5A594BD46D0063EA147E4BDE1
:104C6000579D8EBD5B4E6ABDBB3FE3BDAEFA65BED0
:104C7000D9D068BBF388AD3D4072363E652E48BD45
:104C8000254FBEBB9152B53DAE1C58BDEA891F3DB4
:104C9000D0242B3D3CF30ABD04882F3E5E6536BD13
:104CA0007ADCBDBD6A9E13BE20E5BA3DB11947BE90
:104CB000555E243E1D61D83D0A602D3D868748BE65
:104CC000064B0EBE6F8E64BDC8DC5B3DE7B2053E91
:104CD0007644CFBD723AD8BC01F3023E57DC8CBC9F
:104CE00066B8F23D8B1AE5BD2CF98C3D83A888BDD2
:104CF000294DA0BC42F95EBC0B2A883CE55E04BD90
:104D0000619458BDB648C9BD80E0853A016D983DB3
:104D10003A63B23D6F3D48BE5DA2473E2A19D53D7C
:104D2000E0B3A53B847ED23C103560BC49DE5ABE60
:104D30003108F93C72B0EEBCC4FA113E4D1A28BCE1
:104D40006BF808BE2461B43DA83558BC34EDCA3CAC
:104D5000ECDEB83D1B6C09BEF3C2213E981B783DCA
:104D60007795E0BDD045653DA67F743C95C71FBED5
:104D7000113A173E9390003D964F313E69AD3BBED0
:104D800007D7B03BBCBC583D187F7E3DFFC1B9BCC6
:104D9000E0C4473C8881E9BC472A223D326EAD3DE4
:104DA0006EC54DBD1BBAE13C9ECD953D989B65BE41
:104DB0008908193BA376BF3D0BD0333E4B412DBE36
:104DC00094D4A8BDCF32BA3D68628F3C36A5AEBB45
:104DD0008467B13D8BDE813CE47B2F3E762102BDB2
:104DE000900A883C4572B93D6CC5713D05C831BE1D
:104DF000F5F687BDA943963DE1298F3C00340FBDF0
:104E000097CA4FBC1EB4EF3D7AA840BD693F45BD6F
:104E1000349F003DCED77BBCE14D283E928FA13D13
:104E200080AC0E3ADD66FF3D58C52BBD3A687EBDAD
:104E3000B54142BDEB783F3D4977503D822C803DE6
:104E40006188BDBDD7C2683E680A9ABCEA48233D66
:104E500048D0E53D97CC0E3DFC3B3A3DF0F0943D0B
:104E60004061E33A1CBC0ABDBEA5A5BD57B839BD1B
:104E70007689C5BCF2AA8A3DA935943C3022A63D6C
:104E80005FE298BCEC262D3E5942B7BD3109BCBC4F
:104E90002CC3753DF4B272BCBC4B37BC9321C03DF2
:104EA000780F60BCE59A263E0CE0D43DD632D1BCEA
:104EB0006B1FE2BDF1E2353E8CC2473AE73B27BDAE
:104EC000687924BC9A8AA83DF9A587BD6DD1B2BD89
:104ED000D08CEE3CA7370C3E8E0D833D680432BC6F
:104EE000CC538DBD3B604CBC68D5B73D17C964BC85
:104EF0007590913CC8548EBC5CC4103E3FB583BDD8
:104F00007DF9AB3C9CDB023E1020943D1B0BA2BD07
:104F1000B94BF4BDC1E428BD56858EBCC0293DBC4B
:104F200092C4DABD3AADD9BB2284B5BDC960B6BD65
:104F30007B092FBD45BB303E32EEE63DFB73E5BC41
:104F400095A709BE9F355A3E1EA9D03DDFB9913DB8
:104F5000D77AB63D436DAF3CA4FFA53D182E30BDBA
:104F600076B6E1BDCE76043E8CADB4BDFF215CBD0E
:104F7000CC9C99BDE828B03DBDCC8B3D992C02BDA1
:104F8000AEF2DD3C9711AE3CBED3A13D318F85BD65
:104F90009675853DCE9EF03DC6DEAF3D00A7A4B917
:104FA000CB81CD3DBF37853D46FBA03BE85A3BBE9C
:104FB000AB64383D633AA13DCCBF213E55BD66BDD3
:104FC00074CDE8BB7018643E0AABB1BDDE32CA3B9B
:104FD0003E26D4BDF66FA0BD3C749DBCF443A73DF6
:104FE00000FDE43D06870C3D50F6E93DAEC9FDBD30
:104FF00040DF453D594C0A3EB0D0063E2F0000BD73
:10500000C3AFF6BDDA93453D60AB2F3D1BEC9DBDB4
:105010007069833C93A5CD3D16D5323D6E046DBDC0
:10502000C955CBBDCF35523C0654933DA9EAFABCD5
:105030009D7392BD2211B83CCF99493DCA9759BD85
:105040002E84433DA1B55A3D406DDC3D38A7A8BD37
:105050001433203DE6ED1B3D20F20D3EF6418CBDA4
:10506000F8678C3D6E05013C111378BDB0E7C73C75
:1050700080C6CBBD4A4DB23DFC65AFBC96D6BF3DA8
:10508000ACEB2BBDFE4F543EEEDF9FBD87B70EBE8F
:1050900088F12EBC612A243D0B68163ED0B0E43C5A
:1050A000A8B3C8BD3E3621BC5E5E843D240193BDDD
:1050B000D668893C3C91F63D3908133EF4BC553D19
:1050C000BC0AF03C6780163E1068223C7F10933D7E
:1050D000AC840D3D4040B63D35B8413DDC2E61BD50
:1050E0001ACDE73D2DFF983D30BB873DEDA6C5BDF0
:1050F000E58D00BD0F52343D36B298BD7BD3E53D02
:105100004C08AFBD4EBA9F3D9ABBB5BD24747A3DE5
:105110000436DF3DAB983E3EDBF6373E8083733C82
:10512000C4CE693DE1C4C03C8094243C7DE352BDC3
:1051300073029FBC5FF8F43CF15FEE3D514E943B2F
:1051400055FB223D16568F3D4F926CBD91E172BDCD
:105150000112C6BD9AF81A3E606AA03DB04CDCBB95
:1051600000B7763BD594E73CE82489BC385292BD21
:10517000A6583ABD0B4B203E21800B3D5A72EC3DA8
:105180007D3343BDE8E3E23C7A2E9C3D9F9C313D5C
:10519000A6889BBD5273383DF8E0A03D034F523DB9
:1051A000E24FF53DE0FF19BDFE1F08BDAF78D9BC49
:1051B0001974EEBDB9375F3ED3590C3EECE43C3D6B
:1051C00049BF26BC08F2683E1463CFBC52EA0DBB4F
:1051D000DF84D63D9F2B9C3DB4B062BC1CB9963D8C
:1051E00080EB783CBD5F3F3DB0EE23BDA15702BED2
:1051F0009A65243D5258963CB07A573DACA660BAA9
:10520000F0BC04BE7573A13D8E37BD3D286E153DC3
:1052100080743B3BEFE7673DEE901B3EE38F9FBD05
:105220005856CE3DFC293D3CB2E1CFBDD6A6E5BCEB
:10523000B63F7E3CC131313E313B41BDE3F47E3C63
:105240006E8811BDD2C5853B70497C3CBF842DBDA5
:1052500012F5963D98590A3E646E1D3E1A8EBBBCEF
:10526000153A87BD643ABF3DF05D95BCD40D3ABD9B
:1052700045A7703D72472F3EB946383D507E3DBC34
:10528000384AB93CB94D503D04798ABCD10D533DE3
:10529000D28AE93DEF221E3EB36FCBBB0A5FA5BDAC
:1052A000A00C693C2A7FE33D9019953D3B77D0BD2A
:1052B000516CF13D4CE2E13DAE53843DB919C23C25
:1052C000A5F30C3BEB47303EE3B6B6BD74C95A3D7F
:1052D000B30299BDA5B5133D8F5518BDAE71A63D5E
:1052E000101B053D48CBFA3B84DA703D919794BD85
:1052F0005DA5ADBDF2B0A83D00B8143E4A0C07BD97
:10530000856AD7BDD4A7123EE4554F3D898B16BBA5
:105310000656DCBDD3D0CB3DACD6933D88EBBABDB1
:10532000D83EC03CFBAECF3D489588BD4F681ABD06
:105330004660C73DBB0B83BBCB2DE53D71DC883D93
:10534000090CFA3CBFDCE23D00C2893D5F528EBDD4
:10535000BE2EC63D0064193EC51A113D5A6E83BD6E
:10536000F0E141BC7D76963D7C3280BC6D183D3DC0
:10537000FEA3BEBD270F8EBBAFC3D4BAC9D4803E37
:10538000E65A4EBB6036713E28EAD53CE91B723DB9
:1053900048E0E73C29FB673E05AFD43A85D4B4BD6D
:1053A000842392BDE28C753E40899B3D31F3683E7B
:1053B000BB35D7BD4EDDAF3D2F8C1CBEF842243E21
:1053C000D3B1A93D0767613EB4D7733DAC30943B80
:1053D0004BCCD73CBBF3943D121CE03DB8794C3D1F
:1053E0004445093D47694D3E30B5173DE5C8E03DB0
:1053F0004E126D3DFBAB773DD7A182BD9A4A683D09
:105400008F22463BC1A9843E6E7FBEBD2D88F6BC6F
:10541000F188F5BD7A893F3E7A9ECA3D91669D3DF1
:105420002CA3023D4DBC1E3EEE6A943D91E8373EF2
:105430006624083C10A4863CB6B014BEBB73963EEE
:10544000F7EE863CFEF0283E26BE64BDF1A6483C41
:10545000A80BCE3D9176813D8D77703DE2E9B23D5E
:1054600084FAB93D259DB23DEE069C3DB484163EBE
:105470001726BD3DCDB7AF3DC9340EBEA2016A3E71
:105480000C0CA93DC3E0E43D0CCCF5BD47D019B9E7
:10549000147287BDBAD3823E6A943F3D442B1DBD32
:1054A0008A44ABBD11ED273EB4D2DBBC6BAF523E9C
:1054B0001D9FAEBD66C2593D35EFE3BD8DFC803DFD
:1054C0000172033D0DAE533E7400DDBD9190ABBC47
:1054D000539774BDFB8B2C3E785CCBBC382BD3BC74
:1054E000788460BD08115D3C8C1C3F3D7A26383DB8
:1054F000674CDC3BBC049FBDF876863D75C68C3E90
:105500008AEFCA3D5B8D9D3EE06A313D6213B13D3D
:1055100054D00D3D2C1F583E6553F23DC61353BD6C
:105520000F48CB3DB0E65A3E8C5ED53DF650963DD9
:105530003C8A4C3DFF67F33D4ECC01BCF13C8C3EB8
:10554000C2481B3E660CA13E2092A9BC359D433D3E
:10555000601EA33B884E063E9B60043DAAFDD83DDD
:1055600048B010BC98BB053EF2FC72BDDD18D03DC2
:1055700097CFE6BDFE68E43D2CE9833C32D3783E0C
:105580006926FA3DFFDB6E3E5E0DC9BD11A92BBD3C
:105590009BCCCABD6B588F3E6FF1CF3DCCC898BD38
:1055A0007E0585BDA4AB1E3E41C3C9BD78AB543E4C
:1055B000E8001ABD4B3D75BDA438883C010D443E42
:1055C000FF04173E4A10053E40DD2F3CEBCEB73CB2
:1055D000ECC4A1BC79E9893E573756BDB8D2F23C3C
:1055E0000890723D5A451A3CEC2696BCE27F873EF5
:1055F0008031F93C37905D3D5CC536BDAC211A3E2B
:1056000014E42A3E5145823ECE45973DBCA086BD5E
:10561000E4D1AFBDAF68AA3D3FC1A33D788F8DBD3A
:105620006C7FF2BC6A17E93DF17E8DBDD8CF753D28
:10563000BF69E8BD6842913DB04A023C1284B03D6A
:10564000AFE2063EFF13553EC0733DBC964760BDBA
:10565000923DD9BDA5CE2E3ECA49B63B50C5A73C0A
:1056600087449ABDA997D73D9A06B63DCB84253E7F
:10567000550913BDD5F4D6BC443461BD918A743E3E
:105680008C03E43D28D7B03DD48641BD20B0593DC0
:10569000A0F05F3C5E11923EB72C643DCC3C98BDBF
:1056A000C030CC3DD602893D7A47EC3DC57C2C3ECE
:1056B0002256963DB4E281BD59762EBD5F3F1F3E16
:1056C0005644623EE4954B3EBA49F13DF4AEACBD62
:1056D0001432ABBD24093F3EAC1D6DBD57DEC43C4A
:1056E0003C98C6BC41130C3EC0C8C2BD8C9F613DF6
:1056F000713EBE3DF8FB5BBDE6E82F3D46658E3D45
:1057000025CDD1BBFCE11F3E3420353D7C7C8A3D5C
:105710001592963D9C3D893E6A4DD53DB041C8BD30
:10572000A0033D3D23EC6B3EBA3FED3D9153523E0D
:10573000B6B3B0BDA042243D2CBC11BD277C743E45
:10574000209FA93DFEA3C83D4A0B93BD317C8EBD71
:10575000CD8E913C630C533E1736F83C7A838EBD58
:10576000DFFA5BBD11A96C3E28E1FF3CCB25683E0A
:10577000FDFDABBA86ABBD3D2F20C1BDAD04B53D2F
:10578000A43C143E241F873EFC2BB5BC27CEB83D5D
:10579000DC7F003DB79C4D3E4BE89CBD83AAE4BD39
:1057A00058CC8EBD9B15273D1A7AA93DD85D8D3DFD
:1057B00051E9D2BC2990153EB0BE2E3DC39C993D07
:1057C00051A4343E19AB243E5CCE81BCBF4C963D07
:1057D000809A393D8925EC3D14A586BC8841193C49
:1057E0003811973D5BFE8B3D88AE983DED249F3D83
:1057F00063E705BE8D8E803DBBE0263C0B092E3E47
:10580000F696463EFAF3AC3D6CA2B7BC77D61FBD08
:10581000D0F4AA3CEA430E3E0BD56A3D9812D33C25
:10582000C0C6F73CDC78383E44059C3DC97F903EBD
:10583000B84D3F3D0949393E6E0E03BDA66B423E51
:10584000914AA73D0D8C9C3E6AB1F1BD966C51BC4E
:10585000D8B60BBD77A3D43D3A9043BB62F0BDBD33
:105860007A80643D4142EB3DFD61DABD72DDF53D7C
:10587000449C063DC48C453C92BFBFBDA755393DF5
:10588000388B373E8624653ED0BC333C311FD2BBBB
:10589000C4F0E73D2DFE2B3EB12F003DAF70F2BDB1
:1058A000C368CEBD26CDCC3D9055CE3DA9B93D3E79
:1058B000B70B7EBC5A4D8BBCFAE2C8BB082C3C3EF1
:1058C000B599653D1FC4943E7488173D3943E6BDC4
:1058D000C8008A3D7F20E03DC8F6E13C2C60703D69
:1058E000B8F77D3D63EB81BDE0B2C43B0E4D4DBECC
:1058F00088952BBD80EDC63B6E33BF3D3DFD11BE8F
:105900008B3946BD99CE3C3E99306DBDFE3AF2BC16
:105910008A2973BD171E17BC6343D23B1931C7BD1B
:10592000F6F268BD217C76BC3493053D25B806BEF1
:1059300030DD25B82C42F5BDB04D043EF2C82ABD7D
:105940000AF92CBDAFB3FD3D16DFC2BD7667FABDC7
:10595000A8C28B3D4A5DADBDC2419E3CD0563A3D8A
:10596000F012DD3D28768ABDD0FD473C39E28DBD81
:105970001D33CC3CACA7893D90C91D3E467F62BC1F
:105980005AF7C3BD73BD573E4C6A8ABC1F0021BE87
:1059900024958CBCD5569C3D49FC573CC484A03D05
:1059A0006CDF9CBC3D27DBBCB8A8363DCDBD26BE18
:1059B0006C85953D8F34DABC2E20003DDB871A3D87
:1059C0008A0B93BD2128343E608B233D945CDC3CE4
:1059D000E2C10CBD17095B3CA0A7353D8DE7E5BDD5
:1059E0002AF6A33D508FCE3D3021933D5AF2B4BDEF
:1059F000F5A4003D84FD083D23EC183DF12A813CCF
:105A000039ED4FBDAE262B3E3A3CA53D8575A6BD72
:105A1000D815363DF433583D5EDCE53CB0A59EBC60
:105A20009C8BD3BC8E4D2ABDEECBD23D9F5EE5BD97
:105A3000F080503DA6B82ABDE734D63D8F84CA3DDC
:105A40000CED07BEB97B373E90AF483C3191ADBD00
:105A500026419ABD5967863D6874B53D648189BD0C
:105A600086A9BCBD9F349E3DB079443C999051BEFF
:105A700086C1183CCC9F0E3D5259C73D5432E43B81
:105A8000682518BE2D40053EBC76D8BD3D640EBECF
:105A90007C524ABD98BE1EBDFACA1C3EC1DBBDBDCC
:105AA00025DB3B3D94C28B3B2927C5BDD9F04BBEBE
:105AB0005A0F1DBD41FD363E25E6603DBFC1B8BC55
:105AC000492924BD249E343D009F8CBA25CB6CBD52
:105AD00018195EBC20A95FBD9660403DF09139BCAD
:105AE000BD52D0BD16A7753D146388BD3068D3BDC7
:105AF0008645A2BD8263163E7022F93D801EF43CAD
:105B0000DA1CCBBD94F0A63C16D5EA3D346EA63C1B
:105B10009327F1BDD94473BCD42DF33C24D632BDB8
:105B2000B976BDBD5D780F3EF07BEE3C3D768DBD18
:105B30001CBB6E3DDFF54B3E45C094BD73728A3D84
:105B4000CF45B3BD3DBA593E7BFCC3BD9FC116BD19
:105B50005A91E4BDF004283ED0778B3D381EB2BC8C
:105B6000AC17693D4A30493CA05F593C5A9837BD53
:105B70005B5DAF3C675F2A3D9478A4BDED0A473E6C
:105B800084CE6BBDDB775CBB18DD093D27E19F3D13
:105B900010A4FD3C87C3473EA083CABC11FC83BD53
:105BA000403AB3BB0765983C3C7404BDF77E8DBD9D
:105BB000855FF03CBEF5C8BA471E273DA4EBAB3C61
:105BC00096D1DA3D5F6C333D88E58BBDBF510CBC8F
:105BD00054D039BD52BC643CB6D33F3CF027D23CD4
:105BE00090586A3CA8D3213D56A5C0BD0FB8ECBA69
:105BF0002C4FF4BD1336FF3D102B05BE5CD3413E48
:105C000017B79D3DA218D9BC8AF7C3BD7F4B5F3D36
:105C100080A988BC8FDEDB3D8044EE3D442D9CBCDA
:105C2000A60BF03DDC3F8D3AAABE8FBD3CB9D5BD79
:105C30008121DBBD1BF1183E3DCED2BDB72BA23D6D
:105C4000F7D588BDE64CADBD00E1F2BCAC4097BCD9
:105C5000D36318BC0D4E583E08BAB03D42FBEE3C33
:105C6000765C8BBD7569023EB94ACFBD3715CABD9A
:105C7000BCE3B9BDD5B01A3E848DC5BD753F933D1B
:105C80001D09603D9A00483D2C9A80BD644883BD43
:105C900066CDBE3D1FA5443DB0AD393E9FB50EBD9E
:105CA000345A8E3D058DAA3C0AC9973D78B30EBC87
:105CB00033FA86BCA686123EEB142BBD93CA223E55
:105CC0005C3E963C9D21933D84A0443DF29AD33D99
:105CD000881D8D3DE94C983D46C4453EB849C13DBF
:105CE000B7AB75BD50C3623E30F8FDBBA22E703D10
:105CF000260E97BDC48F083E17130EBE540BE63D0B
:105D00004DBB91BD6018043DBA7C2EBDD5EAB63BB3
:105D100080961D3D95FC453E64B96E3D6A1799BD60
:105D2000A4D9473D4C08603E32C79A3D42B852BBA9
:105D30004636BABDCF53F83D2CECB73C2F8B493CCF
:105D4000C5DB983DE72D02BEDD3BA5BD556097BC88
:105D5000F0E0FF3C232B1E3D32FFA73DDF88C4BD92
:105D6000E213B13D17A51F3E608B973CD20F33BEA7
:105D700013FD5CBD943E163EDB39D3BD1CF8273EB7
:105D8000B7A9EDBD50D916BE0E839EBD02B6D23D59
:105D90003E467BBDFA23973D0AF2B83D38F2A33C5C
:105DA000B06CD63C5C94033E01E6DFBD91DA14BED4
:105DB00017448DBC1F8E4D3EB2F7E63C35F82EBD24
:105DC000CA1FED3CBF9DE8BD80D6F23C1DC2933D8D
:105DD0004A0057BD985DB63C407E323A1C3D34BD0A
:105DE000A821A9BC3699323BF610B0BDEE6AE23C60
:105DF0006D4E1ABDF0F8963B1BADA03D854F9BBD87
:105E0000398D60BD2C5930BD12D22DBD5079943DD5
:105E10006C85293DF4ADC1BC2607BD3DD81DA23D12
:105E200070F06B3C8C6281BC0E6EEF3D5D771DBEE9
:105E3000B99BFEBCACB3063E592DE83CB7E242BD6F
:105E400039DB1CBEE1B8F33C3849B63C119E0A3D33
:105E500088CE933D3CA06D3DA2AE393E6C635D3D66
:105E6000BC20D03D39D3A3BAEA66C73DB72E3EBEAB
:105E70008ABB0BBBE8F7313E3593423EDD14C83D8B
:105E80000CA6B2BD4488723EC4E7C0BD6B734DBD65
:105E9000BA5053BD7B14B1BC577B1B3E6C11B93D4E
:105EA000EA944FBDFAFE9C3D60918DBDCCDCF3BC05
:105EB0000041483DB28D77BC2A360F3E7919BA3D74
:105EC000F6AB86BD863C753E4459D8BD5AE6633C68
:105ED0001497B2BD2D61473D8B30123EF487CC3D07
:105EE00090FA123D5D1520BD487F943DDC7BBDBD21
:105EF0005867CABCB63D3C3E1EF7243E8E579D3DBA
:105F0000793DAABD59FA483ED608C7BD1ACBBFBDD8
:105F1000D8DA333DE326313E6F87313D9692D53D49
:105F2000DCCD733D234B0B3E54DD693D4035EEBD6A
:105F30003B94BA3D6586123D14B3CD3A81AF083C1F
:105F40008436363B751BB53C604CAA3D7C7F453D95
:105F5000A201B43DDF7A033E491E2E3ECC2A4A3DC3
:105F6000DC85ADBDBCFF34BCC4FEBC3D4A4BB9BCF6
:105F7000ABF63BBD0355373D677B193D2668323E86
:105F80007946A6BDA994B63D587902BDF594513D18
:105F9000285712BC581E183E6964A03DDA8DD13DC9
:105FA00072767ABD95432D3DB44AD53D1F20AEBCD7
:105FB0001FAAEE3C84A2263EE46C193E1C78F03DFC
:105FC000F478BFBC5B960C3EE0F182BDC904A5BD70
:105FD0002487E4BD2EAC033D4D9BD73D1A9A49BDA5
:105FE000AE6FD03D748DA03D4C7FB0BD249BDDBC19
:105FF0000BC7EA3D011D603E7C89DB3C8A68CABB59
:10600000112541BA75AF273E387D8A3C04F497BD0F
:10601000A0CFECBC0E802D3D4689433E8C3F92BC08
:106020002D4F013D593B25BC5A928DBD638C5EBD01
:1060300054EAD73CEA2DD53B0D73773C84E5023D0D
:106040008A1B2CBC3F4A123E009B82BC98A3E5BD34
:106050006C732EBD2BF99C3D9FF3083E0C48273DE9
:106060002CD587BCB43D4FBC3EA8F5BD96C3D8BD6A
:106070003B83373CF8422F3ED360E13C55F0D13DA5
:1060800038F6843C799B763D62725DBD9177A93D7F
:10609000CCBF68BD290FDD3D19CB2D3E259CE6BD4B
:1060A000C21E02BDB837123E28DA7DBCB50AFFBD5C
:1060B000C4C9A3BD239D9F3CB103013D8E8A203EF0
:1060C0003AF103BEAC99C23B4EC11EBD89799BBD5E
:1060D0003C0546BDF0187D3D2C70AB3DD844393DA4
:1060E000D8C8973CE13B853D8232C33D3FE66ABD5F
:1060F000BF3CB6BD5468193E250A063E87B2163C21
:10610000F94119BEF8E7063E6E9FD83D64A6483DAA
:10611000AAD3D23D6746413DE052CA3D163F48BD35
:10612000FEC6D33DC6F0B63D12EC61BDD0E059BD10
:10613000D641843DC79E483C310CBEBC657C983D31
:10614000CFA18B3C66FF5F3C043FA1BC884B96BD52
:10615000C0D8DB3DBB331D3D743CF73D26FE29BD59
:1061600018B0EB3D4BF5383E806B88BB915519BE9E
:10617000420F3FBD1ADD6A3DA76D31BDBF67203EAE
:10618000D9391CBCDD940A3D065F15BDB125EB3C39
:10619000200BF23C8FFE5A3EEA685B3EC05E73BC49
:1061A000944DAF3D68131D3EB0412EBC1CFE25BE74
:1061B000256ED7BDD3F8503CD77F133E58DC1F3D2A
:1061C000202EE7BD8548523E88F32DBC20930C3D20
:1061D000E065A7BBFCE72D3E9FDEABBC6054A53D50
:1061E000C0A9023C5EB3303E50FEC5BD5FE1D1BDEB
:1061F00011C803BE4410603EB47A4EBD3649C43D5A
:106200005CE01FBE8D37893D4887E73CF966AA3CB4
:10621000A03A60BBD1AEEA3C40ABC93C4463BABCD7
:10622000D062D53D7BD70A3D463051BDFD91533CF0
:10623000D0A3B43DD098CC3CE2CC7C3D360BB33DF2
:10624000D84514BD136A063E28E353BD3DCCA7BD17
:10625000BA3FC4BD6B45423E98F0523EC847863CAB
:106260002EBCBFBD84CF813C0EF330BD258FF0BD69
:106270006E48A9BD66F70A3E33C371BD1A22303D90
:10628000E92205BE10195E3E78738A3D8A4ED2BD62
:10629000244CF2BC8BEFCD3CDA8F25BB6850C23C5E
:1062A0001850E7BC7679183D4073A1BA1F7307BE3A
:1062B000E6F403BD28845EBC139A6F3D590B143D70
:1062C0009BC79EBC802FCC3D8030483D7A7CD4BD9E
:1062D0005A839ABDC648173EC19B0BBC40ED673C34
:1062E0000C69DDBC1D542C3D9994C6BD9D1D46BE58
:1062F0005A3D4ABDC9B4703E156F0F3EEDD1313DD8
:10630000513B19BC7098F73D0794B6BD7A15DCBDBA
:106310004640B4BDB61F2D3E6B85E03D4080F63B48
:10632000AC17F5BC5AC5783D40EAE73D508D2DBD10
:106330002FAA2ABDA29A143E7DCFE9BB3734FB3C7D
:1063400014F0BB3C50F6033E6E0E5DBD427980BD3D
:1063500098A44E3D5E01F53B21EE8B3DBA99D6BD2A
:10636000F09E023D773689BC12893CBD3A9159BCFA
:106370002791133DDC5A703D35B4B73D9A9EB2BCAF
:10638000928DC3BC20DB653E5AAF18BD6819EFBDC6
:10639000C0B594BCF4B587BD04103BBDF062CCBD64
:1063A000E052643CBFE2F23DE840C73DEF483DBEED
:1063B0000F8CD03D6635C53B963575BCC01CEEBC18
:1063C0005A752DBE8DA5763E34B498BD258389BD02
:1063D0003409043DF49D48BC5A1C1B3C2839983CA8
:1063E00020D73C3D29B446BEF750DFBD0FFC03BDAE
:1063F000C99A2C3E130BFB3C867CC13D79503EBDB7
:106400007F9D383D11785ABE89ADA4BD8133353E9C
:106410009A8791BD9C53C0BD7B02A53BC82F9CBDF4
:1064200008588CBD9D0A9DBD509D9B3C4CA1A43D30
:106430009506F03DAAB521BD4FC72EBB4B662CBEBD
:1064400090591D3E320095BE1625B53D8FDB5B3E53
:106450009D93F43C9012CFBD8BCBCD3BF61CF5BD8C
:1064600048094EBD004D06BE20FEFBBB54E1403D39
:1064700067BCD13D024999BD6970083E644F50BE6A
:10648000FC25A53DFFCF0ABEE89DEC3C699A2B3E5A
:10649000E6B7813D341357BED32FADBDFDC8853D52
:1064A000AED7853D71148EBD70AC043D8D29B13CD5
:1064B000E59A493D69C58ABDAB47D8BCCC8DBCBC0B
:1064C0003345823D87B229BE2E19C23D83C3EF3DBD
:1064D00090AFAF3C6460CDBCDCCB863C0A39AD3DAF
:1064E000B0CF933B61FA01BDC0596ABBF60C7C3D4D
:1064F0009CB6453E79FD88BD36E325BDD93FA2BB9C
:1065000083B9AE3D4D5A56BEB4D3EFBDDCE70E3E67
:106510005471853DAB5FA3BD474707BED01AE13C30
:10652000CA87D1BD65B43EBECE8140BD9068D03D26
:10653000BCF7C73D7FEC77BD362E063E65E958BEF9
:10654000DD0D8EBC916D90BD8825E63D6CD86F3D0C
:106550007018953D911D2BBEF6FE773D8093AF3DA3
:1065600027587EBD3D7E9ABC1280E93D6DAF553CFB
:106570007AC6EE3D43AE8DBDF7D8103E410448BE0D
:1065800071414D3E71D468BEB280BD3DA2A9023EAC
:1065900034689ABCDF3246BE74CD24BCBC5F2C3D4F
:1065A000C53ACEBD07A04C3D5E95DD3D2A418C3DF0
:1065B00065FF3A3E7F6DDBBDE190253DAEA709BD8D
:1065C0006E23343E5EB873BD280FB93CA3FC5E3E1B
:1065D000D23759BDBF2076BD0E4510BEF6E481BD51
:1065E00060B3F53B56E05FBD6104E13DD8F5DD3CAD
:1065F0002A8B443E8FEF15BE773C5CBC690E4FBEC4
:106600006228A63DBF7107BEDA5D93BD2D81363E7F
:10661000794BC4BD74A5D7BB736BDCBB3029ABBD54
:10662000876A72BD8E9C06BCB4627FBD7ED8AD3DCC
:106630009388D83D967E4CBD0780033E9C8F66BEF6
:106640006CCBBE3DA5F47EBE001930BA61D42F3D9F
:10665000A82AD1BDC54C59BEA64BBABD881419BDD8
:10666000A869DC3CB6331B3DA4B283BD95E8D43D9C
:106670004AD1F53CFA6B1EBD801E543DE3ED69BE68
:10668000A10C463D19950BBE9494FDBC0E64D03C04
:106690001EC98A3DCCB0C3BC8C096FBD9A45C8BD2C
:1066A000BCF9293D438D613C0922F4BD5FFC053EE8
:1066B00078C529BB688341BE155521BDEACFCCBD45
:1066C0003687003E06A88EBEDA9A843DB08E2F3EF5
:1066D00087917ABD7CA2C3BD486B6B3C3CCBF8BCB8
:1066E0005826603DC1F5C7BD1805B3BCA70E783D5F
:1066F0009ABD1E3E14B21ABE73A3123EA04888BEB5
:10670000D7493B3E22C36BBE557DA2BDC2CB213DC6
:10671000D2FCD93DF29187BDC2FFA23DC637E0BD94
:1067200010913D3C865653BD00FB5B3CCD32113E83
:106730000720E63D58C94BBDE789BEBCAFBEE4BDEE
:106740009274993D9F9245BEAC0A9C3DAA874D3EEE
:10675000E3471A3DF0652ABE7CF08EBD4DF24CBD7C
:106760002E9AEE3D2011D9BD80C10EBC3D641CBDEA
:10677000AEAC9A3D2F5C2FBE3B7E0E3EEC0F31BE81
:10678000CB4E293ED3898CBE8036DBBD4B0C5C3EA4
:106790004C379EBD52054CBE859ACABDC633C7BD97
:1067A0008C47373DA35E043D908FCB3C3AB7A7BDE5
:1067B000AA3DA03DAA0DC1BD5DE82C3E2D915DBE58
:1067C00026CC923DC2C470BE5286BA3D3D66093E9B
:1067D00028713FBDE2883CBE0D10F7BD6B44813D82
:1067E00059D3A1BDE1EC47BE3B12DCBDDE390F3E03
:1067F000E8FACF3DBE834BBE04B79E3CBD17CEBD6D
:10680000F2015E3EB9DAEFBD101D63BC1FF0083E19
:106810001842ACBC515589BDE3B7F9BC64C8683DAA
:10682000988CB33D0C2F113C9A7471BD1244D63D27
:106830007C56B0BC92D320BEFD6FCC3D191D803B71
:10684000D062BF3D7320F9BDC8C5B43DD972443E86
:10685000D262B5BDACE973BD1789593D1E652FBD28
:1068600000CA34BACFB6D4BDD8CA923C3D42623DCC
:10687000AB9FDD3B57235DBEA72E06BC5AA4C7BD08
:106880000A08733EB9412ABEE2628CBD1FA5843D51
:106890003A6CCD3D15B912BE3A9314BE9E2781BD08
:1068A000FA46993DC5BDF4BD28888F3D57A7AB3D3D
:1068B000EF44A63C2F376DBD989CA13DDE92603C15
:1068C0009D2B573DD2DDCDBD788FA2BD68D7023D4F
:1068D00058EABEBD5762B8BDC860923D609B2A3C75
:1068E0004051133C547500BEEC3597BD0D4B263E10
:1068F000E6B70A3E7F4C51BB851DB43CDA1895BD06
:106900006DCD203E347B54BEA8DF50BD72B74E3EE5
:1069100074FF6C3DA84986BDAB41693DD8B1883D47
:106920008032A2BB23F1023DEE519E3D485D8C3D7D
:10693000EA751BBB82F5ABBD536A0C3E3FB6A1BCEA
:10694000CBC99A3DEE473BBED2A6AB3D967492BAF8
:10695000C6BCA1BDBCB82ABE711FA7BC1CECF5BD4E
:10696000A60F6ABD82994E3E648C1FBD22E7213E70
:10697000FD88BB3D3ED3713E02BDA7BC8FA9143E2E
:10698000682CA4BD7C824C3E2057643BCE57973B7D
:10699000E65CD63DF1194B3E05229F3D5A82DD3D16
:1069A00000AB4BBC75041F3EE60A93BD5FC899BCA3
:1069B000C32E57BD168C733E387FDE3D72C6F13D47
:1069C000666EF73DACE2DE3D049B863DC594E73B39
:1069D0007185BF3D7AC58A3D0CFD9A3DC6D1A9BDE2
:1069E000201397BDC743083EE6DBDFBD2BE8213D02
:1069F000891142BD8609B63DA82ECC3DE4B5883E3E
:106A0000A45A9F3CF957583E70C8A9BD6C3E11BCB2
:106A10005E71A5BDB1E24D3E34EEB23D6CD9DF3DB5
:106A20003CA0BC3D007B453D7C9F9BBCBCF9243E0B
:106A3000B4FDC03DF87D953D747E823D9202883E56
:106A40002A4C2F3DBBBC6F3E9C33ABBD44E893BB8F
:106A50005C1D233D86A3913D4744813D670A8FBD60
:106A6000A581E8BD70D1A33DFEA362BD942AF23D8D
:106A7000979E523DABBC5F3C4B25873DEF0A7C3E69
:106A8000E37D83BC141A6D3E5CDACF3DC15884BDF2
:106A90009834C33DA142723EE51B4C3E202D48BCBC
:106AA00082C49B3D2C54713C409B5D3D9287533E7C
:106AB000F4CD55BC0020DF3C0F9B903DD2BCD53DB2
:106AC000A5D297BD926E043E788F1A3DFA4589BDD6
:106AD000085137BDC843413E87ADED3B5E6AB8BD46
:106AE000B4372E3D5441CE3DB8CF123D9B3E153EAE
:106AF000D58C27BCB96A8E3D9E0080BD27D2D13D82
:106B00001E101DBDB2C9C63D7A41A83DB144D3BBDC
:106B10003E01ADBD243F583E7F36E3BC68BFDE3D3D
:106B2000ECD7CABDE47C043D805679BC1D077CBC13
:106B30002E5DACBDAA64F83D72520E3EC787183E6A
:106B40008BEF913DE946923E42F5DABD235441BDBB
:106B5000703397BB48DB0E3E18BB0EBD909C823D48
:106B6000714A9BBD1A54643E68ED7BBC3428D03D0D
:106B70006C259CBD7C5D5C3E8A629DBB93011B3E87
:106B80009AEDF73D169FF03D0E6B5FBD31B5EE3CC3
:106B9000E0747F3C34163F3ECFF1E03DD36F8BBDB8
:106BA0003624873D1993423E667D55BD5948073DC1
:106BB00004E534BCB8ACFE3D120AF03BAA026C3EC0
:106BC0006AA55ABDAC60C23D40E8DF3C5645E3BD16
:106BD000AC7ED4BCC7F62D3D2626F9BC708AC5BC58
:106BE00008F7ABBC7AED1D3EF01ADB3C40A1723DCC
:106BF000E66419BDC273533EADB1FD3D3547DE3D80
:106C0000479A883DFDBD8D3E4A98C5BDDCFEC6BC99
:106C1000C618ECBD9F26863D103E003E9E90D53D99
:106C2000506C383DCEE2DC3DEC6A4E3D68EBD53D24
:106C3000EA930FBCABEFA93D439D0D3EFDF9913E9C
:106C4000920E6F3C05E0663E8E027EBD0B297DBD37
:106C5000C6CCCA3D32B4623E5709443E8441EFBDC2
:106C60003A01C93DB19DD03D200A613B7F9E433E24
:106C7000A2CDAEBD821EB93DEFD4383D40E2833E89
:106C80005ED06E3DD1AA4E3E184BDF3D9C70B1BD2B
:106C9000CC11CA3DA51FB63DC556153E86F8893DA7
:106CA000A0077F3C20C38B3CA01C0CBC6E0B9E3C01
:106CB000850034BDAEBB583E1D63EC3D08C4AD3D00
:106CC00083B121BD076AD33D80F7703C1582A1BC1A
:106CD0008511F3BD971DD43DEE6918BD585AE83CA7
:106CE000C0DC81BBA6875C3E14A5783DE8D4983D06
:106CF0002BD6B53D873F5F3DB76E13BDBF18DC3D5A
:106D000006F1A2BD2C81913D36094BBDF884553D5D
:106D10007C2CE7BC0DF4E93D8436233EF8DD9DBCB8
:106D20000AC366BD044D2A3E8C22753D8D33BC3DA1
:106D3000045F8DBC70B9B43DB6B30EBD3063E43DA5
:106D4000E8EF0D3D6C997E3DAC5EE73D6619913DE7
:106D50002E3D903DF1E9913E3492023E001DD5BB9F
:106D60003F30B2BDE490713E3E66BD3DACB9133ECE
:106D70009D37123CEF524E3EE55AFDBDEDDA163E10
:106D8000720749BB547F883ED0753B3DAFB3BABD57
:106D9000A2883BBD7CD8833EB2FE513CA076733CBA
:106DA000980BEC3D82BA803EBF65B8BD4BCD4C3DE3
:106DB000984B63BC44E0993C170E0D3EDBBC683D2C
:106DC000C5584DBD0ECF893E5422163D0618313DA3
:106DD000F0414C3D43E5AC3DC4FEE93C6D50C7BDC0
:106DE0005E5550BDD6848B3DD8C2843C3CBD563CDC
:106DF000A3AC13BDCAE0143EC8CD1EBDCEF0773E95
:106E0000715C923D7A066B3E2055EDBB74E8C0BDC7
:106E1000405CC53C7D67DC3D4E1ED33C5C9C393DEF
:106E2000EC049D3DE2C4EE3C306C38BC82884EBC24
:106E3000D5FCE53C9A50F93DE5E1483D0152773EED
:106E4000AD091E3D98C42E3E3549BCBDD07459BD18
:106E500004FBC9BCF300D73D4D89E83D2642D93D2E
:106E6000BB34E93D6BFF3B3E5930C2BD8A256B3CCC
:106E70002A94603DF70C103A07E29FBDB0B4743E0F
:106E8000FAF810BDC6BA7A3E1C7CCABDF2EA24BB31
:106E900024928A3DA76D3E3E8C7C3C3EC030D5BDE1
:106EA000C04C383CCA524D3E308B08BC2E97403EF9
:106EB000F202003D7BCE9B3D40178EBD5896173E9B
:106EC000B709C03D652C933E94CA50BD5C12F43B9B
:106ED000E898CD3D9AEA773E3404553E6E4EAF3D7C
:106EE0003F68113C4D3D31BAFDEA913C7531BC3CE7
:106EF000149A853C7A12DF3CD0B248BBF3DC553D96
:106F0000EBE32B3D2A43A13A058E0B3C8550773CA1
:106F10007DC1043B41CF9E3BBA0F083D1A2FC63CB2
:106F20002FA2B33CCB62CD3B008AE93CB7C9A93D57
:106F30006C8D6C3D3078B23DA8ED073CDC48573C89
:106F4000827B3D3D6EDF87BC5A196A3D7B3C823DAA
:106F500036ED493D66A16BBCC99DD03DBD27913C36
:106F6000AFEEDB3CA581323C1290033DE267A33DCE
:106F7000EC9D4D3DE13B31BCAF078A3D159F983AF2
:106F80003FF222BC40D5A33CC4862F3C039E703CFC
:106F9000A304903CBDBE85BC1BCB873C1DCF323DBE
:106FA0006E90DE3CF367523DA1ACE73B43858A3DE2
:106FB00040CA9F3DCEB1F73C9722B03C9BB6973D6F
:106FC0005920403D9FACDF3C6E65ACBBC5C4B53BB2
:106FD000C99F563B54E4353C2385933D13E0863CE2
:106FE000AB36A0BEB2939CBC4CB22EBE551E513ED9
:106FF000EFEC02BEBE3381BE9D71D0BE7BF7E53E95
:10700000FE7DC83E49EB1FBE51B0C6BEFEE182BD4B
:1070100080694CBE5569DCBD7917BEBCA6378ABDF8
:10702000C3E1D6BE5923DCBE910AEEBC0648783EC9
:107030003F603B3C7D40923E0B74E1BE6A57EFBE21
:107040002DD816BBC48E43BE68C9253EBA6E07BE96
:10705000A6F3283E33508D3EB0666D3E1C2283BEA3
:10706000395AE2BDBC24ECBE8C68593DF3EAE83ED7
:107070006B60FB3B9839B93D25ED393E7AFFBABECE
:107080001C22423EF2A11F3EEA5679BE7A43D3BE8D
:1070900076EAD4BDF945C73DA2F8B7BE18E19B3BDF
:1070A000C42DEA3D1545DC3E73319BBC891CD73E9F
:1070B000109DB63DDA69113E9E90CBBEF536DC3DA3
:1070C0004A48033E39638F3E9C414BBD6C67C5BE49
:1070D000732D6DBE7CD041BE9F26243E939F74BE0F
:1070E000B45F8F3ED948D53E04AA9C3EE6A9C43E73
:1070F000B07C053EA932303E17D2133E058431BD27
:10710000D71D993EA45BC43ED62BD43E8A6AD53E99
:1071100003440B3E06A3793E05030F3E2A22FD3DA4
:107120008E9D7B3E4529353E4E056EBD4D7EACBEE7
:10713000904EF0BE2B340ABD0A48F33DDDB55D3DEF
:1071400090B0D1BEBE9023BE8D3813BEDCA7C5BEA5
:107150008BC22B3D0246813E28F92DBE65B8ABBDE2
:107160001F095DBE5109C63E06D1F33D7CE0863D58
:107170004F0F8CBC40A61BBD0D844DBE8172623E7C
:10718000564385BDEA69B13E8E445C3E971DB53ECF
:107190007B175CBE115CA43C3E58C5BC24306CBE61
:1071A000CA6A943EE1A50D3E9AD6B73E291CEDBEB3
:1071B000CBED75BE66AF793EA064AA3E4DBEE2BE81
:1071C00000FB95BE18B04C3EC6D3C13E913E2D3E4D
:1071D000BEAD8E3E37928F3EE0E6C8BEC843BE3E8F
:1071E000BDA8E03E2B549B3DC1108ABEF2077ABB7E
:1071F0003FA79DBE80249D3EB575CD3EF84DA8BEEF
:1072000092D249BEA8F993BE1F2E8F3EB320B0BDC7
:1072100061E648BE582CC0BD015DABBE0065B7BE7F
:10722000B836363E4892953EB11FD23EC0847ABEF3
:1072300001CA4F3ED5F0753E05A452BE811B773D75
:10724000639F493E24CD8CBE473DA1BEBCBAB5BBB1
:10725000D7D9D8BE1083833E6786BDBD638F853E78
:10726000FA9EC73E9FDE6ABEA71F62BE343A5B3DF0
:10727000FF95A0BEA0AC56BE3FA27E3EF20D8DBED5
:107280007C60333E59329FBE260914BEEA6D963D9E
:10729000B4D1BD3E5C5F6C3EF74F27BED26BA53EBE
:1072A000CDAF86BE6F7F05BEDC01613EBDE182BE13
:1072B000232EFC3D61D691BEA57A453E170E8E3D2C
:1072C0003D66C13E499E86BED8C1DEBDA6EC9D3E50
:1072D0003B387BBEBDB866BEC34DBFBD7B20353ECF
:1072E0009D9A233D495830BD7D0DA63B000000000E
:1072F0000000000000000000010203040607080966
:107300000000000001020304006CDC0200366E0184
:107310000024F400001BB70000093D0080841E001B
:10732000504B140040420F0000E02E000070170088
:1073300000A00F0000B80B00801A0600400D0300EB
:1073400088070200A0860100000002420100000040
:10735000000002420300000000000242060000009C
:107360000004024201000000000402420A00000082
:107370000008024202000000000C02420D00000062
:10738000000C024202000000000802420A00000055
:107390000004024200000000000802420C0000004D
:1073A0000004024203000000000402420400000046
:1073B0000010024200000000001002420200000023
:1073C0000010024203000000010002000400060059
:1073D00008000A000C00100020004000800000019E
:1073E0000101010307010000080402040801010172
:1073F000494E4600696E66004E414E006E616E0059
:107400003000303132333435363738394142434435
:1074100045460030313233343536373839616263AE
:1074200064656600496E66696E697479004E614EE6
:10743000005245454E54206D616C6C6F632073752E
:1074400063636565646564002F6275696C642F67AA
:107450006E752D746F6F6C732D666F722D73746DF6
:1074600033325F31342E332E72656C312E3230322E
:1074700035313032372D303730302F7372632F6E05
:1074800065776C69622F6E65776C69622F6C6962D3
:10749000632F7374646C69622F64746F612E630070
:1074A00042616C6C6F6320737563636565646564CA
:1074B000002F6275696C642F676E752D746F6F6C29
:1074C000732D666F722D73746D33325F31342E33CA
:1074D0002E72656C312E32303235313032372D30EC
:1074E0003730302F7372632F6E65776C69622F6E41
:1074F00065776C69622F6C6962632F7374646C6961
:10750000622F6D707265632E6300232D302B200077
:10751000686C4C00656667454647004300504F5312
:107520004958002E002C2066756E6374696F6E3AA0
:107530002000617373657274696F6E202225732257
:10754000206661696C65643A2066696C6520222555
:1075500073222C206C696E65202564257325730ABF
:107560000000000005000000190000007D00000080
:107570000080E03779C34143176E05B5B5B893462F
:10758000F5F93FE9034F384D321D30F94877825AFB
:107590003CBF737FDD4F1575000000000000F03F19
:1075A00000000000000024400000000000005940DE
:1075B0000000000000408F40000000000088C34031
:1075C00000000000006AF8400000000080842E41A6
:1075D00000000000D01263410000000084D79741F2
:1075E0000000000065CDCD41000000205FA00242F8
:1075F000000000E876483742000000A2941A6D426D
:10760000000040E59C30A2420000901EC4BCD6425F
:1076100000003426F56B0C430080E03779C341430A
:1076200000A0D8855734764300C84E676DC1AB4380
:10763000003D9160E458E143408CB5781DAF15449E
:1076400050EFE2D6E41A4B4492D54D06CFF0804479
:10765000F64AE1C7022DB544B49DD9794378EA448E
:107660000020202020202020202028282828282012
:10767000202020202020202020202020202020200A
:107680002088101010101010101010101010101072
:107690001004040404040404040404101010101062
:1076A000101041414141414101010101010101012C
:1076B000010101010101010101010101101010107E
:1076C00010104242424242420202020202020202FE
:1076D0000202020202020202020202021010101052
:1076E000200000000000000000000000000000007A
:1076F000000000000000000000000000000000008A
:107700000000000000000000000000000000000079
:107710000000000000000000000000000000000069
:107720000000000000000000000000000000000059
:107730000000000000000000000000000000000049
:107740000000000000000000000000000000000039
:107750000000000000000000000000000000000029
:1077600000000000D1F71737D1F717B78071313F0C
:0C777000807131BF0000003F000000BF2E
:08777C00FC8AFD7F0100000002
:047784005D0200089A
:0477880039020008BA
:10778C00D4EB0008E0EB0008ECEB0008401082089A
:10779C009C0000000000000000000000401082006F
:1077AC0000030000000000000000000040108200F8
:1077BC0000030000000000000000000040108200E8
:1077CC00600100000000000000000000401082007A
:1077DC00600100000000000000000000401082006A
:1077EC00400000000000000000000000401082007B
:1077FC00400000000000000000000000401082006B
:10780C00030000000000000000000000401082088F
:10781C000300000000000000000000004010820087
:10782C004002000000000000000000004010820038
:10783C00200000000000000000000000401082004A
:10784C000006000000000000000000004010820054
:10785C00100000000000000000000000401082003A
:10786C0000580000000000000000000040108200E2
:10787C0040000000000000000000000040108200EA
:10788C00C00000000000000000000000401082005A
:10789C000300000000000000000000004010820007
:1078AC0012000000000000000000000040108200E8
:1078BC00600000000000000000000000010000005B
:1078CC001000000001000000010000000400000096
:1078DC000400000040000000400000000000000018
:1078EC0000000001010400003C0100200204000023
:1078FC004C010020CC000020010000001000000012
:10790C00010000001600000004000000040000004C
:10791C0040000000400000000000000001000001D9
:10792C0001040000780100200204000088010020FE
:10793C003C000020010000002000000001000000BD
:10794C0003000000040000000400000080000000A0
:10795C008000000000000000020000010104000093
:10796C00B401002002040000C40100202C010020FE
:10797C0020000000010000000300000010000000C7
:10798C000400000080000000000800000008000057
:10799C00000000000300000101040000F0010020C1
:1079AC000204000000020020BC00002001000000C6
:1079BC001000000001000000160000000400000090
:1079CC000400000040000000400000000000000027
:1079DC0004000001010400002C020020020400003D
:1079EC003C0200204C00002001000000600100005F
:1079FC000100000001000000040000000400000071
:107A0C00800500008005000000000000050000015A
:107A1C00010400006802002002040000780200202B
:107A2C004C000020010000002000000001000000BC
:107A3C0001000000040000000400000080000000B1
:107A4C00800000000000000006000001010400009E
:107A5C00A402002002040000B4020020AC000020AC
:107A6C0001000000200000000100000018000000D0
:107A7C0004000000040000008000000080000000F2
:107A8C00000000000700000101040000E0020020DB
:107A9C0002040000F00200201C0000200100000085
:107AAC0006000000010000000300000004000000BC
:107ABC000400000018000000180000000000000086
:107ACC0008000001010400001C0300200204000057
:107ADC002C0300201C010020060000000100000007
:107AEC00030000002000000004000000180000004B
:107AFC00000300000003000000000000090000016A
:107B0C000104000058030020020400006803002058
:107B1C009C0000200100000020000000010000007B
:107B2C0018000000040000000400000080000000A9
:107B3C0080000000000000000A00000101040000A9
:107B4C009403002002040000A40300202C00002059
:107B5C000100000003000000010000000100000013
:107B6C0004000000040000000C0000000C000000E9
:107B7C00000000000B00000101040000D0030020F5
:107B8C0002040000E00300200C01002001000000B2
:107B9C0003000000010000000100000004000000D0
:107BAC00040000000C0000000C00000000000000AD
:107BBC000C000001010400000C0400200204000071
:107BCC001C0400207C00002040000000030000008A
:107BDC000100000001000000040000000001000092
:107BEC000003000000030000000000000D00000175
:107BFC000104000048040020020400005804002086
:107C0C00FC00002001000000030000000100000047
:107C1C000100000004000000040000000C00000043
:107C2C000C000000000000000E0000010104000028
:107C3C008404002002040000940400208C00002026
:107C4C0001000000400000000100000001000000E5
:107C5C00040000000400000000010000000100000E
:107C6C00000000000F00000101040000C00400200F
:107C7C0002040000D0040020EC00002001000000F1
:107C8C0040000000010000000100000004000000A2
:107C9C0004000000000100000001000000000000D2
:107CAC001000000101040000FC040020020400008C
:107CBC000C0500205C00002060010000400000006A
:107CCC00010000000100000004000000800500001D
:107CDC0000600100006001000000000011000001C4
:107CEC0001040000380500200204000048050020B3
:107CFC00DC0000200100000040000000010000003A
:107D0C00010000000400000004000000000100005D
:107D1C00000100000000000012000001010400003E
:107D2C007405002002040000840500206C00002073
:107D3C000100000006000000010000001A00000015
:107D4C0004000000040000001800000018000000EF
:107D5C00000000001300000101040000B005002029
:107D6C0002040000C00500200C0000202C040020A0
:107D7C00A404002001000000EC050020000000001D
:107D8C0001000000F00500200000000000000000D1
:107D9C00401D00200000000000000000441D0020D9
:107DAC00000000000C0105000000000000000000B5
:107DBC00000000002406002055AB0008C8EC0008A9
:107DCC000000000001000000940500202C0400209D
:107DDC0068040020F0030020010000004806002089
:107DEC0000000000010000004C0600200000000014
:107DFC0002000000500600200000000000000000FF
:107E0C00481D0020000000000401050000000000D7
:107E1C0000000000000000002406002029A9000832
:107E2C00D0EC00081C050020940500200100000087
:107E3C00A40600200000000001000000A80600209D
:107E4C0000000000000000004C1D0020000000009D
:107E5C0000000000501D002000000000070104007D
:107E6C000000000000000000000000008806002058
:107E7C0029AA0008D8EC00080000000088020020A5
:107E8C001C05002058050020E00400200100000023
:107E9C00FC0600200000000001000000000700208C
:107EAC000000000002000000040700200000000099
:107EBC0000000000541D002000000000040104001C
:107ECC00000000000000000000000000DC060020A4
:107EDC0029A90008E0EC0008980100204C020020C1
:107EEC000100000058070020000000000100000005
:107EFC005C0700200000000000000000581D00205E
:107F0C0000000000000000005C1D002000000000CC
:107F1C00070101000000000000000000000000004C
:107F2C003C07002029AA0008E8EC0008000000002B
:107F3C00B403002098010020100200205C010020F6
:107F4C0000000000D401002000000000010000002F
:107F5C00B00700200000000001000000B407002062
:107F6C000000000003000000B80700200000000023
:107F7C0002000000C4070020000000000301010003
:107F8C00000000000000000000000000900700202E
:107F9C0065A70008F0EC00080100000000000000DC
:107FAC0000000000010000000100000001000000C2
:107FBC000100000001040000601D00200000000012
:107FCC0000030020B4030020010000004008002042
:107FDC000000000001000000440800200000000028
:107FEC0000000000701D00200000000000000000D8
:107FFC00741D0020000000000701000000000000BC
:10800C000000000000000000FC07002029AA000866
:10801C00F8EC000800000000D00500200003002050
:10802C0078030020C4020020000000003C03002064
:10803C000000000001000000980800200000000073
:10804C00010000009C08002000000000030000005C
:10805C00A00800200000000002000000AC08002076
:10806C000000000003010000000000000000000000
:10807C00000000007808002065A7000800ED00084B
:10808C0001000000000000000000000001000000E2
:10809C0001000000010000000100000001040000CC
:1080AC00781D00200000000001000000CC850100BC
:1080BC00010000000100000040040400000000006A
:1080CC000000000000000000CC850100010400004D
:1080DC002809002001000000C00D00000100000074
:1080EC00010000004004040000000000000000003B
:1080FC0000000000C00D0000010400005409002025
:10810C00D0050020A41D0020881D0020B41D0020D7
:10811C00A4040020D81D0020BC1D0020E81D002058
:10812C0001000000800900208409002001000000EB
:10813C0090090020940900200001C0A1427980B26E
:10814C000000000000000000000000000000000023
:10815C0000000000DECAFAA100000100380900206E
:10816C00000001006409002002000000A0090020AA
:10817C00E4080020000000000000000000000000E7
:10818C000000000001000000C00D00000100000014
:10819C00010000004004040000000000000000008A
:1081AC0000000000C00D000001040000040A0020C3
:1081BC0001000000CC85010001000000010000005E
:1081CC004004040020ED0008000000000000000046
:1081DC00CC85010001040000300A002000093D009C
:1081EC00100000000100000000000000030000006F
:1081FC00941E0020780A002000000000941E00202D
:10820C00FC1E0020641F0020000000000000000085
:10821C000000000000000000000000000000000052
:10822C000000000000000000000000000000000042
:10823C000000000000000000000000000000000032
:10824C0000000000430000000000000000000000DF
:10825C000000000000000000000000000000000012
:10826C0000000000430000000000000000000000BF
:10827C0000000000000000000000000000000000F2
:10828C00000000004300000000000000000000009F
:10829C0000000000000000000000000000000000D2
:1082AC00000000004300000000000000000000007F
:1082BC0000000000000000000000000000000000B2
:1082CC00000000004300000000000000000000005F
:1082DC000000000000000000000000000000000092
:1082EC00000000004300000000000000000000003F
:1082FC000000000000000000000000000000000072
:10830C00000000004300000000000000000000001E
:10831C000000000000000000000000000000000051
:10832C000000000009E80008E5E700080000000074
:10833C0060760208237502086075020860750208F1
:10834C0060750208607502086075020860750208A5
:10835C00607502086075020860750208FFFFFFFF78
:10836C00FFFFFFFFFFFFFFFFFFFF00000100415376
:10837C00434949000000000000000000000000001C
:10838C00000000000000000000000000000041534D
:10839C0043494900000000000000000000000000FC
:1083AC0000000000000000000000000000000000C1
:0400000508000F31AF
:00000001FF
