timestamp_ms,acc_x,acc_y,acc_z,gyro_x,gyro_y,gyro_z
270655,201.67,-237.9,1041.88,28280.0,22435.0,-73447.5
270683,284.63,-258.64,1050.18,71155.0,3990.0,-138845.0
270712,280.97,-283.28,1006.01,54425.0,15767.5,-163345.0
270740,163.97,-303.29,954.65,-24237.5,30222.5,-132772.5
270769,-41.97,-307.44,956.24,-49350.0,-70140.0,-44432.5
270797,-236.44,-301.95,980.64,14455.0,-62527.5,51975.0
270826,-345.75,-308.29,957.94,52132.5,15487.5,123690.0
270855,-362.22,-331.96,911.46,-6737.5,16765.0,158217.5
270883,-286.7,-361.36,914.51,-35752.5,17535.0,139825.0
270912,-136.64,-378.32,969.17,-9730.0,23467.5,76457.5
270940,39.04,-379.66,1037.12,33687.5,43977.5,-4165.0
270969,183.49,-381.25,1079.46,67550.0,22715.0,-84665.0
270997,263.28,-393.69,1075.8,77752.5,-12915.0,-140507.5
271026,254.25,-409.19,1032.0,33215.0,-11007.5,-162715.0
271054,132.0,-416.75,995.52,-23380.0,36540.0,-120855.0
271083,-53.07,-409.8,970.51,-805.0,22207.5,-55772.5
271112,-227.29,-389.18,934.64,-9817.5,-51275.0,11882.5
271140,-347.46,-368.68,904.02,-19407.5,-13422.5,82145.0
271169,-393.08,-362.34,873.64,-20282.5,17832.5,117897.5
271197,-380.76,-370.27,852.29,-44415.0,-26127.5,123917.5
271226,-325.98,-384.18,863.52,-48737.5,-44695.0,111072.5
271254,-224.36,-396.74,902.07,-32515.0,-15977.5,82477.5
271283,-85.52,-402.6,950.38,-17797.5,4480.0,26915.0
271312,51.85,-406.14,991.62,1242.5,-3115.0,-44135.0
271341,141.4,-414.92,1007.72,27632.5,-9100.0,-110092.5
271369,158.84,-426.15,995.03,28717.5,-3080.0,-139107.5
271398,88.82,-431.39,974.29,3255.0,-18742.5,-135257.5
271427,-50.26,-425.41,969.17,-15540.0,-51520.0,-63787.5
271455,-176.41,-409.68,978.93,-16152.5,-7472.5,16835.0
271484,-247.17,-388.57,984.54,1960.0,21700.0,51887.5
271512,-288.29,-369.17,974.66,6125.0,-10657.5,73010.0
271541,-308.9,-358.31,965.51,-9380.0,-32865.0,103302.5
271569,-283.28,-357.83,967.34,-8067.5,-13440.0,110162.5
271598,-202.89,-364.29,977.34,-6930.0,-37975.0,87307.5
271626,-78.81,-371.37,996.98,2380.0,6772.5,40197.5
271655,63.56,-375.39,1012.23,14612.5,38220.0,-31622.5
271684,165.92,-377.22,1011.14,18340.0,10377.5,-109707.5
271713,183.24,-375.76,999.67,14700.0,5985.0,-134382.5
271742,119.32,-368.68,986.49,8960.0,14875.0,-110302.5
271770,-3.66,-357.46,978.68,700.0,-32445.0,-59360.0
271799,-132.98,-345.63,988.44,-4287.5,-44030.0,14630.0
271827,-225.58,-335.62,997.59,21157.5,-5652.5,68775.0
271856,-276.21,-334.77,981.61,20685.0,5442.5,115622.5
271884,-270.23,-346.24,961.85,-9082.5,11830.0,136500.0
271913,-203.62,-361.61,961.36,-20405.0,9800.0,110512.5
271941,-93.21,-373.56,977.46,-14105.0,2730.0,69807.5
271970,47.34,-382.35,1001.62,-5792.5,10202.5,11585.0
271999,178.97,-388.94,1014.67,9747.5,17657.5,-65590.0
272027,254.49,-397.35,1008.21,7752.5,9852.5,-114467.5
272056,265.59,-409.19,995.64,3640.0,35455.0,-138250.0
272084,197.88,-417.0,983.2,4812.5,35980.0,-143290.0
272113,44.41,-413.82,989.42,-7035.0,-42735.0,-81025.0
272141,-123.95,-401.26,1010.65,12215.0,-11112.5,10220.0
272170,-241.07,-388.94,1004.18,32252.5,21560.0,77052.5
272198,-300.36,-387.84,966.0,5512.5,-262.5,122237.5
272227,-294.51,-398.21,941.84,-30327.5,-19232.5,137165.0
272255,-229.12,-410.9,948.31,-18515.0,-5057.5,113505.0
272284,-119.8,-419.19,965.63,-5057.5,-1452.5,82477.5
272313,24.52,-421.88,988.93,1785.0,11287.5,23397.5
272341,170.31,-422.49,1010.89,19267.5,16940.0,-57942.5
272370,277.43,-431.76,1016.38,31675.0,3937.5,-128572.5
272398,316.22,-452.01,1003.08,22522.5,1242.5,-177537.5
272427,277.79,-471.04,986.74,-13422.5,542.5,-165882.5
272455,156.16,-485.56,978.56,-26092.5,-31115.0,-135345.0
272484,-40.75,-497.03,994.18,-30100.0,-83615.0,-41912.5
272512,-224.72,-503.13,1032.36,11585.0,-18182.5,67462.5
272541,-328.91,-514.11,1035.05,51152.5,46007.5,133262.5
272569,-353.8,-538.63,997.96,14630.0,36312.5,173845.0
272598,-290.12,-566.32,983.81,-24150.0,18165.0,167615.0
272627,-151.77,-580.72,1010.53,-7962.5,-38780.0,105105.0
272655,19.15,-577.43,1048.1,29277.5,-31605.0,37047.5
272684,188.12,-567.06,1063.23,46672.5,5547.5,-43470.0
272712,314.27,-564.01,1050.42,30905.0,-7595.0,-117110.0
272741,367.83,-572.42,1027.48,4392.5,-2432.5,-160860.0
272769,338.92,-584.14,1013.33,-19162.5,25025.0,-171237.5
272798,206.79,-585.72,1017.85,-8015.0,-3570.0,-142817.5
272826,-7.69,-570.47,1025.41,15382.5,-37747.5,-50907.5
272855,-213.01,-549.0,1019.8,11270.0,2432.5,58415.0
272884,-340.38,-540.22,997.47,5932.5,39847.5,134505.0
272912,-383.32,-556.56,963.31,-15732.5,40792.5,173232.5
272941,-338.18,-593.41,952.09,-56262.5,20002.5,176435.0
272969,-203.74,-628.06,999.79,-52360.0,6930.0,125090.0
272998,-16.71,-643.79,1081.9,8067.5,31342.5,40705.0
273026,160.55,-647.21,1144.73,61057.5,29312.5,-55790.0
273055,279.14,-652.33,1157.66,84175.0,-17657.5,-128992.5
273083,320.74,-662.22,1120.08,53060.0,-48352.5,-176575.0
273112,253.64,-671.61,1066.89,-15662.5,-20912.5,-186112.5
273140,51.73,-671.85,1037.0,-53025.0,-34247.5,-114030.0
273169,-194.59,-652.82,1047.49,-41370.0,-51800.0,15137.5
273197,-365.76,-629.76,1052.62,29540.0,17115.0,105227.5
273225,-443.35,-626.35,1007.35,19495.0,59972.5,160247.5
273254,-432.12,-647.94,959.41,-46497.5,35297.5,183365.0
273282,-330.13,-678.93,976.0,-79432.5,-1137.5,139965.0
273311,-161.04,-697.35,1057.86,-32235.0,13405.0,70980.0
273339,26.72,-701.38,1145.09,34615.0,35665.0,-22295.0
273368,167.87,-706.14,1188.4,77350.0,-3832.5,-110442.5
273396,224.85,-717.97,1171.44,76720.0,-29330.0,-163397.5
273425,171.53,-727.49,1118.25,13335.0,-5285.0,-184537.5
273453,-22.57,-718.46,1079.46,-18497.5,-37275.0,-120575.0
273482,-262.54,-688.08,1061.4,6615.0,-47705.0,9170.0
273511,-418.95,-657.34,1025.9,19110.0,26915.0,99470.0
273539,-476.53,-644.4,970.02,-14945.0,51992.5,146895.0
273568,-451.77,-651.48,941.72,-65677.5,11690.0,147385.0
273596,-363.32,-666.0,971.97,-62055.0,-23747.5,113505.0
273625,-226.8,-673.32,1037.49,-26670.0,-4917.5,73482.5
273653,-56.61,-672.71,1105.08,13597.5,2835.0,-8627.5
273682,87.11,-673.2,1148.51,51275.0,-19337.5,-98857.5
273710,163.24,-680.39,1152.05,63455.0,-25865.0,-148715.0
273739,169.46,-690.03,1117.64,41317.5,-4287.5,-184642.5
273767,62.1,-691.01,1069.09,1260.0,-18672.5,-172392.5
273796,-138.59,-675.03,1044.56,-27720.0,-49157.5,-64120.0
273824,-327.2,-646.6,1046.27,-14262.5,-6002.5,33670.0
273852,-449.81,-624.76,1032.73,23012.5,29365.0,102165.0
273881,-505.08,-622.93,993.81,-105.0,33915.0,150990.0
273909,-482.88,-640.13,974.78,-48825.0,30642.5,168665.0
273938,-384.06,-660.87,1002.6,-56490.0,5617.5,136920.0
273966,-221.19,-671.73,1070.18,-33635.0,9782.5,83072.5
273995,-36.84,-671.24,1142.9,24430.0,29942.5,-24220.0
274023,99.43,-668.56,1180.23,66762.5,-10780.0,-107292.5
274052,168.12,-674.29,1166.81,80062.5,-30677.5,-159757.5
274080,156.53,-683.44,1114.59,32480.0,-17500.0,-186882.5
274109,34.28,-686.62,1072.38,-27860.0,-30327.5,-154595.0
274137,-166.53,-675.15,1067.87,-32935.0,-59447.5,-62615.0
274165,-360.14,-650.26,1072.38,5460.0,-6562.5,35525.0
274194,-488.12,-631.72,1044.32,31745.0,45902.5,114992.5
274222,-536.92,-635.13,993.93,-14840.0,46322.5,163257.5
274251,-503.01,-656.85,978.07,-65660.0,31430.0,166005.0
274279,-393.69,-676.61,1020.41,-56122.5,10517.5,120207.5
274308,-227.65,-679.78,1098.85,-16747.5,11112.5,56700.0
274336,-41.72,-670.76,1175.1,29365.0,14682.5,-39515.0
274365,104.92,-668.19,1208.9,69282.5,-37572.5,-122815.0
274393,174.46,-682.96,1186.94,66150.0,-62562.5,-179550.0
274422,144.45,-707.6,1137.53,12127.5,-24850.0,-188475.0
274450,-6.34,-729.07,1109.59,-40215.0,-37695.0,-144532.5
274478,-231.31,-728.1,1127.04,-34037.5,-78190.0,-45272.5
274506,-425.54,-708.45,1141.43,39025.0,-3640.0,62212.5
274534,-528.87,-697.23,1103.25,46445.0,52955.0,140122.5
274563,-544.36,-704.18,1051.4,-14595.0,46917.5,175980.0
274591,-475.56,-721.75,1040.05,-51030.0,29452.5,173530.0
274620,-326.35,-733.22,1078.11,-56227.5,665.0,130655.0
274648,-125.54,-731.76,1148.87,-24692.5,9345.0,36050.0
274677,56.73,-724.68,1208.17,43750.0,-3972.5,-74515.0
274706,166.04,-725.29,1215.36,89162.5,-40722.5,-139842.5
274735,196.79,-734.81,1159.12,70717.5,-33180.0,-174212.5
274763,123.22,-747.49,1086.65,-32672.5,2327.5,-166005.0
274791,-62.1,-750.54,1076.53,-90090.0,-41265.0,-92557.5
274820,-271.94,-730.9,1120.2,-24815.0,-39375.0,9940.0
274848,-416.51,-704.67,1128.38,62492.5,34265.0,86782.5
274877,-486.29,-690.76,1082.38,33372.5,48562.5,140665.0
274905,-486.78,-695.4,1038.34,-15085.0,27860.0,165567.5
274934,-408.33,-709.31,1039.68,-40022.5,6527.5,151672.5
274962,-245.1,-712.48,1098.37,-19862.5,19810.0,95077.5
274991,-40.02,-698.08,1179.86,27422.5,37432.5,-5477.5
275020,120.29,-681.74,1226.83,68460.0,-29277.5,-96477.5
275049,194.83,-676.86,1207.43,60410.0,-69685.0,-149852.5
275077,179.1,-680.52,1149.36,-4375.0,-48125.0,-172847.5
275105,49.17,-681.86,1118.74,-67497.5,-43750.0,-133997.5
275134,-147.74,-667.58,1138.75,-47582.5,-54092.5,-38447.5
275162,-315.25,-640.01,1159.24,21682.5,5285.0,46077.5
275191,-414.07,-616.1,1134.11,45937.5,54022.5,101325.0
275219,-453.96,-605.85,1085.56,-1505.0,37835.0,134750.0
275248,-433.47,-610.61,1065.79,-38587.5,29102.5,150045.0
275276,-332.82,-618.42,1092.27,-30170.0,37380.0,122062.5
275305,-162.5,-612.44,1155.58,-6790.0,39392.5,56945.0
275334,21.96,-596.34,1223.78,31937.5,18742.5,-36365.0
275363,153.72,-589.14,1247.82,63070.0,-41755.0,-114432.5
275391,203.98,-597.56,1215.24,34545.0,-62597.5,-161192.5
275419,156.4,-610.49,1164.73,-16415.0,-24727.5,-171290.0
275447,-10.98,-611.59,1130.82,-31832.5,-30205.0,-105735.0
275475,-229.97,-599.63,1118.86,-21945.0,-31517.5,6055.0
275504,-395.28,-584.26,1105.93,-367.5,13370.0,83615.0
275532,-476.53,-576.69,1069.7,3622.5,27772.5,134015.0
275561,-453.96,-585.11,1048.22,-57802.5,-75652.5,165585.0
275589,-339.77,-599.26,1093.12,-9187.5,-53970.0,115972.5
275618,-170.8,-600.48,1147.29,70805.0,108272.5,57715.0
275646,4.88,-585.36,1169.74,44327.5,-8592.5,-18917.5
275675,128.47,-569.01,1175.96,43190.0,-65222.5,-83562.5
275704,193.37,-558.27,1136.8,29190.0,-43855.0,-124267.5
275732,192.39,-554.12,1078.24,-47390.0,-41947.5,-144655.0
275760,97.11,-548.63,1067.99,-81690.0,-33757.5,-120575.0
275788,-61.73,-530.21,1105.32,-19897.5,-20125.0,-43995.0
275817,-210.33,-504.35,1117.28,30502.5,24675.0,33705.0
275845,-312.08,-481.78,1090.8,7927.5,12617.5,104615.0
275874,-352.46,-472.51,1068.72,-1995.0,5320.0,141662.5
275902,-333.55,-478.0,1060.91,-3325.0,26950.0,148137.5
275931,-252.3,-490.56,1072.38,-12250.0,41002.5,127890.0
275959,-115.66,-500.69,1105.08,-7192.5,35420.0,63857.5
275988,35.75,-504.71,1133.87,9800.0,4462.5,-13107.5
276017,157.5,-507.76,1132.16,4392.5,-22487.5,-84980.0
276045,219.23,-515.57,1111.05,-14000.0,-31535.0,-132790.0
276073,212.89,-522.4,1097.15,-22645.0,-7367.5,-147735.0
276101,124.44,-518.87,1095.07,-12827.5,-7700.0,-141330.0
276130,-41.24,-500.69,1110.32,-6825.0,-39707.5,-62755.0
276158,-207.16,-474.34,1125.57,23012.5,13055.0,32952.5
276187,-313.78,-454.82,1106.17,30327.5,25200.0,98280.0
276215,-361.36,-452.13,1069.94,3167.5,10972.5,143902.5
276244,-341.23,-466.16,1053.47,-9677.5,17115.0,157395.0
276272,-250.34,-485.32,1063.35,-10325.0,16450.0,124285.0
276301,-108.34,-498.13,1091.17,-665.0,2415.0,63647.5
276330,48.31,-503.13,1117.76,20720.0,3342.5,-12005.0
276358,173.85,-506.67,1115.57,29365.0,-9870.0,-84892.5
276387,234.24,-513.62,1080.19,4095.0,-27825.0,-136272.5
276415,218.5,-515.94,1051.64,-32865.0,-1662.5,-152005.0
276444,112.48,-506.67,1055.91,-22190.0,-29890.0,-123392.5
276472,-50.02,-487.76,1082.38,-6562.5,-55755.0,-35717.5
276501,-181.54,-461.65,1103.37,17150.0,8067.5,41720.0
276529,-231.07,-434.81,1090.44,17885.0,24045.0,90125.0
276558,-193.74,-415.41,1075.43,-5862.5,-19005.0,92837.5
276586,-111.63,-399.18,1078.24,10745.0,13632.5,49927.5
276615,-26.84,-380.88,1070.92,11550.0,16362.5,12250.0
276644,38.55,-364.54,1065.91,-5477.5,-542.5,-27142.5
276672,75.15,-353.31,1065.55,4427.5,-4672.5,-45937.5
276701,88.94,-343.55,1060.18,-13982.5,3920.0,-61915.0
276729,59.54,-329.4,1060.42,-14577.5,-7542.5,-67060.0
276758,-18.54,-310.12,1069.21,-7192.5,-32532.5,-20527.5
276786,-104.68,-293.78,1084.34,14017.5,-14770.0,43207.5
276815,-165.31,-289.51,1081.65,35577.5,27650.0,86992.5
276843,-189.71,-294.51,1062.13,16922.5,28245.0,119262.5
276872,-146.89,-305.24,1051.88,-5075.0,26460.0,120522.5
276900,-28.3,-315.74,1056.76,-13562.5,9712.5,55737.5
276929,122.61,-320.86,1069.7,-1785.0,-6055.0,-28402.5
276958,247.78,-327.57,1069.7,9135.0,-8977.5,-108587.5
276986,297.31,-339.77,1053.23,3412.5,-14682.5,-154297.5
277015,248.15,-352.58,1045.05,-17115.0,1242.5,-155540.0
277043,88.94,-349.29,1067.01,-17902.5,-35787.5,-97930.0
277072,-103.7,-333.18,1097.27,25725.0,-11042.5,14017.5
277100,-236.68,-325.98,1086.04,40092.5,37922.5,93782.5
277129,-294.26,-335.5,1046.52,-560.0,26442.5,151305.0
277157,-255.83,-358.68,1034.8,-32462.5,11165.0,156205.0
277186,-131.76,-380.76,1059.81,-16747.5,455.0,95287.5
277215,31.11,-392.47,1091.17,10552.5,612.5,21052.5
277244,184.71,-398.7,1101.9,29137.5,1872.5,-57557.5
277273,288.65,-409.07,1082.87,29225.0,-10342.5,-118037.5
277301,318.91,-425.54,1050.3,1085.0,-7017.5,-152775.0
277330,270.23,-439.44,1039.44,-23187.5,6300.0,-141085.0
277358,162.26,-443.71,1060.3,-11742.5,2677.5,-105140.0
277387,14.52,-430.17,1084.82,18025.0,15645.0,-62387.5
277415,-135.54,-401.01,1074.45,37047.5,15330.0,6300.0
277444,-248.15,-374.91,1030.29,8295.0,5390.0,71400.0
277473,-318.79,-366.0,991.49,-30520.0,4707.5,118230.0
277502,-352.21,-376.37,970.75,-34370.0,4742.5,142187.5
277530,-333.3,-403.82,959.77,-25550.0,10937.5,159285.0
277559,-232.53,-434.81,973.19,-35105.0,30292.5,131390.0
277587,-74.91,-451.64,1019.07,-17692.5,10570.0,61740.0
277615,91.99,-457.87,1075.8,8540.0,-1032.5,-17062.5
277644,227.77,-468.72,1116.06,36330.0,-15155.0,-103985.0
277672,294.75,-490.81,1123.86,54670.0,-28315.0,-160405.0
277701,284.63,-514.35,1103.86,44940.0,-8767.5,-182402.5
277729,177.14,-525.09,1073.23,19057.5,-20702.5,-166162.5
277758,-20.01,-514.84,1053.35,-10360.0,-56997.5,-73360.0
277786,-215.57,-491.78,1052.13,-28962.5,-14227.5,35857.5
277815,-339.16,-475.56,1047.25,-840.0,22907.5,102147.5
277843,-398.7,-475.8,1021.51,2345.0,33967.5,140630.0
277872,-408.82,-494.59,994.91,-28980.0,21787.5,173302.5
277900,-332.33,-527.04,1003.82,-45780.0,10395.0,178115.0
277928,-176.29,-551.2,1052.62,-16852.5,2292.5,92277.5
277957,3.29,-557.42,1108.98,24360.0,-525.0,14927.5
277986,167.51,-560.59,1144.48,54652.5,8225.0,-79905.0
278015,267.06,-571.45,1139.97,69160.0,-18112.5,-153912.5
278043,277.92,-584.75,1104.47,28245.0,-22032.5,-184852.5
278072,194.47,-589.75,1077.75,-17517.5,-8750.0,-164552.5
278100,17.69,-579.99,1075.67,-10325.0,-26862.5,-94850.0
278129,-184.22,-555.47,1079.21,8417.5,-29155.0,3990.0
278158,-328.18,-531.43,1065.91,21245.0,7437.5,76667.5
278187,-403.21,-522.4,1025.04,6772.5,26057.5,124215.0
278216,-423.95,-530.94,978.56,-30940.0,7857.5,149152.5
278245,-371.37,-552.42,963.31,-53410.0,2695.0,161175.0
278274,-215.45,-571.33,998.08,-56612.5,3097.5,107257.5
278302,-0.49,-573.89,1061.52,-19705.0,7420.0,9240.0
278331,187.88,-569.25,1112.76,23642.5,10552.5,-92907.5
278359,293.53,-578.04,1126.91,67305.0,8067.5,-166565.0
278388,299.39,-602.8,1096.17,60462.5,23502.5,-194687.5
278416,180.07,-629.52,1053.1,14402.5,297.5,-181597.5
278445,-46.12,-637.33,1042.61,-3255.0,-76737.5,-79030.0
278473,-261.2,-623.54,1044.56,27685.0,-9607.5,43242.5
278502,-386.37,-612.68,1005.77,23135.0,55072.5,126735.0
278530,-426.39,-616.71,949.89,-39515.0,31272.5,169820.0
278559,-384.54,-629.28,931.59,-71732.5,-9170.0,180005.0
278588,-262.67,-637.33,952.21,-63857.5,-42350.0,135345.0
278616,-92.35,-633.55,996.86,-34632.5,-19950.0,59220.0
278645,85.89,-623.3,1043.83,3132.5,23100.0,-23100.0
278673,226.43,-621.71,1071.16,30800.0,3412.5,-109742.5
278702,295.97,-638.3,1074.82,36365.0,5267.5,-164727.5
278730,295.48,-661.48,1060.79,35297.5,26565.0,-189297.5
278759,209.23,-675.03,1040.66,23870.0,-11340.0,-183102.5
278787,36.97,-669.54,1029.68,3500.0,-46480.0,-106295.0
278816,-150.43,-647.82,1033.58,-700.0,-21052.5,2170.0
278845,-286.21,-625.62,1028.7,16992.5,29032.5,81497.5
278874,-365.27,-617.44,996.98,4620.0,50312.5,132790.0
278903,-397.72,-626.59,959.16,-32200.0,38360.0,167055.0
278931,-364.9,-647.09,947.82,-54145.0,35385.0,176645.0
278960,-257.91,-662.7,974.17,-57365.0,29155.0,126175.0
278988,-101.63,-660.75,1037.73,-39462.5,2450.0,60305.0
279017,69.42,-646.84,1116.91,8295.0,29382.5,-22032.5
279046,203.86,-639.77,1169.74,55492.5,-5617.5,-111877.5
279075,264.13,-658.92,1176.08,75337.5,-28892.5,-167002.5
279103,250.1,-696.99,1153.51,53900.0,-7945.0,-192657.5
279132,147.13,-727.73,1131.31,38955.0,-50120.0,-195545.0
279160,-53.92,-730.78,1107.39,26355.0,-112805.0,-123532.5
279189,-268.52,-707.84,1091.17,-1470.0,-44485.0,25375.0
279218,-401.87,-683.44,1071.16,6772.5,84525.0,123900.0
279246,-455.55,-674.05,1036.88,-27090.0,81112.5,168665.0
279275,-459.21,-680.27,1019.92,-46952.5,34615.0,176417.5
279303,-403.82,-696.13,1039.32,-47285.0,42560.0,174020.0
279332,-266.08,-702.72,1096.17,-29032.5,48090.0,123497.5
279360,-69.66,-689.79,1173.15,2957.5,9275.0,25042.5
279389,107.73,-674.54,1234.88,44135.0,-15662.5,-84262.5
279417,206.06,-676.61,1244.64,62807.5,-51415.0,-154420.0
279446,219.36,-696.25,1212.8,24885.0,-56507.5,-185832.5
279474,140.06,-717.24,1185.96,-9310.0,-62597.5,-179357.5
279503,-34.28,-719.8,1183.03,-12442.5,-93240.0,-114782.5
279531,-238.51,-700.28,1191.33,-3885.0,-52692.5,-192.5
279559,-385.76,-677.59,1187.3,16817.5,42735.0,96687.5
279588,-456.77,-668.8,1152.41,5985.0,65240.0,152967.5
279616,-467.63,-677.59,1115.93,-32497.5,32532.5,177275.0
279645,-402.23,-695.89,1121.42,-35717.5,28140.0,169925.0
279673,-250.95,-708.33,1165.1,-18532.5,26092.5,111562.5
279702,-48.92,-705.4,1223.17,9205.0,22137.5,16870.0
279731,125.78,-698.45,1268.92,41632.5,-19215.0,-91857.5
279760,214.96,-702.72,1269.65,63612.5,-50557.5,-160842.5
279788,223.5,-715.16,1224.15,31517.5,-41212.5,-189280.0
279817,136.64,-723.34,1174.37,-29172.5,-63122.5,-186217.5
279845,-51.24,-715.65,1171.2,-60725.0,-111615.0,-92872.5
279873,-248.51,-695.4,1214.39,-7980.0,-29820.0,35752.5
279902,-372.95,-680.27,1229.52,45675.0,82635.0,117967.5
279930,-427.0,-680.15,1192.43,22225.0,85645.0,168577.5
279959,-415.65,-696.86,1159.98,-23257.5,74707.5,191117.5
279987,-318.18,-719.31,1176.32,-51415.0,78732.5,159355.0
280016,-150.55,-729.32,1247.33,-28752.5,41037.5,69510.0
280044,21.84,-726.39,1328.58,44660.0,5145.0,-37012.5
280073,140.91,-724.92,1357.01,93800.0,-24850.0,-120680.0
280101,185.2,-729.8,1321.14,72905.0,-52500.0,-168052.5
280129,143.72,-732.61,1263.19,12180.0,-48667.5,-173320.0
280157,12.81,-722.12,1228.17,-23397.5,-50890.0,-121677.5
280185,-170.43,-695.89,1215.97,-8627.5,-46690.0,-47705.0
280214,-338.43,-659.29,1200.97,7105.0,1942.5,41352.5
280242,-445.3,-627.57,1160.34,9975.0,36067.5,113312.5
280271,-491.05,-614.51,1106.54,-26950.0,24027.5,152162.5
280299,-481.05,-620.0,1079.46,-43015.0,33600.0,158725.0
280328,-406.99,-634.64,1081.9,-44292.5,34282.5,136797.5
280356,-269.86,-644.4,1114.84,-44677.5,-4077.5,74270.0
280385,-96.62,-645.26,1172.54,-12267.5,-9152.5,-3045.0
280414,59.41,-647.09,1221.46,20265.0,-11725.0,-88987.5
280442,147.62,-661.0,1243.55,40267.5,-43435.0,-152722.5
280470,159.58,-682.22,1240.01,42857.5,-27947.5,-177957.5
280498,92.11,-694.55,1215.0,30485.0,-34947.5,-179445.0
280527,-66.86,-684.18,1195.11,717.5,-86747.5,-122167.5
280555,-260.23,-651.24,1198.53,1750.0,-41755.0,-12390.0
280584,-400.65,-616.34,1193.77,27422.5,40442.5,83947.5
280612,-468.85,-596.82,1159.24,14875.0,66307.5,138127.5
280641,-483.73,-595.85,1120.33,-20632.5,46515.0,157780.0
280669,-457.01,-611.46,1106.54,-41650.0,33495.0,160387.5
280698,-365.88,-637.33,1130.94,-48317.5,36977.5,149345.0
280726,-200.32,-656.97,1184.62,-17832.5,28997.5,76807.5
280754,-11.96,-661.48,1236.84,17062.5,29242.5,-19215.0
280783,130.3,-662.7,1257.09,36960.0,-21315.0,-113487.5
280811,188.73,-673.93,1236.71,37957.5,-56122.5,-168665.0
280840,161.28,-688.2,1198.77,7087.5,-42980.0,-183365.0
280868,40.5,-684.91,1181.33,-25550.0,-63910.0,-152775.0
280897,-151.65,-658.68,1192.18,-15715.0,-67112.5,-61915.0
280925,-329.64,-624.03,1206.09,15032.5,7717.5,52482.5
280954,-430.78,-599.51,1190.35,31797.5,74497.5,127085.0
280982,-463.11,-593.41,1146.19,525.0,53252.5,154945.0
281011,-456.52,-604.27,1108.61,-26127.5,16012.5,155855.0
281039,-402.48,-628.67,1097.39,-38325.0,4882.5,152967.5
281067,-298.29,-652.46,1112.52,-32182.5,6965.0,101990.0
281096,-162.26,-666.0,1147.78,-13580.0,2047.5,53567.5
281124,-2.07,-672.95,1189.99,5827.5,29312.5,-18620.0
281153,134.08,-681.61,1222.81,25812.5,-8260.0,-108850.0
281181,200.45,-700.4,1229.15,52325.0,-30607.5,-167702.5
281210,192.76,-722.24,1204.26,40197.5,-25200.0,-193585.0
281238,93.7,-729.8,1177.67,4165.0,-43102.5,-183155.0
281267,-96.87,-709.06,1170.35,-8505.0,-68267.5,-105262.5
281295,-301.34,-666.61,1174.13,15995.0,-18410.0,16345.0
281324,-434.32,-631.23,1151.92,44537.5,64452.5,109112.5
281352,-481.29,-619.27,1095.07,1767.5,70122.5,148225.0
281380,-461.77,-627.81,1060.06,-48230.0,28245.0,155330.0
281409,-361.36,-646.6,1087.63,-60217.5,35560.0,142362.5
281437,-183.73,-660.51,1164.49,-21857.5,26845.0,61180.0
281466,3.29,-665.88,1238.3,39462.5,16467.5,-40897.5
281495,133.22,-675.51,1265.63,68355.0,-23765.0,-123042.5
281524,183.0,-691.25,1248.06,56385.0,-41737.5,-166407.5
281552,145.42,-700.89,1200.24,25567.5,-52920.0,-180757.5
281581,0.37,-691.13,1161.68,-34230.0,-126840.0,-124810.0
281609,-196.54,-661.48,1175.96,-42035.0,-59167.5,-9240.0
281638,-347.58,-630.01,1201.58,18287.5,53200.0,81322.5
281667,-428.71,-613.54,1183.4,31325.0,83580.0,135642.5
281695,-449.57,-616.1,1146.19,-9327.5,59115.0,165707.5
281724,-402.6,-631.72,1135.45,-33057.5,42350.0,162312.5
281752,-279.38,-647.94,1163.88,-36645.0,14770.0,118440.0
281781,-101.63,-656.6,1220.0,-7385.0,5915.0,36505.0
281809,67.1,-659.29,1265.99,40810.0,8872.5,-68092.5
281838,167.14,-665.02,1267.21,61967.5,-30065.0,-140070.0
281866,189.1,-673.93,1225.12,35035.0,-31745.0,-171745.0
281895,127.37,-676.86,1178.76,-17447.5,-33530.0,-170625.0
281923,-27.82,-663.19,1171.81,-45710.0,-76650.0,-118090.0
281952,-225.7,-630.5,1195.72,-1225.0,-50557.5,-14070.0
281980,-376.25,-596.34,1196.82,43505.0,59640.0,85820.0
282008,-445.54,-577.3,1148.87,19057.5,90650.0,143675.0
282037,-450.91,-575.84,1099.71,-42647.5,35910.0,159775.0
282065,-389.91,-587.06,1099.71,-53865.0,19092.5,148697.5
282094,-260.1,-598.17,1144.36,-30625.0,11795.0,94867.5
282122,-90.52,-602.31,1203.65,5862.5,-14787.5,22452.5
282151,63.56,-609.27,1240.98,39445.0,-38395.0,-88952.5
282179,144.08,-623.79,1230.37,48842.5,-47757.5,-162767.5
282208,146.16,-635.01,1190.6,10377.5,-6440.0,-169802.5
282236,78.08,-634.64,1161.07,-20317.5,-18567.5,-152162.5
282264,-56.36,-621.35,1158.76,-24675.0,-65887.5,-102462.5
282292,-213.74,-594.38,1171.08,-5775.0,-41265.0,-24587.5
282320,-334.89,-561.93,1174.74,23887.5,10290.0,48072.5
282349,-397.11,-538.51,1153.51,35192.5,39235.0,95725.0
282377,-414.07,-529.36,1116.67,-1802.5,28350.0,120977.5
282406,-390.16,-529.48,1101.9,-33442.5,25480.0,134592.5
282434,-322.08,-530.94,1114.23,-18795.0,17167.5,127820.0
282463,-193.0,-527.53,1134.84,-6352.5,29767.5,94902.5
282491,-22.33,-516.79,1156.68,-4882.5,27982.5,2152.5
282520,111.75,-506.06,1177.3,10045.0,840.0,-79607.5
282549,179.58,-507.52,1184.38,38972.5,3360.0,-124127.5
282577,185.07,-519.11,1171.57,40582.5,-122.5,-150360.0
282606,113.22,-527.65,1155.46,27527.5,-31675.0,-149380.0
282634,-36.23,-519.23,1139.36,21665.0,-60655.0,-102707.5
282663,-211.18,-492.64,1117.15,9800.0,-52797.5,-682.5
282691,-338.92,-468.85,1095.56,1925.0,23310.0,82547.5
282720,-403.33,-458.96,1068.11,507.5,58327.5,119542.5
282748,-421.39,-461.89,1044.08,-29925.0,45867.5,144077.5
282777,-376.98,-474.58,1046.27,-43155.0,61915.0,147385.0
282805,-258.15,-484.34,1079.09,-45377.5,45150.0,103057.5
282834,-98.21,-482.14,1137.77,-20667.5,18742.5,28840.0
282863,42.46,-480.19,1199.87,22225.0,892.5,-64225.0
282891,122.73,-490.68,1228.78,84210.0,-42595.0,-128327.5
282920,127.37,-508.13,1211.22,54320.0,-56577.5,-151235.0
282948,55.27,-514.72,1190.96,1820.0,-46200.0,-136272.5
282977,-70.52,-496.42,1181.45,13667.5,-34037.5,-98192.5
283005,-215.57,-461.65,1148.87,25900.0,-57155.0,-28262.5
283034,-342.09,-428.83,1104.1,-9607.5,2975.0,54687.5
283063,-422.0,-411.38,1072.38,-30852.5,63595.0,115535.0
283092,-453.6,-413.09,1058.35,-41825.0,66395.0,141680.0
283120,-444.57,-428.71,1061.89,-31220.0,53987.5,142170.0
283148,-394.55,-449.45,1077.38,-26320.0,54390.0,130970.0
283176,-290.85,-465.06,1116.54,-33810.0,48790.0,92330.0
283204,-155.18,-467.99,1184.25,-13912.5,17360.0,16450.0
283233,-40.99,-465.06,1246.6,34982.5,-19390.0,-53375.0
283261,30.01,-468.72,1273.31,67322.5,-52867.5,-106067.5
283290,59.78,-480.8,1261.72,67567.5,-59412.5,-143150.0
283318,33.31,-493.86,1223.54,37257.5,-76895.0,-168000.0
283347,-74.91,-493.12,1188.77,-8260.0,-93800.0,-141505.0
283375,-242.29,-470.07,1175.59,-15225.0,-63122.5,-55265.0
283404,-395.65,-436.03,1164.86,4445.0,26512.5,41562.5
283433,-491.9,-410.04,1131.67,11305.0,75512.5,106802.5
283461,-535.21,-403.7,1089.95,-29435.0,78802.5,148750.0
283489,-537.78,-414.8,1074.94,-51660.0,77875.0,152495.0
283517,-502.15,-437.49,1085.43,-40320.0,57172.5,143675.0
283546,-407.48,-463.36,1124.6,-55947.5,54232.5,107765.0
283574,-266.45,-477.75,1207.43,-45902.5,19390.0,34562.5
283603,-135.66,-483.73,1292.83,28087.5,-15085.0,-44607.5
283631,-51.73,-495.32,1324.8,79082.5,-34125.0,-105315.0
283660,-20.5,-510.57,1303.45,65905.0,-48965.0,-144532.5
283688,-48.56,-518.87,1269.29,22820.0,-78137.5,-159880.0
283717,-145.91,-512.64,1246.72,8067.5,-108220.0,-141050.0
283745,-304.02,-489.46,1230.25,8312.5,-103320.0,-68442.5
283773,-457.38,-458.11,1210.48,13247.5,-3605.0,42245.0
283802,-547.41,-434.56,1171.93,12180.0,75652.5,114852.5
283830,-574.13,-429.2,1129.72,-15330.0,54530.0,159355.0
283859,-541.8,-439.93,1114.84,-15365.0,47775.0,153965.0
283887,-443.47,-456.65,1133.38,-19302.5,56070.0,118300.0
283916,-288.41,-466.28,1187.18,-16572.5,19967.5,46025.0
283944,-124.2,-468.6,1243.06,20947.5,-280.0,-45395.0
283973,-9.88,-476.78,1260.02,34650.0,-33197.5,-118895.0
284001,34.16,-493.0,1244.03,22785.0,-38010.0,-153335.0
284030,7.81,-506.91,1213.78,5040.0,-42315.0,-166127.5
284059,-102.48,-506.42,1195.48,-17885.0,-90790.0,-139720.0
284087,-277.55,-486.54,1205.12,-11147.5,-75670.0,-52692.5
284115,-437.13,-458.11,1211.22,19880.0,26512.5,54862.5
284143,-525.94,-440.18,1180.23,16835.0,77332.5,123077.5
284172,-556.08,-440.79,1140.33,-17972.5,51537.5,157150.0
284200,-540.58,-459.45,1133.14,-16940.0,38167.5,167720.0
284229,-470.43,-487.02,1152.17,-8540.0,56437.5,145407.5
284257,-341.72,-506.54,1189.87,-8977.5,16362.5,97457.5
284286,-171.65,-511.67,1243.79,11795.0,4515.0,20790.0
284315,-14.27,-511.3,1278.44,40687.5,-20580.0,-71960.0
284343,80.64,-518.01,1269.9,33775.0,-57855.0,-137550.0
284372,103.46,-533.02,1243.18,2170.0,-44747.5,-168420.0
284400,44.41,-543.75,1226.34,-10797.5,-46672.5,-168017.5
284429,-98.33,-536.07,1225.25,-2467.5,-77262.5,-127400.0
284457,-280.6,-506.91,1228.54,13790.0,-40862.5,-31465.0
284486,-420.78,-472.63,1211.7,26092.5,44782.5,66447.5
284514,-485.93,-450.55,1166.08,5635.0,66727.5,117390.0
284543,-501.79,-444.32,1126.18,-29050.0,42035.0,132772.5
284571,-491.54,-451.16,1113.37,-28262.5,44695.0,134837.5
284600,-422.97,-467.38,1124.11,-37922.5,65135.0,138915.0
284628,-270.35,-478.24,1168.76,-37292.5,37730.0,72432.5
284656,-90.52,-478.73,1229.76,-665.0,1610.0,-20230.0
284685,46.6,-484.58,1263.19,30012.5,-28770.0,-103250.0
284713,110.29,-504.35,1260.14,25497.5,-52745.0,-154577.5
284742,101.14,-528.99,1245.25,10972.5,-41912.5,-176050.0
284770,6.34,-544.24,1234.88,560.0,-80132.5,-166547.5
284799,-164.94,-537.53,1238.3,-3990.0,-87010.0,-90527.5
284827,-337.09,-511.91,1243.79,17867.5,3377.5,21560.0
284856,-444.81,-488.61,1216.22,27912.5,79030.0,102042.5
284884,-488.0,-480.68,1164.86,-10920.0,63857.5,141557.5
284913,-489.22,-487.27,1134.97,-32340.0,40880.0,150255.0
284941,-447.74,-503.62,1135.58,-35682.5,52027.5,148802.5
284969,-347.7,-521.79,1159.98,-42280.0,39340.0,126507.5
284997,-195.57,-532.65,1211.83,-32112.5,30677.5,53375.0
285025,-44.53,-538.02,1268.68,11707.5,-210.0,-40442.5
285054,52.09,-548.51,1296.37,43750.0,-37275.0,-109725.0
285082,91.5,-565.71,1290.52,50260.0,-41300.0,-148137.5
285111,74.91,-581.94,1265.63,31097.5,-48107.5,-175437.5
285139,-31.35,-586.82,1254.77,8365.0,-90895.0,-157150.0
285168,-207.4,-568.4,1266.6,29207.5,-53287.5,-73972.5
285196,-361.73,-531.68,1247.08,54775.0,40600.0,25795.0
285225,-447.01,-497.52,1179.25,17307.5,56157.5,92872.5
285254,-480.8,-479.83,1117.64,-34440.0,38955.0,127225.0
285282,-484.34,-480.44,1096.29,-49490.0,41790.0,138775.0
285310,-462.5,-495.44,1102.64,-47705.0,65940.0,145810.0
285338,-379.42,-517.04,1135.94,-59325.0,83440.0,133595.0
285367,-234.36,-529.72,1202.92,-36680.0,33390.0,42700.0
285395,-88.82,-532.41,1270.26,12827.5,-12127.5,-37415.0
285424,18.91,-539.36,1294.18,50785.0,-22260.0,-106225.0
285452,70.15,-555.1,1269.9,43032.5,-54880.0,-155102.5
285481,53.19,-573.16,1233.54,6265.0,-66482.5,-180740.0
285509,-45.51,-580.96,1222.44,-14927.5,-96407.5,-160632.5
285538,-213.5,-568.28,1234.03,1575.0,-78680.0,-80010.0
285566,-376.86,-541.92,1241.23,20527.5,11357.5,42350.0
285595,-470.68,-521.92,1220.61,25515.0,77630.0,124075.0
285624,-497.03,-517.52,1182.42,-2362.5,70000.0,153107.5
285652,-465.06,-524.84,1162.66,-21875.0,54862.5,146177.5
285681,-373.08,-535.34,1172.42,-28192.5,40652.5,107135.0
285709,-234.24,-540.34,1211.83,-19022.5,11567.5,48475.0
285738,-78.57,-540.58,1257.58,16870.0,8260.0,-30205.0
285766,40.75,-546.07,1271.48,40687.5,-32637.5,-111037.5
285795,93.94,-561.44,1246.84,28140.0,-54757.5,-157325.0
285823,77.23,-577.3,1212.8,-7315.0,-53567.5,-174947.5
285852,-20.74,-583.53,1205.6,-26092.5,-85802.5,-147315.0
285880,-184.46,-573.89,1228.3,-11865.0,-80360.0,-69685.0
285909,-342.09,-551.2,1253.43,20720.0,18200.0,43400.0
285938,-432.49,-532.04,1241.47,37695.0,99872.5,116707.5
285966,-464.45,-526.06,1197.43,3657.5,66850.0,147245.0
285995,-453.11,-531.92,1167.17,-21210.0,38237.5,152775.0
286023,-390.77,-543.88,1168.52,-28542.5,57697.5,133052.5
286052,-274.99,-551.44,1197.55,-26827.5,30415.0,88620.0
286080,-127.12,-550.46,1247.33,-4865.0,4462.5,17465.0
286109,3.78,-547.54,1283.93,37310.0,-2712.5,-61145.0
286138,80.28,-551.32,1281.24,43995.0,-41527.5,-116725.0
286167,99.8,-559.49,1256.11,25655.0,-49087.5,-147105.0
286195,56.73,-562.05,1229.27,4165.0,-63665.0,-153650.0
286223,-54.78,-552.17,1214.14,-11672.5,-86082.5,-117460.0
286251,-205.45,-529.24,1215.24,-12390.0,-56280.0,-33827.5
286279,-331.84,-501.54,1219.51,5582.5,23240.0,58432.5
286308,-399.18,-481.41,1203.53,15680.0,62142.5,107957.5
286336,-421.88,-473.24,1170.35,-1557.5,36732.5,125877.5
286365,-413.7,-475.43,1148.14,-18427.5,25830.0,127872.5
286393,-368.56,-485.07,1146.92,-20562.5,36085.0,123392.5
286422,-269.86,-495.32,1166.69,-20790.0,16660.0,91297.5
286450,-124.07,-499.59,1207.92,-4900.0,4760.0,27685.0
286479,23.06,-499.1,1246.35,26880.0,-3587.5,-54617.5
286508,122.85,-502.88,1250.74,48790.0,-34545.0,-121450.0
286536,161.04,-513.13,1217.07,38132.5,-40985.0,-158165.0
286564,131.88,-521.43,1177.06,-2380.0,-36207.5,-166705.0
286592,24.03,-519.48,1163.03,-20230.0,-60672.5,-130760.0
286621,-134.57,-506.06,1174.13,-13247.5,-51992.5,-48895.0
286649,-278.65,-485.32,1188.52,7262.5,20002.5,41090.0
286678,-366.85,-467.14,1174.25,23065.0,63227.5,102480.0
286706,-402.6,-460.67,1133.99,-2047.5,48632.5,132107.5
286735,-400.04,-466.41,1105.56,-27160.0,34562.5,138390.0
286763,-357.58,-479.7,1105.08,-35140.0,46095.0,131250.0
286792,-263.15,-491.66,1130.57,-29592.5,30730.0,98245.0
286820,-125.9,-495.2,1179.01,-13282.5,17727.5,36540.0
286848,14.4,-492.39,1228.54,22382.5,8260.0,-38832.5
286877,114.8,-495.81,1248.79,50977.5,-33355.0,-106697.5
286905,156.65,-509.72,1233.3,50330.0,-48912.5,-147910.0
286934,133.22,-523.87,1199.75,20982.5,-37887.5,-165777.5
286962,29.65,-525.09,1178.28,-3255.0,-69317.5,-142572.5
286991,-135.91,-508.5,1175.1,-227.5,-68792.5,-63192.5
287019,-289.14,-481.17,1171.08,3447.5,16765.0,37380.0
287048,-380.64,-458.11,1147.78,3867.5,65152.5,101780.0
287076,-419.19,-449.45,1114.84,-18655.0,45587.5,129097.5
287105,-421.88,-454.57,1097.76,-30397.5,36732.5,133315.0
287133,-391.25,-467.63,1102.39,-34282.5,53340.0,130112.5
287161,-309.88,-481.17,1129.48,-33530.0,36312.5,107887.5
287189,-181.17,-487.76,1180.23,-16520.0,3027.5,47477.5
287217,-44.04,-487.51,1233.66,20597.5,997.5,-22977.5
287246,61.37,-489.95,1257.21,49140.0,-28227.5,-90352.5
287274,114.31,-500.2,1245.38,50277.5,-53025.0,-135187.5
287303,111.26,-511.42,1216.1,28332.5,-41002.5,-156765.0
287331,41.6,-512.89,1192.31,9992.5,-64225.0,-150587.5
287360,-94.18,-498.98,1178.4,5967.5,-72852.5,-100835.0
287388,-250.34,-472.26,1171.08,-3570.0,-17517.5,-6860.0
287417,-366.12,-444.93,1159.0,6142.5,56805.0,76195.0
287446,-423.95,-428.22,1127.89,-3570.0,58450.0,120557.5
287474,-439.2,-424.56,1096.78,-25042.5,38132.5,134382.5
287502,-420.17,-430.9,1087.63,-35332.5,43067.5,130252.5
287530,-356.24,-443.59,1104.34,-39637.5,44327.5,117320.0
287559,-240.71,-453.84,1150.58,-30660.0,17990.0,67812.5
287587,-106.14,-457.5,1210.97,5565.0,6020.0,-140.0
287616,7.32,-460.06,1250.99,42280.0,-8347.5,-66832.5
287645,76.62,-468.48,1255.26,57802.5,-41177.5,-120557.5
287674,96.5,-478.0,1230.98,44905.0,-52325.0,-154367.5
287702,54.17,-481.17,1197.67,17727.5,-67165.0,-168210.0
287731,-63.93,-472.63,1176.08,2607.5,-75652.5,-131757.5
287759,-224.36,-451.77,1158.27,-1575.0,-28577.5,-44940.0
287787,-361.24,-427.98,1139.97,-13387.5,33845.0,52552.5
287816,-439.44,-412.24,1119.35,-11497.5,51870.0,108587.5
287844,-470.92,-409.68,1092.88,-23310.0,26162.5,131162.5
287873,-466.89,-420.29,1080.07,-33985.0,29102.5,138127.5
287901,-411.63,-439.08,1093.85,-39112.5,46130.0,133507.5
287930,-298.78,-454.21,1135.7,-30922.5,14805.0,90212.5
287958,-155.18,-459.94,1190.48,770.0,1942.5,26705.0
287987,-19.52,-461.89,1230.25,32602.5,6370.0,-48352.5
288016,71.98,-468.24,1237.81,48615.0,-32375.0,-109270.0
288045,108.34,-480.07,1217.32,41807.5,-44205.0,-146860.0
288073,88.57,-488.73,1186.08,19075.0,-43627.5,-161595.0
288101,5.86,-487.88,1165.1,4795.0,-54197.5,-142905.0
288130,-133.35,-475.43,1154.0,1050.0,-43802.5,-82460.0
288158,-278.53,-453.23,1149.73,-1855.0,5670.0,12810.0
288187,-378.69,-429.68,1136.8,9817.5,48615.0,79940.0
288215,-433.34,-415.04,1104.1,-4935.0,32235.0,118562.5
288244,-453.35,-413.21,1075.8,-21542.5,24045.0,135852.5
288272,-434.2,-423.83,1068.72,-29907.5,40810.0,141242.5
288301,-357.09,-438.83,1087.75,-35892.5,38605.0,123585.0
288329,-223.02,-447.37,1133.87,-25340.0,-1277.5,65345.0
288358,-68.81,-448.84,1190.48,9905.0,-3185.0,-12180.0
288387,58.32,-451.52,1222.2,44940.0,-15855.0,-88445.0
288415,124.81,-460.92,1213.9,52237.5,-47932.5,-141015.0
288443,126.27,-469.82,1182.06,29522.5,-39725.0,-160527.5
288471,54.53,-470.8,1154.61,5075.0,-46830.0,-151847.5
288500,-89.43,-459.94,1146.07,-2677.5,-55877.5,-91752.5
288528,-243.63,-437.0,1147.65,4182.5,-5040.0,3902.5
288557,-347.94,-411.87,1132.04,12110.0,46602.5,71627.5
288585,-402.36,-395.04,1094.46,-10062.5,35315.0,109795.0
288614,-422.49,-390.16,1065.55,-29890.0,22330.0,124565.0
288642,-413.58,-396.38,1057.13,-29697.5,35525.0,127557.5
288671,-349.9,-409.68,1071.16,-37467.5,39690.0,122902.5
288699,-218.87,-418.95,1117.15,-27720.0,7595.0,67830.0
288727,-56.36,-420.17,1179.98,7525.0,2152.5,-7700.0
288756,82.23,-421.39,1217.32,44117.5,-16467.5,-90895.0
288784,153.96,-428.71,1206.34,48282.5,-50330.0,-148242.5
288813,149.82,-440.3,1164.61,14507.5,-43172.5,-173057.5
288841,54.41,-445.67,1137.16,-24045.0,-55947.5,-149065.0
288870,-106.14,-436.03,1141.92,-13300.0,-51030.0,-62387.5
288898,-252.91,-417.12,1148.02,8050.0,19110.0,31377.5
288927,-345.87,-400.53,1129.35,9450.0,56647.5,93030.0
288956,-389.91,-394.3,1096.05,-13352.5,30782.5,127172.5
288985,-392.6,-399.43,1078.36,-32830.0,29400.0,130567.5
289013,-359.78,-410.04,1088.73,-32637.5,41720.0,118720.0
289041,-282.55,-421.39,1114.84,-21560.0,26477.5,101080.0
289069,-155.79,-428.71,1151.68,-13545.0,8872.5,51135.0
289097,-8.78,-430.66,1193.4,11357.5,4672.5,-19512.5
289126,108.82,-435.3,1213.41,39725.0,-18182.5,-97020.0
289154,169.82,-449.57,1198.77,43365.0,-38465.0,-148487.5
289183,168.6,-467.99,1164.86,19775.0,-31482.5,-185850.0
289211,86.13,-477.14,1144.24,-5600.0,-63315.0,-162627.5
289240,-68.69,-470.8,1138.99,-4707.5,-53375.0,-94850.0
289268,-240.46,-453.84,1139.11,-5740.0,-10150.0,9800.0
289297,-367.59,-437.49,1134.11,7070.0,50645.0,93082.5
289326,-435.05,-434.56,1105.32,-1120.0,50627.5,140910.0
289354,-454.08,-448.23,1076.77,-28717.5,31990.0,155330.0
289383,-428.59,-471.16,1075.8,-26267.5,11830.0,148120.0
289411,-348.92,-498.13,1099.22,-26530.0,19197.5,132912.5
289440,-207.28,-516.06,1144.36,-17517.5,54075.0,79065.0
289468,-43.19,-519.72,1203.9,8855.0,-9660.0,-8627.5
289497,74.79,-521.55,1241.35,52307.5,-31902.5,-92645.0
289525,133.83,-526.8,1228.91,62842.5,-35507.5,-130515.0
289554,154.94,-533.87,1182.18,27527.5,-41387.5,-162925.0
289582,114.56,-539.73,1133.87,-16555.0,-56840.0,-174002.5
289611,-4.88,-535.58,1121.18,-47757.5,-66010.0,-122990.0
289639,-161.04,-517.28,1142.04,-16870.0,-20720.0,-39130.0
289667,-297.56,-492.39,1151.68,14717.5,37765.0,42770.0
289696,-379.42,-471.9,1136.8,10045.0,55125.0,100765.0
289724,-410.41,-459.94,1113.01,787.5,61320.0,113487.5
289753,-411.87,-456.28,1097.76,-6685.0,14332.5,116760.0
289781,-381.86,-460.43,1104.1,-9205.0,-21455.0,112630.0
289810,-310.37,-464.7,1125.82,-7490.0,40285.0,100485.0
289838,-194.71,-459.7,1151.92,-6545.0,79712.5,61390.0
289867,-74.91,-446.52,1186.08,5757.5,12967.5,-4042.5
289896,6.34,-435.17,1212.8,36995.0,-16257.5,-53900.0
289925,56.49,-430.42,1209.51,42962.5,-28402.5,-92627.5
289954,76.62,-429.93,1188.52,21227.5,-47670.0,-125370.0
289982,54.53,-426.88,1168.76,7262.5,-50382.5,-134435.0
290011,-11.35,-417.73,1145.58,4812.5,-48457.5,-127540.0
290039,-126.39,-399.31,1119.84,-15855.0,-41457.5,-84700.0
290068,-264.5,-373.2,1104.34,-16170.0,17517.5,-6912.5
290096,-379.91,-347.7,1076.16,-5880.0,49227.5,54565.0
290125,-446.64,-330.62,1041.15,-22697.5,-2170.0,94797.5
290153,-470.31,-329.77,1036.63,-22155.0,-59482.5,115272.5
290182,-450.67,-345.75,1063.84,-10010.0,-8277.5,134732.5
290210,-388.33,-368.93,1097.39,385.0,44187.5,125912.5
290238,-294.87,-388.45,1118.25,-682.5,71925.0,111737.5
290267,-170.31,-397.11,1138.14,682.5,32130.0,45867.5
290295,-58.07,-396.26,1162.78,20930.0,-24850.0,-28735.0
290324,16.35,-393.82,1168.15,38482.5,-20387.5,-72292.5
290352,63.81,-394.18,1145.58,29172.5,-27072.5,-108482.5
290381,79.91,-397.48,1113.49,5792.5,-30275.0,-131145.0
290409,60.51,-399.55,1085.8,-10360.0,-28245.0,-141610.0
290438,-13.05,-396.99,1067.26,-23992.5,-49227.5,-134102.5
290466,-142.01,-387.47,1064.57,-30975.0,-43032.5,-79502.5
290495,-280.23,-368.81,1071.4,-16205.0,16450.0,1417.5
290524,-375.27,-346.11,1065.18,-2642.5,42647.5,66570.0
290552,-419.19,-331.11,1052.86,-4952.5,-12705.0,89722.5
290581,-436.88,-330.62,1056.64,-10762.5,-7035.0,110582.5
290609,-427.49,-343.06,1070.92,-7402.5,24780.0,134102.5
290638,-378.08,-361.36,1086.04,-8435.0,54355.0,129955.0
290666,-301.1,-375.39,1099.59,-16310.0,60620.0,99277.5
290695,-203.98,-382.96,1122.03,-14560.0,27527.5,57295.0
290723,-101.5,-387.47,1159.0,16187.5,-26407.5,-13545.0
290752,-23.79,-392.72,1181.45,53147.5,-37992.5,-66937.5
290780,27.21,-399.55,1166.81,51642.5,-36627.5,-104912.5
290809,47.7,-406.26,1133.87,16310.0,-45115.0,-129412.5
290837,32.57,-406.63,1111.66,0.0,-29925.0,-134837.5
290865,-22.69,-399.43,1094.83,3552.5,-38517.5,-127942.5
290894,-127.12,-386.01,1076.16,-10237.5,-38780.0,-92925.0
290922,-256.44,-365.88,1062.99,-14577.5,10552.5,-22120.0
290951,-361.49,-345.75,1046.27,-11410.0,36190.0,37992.5
290979,-430.29,-332.57,1022.6,-22907.5,21070.0,72765.0
291008,-467.75,-330.86,1019.68,-26565.0,-19425.0,98525.0
291036,-476.78,-343.06,1047.0,-140.0,-19232.5,121502.5
291065,-459.7,-365.39,1073.36,4935.0,43715.0,133507.5
291093,-407.36,-389.42,1085.07,-8785.0,52605.0,135117.5
291122,-316.22,-406.99,1099.22,-16887.5,41842.5,108780.0
291150,-205.33,-412.12,1123.5,-2957.5,8102.5,49280.0
291178,-99.43,-409.8,1147.41,15697.5,-11270.0,-6720.0
291207,-6.71,-406.75,1157.9,29050.0,-16327.5,-58852.5
291235,64.66,-408.7,1154.12,33005.0,-32392.5,-103355.0
291264,104.07,-418.22,1140.21,29312.5,-35402.5,-136360.0
291292,95.77,-431.88,1121.42,11567.5,-24955.0,-157220.0
291321,14.15,-443.35,1108.74,17.5,-51607.5,-157972.5
291350,-147.62,-442.62,1106.3,2940.0,-58852.5,-99575.0
291379,-330.5,-427.73,1104.34,9975.0,-9065.0,4532.5
291408,-457.01,-411.14,1088.48,12197.5,48002.5,86415.0
291437,-517.28,-405.77,1055.54,-787.5,44660.0,129745.0
291466,-523.62,-416.39,1027.24,-23012.5,11252.5,153405.0
291494,-471.16,-436.64,1027.48,-34370.0,9415.0,146650.0
291523,-353.31,-453.23,1063.11,-30747.5,8977.5,115325.0
291551,-183.0,-456.77,1121.55,-1960.0,22067.5,44152.5
291580,-21.72,-451.64,1169.49,26302.5,13370.0,-43085.0
291608,79.91,-452.74,1185.84,45885.0,-37135.0,-108727.5
291637,121.51,-463.23,1172.3,40390.0,-44275.0,-146405.0
291665,111.39,-480.8,1139.24,9450.0,-50417.5,-175507.5
291694,25.86,-498.37,1122.52,-34720.0,-104545.0,-157675.0
291722,-119.44,-498.86,1143.14,-31797.5,-72135.0,-83405.0
291751,-257.42,-477.87,1164.12,9362.5,15750.0,3710.0
291780,-348.8,-451.16,1152.66,27597.5,57242.5,70315.0
291808,-396.5,-433.95,1122.52,8470.0,47687.5,111300.0
291837,-413.82,-428.95,1101.9,-12652.5,30852.5,131232.5
291865,-394.55,-433.1,1098.49,-14682.5,29470.0,141452.5
291894,-325.13,-438.96,1107.64,-11007.5,36557.5,127155.0
291922,-198.74,-435.54,1128.87,-3972.5,31972.5,72765.0
291951,-42.21,-421.75,1156.32,8102.5,8925.0,-5600.0
291980,86.74,-411.14,1175.71,14420.0,-17045.0,-79992.5
292009,157.5,-414.07,1179.74,13545.0,-32760.0,-128695.0
292037,171.04,-427.49,1173.64,4585.0,-24937.5,-151410.0
292066,125.54,-440.91,1163.27,2380.0,-31692.5,-149922.5
292094,18.54,-444.93,1155.83,-5897.5,-52097.5,-109865.0
292122,-123.34,-436.52,1153.02,-297.5,-28367.5,-39602.5
292151,-251.93,-419.92,1147.17,7805.0,12512.5,34457.5
292179,-340.87,-406.02,1126.55,18270.0,37852.5,85802.5
292208,-390.16,-403.7,1096.29,-1925.0,39305.0,123725.0
292236,-401.26,-411.75,1075.31,-14157.5,40197.5,139300.0
292265,-367.95,-426.27,1069.94,-25970.0,33285.0,144830.0
292293,-273.28,-438.59,1091.53,-40740.0,39480.0,120925.0
292322,-119.8,-438.47,1142.9,-23397.5,34370.0,52955.0
292350,30.5,-430.66,1197.06,16607.5,5495.0,-42892.5
292379,122.37,-430.29,1220.73,48807.5,-40337.5,-103600.0
292407,158.36,-441.76,1207.31,44362.5,-35315.0,-135695.0
292435,145.91,-457.13,1175.84,10990.0,-34895.0,-156870.0
292463,66.73,-465.92,1154.36,-19600.0,-77297.5,-138792.5
292491,-51.36,-462.5,1154.85,-26460.0,-62090.0,-71785.0
292520,-160.06,-445.06,1158.02,-13317.5,-11970.0,-23747.5
292548,-249.98,-421.39,1153.14,-892.5,-4305.0,32410.0
292577,-310.61,-403.58,1138.26,13422.5,20475.0,76212.5
292605,-343.31,-394.91,1113.98,1050.0,32777.5,103547.5
292634,-349.29,-395.52,1098.24,-13895.0,32760.0,125632.5
292662,-314.76,-403.82,1095.56,-18497.5,39410.0,126350.0
292691,-236.07,-411.63,1104.59,-21997.5,34387.5,101727.5
292719,-112.73,-410.9,1129.11,-19110.0,13282.5,59080.0
292747,27.45,-405.28,1168.03,-1627.5,30502.5,-40232.5
292776,120.78,-404.55,1199.87,38552.5,5407.5,-108465.0
292804,152.74,-412.6,1202.92,62072.5,-5390.0,-134522.5
292833,132.98,-424.32,1176.08,55177.5,-16957.5,-155960.0
292861,33.43,-432.73,1137.53,21017.5,-79257.5,-133542.5
292890,-124.32,-433.71,1123.86,-10552.5,-93240.0,-39445.0
292918,-264.98,-428.34,1132.28,9397.5,-9502.5,50942.5
292947,-351.48,-424.68,1119.72,29592.5,62527.5,109917.5
292975,-385.52,-429.07,1082.87,2135.0,73167.5,139737.5
293004,-374.17,-441.64,1055.18,-35000.0,63017.5,139510.0
293032,-309.64,-452.86,1067.74,-54127.5,57750.0,120172.5
293060,-189.95,-450.42,1127.28,-36662.5,50330.0,70595.0
293089,-47.34,-433.59,1206.34,9765.0,42315.0,-7262.5
293117,65.39,-418.46,1258.31,65275.0,-9712.5,-77542.5
293146,120.54,-421.14,1257.82,77980.0,-60795.0,-123917.5
293174,118.58,-437.25,1225.49,39987.5,-59115.0,-152950.0
293203,43.92,-453.6,1194.38,4847.5,-78627.5,-146247.5
293231,-102.24,-460.92,1180.72,-4917.5,-102270.0,-84525.0
293260,-273.28,-457.26,1172.18,10902.5,-51537.5,1750.0
293289,-411.63,-453.84,1147.78,1330.0,59972.5,91350.0
293317,-480.19,-464.45,1108.74,-34492.5,108535.0,150377.5
293345,-470.92,-486.9,1079.33,-61040.0,52867.5,165900.0
293373,-379.3,-509.59,1099.59,-80220.0,14647.5,142940.0
293402,-218.99,-518.99,1181.69,-57137.5,26320.0,74147.5
293430,-44.9,-515.82,1274.66,24710.0,32182.5,-23257.5
293459,76.49,-520.57,1315.04,93887.5,-14227.5,-108482.5
293487,119.44,-539.24,1289.54,89600.0,-40022.5,-155295.0
293516,72.71,-561.44,1236.35,44047.5,-65257.5,-182682.5
293544,-84.67,-577.91,1201.09,13405.0,-132720.0,-119052.5
293573,-281.58,-581.21,1194.38,577.5,-26845.0,18392.5
293602,-410.9,-575.84,1182.18,10920.0,81200.0,111230.0
293630,-460.79,-573.64,1144.36,-4847.5,83020.0,157745.0
293659,-441.27,-579.99,1123.86,-59692.5,78242.5,180740.0
293687,-345.99,-585.36,1165.22,-77752.5,74725.0,148505.0
293716,-205.08,-579.5,1255.26,-27492.5,95462.5,64260.0
293744,-61.98,-566.08,1327.6,67112.5,29050.0,-51345.0
293773,37.33,-564.86,1334.07,98490.0,-150150.0,-149380.0
293801,49.78,-583.77,1293.08,26967.5,-202527.5,-204225.0
293830,-40.14,-601.7,1277.46,-53952.5,-117617.5,-162522.5
293858,-196.3,-604.14,1295.88,-20860.0,-19792.5,-60917.5
293887,-345.14,-595.48,1300.15,2607.5,33180.0,47635.0
293916,-443.35,-589.26,1278.68,8417.5,85225.0,130830.0
293944,-473.85,-595.24,1243.79,-22820.0,113190.0,181055.0
293972,-430.05,-605.97,1233.66,-59220.0,114205.0,158935.0
294000,-341.84,-610.24,1250.99,-50400.0,34475.0,106820.0
294029,-221.31,-607.32,1304.42,-43785.0,-20160.0,36802.5
294057,-93.09,-599.63,1378.6,34335.0,-3080.0,-61005.0
294086,-3.17,-597.07,1406.05,114625.0,-45465.0,-133980.0
294114,30.99,-606.71,1363.35,109917.5,-111195.0,-192377.5
294143,-46.48,-625.62,1288.08,12915.0,-138425.0,-204365.0
294171,-235.46,-637.69,1270.02,-71925.0,-96705.0,-64400.0
294200,-409.8,-632.69,1294.54,-5180.0,42157.5,79345.0
294229,-504.35,-631.11,1271.97,28945.0,104685.0,157972.5
294257,-512.64,-647.09,1228.3,-37922.5,128835.0,204855.0
294285,-420.66,-657.34,1244.77,-94587.5,136937.5,136027.5
294313,-287.19,-644.53,1321.63,-34737.5,805.0,41125.0
294342,-162.87,-625.01,1399.58,44170.0,-12005.0,-32322.5
294370,-56.61,-614.51,1428.13,104947.5,3150.0,-106190.0
294399,-0.98,-619.27,1389.09,103302.5,-82495.0,-177450.0
294427,-63.68,-637.69,1329.07,21577.5,-168175.0,-190120.0
294456,-249.25,-655.26,1310.52,-36015.0,-120400.0,-76230.0
294484,-435.3,-656.48,1314.43,-7332.5,47495.0,62825.0
294512,-539.48,-654.41,1278.56,11497.5,94465.0,150430.0
294541,-549.0,-670.27,1221.71,-51590.0,81917.5,204207.5
294569,-438.96,-684.91,1222.93,-119122.5,56787.5,140822.5
294597,-266.2,-678.81,1295.4,-65870.0,-46830.0,22382.5
294625,-111.75,-664.05,1379.09,24517.5,-34090.0,-66307.5
294654,0.24,-659.53,1402.88,112507.5,-3657.5,-145267.5
294682,26.96,-673.81,1342.73,100275.0,-56752.5,-197837.5
294711,-93.94,-697.84,1264.53,-6125.0,-109567.5,-159127.5
294739,-299.88,-708.7,1255.99,-77035.0,-71767.5,-3377.5
294768,-456.04,-703.09,1282.46,2100.0,42700.0,107170.0
294797,-523.01,-706.26,1259.89,36592.5,109585.0,179882.5
294825,-478.73,-719.07,1230.13,-42945.0,155732.5,180985.0
294853,-344.28,-715.65,1269.17,-87097.5,114135.0,73045.0
294881,-206.06,-694.67,1374.7,-2502.5,-12355.0,-17500.0
294910,-99.92,-680.03,1453.26,128380.0,-1872.5,-78715.0
294938,-40.63,-677.83,1428.99,168192.5,-45255.0,-131582.5
294967,-82.72,-682.96,1328.82,86905.0,-130725.0,-152915.0
294995,-258.03,-689.42,1245.25,-45027.5,-159425.0,-60025.0
295024,-439.81,-680.03,1252.45,-99470.0,-58975.0,87605.0
295052,-526.06,-664.41,1274.17,11760.0,27282.5,139597.5
295081,-538.02,-664.05,1248.91,34737.5,71225.0,174142.5
295109,-452.86,-664.17,1231.96,-20177.5,103547.5,142887.5
295137,-308.54,-646.6,1257.45,-36470.0,17727.5,45272.5
295166,-165.43,-619.03,1309.3,9765.0,-22942.5,-21070.0
295194,-40.99,-599.39,1325.65,60287.5,-11270.0,-95515.0
295223,24.64,-595.24,1288.32,49700.0,-50820.0,-152617.5
295251,-4.51,-601.7,1243.67,-1767.5,-63700.0,-170135.0
295280,-154.94,-607.68,1226.83,-24150.0,-98245.0,-111335.0
295308,-353.31,-603.17,1242.45,-9502.5,-37607.5,23257.5
295337,-480.31,-592.31,1242.69,25707.5,89915.0,100660.0
295365,-516.55,-586.94,1196.82,8977.5,78365.0,137060.0
295393,-468.85,-584.87,1165.59,-45972.5,37467.5,128415.0
295421,-348.8,-572.91,1200.36,-58905.0,12110.0,81095.0
295449,-188.98,-548.39,1276.61,-4305.0,20107.5,11007.5
295478,-44.77,-525.94,1323.21,67585.0,-9152.5,-74410.0
295506,27.82,-517.89,1303.45,79537.5,-46830.0,-129937.5
295535,1.22,-521.31,1238.54,28525.0,-34142.5,-152757.5
295563,-140.67,-528.26,1191.45,-44082.5,-96792.5,-92592.5
295592,-326.84,-526.67,1214.27,-44992.5,-80640.0,19005.0
295620,-458.35,-523.14,1230.0,54792.5,49017.5,104282.5
295649,-499.96,-532.29,1172.79,30187.5,101027.5,155487.5
295677,-441.88,-545.83,1122.89,-74567.5,61110.0,142537.5
295705,-312.93,-547.78,1163.27,-96442.5,5530.0,76160.0
295734,-160.92,-535.7,1253.92,6860.0,17797.5,6947.5
295762,-23.42,-522.89,1304.06,72870.0,3080.0,-69545.0
295791,62.83,-521.55,1295.03,87482.5,-43312.5,-126262.5
295819,80.76,-531.68,1248.06,58520.0,-47215.0,-148627.5
295848,15.49,-540.22,1199.38,3990.0,-41597.5,-138967.5
295876,-135.54,-538.14,1177.79,-17500.0,-58992.5,-75180.0
295905,-310.86,-522.89,1177.3,-8907.5,-36277.5,18795.0
295933,-432.61,-504.59,1164.86,10797.5,28892.5,91472.5
295961,-486.05,-497.39,1127.77,-6247.5,48440.0,131215.0
295990,-480.44,-501.79,1102.15,-34265.0,36907.5,150237.5
296018,-400.16,-507.28,1116.3,-40215.0,46200.0,130777.5
296047,-255.71,-499.1,1171.69,-25147.5,37292.5,63402.5
296075,-93.7,-478.97,1239.03,24762.5,17832.5,-15032.5
296104,31.23,-465.8,1268.8,66937.5,-29067.5,-89372.5
296132,88.33,-469.58,1247.33,60865.0,-54320.0,-136727.5
296161,72.71,-481.17,1201.21,15085.0,-29505.0,-159215.0
296189,-29.52,-488.37,1161.93,-20947.5,-40390.0,-138145.0
296218,-200.32,-487.88,1150.95,-25970.0,-79310.0,-53427.5
296246,-363.07,-478.97,1164.37,-7490.0,-420.0,38202.5
296274,-457.38,-471.77,1151.44,29627.5,69440.0,100940.0
296303,-486.54,-476.9,1102.88,-4725.0,44065.0,131320.0
296331,-457.13,-488.37,1076.04,-47372.5,14700.0,140770.0
296360,-350.14,-492.88,1105.44,-54215.0,21437.5,111422.5
296388,-185.68,-479.22,1174.13,-12005.0,23712.5,38517.5
296417,-26.72,-458.48,1229.03,46725.0,11532.5,-45447.5
296445,74.79,-452.13,1235.86,74812.5,-32130.0,-111037.5
296474,99.43,-459.7,1206.21,50452.5,-40057.5,-141470.0
296502,40.87,-467.5,1170.83,5932.5,-32270.0,-140665.0
296531,-90.16,-466.65,1148.51,-9835.0,-70735.0,-87920.0
296560,-244.49,-451.89,1135.45,-13422.5,-48790.0,-12040.0
296588,-368.2,-428.46,1121.18,-13457.5,21017.5,55597.5
296617,-441.27,-412.36,1092.63,1627.5,46497.5,99697.5
296645,-473.12,-415.29,1054.69,-18900.0,26547.5,131145.0
296674,-442.37,-430.66,1058.59,-45972.5,25725.0,149012.5
296702,-337.94,-442.25,1103.86,-21787.5,9520.0,102060.0
296731,-196.18,-439.44,1156.19,1907.5,19722.5,35087.5
296760,-59.9,-428.71,1202.55,44765.0,-21560.0,-37327.5
296789,27.57,-421.75,1214.39,71400.0,-55667.5,-92960.0
296818,61.49,-417.48,1182.18,56630.0,-40075.0,-115832.5
296846,50.51,-410.29,1126.91,525.0,-30012.5,-127820.0
296875,-30.5,-401.38,1087.63,-54092.5,-50470.0,-104650.0
296903,-164.94,-389.18,1094.34,-67515.0,-51205.0,-28945.0
296931,-286.21,-372.59,1121.42,-15102.5,7875.0,34195.0
296959,-367.46,-357.95,1119.72,19565.0,59482.5,78312.5
296988,-409.19,-350.63,1090.19,1610.0,65170.0,119017.5
297016,-409.92,-351.48,1076.65,-33477.5,62965.0,132492.5
297045,-377.59,-355.75,1095.8,-34492.5,72870.0,126122.5
297073,-310.0,-358.19,1139.11,-26757.5,81497.5,99837.5
297102,-213.62,-354.04,1196.09,5495.0,9677.5,48527.5
297131,-126.51,-345.26,1241.23,44590.0,-47057.5,-16415.0
297159,-70.03,-337.45,1252.7,68635.0,-46847.5,-54652.5
297188,-34.77,-332.57,1225.61,59255.0,-40337.5,-87482.5
297216,-24.4,-331.23,1175.59,24885.0,-58450.0,-120207.5
297245,-59.9,-329.64,1125.82,-18340.0,-84437.5,-126840.0
297273,-153.96,-323.79,1090.19,-44205.0,-79152.5,-91525.0
297302,-283.53,-311.83,1077.5,-59010.0,-31780.0,-12302.5
297330,-396.62,-296.58,1089.95,-39235.0,5880.0,63682.5
297359,-465.8,-287.43,1100.2,-1120.0,29925.0,103705.0
297387,-498.25,-293.29,1092.39,2502.5,22995.0,139930.0
297416,-466.04,-317.08,1093.73,-19582.5,4690.0,178430.0
297444,-343.92,-343.06,1131.67,-27317.5,8907.5,117670.0
297472,-193.37,-357.7,1181.45,22330.0,-30782.5,31902.5
297501,-69.17,-366.0,1209.02,51572.5,-16782.5,-33162.5
297529,18.91,-371.86,1205.36,66832.5,-1085.0,-82180.0
297558,67.47,-378.69,1169.74,59570.0,-32567.5,-122185.0
297586,73.69,-386.74,1117.28,18952.5,-58940.0,-150587.5
297615,20.62,-390.4,1070.55,-33530.0,-62247.5,-149415.0
297643,-96.26,-383.32,1049.81,-62440.0,-52535.0,-92172.5
297672,-245.95,-367.22,1055.54,-49542.5,-22697.5,-9257.5
297700,-374.54,-349.16,1073.6,-28280.0,39795.0,65677.5
297729,-438.71,-336.72,1082.99,2117.5,67742.5,120767.5
297758,-420.17,-330.25,1100.68,27895.0,-3920.0,127260.0
297786,-352.21,-325.01,1137.89,2660.0,43680.0,99487.5
297815,-255.35,-320.01,1177.3,2765.0,52815.0,80430.0
297843,-136.15,-313.66,1211.58,36050.0,-2362.5,23100.0
297872,-33.18,-307.68,1222.44,51502.5,-3885.0,-33617.5
297900,39.65,-305.98,1204.87,45622.5,-16660.0,-74795.0
297929,75.88,-307.81,1174.49,22382.5,-39847.5,-105910.0
297957,70.15,-306.95,1146.56,-210.0,-37397.5,-116427.5
297986,28.18,-299.63,1120.81,-10132.5,-15715.0,-112175.0
298014,-51.48,-289.14,1091.41,-17552.5,-6720.0,-98210.0
298043,-172.75,-280.36,1064.33,-33722.5,-24955.0,-51975.0
298071,-306.22,-271.94,1050.79,-36260.0,-20440.0,19827.5
298099,-410.29,-268.03,1033.95,-10762.5,2292.5,82320.0
298128,-472.63,-277.55,1006.74,-18882.5,6072.5,125860.0
298156,-481.66,-302.19,994.3,-31920.0,5215.0,155907.5
298185,-415.53,-330.13,1012.84,-34037.5,38727.5,136867.5
298213,-285.11,-345.14,1062.99,-18637.5,26810.0,85487.5
298242,-119.56,-345.63,1131.67,7175.0,21910.0,16345.0
298271,30.13,-342.21,1186.08,49560.0,-332.5,-73640.0
298300,112.24,-347.94,1195.36,78470.0,-37222.5,-130410.0
298328,120.29,-363.8,1161.56,59657.5,-14000.0,-160212.5
298356,48.56,-381.62,1118.74,14455.0,8225.0,-158935.0
298385,-98.82,-392.96,1095.56,6580.0,-12985.0,-99505.0
298413,-269.5,-394.67,1073.23,26565.0,-1505.0,-12302.5
298442,-399.92,-391.38,1025.41,16205.0,26040.0,59640.0
298470,-473.12,-392.84,961.48,-22680.0,19162.5,110827.5
298499,-494.59,-405.89,918.9,-69702.5,12985.0,142222.5
298527,-441.64,-421.88,927.44,-85680.0,21857.5,146457.5
298556,-314.88,-422.85,990.76,-67025.0,4427.5,105980.0
298584,-136.03,-404.55,1086.78,-11007.5,13457.5,26337.5
298613,26.6,-388.69,1160.46,64085.0,-14280.0,-86572.5
298642,103.82,-395.04,1173.15,89477.5,-54215.0,-140507.5
298670,92.96,-419.19,1144.48,42017.5,-22435.0,-163555.0
298699,-25.38,-444.81,1118.5,3920.0,-47162.5,-139160.0
298727,-218.62,-455.55,1115.93,-17.5,-78732.5,-40600.0
298756,-384.3,-450.91,1108.37,28997.5,1575.0,61337.5
298784,-471.29,-447.37,1062.38,21350.0,63787.5,121572.5
298813,-488.98,-451.16,1007.72,-30572.5,43417.5,150010.0
298841,-427.0,-455.3,995.15,-61880.0,27685.0,138932.5
298870,-296.22,-446.03,1042.61,-58117.5,35577.5,77122.5
298898,-137.01,-421.02,1122.77,-7945.0,37520.0,10937.5
298927,6.95,-395.52,1185.35,45657.5,11112.5,-71137.5
298956,89.18,-387.96,1198.65,72292.5,-39672.5,-127137.5
298984,91.26,-399.55,1170.47,39655.0,-39217.5,-156152.5
299013,-9.64,-417.0,1131.67,-3377.5,-70910.0,-139440.0
299041,-188.86,-427.12,1119.84,-28927.5,-115797.5,-41300.0
299069,-351.6,-426.51,1135.7,-1207.5,-20912.5,64365.0
299097,-441.4,-427.73,1122.64,37730.0,71050.0,129097.5
299126,-459.82,-437.13,1076.89,-4147.5,66570.0,156590.0
299154,-407.11,-446.52,1055.79,-49227.5,38045.0,140612.5
299183,-294.26,-445.3,1084.82,-47547.5,17850.0,94745.0
299211,-136.03,-430.29,1144.12,-11270.0,21840.0,41335.0
299239,37.82,-414.43,1195.11,33355.0,10657.5,-55790.0
299268,152.74,-418.22,1208.78,70455.0,-34737.5,-137025.0
299296,170.43,-442.13,1182.79,54985.0,-24710.0,-170397.5
299325,65.39,-470.07,1150.95,2380.0,-28070.0,-171675.0
299353,-152.26,-481.53,1151.31,-7262.5,-95287.5,-67060.0
299382,-347.94,-474.82,1161.68,30695.0,-3115.0,66220.0
299410,-435.3,-467.63,1132.65,40285.0,95200.0,130812.5
299439,-435.91,-464.33,1076.28,-6160.0,74777.5,149205.0
299467,-355.26,-459.45,1056.64,-60847.5,12810.0,124040.0
299496,-209.96,-444.08,1106.05,-53287.5,3500.0,58870.0
299525,-40.99,-421.51,1175.84,13860.0,33337.5,-18007.5
299553,94.67,-410.65,1204.99,56210.0,-8032.5,-105035.0
299582,145.67,-419.56,1188.52,43050.0,-53777.5,-162102.5
299610,83.69,-437.61,1162.42,-8452.5,-52885.0,-173250.0
299639,-99.55,-445.06,1161.56,-28070.0,-102567.5,-96407.5
299667,-298.9,-436.64,1180.47,5880.0,-52272.5,40022.5
299696,-414.43,-426.27,1163.51,37590.0,66745.0,118300.0
299724,-451.52,-424.93,1101.66,-3727.5,62317.5,159740.0
299753,-401.99,-433.34,1068.35,-59167.5,40407.5,157132.5
299781,-267.91,-437.61,1101.66,-52727.5,29312.5,89232.5
299810,-95.4,-430.66,1166.56,-1592.5,10832.5,7770.0
299839,55.75,-426.63,1208.53,46270.0,-5005.0,-79485.0
299867,127.73,-437.37,1200.6,49822.5,-44747.5,-143010.0
299896,80.4,-450.55,1170.1,2642.5,-60847.5,-157307.5
299924,-72.47,-447.37,1167.17,-19512.5,-77892.5,-79170.0
299953,-238.51,-430.05,1183.16,10325.0,-12512.5,20930.0
299981,-346.24,-411.63,1170.35,32497.5,61407.5,88707.5
300010,-390.4,-400.65,1121.06,11060.0,78680.0,127680.0
300038,-371.0,-398.45,1077.26,-42140.0,43837.5,138250.0
300067,-279.87,-398.33,1087.87,-67532.5,2240.0,107047.5
300095,-132.61,-392.84,1149.73,-25935.0,-4095.0,39882.5
300123,26.84,-385.76,1207.43,38395.0,8400.0,-44117.5
300152,144.45,-388.08,1220.24,56105.0,-44642.5,-122307.5
300180,181.05,-403.58,1199.63,21350.0,-51362.5,-166565.0
300209,119.32,-425.05,1178.28,-13965.0,-20300.0,-170432.5
300237,-46.85,-435.42,1170.1,-14332.5,-65905.0,-111510.0
300266,-252.3,-429.2,1171.32,6440.0,-60935.0,14612.5
300294,-393.69,-425.66,1150.83,31395.0,47530.0,126017.5
300323,-433.83,-438.71,1098.73,-8890.0,86310.0,179777.5
300351,-363.56,-460.55,1074.09,-65362.5,43487.5,161822.5
300380,-207.64,-472.75,1116.3,-61845.0,-27440.0,84350.0
300408,-3.9,-473.85,1190.96,1995.0,-26915.0,-4042.5
300436,167.75,-478.48,1226.59,79047.5,-18200.0,-120662.5
300464,231.43,-492.88,1197.19,66937.5,-26705.0,-170800.0
300492,182.76,-511.06,1147.04,-630.0,-5600.0,-178360.0
300521,9.03,-517.16,1131.79,-31307.5,-54355.0,-110617.5
300549,-198.86,-507.28,1153.88,350.0,-39357.5,26407.5
300578,-333.06,-499.22,1151.07,31762.5,48405.0,115535.0
300606,-387.72,-504.35,1105.93,-5285.0,57085.0,168735.0
300635,-353.19,-524.36,1074.94,-52710.0,30187.5,192605.0
300663,-200.32,-545.83,1101.54,-64137.5,17360.0,130077.5
300692,14.27,-553.39,1165.47,-857.5,35455.0,14192.5
300721,182.51,-556.69,1200.97,59692.5,8820.0,-90860.0
300749,253.52,-567.54,1186.45,49245.0,-43837.5,-154472.5
300778,219.84,-579.26,1160.71,4795.0,-23957.5,-175927.5
300806,77.59,-576.69,1150.58,-577.5,-42490.0,-141435.0
300835,-117.61,-554.25,1155.71,12757.5,-50505.0,-30555.0
300863,-269.13,-526.8,1144.12,26740.0,16030.0,71645.0
300892,-347.7,-512.16,1102.03,-2240.0,47040.0,132545.0
300920,-358.8,-514.11,1070.92,-38640.0,31990.0,159215.0
300949,-274.5,-524.36,1088.0,-43662.5,21822.5,141767.5
300977,-104.8,-528.5,1141.07,-3780.0,7297.5,54617.5
301005,81.98,-522.4,1182.91,37502.5,2712.5,-37537.5
301034,217.53,-516.91,1178.28,50610.0,-29610.0,-121152.5
301062,256.93,-519.96,1137.53,10640.0,-49035.0,-164850.0
301091,186.9,-527.16,1109.22,-37835.0,-28735.0,-158707.5
301119,17.57,-524.11,1130.21,-37817.5,-80150.0,-91455.0
301148,-170.68,-507.28,1176.45,22767.5,-34387.5,23747.5
301176,-292.56,-493.86,1173.64,51957.5,82110.0,112402.5
301205,-333.3,-493.0,1116.06,-770.0,83090.0,160247.5
301234,-289.02,-501.18,1077.99,-55457.5,15470.0,159547.5
301262,-160.06,-511.42,1096.54,-46410.0,-6265.0,110652.5
301290,26.96,-515.82,1140.46,-4637.5,10762.5,25655.0
301318,197.4,-518.62,1169.0,24237.5,1662.5,-75635.0
301347,284.5,-529.6,1174.25,27475.0,-13842.5,-137147.5
301375,284.26,-544.85,1165.34,24517.5,665.0,-169330.0
301404,170.19,-551.93,1150.95,17045.0,-44117.5,-165847.5
301432,-39.53,-541.07,1150.22,10342.5,-74672.5,-60392.5
301461,-226.07,-520.21,1152.66,21980.0,20842.5,65187.5
301489,-321.59,-510.08,1118.25,13947.5,87552.5,139072.5
301518,-328.42,-516.67,1067.62,-38535.0,68320.0,161805.0
301546,-235.09,-532.16,1073.36,-79030.0,19092.5,140315.0
301574,-58.68,-539.61,1147.78,-32462.5,6737.5,52430.0
301603,122.98,-535.34,1214.39,44030.0,13212.5,-48370.0
301631,237.78,-533.99,1221.34,67637.5,-18060.0,-126857.5
301660,261.69,-539.85,1184.13,42420.0,-20002.5,-165410.0
301688,174.95,-545.1,1142.77,-9240.0,-10552.5,-164272.5
301717,-9.76,-538.14,1128.99,-8890.0,-46567.5,-86572.5
301745,-198.01,-518.87,1125.69,11847.5,-5390.0,27912.5
301774,-312.08,-501.18,1098.12,13370.0,63280.0,106715.0
301802,-355.39,-494.47,1053.35,-20212.5,53042.5,136360.0
301830,-345.99,-500.57,1031.14,-46637.5,11515.0,142782.5
301858,-265.59,-509.96,1053.59,-45745.0,14280.0,125265.0
301886,-117.0,-508.25,1109.71,-13247.5,6772.5,56665.0
301915,48.07,-496.78,1161.2,35437.5,-8802.5,-29960.0
301943,168.6,-488.85,1174.86,46795.0,-53287.5,-106855.0
301972,212.65,-491.66,1162.42,15802.5,-70472.5,-147822.5
302000,182.76,-499.83,1150.95,-13405.0,-33985.0,-159197.5
302029,59.29,-501.42,1134.97,-14262.5,-63647.5,-140105.0
302057,-128.83,-493.0,1134.97,-24045.0,-108167.5,-28542.5
302086,-275.35,-482.27,1167.54,9590.0,-1137.5,73517.5
302115,-337.21,-478.48,1172.54,48282.5,89477.5,120575.0
302143,-317.2,-477.26,1147.78,20125.0,64102.5,139405.0
302172,-215.82,-468.36,1151.19,-24202.5,40810.0,114012.5
302200,-58.19,-450.06,1194.87,-15680.0,33232.5,50277.5
302229,96.87,-430.17,1235.62,45867.5,4550.0,-36050.0
302258,193.0,-416.87,1233.3,62282.5,-23485.0,-96320.0
302287,222.77,-408.21,1197.67,34527.5,-35245.0,-123322.5
302315,178.97,-403.7,1159.37,-13002.5,-39550.0,-128660.0
302344,50.26,-396.26,1145.34,-38832.5,-78190.0,-82670.0
302372,-109.31,-380.4,1158.15,-3307.5,-45692.5,6282.5
302400,-225.82,-365.39,1157.54,32970.0,54302.5,81725.0
302429,-279.99,-359.29,1119.35,13020.0,96810.0,127820.0
302457,-274.13,-360.63,1083.12,-41772.5,76825.0,134347.5
302486,-212.28,-362.46,1089.34,-64802.5,28087.5,107677.5
302514,-108.95,-358.19,1130.57,-36750.0,437.5,69247.5
302543,23.18,-348.92,1178.15,-5407.5,20142.5,1697.5
302572,132.49,-341.48,1208.04,21157.5,-12582.5,-77770.0
302601,184.46,-341.97,1212.19,29435.0,-31150.0,-115150.0
302629,188.61,-350.14,1196.58,21262.5,-10727.5,-140612.5
302657,126.15,-358.19,1168.76,822.5,-34772.5,-144392.5
302686,-14.4,-357.7,1142.65,-12425.0,-83860.0,-88742.5
302714,-185.2,-348.55,1135.82,-12915.0,-44677.5,20877.5
302743,-308.66,-344.53,1135.58,12302.5,62755.0,115255.0
302771,-344.53,-353.31,1113.25,14017.5,101482.5,156625.0
302800,-299.27,-364.17,1095.8,-6632.5,595.0,135905.0
302828,-198.13,-367.59,1121.91,-43050.0,21875.0,93187.5
302857,-57.34,-366.0,1177.06,-6982.5,27527.5,33285.0
302886,74.42,-365.15,1220.37,36750.0,-4672.5,-55300.0
302915,149.45,-370.15,1225.12,52762.5,-25655.0,-108430.0
302943,168.73,-377.1,1198.65,35840.0,-31272.5,-139107.5
302971,121.02,-380.27,1162.78,1365.0,-49052.5,-148995.0
303000,-5.86,-374.05,1139.48,-23625.0,-88252.5,-98507.5
303028,-165.68,-356.36,1142.41,-13842.5,-41475.0,1452.5
303057,-285.97,-339.89,1149.24,23345.0,63070.0,83755.0
303085,-341.97,-333.43,1128.62,21612.5,118090.0,120680.0
303114,-349.29,-337.45,1088.48,-24290.0,71242.5,127802.5
303142,-294.26,-349.65,1079.82,-78785.0,8207.5,123340.0
303171,-172.14,-360.02,1134.11,-68075.0,7595.0,73010.0
303200,-26.23,-364.9,1203.53,9940.0,21175.0,-5845.0
303228,87.47,-371.86,1231.83,54127.5,-6002.5,-86187.5
303257,136.88,-384.3,1219.27,53200.0,-32882.5,-127977.5
303285,123.83,-396.13,1184.62,26845.0,-33495.0,-148295.0
303314,36.36,-398.09,1154.36,-15977.5,-73885.0,-131740.0
303342,-114.07,-389.3,1149.48,-24920.0,-82267.5,-59587.5
303371,-264.25,-374.66,1162.42,1347.5,-10710.0,34055.0
303399,-358.92,-363.07,1157.05,31167.5,80430.0,99067.5
303428,-399.18,-362.34,1114.96,9800.0,91577.5,129780.0
303456,-398.94,-375.76,1072.38,-47285.0,26950.0,151900.0
303485,-340.75,-399.92,1077.75,-86677.5,8365.0,138967.5
303513,-223.63,-419.56,1131.18,-59290.0,32060.0,75250.0
303541,-80.76,-428.34,1192.79,7752.5,10535.0,-5162.5
303570,38.67,-433.34,1222.32,53060.0,7350.0,-84507.5
303598,101.26,-440.18,1206.34,62702.5,-22137.5,-140350.0
303627,90.04,-448.47,1167.66,29330.0,-44415.0,-167230.0
303655,-17.2,-453.11,1138.02,-12197.5,-97300.0,-139720.0
303684,-187.39,-450.3,1141.55,-17132.5,-113487.5,-35822.5
303712,-337.7,-443.23,1165.1,13860.0,4637.5,70035.0
303741,-421.88,-445.42,1162.05,33477.5,105367.5,143937.5
303769,-434.44,-462.26,1128.62,-5005.0,118230.0,171500.0
303798,-366.0,-485.07,1107.88,-66115.0,41440.0,138880.0
303826,-225.94,-501.3,1143.63,-77052.5,-66675.0,64732.5
303854,-66.37,-509.35,1211.7,4515.0,-7052.5,-8312.5
303883,60.63,-518.5,1234.03,67900.0,35420.0,-84787.5
303911,118.83,-536.92,1204.02,51660.0,-6352.5,-141732.5
303940,98.33,-556.32,1176.93,21805.0,-50855.0,-158322.5
303968,10.25,-560.71,1168.52,-17605.0,-56350.0,-146597.5
303997,-133.71,-548.02,1173.27,-3920.0,-98035.0,-83947.5
304025,-277.92,-521.92,1186.33,26495.0,-19582.5,16625.0
304054,-364.54,-495.2,1172.18,44485.0,101937.5,87552.5
304082,-399.18,-478.73,1124.23,6160.0,117617.5,121695.0
304110,-398.94,-475.31,1083.36,-44012.5,56507.5,132265.0
304138,-356.24,-483.85,1086.53,-66360.0,28945.0,122325.0
304166,-259.25,-494.71,1133.38,-49927.5,37275.0,78470.0
304195,-132.37,-500.44,1195.6,-14542.5,39865.0,3482.5
304223,-24.77,-503.86,1242.94,31360.0,17115.0,-68617.5
304252,30.13,-513.13,1256.11,66570.0,-41072.5,-120942.5
304280,28.79,-524.36,1240.62,61740.0,-71820.0,-153667.5
304309,-31.96,-527.16,1208.29,39882.5,-77927.5,-166460.0
304337,-168.6,-521.92,1169.49,5215.0,-71837.5,-112665.0
304366,-336.6,-510.2,1151.8,-22242.5,-23432.5,11217.5
304394,-455.43,-499.59,1146.07,11917.5,64225.0,105350.0
304422,-507.52,-499.71,1114.35,11690.0,99820.0,151095.0
304451,-498.49,-510.57,1083.6,-49437.5,82180.0,160562.5
304479,-428.71,-524.48,1103.61,-83177.5,73500.0,124792.5
304508,-317.93,-533.63,1174.74,-56892.5,38500.0,61897.5
304536,-196.05,-534.6,1260.14,7892.5,11847.5,-16870.0
304565,-94.55,-534.6,1301.62,86852.5,-44240.0,-103880.0
304593,-41.24,-544.61,1277.46,92435.0,-142362.5,-177117.5
304622,-83.45,-565.23,1228.54,11637.5,-185307.5,-194232.5
304650,-219.6,-576.08,1227.93,-64470.0,-109847.5,-76737.5
304678,-350.87,-562.91,1260.5,-13037.5,58047.5,37082.5
304707,-428.22,-541.92,1250.01,32637.5,111755.0,94395.0
304735,-468.72,-529.72,1205.6,-3342.5,103950.0,142117.5
304764,-465.43,-529.48,1180.47,-51292.5,105437.5,159792.5
304792,-408.82,-533.14,1189.74,-61477.5,113750.0,126350.0
304821,-326.96,-530.7,1225.61,-53130.0,75320.0,46935.0
304849,-252.3,-521.43,1281.0,-2887.5,10255.0,-17990.0
304878,-183.0,-514.96,1316.87,72520.0,-39147.5,-92435.0
304906,-138.84,-523.14,1309.91,92050.0,-151725.0,-178937.5
304935,-178.61,-544.24,1289.05,43120.0,-221672.5,-198467.5
304963,-313.78,-555.34,1288.93,-7577.5,-128275.0,-91560.0
304991,-448.96,-545.22,1296.01,6912.5,55720.0,45062.5
305020,-522.53,-528.75,1266.36,21280.0,111790.0,110950.0
305048,-551.81,-527.04,1208.53,-20702.5,76685.0,159407.5
305077,-521.06,-545.1,1186.08,-83790.0,94010.0,169662.5
305105,-426.76,-563.27,1223.05,-92802.5,104492.5,111387.5
305134,-303.78,-565.84,1298.32,-40967.5,16257.5,12337.5
305162,-194.96,-566.57,1365.3,64942.5,-55422.5,-94990.0
305191,-131.76,-579.38,1377.14,122780.0,-99225.0,-164272.5
305219,-128.47,-599.75,1340.78,104842.5,-111877.5,-197732.5
305248,-215.45,-613.42,1287.71,35735.0,-110687.5,-165865.0
305276,-367.22,-606.83,1260.5,-30117.5,-73377.5,-38062.5
305304,-498.49,-586.33,1259.89,-17990.0,15522.5,69667.5
305333,-577.55,-575.96,1239.89,11410.0,62702.5,140945.0
305361,-607.68,-590.36,1202.07,-17342.5,78102.5,195895.0
305390,-568.03,-624.4,1190.48,-69002.5,104002.5,201705.0
305418,-436.03,-651.97,1226.34,-90107.5,103425.0,129587.5
305447,-254.74,-660.87,1298.08,-44852.5,-3167.5,-9450.0
305475,-105.16,-671.12,1376.89,44887.5,-61757.5,-121730.0
305504,-28.06,-701.38,1402.76,131915.0,-69037.5,-191030.0
305532,-32.57,-737.49,1360.3,107152.5,-86992.5,-214165.0
305561,-130.42,-754.94,1296.01,23782.5,-68985.0,-167422.5
305589,-290.12,-747.13,1257.33,-46795.0,-54145.0,-49770.0
305617,-434.44,-722.0,1263.43,-45710.0,-8277.5,57837.5
305646,-526.06,-700.65,1265.38,16537.5,59570.0,129290.0
305674,-572.79,-697.35,1235.74,6965.0,90965.0,191450.0
305703,-548.76,-712.24,1218.54,-42927.5,103932.5,220762.5
305731,-434.08,-729.32,1240.74,-59920.0,124687.5,140525.0
305760,-284.63,-734.44,1297.35,-35227.5,980.0,30747.5
305789,-159.58,-734.93,1365.79,18637.5,-31902.5,-56122.5
305818,-74.18,-743.22,1393.24,86187.5,-16117.5,-125090.0
305846,-37.45,-758.84,1368.35,84017.5,-56192.5,-184485.0
305875,-79.42,-770.06,1330.65,41615.0,-112315.0,-196927.5
305903,-207.4,-763.72,1306.62,5617.5,-135642.5,-130252.5
305931,-367.71,-735.17,1303.69,7910.0,-56385.0,-7245.0
305960,-487.51,-699.06,1299.54,21350.0,63070.0,88077.5
305988,-548.39,-671.98,1264.65,21822.5,109550.0,141365.0
306017,-561.69,-660.63,1210.85,-15015.0,61250.0,169120.0
306045,-519.84,-664.9,1185.72,-56805.0,17745.0,166022.5
306074,-406.38,-673.68,1210.85,-63472.5,47442.5,114450.0
306102,-247.29,-673.56,1269.78,-25952.5,14000.0,14875.0
306131,-101.02,-669.9,1322.11,41177.5,-9135.0,-80377.5
306159,-9.27,-675.76,1321.75,91717.5,-26162.5,-149817.5
306188,5.37,-683.81,1273.44,74567.5,-48405.0,-177187.5
306217,-67.1,-680.76,1218.54,14560.0,-44082.5,-161367.5
306245,-219.6,-663.31,1189.01,-37922.5,-77175.0,-90947.5
306273,-389.67,-633.79,1194.87,-36732.5,-80395.0,21752.5
306301,-507.28,-607.68,1201.7,5302.5,25812.5,105280.0
306330,-559.0,-599.39,1174.25,13930.0,89040.0,155522.5
306358,-544.24,-609.27,1136.31,-29732.5,64417.5,168140.0
306387,-455.06,-626.23,1123.01,-62230.0,9275.0,133630.0
306415,-309.76,-640.5,1152.41,-57592.5,-39707.5,69300.0
306444,-136.76,-649.04,1213.78,-6895.0,-5967.5,-6982.5
306473,11.47,-657.7,1253.92,51502.5,6387.5,-105087.5
306501,81.37,-671.49,1251.23,64820.0,-39550.0,-160422.5
306531,69.91,-682.96,1224.03,48597.5,-30712.5,-176820.0
306559,-28.18,-680.27,1187.06,14087.5,-56910.0,-147087.5
306588,-191.91,-656.85,1172.3,-29732.5,-94220.0,-52605.0
306616,-344.16,-620.86,1195.36,-20965.0,-40425.0,46637.5
306645,-438.47,-593.77,1206.58,40740.0,56070.0,111562.5
306673,-471.77,-586.82,1178.28,37712.5,73482.5,155330.0
306702,-439.2,-593.77,1148.51,-7630.0,50575.0,159530.0
306730,-335.74,-601.83,1153.27,-29855.0,36242.5,119577.5
306759,-187.39,-598.65,1188.65,-4917.5,37450.0,49192.5
306788,-33.43,-585.6,1220.73,37222.5,51292.5,-30817.5
306816,74.42,-575.72,1225.12,51187.5,-11970.0,-103005.0
306845,112.24,-574.5,1216.71,30485.0,-54565.0,-131687.5
306873,93.7,-577.43,1208.53,24132.5,-37835.0,-149765.0
306902,17.08,-571.2,1198.28,17797.5,-63945.0,-131880.0
306930,-109.07,-546.93,1186.45,9817.5,-70175.0,-73307.5
306959,-242.29,-511.18,1177.79,3045.0,-20177.5,13247.5
306987,-337.94,-479.22,1165.59,8452.5,50610.0,77787.5
307016,-391.99,-463.23,1134.23,2712.5,37187.5,118982.5
307044,-411.14,-463.36,1106.3,-23695.0,18042.5,139825.0
307073,-376.0,-473.85,1102.27,-33285.0,27615.0,146387.5
307101,-260.59,-484.83,1125.08,-37292.5,25882.5,110337.5
307129,-84.55,-487.27,1170.59,-15925.0,21227.5,24762.5
307158,82.47,-483.61,1210.61,27055.0,9992.5,-71732.5
307186,179.22,-485.93,1213.17,52937.5,-25322.5,-141120.0
307215,183.85,-498.0,1183.16,32970.0,-39742.5,-173407.5
307243,72.35,-502.4,1155.34,-6597.5,-52062.5,-151217.5
307272,-118.1,-486.66,1154.36,-7105.0,-78172.5,-40652.5
307300,-276.82,-463.11,1163.39,15697.5,14962.5,58660.0
307329,-356.61,-448.96,1141.55,29417.5,77857.5,112980.0
307357,-374.78,-447.5,1094.95,-9047.5,49087.5,136202.5
307386,-342.45,-453.96,1070.43,-50557.5,14472.5,138722.5
307414,-268.77,-461.65,1087.14,-46392.5,11550.0,118282.5
307442,-149.45,-466.28,1127.65,-4882.5,48772.5,74077.5
307471,-10.25,-463.23,1165.71,11707.5,30625.0,-15942.5
307499,95.04,-456.52,1192.67,13090.0,-40915.0,-75635.0
307528,152.5,-456.77,1204.87,27457.5,-39795.0,-119647.5
307556,155.67,-460.06,1199.14,32112.5,-28980.0,-149432.5
307585,85.64,-457.74,1182.91,19600.0,-46252.5,-153230.0
307613,-69.42,-441.76,1169.37,10447.5,-73762.5,-90685.0
307642,-247.9,-415.78,1165.83,14647.5,-29382.5,25935.0
307670,-370.03,-400.89,1145.34,36207.5,45832.5,112997.5
307698,-416.75,-409.43,1098.37,4375.0,66167.5,170957.5
307727,-365.76,-436.27,1069.7,-48247.5,23957.5,190960.0
307755,-183.49,-463.36,1102.39,-57680.0,-28857.5,117180.0
307783,50.39,-476.04,1164.0,15242.5,-14595.0,-32235.0
307811,213.99,-484.22,1182.91,72572.5,-14157.5,-130357.5
307840,276.21,-499.47,1152.9,55755.0,-29785.0,-172217.5
307868,241.07,-516.79,1112.15,2065.0,-13422.5,-179112.5
307897,91.87,-519.72,1101.29,-42140.0,-45202.5,-140105.0
307925,-105.9,-498.98,1133.5,-13895.0,-66675.0,-7402.5
307954,-244.61,-474.58,1149.0,42052.5,13720.0,75827.5
307982,-311.83,-464.82,1111.18,24535.0,61495.0,131442.5
308011,-310.25,-468.6,1070.55,-34352.5,52325.0,159670.0
308039,-224.72,-476.29,1077.26,-57225.0,50137.5,134767.5
308067,-69.66,-475.31,1130.21,-26670.0,51975.0,67865.0
308096,99.55,-463.97,1189.38,22312.5,46095.0,-20965.0
308124,213.38,-452.62,1218.05,56577.5,-9625.0,-99732.5
308153,244.49,-447.98,1205.12,66657.5,-37642.5,-137007.5
308181,192.76,-445.3,1163.88,30887.5,-31500.0,-154000.0
308210,43.8,-431.27,1126.79,-6527.5,-81602.5,-103127.5
308238,-137.01,-405.04,1118.01,-12600.0,-55842.5,18235.0
308267,-256.57,-385.4,1105.08,15592.5,48597.5,99872.5
308295,-306.34,-383.69,1061.28,-12687.5,67725.0,140560.0
308324,-305.85,-396.01,1029.19,-61845.0,23275.0,154455.0
308352,-238.63,-413.95,1047.49,-64505.0,9992.5,144217.5
308381,-103.46,-426.27,1100.93,-23397.5,19215.0,71557.5
308409,57.95,-430.29,1150.34,18585.0,28052.5,-6510.0
308438,198.49,-434.2,1175.84,31675.0,6510.0,-89670.0
308467,274.01,-447.01,1177.54,32970.0,-38832.5,-150815.0
308495,272.79,-466.16,1163.76,17412.5,-34177.5,-183312.5
308523,175.44,-478.36,1149.97,-5705.0,-61512.5,-181090.0
308551,-9.52,-471.04,1154.49,-12880.0,-89442.5,-81147.5
308580,-188.61,-449.45,1170.59,20475.0,-8995.0,39620.0
308608,-296.46,-436.39,1155.22,42805.0,77245.0,118702.5
308637,-334.77,-440.66,1105.56,1347.5,76125.0,159162.5
308665,-312.32,-455.79,1076.41,-47705.0,46865.0,161157.5
308694,-218.38,-474.34,1093.36,-53970.0,41107.5,134295.0
308722,-52.22,-489.46,1144.36,-41615.0,17920.0,60970.0
308751,120.29,-499.83,1206.46,7262.5,13475.0,-55930.0
308780,226.92,-516.67,1238.06,67952.5,-12162.5,-135065.0
308809,257.91,-539.97,1228.54,72327.5,-18620.0,-177677.5
308837,215.45,-557.66,1195.6,45867.5,-16170.0,-193970.0
308866,80.64,-558.52,1155.34,15050.0,-64242.5,-154087.5
308895,-115.78,-537.65,1130.82,-11235.0,-80867.5,-33267.5
308923,-277.79,-511.79,1129.11,-7245.0,14875.0,78522.5
308952,-365.51,-499.35,1111.18,16992.5,70945.0,138635.0
308980,-395.28,-504.84,1067.99,-23432.5,40740.0,167877.5
309009,-371.61,-524.36,1048.71,-58170.0,14245.0,165585.0
309037,-287.8,-548.39,1074.09,-52885.0,25900.0,148680.0
309066,-133.96,-566.08,1128.74,-20632.5,43400.0,83300.0
309094,39.89,-573.16,1188.89,18357.5,26880.0,-27265.0
309123,160.43,-578.52,1224.15,53620.0,-24412.5,-110425.0
309151,206.18,-588.28,1226.59,53392.5,-59972.5,-161840.0
309180,177.51,-598.04,1213.66,33162.5,-48405.0,-186025.0
309208,54.66,-596.34,1198.77,20387.5,-71820.0,-164657.5
309237,-139.93,-572.55,1190.35,19495.0,-68862.5,-57942.5
309265,-305.73,-540.34,1177.91,35210.0,21560.0,63192.5
309293,-390.28,-521.79,1137.65,23100.0,85785.0,133175.0
309322,-410.16,-521.55,1092.14,-34930.0,76265.0,162102.5
309350,-372.22,-533.14,1084.58,-67672.5,58922.5,156730.0
309379,-264.01,-547.05,1126.55,-60970.0,45447.5,125912.5
309407,-91.62,-551.68,1201.58,-20335.0,45692.5,33862.5
309436,64.66,-546.8,1260.14,40687.5,-5127.5,-76370.0
309464,142.5,-545.34,1264.9,66587.5,-76282.5,-133945.0
309493,145.42,-548.51,1232.93,26705.0,-66307.5,-159442.5
309521,78.45,-546.07,1203.65,-13860.0,-26565.0,-150780.0
309550,-58.68,-530.33,1196.09,-14210.0,-56630.0,-98840.0
309578,-219.72,-505.08,1197.8,16782.5,-52500.0,1627.5
309607,-334.28,-482.63,1179.74,32235.0,35595.0,85680.0
309636,-384.06,-472.63,1137.28,3972.5,71522.5,134225.0
309665,-373.08,-475.31,1107.52,-44415.0,55142.5,143535.0
309693,-300.85,-482.51,1124.72,-62492.5,45570.0,121590.0
309721,-169.82,-484.58,1187.18,-29487.5,37257.5,66185.0
309750,-22.45,-477.87,1253.06,33057.5,23030.0,-25147.5
309778,74.05,-468.72,1276.49,76387.5,-35052.5,-98367.5
309807,86.13,-459.94,1247.08,73150.0,-72047.5,-129447.5
309835,-3.17,-443.59,1206.34,19740.0,-86660.0,-112000.0
309864,-155.92,-413.82,1195.36,7525.0,-72187.5,-21927.5
309892,-283.53,-381.13,1179.74,40897.5,3097.5,66307.5
309921,-348.8,-361.61,1132.4,15802.5,67217.5,124372.5
309949,-356.97,-359.78,1089.22,-37450.0,80150.0,149502.5
309978,-307.56,-368.2,1085.07,-58362.5,66447.5,135362.5
310006,-215.09,-375.52,1115.32,-39637.5,46462.5,84052.5
310035,-91.01,-378.08,1154.73,-18760.0,27265.0,34877.5
310064,41.48,-378.2,1194.62,-14945.0,15330.0,-43382.5
310093,124.93,-379.79,1225.86,17325.0,-28210.0,-105245.0
310121,144.45,-383.81,1232.44,40810.0,-32672.5,-137007.5
310149,108.82,-385.64,1208.29,37817.5,-28437.5,-155942.5
310178,-2.68,-377.1,1173.27,4007.5,-75600.0,-133000.0
310206,-164.94,-355.26,1155.22,-9415.0,-59657.5,-32427.5
310235,-289.87,-333.3,1140.21,6842.5,35805.0,67585.0
310263,-352.7,-324.4,1108.98,-8137.5,62755.0,117040.0
310292,-366.0,-331.11,1085.31,-39182.5,37012.5,142117.5
310320,-326.59,-348.07,1092.14,-36732.5,33932.5,125930.0
310349,-219.48,-366.98,1128.26,-25707.5,25130.0,91892.5
310377,-51.0,-381.37,1187.43,-945.0,8207.5,7682.5
310406,103.21,-393.08,1233.18,50557.5,-16485.0,-90667.5
310434,185.93,-410.9,1231.71,61495.0,-48072.5,-156257.5
310463,186.05,-434.81,1197.19,20895.0,-37800.0,-189770.0
310491,80.52,-452.5,1168.15,-16292.5,-57312.5,-173005.0
310520,-106.87,-450.91,1167.54,-16345.0,-71645.0,-69615.0
310548,-279.99,-436.52,1178.03,18165.0,2152.5,45237.5
310576,-382.23,-427.49,1157.29,35542.5,55160.0,123147.5
310605,-408.46,-432.61,1111.91,-4777.5,42665.0,169540.0
310633,-342.82,-446.64,1098.73,-41947.5,33600.0,152705.0
310662,-201.06,-454.94,1138.02,-25725.0,14490.0,80955.0
310690,-25.62,-453.96,1194.62,22855.0,24500.0,-1610.0
310719,124.07,-451.28,1220.0,59832.5,-8137.5,-93695.0
310747,191.91,-453.72,1199.5,42682.5,-49017.5,-150552.5
310776,162.02,-459.33,1166.69,-7385.0,-28525.0,-168297.5
310804,28.55,-456.04,1150.95,-19425.0,-63927.5,-129430.0
310833,-155.43,-439.69,1154.97,-1312.5,-56105.0,-21332.5
310861,-296.7,-421.88,1146.92,22172.5,40915.0,79100.0
310890,-363.56,-416.02,1104.34,-1680.0,65187.5,133770.0
310918,-371.73,-424.44,1071.28,-47390.0,19862.5,151322.5
310946,-316.22,-439.57,1085.92,-46865.0,19022.5,134855.0
310974,-190.56,-449.2,1135.58,-12740.0,28262.5,87657.5
311002,-16.35,-447.37,1191.82,22172.5,22942.5,8400.0
311031,135.91,-440.54,1219.63,59360.0,-18077.5,-87237.5
311059,208.38,-439.93,1196.82,59780.0,-47022.5,-140087.5
311088,195.44,-447.25,1143.26,5407.5,-12337.5,-160632.5
311116,76.62,-453.35,1107.27,-44432.5,-40145.0,-137322.5
311145,-105.65,-447.5,1119.72,-38325.0,-78732.5,-29977.5
311173,-250.47,-432.98,1139.48,18987.5,14525.0,58800.0
311202,-327.94,-423.22,1111.66,24587.5,65922.5,112700.0
311230,-349.53,-425.29,1068.84,-29172.5,20387.5,143097.5
311259,-306.46,-435.05,1067.26,-49595.0,5897.5,134697.5
311287,-195.44,-441.76,1105.32,-19652.5,19547.5,92085.0
311316,-35.62,-438.59,1155.34,11025.0,31727.5,23887.5
311345,114.68,-430.66,1184.38,46130.0,3097.5,-65800.0
311373,193.13,-428.71,1172.66,46777.5,-37432.5,-123917.5
311401,188.12,-433.34,1145.95,5687.5,-21560.0,-141382.5
311429,101.38,-436.03,1137.53,-16100.0,-44327.5,-134837.5
311457,-45.26,-426.39,1147.65,10062.5,-73465.0,-67830.0
311485,-178.73,-405.04,1150.09,28647.5,5722.5,20615.0
311514,-253.52,-383.32,1123.74,27142.5,38920.0,73377.5
311542,-284.02,-368.56,1080.43,-5320.0,12810.0,99487.5
311571,-279.26,-362.58,1058.84,-34860.0,10920.0,111650.0
311599,-232.65,-360.39,1070.55,-29522.5,33862.5,102217.5
311628,-148.47,-354.78,1097.02,-10972.5,22925.0,69632.5
311656,-44.41,-341.6,1126.43,2607.5,17902.5,27930.0
311685,60.51,-324.89,1147.29,17220.0,12950.0,-29260.0
311714,128.1,-311.34,1150.22,24062.5,-19915.0,-82302.5
311743,127.73,-300.0,1136.31,22400.0,-20125.0,-106295.0
311771,44.16,-284.75,1112.4,14875.0,-49700.0,-99435.0
311800,-100.41,-263.28,1094.83,2170.0,-66850.0,-18375.0
311829,-219.23,-245.22,1081.9,9940.0,11410.0,75827.5
311857,-265.23,-241.56,1048.71,1137.5,60585.0,118632.5
311886,-248.64,-252.05,1014.31,-45377.5,44782.5,125177.5
311914,-177.51,-269.74,1021.14,-68197.5,28997.5,95935.0
311943,-66.37,-286.21,1066.77,-35525.0,18095.0,43767.5
311971,59.54,-298.9,1117.52,5915.0,17797.5,-26582.5
312000,154.45,-312.81,1146.07,30625.0,-8382.5,-97107.5
312028,181.78,-328.91,1150.7,38447.5,-20930.0,-130707.5
312057,140.54,-339.04,1136.55,41667.5,-1540.0,-137270.0
312085,24.89,-334.52,1110.81,28892.5,-44030.0,-103617.5
312114,-121.63,-314.64,1099.22,4812.5,-34020.0,-14595.0
312142,-226.68,-288.9,1089.83,23730.0,26215.0,49542.5
312171,-282.31,-270.35,1054.32,17097.5,42490.0,89722.5
312200,-295.24,-264.25,1013.33,-21402.5,32532.5,113522.5
312229,-253.76,-268.16,1002.84,-51467.5,29942.5,108657.5
312257,-151.52,-277.06,1037.49,-48825.0,17990.0,69282.5
312285,-17.57,-284.5,1094.83,-13667.5,16852.5,-1977.5
312314,88.33,-290.36,1131.92,24850.0,-12880.0,-75390.0
312342,131.88,-298.41,1136.67,28822.5,-31815.0,-120190.0
312371,115.17,-304.51,1131.31,14017.5,-16922.5,-137865.0
312399,40.26,-303.54,1123.25,19757.5,-43715.0,-134645.0
312428,-91.13,-291.46,1107.03,21875.0,-54215.0,-77822.5
312456,-226.92,-272.67,1087.02,10780.0,14140.0,27895.0
312485,-316.47,-262.06,1058.47,-2835.0,60322.5,97510.0
312513,-357.7,-268.4,1026.02,-32532.5,23922.5,138670.0
312542,-336.23,-289.14,1021.63,-46410.0,682.5,144567.5
312570,-231.92,-313.66,1056.76,-29522.5,25410.0,102130.0
312599,-68.08,-330.38,1112.88,1977.5,20387.5,22172.5
312628,87.35,-341.11,1156.07,43662.5,-577.5,-70822.5
312657,177.88,-356.97,1156.32,62510.0,-31307.5,-139072.5
312685,186.29,-376.25,1124.6,29890.0,-24412.5,-167335.0
312713,95.16,-383.32,1091.05,-5617.5,-22330.0,-152337.5
312742,-81.62,-372.59,1076.53,-13265.0,-51030.0,-50400.0
312770,-248.88,-357.95,1079.7,-10535.0,11532.5,59972.5
312799,-344.77,-349.29,1074.45,3465.0,41737.5,109970.0
312827,-384.67,-350.14,1048.59,2345.0,22015.0,136185.0
312856,-369.9,-362.58,1024.56,-22592.5,19827.5,146387.5
312884,-291.34,-377.47,1033.1,-39707.5,17237.5,114800.0
312913,-164.7,-386.25,1075.55,-12390.0,2485.0,61967.5
312941,-14.76,-389.18,1122.03,21945.0,18007.5,-10150.0
312970,105.53,-390.77,1142.41,39077.5,-12617.5,-87727.5
312998,151.77,-395.65,1139.11,25182.5,-31535.0,-128380.0
313027,128.34,-399.18,1131.92,12162.5,-1715.0,-142205.0
313055,32.33,-392.35,1125.33,18655.0,-36855.0,-129657.5
313084,-125.17,-374.05,1110.44,33705.0,-59080.0,-65940.0
313112,-275.96,-350.63,1079.82,18095.0,-437.5,37187.5
313140,-362.71,-336.6,1035.05,-7910.0,48580.0,107870.0
313169,-387.96,-339.04,997.23,-45675.0,19845.0,135257.5
313197,-359.53,-353.31,994.79,-50785.0,-927.5,132755.0
313226,-268.77,-370.15,1028.46,-35752.5,13685.0,101447.5
313254,-124.93,-378.93,1081.41,-3937.5,19617.5,44065.0
313283,28.3,-378.69,1125.33,32165.0,22137.5,-36032.5
313311,143.84,-381.98,1136.19,49192.5,-11970.0,-103442.5
313340,188.37,-394.18,1118.98,31080.0,-51327.5,-152495.0
313368,132.49,-404.19,1099.59,-3325.0,-54757.5,-162312.5
313397,-18.91,-399.43,1101.05,-14805.0,-68950.0,-100222.5
313425,-190.32,-379.42,1119.11,10832.5,-30152.5,3657.5
313454,-307.32,-359.41,1113.13,35717.5,50312.5,80535.0
313483,-362.22,-352.82,1069.21,7595.0,68460.0,129762.5
313511,-351.36,-360.63,1032.24,-41702.5,32095.0,148470.0
313539,-266.08,-372.71,1042.73,-54005.0,15365.0,108657.5
313567,-128.1,-377.96,1089.34,-19302.5,22417.5,46375.0
313596,27.82,-377.22,1136.92,13667.5,20422.5,-27702.5
313624,148.96,-380.52,1157.17,35437.5,-9852.5,-107100.0
313653,196.18,-392.35,1145.46,30957.5,-31692.5,-152512.5
313681,167.99,-404.55,1130.21,5057.5,-16817.5,-160860.0
313710,61.24,-408.09,1120.45,525.0,-31395.0,-135467.5
313738,-102.85,-398.21,1117.64,1487.5,-75950.0,-47985.0
313767,-253.03,-380.4,1121.06,17500.0,5040.0,50277.5
313796,-342.33,-372.1,1097.63,19845.0,82250.0,119280.0
313825,-369.05,-380.76,1055.79,-25690.0,57505.0,152145.0
313853,-328.67,-398.33,1044.69,-57435.0,17552.5,142450.0
313882,-224.85,-412.97,1080.43,-43137.5,12950.0,100677.5
313910,-74.42,-418.46,1139.85,-5512.5,34072.5,35262.5
313938,71.98,-417.48,1188.52,34912.5,30205.0,-57365.0
313967,157.5,-422.12,1198.77,66237.5,-17220.0,-120907.5
313995,173.97,-434.56,1174.01,51922.5,-26967.5,-154752.5
314024,106.99,-442.49,1139.11,18375.0,-20877.5,-159635.0
314052,-34.16,-435.66,1116.18,5635.0,-61512.5,-79835.0
314081,-178.24,-416.02,1103.37,14752.5,-22680.0,-2275.0
314109,-281.45,-392.72,1078.6,6737.5,40670.0,53270.0
314138,-341.6,-375.39,1039.81,-13055.0,48002.5,91560.0
314166,-368.32,-370.64,1007.48,-41230.0,25217.5,106155.0
314195,-359.41,-376.13,1002.23,-53200.0,18987.5,117197.5
314223,-296.46,-382.59,1029.56,-49805.0,35542.5,100537.5
314252,-185.81,-381.25,1082.02,-28805.0,15260.0,51520.0
314280,-54.78,-373.69,1141.92,3290.0,1960.0,-10622.5
314309,51.36,-370.39,1179.37,39112.5,-21332.5,-82372.5
314338,94.31,-376.13,1184.38,49612.5,-48370.0,-121205.0
314366,71.49,-384.3,1168.39,37152.5,-31657.5,-135117.5
314395,-26.11,-385.76,1147.29,18007.5,-65065.0,-111020.0
314423,-162.99,-373.44,1143.63,7875.0,-70577.5,-35262.5
314452,-274.26,-351.12,1139.72,29102.5,12075.0,25042.5
314480,-344.41,-330.99,1101.78,29067.5,54967.5,73500.0
314509,-377.47,-321.1,1047.98,-17797.5,34667.5,104755.0
314537,-380.15,-322.08,1020.41,-55737.5,10815.0,111527.5
314566,-351.6,-329.28,1027.0,-49210.0,26635.0,112297.5
314594,-273.28,-335.5,1055.06,-38150.0,47740.0,90720.0
314623,-150.3,-335.62,1100.93,-27912.5,19617.5,33582.5
314651,-15.13,-333.79,1152.53,2835.0,-9345.0,-32007.5
314680,92.84,-341.36,1180.72,38150.0,-33162.5,-100135.0
314708,145.42,-359.78,1176.2,40355.0,-44012.5,-144112.5
314736,137.62,-381.37,1155.46,22680.0,-29400.0,-165532.5
314764,53.68,-395.28,1136.06,-2730.0,-59990.0,-150447.5
314792,-100.41,-395.28,1132.89,-13720.0,-83685.0,-74847.5
314820,-260.23,-386.01,1146.56,3395.0,-20440.0,32585.0
314848,-364.66,-381.13,1143.14,29662.5,65432.5,112595.0
314877,-402.48,-390.28,1105.44,5897.5,69492.5,153807.5
314905,-383.93,-410.29,1072.75,-38115.0,39742.5,155592.5
314934,-299.39,-435.54,1080.19,-52202.5,43155.0,140997.5
314962,-145.18,-456.16,1132.16,-39410.0,49787.5,74585.0
314991,23.79,-466.28,1198.41,7542.5,28787.5,-30905.0
315020,132.13,-478.97,1232.44,57942.5,-12390.0,-116550.0
315049,151.16,-496.54,1223.05,64347.5,-20037.5,-150832.5
315077,82.11,-503.86,1191.21,42962.5,-17202.5,-149835.0
315106,-59.54,-492.27,1160.46,19670.0,-53865.0,-92015.0
315135,-219.36,-465.43,1137.77,9362.5,-27055.0,-1732.5
315163,-338.43,-439.2,1103.73,13055.0,42752.5,81812.5
315192,-400.28,-428.71,1048.96,-21507.5,67217.5,135065.0
315220,-409.43,-437.25,1007.72,-69842.5,18672.5,154280.0
315249,-362.34,-457.5,1016.87,-73885.0,-2135.0,133332.5
315277,-262.42,-477.75,1064.57,-35840.0,5740.0,87255.0
315306,-124.44,-490.93,1122.03,-3307.5,4672.5,22890.0
315334,11.96,-497.64,1166.81,26337.5,-7735.0,-59587.5
315363,97.6,-507.64,1178.76,48895.0,-39532.5,-123165.0
315391,119.32,-522.16,1164.0,36960.0,-36085.0,-152372.5
315420,76.37,-529.97,1143.63,10517.5,-36820.0,-159827.5
315448,-34.4,-522.4,1131.43,-3762.5,-67270.0,-123987.5
315477,-184.95,-498.74,1131.43,1977.5,-47180.0,-43505.0
315505,-317.2,-469.94,1129.23,19757.5,29102.5,48265.0
315534,-394.3,-451.52,1100.44,22102.5,78960.0,109480.0
315563,-417.24,-447.37,1060.91,-16257.5,50085.0,134925.0
315591,-399.18,-454.33,1045.54,-30292.5,23607.5,131530.0
315619,-330.99,-465.8,1063.6,-34527.5,24080.0,117932.5
315647,-205.57,-472.87,1109.96,-19460.0,-1767.5,60357.5
315676,-53.68,-472.63,1162.9,17675.0,-19477.5,-12845.0
315704,73.44,-470.68,1191.57,39077.5,-23555.0,-82425.0
315733,143.72,-475.31,1191.21,28577.5,-43837.5,-129937.5
315761,153.48,-486.17,1180.47,13352.5,-34002.5,-158532.5
315790,87.11,-490.68,1163.51,5477.5,-47897.5,-152617.5
315818,-51.12,-478.0,1151.68,-6247.5,-62387.5,-88585.0
315847,-203.13,-451.64,1155.71,5565.0,-11200.0,4987.5
315876,-309.64,-426.76,1145.58,27842.5,68495.0,78382.5
315905,-358.19,-414.07,1104.47,2817.5,78610.0,119997.5
315934,-361.85,-413.82,1069.7,-40635.0,37240.0,133385.0
315963,-323.06,-420.9,1073.97,-49472.5,30135.0,127662.5
315991,-230.7,-427.24,1110.81,-26372.5,36942.5,101272.5
316019,-94.06,-426.88,1158.76,3920.0,36120.0,27107.5
316048,27.69,-422.12,1193.77,32445.0,10867.5,-54092.5
316076,88.69,-420.53,1206.21,41632.5,-29610.0,-99225.0
316105,99.8,-421.88,1205.73,44852.5,-31185.0,-124250.0
316133,62.22,-418.83,1197.8,36977.5,-32007.5,-127715.0
316162,-20.74,-404.8,1190.96,37432.5,-23520.0,-96232.5
316190,-132.74,-378.81,1173.52,57925.0,8155.0,-56507.5
316219,-248.39,-345.14,1123.62,47617.5,2957.5,10342.5
316247,-330.13,-313.05,1055.3,-3062.5,24447.5,65082.5
316276,-377.96,-294.02,997.11,-53025.0,31990.0,102200.0
316304,-397.6,-294.39,967.7,-85015.0,16467.5,127907.5
316333,-384.91,-310.0,976.98,-80290.0,6842.5,128905.0
316362,-320.13,-330.5,1015.89,-53357.5,19477.5,122045.0
316391,-188.86,-345.5,1069.21,-26320.0,5232.5,62142.5
316420,-37.09,-351.12,1121.79,2187.5,-10972.5,-18882.5
316448,79.42,-357.46,1149.73,27282.5,-25847.5,-90160.0
316477,137.37,-372.34,1149.24,30047.5,-45500.0,-135030.0
316505,134.69,-389.91,1139.6,14000.0,-34020.0,-156117.5
316534,62.22,-398.57,1129.96,5582.5,-50487.5,-150167.5
316562,-75.64,-389.18,1124.35,2047.5,-62352.5,-89162.5
316591,-218.75,-364.54,1128.74,7490.0,-4742.5,4900.0
316620,-312.69,-339.28,1119.72,26372.5,62755.0,70245.0
316649,-359.29,-324.28,1083.85,6737.5,59762.5,109427.5
316677,-370.88,-321.84,1054.32,-25497.5,36207.5,131547.5
316706,-338.18,-328.91,1059.69,-33652.5,39480.0,134365.0
316734,-250.47,-338.92,1095.19,-14157.5,48720.0,99382.5
316763,-121.51,-345.02,1140.21,7297.5,41807.5,32270.0
316792,4.88,-346.36,1179.86,20230.0,10902.5,-40967.5
316820,87.35,-349.77,1197.67,36592.5,-25760.0,-98507.5
316849,110.29,-356.97,1190.23,34055.0,-54040.0,-132037.5
316877,79.06,-355.75,1177.67,21052.5,-43855.0,-128957.5
316906,4.76,-341.84,1159.24,26880.0,-18305.0,-109445.0
316934,-110.17,-320.49,1129.96,12512.5,-30590.0,-70140.0
316963,-238.63,-295.97,1107.27,-6702.5,-23730.0,-2292.5
316991,-336.48,-274.99,1085.68,4112.5,17080.0,58660.0
317020,-394.3,-264.98,1048.47,-10272.5,35052.5,96775.0
317048,-422.12,-268.4,1014.92,-39375.0,15102.5,119472.5
317077,-416.75,-284.14,1005.04,-39795.0,21542.5,135170.0
317105,-339.53,-307.44,1022.12,-45885.0,42840.0,130060.0
317134,-185.32,-324.64,1075.19,-42017.5,25095.0,55702.5
317162,-21.47,-330.86,1140.7,5250.0,4322.5,-32760.0
317191,85.16,-335.87,1167.05,46655.0,-18200.0,-104492.5
317219,106.87,-344.77,1147.41,29172.5,-35105.0,-135380.0
317248,44.29,-350.75,1125.21,-9537.5,-37030.0,-131407.5
317277,-89.79,-345.87,1126.79,-5180.0,-70997.5,-81147.5
317305,-239.12,-330.5,1135.21,21350.0,-30380.0,5582.5
317334,-336.84,-315.0,1115.08,34300.0,45552.5,80762.5
317362,-368.32,-308.78,1067.38,-1837.5,47845.0,116602.5
317391,-350.02,-311.83,1036.88,-42752.5,19740.0,115780.0
317419,-292.56,-318.66,1045.17,-42630.0,23030.0,98490.0
317448,-199.1,-322.69,1073.6,-15767.5,22382.5,59587.5
317476,-82.47,-320.01,1103.25,1365.0,17447.5,9817.5
317505,29.04,-314.76,1122.4,8260.0,-1522.5,-50242.5
317534,92.35,-311.22,1156.32,2187.5,-23310.0,-86082.5
317563,120.17,-296.46,1193.53,-19215.0,-1295.0,-33582.5
317591,72.47,-284.75,1162.9,-31307.5,-70490.0,-26215.0
317620,-51.36,-277.55,1130.94,-19600.0,-92505.0,-10307.5
317648,-141.52,-258.64,1131.43,29417.5,38535.0,25200.0
317677,-187.51,-239.0,1089.7,37310.0,33565.0,43680.0
317706,-216.18,-223.26,1030.66,-17780.0,-4480.0,67462.5
317734,-226.19,-214.6,999.55,-43225.0,15522.5,89512.5
317763,-208.74,-213.74,993.08,-44660.0,32795.0,94920.0
317791,-134.81,-216.18,1011.62,-46497.5,27492.5,80290.0
317820,0.73,-215.82,1066.04,-41405.0,9940.0,17185.0
317849,132.61,-218.75,1132.77,4532.5,-4392.5,-61757.5
317878,201.91,-232.41,1163.64,58852.5,-28035.0,-121590.0
317906,205.81,-248.51,1150.95,54985.0,-20370.0,-146527.5
317935,140.06,-259.13,1121.67,26652.5,-29627.5,-145600.0
317963,-4.88,-260.47,1102.39,10290.0,-64977.5,-94080.0
317992,-181.66,-251.69,1099.1,23100.0,-37625.0,6947.5
318020,-309.27,-246.93,1077.75,32655.0,51642.5,109077.5
318049,-349.16,-258.4,1033.34,-12180.0,71942.5,157045.0
318077,-304.63,-279.14,1016.99,-55002.5,44660.0,147542.5
318106,-193.25,-297.19,1055.79,-43277.5,30712.5,95620.0
318134,-36.84,-305.85,1124.84,-892.5,39882.5,29260.0
318162,115.05,-306.22,1178.52,38500.0,16835.0,-64050.0
318191,200.32,-309.76,1188.4,58240.0,-43435.0,-128555.0
318219,202.28,-319.64,1159.73,35630.0,-35980.0,-157675.0
318248,107.24,-325.01,1123.25,1400.0,-47250.0,-146037.5
318276,-64.17,-317.32,1109.47,-1085.0,-72380.0,-63980.0
318305,-228.87,-300.36,1103.12,17902.5,7717.5,38640.0
318333,-327.94,-288.41,1067.5,10500.0,71225.0,111107.5
318362,-364.05,-290.6,1020.29,-39147.5,45045.0,143710.0
318390,-342.82,-306.95,1011.87,-63000.0,25025.0,145197.5
318419,-254.25,-326.84,1056.89,-47390.0,39112.5,111982.5
318447,-105.16,-337.45,1127.52,-5687.5,22487.5,46585.0
318476,52.7,-337.57,1184.99,30747.5,-3745.0,-44852.5
318505,151.4,-337.09,1197.8,55090.0,-36662.5,-115482.5
318534,164.58,-341.6,1168.15,29207.5,-33022.5,-144200.0
318562,84.67,-344.77,1135.33,-11707.5,-42595.0,-140367.5
318591,-70.03,-334.52,1129.72,-6807.5,-81795.0,-72012.5
318620,-219.6,-313.66,1129.6,26985.0,-4672.5,26495.0
318648,-300.85,-294.26,1096.41,27177.5,87570.0,88795.0
318677,-307.32,-282.19,1040.9,-16572.5,76632.5,110127.5
318705,-242.66,-277.92,1024.92,-74007.5,32567.5,85715.0
318734,-133.22,-274.62,1087.75,-62825.0,20475.0,33897.5
318762,-24.89,-268.28,1168.76,12635.0,25182.5,-25025.0
318791,37.45,-264.13,1204.75,50050.0,-29820.0,-80062.5
318819,27.45,-262.06,1200.48,47810.0,-39375.0,-100660.0
318848,-55.75,-255.96,1171.2,34720.0,-49122.5,-84262.5
318876,-181.05,-242.78,1139.11,13317.5,-50942.5,-15172.5
318905,-287.43,-228.26,1105.69,15277.5,11077.5,58415.0
318933,-342.82,-222.77,1059.33,-8837.5,46305.0,112157.5
318962,-323.06,-226.43,1033.34,-52097.5,36837.5,127610.0
318990,-226.92,-228.87,1062.38,-51100.0,21122.5,70507.5
319019,-99.06,-223.5,1124.35,1260.0,13720.0,7787.5
319048,15.98,-215.7,1165.59,50960.0,26582.5,-50820.0
319076,79.79,-211.67,1153.27,69107.5,-3570.0,-99470.0
319105,61.49,-208.62,1103.49,28927.5,-35647.5,-117337.5
319133,-52.09,-201.42,1064.94,-18515.0,-61932.5,-83230.0
319162,-202.89,-188.49,1063.11,-18182.5,-44677.5,5845.0
319190,-301.34,-174.22,1058.96,11270.0,41055.0,75022.5
319219,-304.51,-165.43,1032.61,-17325.0,72607.5,105245.0
319247,-225.94,-159.45,1035.05,-57137.5,31430.0,60095.0
319276,-135.91,-152.01,1081.41,-25445.0,280.0,8890.0
319305,-79.79,-143.47,1112.64,25987.5,12827.5,-24587.5
319334,-69.66,-133.96,1103.12,20002.5,-19197.5,-45080.0
319362,-102.48,-122.12,1089.58,1820.0,-23135.0,-34947.5
319391,-149.57,-107.6,1080.19,9292.5,297.5,-13580.0
319420,-186.78,-91.38,1062.13,8540.0,3430.0,9362.5
319449,-204.47,-75.4,1039.93,-3535.0,11042.5,22260.0
319478,-203.5,-61.37,1025.04,-14700.0,11165.0,24587.5
319506,-193.61,-50.02,1022.24,-16800.0,5775.0,18882.5
319535,-186.17,-40.99,1026.87,-12092.5,805.0,15942.5
319563,-181.05,-33.79,1033.83,-10167.5,472.5,11952.5
319592,-181.05,-28.06,1043.1,-6125.0,-10045.0,6055.0
319620,-187.88,-21.11,1054.2,1015.0,-18970.0,6317.5
319649,-203.62,-7.81,1054.08,18865.0,-26617.5,1680.0
319678,-250.1,6.83,1021.38,23082.5,-49980.0,17377.5
319707,-308.54,8.3,977.46,-17622.5,-23380.0,76282.5
319736,-309.88,-7.56,966.12,-40582.5,36330.0,113102.5
319765,-214.23,-32.21,996.98,-36995.0,12215.0,77682.5
319794,-60.39,-56.36,1054.93,-2502.5,-27317.5,-7525.0
319823,81.74,-81.01,1099.59,39672.5,-17675.0,-85610.0
319852,173.73,-114.92,1100.44,51397.5,-31255.0,-151340.0
319880,188.61,-156.16,1074.82,23275.0,-25515.0,-184835.0
319908,118.95,-189.83,1053.59,-2415.0,1732.5,-169820.0
319936,-30.74,-205.33,1042.12,507.5,-37135.0,-118230.0
319965,-220.82,-203.98,1043.83,682.5,-41317.5,-10885.0
319993,-371.12,-203.62,1042.37,21525.0,31605.0,93887.5
320022,-442.62,-220.94,1009.79,-1925.0,62160.0,163135.0
320050,-430.17,-256.44,983.32,-51782.5,30187.5,183960.0
320079,-317.44,-297.56,1007.96,-66972.5,2520.0,149625.0
320107,-123.83,-327.94,1079.7,-34247.5,-11182.5,55177.5
320136,74.18,-346.48,1145.46,46252.5,9327.5,-52447.5
320165,208.38,-366.24,1155.83,81095.0,-15907.5,-142432.5
320194,256.08,-391.01,1120.45,56770.0,-25550.0,-184765.0
320222,213.5,-413.34,1070.67,1120.0,945.0,-191957.5
320251,55.39,-420.17,1042.25,-29417.5,-64487.5,-139195.0
320279,-159.58,-412.73,1057.25,-9800.0,-83877.5,-2957.5
320307,-322.32,-403.58,1078.24,22732.5,38220.0,89197.5
320336,-407.11,-404.55,1055.79,24097.5,74865.0,152495.0
320364,-423.58,-423.46,1014.67,-24885.0,34230.0,182787.5
320393,-362.1,-454.08,1014.06,-56542.5,25550.0,175857.5
320421,-220.45,-480.19,1064.45,-34930.0,30747.5,115080.0
320450,-24.28,-491.42,1133.38,16380.0,38605.0,18742.5
320478,162.02,-496.05,1178.03,62895.0,9940.0,-103162.5
320507,262.79,-507.64,1171.93,65240.0,-53847.5,-182437.5
320535,258.64,-526.8,1132.16,14490.0,-41755.0,-208355.0
320564,118.34,-542.41,1099.71,-38570.0,-42805.0,-172130.0
320592,-101.5,-541.07,1115.57,-28245.0,-105560.0,-35665.0
320621,-277.92,-527.77,1144.6,30747.5,-3745.0,56122.5
320650,-375.15,-520.7,1125.94,39147.5,71102.5,122885.0
320679,-393.45,-527.04,1080.07,-9765.0,62492.5,148732.5
320708,-335.26,-539.48,1062.01,-55090.0,15015.0,146457.5
320736,-203.5,-542.41,1100.44,-53375.0,-2572.5,101762.5
320765,-27.57,-529.97,1165.34,5670.0,41055.0,21105.0
320793,128.83,-512.89,1199.75,67270.0,32217.5,-77105.0
320822,216.43,-504.96,1185.96,63822.5,-35805.0,-132807.5
320850,227.29,-507.52,1148.87,13702.5,-29785.0,-159075.0
320879,148.84,-512.77,1115.08,-23397.5,-17080.0,-152180.0
320907,-20.01,-511.55,1096.78,-24727.5,-75337.5,-78470.0
320936,-207.89,-501.91,1100.68,-10657.5,-47250.0,31202.5
320964,-329.4,-493.61,1100.93,13142.5,53007.5,104020.0
320993,-370.88,-495.32,1072.62,5162.5,63805.0,136325.0
321021,-340.62,-502.15,1050.05,-36907.5,25672.5,142940.0
321050,-247.17,-503.62,1074.09,-55702.5,18707.5,112647.5
321078,-108.09,-492.51,1138.14,-22470.0,28052.5,61530.0
321106,41.85,-473.73,1198.16,31290.0,39112.5,-27457.5
321135,143.23,-463.11,1217.93,65852.5,-12967.5,-95130.0
321163,167.75,-464.7,1201.82,55335.0,-30940.0,-127225.0
321192,117.24,-465.31,1175.1,25060.0,-8960.0,-132790.0
321220,-7.08,-457.13,1154.61,20335.0,-52850.0,-103057.5
321249,-178.36,-440.42,1135.58,37240.0,-53007.5,-23432.5
321277,-317.08,-420.78,1100.93,32760.0,32480.0,68985.0
321306,-382.23,-407.6,1047.25,-1680.0,56070.0,117985.0
321334,-382.47,-404.31,1005.89,-44765.0,21052.5,141435.0
321363,-311.34,-403.09,1012.11,-64785.0,23940.0,117110.0
321391,-187.88,-393.45,1062.74,-43225.0,31325.0,62440.0
321420,-47.34,-376.98,1123.13,-1820.0,55650.0,-7262.5
321449,55.88,-362.58,1150.46,37940.0,4777.5,-84332.5
321478,66.61,-356.48,1138.14,28350.0,-51940.0,-121275.0
321506,-23.55,-352.21,1116.54,4112.5,-49840.0,-110792.5
321534,-178.85,-341.23,1099.71,7350.0,-56612.5,-33390.0
321563,-313.91,-327.94,1080.8,7735.0,6317.5,65607.5
321591,-381.13,-320.98,1048.35,-5670.0,55107.5,112892.5
321620,-397.48,-324.76,1009.06,-34107.5,30712.5,137182.5
321648,-351.48,-338.06,995.52,-65835.0,10150.0,134645.0
321677,-250.34,-350.87,1030.17,-67410.0,2800.0,76020.0
321705,-124.56,-358.44,1088.24,-23415.0,4357.5,21017.5
321734,5.12,-365.27,1132.89,12320.0,3867.5,-49980.0
321763,96.62,-378.93,1156.56,32900.0,-28525.0,-114677.5
321792,127.12,-401.87,1165.71,40075.0,-28945.0,-152337.5
321820,96.14,-423.46,1159.49,44135.0,-20720.0,-165602.5
321849,-3.66,-434.2,1134.36,35910.0,-43610.0,-144445.0
321877,-166.65,-425.54,1109.35,16502.5,-72415.0,-69055.0
321906,-315.0,-402.6,1100.44,15172.5,-25515.0,47040.0
321934,-388.94,-384.67,1082.75,15050.0,75512.5,103775.0
321962,-406.5,-378.2,1045.78,-11165.0,78995.0,129832.5
321990,-369.54,-380.4,1029.19,-47722.5,42560.0,128922.5
322018,-274.87,-385.28,1060.79,-56000.0,32130.0,96022.5
322047,-146.77,-384.06,1126.79,-20457.5,29172.5,31360.0
322075,-29.65,-377.35,1183.77,30117.5,16642.5,-38727.5
322104,36.97,-373.08,1199.14,62352.5,-6772.5,-89757.5
322132,38.67,-368.07,1180.72,57452.5,-21350.0,-111702.5
322161,-30.01,-356.0,1149.0,42735.0,-38622.5,-105630.0
322189,-158.23,-336.23,1112.64,33075.0,-61040.0,-50820.0
322218,-285.72,-312.32,1077.5,14892.5,-24622.5,40967.5
322246,-355.02,-294.14,1041.88,-5337.5,50032.5,101500.0
322275,-349.16,-285.72,1010.16,-36627.5,64715.0,117530.0
322303,-271.82,-281.82,1011.26,-64802.5,20072.5,83545.0
322332,-149.57,-275.48,1066.52,-46515.0,-15242.5,24727.5
322360,-36.11,-267.91,1132.77,14980.0,12512.5,-47390.0
322388,20.25,-263.76,1151.31,59167.5,4917.5,-89722.5
322417,11.96,-260.23,1129.96,38150.0,-13982.5,-106487.5
322445,-59.05,-253.27,1101.66,11270.0,-46077.5,-96862.5
322474,-169.58,-241.56,1079.7,2380.0,-54337.5,-33180.0
322502,-268.4,-227.53,1059.2,612.5,-35.0,35157.5
322531,-328.67,-218.14,1028.46,-5145.0,34685.0,83405.0
322559,-340.99,-218.01,998.69,-30170.0,28910.0,109917.5
322588,-286.58,-220.82,997.84,-49437.5,26897.5,88182.5
322616,-178.24,-218.38,1033.83,-39410.0,-9712.5,32900.0
322645,-49.78,-211.3,1086.17,-6387.5,-11865.0,-22067.5
322673,49.78,-207.4,1111.79,33162.5,-6177.5,-89390.0
322702,71.74,-210.57,1100.44,26092.5,-36680.0,-118825.0
322730,10.98,-216.18,1091.17,-8802.5,-55562.5,-112000.0
322759,-104.19,-215.7,1106.54,-2887.5,-72695.0,-52622.5
322787,-215.7,-208.38,1121.3,31622.5,-7577.5,22680.0
322815,-287.55,-203.01,1102.64,37660.0,61267.5,80587.5
322844,-310.61,-205.2,1060.91,4795.0,60567.5,122027.5
322872,-261.08,-211.3,1037.73,-33915.0,33180.0,112630.0
322901,-151.65,-213.62,1059.94,-42262.5,6807.5,50960.0
322929,-29.04,-208.62,1108.74,-5495.0,18550.0,-5950.0
322958,64.42,-201.42,1136.8,34370.0,10867.5,-63752.5
322986,87.84,-196.18,1131.92,29890.0,-17867.5,-93117.5
323015,32.94,-187.51,1126.79,19652.5,-14875.0,-85872.5
323043,-74.79,-173.24,1122.89,50067.5,-18060.0,-37590.0
323072,-181.54,-158.11,1096.29,47145.0,26267.5,32042.5
323100,-249.0,-145.67,1046.39,19110.0,51660.0,79940.0
323129,-271.21,-141.15,992.59,-26477.5,31850.0,110110.0
323157,-244.24,-145.06,964.9,-70630.0,9327.5,104457.5
323185,-178.85,-152.5,977.22,-75337.5,-13492.5,67602.5
323214,-87.11,-159.7,1015.53,-50890.0,-8662.5,30100.0
323242,18.06,-166.9,1063.72,-19985.0,2800.0,-31710.0
323271,98.82,-177.63,1100.56,19197.5,-6405.0,-90702.5
323299,134.44,-192.76,1112.76,27492.5,4147.5,-134487.5
323328,119.32,-206.18,1112.64,29592.5,2975.0,-153090.0
323356,42.21,-213.74,1093.12,41737.5,-27020.0,-147822.5
323385,-101.5,-211.67,1060.18,14647.5,-61652.5,-74882.5
323413,-249.86,-206.42,1047.61,437.5,-15277.5,53095.0
323442,-336.35,-211.3,1036.15,11585.0,66325.0,124827.5
323470,-362.83,-229.73,1007.48,-13282.5,56122.5,163415.0
323499,-312.32,-254.0,1000.64,-47635.0,32252.5,152670.0
323527,-199.59,-271.33,1037.24,-43330.0,9992.5,79922.5
323556,-67.1,-279.75,1092.14,-875.0,11742.5,28770.0
323585,65.51,-285.97,1136.8,33670.0,30397.5,-60917.5
323613,144.69,-299.51,1154.12,66832.5,-9642.5,-131757.5
323642,147.01,-316.47,1139.36,59867.5,-10202.5,-151007.5
323670,79.67,-322.69,1105.93,35857.5,-2555.0,-153440.0
323699,-59.54,-315.0,1071.4,25130.0,-49122.5,-105822.5
323727,-224.11,-297.92,1043.1,18042.5,-37327.5,-2275.0
323756,-341.6,-281.58,1010.04,4322.5,39497.5,86782.5
323784,-394.91,-275.96,966.24,-23450.0,63017.5,130410.0
323813,-384.06,-282.92,931.47,-65327.5,33232.5,136640.0
323841,-313.78,-298.05,934.76,-102742.5,-7035.0,81480.0
323870,-205.69,-311.95,1002.84,-95812.5,-46217.5,45115.0
323898,-77.96,-319.15,1093.49,-10150.0,24990.0,-14420.0
323927,26.6,-323.3,1138.99,58677.5,21682.5,-87132.5
323956,75.52,-330.13,1137.41,76860.0,-17255.0,-128852.5
323985,63.32,-337.21,1106.3,48790.0,-20492.5,-141610.0
324013,-17.08,-336.72,1075.06,3517.5,-51205.0,-120015.0
324041,-149.57,-326.35,1068.6,-6597.5,-78260.0,-47775.0
324069,-275.35,-310.25,1074.09,22277.5,-18252.5,34580.0
324097,-350.38,-296.58,1057.13,34825.0,65327.5,93380.0
324126,-368.44,-289.87,1010.04,2782.5,80780.0,110635.0
324154,-343.31,-291.58,960.87,-49157.5,33407.5,93712.5
324183,-270.84,-300.12,961.48,-96372.5,2887.5,73937.5
324211,-149.82,-304.63,1029.68,-78487.5,39182.5,29400.0
324240,-28.06,-303.17,1106.54,4690.0,36120.0,-47145.0
324268,39.04,-308.9,1143.51,48457.5,-28752.5,-99715.0
324297,43.92,-322.57,1150.46,46270.0,-36872.5,-123777.5
324325,-3.17,-333.18,1142.41,45027.5,-29260.0,-125177.5
324354,-99.06,-335.5,1122.03,35367.5,-44940.0,-86432.5
324382,-221.55,-327.45,1097.88,20020.0,-29330.0,-16957.5
324411,-325.86,-316.71,1072.14,13912.5,19180.0,64365.0
324440,-387.96,-314.52,1037.98,-3115.0,43610.0,116865.0
324468,-408.82,-323.79,1009.31,-33600.0,17412.5,140945.0
324496,-381.86,-340.14,1009.43,-38797.5,385.0,138652.5
324524,-283.53,-354.78,1041.88,-29522.5,21385.0,112945.0
324553,-123.71,-357.22,1098.37,-11882.5,34790.0,34142.5
324581,35.62,-353.43,1149.0,38290.0,28805.0,-54915.0
324610,142.37,-363.07,1156.56,81795.0,-945.0,-132912.5
324638,165.43,-388.81,1119.47,65222.5,-29015.0,-170800.0
324667,84.55,-414.8,1076.77,6142.5,-41335.0,-160037.5
324695,-79.06,-423.58,1069.45,-26057.5,-78557.5,-81882.5
324724,-241.8,-410.65,1088.48,560.0,-26250.0,17395.0
324753,-342.21,-389.91,1086.78,31255.0,56315.0,80237.5
324782,-384.18,-375.03,1052.01,13965.0,70402.5,118965.0
324810,-368.81,-370.51,1020.9,-32287.5,46165.0,130077.5
324839,-283.53,-369.17,1036.39,-64085.0,44712.5,86887.5
324868,-159.58,-360.75,1104.34,-40390.0,25357.5,13632.5
324896,-50.87,-349.16,1170.47,42997.5,5197.5,-50855.0
324925,9.27,-343.19,1179.62,86835.0,-23642.5,-102952.5
324953,3.42,-340.87,1139.11,51590.0,-55965.0,-124215.0
324982,-82.72,-337.33,1095.68,-12250.0,-80902.5,-105735.0
325010,-216.31,-326.47,1086.29,-33320.0,-77787.5,-16870.0
325039,-324.03,-311.1,1089.22,3745.0,7665.0,62090.0
325068,-381.01,-301.71,1065.67,15575.0,65012.5,108167.5
325097,-377.35,-301.34,1033.71,-24675.0,65555.0,133490.0
325125,-302.8,-301.95,1041.15,-64382.5,49280.0,87430.0
325154,-193.49,-296.95,1099.71,-38640.0,16817.5,23362.5
325182,-90.65,-290.6,1167.78,25550.0,6860.0,-40040.0
325211,-27.33,-288.9,1194.14,76947.5,-24657.5,-96337.5
325239,-26.6,-290.12,1173.15,65187.5,-47407.5,-119507.5
325267,-93.57,-285.72,1133.38,29190.0,-47477.5,-108150.0
325295,-208.62,-272.18,1101.42,4847.5,-55265.0,-36120.0
325323,-312.81,-255.1,1079.46,4655.0,-2222.5,41300.0
325352,-372.22,-240.83,1047.98,122.5,34562.5,85172.5
325380,-394.55,-234.24,1011.38,-24657.5,22855.0,106890.0
325409,-388.57,-236.19,990.64,-43942.5,6807.5,109410.0
325437,-355.39,-242.05,995.28,-47197.5,7332.5,102515.0
325466,-282.8,-248.03,1024.92,-34037.5,10447.5,78067.5
325494,-164.82,-251.08,1072.87,-11795.0,10972.5,23467.5
325523,-30.74,-253.03,1124.96,10675.0,-6545.0,-47792.5
325551,66.73,-261.81,1158.02,39585.0,-33092.5,-115797.5
325580,94.79,-278.28,1161.44,49455.0,-43820.0,-151340.0
325608,63.2,-292.92,1145.21,33442.5,-30100.0,-155050.0
325637,-38.31,-297.07,1118.37,14577.5,-53060.0,-128450.0
325665,-192.64,-288.9,1099.59,-5390.0,-50400.0,-34072.5
325693,-326.96,-275.72,1091.41,-1330.0,21210.0,58030.0
325722,-406.26,-271.82,1067.87,-1207.5,65257.5,123917.5
325750,-430.05,-284.14,1040.05,-37747.5,57645.0,151917.5
325779,-406.5,-308.42,1036.51,-44432.5,39707.5,147945.0
325807,-309.39,-334.28,1072.01,-45937.5,47145.0,126822.5
325836,-142.5,-349.04,1144.12,-20527.5,39375.0,35297.5
325864,15.13,-354.78,1212.8,42052.5,-2047.5,-62720.0
325893,103.7,-366.37,1231.59,87500.0,-31255.0,-132772.5
325921,116.02,-382.96,1198.65,66727.5,-48107.5,-160107.5
325950,42.82,-394.18,1157.66,9135.0,-72712.5,-152460.0
325978,-108.58,-391.25,1145.58,-11865.0,-96285.0,-79975.0
326007,-268.16,-373.69,1153.39,15137.5,-32567.5,18812.5
326035,-374.05,-356.48,1139.48,30835.0,64120.0,94867.5
326064,-417.24,-353.07,1091.9,-2450.0,77332.5,137865.0
326093,-396.38,-365.51,1047.98,-60935.0,26547.5,136570.0
326121,-311.83,-382.84,1060.18,-101657.5,-13527.5,100607.5
326149,-174.83,-392.35,1128.26,-46952.5,22277.5,58292.5
326177,-11.96,-390.64,1186.82,29312.5,52797.5,-28280.0
326206,114.31,-386.37,1201.7,50015.0,-18637.5,-112560.0
326234,164.58,-394.06,1184.13,43085.0,-59622.5,-158567.5
326263,128.95,-411.14,1153.75,11427.5,-45272.5,-169855.0
326291,-5.37,-422.36,1136.8,-14892.5,-86082.5,-118965.0
326320,-181.54,-420.78,1151.68,-3360.0,-65152.5,-1697.5
326348,-309.27,-412.97,1165.59,31342.5,57400.0,88252.5
326377,-366.0,-412.36,1141.68,28612.5,101412.5,139755.0
326405,-361.97,-422.12,1107.39,-19092.5,74602.5,152180.0
326434,-299.63,-434.32,1108.13,-49980.0,48195.0,133140.0
326462,-179.22,-439.2,1157.54,-34772.5,32585.0,84385.0
326491,-30.99,-432.61,1225.73,15855.0,34072.5,-1347.5
326520,84.91,-423.46,1262.7,67112.5,-5197.5,-78277.5
326548,132.98,-420.17,1249.4,68705.0,-45570.0,-121695.0
326576,109.56,-419.92,1210.61,28315.0,-43907.5,-135835.0
326604,10.13,-414.92,1175.71,-1382.5,-68915.0,-107030.0
326633,-129.32,-398.57,1160.95,-8522.5,-62492.5,-25637.5
326661,-240.71,-375.52,1152.17,13020.0,20125.0,45622.5
326690,-299.75,-354.41,1125.57,18515.0,66325.0,84385.0
326718,-317.81,-338.79,1088.97,-7787.5,54232.5,101202.5
326747,-305.73,-329.16,1067.62,-41527.5,31150.0,100222.5
326775,-269.13,-321.84,1078.85,-49770.0,20037.5,84367.5
326804,-208.86,-311.95,1113.62,-25725.0,13825.0,60812.5
326832,-135.91,-296.22,1150.34,1977.5,9310.0,23590.0
326861,-63.2,-276.33,1177.42,23345.0,4200.0,-15487.5
326890,-10.0,-256.81,1186.57,38955.0,-18322.5,-53672.5
326919,3.17,-238.27,1175.59,32970.0,-41002.5,-75687.5
326948,-38.92,-220.33,1150.22,19670.0,-60217.5,-79590.0
326976,-133.96,-202.52,1127.04,2940.0,-70822.5,-32322.5
327005,-235.22,-185.93,1110.44,6632.5,-12915.0,32007.5
327033,-297.19,-175.31,1081.9,1785.0,43190.0,83720.0
327062,-301.95,-173.24,1048.59,-25585.0,44187.5,103565.0
327090,-244.0,-174.95,1041.03,-50767.5,13527.5,83370.0
327119,-132.49,-173.97,1074.21,-39217.5,-10377.5,36522.5
327147,3.9,-171.53,1119.47,4480.0,6457.5,-27492.5
327176,118.95,-175.68,1143.51,24465.0,-6492.5,-96460.0
327204,173.73,-193.13,1148.75,23292.5,-31062.5,-145355.0
327233,160.43,-218.62,1141.43,18182.5,-25392.5,-165532.5
327261,72.35,-238.51,1130.21,6860.0,-44222.5,-144707.5
327290,-75.03,-244.61,1123.13,14367.5,-35035.0,-72310.0
327318,-220.58,-240.34,1112.03,16940.0,20667.5,22837.5
327346,-320.01,-237.66,1082.63,10325.0,58555.0,93397.5
327375,-368.44,-247.66,1040.66,-25567.5,40845.0,139965.0
327403,-357.09,-269.13,1022.12,-56945.0,18777.5,153860.0
327432,-265.84,-289.63,1049.44,-55545.0,20527.5,123235.0
327460,-108.58,-297.19,1112.03,-26670.0,29662.5,51310.0
327489,58.44,-295.61,1172.18,23625.0,34685.0,-36890.0
327517,173.12,-302.8,1188.52,63770.0,4725.0,-114135.0
327546,206.18,-325.37,1160.71,49245.0,-21297.5,-157447.5
327574,153.96,-350.26,1126.3,4742.5,-25147.5,-166390.0
327603,20.25,-361.12,1117.03,-7472.5,-67602.5,-126525.0
327631,-152.74,-356.0,1119.84,37275.0,-58940.0,-32847.5
327660,-289.38,-345.5,1101.66,29732.5,43330.0,65117.5
327689,-361.49,-338.43,1059.08,-7437.5,80780.0,116935.0
327718,-389.06,-342.45,1020.41,-40442.5,24762.5,144130.0
327746,-368.93,-358.31,1013.09,-49665.0,10710.0,148120.0
327774,-286.46,-373.56,1045.05,-48160.0,36522.5,114800.0
327802,-149.45,-376.98,1109.1,-26022.5,26180.0,54005.0
327830,0.12,-370.64,1177.67,19302.5,16607.5,-33040.0
327859,102.97,-368.32,1207.07,71085.0,-25462.5,-105875.0
327887,130.54,-375.15,1184.99,62737.5,-50960.0,-140385.0
327916,80.76,-379.42,1138.75,19057.5,-38762.5,-140857.5
327944,-50.75,-374.78,1099.34,-13510.0,-78925.0,-82757.5
327973,-205.08,-364.54,1091.66,-26635.0,-76475.0,21507.5
328001,-311.34,-352.09,1100.56,-4585.0,10202.5,83755.0
328030,-367.71,-346.48,1089.58,13317.5,55072.5,125895.0
328058,-370.39,-352.82,1062.38,-10167.5,48912.5,151287.5
328087,-303.66,-361.73,1060.06,-48107.5,37607.5,117512.5
328115,-193.61,-364.05,1101.66,-34650.0,22820.0,59027.5
328144,-70.27,-359.29,1154.73,14192.5,24377.5,6790.0
328173,33.18,-351.36,1180.11,42490.0,-1190.0,-57680.0
328201,74.79,-342.21,1173.52,40145.0,-39952.5,-89127.5
328230,54.17,-329.16,1146.8,26425.0,-24360.0,-100695.0
328258,-33.43,-310.86,1117.03,10010.0,-63455.0,-83790.0
328287,-155.92,-290.36,1109.71,-3097.5,-67462.5,-6247.5
328315,-248.39,-272.06,1107.27,13300.0,9327.5,53637.5
328344,-298.53,-261.08,1080.55,9117.5,42175.0,93205.0
328372,-306.83,-260.71,1047.86,-18287.5,30677.5,110915.0
328401,-263.28,-267.3,1038.95,-39900.0,27265.0,97212.5
328429,-166.29,-273.52,1064.57,-33740.0,16117.5,60235.0
328458,-30.26,-276.45,1112.4,-7385.0,8750.0,4830.0
328487,99.06,-279.38,1153.02,19967.5,-122.5,-71225.0
328516,168.12,-288.77,1166.08,36487.5,-25917.5,-123462.5
328544,166.9,-302.56,1158.88,32322.5,-18410.0,-145950.0
328573,90.16,-311.1,1147.41,20860.0,-45552.5,-141452.5
328601,-51.85,-305.73,1142.41,26967.5,-73132.5,-73727.5
328629,-190.44,-288.41,1131.06,39497.5,-4375.0,20510.0
328658,-272.55,-271.82,1093.73,22365.0,72432.5,86905.0
328686,-299.88,-264.13,1044.2,-19180.0,63245.0,113242.5
328715,-283.77,-265.35,1019.43,-52500.0,25410.0,115937.5
328743,-223.63,-270.72,1044.44,-50802.5,15820.0,98157.5
328772,-109.19,-271.45,1107.39,-15960.0,31675.0,56140.0
328800,21.23,-263.52,1167.54,23905.0,20597.5,-27790.0
328829,105.53,-254.25,1188.77,56805.0,-24797.5,-81060.0
328857,128.22,-248.88,1167.05,51292.5,-43452.5,-110967.5
328886,84.06,-242.17,1126.67,13352.5,-39112.5,-114520.0
328914,-21.96,-228.26,1096.66,-3010.0,-49332.5,-70595.0
328943,-143.11,-210.69,1077.87,1487.5,-23607.5,13247.5
328972,-227.41,-197.03,1053.84,-8242.5,40302.5,74305.0
329001,-263.4,-191.78,1024.43,-28805.0,69090.0,101937.5
329029,-256.08,-194.1,1007.23,-51870.0,67165.0,102252.5
329057,-216.92,-198.37,1018.21,-57260.0,62440.0,79362.5
329086,-147.25,-201.79,1053.1,-34492.5,41160.0,52272.5
329114,-50.39,-203.74,1104.83,-21927.5,4060.0,1015.0
329143,34.53,-206.06,1161.68,3185.0,-21350.0,-53497.5
329171,80.64,-212.52,1198.53,37415.0,-33862.5,-92067.5
329200,91.62,-222.77,1203.16,53410.0,-34475.0,-122587.5
329228,63.56,-231.56,1183.28,45955.0,-42630.0,-136902.5
329257,-3.29,-234.97,1157.78,37222.5,-38360.0,-123900.0
329285,-112.0,-234.24,1125.08,35070.0,-42560.0,-75372.5
329314,-238.51,-231.07,1095.8,2415.0,-9432.5,9205.0
329343,-326.23,-228.63,1077.5,-245.0,31272.5,76965.0
329372,-362.1,-232.29,1051.15,-14210.0,29102.5,109112.5
329400,-346.24,-240.95,1038.34,-35490.0,25060.0,122132.5
329429,-259.25,-245.1,1062.25,-37257.5,24867.5,100870.0
329457,-109.19,-236.8,1115.57,-10307.5,15680.0,37345.0
329485,45.38,-222.16,1159.24,35822.5,5705.0,-48632.5
329514,143.96,-218.14,1155.83,46112.5,-41965.0,-112332.5
329542,161.77,-228.87,1126.06,962.5,-39917.5,-139160.0
329571,94.67,-246.2,1111.3,-28140.0,-13317.5,-129395.0
329599,-49.9,-258.88,1118.01,-9292.5,-32025.0,-75915.0
329628,-212.52,-262.3,1122.77,22260.0,5617.5,20125.0
329656,-316.83,-261.45,1096.54,27282.5,58432.5,95427.5
329685,-351.73,-263.52,1046.76,-11077.5,42052.5,128712.5
329713,-328.06,-269.13,1024.43,-50715.0,16870.0,129150.0
329742,-257.66,-271.82,1043.59,-40215.0,9100.0,98647.5
329770,-149.94,-265.96,1080.92,-20860.0,9502.5,58922.5
329799,-22.2,-252.3,1121.67,-7332.5,18795.0,-9117.5
329828,76.49,-239.85,1154.49,17272.5,-26005.0,-68722.5
329857,112.61,-238.27,1162.9,34667.5,-22995.0,-103495.0
329885,86.5,-242.29,1146.31,20125.0,-13405.0,-116830.0
329913,-5.98,-242.41,1132.89,14035.0,-66115.0,-94412.5
329942,-136.4,-236.56,1126.55,35612.5,-42962.5,-20160.0
329970,-235.46,-227.16,1101.42,31587.5,31185.0,52535.0
329999,-275.72,-219.48,1055.18,3675.0,46882.5,88235.0
330027,-260.1,-216.18,1020.53,-32550.0,35035.0,96180.0
330056,-186.17,-211.79,1030.78,-51870.0,41930.0,69335.0
330084,-73.93,-199.35,1084.46,-25077.5,31132.5,15085.0
330113,25.13,-182.76,1134.72,27265.0,21350.0,-42420.0
330141,73.57,-173.48,1145.46,42910.0,8347.5,-79082.5
330170,57.83,-171.53,1130.94,28385.0,-16257.5,-97755.0
330198,-31.35,-170.43,1108.25,28577.5,-61635.0,-82372.5
330227,-159.82,-165.92,1086.78,19477.5,-53235.0,-10080.0
330255,-261.2,-158.97,1059.08,13807.5,23222.5,59342.5
330284,-314.15,-156.53,1013.21,-13457.5,37607.5,101867.5
330312,-327.08,-162.26,976.85,-43382.5,7997.5,118930.0
330340,-297.68,-174.46,968.07,-45867.5,4637.5,120050.0
330369,-192.76,-186.9,992.84,-48440.0,-4585.0,103040.0
330397,-19.76,-196.91,1053.1,-26057.5,3010.0,3920.0
330426,123.83,-211.43,1106.66,29890.0,-17552.5,-97930.0
330454,191.78,-234.0,1123.99,42332.5,-29312.5,-146755.0
330483,201.3,-260.71,1118.13,23730.0,-12862.5,-172690.0
330511,149.33,-283.89,1106.17,7210.0,-20177.5,-170275.0
330540,29.28,-293.17,1099.1,5862.5,-46725.0,-128275.0
330568,-133.22,-287.55,1093.49,14840.0,-37905.0,-35332.5
330597,-273.4,-277.92,1084.34,10237.5,31885.0,60112.5
330625,-355.14,-276.21,1059.45,3797.5,75792.5,121415.0
330654,-383.08,-288.53,1024.56,-26810.0,49612.5,147525.0
330682,-357.95,-309.88,1013.45,-46007.5,21787.5,150150.0
330711,-270.6,-328.55,1044.2,-47005.0,21770.0,129045.0
330739,-112.97,-334.4,1111.18,-1872.5,16012.5,70595.0
330767,55.02,-333.18,1171.44,58660.0,23380.0,-50120.0
330796,152.5,-336.23,1181.94,82005.0,-28350.0,-116795.0
330824,176.53,-342.58,1153.27,42455.0,-27807.5,-147210.0
330853,131.52,-348.19,1115.93,4480.0,-32550.0,-157342.5
330881,-6.83,-345.99,1092.51,-17115.0,-79117.5,-101780.0
330910,-185.93,-335.5,1093.24,-2100.0,-42280.0,15750.0
330938,-318.05,-325.5,1089.46,15610.0,56770.0,94517.5
330967,-383.81,-323.3,1057.86,1540.0,71452.5,141155.0
330995,-380.52,-331.47,1028.83,-37502.5,39392.5,158900.0
331024,-302.8,-340.99,1045.05,-59482.5,21297.5,120592.5
331052,-173.12,-341.97,1108.25,-28175.0,9677.5,59815.0
331081,-26.47,-335.99,1174.98,26355.0,23765.0,-14647.5
331110,87.96,-330.86,1199.5,63507.5,-16380.0,-88497.5
331139,134.69,-330.86,1177.3,49805.0,-43172.5,-128590.0
331167,106.14,-330.74,1145.95,8820.0,-29610.0,-136167.5
331195,1.71,-321.84,1127.65,7525.0,-43557.5,-100905.0
331224,-141.15,-302.32,1111.66,14910.0,-37502.5,-34545.0
331252,-265.23,-277.18,1090.44,11795.0,20667.5,32445.0
331281,-343.31,-255.1,1054.93,5985.0,54670.0,82110.0
331309,-376.74,-243.51,1013.94,-26215.0,35787.5,110705.0
331338,-371.12,-242.29,997.59,-46917.5,23082.5,113907.5
331366,-323.79,-245.46,1015.65,-46655.0,29032.5,105157.5
331395,-223.63,-244.0,1058.23,-26932.5,10990.0,66657.5
331423,-90.04,-235.46,1108.98,-4357.5,-1540.0,-665.0
331452,21.96,-227.16,1144.48,22277.5,-10307.5,-62387.5
331480,78.81,-227.16,1148.63,38045.0,-24342.5,-101132.5
331509,85.77,-232.78,1137.28,26565.0,-26162.5,-117407.5
331537,45.63,-233.75,1127.89,18060.0,-43540.0,-117845.0
331566,-52.46,-223.02,1114.59,12442.5,-54582.5,-90020.0
331595,-184.95,-201.79,1096.17,3517.5,-34072.5,-24797.5
331623,-293.41,-178.49,1076.41,2607.5,3465.0,37502.5
331652,-354.9,-162.02,1049.93,-1382.5,29190.0,73360.0
331680,-383.32,-156.65,1023.95,-20247.5,31080.0,98472.5
331709,-368.68,-160.06,1017.6,-36085.0,36592.5,111790.0
331737,-314.76,-165.68,1038.71,-30870.0,27720.0,91980.0
331766,-221.19,-168.12,1073.6,-7647.5,15662.5,72415.0
331794,-96.62,-164.09,1111.18,3885.0,13020.0,-140.0
331823,0.24,-156.65,1132.04,32427.5,-8015.0,-55772.5
331852,41.48,-149.57,1115.69,36872.5,-24027.5,-88007.5
331881,17.69,-140.67,1078.97,332.5,-22977.5,-97317.5
331910,-75.64,-127.98,1058.96,-30345.0,-54705.0,-60567.5
331939,-190.32,-111.75,1064.33,-13912.5,-45115.0,8522.5
331967,-270.72,-97.36,1060.3,13125.0,22557.5,56630.0
331996,-308.17,-92.48,1031.39,2380.0,45955.0,88287.5
332025,-281.33,-96.99,1012.36,-39025.0,30257.5,102025.0
332053,-182.88,-103.46,1045.17,-54845.0,5635.0,47897.5
332082,-56.61,-108.34,1110.2,6317.5,11795.0,-16852.5
332110,43.68,-114.19,1143.02,63962.5,11952.5,-79240.0
332139,82.47,-120.29,1123.62,52377.5,-13230.0,-113732.5
332167,53.19,-126.03,1089.95,1120.0,-23170.0,-117600.0
332196,-38.92,-127.98,1072.87,-10605.0,-60462.5,-86940.0
332224,-158.6,-122.98,1067.5,8347.5,-56560.0,-16012.5
332253,-255.35,-116.51,1049.93,16870.0,14262.5,49647.5
332281,-313.05,-115.9,1013.09,-9030.0,41895.0,93345.0
332310,-339.16,-128.71,980.15,-36767.5,14105.0,130357.5
332338,-295.61,-152.26,981.25,-50540.0,4760.0,149887.5
332367,-167.38,-170.56,1026.75,-44835.0,19967.5,64365.0
332395,-17.32,-179.58,1086.53,8435.0,17272.5,-19442.5
332424,106.14,-189.47,1120.94,46060.0,12215.0,-91805.0
332453,176.9,-208.13,1114.47,45972.5,-16082.5,-152215.0
332481,175.56,-233.02,1089.7,7507.5,-19565.0,-178115.0
332510,91.13,-254.61,1076.53,-12162.5,-36417.5,-161070.0
332538,-63.93,-266.81,1078.72,5477.5,-71417.5,-84560.0
332567,-226.8,-269.62,1085.07,20650.0,-20667.5,21490.0
332595,-336.11,-271.57,1072.87,25637.5,59745.0,101972.5
332624,-384.79,-283.28,1036.39,-315.0,63105.0,148750.0
332652,-378.69,-306.46,1007.96,-35875.0,27597.5,164762.5
332681,-308.66,-332.45,1015.77,-51537.5,6702.5,153510.0
332709,-166.41,-350.75,1058.96,-42367.5,4812.5,102165.0
332738,9.64,-359.9,1118.37,-5862.5,45290.0,-12810.0
332767,142.98,-369.54,1155.46,60427.5,11410.0,-108535.0
332796,197.03,-387.23,1151.68,70367.5,-41335.0,-165620.0
332824,175.07,-406.75,1123.99,36032.5,-18042.5,-181597.5
332853,67.83,-418.95,1093.97,7332.5,-24535.0,-155540.0
332882,-100.04,-417.12,1082.87,-3115.0,-53340.0,-53795.0
332910,-247.54,-404.8,1080.8,11217.5,5530.0,41807.5
332939,-338.06,-394.43,1056.89,15207.5,58082.5,101552.5
332967,-372.59,-394.43,1015.41,-22872.5,55317.5,138460.0
332996,-352.21,-404.8,1001.13,-73237.5,31412.5,141137.5
333024,-265.11,-414.68,1039.81,-79152.5,32585.0,112210.0
333053,-123.71,-413.34,1109.22,-35875.0,7560.0,30065.0
333081,11.96,-405.53,1165.1,26792.5,-15715.0,-48842.5
333110,101.02,-402.23,1175.84,53217.5,-26215.0,-110845.0
333138,126.51,-407.72,1151.44,40057.5,-45010.0,-148557.5
333167,77.59,-417.0,1125.33,1365.0,-59990.0,-153422.5
333195,-43.07,-419.31,1123.01,-18392.5,-94990.0,-103145.0
333224,-192.64,-410.16,1140.09,8925.0,-54267.5,-11147.5
333252,-307.93,-397.96,1143.38,30940.0,51047.5,73132.5
333281,-366.49,-393.08,1115.32,19355.0,85435.0,128380.0
333309,-373.2,-399.43,1080.19,-17605.0,61442.5,149555.0
333337,-326.23,-411.87,1077.26,-48965.0,49595.0,139877.5
333365,-239.85,-419.68,1121.67,-51275.0,65800.0,88287.5
333393,-141.52,-417.24,1183.89,-3640.0,56402.5,34930.0
333422,-57.46,-406.14,1224.39,40985.0,19337.5,-23642.5
333450,-15.01,-389.91,1226.83,62370.0,-32585.0,-64680.0
333479,-25.86,-369.66,1195.48,52780.0,-64102.5,-81025.0
333507,-94.92,-343.92,1149.0,24062.5,-87307.5,-64995.0
333536,-198.25,-317.2,1113.25,-6072.5,-51625.0,595.0
333564,-282.92,-295.48,1089.09,-13405.0,37817.5,61635.0
333593,-316.96,-283.77,1063.84,-20755.0,60602.5,96355.0
333621,-276.57,-280.6,1058.72,-41300.0,48195.0,88270.0
333650,-179.83,-278.4,1099.22,-48457.5,15977.5,25777.5
333678,-74.42,-275.96,1164.86,7000.0,-5670.0,-28735.0
333707,11.35,-279.87,1203.77,63927.5,-5390.0,-87027.5
333736,51.24,-289.87,1198.77,72852.5,-21490.0,-129377.5
333764,35.5,-298.05,1168.27,53165.0,-12530.0,-145057.5
333793,-41.72,-299.63,1126.18,35857.5,-24307.5,-131950.0
333821,-174.09,-293.29,1082.38,17692.5,-50015.0,-68075.0
333850,-312.56,-281.21,1053.1,-9292.5,-17640.0,20807.5
333878,-408.21,-270.6,1032.12,-13107.5,31045.0,87745.0
333907,-455.55,-269.62,1000.64,-17552.5,29872.5,125632.5
333935,-463.6,-280.84,974.78,-41965.0,17255.0,139860.0
333964,-429.44,-297.31,980.15,-46935.0,18637.5,133892.5
333992,-340.26,-310.12,1016.99,-20195.0,23677.5,109445.0
334021,-198.37,-310.98,1071.4,-4252.5,12880.0,41387.5
334049,-57.46,-302.8,1127.16,15260.0,-25497.5,-38342.5
334078,29.28,-297.31,1161.2,31080.0,-39270.0,-93467.5
334106,56.0,-298.41,1169.74,26652.5,-40652.5,-128852.5
334135,22.2,-300.85,1161.81,27142.5,-39900.0,-146877.5
334163,-79.06,-295.24,1145.7,26215.0,-65572.5,-115815.0
334192,-216.55,-279.01,1130.45,27492.5,-46007.5,-37380.0
334220,-334.28,-259.49,1105.69,31290.0,-3150.0,41737.5
334248,-406.38,-248.27,1066.52,6912.5,29032.5,102900.0
334277,-420.41,-250.83,1031.75,-25375.0,39445.0,143517.5
334305,-364.78,-261.2,1025.53,-52692.5,24220.0,136762.5
334334,-254.98,-268.77,1050.42,-32882.5,-7647.5,101605.0
334362,-99.31,-269.38,1080.8,-5302.5,9187.5,35297.5
334391,42.58,-264.98,1099.95,2852.5,9187.5,-66710.0
334420,106.14,-261.2,1105.32,11970.0,-11095.0,-102095.0
334449,103.09,-257.79,1098.98,8995.0,2152.5,-122097.5
334478,32.7,-249.37,1093.73,5670.0,-25060.0,-111842.5
334507,-83.69,-235.95,1093.36,15452.5,-41947.5,-54127.5
334535,-200.08,-220.33,1082.63,30922.5,-437.5,16117.5
334564,-282.06,-209.84,1050.05,18865.0,45150.0,84490.0
334593,-301.83,-210.57,1010.89,-18235.0,47372.5,129867.5
334621,-241.32,-216.31,999.06,-56420.0,23292.5,105280.0
334650,-133.83,-217.4,1029.19,-46462.5,-1207.5,47460.0
334678,-9.76,-213.99,1073.84,-6002.5,25445.0,892.5
334707,101.14,-210.82,1097.27,16292.5,38867.5,-65782.5
334735,152.62,-212.52,1095.44,22260.0,7840.0,-104282.5
334764,137.62,-219.97,1086.04,5985.0,-4742.5,-125370.0
334792,63.2,-221.43,1090.68,2065.0,-23730.0,-113400.0
334821,-59.05,-213.74,1093.36,43347.5,-46602.5,-61897.5
334849,-185.56,-200.81,1082.26,33442.5,-2292.5,14595.0
334878,-263.89,-186.54,1052.74,28875.0,63577.5,72660.0
334906,-292.43,-178.49,1004.06,-10342.5,34475.0,95760.0
334935,-277.67,-177.75,979.66,-45272.5,857.5,104265.0
334964,-210.33,-179.46,1003.57,-47722.5,17115.0,80377.5
334993,-105.29,-176.17,1057.01,-18882.5,27002.5,33232.5
335021,-0.49,-167.87,1104.59,20492.5,22960.0,-26320.0
335049,63.68,-160.31,1117.64,49210.0,140.0,-73815.0
335078,71.86,-154.7,1093.24,42472.5,-4252.5,-95690.0
335106,15.37,-147.86,1049.44,11987.5,-3867.5,-98612.5
335135,-100.04,-139.69,1017.97,-14962.5,-56262.5,-40110.0
335163,-212.89,-130.54,1009.18,-12862.5,-26705.0,35525.0
335192,-277.92,-123.1,995.28,1977.5,35455.0,72467.5
335220,-293.17,-119.8,970.39,-19162.5,44677.5,92260.0
335249,-255.1,-119.8,961.24,-53637.5,35385.0,76737.5
335277,-186.42,-118.95,993.32,-69912.5,39777.5,35297.5
335306,-114.8,-116.27,1059.57,-26582.5,50820.0,4760.0
335334,-70.15,-113.95,1119.35,57452.5,32812.5,-40792.5
335363,-73.08,-115.05,1116.54,78662.5,9397.5,-50067.5
335392,-119.32,-113.83,1074.58,20807.5,-60217.5,-53830.0
335421,-196.66,-105.53,1040.9,14717.5,-63000.0,-31622.5
335449,-280.72,-97.72,999.91,11270.0,-49980.0,19652.5
335477,-341.11,-96.87,956.85,-19022.5,-11427.5,69860.0
335506,-348.8,-102.48,932.57,-41685.0,-3150.0,93100.0
335534,-289.99,-109.92,943.18,-53007.5,-20317.5,77332.5
335563,-181.29,-113.95,990.64,-35402.5,-28332.5,24657.5
335591,-58.32,-115.78,1045.42,9450.0,-6965.0,-33687.5
335620,45.38,-122.73,1071.65,41825.0,-3027.5,-98035.0
335648,94.55,-139.69,1063.23,42595.0,-11007.5,-141977.5
335677,76.37,-159.33,1038.71,14752.5,-5285.0,-151200.0
335705,-16.59,-173.48,1020.04,-280.0,-46130.0,-121677.5
335734,-164.94,-181.41,1014.92,5197.5,-67970.0,-39322.5
335762,-300.85,-184.71,1020.41,5285.0,-2205.0,56945.0
335791,-376.25,-191.78,1012.84,11375.0,61565.0,121292.5
335819,-385.64,-208.99,988.44,-14402.5,61302.5,145372.5
335848,-320.13,-228.38,991.62,-49315.0,46112.5,123305.0
335876,-197.88,-238.39,1043.83,-46182.5,29557.5,61477.5
335904,-71.49,-237.66,1112.76,4830.0,25305.0,-2135.0
335933,4.51,-234.24,1146.8,52762.5,17412.5,-55737.5
335961,-0.85,-228.14,1134.6,49822.5,175.0,-73395.0
335990,-79.79,-215.09,1110.81,28490.0,-37765.0,-57242.5
336018,-189.71,-197.03,1093.36,40652.5,-51905.0,-5845.0
336047,-280.6,-179.46,1056.03,49000.0,11532.5,56035.0
336075,-330.38,-168.97,988.08,3675.0,42157.5,102900.0
336104,-340.26,-170.31,930.62,-49717.5,15347.5,125160.0
336132,-301.1,-183.0,915.0,-67287.5,8400.0,122587.5
336161,-202.52,-197.03,944.77,-71802.5,10115.0,68810.0
336189,-79.42,-206.91,1004.55,-40862.5,-10150.0,-3377.5
336218,36.23,-218.38,1057.5,7052.5,-13440.0,-61337.5
336247,129.32,-236.8,1085.07,20212.5,-19827.5,-119700.0
336276,174.46,-264.5,1097.27,19530.0,-26985.0,-162190.0
336304,160.8,-295.12,1098.37,19810.0,-21245.0,-180512.5
336332,68.93,-316.47,1081.29,10780.0,-39427.5,-165392.5
336361,-91.38,-319.52,1070.43,-12215.0,-69212.5,-71942.5
336389,-250.59,-309.64,1083.48,-1137.5,-14770.0,36102.5
336418,-355.02,-307.07,1082.14,28822.5,58380.0,114992.5
336446,-389.42,-321.35,1053.35,5862.5,76492.5,163415.0
336475,-345.75,-344.28,1036.51,-34440.0,52587.5,160720.0
336503,-227.16,-363.07,1062.13,-42210.0,1435.0,120102.5
336532,-57.58,-372.22,1119.23,-6387.5,5197.5,31482.5
336561,99.06,-379.18,1161.93,43942.5,9870.0,-72695.0
336590,187.64,-392.6,1165.47,50400.0,-22890.0,-134890.0
336618,202.64,-410.29,1151.19,26057.5,-26407.5,-164570.0
336647,142.74,-422.24,1135.58,21000.0,-31255.0,-157850.0
336675,26.35,-418.34,1118.74,15085.0,-35752.5,-104860.0
336704,-110.78,-399.18,1106.42,2292.5,-21490.0,-36277.5
336733,-231.31,-374.05,1098.49,2730.0,11147.5,35945.0
336761,-311.22,-354.29,1076.53,7542.5,45255.0,88095.0
336790,-354.29,-348.43,1040.9,-14157.5,38640.0,122150.0
336818,-362.34,-356.73,1019.92,-36680.0,20300.0,138337.5
336847,-305.0,-371.61,1034.19,-40460.0,33565.0,136867.5
336875,-167.51,-379.3,1087.02,-32550.0,41912.5,77192.5
336904,0.98,-375.52,1156.07,6685.0,37660.0,-14577.5
336933,126.64,-372.83,1196.94,56630.0,175.0,-94902.5
336962,167.87,-381.86,1190.6,64522.5,-43085.0,-138320.0
336990,127.61,-392.6,1166.08,34422.5,-41125.0,-144305.0
337019,18.06,-390.16,1145.34,21892.5,-51187.5,-120820.0
337047,-140.18,-372.1,1125.94,21840.0,-67987.5,-50750.0
337076,-279.99,-347.21,1105.81,16082.5,-6615.0,47687.5
337105,-353.68,-327.94,1071.77,3272.5,66815.0,101955.0
337134,-376.49,-319.27,1027.97,-21805.0,43365.0,125877.5
337162,-345.02,-320.49,1000.16,-41370.0,4252.5,139020.0
337190,-221.55,-324.03,1018.7,-57452.5,-1085.0,94570.0
337219,-44.77,-322.81,1081.16,-34177.5,23082.5,-10377.5
337247,89.79,-323.3,1130.09,30205.0,18322.5,-92872.5
337276,143.11,-333.67,1137.53,44660.0,-15977.5,-145092.5
337304,118.1,-350.26,1127.04,20125.0,-29242.5,-165077.5
337333,12.57,-358.92,1122.16,12250.0,-70087.5,-136377.5
337361,-142.13,-351.6,1119.84,23712.5,-56175.0,-48440.0
337390,-277.92,-337.7,1101.17,20667.5,14000.0,48702.5
337418,-366.73,-333.18,1063.6,-12390.0,55072.5,115937.5
337447,-405.41,-346.97,1032.49,-45097.5,27667.5,162977.5
337475,-374.78,-371.86,1034.19,-51415.0,24692.5,167912.5
337504,-263.64,-391.86,1068.23,-34317.5,16712.5,121152.5
337532,-93.94,-397.96,1117.76,-3745.0,-13562.5,47250.0
337561,82.47,-396.5,1156.32,27580.0,-15645.0,-49875.0
337590,207.52,-401.5,1163.15,41545.0,-36995.0,-127855.0
337618,259.01,-417.0,1143.51,31045.0,-43960.0,-172462.5
337647,226.19,-436.76,1116.91,-455.0,-14927.5,-185027.5
337675,86.01,-446.89,1108.74,-5775.0,-43610.0,-134470.0
337704,-117.73,-441.76,1118.01,14927.5,-20720.0,-24535.0
337732,-290.73,-431.51,1117.4,11917.5,75652.5,74672.5
337761,-382.59,-428.22,1083.36,-2432.5,91752.5,138740.0
337789,-403.09,-439.69,1040.54,-50102.5,36242.5,155452.5
337818,-354.9,-464.33,1041.64,-82652.5,32287.5,157132.5
337846,-226.92,-487.27,1091.41,-73867.5,26320.0,113102.5
337875,-51.0,-496.3,1164.37,-32497.5,27090.0,32760.0
337903,105.53,-498.25,1222.68,27772.5,-8470.0,-67270.0
337932,192.03,-508.01,1240.25,56140.0,-52587.5,-133420.0
337960,215.7,-526.06,1227.56,44800.0,-36137.5,-169995.0
337988,175.19,-542.41,1201.33,31010.0,-30887.5,-192255.0
338016,39.53,-549.37,1169.25,14700.0,-56945.0,-151602.5
338044,-156.89,-544.97,1146.07,-7017.5,-41037.5,-32830.0
338073,-318.18,-536.31,1133.26,-5547.5,40740.0,81672.5
338101,-401.38,-534.24,1107.39,-10237.5,69982.5,146387.5
338130,-419.44,-544.36,1077.75,-37957.5,47407.5,169995.0
338158,-365.27,-564.98,1082.63,-64032.5,39357.5,175385.0
338187,-234.97,-580.72,1132.28,-53707.5,28402.5,109847.5
338215,-75.76,-582.43,1205.48,-1225.0,17272.5,20160.0
338244,60.76,-579.5,1259.41,61442.5,3867.5,-63157.5
338273,142.98,-581.7,1256.84,82530.0,-47915.0,-128397.5
338302,156.89,-584.87,1211.7,39707.5,-64207.5,-162295.0
338330,94.18,-582.31,1167.3,-9222.5,-50715.0,-157937.5
338359,-54.53,-574.13,1152.17,-29820.0,-76807.5,-103897.5
338387,-244.49,-561.44,1170.47,-14035.0,-45990.0,2065.0
338415,-391.01,-552.9,1182.55,23432.5,41807.5,110460.0
338444,-451.4,-558.15,1157.41,12302.5,99610.0,170170.0
338472,-428.22,-573.16,1127.77,-30030.0,90457.5,168087.5
338501,-336.72,-585.84,1136.19,-46795.0,39340.0,127925.0
338529,-192.27,-587.92,1196.58,-26670.0,27265.0,65030.0
338558,-27.82,-577.67,1273.31,26425.0,38377.5,-20370.0
338586,97.84,-568.28,1306.99,67375.0,-38517.5,-101115.0
338615,153.96,-574.13,1285.15,57260.0,-83492.5,-153440.0
338643,129.56,-591.09,1241.47,15680.0,-56507.5,-182157.5
338672,-1.59,-603.41,1214.39,-11410.0,-86817.5,-152372.5
338700,-206.3,-602.07,1223.17,-13177.5,-106400.0,-49682.5
338729,-384.3,-592.92,1238.54,21962.5,-350.0,67112.5
338758,-476.65,-590.48,1211.22,23065.0,87500.0,147315.0
338787,-488.49,-603.78,1163.27,-25165.0,79590.0,180757.5
338815,-427.85,-626.59,1150.34,-54425.0,68617.5,170257.5
338843,-289.02,-641.23,1191.33,-50505.0,60077.5,116602.5
338871,-95.53,-635.74,1274.05,-20160.0,43487.5,22102.5
338899,72.96,-624.03,1342.73,45710.0,-19075.0,-84980.0
338928,155.06,-629.89,1348.95,66692.5,-90125.0,-147542.5
338956,153.35,-651.36,1310.28,38045.0,-66360.0,-175700.0
338985,61.98,-668.32,1269.04,17.5,-74497.5,-169452.5
339014,-119.19,-670.39,1262.21,-23222.5,-100310.0,-87150.0
339043,-307.44,-659.53,1286.86,4515.0,-9047.5,38552.5
339071,-421.27,-649.16,1282.46,32182.5,75390.0,121730.0
339100,-456.65,-649.53,1244.03,6195.0,63472.5,159635.0
339128,-423.71,-657.82,1220.37,-18847.5,61582.5,169085.0
339157,-310.12,-664.17,1239.76,-37275.0,55387.5,136500.0
339185,-137.25,-657.34,1307.35,-10937.5,28682.5,51957.5
339213,28.06,-640.99,1376.4,63717.5,5390.0,-40687.5
339242,133.47,-628.79,1382.26,109182.5,-50925.0,-114747.5
339270,166.16,-622.93,1325.16,68792.5,-71890.0,-157885.0
339299,118.1,-617.93,1262.82,1697.5,-45692.5,-165410.0
339327,-22.33,-608.78,1238.3,-15032.5,-71207.5,-115377.5
339356,-207.4,-592.43,1236.47,5407.5,-38622.5,-17080.0
339384,-356.73,-573.52,1215.36,12705.0,34877.5,80185.0
339413,-437.98,-563.76,1168.76,-13125.0,56157.5,148032.5
339441,-453.84,-570.84,1130.45,-48475.0,46200.0,180075.0
339470,-391.13,-584.99,1133.26,-56857.5,59255.0,159792.5
339498,-244.37,-586.33,1179.5,-37940.0,40827.5,84140.0
339527,-51.97,-570.23,1249.77,-2327.5,7752.5,-12687.5
339556,108.7,-555.1,1296.74,39725.0,-30695.0,-108412.5
339584,185.2,-559.25,1296.37,42157.5,-62335.0,-163065.0
339612,180.8,-578.52,1275.63,16222.5,-46200.0,-182052.5
339640,88.94,-595.24,1261.24,4270.0,-56367.5,-168490.0
339669,-84.79,-596.82,1260.02,7140.0,-73552.5,-86817.5
339697,-259.86,-582.18,1259.04,20090.0,4182.5,26057.5
339726,-366.98,-564.74,1229.76,23835.0,65817.5,102182.5
339754,-409.31,-556.44,1180.11,-11742.5,62842.5,141750.0
339783,-391.62,-557.05,1156.8,-40547.5,59062.5,155400.0
339811,-309.64,-553.15,1184.86,-31517.5,72572.5,117512.5
339840,-179.83,-531.43,1244.4,7700.0,62405.0,59500.0
339869,-31.96,-496.17,1300.52,38990.0,42542.5,-16695.0
339898,88.82,-466.28,1324.31,68915.0,-28595.0,-88725.0
339927,144.08,-457.5,1303.94,55930.0,-81672.5,-137270.0
339955,119.8,-462.75,1269.04,14665.0,-63035.0,-149975.0
339983,6.95,-468.11,1243.18,7735.0,-54635.0,-124092.5
340011,-169.95,-465.06,1229.52,6440.0,-59797.5,-38587.5
340040,-325.01,-451.4,1214.51,11970.0,20510.0,50942.5
340068,-408.09,-436.39,1171.69,5617.5,65870.0,100397.5
340097,-439.44,-430.29,1117.28,-33442.5,52307.5,130725.0
340125,-429.44,-431.15,1098.12,-58257.5,40530.0,138670.0
340154,-384.3,-432.0,1109.1,-39025.0,47985.0,122990.0
340182,-289.38,-425.05,1133.62,-37957.5,31010.0,99260.0
340211,-136.52,-404.8,1187.06,-38150.0,17412.5,27860.0
340239,15.62,-381.25,1255.14,-4375.0,-30257.5,-59640.0
340268,110.29,-376.13,1293.69,48090.0,-69265.0,-120487.5
340296,134.81,-393.45,1281.12,45010.0,-65625.0,-158795.0
340324,72.47,-415.78,1255.38,8330.0,-51817.5,-161105.0
340353,-88.08,-424.44,1249.52,822.5,-56175.0,-97562.5
340381,-267.79,-415.17,1244.4,28822.5,23397.5,8067.5
340410,-377.35,-399.18,1200.11,35262.5,90947.5,72170.0
340438,-425.78,-388.57,1133.75,-18165.0,82600.0,100152.5
340467,-436.03,-386.37,1095.32,-62282.5,65747.5,117127.5
340495,-409.68,-386.86,1095.19,-70525.0,54617.5,113137.5
340524,-341.72,-383.08,1122.77,-52307.5,24867.5,98402.5
340552,-232.9,-370.03,1168.03,-36820.0,-175.0,57890.0
340581,-96.5,-350.14,1229.27,-17552.5,-38920.0,-9537.5
340609,14.4,-340.99,1283.44,33827.5,-61197.5,-88217.5
340638,57.34,-347.82,1300.89,70910.0,-44327.5,-127365.0
340666,28.3,-356.48,1274.41,63735.0,-38500.0,-140875.0
340694,-90.65,-353.8,1221.59,18392.5,-80290.0,-99487.5
340723,-266.57,-336.23,1182.91,-32025.0,-45167.5,-7472.5
340751,-412.12,-314.03,1167.78,-32567.5,14892.5,81917.5
340780,-481.66,-304.02,1143.51,-25725.0,52027.5,135537.5
340808,-476.53,-311.34,1114.71,-37905.0,88970.0,149397.5
340837,-412.85,-323.79,1117.03,-42595.0,80360.0,119122.5
340865,-310.12,-335.62,1156.8,-25812.5,46987.5,73797.5
340894,-185.44,-343.55,1217.07,11392.5,64312.5,4865.0
340922,-83.2,-344.89,1264.53,50697.5,10710.0,-62072.5
340951,-37.33,-348.8,1279.78,56770.0,-44222.5,-100257.5
340979,-44.53,-356.12,1268.31,52640.0,-32410.0,-117670.0
341008,-107.97,-357.22,1223.05,53777.5,-37380.0,-112770.0
341036,-233.63,-340.87,1157.54,23117.5,-76650.0,-72782.5
341064,-375.88,-314.39,1108.98,-16135.0,-3325.0,11707.5
341093,-469.82,-293.41,1072.38,-16695.0,4077.5,71750.0
341121,-506.3,-282.06,1037.73,-30030.0,-14927.5,102392.5
341149,-484.46,-282.19,1021.14,-50050.0,-7892.5,117565.0
341177,-397.48,-289.38,1036.02,-54075.0,-17185.0,89635.0
341206,-264.13,-294.63,1074.82,-33617.5,-10727.5,42087.5
341234,-116.75,-298.53,1112.88,-6632.5,-19915.0,-35577.5
341263,-10.98,-307.32,1136.55,23415.0,-40460.0,-103442.5
341291,29.28,-320.62,1126.79,44590.0,-17640.0,-138180.0
341320,-8.17,-333.06,1091.66,5477.5,15767.5,-158340.0
341349,-147.38,-333.91,1068.11,-16135.0,-105.0,-115500.0
341378,-317.93,-323.91,1070.67,-3902.5,-8137.5,-10220.0
341406,-429.44,-313.17,1059.94,30047.5,16467.5,65922.5
341434,-473.97,-308.42,1022.6,-4725.0,23870.0,110897.5
341463,-454.82,-314.39,1006.38,-31185.0,37292.5,129220.0
341491,-364.54,-323.06,1025.78,-38202.5,-5827.5,108640.0
341520,-220.58,-326.96,1068.96,-23835.0,5337.5,56455.0
341548,-56.12,-330.86,1111.66,15190.0,19722.5,-25025.0
341577,71.98,-344.41,1123.01,38447.5,-38902.5,-116025.0
341605,114.07,-369.9,1101.54,14017.5,-54092.5,-165042.5
341634,56.85,-394.79,1083.6,-22435.0,-14035.0,-164377.5
341662,-99.67,-403.21,1095.32,-13527.5,-51065.0,-97457.5
341691,-272.3,-396.26,1121.67,28157.5,-32427.5,17500.0
341719,-384.54,-384.3,1116.3,46025.0,16380.0,82267.5
341748,-437.13,-378.32,1080.92,17447.5,9555.0,140000.0
341777,-423.95,-386.13,1057.86,-3080.0,3727.5,166862.5
341805,-338.92,-401.5,1060.18,-7455.0,17552.5,147297.5
341834,-195.57,-413.34,1081.41,4235.0,22452.5,88532.5
341862,-25.13,-419.44,1105.44,19670.0,17325.0,6317.5
341891,121.15,-426.27,1109.71,32550.0,-13195.0,-93695.0
341919,199.71,-438.71,1085.07,8557.5,-23852.5,-161910.0
341948,177.88,-454.57,1059.45,-35717.5,-5477.5,-180407.5
341976,41.24,-461.04,1074.09,-37117.5,9205.0,-124932.5
342005,-147.38,-448.96,1103.0,25305.0,3552.5,-26635.0
342033,-298.78,-428.22,1082.02,47092.5,34615.0,64120.0
342062,-382.1,-415.29,1020.04,-4200.0,26057.5,127785.0
342090,-400.77,-420.41,983.08,-53567.5,-6510.0,164150.0
342119,-350.63,-437.98,996.25,-38360.0,9730.0,151707.5
342148,-229.48,-454.82,1030.66,-20300.0,13825.0,105840.0
342177,-57.58,-463.6,1073.36,-17010.0,14595.0,23852.5
342206,104.43,-466.65,1106.78,12670.0,11217.5,-73622.5
342234,198.74,-472.26,1109.1,39672.5,-192.5,-136815.0
342263,210.82,-484.1,1074.82,41545.0,11725.0,-163362.5
342291,114.44,-500.69,1027.48,-9905.0,-3115.0,-170922.5
342320,-84.91,-503.49,1038.22,-31010.0,-101150.0,-84420.0
342348,-272.55,-489.1,1073.36,47530.0,-17447.5,42332.5
342377,-372.34,-477.02,1042.86,44415.0,62142.5,118370.0
342405,-402.23,-476.53,987.96,-26092.5,19197.5,150710.0
342434,-359.66,-491.17,983.44,-50452.5,-682.5,155452.5
342462,-231.92,-507.4,1030.53,-27702.5,27405.0,104825.0
342491,-43.68,-512.77,1095.07,7490.0,52202.5,17185.0
342520,135.91,-516.18,1140.94,49157.5,19250.0,-89145.0
342549,235.95,-531.68,1138.99,62650.0,-37187.5,-168140.0
342577,228.75,-560.22,1104.47,25025.0,-24517.5,-196612.5
342605,90.04,-587.06,1076.16,-15365.0,-38972.5,-179515.0
342633,-135.18,-591.33,1092.75,-13247.5,-85540.0,-62107.5
342661,-322.57,-576.69,1108.74,46847.5,11515.0,60777.5
342690,-420.17,-565.59,1063.23,25917.5,37485.0,136465.0
342718,-442.62,-569.13,1011.26,-30012.5,6807.5,170467.5
342747,-386.86,-585.6,1006.62,-40040.0,15592.5,173302.5
342775,-246.93,-598.53,1042.12,-31185.0,34597.5,116987.5
342804,-55.27,-595.36,1096.05,-1137.5,51835.0,21875.0
342832,124.32,-586.33,1137.77,40355.0,20195.0,-82337.5
342861,230.82,-592.19,1140.33,44397.5,-56140.0,-164535.0
342889,227.9,-615.86,1123.25,15872.5,-40775.0,-191975.0
342918,118.95,-639.28,1105.44,2432.5,6492.5,-163695.0
342947,-78.57,-642.09,1097.76,-11217.5,-61127.5,-85837.5
342975,-278.16,-626.1,1100.32,10902.5,-23362.5,35105.0
343004,-397.6,-612.93,1073.84,17797.5,24377.5,113347.5
343032,-447.98,-614.64,1032.12,-22942.5,11917.5,162802.5
343061,-437.13,-629.89,1019.31,-34125.0,19565.0,185902.5
343089,-374.54,-650.26,1027.97,-22330.0,21647.5,171832.5
343118,-259.13,-667.34,1051.03,-18007.5,14892.5,119525.0
343146,-103.7,-672.59,1086.53,-8977.5,13807.5,41090.0
343175,60.15,-669.29,1125.82,1190.0,-1260.0,-36435.0
343204,189.1,-672.71,1157.78,25585.0,-30502.5,-121415.0
343233,243.88,-687.47,1163.15,42595.0,-34597.5,-170852.5
343261,229.6,-707.11,1137.28,26460.0,-14910.0,-189682.5
343290,118.58,-716.26,1104.59,-8137.5,-34177.5,-189822.5
343318,-85.16,-700.4,1104.34,-28332.5,-77245.0,-88235.0
343347,-276.82,-665.51,1123.5,13370.0,-5267.5,33862.5
343376,-392.96,-635.86,1109.22,37030.0,45150.0,112385.0
343404,-442.86,-627.2,1067.74,8855.0,43767.5,156065.0
343433,-435.42,-642.33,1046.03,-22015.0,32480.0,179900.0
343461,-342.21,-669.54,1068.96,-35560.0,15067.5,160440.0
343490,-182.15,-688.93,1125.08,-19827.5,7472.5,80587.5
343518,-11.71,-694.18,1175.47,29995.0,29925.0,4060.0
343547,127.12,-693.08,1196.82,49332.5,-27982.5,-81795.0
343575,203.13,-691.98,1183.28,52605.0,-51467.5,-134487.5
343604,226.43,-688.81,1133.14,16905.0,-24395.0,-163415.0
343632,172.14,-684.66,1081.77,-43347.5,-31657.5,-178342.5
343661,4.39,-671.37,1086.04,-65730.0,-78855.0,-108500.0
343689,-194.47,-646.11,1135.21,-8487.5,-20737.5,12162.5
343718,-328.67,-620.86,1150.09,33967.5,46340.0,88655.0
343747,-392.84,-606.22,1116.18,14805.0,47845.0,142432.5
343776,-386.01,-610.61,1089.09,-15207.5,44800.0,170082.5
343804,-300.85,-625.13,1098.37,-25112.5,31237.5,141925.0
343832,-152.99,-634.89,1140.7,-16537.5,6072.5,76947.5
343861,13.3,-635.99,1189.38,13632.5,11550.0,-9310.0
343889,144.94,-634.03,1208.29,41580.0,-9485.0,-88252.5
343918,217.04,-636.35,1183.4,34020.0,-29680.0,-142152.5
343946,222.16,-642.21,1137.16,-12985.0,-23712.5,-168157.5
343975,136.03,-643.92,1111.42,-44432.5,-36470.0,-161245.0
344003,-39.04,-634.16,1133.14,-33705.0,-90632.5,-85592.5
344032,-221.55,-611.83,1171.2,20877.5,-6422.5,24657.5
344060,-340.5,-589.99,1164.61,47915.0,51117.5,103740.0
344089,-392.11,-583.4,1121.3,18375.0,37467.5,152320.0
344117,-380.76,-594.26,1090.8,-10115.0,31167.5,171342.5
344146,-299.88,-613.66,1088.97,-24272.5,26845.0,157132.5
344174,-152.26,-629.76,1115.45,-23590.0,10972.5,93012.5
344202,18.91,-636.72,1158.02,2415.0,2852.5,-805.0
344231,156.65,-639.77,1186.69,30502.5,-9257.5,-81795.0
344259,235.46,-647.09,1181.81,34055.0,-17185.0,-139527.5
344288,249.49,-656.85,1151.8,8680.0,-9940.0,-177677.5
344316,166.41,-659.78,1127.52,-11620.0,-17027.5,-181807.5
344345,-23.67,-644.89,1129.11,-8137.5,-61495.0,-100765.0
344373,-224.72,-613.42,1137.16,16065.0,1330.0,20685.0
344402,-352.82,-584.26,1113.25,24832.5,45167.5,101482.5
344430,-410.41,-573.89,1067.99,-8890.0,31587.5,150097.5
344459,-401.38,-586.33,1046.27,-35175.0,28892.5,167965.0
344487,-315.37,-609.02,1065.3,-39427.5,27107.5,142135.0
344516,-159.09,-624.88,1118.5,-26250.0,12092.5,80220.0
344544,19.28,-629.28,1176.08,12337.5,14997.5,-15225.0
344573,154.45,-630.25,1198.04,43960.0,-9870.0,-100152.5
344601,217.16,-637.08,1173.52,35262.5,-26320.0,-152880.0
344629,190.32,-644.16,1128.87,-3395.0,-1330.0,-172952.5
344658,41.48,-638.91,1102.64,-25322.5,-14577.5,-125055.0
344686,-166.53,-617.93,1110.93,2170.0,-29715.0,-16047.5
344715,-325.86,-589.38,1102.15,38325.0,16852.5,69545.0
344743,-410.41,-571.08,1055.54,13440.0,17710.0,126542.5
344772,-419.19,-571.94,1022.48,-21332.5,13562.5,154875.0
344800,-345.75,-583.53,1033.46,-32340.0,9520.0,131810.0
344829,-218.01,-589.14,1076.04,-12670.0,-9117.5,85102.5
344857,-56.61,-585.72,1120.2,10762.5,15645.0,29715.0
344886,98.45,-580.72,1139.36,38342.5,9800.0,-77980.0
344915,186.17,-579.5,1123.5,31622.5,-39060.0,-142415.0
344944,185.2,-582.06,1086.29,4567.5,-9992.5,-169557.5
344973,61.12,-580.96,1059.08,-28087.5,5425.0,-144410.0
345002,-141.76,-566.45,1074.7,-20300.0,-64802.5,-34090.0
345030,-303.54,-542.78,1092.51,35437.5,-11707.5,53270.0
345058,-380.76,-524.97,1054.08,35752.5,34650.0,103285.0
345087,-388.45,-520.09,998.45,-20825.0,-16485.0,122167.5
345115,-321.59,-525.58,993.08,-45097.5,-20930.0,121450.0
345144,-175.92,-528.87,1037.85,-22330.0,21332.5,76282.5
345172,2.44,-522.77,1088.0,16380.0,16467.5,-7700.0
345201,146.28,-516.55,1109.47,41142.5,-16782.5,-89460.0
345229,223.99,-520.7,1089.22,37747.5,-25340.0,-142257.5
345258,224.6,-533.38,1045.05,-10115.0,-5740.0,-163555.0
345286,116.39,-544.12,1018.94,-44695.0,-14630.0,-140402.5
345315,-68.44,-544.12,1046.76,-35682.5,-54582.5,-42700.0
345343,-231.07,-532.04,1087.51,29470.0,13160.0,45482.5
345372,-326.96,-518.01,1072.5,42297.5,38920.0,103285.0
345400,-366.49,-512.28,1029.56,-2957.5,22680.0,144427.5
345429,-346.11,-520.45,1015.53,-30730.0,27930.0,171202.5
345457,-255.47,-534.48,1035.54,-20982.5,35542.5,138127.5
345485,-107.12,-541.44,1072.99,-18077.5,19477.5,80167.5
345514,62.22,-541.31,1117.4,1382.5,9327.5,-14245.0
345542,188.0,-542.29,1144.12,25375.0,-27125.0,-101237.5
345571,239.0,-551.93,1139.72,25672.5,-21332.5,-143867.5
345599,220.94,-564.37,1121.06,10325.0,175.0,-159390.0
345628,113.83,-568.64,1104.34,7262.5,-27405.0,-146650.0
345656,-74.91,-557.54,1096.54,4007.5,-45307.5,-57697.5
345685,-250.95,-535.95,1088.0,19547.5,10202.5,53182.5
345713,-349.04,-520.21,1047.13,18287.5,34895.0,117302.5
345742,-373.93,-520.45,998.08,-30905.0,24552.5,154577.5
345770,-316.47,-531.43,1000.52,-56455.0,25707.5,142397.5
345799,-194.83,-538.63,1052.37,-28770.0,10377.5,86747.5
345827,-37.58,-537.17,1112.27,1330.0,12792.5,27475.0
345856,113.7,-534.12,1148.14,29750.0,-17517.5,-64732.5
345884,203.37,-537.41,1148.14,35717.5,-42140.0,-128572.5
345912,224.6,-548.51,1120.08,15662.5,-14245.0,-157920.0
345940,171.9,-559.74,1093.12,-14647.5,-6615.0,-163922.5
345968,28.3,-557.42,1095.56,-14210.0,-61425.0,-116025.0
345997,-150.18,-538.26,1111.18,13895.0,-18830.0,-6737.5
346025,-279.5,-514.96,1099.83,25847.5,46865.0,74760.0
346054,-349.41,-500.81,1062.13,5705.0,30660.0,121380.0
346082,-366.0,-502.64,1033.83,-10955.0,21105.0,147980.0
346111,-307.44,-513.38,1031.63,-11182.5,33460.0,136780.0
346139,-168.85,-520.21,1063.23,-22995.0,18795.0,83335.0
346168,1.22,-518.13,1130.94,-2415.0,16467.5,-315.0
346197,132.74,-515.08,1182.55,48580.0,-14577.5,-81882.5
346226,191.78,-519.84,1183.89,45132.5,-35280.0,-129342.5
346254,187.76,-527.16,1171.44,20142.5,-10202.5,-145337.5
346283,120.54,-525.58,1147.17,23467.5,-26302.5,-151130.0
346311,-19.64,-506.06,1113.74,-2607.5,-85312.5,-94062.5
346339,-175.19,-474.58,1100.2,-2555.0,-13930.0,13877.5
346368,-276.21,-447.01,1079.58,9852.5,52867.5,81130.0
346396,-328.18,-430.78,1042.73,-13947.5,23082.5,113662.5
346425,-344.65,-428.1,1024.19,-26512.5,13737.5,133647.5
346453,-307.56,-435.05,1036.51,-20912.5,39235.0,131285.0
346482,-204.72,-440.54,1074.82,-17395.0,28315.0,92382.5
346510,-53.31,-438.96,1129.11,-630.0,18497.5,27142.5
346539,90.4,-434.08,1171.69,32497.5,-11760.0,-59832.5
346567,175.56,-432.73,1171.08,43260.0,-46042.5,-118510.0
346596,192.52,-436.39,1133.38,5757.5,-43452.5,-149222.5
346624,126.88,-437.74,1103.37,-39340.0,-33722.5,-143185.0
346653,-19.28,-427.49,1112.52,-32655.0,-54057.5,-74917.5
346681,-175.68,-406.99,1133.14,11970.0,-11462.5,21507.5
346710,-281.82,-388.81,1121.91,30852.5,44380.0,89810.0
346739,-335.01,-383.2,1088.0,9117.5,45272.5,134505.0
346767,-332.57,-390.77,1067.74,-12145.0,41650.0,141715.0
346795,-269.62,-402.72,1076.53,-19565.0,35350.0,121642.5
346823,-146.89,-410.04,1116.06,-17255.0,27160.0,72922.5
346852,4.76,-409.43,1165.1,13895.0,17885.0,-3325.0
346881,130.05,-407.24,1187.91,38220.0,-16940.0,-77437.5
346910,196.18,-410.77,1175.1,31307.5,-39795.0,-131845.0
346938,192.76,-416.26,1152.05,5250.0,-23730.0,-147245.0
346967,119.56,-415.53,1135.82,4182.5,-19950.0,-136010.0
346995,-18.79,-404.8,1123.38,752.5,-66727.5,-84682.5
347024,-179.83,-386.5,1121.79,472.5,-46270.0,3150.0
347053,-296.95,-369.78,1114.96,16415.0,24570.0,81900.0
347082,-355.02,-363.93,1084.58,2940.0,28017.5,122342.5
347110,-368.07,-372.34,1056.4,-22732.5,12652.5,137917.5
347139,-336.72,-390.64,1050.66,-26285.0,24167.5,141680.0
347167,-238.39,-411.51,1069.7,-30030.0,19950.0,123445.0
347196,-68.08,-426.15,1115.57,-16660.0,29715.0,49070.0
347225,107.85,-432.49,1157.9,18515.0,10605.0,-52272.5
347253,227.16,-443.23,1165.1,29382.5,-34055.0,-128380.0
347281,269.62,-465.31,1138.38,12512.5,-26775.0,-171570.0
347309,226.68,-489.46,1105.56,-20387.5,6842.5,-173075.0
347338,86.5,-502.4,1091.9,-31955.0,-47582.5,-137532.5
347366,-104.19,-499.59,1114.59,-13002.5,-62002.5,-28280.0
347395,-251.93,-486.9,1131.18,34230.0,31780.0,65030.0
347423,-324.52,-475.56,1100.44,19775.0,44450.0,119805.0
347452,-333.67,-473.73,1068.48,-15365.0,28805.0,139895.0
347480,-288.65,-478.48,1067.38,-23800.0,34195.0,131670.0
347509,-201.06,-480.92,1088.0,-12880.0,22470.0,94867.5
347537,-76.13,-478.12,1118.25,-3115.0,11497.5,54285.0
347566,66.61,-475.19,1147.78,18042.5,11147.5,-24570.0
347595,175.44,-478.12,1157.78,34247.5,-19197.5,-96757.5
347624,221.06,-488.37,1141.68,28770.0,-22312.5,-136745.0
347652,194.47,-501.18,1116.79,4340.0,-332.5,-151742.5
347680,65.88,-504.59,1108.37,-4847.5,-42122.5,-128730.0
347709,-120.54,-491.17,1120.57,7350.0,-50767.5,-28140.0
347737,-262.42,-468.97,1116.3,28980.0,23940.0,56455.0
347766,-338.67,-452.25,1079.33,10535.0,23607.5,107100.0
347794,-360.39,-449.2,1051.88,-14962.5,11322.5,138442.5
347823,-322.93,-454.69,1051.27,-11830.0,27510.0,135677.5
347851,-223.87,-457.99,1068.11,-16642.5,8522.5,106715.0
347880,-67.95,-455.55,1106.42,-8977.5,8190.0,42595.0
347909,94.92,-450.79,1141.68,23905.0,2572.5,-51992.5
347938,206.67,-452.62,1141.92,34387.5,-46410.0,-122150.0
347966,246.44,-467.26,1109.22,14997.5,-42507.5,-167195.0
347995,195.2,-483.97,1079.09,-25025.0,-9852.5,-166757.5
348023,44.53,-487.27,1081.9,-24482.5,-16520.0,-105385.0
348052,-131.27,-478.36,1104.1,3500.0,-24972.5,2170.0
348081,-252.3,-466.53,1106.42,21122.5,13737.5,66902.5
348109,-319.52,-457.99,1081.65,7752.5,9555.0,112525.0
348138,-330.99,-459.45,1064.33,-3622.5,19180.0,146632.5
348166,-262.79,-465.19,1066.65,-4392.5,34072.5,132072.5
348195,-126.15,-462.87,1088.73,-11287.5,4462.5,77070.0
348223,41.48,-451.89,1124.35,5145.0,9432.5,1925.0
348252,186.17,-442.25,1140.58,29505.0,-8190.0,-86047.5
348280,261.81,-441.76,1117.15,24902.5,-35070.0,-143150.0
348309,252.17,-450.06,1074.33,-14087.5,-17430.0,-162855.0
348337,131.27,-458.6,1059.2,-43557.5,-17937.5,-130987.5
348366,-57.71,-457.74,1096.54,-18287.5,-43085.0,-26932.5
348394,-212.77,-447.5,1122.64,38500.0,10535.0,56892.5
348423,-300.49,-438.35,1089.7,27142.5,26617.5,115430.0
348451,-324.4,-439.93,1049.44,-12302.5,30852.5,154157.5
348480,-271.57,-450.18,1044.81,-23782.5,45202.5,146387.5
348508,-155.67,-456.04,1069.94,-20282.5,25690.0,95742.5
348536,1.46,-454.82,1115.32,-10027.5,34685.0,30047.5
348565,150.67,-454.08,1160.83,31482.5,21700.0,-70700.0
348593,237.9,-460.67,1169.98,58502.5,-22557.5,-133647.5
348622,248.51,-479.22,1133.14,34965.0,-41860.0,-177765.0
348650,147.99,-492.15,1105.2,-15540.0,-30152.5,-160737.5
348678,-37.21,-482.88,1106.3,5530.0,2345.0,-55405.0
348706,-200.57,-462.62,1088.97,12197.5,14262.5,42000.0
348735,-299.27,-446.52,1051.4,-11130.0,6667.5,89372.5
348763,-348.43,-440.42,1020.65,-27947.5,9712.5,126507.5
348792,-339.53,-446.03,1008.21,-34387.5,21402.5,140280.0
348820,-281.33,-453.84,1018.21,-37940.0,16677.5,115535.0
348849,-191.3,-455.91,1049.44,-27965.0,18147.5,84892.5
348877,-75.15,-452.13,1091.53,-13230.0,21472.5,19407.5
348906,33.67,-444.08,1135.58,16660.0,1697.5,-45885.0
348935,107.97,-440.18,1158.76,49927.5,-13317.5,-92172.5
348963,148.11,-442.25,1146.43,49350.0,-24132.5,-127872.5
348991,146.89,-444.81,1108.61,20177.5,-37030.0,-151042.5
349019,75.64,-445.91,1076.53,-21420.0,-51152.5,-144847.5
349048,-71.86,-440.54,1081.41,-20877.5,-68495.0,-72292.5
349076,-224.6,-432.12,1099.71,11532.5,-8575.0,25007.5
349105,-320.49,-424.32,1095.44,15662.5,38552.5,84525.0
349133,-363.32,-418.46,1073.36,3815.0,20895.0,113697.5
349162,-366.85,-418.7,1055.54,-7787.5,15277.5,135415.0
349190,-315.74,-424.19,1053.35,-15225.0,36067.5,139632.5
349219,-205.94,-427.37,1070.06,-20965.0,3220.0,91262.5
349247,-69.54,-424.19,1101.05,-2345.0,9572.5,30362.5
349276,57.34,-419.44,1126.18,20842.5,17605.0,-40915.0
349305,141.52,-416.63,1130.45,33180.0,-8820.0,-97230.0
349334,174.95,-415.53,1113.74,33162.5,-4830.0,-122255.0
349362,150.3,-416.63,1085.68,10150.0,-2870.0,-133052.5
349390,39.04,-416.51,1081.65,-10500.0,-50365.0,-109480.0
349418,-127.37,-406.02,1101.29,9380.0,-4830.0,-27107.5
349446,-260.1,-384.18,1094.95,25462.5,43505.0,43417.5
349475,-332.94,-361.73,1052.62,13160.0,40932.5,84017.5
349503,-356.36,-350.14,1008.7,-22645.0,37292.5,112245.0
349532,-323.91,-349.29,998.2,-44905.0,7245.0,105297.5
349560,-246.44,-349.9,1029.68,-32392.5,-12792.5,75302.5
349589,-133.47,-347.7,1077.26,-7927.5,21087.5,37257.5
349617,-23.42,-342.94,1117.4,11235.0,11655.0,-30380.0
349646,50.51,-339.65,1120.69,30222.5,3955.0,-69475.0
349675,92.6,-343.06,1089.58,1890.0,-25235.0,-103320.0
349704,84.18,-345.5,1072.75,-17902.5,-39357.5,-116095.0
349732,13.66,-341.48,1079.46,-8312.5,-31115.0,-98787.5
349761,-117.12,-329.16,1090.44,5355.0,-9117.5,-55440.0
349790,-251.56,-306.34,1081.29,18690.0,29242.5,20002.5
349818,-339.65,-282.31,1045.78,4830.0,16222.5,55265.0
349847,-391.38,-268.52,1009.67,-13055.0,12880.0,89285.0
349875,-396.74,-271.08,991.62,-22802.5,3517.5,107362.5
349904,-345.75,-284.99,1005.52,-26547.5,-5302.5,98402.5
349932,-245.22,-300.61,1048.59,-5320.0,892.5,65870.0
349961,-122.37,-310.37,1090.56,12687.5,17692.5,8855.0
349989,-18.3,-312.81,1109.47,29295.0,13212.5,-46865.0
350018,56.85,-313.54,1091.9,21822.5,-28665.0,-95637.5
350046,91.38,-314.27,1054.69,-4567.5,-36995.0,-131810.0
350075,45.87,-318.91,1044.56,-22697.5,-27352.5,-132107.5
350103,-91.99,-325.98,1065.3,17.5,-43802.5,-88795.0
350132,-251.32,-322.08,1077.5,10132.5,14490.0,437.5
350161,-367.22,-310.61,1065.06,16852.5,18060.0,58590.0
350190,-437.0,-309.51,1034.8,7140.0,26915.0,108885.0
350219,-454.57,-325.01,1006.38,-17587.5,18900.0,137620.0
350247,-406.5,-348.68,1010.77,-27772.5,12110.0,142310.0
350275,-293.29,-366.98,1048.71,-15610.0,15295.0,101780.0
350303,-140.3,-371.73,1098.61,2695.0,27247.5,38762.5
350332,4.39,-367.22,1135.45,34702.5,16747.5,-46305.0
350360,104.43,-365.27,1129.23,40477.5,-38710.0,-108325.0
350389,143.59,-370.27,1086.53,9467.5,-46795.0,-147157.5
350417,89.67,-379.18,1063.6,-29102.5,-23695.0,-140140.0
350446,-75.4,-385.89,1091.29,-11182.5,-63367.5,-87885.0
350474,-262.79,-379.18,1120.69,25462.5,31517.5,18690.0
350503,-382.23,-362.1,1102.39,34300.0,53182.5,77000.0
350531,-438.22,-353.19,1050.66,11287.5,55562.5,120732.5
350560,-427.0,-361.73,1011.38,-35350.0,38080.0,136342.5
350588,-350.02,-377.47,1033.34,-51800.0,490.0,103075.0
350617,-235.7,-386.01,1102.27,-7262.5,32392.5,56000.0
350646,-113.7,-383.08,1159.73,28665.0,42245.0,-1907.5
350675,-16.47,-375.27,1173.88,52150.0,9922.5,-60217.5
350704,39.89,-371.61,1148.63,33897.5,-26740.0,-100660.0
350732,43.19,-371.37,1122.03,6142.5,-26652.5,-116952.5
350761,-11.96,-366.98,1124.47,20317.5,-33005.0,-97457.5
350789,-110.17,-353.19,1120.33,38202.5,-20842.5,-77000.0
350818,-225.21,-325.37,1090.31,15207.5,-1662.5,-35385.0
350846,-325.37,-288.65,1050.54,11620.0,5565.0,6212.5
350875,-402.97,-256.69,1000.03,-3062.5,6965.0,43680.0
350903,-456.89,-239.12,956.97,-28542.5,3202.5,72992.5
350932,-488.12,-238.14,935.98,-41055.0,-9135.0,95655.0
350960,-479.09,-251.56,937.2,-46322.5,-18217.5,118440.0
350989,-407.48,-271.69,979.42,-28280.0,-54810.0,97177.5
351017,-295.97,-282.67,1030.9,13825.0,73727.5,61302.5
351046,-168.73,-278.16,1066.28,-280.0,34370.0,7420.0
351075,-67.22,-268.77,1088.97,21752.5,-34160.0,-56402.5
351104,-18.67,-263.76,1082.99,19110.0,-25725.0,-83667.5
351132,-10.0,-262.3,1064.45,3010.0,-12197.5,-100187.5
351161,-43.43,-258.52,1051.03,-4812.5,-29137.5,-97632.5
351189,-109.8,-249.98,1044.2,-3902.5,-23450.0,-75740.0
351217,-193.0,-235.95,1040.29,-8032.5,-18637.5,-45202.5
351245,-278.53,-215.45,1040.29,140.0,-18952.5,-8645.0
351273,-350.38,-194.22,1029.92,11042.5,-5407.5,32497.5
351302,-399.55,-179.83,1007.48,752.5,-1907.5,67217.5
351330,-426.02,-176.29,990.88,-4375.0,-10937.5,99977.5
351359,-417.73,-187.88,986.61,-4182.5,-14490.0,127767.5
351387,-356.73,-208.38,992.1,-5337.5,3290.0,123602.5
351416,-239.12,-223.87,1006.74,-17132.5,3815.0,83177.5
351444,-89.06,-230.82,1030.41,-14035.0,-8400.0,11935.0
351473,42.94,-235.95,1047.74,2642.5,-17955.0,-67550.0
351501,118.71,-246.07,1044.08,7997.5,-17710.0,-120522.5
351530,124.93,-261.32,1026.75,-9607.5,542.5,-145617.5
351559,33.92,-274.5,1021.99,-16712.5,-16205.0,-128940.0
351588,-127.37,-276.21,1047.61,-1627.5,-54407.5,-37695.0
351616,-264.13,-267.67,1064.08,38325.0,13265.0,52990.0
351645,-330.86,-261.57,1032.61,29977.5,46567.5,114397.5
351673,-321.35,-266.45,990.27,-18882.5,3535.0,137935.0
351701,-237.78,-278.28,986.86,-40757.5,-54670.0,99452.5
351730,-113.58,-285.72,1019.55,-10920.0,-24272.5,48457.5
351758,28.79,-287.43,1046.52,17710.0,31780.0,-6667.5
351787,151.28,-288.04,1045.3,24972.5,6387.5,-88427.5
351815,201.06,-289.14,1022.12,10640.0,-23625.0,-130532.5
351844,169.34,-288.9,995.52,-14665.0,-560.0,-129377.5
351872,53.56,-281.21,986.49,-27510.0,-41842.5,-80097.5
351901,-83.33,-271.82,1008.94,-11357.5,-54460.0,32532.5
351929,-158.6,-268.4,1030.9,23135.0,14630.0,85767.5
351958,-164.94,-268.28,1022.48,20160.0,44817.5,111475.0
351986,-86.99,-269.99,1015.28,-11550.0,45937.5,97195.0
352015,52.46,-268.4,1032.24,-20545.0,18532.5,17867.5
352044,182.02,-263.52,1057.37,3692.5,16485.0,-56315.0
352073,257.54,-264.74,1056.4,28227.5,5880.0,-112787.5
352102,255.71,-272.43,1026.87,8942.5,-7297.5,-130812.5
352130,166.41,-279.38,1005.77,-25480.0,3797.5,-108027.5
352159,16.35,-277.79,1020.9,-23082.5,-8067.5,-25217.5
352187,-116.14,-270.23,1036.15,15190.0,7770.0,57172.5
352216,-191.05,-268.52,1019.55,5040.0,18585.0,101972.5
352244,-210.08,-277.06,1007.48,-19442.5,25672.5,126455.0
352273,-168.6,-290.6,1022.6,-15347.5,27212.5,111335.0
352301,-86.25,-298.17,1050.3,-17.5,10622.5,73255.0
352330,19.03,-296.83,1078.24,14980.0,16747.5,30537.5
352359,125.66,-289.87,1094.83,35385.0,15907.5,-30380.0
352388,195.93,-281.94,1089.46,42070.0,-6965.0,-75232.5
352416,212.16,-277.18,1062.5,36837.5,-4690.0,-98052.5
352445,163.48,-276.7,1032.85,10430.0,8172.5,-95077.5
352474,43.92,-273.28,1021.51,-10097.5,-28630.0,-57365.0
352503,-95.65,-260.59,1022.36,-10815.0,-34737.5,10815.0
352532,-192.15,-246.44,1005.65,6405.0,14472.5,60672.5
352560,-232.04,-239.36,979.66,-22382.5,17500.0,95830.0
352589,-207.28,-240.22,982.95,-44380.0,9695.0,95777.5
352617,-122.24,-240.58,1015.04,-26740.0,-16940.0,56385.0
352646,-6.1,-235.46,1053.35,-4077.5,-9677.5,5932.5
352675,103.82,-230.21,1073.84,20230.0,-8435.0,-59150.0
352704,163.97,-230.09,1065.67,24237.5,-36802.5,-111842.5
352732,148.11,-234.36,1045.78,-1382.5,-31255.0,-124460.0
352761,59.66,-235.83,1037.37,-23660.0,-12285.0,-84787.5
352789,-69.42,-229.97,1044.32,-8400.0,-27265.0,-9992.5
352818,-181.54,-224.6,1044.69,15732.5,-367.5,66640.0
352847,-239.61,-227.77,1021.51,16135.0,28017.5,110442.5
352876,-238.39,-239.61,994.67,-25007.5,10815.0,132142.5
352904,-169.82,-258.76,995.4,-42875.0,-30467.5,100975.0
352933,-53.92,-274.62,1025.53,-21420.0,-15942.5,40302.5
352962,87.47,-285.11,1060.18,13142.5,31552.5,-16817.5
352990,212.28,-296.95,1070.67,39392.5,14822.5,-102042.5
353019,260.1,-311.83,1048.22,41195.0,-24097.5,-155085.0
353047,199.71,-325.62,1021.02,8697.5,-20090.0,-148102.5
353076,43.92,-322.45,1032.36,-21122.5,-4165.0,-64785.0
353104,-114.92,-304.39,1063.23,1120.0,11707.5,29540.0
353133,-212.77,-291.09,1055.42,36295.0,22505.0,86362.5
353161,-245.22,-291.46,1017.48,9765.0,12985.0,134242.5
353190,-200.45,-303.17,998.94,-23975.0,-4410.0,127715.0
353218,-97.11,-314.52,1008.82,-17745.0,-39760.0,82652.5
353247,40.02,-318.79,1028.22,-7787.5,-16485.0,25147.5
353276,173.0,-318.66,1039.93,7927.5,-700.0,-54477.5
353305,251.81,-318.18,1033.58,15085.0,-16240.0,-108815.0
353333,255.22,-318.54,1008.7,9222.5,-26985.0,-129307.5
353362,175.31,-312.81,990.15,-28122.5,-18235.0,-96057.5
353390,37.58,-296.46,1015.41,-44887.5,-11130.0,-16625.0
353418,-84.67,-280.11,1055.06,12127.5,7945.0,52220.0
353447,-154.33,-273.52,1057.13,37625.0,33950.0,87640.0
353475,-168.85,-276.57,1036.02,14017.5,43470.0,116305.0
353504,-117.49,-284.38,1026.87,-10692.5,21070.0,102147.5
353532,-18.91,-286.94,1037.49,-6492.5,-6982.5,63752.5
353561,108.34,-284.75,1051.88,6317.5,6002.5,15050.0
353590,234.61,-284.5,1055.67,9345.0,927.5,-59920.0
353619,308.9,-287.68,1051.15,10395.0,-12757.5,-116095.0
353647,306.34,-292.19,1044.56,14140.0,11165.0,-134522.5
353676,226.8,-291.34,1039.2,5390.0,18392.5,-118650.0
353704,88.94,-277.06,1044.81,-18357.5,-19670.0,-50750.0
353733,-37.7,-255.35,1067.99,10167.5,15172.5,19810.0
353762,-115.29,-238.27,1063.96,51870.0,39112.5,46305.0
353791,-162.5,-229.6,1022.6,10955.0,9852.5,83300.0
353820,-164.94,-229.85,1000.52,-28910.0,9170.0,103967.5
353848,-111.26,-233.75,1006.26,-18165.0,1575.0,84332.5
353877,-9.39,-236.07,1020.41,-15207.5,-35.0,47460.0
353905,120.9,-236.19,1037.37,-15697.5,9485.0,-16625.0
353934,227.41,-235.7,1049.69,-2800.0,-5285.0,-89110.0
353962,262.67,-238.02,1047.49,15295.0,-15540.0,-130007.5
353991,207.89,-245.95,1028.7,9292.5,-15067.5,-126140.0
354019,65.39,-244.73,1028.22,-30835.0,-68495.0,-60287.5
354048,-85.77,-229.36,1064.21,-12127.5,-48965.0,32567.5
354076,-170.68,-220.21,1069.21,54407.5,11025.0,74830.0
354105,-187.88,-222.41,1028.34,16572.5,-5792.5,100205.0
354133,-140.18,-227.29,1006.13,-24080.0,-8032.5,98490.0
354162,-26.11,-228.26,1020.41,-20212.5,32200.0,63612.5
354191,121.27,-222.04,1046.27,752.5,33460.0,-10605.0
354220,236.92,-213.26,1059.2,20772.5,-10290.0,-80237.5
354248,281.58,-212.89,1043.59,26547.5,-30275.0,-122430.0
354276,229.73,-221.31,1010.89,-9065.0,-15347.5,-117687.5
354304,83.69,-223.38,1009.92,-68950.0,35.0,-36400.0
354332,-67.71,-216.79,1051.88,-55090.0,26950.0,58870.0
354361,-157.38,-217.89,1070.67,44800.0,34772.5,99627.5
354389,-181.05,-233.87,1043.71,28665.0,46917.5,125720.0
354418,-126.15,-255.71,1024.07,-21437.5,34125.0,109007.5
354446,-16.59,-272.79,1040.29,-40425.0,-11287.5,60550.0
354475,110.29,-281.7,1078.36,-18042.5,1207.5,1312.5
354504,216.06,-283.04,1107.03,22085.0,980.0,-73377.5
354533,264.62,-283.89,1104.34,48772.5,-32725.0,-118090.0
354561,242.17,-289.38,1076.41,35140.0,-45220.0,-120995.0
354590,143.59,-292.43,1060.18,-17272.5,-43400.0,-84455.0
354618,6.83,-280.97,1088.85,-36207.5,-48650.0,-12827.5
354647,-103.58,-261.81,1116.06,41370.0,-8487.5,43645.0
354676,-164.46,-251.93,1088.97,57522.5,22575.0,88025.0
354704,-159.45,-255.22,1042.86,7315.0,41247.5,110110.0
354733,-87.84,-261.57,1016.99,-19670.0,8645.0,81567.5
354761,32.09,-262.54,1020.65,-33355.0,630.0,45710.0
354790,172.75,-259.74,1043.83,-23047.5,22960.0,-29452.5
354818,271.08,-255.47,1066.28,105.0,-12215.0,-91752.5
354847,297.8,-256.93,1069.33,22242.5,-17237.5,-122710.0
354875,248.76,-261.69,1052.62,980.0,-3255.0,-124407.5
354904,127.49,-257.05,1056.52,-23520.0,-23940.0,-68495.0
354932,-12.69,-247.29,1080.55,14367.5,3325.0,7577.5
354961,-114.92,-242.41,1079.09,33670.0,27387.5,62562.5
354989,-162.75,-243.15,1055.79,9135.0,22662.5,102217.5
355018,-148.84,-248.39,1046.27,-12722.5,22977.5,110442.5
355046,-73.32,-252.05,1057.5,-10500.0,18410.0,85120.0
355075,48.07,-249.86,1075.55,-6632.5,12687.5,31587.5
355104,180.44,-244.12,1092.39,-2310.0,-840.0,-38640.0
355132,275.11,-240.46,1094.22,23135.0,-18392.5,-99190.0
355161,302.19,-241.32,1067.74,28087.5,-18672.5,-123707.5
355189,255.71,-249.49,1035.66,-13807.5,9257.5,-111702.5
355218,144.08,-256.93,1039.81,-49122.5,-717.5,-63542.5
355246,23.18,-251.2,1072.87,-8645.0,5320.0,-332.5
355275,-61.0,-236.92,1078.48,40092.5,31745.0,32235.0
355303,-118.34,-223.63,1043.59,22102.5,647.5,64260.0
355332,-147.86,-215.7,1014.19,-14210.0,-20160.0,89355.0
355360,-141.03,-211.67,1006.74,-9117.5,52.5,92330.0
355389,-101.14,-209.23,1006.74,-5442.5,2065.0,92872.5
355418,-18.91,-208.13,1019.43,-17272.5,15995.0,55457.5
355447,79.79,-203.37,1043.34,-9870.0,23467.5,-8330.0
355476,160.92,-196.18,1061.77,11025.0,7017.5,-43645.0
355505,220.09,-191.54,1064.08,22750.0,-210.0,-83055.0
355534,236.92,-189.34,1054.93,15505.0,-11987.5,-109042.5
355562,202.76,-188.25,1047.98,-945.0,-10062.5,-111160.0
355591,104.92,-181.9,1046.03,-3185.0,-31570.0,-93012.5
355619,-40.87,-176.29,1045.05,17815.0,-29120.0,-8907.5
355648,-164.46,-180.19,1035.66,23030.0,36155.0,64190.0
355676,-232.04,-190.08,1012.36,7875.0,44747.5,109795.0
355705,-227.9,-205.08,997.47,-26617.5,20265.0,135170.0
355733,-144.2,-218.26,1022.97,-44170.0,-1907.5,102095.0
355762,-13.91,-222.04,1075.55,105.0,-2677.5,45062.5
355791,124.68,-220.09,1113.86,40075.0,19915.0,-21402.5
355820,233.87,-220.58,1114.84,61600.0,-5355.0,-84647.5
355848,286.46,-225.94,1077.02,37362.5,-46690.0,-133822.5
355877,254.25,-237.41,1027.61,-27020.0,-47652.5,-147910.0
355905,122.0,-248.27,1027.48,-81812.5,-49525.0,-83930.0
355934,-45.51,-252.91,1077.5,-31622.5,-34090.0,-3482.5
355962,-180.8,-254.86,1105.44,36925.0,25445.0,55107.5
355990,-263.28,-260.23,1076.89,41685.0,67812.5,115552.5
356019,-269.01,-274.26,1030.78,-22487.5,62457.5,147980.0
356047,-186.29,-288.41,1037.24,-68215.0,24220.0,117827.5
356076,-48.56,-291.82,1096.54,-26582.5,21367.5,49105.0
356104,91.74,-286.33,1150.22,23695.0,33775.0,-22837.5
356133,194.1,-283.16,1166.2,53462.5,-13020.0,-90335.0
356161,232.78,-288.9,1141.55,48125.0,-40512.5,-135817.5
356190,191.66,-301.34,1100.93,-3342.5,-42525.0,-142380.0
356218,65.64,-312.44,1090.44,-41562.5,-74147.5,-83807.5
356247,-86.5,-316.1,1114.1,-14962.5,-41317.5,7665.0
356275,-198.74,-315.74,1123.25,27912.5,33250.0,75127.5
356304,-257.18,-320.37,1093.97,21262.5,61127.5,126577.5
356332,-247.42,-329.64,1063.23,-25322.5,44887.5,151287.5
356361,-159.45,-333.67,1070.79,-48055.0,-16765.0,109865.0
356389,-32.21,-325.74,1112.88,-15907.5,-43557.5,36015.0
356418,91.13,-311.83,1149.97,31290.0,3710.0,-22767.5
356447,177.75,-301.58,1151.68,52815.0,525.0,-80920.0
356475,201.06,-294.51,1124.6,44450.0,-8207.5,-106995.0
356504,158.11,-288.41,1089.95,13702.5,6090.0,-110127.5
356532,41.6,-280.97,1074.45,-13352.5,-15015.0,-66955.0
356561,-99.8,-270.72,1081.9,-6230.0,-192.5,17272.5
356589,-197.15,-259.49,1079.09,24780.0,54460.0,73220.0
356618,-236.92,-250.1,1049.2,14472.5,95060.0,113155.0
356646,-208.5,-243.88,1032.24,-51292.5,80605.0,116585.0
356675,-128.83,-236.31,1065.06,-73395.0,31815.0,55300.0
356703,-49.04,-224.97,1117.52,-28192.5,-6720.0,-2082.5
356732,13.66,-212.52,1149.48,12442.5,-17955.0,-49787.5
356760,52.95,-202.52,1154.49,45517.5,-28787.5,-95165.0
356789,55.51,-198.37,1129.72,64872.5,-29592.5,-125405.0
356817,-11.47,-200.2,1070.92,46480.0,-59202.5,-130812.5
356846,-158.11,-202.52,1023.34,-30520.0,-86957.5,-29190.0
356874,-293.78,-205.94,1024.07,-51205.0,-3535.0,86100.0
356902,-358.92,-217.65,1029.31,-7490.0,37485.0,129745.0
356931,-357.7,-239.97,1020.41,-24220.0,21875.0,152407.5
356959,-282.8,-265.11,1033.71,-61932.5,3955.0,125160.0
356988,-151.77,-282.67,1084.09,-51747.5,-24360.0,66920.0
357016,-7.44,-293.9,1142.04,15855.0,6055.0,-10727.5
357045,110.04,-306.59,1165.83,83335.0,36207.5,-92102.5
357073,172.02,-324.64,1135.82,103670.0,-7822.5,-154350.0
357102,163.72,-348.19,1065.06,36925.0,-33792.5,-189280.0
357130,35.01,-368.44,1020.41,-49035.0,-39095.0,-148785.0
357159,-142.25,-372.47,1045.54,-53987.5,7245.0,-4532.5
357187,-252.05,-360.63,1063.47,21945.0,66850.0,36872.5
357216,-320.25,-344.53,1023.46,7962.5,38465.0,67165.0
357245,-357.46,-337.57,980.64,-42332.5,9800.0,105140.0
357274,-339.16,-338.92,982.71,-69142.5,25795.0,111457.5
357302,-267.91,-337.09,1028.46,-42367.5,20457.5,69142.5
357331,-172.75,-325.98,1085.07,3937.5,-15925.0,20667.5
357360,-76.62,-307.93,1129.35,31255.0,-19880.0,-26197.5
357388,-0.85,-290.36,1134.36,55195.0,-32375.0,-67672.5
357417,34.53,-283.16,1090.56,22295.0,-52220.0,-101937.5
357445,-1.71,-289.63,1049.2,-33932.5,-43452.5,-113837.5
357474,-116.63,-300.12,1056.28,-43120.0,-40495.0,-63682.5
357502,-255.96,-305.0,1081.41,4655.0,-46147.5,4812.5
357531,-359.9,-305.37,1076.04,32007.5,-1155.0,67235.0
357559,-408.09,-308.66,1037.0,15750.0,44537.5,108832.5
357588,-396.26,-318.42,1002.72,-22732.5,28980.0,125615.0
357616,-317.93,-327.69,1013.21,-37590.0,-4200.0,100082.5
357645,-197.15,-330.01,1060.79,-17307.5,6107.5,41247.5
357673,-69.54,-324.03,1112.27,13667.5,23940.0,-16642.5
357702,38.31,-315.98,1138.75,34142.5,-8890.0,-76282.5
357731,105.29,-317.08,1127.89,40950.0,-37450.0,-124005.0
357760,115.29,-330.25,1091.53,16257.5,-22995.0,-152792.5
357788,44.53,-346.24,1069.21,-11812.5,-11270.0,-135152.5
357816,-96.26,-357.34,1076.41,-4445.0,-52080.0,-68792.5
357845,-250.22,-361.12,1085.07,12950.0,-53672.5,13632.5
357873,-361.97,-364.54,1072.99,20020.0,6580.0,94080.0
357902,-407.36,-376.61,1045.42,-1645.0,61302.5,141540.0
357930,-381.37,-392.72,1033.34,-25952.5,69002.5,147525.0
357959,-296.58,-402.36,1051.15,-20247.5,30467.5,107817.5
357987,-181.78,-399.67,1088.85,-11165.0,10500.0,63052.5
358016,-54.66,-385.4,1133.26,3657.5,38097.5,10465.0
358045,59.05,-366.24,1165.71,35192.5,15137.5,-52797.5
358074,136.64,-355.14,1167.05,52010.0,-34212.5,-97650.0
358102,163.48,-359.05,1134.23,39812.5,-42840.0,-132720.0
358131,117.12,-372.47,1101.29,2520.0,-19512.5,-132457.5
358159,-9.27,-383.57,1094.58,-6405.0,-46585.0,-91210.0
358188,-168.73,-385.76,1104.59,-4970.0,-51327.5,-7175.0
358216,-293.17,-382.47,1102.51,5775.0,20352.5,66150.0
358244,-360.88,-382.47,1074.7,-5180.0,32305.0,112210.0
358273,-373.56,-388.94,1050.66,-24815.0,16012.5,133997.5
358301,-323.79,-396.01,1053.35,-21892.5,28087.5,123760.0
358330,-217.4,-395.4,1077.02,-15942.5,13475.0,78820.0
358358,-83.69,-383.08,1114.71,-14035.0,-3465.0,18987.5
358387,42.09,-365.15,1152.29,12862.5,-5337.5,-45465.0
358415,132.25,-353.56,1162.17,38465.0,-28087.5,-99977.5
358444,169.46,-352.82,1135.58,34422.5,-36802.5,-137042.5
358472,133.96,-359.9,1094.95,4007.5,-21507.5,-139107.5
358501,17.81,-371.0,1077.02,-12617.5,-43102.5,-89075.0
358529,-133.47,-378.2,1092.88,-16957.5,-47687.5,-7122.5
358558,-252.3,-377.22,1110.44,10605.0,8382.5,61495.0
358587,-315.49,-377.71,1093.61,22575.0,42945.0,103845.0
358616,-324.52,-382.59,1063.72,-2450.0,32112.5,121520.0
358644,-281.33,-385.76,1053.59,-4742.5,21385.0,103057.5
358672,-201.91,-382.59,1061.03,2380.0,6772.5,73395.0
358701,-81.74,-367.59,1085.31,-9135.0,33530.0,42997.5
358729,68.69,-343.43,1122.77,-4550.0,34510.0,-32987.5
358758,189.34,-323.79,1150.7,9065.0,-27965.0,-103722.5
358786,242.05,-321.1,1155.58,19250.0,-54950.0,-144077.5
358815,226.68,-337.82,1133.14,16992.5,-18707.5,-151130.0
358843,124.07,-368.44,1095.56,-11742.5,-24832.5,-135275.0
358872,-50.26,-393.94,1097.27,-45185.0,-49962.5,-42315.0
358900,-208.13,-403.7,1125.21,-1680.0,23100.0,43085.0
358929,-299.39,-412.12,1105.56,23625.0,49910.0,101797.5
358957,-326.96,-426.15,1060.91,-17745.0,35367.5,138215.0
358986,-287.19,-439.44,1051.88,-39217.5,39847.5,144427.5
359014,-180.32,-440.91,1086.9,-36330.0,31307.5,102952.5
359043,-38.43,-426.02,1145.7,-11392.5,25200.0,36067.5
359072,93.21,-405.28,1197.8,27405.0,24640.0,-34422.5
359101,193.49,-395.16,1215.97,63542.5,-6807.5,-93800.0
359130,237.9,-403.45,1193.89,62527.5,-74917.5,-140647.5
359158,189.59,-426.27,1154.73,14017.5,-34072.5,-140157.5
359186,42.46,-447.25,1135.09,-9117.5,2432.5,-93782.5
359214,-140.18,-450.18,1135.45,4760.0,-22382.5,-5967.5
359243,-275.48,-441.52,1114.35,16747.5,20947.5,61267.5
359271,-352.09,-436.52,1067.01,-12407.5,25812.5,106015.0
359300,-378.32,-441.03,1038.59,-35822.5,25357.5,135432.5
359328,-344.53,-447.37,1042.61,-31535.0,42525.0,129692.5
359357,-270.84,-444.81,1056.52,-28192.5,157.5,103145.0
359385,-161.77,-434.32,1082.63,-39970.0,945.0,81707.5
359414,-27.57,-420.17,1121.3,-21192.5,31342.5,-16327.5
359442,72.83,-402.72,1158.27,-980.0,-22592.5,-74935.0
359471,128.59,-391.62,1183.28,24780.0,-35472.5,-107170.0
359499,149.57,-394.79,1170.83,57557.5,-31885.0,-133910.0
359528,114.19,-410.04,1129.11,26460.0,-41282.5,-140105.0
359556,-7.08,-425.78,1100.07,-6842.5,-57872.5,-96477.5
359585,-165.55,-433.59,1099.59,-15120.0,-25567.5,2047.5
359614,-280.72,-436.76,1095.68,4025.0,28612.5,56472.5
359642,-344.65,-441.76,1071.16,4567.5,10360.0,97842.5
359671,-356.24,-450.91,1054.08,-11567.5,25252.5,124565.0
359699,-302.93,-457.74,1067.62,-18637.5,46340.0,114800.0
359728,-195.2,-452.01,1109.59,-11392.5,28647.5,75932.5
359756,-62.46,-432.0,1159.49,5967.5,24307.5,17535.0
359785,61.12,-408.82,1197.55,31202.5,4690.0,-47635.0
359813,150.55,-393.45,1209.87,52325.0,-28280.0,-98840.0
359842,191.17,-389.18,1184.5,60445.0,-38097.5,-136605.0
359870,159.82,-399.18,1133.75,14787.5,-17080.0,-145635.0
359899,30.99,-417.73,1100.68,-23327.5,-43557.5,-106417.5
359927,-144.45,-428.71,1111.54,-22225.0,-51275.0,-8015.0
359956,-273.89,-428.46,1118.01,25707.5,31395.0,62405.0
359984,-339.16,-427.73,1081.65,6982.5,38937.5,103005.0
360013,-357.58,-432.98,1054.32,-39445.0,13335.0,123147.5
360041,-330.62,-440.3,1060.55,-23432.5,32812.5,122727.5
360069,-253.03,-441.88,1072.87,-9625.0,40337.5,108325.0
360098,-120.78,-431.76,1096.54,-25165.0,35350.0,50977.5
360126,20.25,-411.75,1142.04,-16677.5,21105.0,-34580.0
360155,116.14,-394.18,1188.16,25620.0,-11462.5,-87972.5
360183,157.5,-393.08,1193.16,76457.5,-43102.5,-124425.0
360212,123.95,-405.16,1147.78,43925.0,-48545.0,-146352.5
360240,-16.35,-413.34,1110.57,-21122.5,-60392.5,-99890.0
360269,-200.57,-408.46,1121.91,-33250.0,-30380.0,9502.5
360297,-330.99,-400.16,1134.84,32935.0,51345.0,77630.0
360326,-390.4,-400.65,1093.36,44345.0,70822.5,120347.5
360354,-385.15,-408.09,1042.98,-26565.0,25865.0,133437.5
360383,-319.27,-414.43,1054.57,-56612.5,20790.0,110827.5
360411,-206.42,-410.16,1116.54,-23135.0,39777.5,66657.5
360440,-72.35,-394.3,1180.72,19145.0,21227.5,1942.5
360469,44.29,-378.69,1216.95,49245.0,-31605.0,-64155.0
360498,114.8,-375.03,1215.97,56175.0,-57452.5,-113155.0
360526,129.08,-381.25,1183.16,35840.0,-39130.0,-136780.0
360554,71.74,-388.45,1140.94,3045.0,-8662.5,-136167.5
360583,-63.2,-391.99,1109.83,-8890.0,-37905.0,-83895.0
360611,-220.45,-386.5,1105.08,-19040.0,-26565.0,-4900.0
360640,-332.45,-372.22,1104.83,16380.0,34055.0,48965.0
360668,-395.16,-358.68,1070.55,10500.0,37817.5,84157.5
360697,-416.75,-352.58,1031.63,-34352.5,23275.0,110110.0
360725,-380.4,-350.38,1032.61,-53550.0,45605.0,110407.5
360754,-284.5,-340.62,1071.65,-38360.0,37677.5,73710.0
360782,-155.92,-317.69,1128.74,-18427.5,24080.0,16240.0
360811,-32.7,-290.85,1177.91,19670.0,-7455.0,-48965.0
360839,48.31,-276.09,1193.4,52062.5,-54390.0,-102567.5
360868,60.51,-280.36,1166.56,45657.5,-49262.5,-135835.0
360896,-22.57,-296.95,1120.69,1855.0,-92277.5,-126000.0
360925,-172.14,-314.15,1124.6,-30992.5,-114817.5,-43522.5
360953,-308.17,-323.3,1146.8,21927.5,4795.0,33565.0
360981,-386.74,-326.23,1123.62,19967.5,23537.5,91560.0
361010,-398.7,-331.72,1093.12,-11217.5,27790.0,119822.5
361038,-351.6,-338.43,1088.73,-29242.5,31482.5,113820.0
361067,-253.88,-336.48,1112.15,-22050.0,26792.5,87360.0
361095,-114.44,-322.69,1150.22,-3290.0,42175.0,35262.5
361124,39.77,-305.73,1188.04,21717.5,32410.0,-38360.0
361152,162.87,-308.05,1207.8,51257.5,-13650.0,-112087.5
361181,210.57,-338.43,1193.4,52132.5,-53392.5,-164097.5
361209,150.67,-375.15,1157.05,11620.0,-47827.5,-168350.0
361238,-9.39,-393.82,1139.11,-25865.0,-51432.5,-96022.5
361266,-188.73,-391.38,1151.92,-6265.0,-28700.0,6405.0
361295,-314.03,-381.86,1149.97,27405.0,21717.5,74270.0
361323,-380.4,-377.59,1114.84,7245.0,39935.0,120190.0
361352,-395.77,-382.84,1083.6,-20125.0,39182.5,146195.0
361380,-350.02,-392.47,1078.6,-29750.0,44240.0,143360.0
361409,-241.56,-395.28,1100.07,-33197.5,36802.5,101290.0
361437,-97.72,-384.54,1141.19,-25812.5,36505.0,38482.5
361465,39.41,-368.44,1182.42,6632.5,29207.5,-34912.5
361494,130.17,-363.8,1201.82,41790.0,-29680.0,-99120.0
361522,158.6,-375.76,1191.94,47617.5,-56787.5,-135432.5
361551,119.07,-390.28,1170.22,19582.5,-36942.5,-140927.5
361579,12.32,-389.42,1160.46,7665.0,-42367.5,-97842.5
361608,-117.0,-375.27,1154.24,18095.0,-22540.0,-28420.0
361636,-227.77,-356.73,1138.38,8522.5,7665.0,23222.5
361665,-310.0,-338.18,1117.76,3500.0,25147.5,68775.0
361693,-357.46,-328.18,1089.95,1295.0,35927.5,98262.5
361722,-371.49,-328.67,1060.79,-15575.0,28035.0,113347.5
361750,-342.82,-335.26,1049.2,-30047.5,26915.0,118685.0
361779,-251.32,-341.23,1064.57,-37607.5,30502.5,88305.0
361807,-108.09,-338.92,1111.42,-31202.5,25427.5,25322.5
361836,36.6,-331.84,1166.56,15505.0,7070.0,-51537.5
361865,134.69,-334.77,1189.62,55895.0,-37835.0,-113330.0
361893,166.41,-351.48,1170.1,51135.0,-51625.0,-145967.5
361921,126.76,-371.25,1138.75,-700.0,-32007.5,-145757.5
361949,13.3,-380.64,1128.99,-29015.0,-54565.0,-107030.0
361978,-137.62,-375.27,1141.68,-13230.0,-54775.0,-36102.5
362006,-266.94,-361.12,1150.83,21210.0,1662.5,32427.5
362035,-346.72,-347.46,1133.62,32112.5,27072.5,78505.0
362063,-383.2,-341.84,1102.76,14245.0,24657.5,106820.0
362092,-373.32,-342.94,1083.6,-8312.5,46900.0,123217.5
362120,-295.61,-343.31,1095.8,-23642.5,56140.0,106015.0
362149,-168.12,-332.33,1136.31,-8802.5,25287.5,50522.5
362177,-32.45,-312.56,1176.32,24552.5,14402.5,-10920.0
362206,77.23,-297.68,1187.18,51782.5,-15312.5,-74585.0
362235,135.42,-292.68,1163.51,40670.0,-54390.0,-114957.5
362264,134.44,-294.14,1130.57,-4795.0,-43277.5,-126735.0
362292,61.24,-294.51,1113.98,-36347.5,-46707.5,-112647.5
362320,-74.66,-290.97,1123.86,-22592.5,-55370.0,-46760.0
362348,-216.67,-285.97,1136.19,12215.0,10885.0,25375.0
362376,-317.08,-281.58,1123.99,17657.5,46585.0,78540.0
362405,-370.88,-283.41,1093.24,5320.0,36225.0,114100.0
362433,-372.1,-293.29,1070.67,-20965.0,36872.5,136675.0
362462,-300.61,-303.05,1082.02,-37520.0,48317.5,120697.5
362490,-172.51,-299.88,1126.06,-26110.0,17535.0,67900.0
362519,-24.16,-285.72,1179.62,9432.5,9222.5,-1347.5
362548,97.36,-276.21,1204.02,53095.0,-23292.5,-75337.5
362577,158.97,-277.67,1179.62,50067.5,-54180.0,-119420.0
362605,153.23,-286.09,1129.11,612.5,-30992.5,-138810.0
362634,55.27,-295.0,1096.78,-56507.5,-36505.0,-115115.0
362662,-107.6,-299.27,1111.18,-49875.0,-72327.5,-29417.5
362691,-256.44,-297.68,1143.38,7542.5,-18532.5,49682.5
362720,-348.43,-299.14,1136.31,43960.0,29085.0,104650.0
362748,-377.1,-311.1,1092.39,10710.0,27982.5,144655.0
362777,-320.86,-328.91,1073.84,-42035.0,21805.0,148137.5
362805,-190.2,-337.82,1103.61,-31867.5,-980.0,82425.0
362834,-34.4,-331.72,1143.87,7017.5,16327.5,14507.5
362862,102.24,-321.71,1159.61,31045.0,12180.0,-61810.0
362891,179.58,-318.05,1145.34,37327.5,-22610.0,-116270.0
362919,182.88,-319.27,1111.42,16537.5,-10167.5,-133665.0
362948,107.36,-318.66,1079.21,-18165.0,2082.5,-114047.5
362976,-35.99,-314.64,1070.79,-35227.5,-58940.0,-43137.5
363005,-181.05,-309.15,1089.09,-14157.5,-30835.0,46917.5
363033,-268.77,-307.56,1093.85,25445.0,29382.5,97212.5
363062,-294.26,-313.78,1068.48,11585.0,32602.5,132405.0
363090,-243.51,-325.01,1054.57,-22102.5,25707.5,127137.5
363119,-129.93,-330.86,1072.62,-23922.5,6650.0,61075.0
363148,-4.64,-324.89,1106.05,-1295.0,13055.0,700.0
363176,99.92,-314.52,1124.72,30467.5,25532.5,-52885.0
363205,161.28,-310.73,1110.2,39952.5,-4812.5,-101972.5
363233,155.18,-313.05,1079.33,14332.5,-27667.5,-121205.0
363262,76.62,-312.32,1066.52,-31255.0,-19775.0,-99995.0
363290,-57.83,-303.05,1089.22,-38255.0,-67777.5,-47320.0
363319,-194.83,-291.34,1115.81,32427.5,-53165.0,31832.5
363347,-282.43,-288.29,1104.59,53655.0,13790.0,87465.0
363376,-320.01,-294.87,1067.62,28052.5,16800.0,127697.5
363404,-287.19,-309.88,1046.03,-490.0,32900.0,148522.5
363433,-169.82,-323.67,1055.3,-19355.0,49560.0,91857.5
363461,-17.45,-324.64,1087.14,-7787.5,23747.5,18095.0
363490,116.14,-318.91,1118.5,20562.5,17132.5,-52325.0
363518,200.32,-319.52,1120.2,49332.5,-14560.0,-107852.5
363547,222.77,-331.35,1091.66,40565.0,-44870.0,-136937.5
363575,177.27,-343.8,1066.89,-3762.5,-44030.0,-138915.0
363604,51.73,-340.38,1073.84,-43032.5,-58555.0,-95952.5
363633,-101.14,-322.08,1099.83,-21980.0,-30362.5,507.5
363661,-207.28,-304.27,1105.69,25585.0,44765.0,62370.0
363690,-261.57,-295.24,1077.75,30957.5,64470.0,100765.0
363718,-265.11,-295.0,1047.49,-7945.0,58975.0,128922.5
363747,-204.47,-297.56,1044.81,-46900.0,53917.5,106400.0
363775,-108.58,-292.07,1068.96,-47687.5,-3990.0,69877.5
363804,3.42,-278.16,1106.78,-21980.0,-31482.5,37590.0
363832,106.99,-267.91,1136.8,2957.5,-41177.5,-58572.5
363861,142.98,-265.84,1149.48,18095.0,-62562.5,-113487.5
363889,112.0,-263.89,1150.46,31465.0,-21542.5,-109060.0
363918,36.11,-254.74,1134.23,33390.0,17675.0,-88462.5
363947,-75.4,-234.73,1111.42,7927.5,-8365.0,-15312.5
363976,-171.41,-216.55,1095.8,-11742.5,13072.5,66237.5
364004,-219.72,-211.55,1077.26,4970.0,40390.0,97965.0
364033,-230.95,-215.7,1058.84,-9695.0,44957.5,121695.0
364062,-191.42,-226.19,1060.42,-31902.5,34107.5,125965.0
364090,-97.11,-236.07,1094.1,-34370.0,24902.5,73552.5
364119,13.79,-240.34,1143.99,7525.0,27527.5,717.5
364148,108.09,-243.63,1176.81,44607.5,21175.0,-54705.0
364177,175.19,-251.81,1179.13,64172.5,-7682.5,-102165.0
364205,204.11,-263.64,1151.44,57610.0,-42717.5,-142100.0
364234,173.0,-272.55,1109.83,17395.0,-65310.0,-161787.5
364262,49.29,-268.52,1084.58,-29557.5,-75740.0,-119875.0
364291,-119.8,-253.52,1090.31,-31185.0,-41387.5,-5337.5
364319,-246.2,-238.39,1097.76,2992.5,33337.5,64207.5
364348,-316.1,-230.82,1077.99,15050.0,58817.5,103880.0
364376,-335.26,-235.34,1048.96,-11497.5,71750.0,127102.5
364405,-291.82,-246.2,1049.2,-47722.5,97877.5,114310.0
364433,-191.66,-252.05,1092.63,-53830.0,51975.0,62877.5
364462,-70.52,-249.12,1166.93,-19775.0,-32287.5,-2607.5
364491,34.89,-246.2,1228.3,60147.5,-14700.0,-62982.5
364519,101.75,-252.05,1229.52,103582.5,-20930.0,-112402.5
364547,107.24,-264.62,1182.91,67952.5,-62772.5,-138722.5
364575,22.45,-274.13,1140.21,-8102.5,-74725.0,-123410.0
364604,-124.68,-273.04,1138.87,-33092.5,-40215.0,-47372.5
364632,-260.47,-263.28,1142.41,17832.5,11410.0,19565.0
364661,-349.77,-252.78,1110.93,15977.5,29137.5,66955.0
364689,-394.79,-248.03,1061.64,-14805.0,37520.0,98052.5
364718,-397.35,-251.32,1024.56,-52675.0,40652.5,111370.0
364746,-344.53,-256.81,1030.9,-75267.5,47285.0,98227.5
364775,-240.22,-255.1,1083.48,-49490.0,20807.5,54775.0
364803,-110.65,-244.49,1151.68,-4585.0,12005.0,-910.0
364832,8.54,-233.02,1199.02,41002.5,7210.0,-63805.0
364861,76.74,-232.65,1204.63,69650.0,-36610.0,-110477.5
364890,67.34,-246.81,1178.4,53952.5,-57120.0,-133227.5
364919,-39.28,-262.79,1147.41,7455.0,-91350.0,-120260.0
364947,-203.25,-264.37,1147.9,-23170.0,-102795.0,-28962.5
364975,-331.47,-254.49,1160.59,22172.5,23642.5,45692.5
365003,-399.67,-249.12,1126.43,33915.0,72502.5,87745.0
365032,-423.1,-253.76,1068.72,-28105.0,31920.0,116007.5
365060,-383.57,-266.81,1050.79,-66832.5,9607.5,109935.0
365089,-282.67,-275.6,1088.61,-50715.0,7332.5,66517.5
365117,-140.54,-270.35,1152.17,-332.5,25462.5,18480.0
365146,4.64,-257.79,1196.45,48457.5,14962.5,-56455.0
365175,97.72,-251.08,1195.84,72887.5,-39970.0,-113172.5
365204,113.7,-256.69,1152.29,45377.5,-46970.0,-139422.5
365232,20.98,-264.74,1109.47,-24150.0,-25042.5,-109725.0
365261,-148.6,-267.42,1115.08,-35822.5,-32515.0,-17412.5
365289,-301.46,-265.47,1129.72,31535.0,-6737.5,54285.0
365318,-388.69,-265.35,1102.76,39095.0,47040.0,109340.0
365347,-396.13,-271.21,1051.76,-10780.0,65835.0,131757.5
365375,-333.06,-276.57,1031.88,-73430.0,25042.5,109462.5
365403,-223.75,-273.89,1069.7,-53305.0,-507.5,65152.5
365431,-85.64,-264.74,1120.69,1557.5,11655.0,9625.0
365460,46.6,-256.69,1147.65,22645.0,-6860.0,-64347.5
365488,126.15,-259.13,1156.19,19705.0,-32497.5,-114975.0
365517,143.23,-272.91,1157.05,16607.5,-15347.5,-137410.0
365545,97.48,-288.41,1157.17,12372.5,9485.0,-139090.0
365574,-9.03,-296.83,1155.34,21997.5,-19110.0,-104947.5
365602,-151.16,-294.02,1132.04,32777.5,-30047.5,-47757.5
365631,-286.21,-283.28,1092.63,7105.0,-1680.0,28735.0
365660,-377.71,-277.31,1050.91,-6387.5,30257.5,89967.5
365689,-424.8,-284.99,1014.55,-34002.5,21630.0,122640.0
365717,-428.22,-303.54,1002.6,-39060.0,21227.5,144322.5
365746,-360.39,-323.42,1017.97,-41020.0,45307.5,134382.5
365774,-229.6,-330.99,1060.42,-43995.0,26985.0,80727.5
365802,-79.42,-324.76,1120.45,-16187.5,24850.0,12005.0
365831,49.29,-317.08,1164.0,31902.5,507.5,-66202.5
365859,128.59,-324.28,1169.0,57802.5,-42612.5,-119630.0
365888,149.45,-345.63,1142.9,43102.5,-41055.0,-144777.5
365916,110.53,-360.75,1110.93,3360.0,-20090.0,-131757.5
365945,30.99,-364.54,1096.54,-16502.5,-30747.5,-92697.5
365973,-68.2,-364.66,1098.0,-19092.5,-34125.0,-58502.5
366002,-176.9,-359.9,1106.42,-17605.0,-26145.0,-17237.5
366030,-271.08,-347.46,1115.08,1032.5,-1925.0,27965.0
366059,-335.74,-335.01,1101.17,25445.0,17342.5,62107.5
366087,-377.59,-329.89,1063.11,4427.5,11795.0,92697.5
366116,-394.18,-333.43,1030.78,-18462.5,5740.0,115850.0
366144,-375.88,-343.06,1019.43,-26092.5,17010.0,123637.5
366173,-318.18,-351.85,1025.29,-22697.5,25322.5,108482.5
366201,-227.16,-351.97,1041.76,-21455.0,6685.0,87027.5
366229,-99.92,-343.43,1073.84,-21262.5,2117.5,36960.0
366258,30.01,-333.43,1114.71,3762.5,-7875.0,-40792.5
366286,116.88,-331.72,1146.43,35262.5,-35052.5,-86975.0
366315,154.7,-340.14,1155.58,58205.0,-17727.5,-120715.0
366343,145.79,-347.21,1140.58,55457.5,13335.0,-135345.0
366372,61.0,-349.53,1112.15,52500.0,-13020.0,-121345.0
366400,-97.11,-347.21,1085.68,33320.0,-35945.0,-47547.5
366429,-254.86,-337.21,1066.28,11392.5,10255.0,30065.0
366457,-358.56,-328.3,1042.0,-2975.0,36960.0,90142.5
366486,-401.99,-331.23,1013.45,-28262.5,30782.5,122377.5
366514,-386.25,-345.38,1002.47,-57137.5,35770.0,136062.5
366543,-301.46,-358.68,1028.46,-63630.0,22260.0,115762.5
366571,-152.74,-358.31,1086.78,-32182.5,12880.0,65047.5
366599,17.93,-345.75,1141.31,18060.0,19670.0,-19915.0
366628,149.82,-335.99,1156.07,43960.0,-23765.0,-95025.0
366656,213.26,-343.06,1135.33,31797.5,-43260.0,-142257.5
366685,199.47,-363.44,1106.17,1260.0,2362.5,-157010.0
366713,87.6,-384.3,1079.58,-16485.0,10237.5,-131075.0
366742,-96.01,-396.62,1066.65,-38587.5,-62352.5,-36942.5
366770,-254.74,-395.16,1082.14,-18497.5,-34212.5,43365.0
366799,-345.75,-388.2,1081.04,42035.0,22190.0,87797.5
366827,-380.64,-387.84,1045.66,19950.0,20702.5,125212.5
366856,-346.6,-391.86,1021.14,-12950.0,9730.0,126402.5
366884,-248.27,-390.64,1024.8,-20685.0,-822.5,92890.0
366913,-94.31,-378.2,1060.91,-24080.0,31272.5,41860.0
366942,71.13,-360.88,1107.03,13737.5,30625.0,-52920.0
366971,171.29,-352.21,1125.94,40740.0,-35857.5,-116760.0
366999,184.95,-359.41,1114.84,36662.5,-25095.0,-141767.5
367027,110.53,-370.51,1091.41,9765.0,16607.5,-131757.5
367056,-45.38,-372.83,1075.31,-3920.0,-40337.5,-68477.5
367084,-211.79,-365.02,1076.53,7840.0,-39655.0,19337.5
367113,-322.81,-357.22,1060.79,46252.5,20370.0,76090.0
367141,-370.27,-357.95,1012.11,7892.5,43837.5,126192.5
367170,-342.33,-364.41,986.37,-49245.0,32340.0,140577.5
367198,-245.1,-363.93,1011.01,-43750.0,5460.0,92207.5
367227,-104.31,-350.14,1062.01,-12985.0,12180.0,41020.0
367255,50.26,-332.82,1107.76,17500.0,18777.5,-37835.0
367284,159.45,-327.81,1128.74,39882.5,-23730.0,-111247.5
367312,193.74,-341.72,1125.45,39025.0,-13335.0,-141330.0
367341,171.17,-360.88,1108.37,28052.5,17955.0,-144042.5
367369,91.99,-369.66,1094.1,7647.5,-15592.5,-122552.5
367398,-38.43,-367.1,1089.46,15487.5,-45255.0,-74952.5
367427,-191.78,-355.39,1073.6,24552.5,-51240.0,-7087.5
367455,-320.25,-341.84,1042.86,4130.0,12477.5,69265.0
367484,-398.45,-340.14,1005.77,-19635.0,45867.5,118580.0
367512,-430.78,-353.8,977.71,-46515.0,14805.0,148400.0
367541,-403.82,-376.86,975.88,-45797.5,16467.5,153947.5
367569,-301.83,-396.87,1002.11,-47040.0,40495.0,123130.0
367598,-137.98,-402.36,1056.76,-38342.5,54355.0,54197.5
367626,28.3,-395.77,1125.21,-4427.5,23292.5,-40022.5
367655,139.93,-399.06,1178.76,54915.0,-39427.5,-117355.0
367683,179.71,-422.24,1180.96,99750.0,-63140.0,-162767.5
367712,145.67,-446.15,1140.33,45832.5,-30870.0,-167142.5
367740,21.96,-456.77,1103.49,-12005.0,-27825.0,-128747.5
367769,-161.16,-452.62,1094.34,-34405.0,-39760.0,-33005.0
367797,-329.64,-442.62,1090.92,560.0,14507.5,58100.0
367826,-440.54,-441.52,1065.3,-3972.5,54530.0,132755.0
367854,-483.0,-454.94,1038.95,-26407.5,39340.0,174230.0
367882,-455.79,-482.51,1032.12,-20930.0,12425.0,189682.5
367910,-346.48,-510.94,1048.47,-38692.5,32305.0,149712.5
367938,-177.02,-521.31,1100.32,-40757.5,20790.0,64820.0
367967,-3.78,-516.43,1168.03,2415.0,10150.0,-31027.5
367995,123.34,-516.79,1202.92,55545.0,-37712.5,-118912.5
368024,181.66,-531.31,1189.99,57575.0,-74532.5,-168910.0
368052,169.09,-548.39,1160.22,14700.0,-46235.0,-183225.0
368081,69.78,-558.03,1142.53,-11987.5,-35262.5,-160685.0
368109,-107.12,-556.32,1142.53,-8435.0,-72975.0,-77700.0
368138,-290.12,-541.07,1152.66,5232.5,-16345.0,31290.0
368166,-406.26,-526.55,1138.5,26442.5,62772.5,111877.5
368195,-449.69,-526.31,1093.12,-8382.5,64032.5,151637.5
368223,-438.96,-539.97,1062.13,-45115.0,34615.0,166565.0
368252,-359.05,-560.47,1071.89,-59150.0,30660.0,160195.0
368280,-205.2,-574.74,1120.69,-51292.5,12372.5,112122.5
368308,-5.61,-580.48,1189.99,-10727.5,15767.5,-1610.0
368337,151.52,-590.48,1242.57,56157.5,-22785.0,-130235.0
368365,211.06,-610.24,1245.62,90702.5,-53042.5,-174720.0
368394,191.42,-630.5,1203.65,48055.0,-19040.0,-190312.5
368422,66.12,-640.87,1165.59,-13667.5,-15312.5,-163450.0
368451,-137.37,-632.94,1164.49,-18410.0,-55895.0,-53462.5
368479,-316.1,-611.83,1166.32,26320.0,-5425.0,50610.0
368508,-420.78,-598.17,1128.26,22470.0,58187.5,123690.0
368536,-454.82,-600.73,1080.07,-33390.0,58887.5,169627.5
368565,-408.58,-614.76,1075.67,-61215.0,31937.5,175385.0
368593,-286.7,-624.03,1117.28,-44345.0,23677.5,118037.5
368622,-120.78,-619.03,1179.37,-13160.0,33827.5,39252.5
368650,38.06,-606.34,1233.91,32602.5,10587.5,-57592.5
368679,142.74,-599.75,1246.6,73395.0,-41772.5,-126542.5
368707,176.78,-604.63,1207.8,53340.0,-75407.5,-176242.5
368735,110.29,-610.85,1159.12,-13755.0,-69562.5,-177397.5
368763,-62.83,-608.29,1144.85,-44012.5,-66517.5,-91752.5
368791,-252.42,-591.94,1166.08,-19075.0,-26652.5,27405.0
368820,-377.83,-573.89,1169.25,31850.0,45867.5,101570.0
368848,-436.15,-571.45,1128.99,8610.0,73062.5,155977.5
368877,-422.85,-585.97,1094.34,-46882.5,74112.5,176330.0
368905,-338.92,-603.29,1097.39,-68950.0,28647.5,141837.5
368934,-216.31,-611.22,1130.94,-49297.5,-22925.0,78767.5
368962,-71.74,-611.34,1176.32,-14035.0,-3920.0,17045.0
368991,78.57,-608.29,1219.15,10360.0,5722.5,-65642.5
369020,184.71,-615.12,1245.86,46795.0,-40687.5,-141977.5
369049,217.4,-634.64,1245.38,57102.5,-50312.5,-183312.5
369077,177.75,-655.02,1220.85,31430.0,-18007.5,-186427.5
369106,45.14,-666.73,1195.6,-6457.5,-49717.5,-150395.0
369134,-151.89,-660.26,1199.14,-8767.5,-49245.0,-41142.5
369163,-317.2,-641.23,1199.26,32445.0,43627.5,65292.5
369192,-406.99,-628.3,1153.51,14542.5,71855.0,137497.5
369220,-428.1,-630.5,1104.47,-39445.0,49700.0,173197.5
369249,-364.41,-642.33,1105.56,-53497.5,46200.0,163747.5
369277,-211.06,-646.11,1156.93,-46357.5,32410.0,88147.5
369306,-19.15,-633.91,1232.81,-15522.5,29382.5,-9572.5
369334,137.25,-620.0,1281.98,55475.0,-70.0,-106610.0
369363,213.74,-621.71,1259.53,80972.5,-65012.5,-168297.5
369391,191.3,-640.26,1195.72,10902.5,-63945.0,-184800.0
369420,45.26,-661.61,1165.83,-45832.5,-45062.5,-129622.5
369448,-162.63,-666.12,1196.82,-17570.0,-56892.5,-10552.5
369477,-321.1,-657.46,1212.68,47477.5,19757.5,88655.0
369505,-397.96,-656.73,1166.93,21630.0,67305.0,154752.5
369534,-393.33,-670.02,1123.99,-38972.5,65292.5,184327.5
369562,-291.09,-685.88,1139.97,-62492.5,56000.0,147227.5
369591,-114.31,-684.79,1210.61,-34230.0,29487.5,55457.5
369620,65.39,-668.19,1285.88,33180.0,11130.0,-49385.0
369648,186.66,-657.34,1304.67,84385.0,-52727.5,-130340.0
369676,218.99,-662.34,1262.58,46585.0,-73762.5,-172900.0
369704,139.32,-679.91,1228.54,-14052.5,-11620.0,-161105.0
369732,-34.65,-690.15,1242.45,2240.0,-10010.0,-91875.0
369760,-224.24,-674.66,1245.86,55632.5,-5950.0,-5232.5
369789,-361.36,-647.7,1189.5,41300.0,32410.0,85050.0
369817,-426.63,-630.5,1116.06,-19005.0,39795.0,143937.5
369846,-431.64,-631.23,1074.09,-45517.5,27020.0,163747.5
369874,-364.05,-642.33,1075.19,-53672.5,45570.0,153790.0
369903,-214.48,-646.6,1123.86,-57242.5,42227.5,93135.0
369931,-27.08,-636.23,1204.02,-13527.5,18322.5,-5722.5
369960,125.66,-624.15,1255.26,50890.0,-40600.0,-102165.0
369988,205.57,-627.69,1237.81,55807.5,-69842.5,-163117.5
370017,194.83,-647.94,1187.43,-3412.5,-47355.0,-185972.5
370045,60.76,-672.95,1164.49,-41492.5,-51625.0,-150570.0
370073,-146.28,-679.42,1198.89,-29347.5,-94762.5,-38832.5
370101,-313.42,-665.02,1232.08,39882.5,7140.0,61215.0
370129,-402.23,-653.68,1201.94,43242.5,66290.0,132282.5
370158,-422.12,-656.12,1152.41,-12250.0,56210.0,182315.0
370186,-367.83,-669.29,1135.7,-37222.5,36977.5,192115.0
370215,-222.16,-683.32,1165.95,-31762.5,24850.0,143990.0
370243,-25.01,-687.23,1228.66,4462.5,24377.5,15050.0
370272,132.13,-681.49,1273.31,55247.5,-3202.5,-90370.0
370300,216.92,-676.61,1256.23,74970.0,-39602.5,-149415.0
370329,207.4,-678.44,1187.55,26652.5,-49717.5,-182122.5
370357,44.53,-681.74,1151.44,-48562.5,-48947.5,-124722.5
370386,-185.32,-666.36,1191.94,-49070.0,-50312.5,13440.0
370414,-333.79,-643.18,1213.41,40355.0,9590.0,92697.5
370443,-392.6,-634.89,1157.78,38815.0,60427.5,143272.5
370472,-371.12,-641.72,1105.93,-34965.0,51292.5,169487.5
370500,-264.01,-652.82,1118.62,-55877.5,-3762.5,126752.5
370529,-96.62,-653.31,1178.03,-22102.5,-2922.5,50050.0
370557,71.98,-645.01,1227.32,35840.0,1785.0,-44380.0
370586,183.24,-637.69,1226.1,56367.5,-25130.0,-112892.5
370614,225.09,-635.01,1174.74,36627.5,-27317.5,-158655.0
370643,143.59,-641.96,1115.32,-36015.0,-6195.0,-169680.0
370671,-66.73,-641.48,1118.98,-72432.5,-33460.0,-58030.0
370700,-260.1,-620.25,1148.51,7665.0,-51327.5,56910.0
370728,-351.24,-598.65,1120.08,38150.0,27912.5,114397.5
370757,-365.51,-589.14,1076.77,-20772.5,46147.5,140840.0
370785,-326.47,-594.38,1073.11,-29260.0,4200.0,144217.5
370814,-231.19,-603.9,1094.34,-2870.0,-14507.5,124687.5
370842,-76.74,-604.75,1112.4,17832.5,-12180.0,67900.0
370870,100.41,-597.43,1111.3,15820.0,-37065.0,-25672.5
370899,237.66,-597.31,1102.51,192.5,-51730.0,-118842.5
370927,293.17,-616.59,1096.05,-3430.0,-5670.0,-190207.5
370956,226.68,-642.57,1102.88,6335.0,98490.0,-220727.5
370984,16.84,-648.06,1086.53,33967.5,33425.0,-109182.5
371013,-199.35,-625.86,1057.01,-10920.0,-96495.0,67602.5
371041,-299.14,-596.46,1037.37,-7875.0,2572.5,103232.5
371070,-320.62,-576.82,1015.04,-12162.5,38902.5,122675.0
371098,-297.68,-573.64,1015.16,-28385.0,5775.0,152617.5
371127,-224.36,-584.26,1034.32,-24430.0,-37782.5,165655.0
371155,-108.09,-599.87,1053.59,-105.0,-50680.0,145652.5
371184,30.26,-612.2,1056.64,22837.5,-37502.5,75530.0
371213,162.26,-612.68,1038.1,23607.5,-53375.0,-30782.5
371242,257.18,-607.56,1010.16,-5145.0,-46235.0,-141417.5
371270,278.65,-609.63,994.06,-29067.5,17412.5,-240642.5
371298,172.02,-616.34,995.03,-8120.0,111055.0,-255132.5
371327,-41.97,-606.46,979.9,-28280.0,-5652.5,-65380.0
371355,-211.91,-581.09,979.29,-63420.0,-87482.5,127242.5
371384,-264.98,-563.88,991.37,7192.5,-10762.5,158410.0
371412,-261.81,-562.79,983.08,9782.5,11025.0,172340.0
371441,-239.49,-586.58,987.59,-4637.5,15540.0,218907.5
371469,-162.02,-639.77,999.18,-3832.5,43627.5,236985.0
371498,-8.3,-676.86,1008.33,12565.0,-1207.5,87325.0
371527,140.79,-692.23,1012.11,42035.0,-15750.0,-67935.0
371556,232.78,-711.02,1012.84,41702.5,11690.0,-181317.5
371584,274.26,-728.95,1013.33,47337.5,-9765.0,-254782.5
371613,225.7,-754.69,990.03,26215.0,-8942.5,-291060.0
371642,27.82,-755.3,979.42,-48702.5,-157.5,-157832.5
371671,-188.37,-720.53,1008.09,-36802.5,-48440.0,86712.5
371699,-275.6,-688.32,1010.89,32410.0,-46340.0,169032.5
371727,-289.38,-670.02,1000.89,15015.0,32830.0,163957.5
371756,-286.46,-681.61,1008.7,24937.5,50260.0,222337.5
371784,-241.8,-729.07,1010.28,-7875.0,56472.5,247030.0
371813,-111.14,-757.86,1018.21,-22995.0,-8487.5,142782.5
371841,63.2,-756.03,1030.17,39340.0,-38290.0,-50662.5
371870,196.79,-769.58,1024.07,39672.5,-21542.5,-245577.5
371898,248.76,-822.52,1010.89,-7052.5,-31745.0,-369827.5
371927,136.64,-892.67,1004.55,-35035.0,20300.0,-371875.0
371955,-100.04,-904.75,1017.97,-77857.5,-10132.5,-90632.5
371984,-257.42,-863.76,1031.51,14840.0,-105822.5,133630.0
372012,-299.63,-818.62,1011.38,22820.0,-8470.0,122867.5
372041,-313.42,-779.34,994.54,-7420.0,25305.0,136185.0
372070,-307.44,-760.43,1003.21,-1102.5,5162.5,189087.5
372098,-254.0,-756.16,1022.36,-18882.5,-19530.0,179165.0
372127,-169.09,-756.28,1046.39,15295.0,-14070.0,126980.0
372155,-49.29,-756.03,1049.44,53672.5,13090.0,39742.5
372184,93.09,-755.18,1040.17,32917.5,-66832.5,-88690.0
372212,208.62,-772.26,1037.12,157.5,-76860.0,-232820.0
372241,270.96,-825.94,1022.48,-39165.0,-6545.0,-360167.5
372269,193.74,-905.24,975.51,-85382.5,15347.5,-358522.5
372298,-5.12,-932.32,1008.7,-129185.0,-68495.0,-144707.5
372326,-169.82,-906.95,1081.53,65152.5,15557.5,14350.0
372355,-244.98,-879.25,1063.6,45377.5,46217.5,57032.5
372383,-289.51,-844.85,1037.98,1662.5,16800.0,89110.0
372412,-317.69,-819.6,1032.12,4410.0,21192.5,152110.0
372440,-288.16,-804.96,1035.05,-630.0,7367.5,162680.0
372469,-199.23,-783.97,1056.03,14735.0,11112.5,136360.0
372497,-62.22,-751.03,1083.12,49822.5,36872.5,56105.0
372525,91.01,-716.63,1088.61,42805.0,10850.0,-37362.5
372554,216.79,-695.77,1082.38,10010.0,-10045.0,-134365.0
372582,295.24,-700.4,1075.31,6912.5,-1820.0,-222267.5
372611,277.92,-721.87,1046.39,-35980.0,-54232.5,-237860.0
372639,137.37,-746.4,1049.2,-60200.0,-18007.5,-147052.5
372668,-58.93,-766.04,1068.35,1610.0,-2152.5,-37870.0
372696,-221.06,-766.53,1058.96,18672.5,665.0,59080.0
372725,-305.73,-755.42,1036.51,8837.5,18182.5,112840.0
372753,-330.99,-745.3,1022.36,-21892.5,5967.5,164080.0
372782,-294.39,-736.15,1048.96,-682.5,24675.0,187215.0
372810,-201.54,-722.0,1073.36,39952.5,30030.0,148085.0
372839,-55.39,-696.13,1088.85,29120.0,20562.5,98297.5
372868,107.85,-670.15,1098.61,39935.0,-44852.5,-27440.0
372897,220.82,-656.36,1092.88,9117.5,-49595.0,-133297.5
372926,264.25,-664.17,1072.62,-3500.0,-29627.5,-219187.5
372954,181.54,-693.94,1045.05,-73605.0,-20790.0,-217332.5
372982,-19.76,-711.02,1062.38,-86712.5,-27860.0,-110547.5
373010,-221.43,-695.77,1101.54,12250.0,-5320.0,27632.5
373039,-330.62,-675.64,1088.61,45325.0,37922.5,108832.5
373067,-369.54,-664.66,1052.25,-18585.0,24727.5,150955.0
373096,-357.09,-659.9,1057.37,-27562.5,20965.0,186235.0
373124,-281.58,-656.97,1084.21,26932.5,15207.5,144410.0
373153,-136.88,-643.43,1094.71,42980.0,-10202.5,107117.5
373181,44.41,-629.28,1091.78,19145.0,-50347.5,-31745.0
373210,181.78,-630.98,1094.95,-8050.0,-23887.5,-161805.0
373238,225.7,-651.11,1093.0,-455.0,13860.0,-236985.0
373267,136.15,-681.61,1075.8,-35717.5,-40915.0,-193445.0
373295,-72.59,-696.38,1082.38,-62667.5,-77052.5,-80710.0
373323,-287.8,-684.05,1099.83,3780.0,8890.0,35052.5
373352,-394.91,-667.58,1084.7,23222.5,61180.0,111842.5
373380,-409.92,-657.82,1068.72,-14717.5,24132.5,146405.0
373409,-365.02,-649.65,1085.43,-11987.5,17920.0,159092.5
373437,-253.03,-635.38,1113.25,29312.5,33652.5,100642.5
373466,-96.87,-611.1,1127.04,39830.0,-7332.5,27037.5
373494,68.2,-591.46,1131.18,19757.5,-38692.5,-72800.0
373523,194.59,-591.33,1134.97,3990.0,-42770.0,-174545.0
373551,209.23,-615.12,1123.13,-11217.5,-59552.5,-215635.0
373580,64.05,-661.0,1107.52,-59465.0,-76370.0,-147717.5
373608,-180.56,-687.59,1133.38,-61530.0,-55002.5,-21997.5
373637,-361.85,-682.22,1160.95,28332.5,39970.0,86765.0
373666,-407.36,-678.69,1141.43,27335.0,50610.0,136080.0
373694,-375.88,-675.64,1131.18,-20895.0,20037.5,151235.0
373722,-293.17,-663.07,1156.56,-1032.5,40127.5,121975.0
373750,-171.65,-635.86,1178.76,32165.0,42140.0,58065.0
373779,-54.66,-600.73,1177.3,27160.0,-2082.5,21437.5
373807,59.54,-569.01,1173.76,18637.5,-20667.5,-35700.0
373836,165.43,-551.07,1164.61,40145.0,-35980.0,-134820.0
373864,199.47,-557.3,1125.33,1312.5,-74637.5,-189297.5
373893,86.38,-590.6,1104.83,-83982.5,-139125.0,-125720.0
373921,-121.27,-620.25,1156.8,-94867.5,-30362.5,-18025.0
373950,-272.79,-621.1,1211.22,14857.5,39007.5,66447.5
373978,-327.81,-612.81,1205.73,34615.0,38482.5,115045.0
374007,-320.86,-607.32,1188.77,7367.5,39322.5,131845.0
374036,-266.08,-599.51,1188.77,9152.5,44135.0,118282.5
374064,-170.56,-582.06,1190.72,23117.5,37625.0,78907.5
374093,-46.24,-551.44,1187.79,22505.0,21052.5,24605.0
374121,93.57,-519.96,1183.64,12372.5,-9572.5,-51607.5
374150,217.77,-504.59,1184.86,-2712.5,-37467.5,-139597.5
374178,266.08,-518.01,1181.2,-10220.0,-84980.0,-190610.0
374207,166.41,-576.45,1183.16,-52115.0,-132650.0,-137865.0
374235,-41.36,-634.16,1227.44,-57347.5,-63630.0,-28052.5
374264,-212.04,-646.36,1273.68,11392.5,58940.0,62580.0
374292,-269.86,-644.28,1267.09,47600.0,90877.5,115640.0
374321,-259.01,-642.09,1230.49,26127.5,39375.0,152722.5
374349,-208.01,-634.64,1216.95,5512.5,40687.5,150517.5
374378,-125.05,-615.98,1221.83,17762.5,84122.5,79450.0
374407,-43.55,-588.16,1214.27,13177.5,47110.0,77245.0
374436,63.2,-557.05,1224.15,6545.0,-2327.5,30940.0
374465,175.56,-533.99,1235.13,51502.5,-30432.5,-88392.5
374493,231.68,-530.46,1221.22,16485.0,-51012.5,-162802.5
374521,175.44,-549.98,1196.94,-19057.5,-62475.0,-178990.0
374549,-5.0,-574.25,1193.89,-56997.5,-104247.5,-66587.5
374578,-189.1,-575.6,1218.66,-20142.5,-31605.0,30940.0
374606,-280.11,-564.49,1219.76,20755.0,48072.5,79310.0
374635,-287.8,-552.17,1195.23,13930.0,37345.0,102620.0
374663,-252.05,-536.68,1182.3,3727.5,19215.0,96022.5
374692,-193.0,-517.4,1181.57,23205.0,33547.5,69370.0
374720,-112.48,-489.71,1175.96,17535.0,36522.5,44275.0
374749,-11.83,-459.7,1171.57,14262.5,-5302.5,5162.5
374778,87.6,-437.61,1168.39,17780.0,-32200.0,-59797.5
374807,162.02,-428.34,1155.83,6405.0,-32462.5,-121905.0
374835,175.31,-432.12,1136.55,-28840.0,-42140.0,-155802.5
374863,85.77,-459.7,1130.7,-50067.5,-55020.0,-122465.0
374891,-96.01,-495.08,1159.24,-45727.5,-82232.5,-36610.0
374919,-257.42,-508.25,1202.07,8225.0,19827.5,58642.5
374948,-323.3,-509.47,1198.41,57557.5,62160.0,101937.5
374976,-326.47,-511.06,1168.03,23292.5,33372.5,131232.5
375005,-280.48,-509.59,1159.37,18042.5,35297.5,125877.5
375033,-184.34,-494.47,1160.71,25900.0,40407.5,87727.5
375062,-52.22,-461.65,1160.46,26267.5,18025.0,21857.5
375090,82.47,-428.95,1152.66,8172.5,-8417.5,-69667.5
375119,177.88,-413.21,1142.9,-14070.0,-29627.5,-143867.5
375147,209.6,-414.56,1136.55,-15172.5,-50575.0,-168857.5
375176,158.6,-441.4,1129.48,-19197.5,-47740.0,-141610.0
375204,8.05,-496.17,1134.72,-27702.5,-49472.5,-77612.5
375232,-177.63,-536.31,1156.8,-14577.5,-245.0,17465.0
375261,-284.99,-548.15,1164.25,22347.5,54757.5,94885.0
375289,-304.63,-552.05,1146.8,10710.0,25987.5,128310.0
375318,-271.33,-544.73,1145.95,-9135.0,23362.5,124005.0
375346,-189.47,-520.7,1163.76,19530.0,49402.5,91437.5
375375,-69.78,-478.61,1173.76,34510.0,28507.5,44957.5
375403,50.39,-433.83,1165.47,37240.0,-19267.5,-21472.5
375432,129.81,-405.53,1140.33,15872.5,-38902.5,-76825.0
375460,161.89,-396.26,1108.0,1330.0,-39375.0,-111265.0
375489,132.98,-404.43,1079.09,-29715.0,-32165.0,-111107.5
375517,25.38,-432.37,1078.11,-55755.0,-19372.5,-83335.0
375546,-136.15,-454.94,1117.28,-30502.5,-29172.5,-7280.0
375574,-262.79,-459.33,1147.9,43120.0,28315.0,75197.5
375603,-318.79,-461.65,1134.11,36172.5,34055.0,107642.5
375631,-329.64,-463.6,1112.64,10150.0,29960.0,129412.5
375659,-288.04,-461.16,1106.78,3167.5,29242.5,111002.5
375688,-201.91,-440.3,1111.54,2537.5,13475.0,71085.0
375716,-87.11,-400.53,1126.55,-367.5,18200.0,21805.0
375745,35.5,-359.53,1141.31,13037.5,7227.5,-43487.5
375773,131.15,-332.82,1144.12,17290.0,-37940.0,-90195.0
375802,180.44,-324.03,1135.33,14315.0,-50837.5,-125457.5
375830,156.65,-346.24,1108.37,-4690.0,-40512.5,-135082.5
375859,2.32,-406.63,1089.58,-53427.5,-95497.5,-85715.0
375887,-216.55,-449.2,1127.04,-49997.5,-48877.5,35945.0
375916,-327.94,-461.4,1159.0,50137.5,98332.5,106260.0
375944,-322.32,-464.7,1141.68,35560.0,62737.5,111282.5
375973,-268.16,-448.23,1139.24,4077.5,17342.5,108500.0
376001,-172.75,-415.53,1158.63,12477.5,36645.0,65922.5
376030,-47.82,-366.37,1175.59,18760.0,25410.0,7525.0
376059,76.62,-317.69,1181.2,29295.0,-19967.5,-41720.0
376088,176.66,-289.99,1174.13,23957.5,-57242.5,-95357.5
376117,227.04,-287.55,1156.56,4637.5,-61670.0,-141505.0
376145,182.02,-320.74,1130.09,-31097.5,-45692.5,-145092.5
376173,14.4,-386.01,1124.35,-71960.0,-68845.0,-83982.5
376201,-202.28,-428.22,1165.71,-46952.5,-25882.5,17132.5
376230,-328.91,-444.93,1186.94,61985.0,71627.5,99785.0
376258,-351.12,-460.06,1152.41,36575.0,46655.0,115657.5
376287,-336.23,-462.14,1133.75,-16520.0,29680.0,118527.5
376315,-283.28,-454.82,1151.8,-7140.0,51677.5,111440.0
376344,-181.66,-427.85,1178.03,13930.0,49315.0,69125.0
376372,-44.41,-380.03,1196.58,26425.0,24745.0,22365.0
376401,101.99,-336.96,1200.72,19775.0,-30485.0,-43925.0
376429,204.72,-319.88,1189.62,10832.5,-64557.5,-110862.5
376458,218.01,-333.79,1162.17,-10762.5,-49752.5,-143867.5
376486,92.48,-393.82,1134.6,-52727.5,-67655.0,-117845.0
376515,-139.45,-444.2,1166.32,-89407.5,-93310.0,-7157.5
376543,-314.39,-455.67,1223.9,11777.5,41387.5,88725.0
376571,-356.61,-467.02,1212.44,77980.0,72485.0,126892.5
376600,-324.28,-469.94,1175.59,17010.0,27545.0,123637.5
376628,-251.32,-458.84,1173.88,-2397.5,27037.5,98455.0
376657,-141.76,-431.15,1188.16,13247.5,42192.5,44975.0
376685,-10.37,-390.64,1196.58,26442.5,9135.0,-3465.0
376714,121.27,-355.26,1195.11,25812.5,-31657.5,-67130.0
376742,221.55,-339.28,1184.13,10587.5,-61110.0,-130900.0
376771,256.57,-347.7,1170.47,-9047.5,-66710.0,-170642.5
376799,182.27,-397.48,1152.29,-31937.5,-31727.5,-152477.5
376828,-34.28,-477.14,1156.19,-72817.5,-64977.5,-76195.0
376856,-274.87,-525.82,1204.38,-10220.0,-7472.5,58415.0
376885,-372.71,-547.05,1206.21,92365.0,79187.5,142502.5
376913,-349.16,-560.47,1159.73,9012.5,32060.0,141137.5
376942,-279.75,-551.07,1153.27,-28105.0,26285.0,117250.0
376970,-169.95,-518.74,1178.64,-20055.0,57715.0,65590.0
376998,-32.33,-465.31,1208.04,2922.5,31360.0,2625.0
377027,95.04,-412.6,1228.05,24202.5,-18305.0,-53007.5
377055,187.39,-382.1,1226.47,38342.5,-47635.0,-105122.5
377084,226.19,-377.71,1198.41,20895.0,-65205.0,-145687.5
377112,158.36,-419.31,1159.0,-23537.5,-61862.5,-138250.0
377141,-41.11,-492.88,1159.49,-64277.5,-75967.5,-59185.0
377169,-260.23,-535.82,1204.38,-15592.5,13842.5,50347.5
377198,-347.94,-553.88,1204.38,74287.5,69142.5,139160.0
377226,-317.93,-564.74,1165.22,6790.0,21052.5,137392.5
377255,-247.78,-554.49,1156.68,-20790.0,18515.0,119280.0
377283,-145.42,-524.36,1170.71,-20597.5,44345.0,69615.0
377312,-17.08,-471.9,1191.09,-10972.5,31657.5,10272.5
377341,114.19,-414.68,1211.95,10552.5,-10937.5,-46812.5
377370,222.53,-380.64,1220.37,33285.0,-49035.0,-99662.5
377399,290.85,-378.81,1206.7,36015.0,-68040.0,-145880.0
377427,292.92,-409.07,1170.96,10762.5,-63630.0,-165690.0
377456,180.32,-486.05,1146.31,-51782.5,-78172.5,-123567.5
377484,-32.94,-560.96,1190.11,-83387.5,-68722.5,-18742.5
377513,-207.64,-589.75,1257.7,22242.5,52972.5,77420.0
377541,-270.6,-604.27,1250.74,76790.0,56210.0,128852.5
377570,-277.92,-614.39,1221.59,5302.5,28595.0,151795.0
377598,-244.37,-618.05,1230.74,6580.0,59552.5,158917.5
377627,-159.09,-606.1,1246.96,19442.5,56262.5,116077.5
377655,-35.14,-564.86,1258.8,23292.5,41370.0,63805.0
377684,108.46,-504.96,1260.63,27982.5,24972.5,1137.5
377713,244.85,-455.06,1245.74,29610.0,-25602.5,-62230.0
377742,343.67,-433.22,1220.0,15942.5,-58170.0,-128432.5
377770,373.2,-436.76,1192.55,-6825.0,-59237.5,-163660.0
377798,304.88,-477.02,1168.52,-33022.5,-45902.5,-146842.5
377826,117.85,-543.14,1174.86,-78225.0,-97387.5,-72625.0
377854,-98.21,-575.23,1232.32,-41230.0,-40757.5,36750.0
377883,-220.58,-579.87,1255.87,76475.0,60812.5,102287.5
377911,-258.4,-587.8,1213.9,32812.5,50592.5,142187.5
377940,-240.83,-590.6,1200.24,-13597.5,41930.0,144707.5
377968,-168.12,-578.77,1219.51,19372.5,46515.0,108115.0
377997,-43.43,-538.75,1236.1,27685.0,50995.0,66937.5
378025,125.17,-482.88,1250.01,37222.5,16170.0,-1172.5
378054,278.89,-444.45,1245.62,35910.0,-54757.5,-87675.0
378082,359.17,-438.47,1226.71,10150.0,-71225.0,-148312.5
378111,344.28,-458.48,1208.04,-10167.5,-45762.5,-160580.0
378139,227.04,-507.89,1192.92,-36960.0,-36015.0,-133087.5
378168,25.01,-552.54,1204.26,-61810.0,-79712.5,-58152.5
378196,-166.41,-562.54,1233.18,-2975.0,1697.5,48720.0
378225,-262.3,-565.35,1217.68,47267.5,44292.5,107415.0
378253,-289.99,-569.5,1185.6,-11217.5,27335.0,124880.0
378281,-273.28,-569.37,1191.33,-9852.5,30502.5,134732.5
378310,-197.52,-556.69,1213.9,15435.0,37380.0,119070.0
378338,-53.68,-514.35,1235.13,23537.5,50977.5,66570.0
378367,127.12,-457.99,1241.72,27422.5,31885.0,-22505.0
378395,272.18,-424.19,1225.86,24150.0,-23957.5,-101570.0
378424,337.45,-422.24,1196.33,9292.5,-70455.0,-133560.0
378452,309.88,-448.23,1168.88,-21017.5,-65992.5,-131915.0
378481,165.07,-505.08,1159.98,-55667.5,-69212.5,-98367.5
378509,-44.9,-537.29,1204.26,-64575.0,-68547.5,-9257.5
378538,-199.23,-530.82,1251.72,32742.5,47915.0,64085.0
378566,-261.81,-528.87,1224.88,59447.5,55930.0,102865.0
378595,-271.82,-526.55,1192.18,-8925.0,28070.0,116375.0
378623,-242.29,-519.6,1199.63,2782.5,26495.0,122780.0
378652,-147.25,-500.44,1215.0,23765.0,31062.5,106522.5
378680,20.98,-464.09,1221.59,40022.5,22610.0,33635.0
378708,200.57,-431.27,1206.21,27545.0,-27475.0,-65362.5
378737,319.88,-425.41,1177.79,-4077.5,-56157.5,-144882.5
378765,330.13,-451.4,1152.41,-44257.5,-70385.0,-177520.0
378793,220.21,-498.37,1156.19,-81620.0,-53585.0,-137812.5
378821,42.46,-534.48,1195.97,-57487.5,-45745.0,-68162.5
378850,-122.98,-538.26,1231.59,12635.0,-6107.5,19722.5
378878,-219.23,-532.9,1224.51,61792.5,25777.5,76965.0
378907,-257.18,-533.14,1189.26,25742.5,19425.0,104755.0
378935,-262.18,-533.51,1174.62,-8715.0,32200.0,119245.0
378964,-221.92,-531.43,1187.67,11795.0,44100.0,119227.5
378992,-108.7,-511.06,1198.77,39480.0,40057.5,87045.0
379021,67.59,-467.75,1194.38,14962.5,26967.5,-927.5
379050,232.53,-426.15,1186.69,-13317.5,-4462.5,-102987.5
379079,327.33,-406.63,1183.89,-5582.5,-49367.5,-147612.5
379107,335.87,-420.66,1172.54,7875.0,-66150.0,-156922.5
379135,222.77,-483.73,1155.34,-25882.5,-57435.0,-120487.5
379163,7.56,-547.05,1175.59,-56175.0,-58870.0,-30275.0
379191,-177.75,-568.4,1219.27,3710.0,39900.0,69492.5
379220,-245.95,-580.84,1209.75,62037.5,77052.5,124897.5
379248,-231.8,-588.28,1182.18,-7577.5,42437.5,137357.5
379277,-163.24,-572.67,1200.24,-7280.0,50750.0,111440.0
379305,-32.45,-525.7,1233.79,21595.0,58817.5,53567.5
379334,132.61,-458.48,1253.79,30065.0,15540.0,-24675.0
379362,261.08,-408.58,1253.92,29960.0,-41265.0,-92330.0
379391,308.05,-390.89,1234.15,24115.0,-47250.0,-122780.0
379419,267.3,-408.94,1196.09,4882.5,5565.0,-127890.0
379448,101.38,-471.77,1152.78,-33565.0,-58275.0,-80412.5
379476,-129.81,-518.62,1167.05,-61530.0,-81602.5,33022.5
379505,-271.33,-531.07,1194.14,44870.0,59727.5,104580.0
379534,-305.73,-542.53,1153.39,37887.5,43155.0,130235.0
379562,-284.02,-545.1,1127.16,-23975.0,-245.0,139527.5
379591,-200.08,-533.75,1147.41,-2870.0,40442.5,109340.0
379619,-59.54,-496.91,1167.17,12250.0,39147.5,38972.5
379648,92.48,-445.18,1180.47,9957.5,-1120.0,-32917.5
379676,214.72,-407.24,1181.57,21157.5,-42490.0,-99295.0
379705,284.63,-396.5,1161.68,21980.0,-89022.5,-152355.0
379733,264.01,-420.53,1122.16,-13947.5,-129937.5,-145162.5
379762,128.47,-479.46,1123.62,-96337.5,-104475.0,-70175.0
379790,-55.02,-524.48,1206.95,-84070.0,-13107.5,10167.5
379819,-187.15,-538.26,1285.15,39567.5,49945.0,78767.5
379847,-232.41,-551.93,1282.1,93362.5,64242.5,125965.0
379876,-211.67,-559.86,1243.55,35385.0,56017.5,131547.5
379904,-144.57,-550.46,1221.71,6370.0,41335.0,113750.0
379932,-34.65,-521.18,1218.54,-6107.5,31080.0,71295.0
379961,103.58,-474.09,1230.0,3920.0,23450.0,-210.0
379989,232.29,-427.61,1237.32,19285.0,-12827.5,-63927.5
380018,321.1,-402.36,1229.39,26512.5,-56087.5,-113540.0
380046,344.04,-400.77,1201.82,17920.0,-59797.5,-147455.0
380075,267.06,-437.0,1163.15,-23222.5,-32760.0,-133805.0
380103,59.78,-491.42,1166.69,-70857.5,-77122.5,-58765.0
380132,-165.8,-519.96,1228.91,-25165.0,-13195.0,82722.5
380160,-264.5,-538.26,1240.01,85120.0,81987.5,144865.0
380189,-246.56,-553.51,1194.99,14332.5,69317.5,145547.5
380217,-157.14,-546.56,1185.6,-24587.5,25095.0,120627.5
380246,-18.3,-518.5,1204.75,-16782.5,21087.5,71837.5
380275,139.81,-481.78,1225.61,4287.5,19110.0,-15855.0
380304,268.4,-454.57,1233.18,23905.0,-24342.5,-88812.5
380332,343.06,-446.52,1221.22,27387.5,-62562.5,-134067.5
380360,338.67,-460.31,1185.35,5950.0,-54845.0,-160965.0
380389,214.6,-504.23,1157.66,-52237.5,-27247.5,-126612.5
380417,-7.81,-542.53,1193.65,-68757.5,-53497.5,-23782.5
380446,-197.15,-552.29,1250.38,19862.5,17972.5,85540.0
380474,-266.57,-559.61,1235.37,80325.0,69965.0,131810.0
380503,-253.76,-565.1,1193.77,5005.0,49997.5,137077.5
380531,-188.12,-562.42,1192.43,-2887.5,21210.0,131512.5
380560,-65.64,-544.36,1214.39,1680.0,23450.0,81182.5
380589,90.65,-508.62,1240.13,18970.0,23030.0,-4340.0
380618,227.16,-476.78,1248.18,29400.0,-22575.0,-76020.0
380646,312.32,-465.06,1231.71,24202.5,-58345.0,-131145.0
380675,333.3,-468.97,1192.92,1942.5,-52850.0,-171290.0
380703,240.95,-502.64,1143.63,-34230.0,-51712.5,-155365.0
380732,13.42,-548.51,1152.17,-82110.0,-82985.0,-53077.5
380761,-212.28,-566.32,1217.56,-6492.5,30922.5,71662.5
380789,-308.29,-574.62,1214.14,85890.0,96985.0,137602.5
380818,-301.46,-586.58,1165.59,-13982.5,50872.5,153475.0
380846,-231.8,-589.75,1169.37,-41615.0,24587.5,135677.5
380875,-107.12,-574.13,1204.87,-15977.5,38885.0,82337.5
380903,48.56,-539.36,1240.5,2922.5,43697.5,8522.5
380932,189.83,-509.11,1265.26,16520.0,7735.0,-70577.5
380960,275.6,-501.91,1268.8,29470.0,-27125.0,-128625.0
380989,295.12,-517.04,1249.28,27317.5,-40617.5,-162732.5
381017,226.43,-555.1,1220.0,560.0,-40372.5,-173705.0
381046,30.26,-592.92,1223.17,-14210.0,-67147.5,-109497.5
381074,-213.99,-609.15,1240.25,67410.0,-11322.5,33512.5
381103,-355.51,-616.59,1196.7,70000.0,77735.0,125055.0
381132,-380.88,-620.13,1138.26,-30467.5,56542.5,142380.0
381160,-340.87,-617.44,1134.97,-47985.0,22382.5,142555.0
381188,-243.76,-601.46,1164.86,-27335.0,24710.0,108657.5
381216,-102.48,-563.4,1204.51,-6527.5,48090.0,36575.0
381245,41.72,-515.82,1237.81,18847.5,8627.5,-32707.5
381273,150.79,-483.36,1250.87,39007.5,-43155.0,-82320.0
381302,217.16,-472.87,1235.01,43662.5,-53252.5,-131250.0
381330,227.9,-486.29,1191.45,3307.5,-56787.5,-165882.5
381359,137.86,-533.51,1158.02,-54652.5,-58712.5,-149607.5
381387,-69.91,-578.77,1163.88,-68022.5,-86887.5,-45500.0
381416,-280.97,-587.31,1202.92,-31482.5,-13475.0,78767.5
381444,-377.1,-591.46,1222.44,59500.0,73377.5,137287.5
381473,-380.4,-603.66,1199.02,43960.0,42070.0,155697.5
381501,-339.28,-609.88,1183.52,4847.5,11970.0,163852.5
381530,-250.59,-604.75,1192.67,-1575.0,39392.5,127137.5
381559,-120.17,-579.26,1211.22,4217.5,45115.0,52727.5
381587,13.79,-538.75,1229.27,6195.0,11182.5,-14315.0
381616,125.17,-503.74,1243.06,21420.0,-16310.0,-66850.0
381644,208.38,-487.39,1242.69,45640.0,-41667.5,-119700.0
381673,247.42,-494.34,1217.56,37205.0,-71137.5,-159040.0
381701,199.47,-528.63,1188.52,-19005.0,-70612.5,-173810.0
381730,31.96,-567.3,1191.45,-47215.0,-81112.5,-112945.0
381758,-187.88,-570.72,1229.52,-19582.5,-49805.0,22540.0
381787,-327.08,-562.54,1247.57,38727.5,78137.5,106942.5
381815,-359.41,-565.71,1213.41,30555.0,89722.5,132142.5
381844,-333.67,-562.66,1189.13,-20300.0,47285.0,141890.0
381872,-257.18,-548.76,1202.92,-10902.5,48002.5,118545.0
381901,-140.42,-515.57,1220.37,12950.0,67970.0,65170.0
381930,-9.15,-467.87,1230.13,7910.0,38342.5,18357.5
381959,105.53,-427.49,1235.74,21857.5,-22855.0,-46270.0
381988,180.68,-405.77,1229.27,31587.5,-58817.5,-96705.0
382016,214.11,-407.11,1201.09,13405.0,-51852.5,-148872.5
382044,164.7,-438.22,1170.47,-44502.5,-58275.0,-171307.5
382072,10.37,-480.92,1186.69,-74322.5,-78715.0,-107730.0
382101,-181.66,-498.0,1244.16,-11252.5,-69195.0,-9590.0
382129,-320.13,-500.32,1260.99,76510.0,36102.5,75950.0
382158,-372.22,-507.64,1213.9,32515.0,70315.0,116060.0
382186,-363.93,-510.81,1180.72,-30712.5,31552.5,129027.5
382215,-310.25,-507.64,1186.82,-10202.5,17605.0,125947.5
382243,-208.86,-490.44,1199.38,9800.0,36995.0,95760.0
382272,-70.39,-451.52,1209.87,13387.5,39357.5,30590.0
382301,63.2,-407.97,1211.09,21122.5,-12845.0,-34405.0
382330,160.8,-382.59,1199.87,18777.5,-43575.0,-88375.0
382358,220.94,-380.03,1180.84,14262.5,-34422.5,-134680.0
382387,227.65,-401.75,1149.12,1732.5,-47845.0,-163257.5
382415,131.03,-445.54,1133.01,-50627.5,-70717.5,-141890.0
382443,-68.2,-480.68,1166.2,-53672.5,-50540.0,-46830.0
382471,-254.98,-490.93,1217.68,16520.0,16957.5,63332.5
382499,-342.09,-500.32,1220.24,73710.0,48597.5,118020.0
382528,-357.22,-510.94,1183.03,21630.0,32900.0,145250.0
382556,-316.59,-511.79,1169.37,-19652.5,40845.0,156782.5
382585,-210.69,-497.76,1185.23,-11340.0,36417.5,106802.5
382613,-68.08,-462.01,1204.14,16800.0,15137.5,37450.0
382642,71.13,-419.07,1210.73,26880.0,-8032.5,-30677.5
382670,176.05,-391.38,1200.6,30345.0,-34352.5,-92470.0
382699,232.29,-384.06,1173.27,21455.0,-46970.0,-134032.5
382727,214.48,-397.35,1132.04,-14717.5,-28857.5,-139352.5
382756,103.94,-423.95,1116.06,-74147.5,26565.0,-98875.0
382784,-75.15,-439.2,1145.95,-35087.5,-32550.0,-30957.5
382813,-238.75,-437.49,1161.32,43820.0,-20072.5,53987.5
382841,-329.16,-433.59,1115.32,37730.0,21507.5,97230.0
382869,-361.85,-430.66,1068.96,-35105.0,14087.5,123270.0
382897,-337.57,-427.98,1071.65,-42035.0,17745.0,130935.0
382925,-251.56,-417.73,1097.27,-15802.5,15732.5,97912.5
382954,-120.54,-390.03,1130.09,-8890.0,26372.5,43610.0
382982,17.81,-354.04,1162.54,4567.5,19600.0,-25795.0
383011,123.59,-327.94,1175.35,41492.5,-27090.0,-70647.5
383039,186.66,-319.88,1155.71,50907.5,-61197.5,-102865.0
383068,192.76,-327.81,1110.08,22645.0,-39217.5,-125912.5
383096,102.97,-362.58,1063.23,-24605.0,-13877.5,-114257.5
383125,-89.91,-398.94,1069.57,-61372.5,-81620.0,-31237.5
383153,-265.11,-411.02,1123.5,-21822.5,-8837.5,92120.0
383182,-328.42,-417.24,1132.16,62230.0,62230.0,122185.0
383210,-305.49,-420.66,1110.57,16835.0,48160.0,123182.5
383239,-228.14,-410.29,1119.84,-8417.5,13387.5,95217.5
383268,-105.53,-382.23,1146.68,-11672.5,26495.0,55720.0
383296,36.72,-344.77,1176.32,6877.5,13405.0,-19670.0
383325,150.06,-314.88,1189.87,34195.0,-23502.5,-68372.5
383353,225.46,-304.76,1172.18,40407.5,-46882.5,-111737.5
383382,243.76,-312.56,1128.01,6667.5,-39725.0,-148557.5
383410,166.53,-344.77,1082.75,-41615.0,-350.0,-142852.5
383439,-32.7,-387.47,1076.77,-70140.0,-37047.5,-64365.0
383467,-250.95,-415.9,1108.74,-17902.5,5040.0,75075.0
383496,-358.44,-435.78,1097.88,52675.0,67007.5,129937.5
383524,-360.14,-449.33,1057.74,-16240.0,39707.5,142590.0
383553,-288.04,-449.45,1073.11,-45167.5,-4147.5,124407.5
383581,-162.02,-432.37,1131.18,-19215.0,18480.0,73325.0
383610,-12.2,-401.62,1187.3,12425.0,27527.5,-87.5
383639,113.7,-372.59,1215.12,42980.0,-24430.0,-59412.5
383668,194.83,-358.68,1206.7,53585.0,-64400.0,-100187.5
383696,223.87,-360.02,1165.47,30852.5,-56245.0,-130970.0
383724,174.95,-382.59,1112.4,-32900.0,-9992.5,-133577.5
383752,13.3,-422.12,1094.71,-78207.5,-822.5,-87622.5
383780,-193.98,-443.84,1125.82,-36085.0,-31815.0,37870.0
383809,-327.94,-453.11,1127.4,62807.5,20720.0,111107.5
383837,-370.39,-467.63,1067.13,29750.0,51677.5,138215.0
383866,-335.5,-476.04,1031.27,-50470.0,26460.0,138670.0
383894,-229.85,-467.75,1059.2,-45482.5,5915.0,98735.0
383923,-76.01,-436.39,1119.96,-14892.5,25917.5,31500.0
383951,76.86,-399.06,1174.86,26110.0,19845.0,-48020.0
383980,180.8,-378.69,1192.67,59430.0,-37835.0,-104597.5
384008,218.5,-381.62,1167.91,53322.5,-50925.0,-138845.0
384037,174.34,-408.33,1123.38,5285.0,-15715.0,-145057.5
384065,33.67,-441.52,1095.44,-23835.0,-24360.0,-92015.0
384094,-129.32,-455.55,1098.12,-21227.5,-45412.5,14665.0
384122,-235.09,-451.28,1099.95,5040.0,1120.0,58310.0
384150,-288.9,-442.74,1077.26,14280.0,23257.5,93397.5
384179,-283.89,-434.93,1060.79,-20020.0,26040.0,113137.5
384207,-206.42,-418.7,1075.8,-37117.5,24710.0,73675.0
384236,-82.11,-384.06,1118.5,-22890.0,13737.5,14525.0
384264,49.65,-340.38,1169.86,4025.0,22732.5,-47285.0
384293,152.74,-308.42,1197.19,42752.5,927.5,-106417.5
384321,195.08,-302.32,1185.35,66167.5,-33425.0,-142537.5
384350,156.77,-326.72,1140.46,42542.5,-26162.5,-141312.5
384378,24.16,-368.32,1099.1,-7945.0,-43907.5,-95882.5
384407,-148.6,-399.43,1096.54,-21122.5,-30992.5,14140.0
384435,-269.86,-417.97,1091.05,16292.5,34055.0,81847.5
384464,-330.13,-437.74,1050.05,2957.5,21035.0,113942.5
384493,-346.48,-458.72,1023.46,-38220.0,-14752.5,143570.0
384522,-288.9,-470.8,1037.73,-32655.0,14910.0,140070.0
384550,-150.3,-451.16,1079.7,-26250.0,39445.0,75547.5
384578,20.01,-397.96,1139.97,-11585.0,17535.0,-1872.5
384607,166.9,-342.7,1192.79,40197.5,13475.0,-80640.0
384635,256.93,-317.69,1202.43,98332.5,-46952.5,-120680.0
384664,270.96,-334.65,1167.91,69107.5,-37852.5,-144480.0
384692,171.78,-382.71,1124.6,12565.0,-26127.5,-130515.0
384721,-1.46,-422.24,1123.13,-25620.0,-67462.5,-31377.5
384749,-143.23,-434.44,1142.65,-1732.5,14332.5,40215.0
384778,-226.92,-437.86,1124.35,14945.0,42525.0,80657.5
384806,-272.3,-440.54,1092.27,-13300.0,17885.0,115867.5
384835,-278.28,-443.23,1079.7,-26775.0,17132.5,138267.5
384863,-221.67,-436.52,1093.36,-24115.0,29172.5,121117.5
384892,-107.12,-408.94,1120.45,5635.0,30555.0,71242.5
384921,38.43,-363.32,1143.75,11585.0,42612.5,5337.5
384950,176.53,-318.18,1154.85,14210.0,7525.0,-66465.0
384979,268.89,-293.78,1147.65,15312.5,-42472.5,-112542.5
385007,295.73,-294.75,1124.84,1067.5,-48405.0,-142345.0
385036,243.27,-319.64,1106.54,-28595.0,-23992.5,-135660.0
385064,92.96,-360.02,1113.49,-30765.0,-43872.5,-96827.5
385093,-98.94,-387.47,1143.38,-2047.5,-27475.0,7892.5
385121,-231.8,-397.35,1146.56,46042.5,50802.5,77507.5
385150,-289.51,-404.06,1106.17,22277.5,43505.0,122500.0
385178,-286.7,-408.46,1078.48,-18532.5,28507.5,136150.0
385207,-231.07,-405.53,1078.24,-15487.5,15312.5,117827.5
385235,-133.1,-387.72,1093.73,-6195.0,14052.5,77892.5
385264,0.0,-354.65,1123.62,1330.0,40005.0,11462.5
385293,129.93,-319.27,1151.31,17167.5,11392.5,-62632.5
385322,209.11,-297.68,1161.68,30257.5,-29820.0,-102882.5
385350,228.38,-294.26,1148.14,35455.0,-28857.5,-122290.0
385378,177.63,-308.9,1116.06,472.5,-24745.0,-119857.5
385407,43.43,-327.33,1099.95,-34580.0,-59850.0,-72432.5
385435,-119.56,-331.84,1110.08,-22312.5,-50942.5,14700.0
385464,-236.44,-327.33,1110.69,8102.5,5390.0,64855.0
385492,-301.1,-325.13,1085.31,15277.5,22505.0,103775.0
385521,-315.25,-330.38,1057.98,-1155.0,11777.5,135152.5
385549,-271.33,-336.84,1049.69,-16660.0,8995.0,121677.5
385578,-182.76,-334.77,1062.62,-18497.5,18830.0,80622.5
385606,-60.39,-321.47,1090.44,-5390.0,35455.0,32812.5
385635,76.37,-301.34,1119.35,9975.0,30852.5,-39882.5
385664,183.61,-287.43,1137.77,15610.0,-7752.5,-99715.0
385693,237.17,-288.65,1140.33,28367.5,-34807.5,-134085.0
385721,234.73,-306.71,1122.77,27615.0,-27300.0,-154227.5
385750,152.5,-336.84,1107.27,-2292.5,-38045.0,-150290.0
385778,-19.4,-362.58,1118.5,-11375.0,-81375.0,-69877.5
385806,-199.1,-372.95,1136.67,16065.0,-8732.5,36487.5
385835,-303.78,-379.66,1123.86,29102.5,75407.5,95987.5
385863,-340.99,-390.64,1085.31,-3850.0,61845.0,129902.5
385892,-325.01,-401.75,1066.04,-40530.0,34002.5,142870.0
385920,-249.37,-406.26,1077.5,-34772.5,29750.0,114205.0
385949,-127.98,-394.43,1108.49,-22890.0,27405.0,58835.0
385977,11.96,-366.61,1150.46,-14420.0,48510.0,-5792.5
386006,134.93,-340.14,1181.81,22680.0,24517.5,-77612.5
386034,208.74,-331.11,1183.89,58695.0,-41720.0,-118475.0
386063,212.28,-348.68,1151.8,45465.0,-53777.5,-145425.0
386091,109.31,-387.47,1117.03,-18620.0,-33162.5,-135275.0
386120,-76.49,-412.85,1126.43,-41090.0,-63315.0,-48300.0
386148,-248.88,-414.8,1150.83,22522.5,-19092.5,38675.0
386177,-355.26,-419.56,1129.48,59780.0,48930.0,100117.5
386206,-392.72,-433.34,1078.72,3990.0,62072.5,139492.5
386234,-357.58,-446.76,1056.28,-52027.5,24885.0,139527.5
386262,-253.76,-447.86,1081.29,-56000.0,-15732.5,102252.5
386290,-106.87,-431.64,1137.16,-31045.0,455.0,34912.5
386319,37.45,-406.14,1187.3,11357.5,22592.5,-43487.5
386347,144.57,-386.5,1201.82,46270.0,-14490.0,-97072.5
386376,204.47,-381.01,1181.08,56227.5,-43207.5,-140297.5
386404,197.27,-395.52,1132.89,29085.0,-28472.5,-156905.0
386433,91.99,-429.07,1090.07,-30730.0,-15627.5,-132772.5
386461,-91.26,-456.28,1096.05,-51397.5,-72817.5,-36540.0
386490,-261.81,-464.45,1125.57,1522.5,-20877.5,56787.5
386518,-360.75,-469.7,1117.4,51240.0,60812.5,110337.5
386547,-389.91,-482.51,1076.65,19145.0,61267.5,143377.5
386575,-351.73,-496.3,1054.93,-29662.5,20790.0,144847.5
386604,-246.2,-495.56,1077.38,-43767.5,-1732.5,106155.0
386632,-97.11,-473.36,1132.28,-23205.0,15102.5,38797.5
386660,48.92,-439.93,1181.2,13877.5,18497.5,-35717.5
386689,155.92,-412.24,1194.01,46410.0,-30345.0,-87902.5
386717,219.6,-398.21,1173.27,49140.0,-68110.0,-120505.0
386746,227.41,-402.72,1128.26,11847.5,-46060.0,-143587.5
386774,145.42,-437.25,1091.66,-61057.5,-3605.0,-133490.0
386803,-30.5,-477.26,1113.62,-90387.5,-64435.0,-61390.0
386831,-211.3,-492.64,1177.91,-2380.0,-41107.5,43505.0
386860,-315.25,-503.13,1191.7,108850.0,51292.5,99837.5
386888,-349.77,-517.89,1139.24,61967.5,78610.0,136307.5
386917,-323.67,-527.65,1099.95,-7717.5,44345.0,147280.0
386945,-236.68,-526.06,1099.71,-17710.0,8890.0,124407.5
386974,-96.14,-501.91,1130.57,-18795.0,24272.5,54985.0
387003,60.51,-459.7,1168.88,-3307.5,42192.5,-31132.5
387031,173.97,-420.78,1194.14,9905.0,-3535.0,-86870.0
387060,233.02,-396.87,1205.12,50785.0,-58852.5,-105507.5
387088,246.2,-397.48,1178.76,48982.5,-46025.0,-137847.5
387117,172.26,-425.54,1133.87,-21735.0,-9712.5,-149467.5
387145,4.15,-454.08,1123.13,-48860.0,-60550.0,-70997.5
387174,-174.22,-462.14,1143.14,-12495.0,-43575.0,36085.0
387202,-286.33,-464.82,1138.75,44590.0,42542.5,103915.0
387231,-330.62,-475.07,1093.61,13772.5,69912.5,140927.5
387259,-315.86,-487.15,1061.16,-47005.0,30607.5,159040.0
387288,-241.32,-492.88,1069.45,-51905.0,-1732.5,133542.5
387316,-116.02,-482.39,1107.27,-37555.0,11690.0,81777.5
387345,41.48,-456.04,1157.05,-6912.5,44187.5,-7052.5
387374,177.14,-431.03,1189.74,34982.5,10395.0,-86555.0
387403,256.2,-426.02,1188.77,57242.5,-37782.5,-130567.5
387431,276.45,-444.32,1157.78,34037.5,-34475.0,-168227.5
387459,211.91,-474.58,1127.52,-15382.5,-17885.0,-170117.5
387487,51.97,-500.44,1122.28,-21052.5,-36610.0,-94097.5
387515,-137.62,-511.3,1129.84,-437.5,-26355.0,15295.0
387544,-274.62,-510.45,1123.62,25865.0,24185.0,88777.5
387572,-334.28,-511.91,1095.44,10797.5,50610.0,134785.0
387601,-323.42,-517.16,1077.87,-25602.5,38360.0,142310.0
387629,-253.52,-514.11,1089.95,-20370.0,14420.0,116392.5
387658,-132.49,-494.71,1121.91,3080.0,22207.5,72047.5
387687,21.11,-461.89,1157.17,24132.5,20020.0,560.0
387716,155.79,-432.49,1178.03,34825.0,-18147.5,-72065.0
387744,233.51,-422.36,1173.88,43540.0,-43225.0,-120487.5
387773,233.26,-437.61,1141.55,15260.0,-34055.0,-152040.0
387801,115.9,-472.51,1112.4,-44660.0,-44817.5,-139317.5
387830,-84.55,-489.95,1133.75,-62072.5,-65747.5,-41335.0
387858,-254.25,-481.29,1165.22,30170.0,-6510.0,54862.5
387886,-350.14,-478.12,1136.92,52640.0,46305.0,107607.5
387915,-388.08,-486.05,1093.36,-20982.5,51275.0,135135.0
387943,-356.97,-494.1,1085.8,-31377.5,20160.0,138915.0
387972,-255.1,-491.66,1099.34,-5757.5,-11340.0,106365.0
388000,-100.16,-473.6,1126.18,-4340.0,28735.0,39725.0
388029,58.56,-447.74,1158.76,-8557.5,45972.5,-48247.5
388057,165.43,-427.61,1188.89,12617.5,6965.0,-97265.0
388086,222.28,-422.85,1199.38,60865.0,-5880.0,-130217.5
388114,223.02,-442.37,1165.83,58415.0,2012.5,-166302.5
388143,107.12,-481.17,1119.23,5530.0,-42367.5,-157570.0
388171,-104.68,-507.52,1108.37,-16590.0,-97247.5,-46095.0
388200,-290.48,-508.74,1116.91,15715.0,-21140.0,60287.5
388228,-385.28,-506.06,1093.61,39637.5,67812.5,120505.0
388256,-403.21,-510.08,1044.81,-9870.0,53812.5,144095.0
388285,-360.88,-515.94,1018.7,-50662.5,-4235.0,149607.5
388313,-250.1,-510.81,1041.15,-55790.0,-14980.0,108657.5
388341,-88.08,-486.41,1096.05,-14542.5,19302.5,28577.5
388369,72.59,-457.87,1143.51,16975.0,18340.0,-55142.5
388398,183.37,-447.62,1159.85,42735.0,-14787.5,-124250.0
388426,218.38,-461.53,1141.19,40040.0,-30170.0,-161560.0
388455,171.41,-490.2,1110.69,3657.5,-16905.0,-165725.0
388483,28.55,-519.11,1095.07,-10797.5,-67235.0,-111212.5
388512,-155.79,-529.24,1106.66,-12810.0,-66045.0,2642.5
388540,-286.94,-519.84,1113.49,20142.5,30572.5,74585.0
388569,-342.58,-509.72,1081.16,30870.0,58782.5,119105.0
388597,-336.35,-504.59,1043.59,-10325.0,26075.0,133297.5
388626,-281.33,-496.42,1040.9,-39130.0,-5040.0,120557.5
388654,-188.49,-481.05,1069.57,-30310.0,-490.0,91035.0
388682,-54.29,-457.74,1111.42,-6405.0,25900.0,36435.0
388711,84.67,-430.29,1148.26,20300.0,17920.0,-54565.0
388739,172.87,-410.41,1162.9,44922.5,-22102.5,-107240.0
388768,197.88,-407.24,1143.38,58327.5,-27912.5,-138075.0
388796,137.13,-422.73,1101.66,22032.5,-20492.5,-140490.0
388825,-19.76,-440.42,1082.75,-26075.0,-73447.5,-64785.0
388853,-185.93,-437.0,1103.12,-27510.0,-45570.0,36732.5
388882,-287.92,-427.12,1109.35,27702.5,50575.0,84175.0
388910,-327.33,-429.68,1070.79,30240.0,78435.0,125177.5
388939,-299.75,-435.91,1034.8,-30397.5,38517.5,132912.5
388967,-201.79,-433.1,1045.3,-66447.5,-682.5,108185.0
388996,-59.29,-419.31,1099.22,-66237.5,-7472.5,38570.0
389025,79.42,-401.62,1160.22,-17325.0,31990.0,-40180.0
389054,178.49,-387.72,1194.38,53515.0,-18987.5,-98420.0
389083,212.28,-385.03,1188.4,69265.0,-63752.5,-133420.0
389111,175.44,-390.64,1149.97,26845.0,-17570.0,-140105.0
389139,50.75,-397.35,1111.91,-17395.0,-16170.0,-104965.0
389167,-123.46,-399.43,1111.42,-31745.0,-36995.0,7122.5
389196,-256.81,-399.67,1122.89,15400.0,21630.0,75740.0
389224,-327.33,-407.72,1098.12,31885.0,45727.5,123707.5
389253,-334.28,-422.73,1067.99,-14472.5,33477.5,159407.5
389281,-263.15,-435.66,1071.28,-31710.0,20667.5,148575.0
389310,-119.68,-437.37,1108.49,-28630.0,30957.5,83370.0
389338,47.21,-426.76,1160.46,5670.0,33407.5,-19775.0
389367,177.63,-415.17,1187.67,55667.5,-10832.5,-93590.0
389395,248.15,-412.85,1167.3,68022.5,-43907.5,-139072.5
389424,237.66,-422.12,1118.5,16520.0,-41037.5,-150885.0
389452,127.61,-433.59,1092.88,-43592.5,-15960.0,-104860.0
389481,-34.77,-429.32,1112.52,-33390.0,-15837.5,-15382.5
389509,-179.95,-411.51,1129.23,24482.5,-8137.5,38255.0
389537,-287.43,-394.3,1108.61,34072.5,1732.5,78610.0
389566,-350.63,-387.47,1067.26,9852.5,20230.0,125650.0
389594,-351.85,-394.67,1037.49,-29102.5,22172.5,144480.0
389623,-283.89,-408.21,1041.39,-42542.5,13020.0,120627.5
389651,-153.6,-417.24,1077.5,-24500.0,16905.0,67165.0
389680,15.86,-417.0,1130.21,4602.5,31552.5,-12967.5
389708,164.82,-414.31,1165.59,35017.5,-2642.5,-98595.0
389737,241.44,-417.97,1160.22,47985.0,-49647.5,-144917.5
389765,234.48,-432.49,1120.69,23817.5,-34002.5,-160527.5
389794,124.44,-449.45,1084.58,-26950.0,-24517.5,-139562.5
389822,-64.9,-448.84,1096.66,-44747.5,-49805.0,-50610.0
389851,-238.14,-434.32,1118.74,26477.5,4515.0,43435.0
389880,-345.26,-426.02,1091.9,39532.5,51152.5,99627.5
389909,-389.55,-432.25,1046.27,-9695.0,38272.5,148522.5
389937,-350.14,-448.96,1036.02,-44345.0,31675.0,151830.0
389965,-219.36,-458.6,1073.11,-35385.0,17202.5,96827.5
389994,-25.62,-451.4,1144.85,-7927.5,25830.0,6685.0
390022,159.58,-439.08,1206.34,51800.0,8610.0,-96740.0
390051,259.13,-442.98,1206.82,73447.5,-47092.5,-160982.5
390079,237.41,-466.04,1164.98,22610.0,-30275.0,-174195.0
390108,83.08,-493.49,1123.99,-21192.5,-30555.0,-125580.0
390136,-129.93,-502.03,1125.21,-42315.0,-66185.0,-8837.5
390165,-289.87,-492.15,1138.87,29732.5,7525.0,71715.0
390193,-369.66,-488.49,1098.85,44240.0,47652.5,125527.5
390222,-377.83,-496.91,1043.47,-25987.5,36312.5,154490.0
390250,-319.52,-508.37,1031.14,-58765.0,16135.0,135030.0
390279,-199.35,-511.18,1065.79,-48597.5,3132.5,97037.5
390308,-20.86,-500.2,1132.89,-15540.0,30712.5,14630.0
390337,152.87,-484.83,1188.04,40267.5,9555.0,-86607.5
390366,257.66,-483.12,1197.31,60707.5,-36785.0,-146545.0
390394,273.65,-497.15,1175.35,43785.0,-19057.5,-176592.5
390422,184.95,-520.94,1145.58,22277.5,2695.0,-160282.5
390450,-6.59,-539.73,1129.48,1995.0,-70315.0,-88935.0
390479,-214.23,-538.14,1129.72,9660.0,-19372.5,19005.0
390507,-349.04,-530.21,1098.49,38972.5,40197.5,92557.5
390536,-409.55,-534.85,1033.58,-18270.0,25252.5,146405.0
390564,-399.55,-554.12,996.25,-78137.5,70.0,172462.5
390593,-300.12,-576.69,1012.23,-88970.0,13300.0,154910.0
390621,-117.49,-587.31,1064.82,-68582.5,40810.0,74252.5
390650,83.94,-579.74,1145.58,-35192.5,30222.5,-29015.0
390678,240.58,-577.43,1209.26,77332.5,-10885.0,-132020.0
390707,299.51,-605.36,1185.35,114432.5,-44835.0,-200550.0
390735,218.14,-647.09,1118.01,16817.5,-8960.0,-181895.0
390764,26.6,-670.15,1105.2,-40757.5,-39410.0,-77035.0
390792,-164.46,-662.7,1133.62,6370.0,-21402.5,20737.5
390820,-287.07,-643.92,1122.4,41335.0,2677.5,82057.5
390849,-347.58,-634.89,1081.41,1067.5,-3622.5,132125.0
390877,-342.21,-636.35,1063.96,-26897.5,14507.5,159495.0
390906,-255.71,-638.43,1071.89,-18585.0,38815.0,133857.5
390934,-105.9,-630.5,1093.97,-20317.5,30765.0,71890.0
390963,61.0,-607.56,1132.53,-13807.5,38482.5,-7787.5
390991,198.62,-580.48,1160.59,43907.5,-385.0,-88182.5
391020,274.87,-567.91,1143.14,67567.5,-55037.5,-151847.5
391048,261.2,-574.38,1088.24,9397.5,-50767.5,-170345.0
391077,137.62,-586.09,1054.2,-65957.5,-28280.0,-118387.5
391105,-44.53,-590.72,1082.87,-40932.5,-37537.5,-17815.0
391134,-200.08,-587.55,1115.45,28612.5,12792.5,56980.0
391163,-291.34,-584.87,1096.54,36925.0,25725.0,118720.0
391192,-306.34,-591.33,1062.38,-3605.0,11882.5,153265.0
391221,-235.58,-599.75,1062.13,-19092.5,-6422.5,134925.0
391249,-94.55,-595.12,1096.29,-3640.0,-1417.5,80500.0
391278,84.91,-573.4,1133.01,21227.5,26617.5,4725.0
391306,245.71,-549.12,1138.99,41265.0,-3640.0,-87447.5
391335,328.91,-541.8,1106.05,22505.0,-35857.5,-147542.5
391363,315.13,-552.54,1064.82,-32935.0,1837.5,-156450.0
391392,196.42,-571.94,1051.03,-53620.0,24552.5,-124477.5
391420,9.03,-583.4,1080.19,-17185.0,-34160.0,-38500.0
391449,-163.48,-578.28,1107.03,55265.0,1312.5,39130.0
391478,-269.62,-570.47,1079.21,56157.5,49385.0,106330.0
391507,-303.05,-569.74,1027.61,210.0,32252.5,147297.5
391536,-263.4,-573.28,1006.74,-39147.5,5862.5,150762.5
391565,-143.96,-570.23,1040.66,-37397.5,-5320.0,119647.5
391593,39.65,-552.54,1106.05,7262.5,25532.5,31237.5
391622,215.45,-530.7,1149.73,46445.0,-822.5,-74812.5
391651,323.18,-523.75,1146.56,49420.0,-48860.0,-141522.5
391679,343.19,-535.58,1108.98,14402.5,-37205.0,-178167.5
391708,273.89,-562.42,1074.82,-34457.5,2065.0,-155435.0
391736,125.29,-588.89,1081.9,-62982.5,-37607.5,-103250.0
391764,-64.42,-590.97,1130.45,-7612.5,-46655.0,-28542.5
391792,-223.26,-578.04,1142.04,71522.5,20965.0,58817.5
391821,-313.54,-571.2,1090.68,25550.0,50155.0,128415.0
391849,-336.84,-574.13,1044.69,-17342.5,29732.5,162855.0
391878,-284.87,-585.23,1028.46,-28385.0,33215.0,162820.0
391906,-140.42,-588.65,1045.54,-41877.5,33285.0,110652.5
391935,63.93,-574.01,1098.85,-43522.5,48492.5,13702.5
391964,241.56,-555.95,1161.44,5005.0,16432.5,-93065.0
391993,335.01,-562.05,1182.79,68722.5,-56420.0,-166460.0
392021,330.38,-597.07,1146.8,39970.0,-52307.5,-196140.0
392049,209.84,-635.86,1113.74,-39445.0,-26390.0,-155942.5
392077,17.93,-653.19,1134.36,-39515.0,-43960.0,-61407.5
392105,-162.38,-648.06,1161.93,28472.5,-7035.0,20037.5
392134,-284.87,-638.67,1145.58,41790.0,37135.0,97685.0
392162,-331.84,-637.08,1108.0,6772.5,45937.5,144987.5
392191,-306.22,-641.48,1086.53,-18182.5,28735.0,155575.0
392219,-207.89,-640.74,1091.29,-29417.5,10780.0,133875.0
392248,-47.09,-624.03,1127.52,-33775.0,28892.5,71662.5
392276,136.15,-596.58,1179.25,3360.0,35647.5,-27002.5
392305,276.45,-581.82,1204.87,58467.5,-29365.0,-124880.0
392333,325.13,-589.26,1181.33,58345.0,-63140.0,-175752.5
392362,265.23,-612.81,1134.23,-11515.0,-9572.5,-171815.0
392390,90.77,-638.79,1117.15,-59290.0,-57190.0,-103652.5
392419,-122.98,-643.67,1154.97,-29417.5,-67917.5,7910.0
392448,-280.48,-637.33,1180.72,64382.5,21630.0,78785.0
392476,-367.46,-646.11,1142.41,63367.5,39042.5,140595.0
392505,-358.92,-671.73,1094.58,4480.0,48475.0,187845.0
392533,-219.36,-688.32,1102.51,-50050.0,58590.0,144550.0
392562,1.1,-675.39,1175.23,-35822.5,35070.0,39515.0
392590,198.37,-651.24,1252.57,47477.5,4585.0,-75862.5
392619,306.71,-642.09,1266.85,108920.0,-51852.5,-146825.0
392647,315.74,-645.75,1212.68,71260.0,-52727.5,-167667.5
392676,214.72,-653.43,1143.63,-6825.0,-3797.5,-159792.5
392704,15.13,-658.31,1126.06,-46970.0,-65082.5,-67112.5
392733,-194.35,-650.99,1157.29,-15452.5,-19530.0,41142.5
392761,-329.03,-644.77,1155.83,36435.0,60025.0,117547.5
392790,-374.54,-652.46,1107.39,-4550.0,66377.5,164027.5
392818,-331.35,-666.61,1084.82,-61775.0,33967.5,173337.5
392847,-200.2,-669.41,1120.45,-65240.0,3482.5,124582.5
392876,-6.95,-649.04,1197.55,-32375.0,40862.5,29767.5
392904,174.95,-616.95,1261.48,43837.5,29120.0,-78470.0
392933,284.87,-600.97,1262.21,84875.0,-49962.5,-149117.5
392961,294.75,-619.64,1205.73,37782.5,-61180.0,-189437.5
392990,163.48,-661.48,1159.85,-53830.0,-69965.0,-154665.0
393018,-53.68,-679.17,1195.23,-62667.5,-117845.0,-32690.0
393047,-238.27,-667.58,1241.84,56297.5,-19127.5,64242.5
393075,-345.26,-664.17,1207.31,59010.0,78855.0,144270.0
393104,-364.66,-676.37,1143.75,-19582.5,79712.5,196682.5
393132,-278.4,-689.42,1124.11,-56017.5,53305.0,166705.0
393161,-113.22,-686.25,1156.32,-49857.5,20125.0,76370.0
393189,70.76,-665.14,1224.64,-13562.5,55965.0,-10972.5
393218,218.99,-642.21,1278.68,68232.5,43872.5,-98420.0
393247,290.85,-640.99,1269.78,104020.0,-51677.5,-156065.0
393276,262.3,-664.53,1215.36,42735.0,-71540.0,-180005.0
393304,98.82,-693.69,1172.91,-29172.5,-42892.5,-136307.5
393332,-128.95,-703.33,1182.18,-33670.0,-16887.5,-1960.0
393360,-296.58,-695.16,1184.5,27597.5,32515.0,91525.0
393388,-377.1,-693.08,1134.11,3692.5,49927.5,153265.0
393417,-378.2,-701.5,1093.85,-60130.0,63665.0,178167.5
393445,-311.1,-708.45,1100.93,-69597.5,55825.0,157692.5
393474,-179.34,-702.72,1154.36,-53217.5,34790.0,91140.0
393502,-21.23,-683.81,1239.76,-15837.5,12880.0,-8680.0
393531,106.51,-664.9,1312.6,40145.0,-13877.5,-85435.0
393559,184.46,-663.68,1323.7,87342.5,-37100.0,-150290.0
393588,181.9,-682.35,1272.7,53217.5,-43365.0,-192570.0
393616,48.07,-710.16,1218.29,1977.5,-86712.5,-163800.0
393645,-181.17,-726.39,1219.27,-25567.5,-92995.0,-27720.0
393673,-359.05,-720.17,1234.4,31027.5,54285.0,88952.5
393702,-421.63,-704.06,1188.28,44520.0,71750.0,136342.5
393730,-391.99,-688.32,1117.03,-122.5,-5460.0,149782.5
393758,-275.72,-671.0,1091.29,-33250.0,-41370.0,111160.0
393786,-89.55,-641.96,1131.43,-35105.0,28525.0,24640.0
393814,92.72,-610.37,1193.65,3955.0,38640.0,-82967.5
393843,189.95,-599.63,1223.78,49227.5,-34510.0,-150290.0
393871,182.15,-613.66,1207.31,45675.0,-30170.0,-169732.5
393900,57.1,-635.86,1167.66,2887.5,-18935.0,-133297.5
393928,-147.99,-647.09,1159.85,-15540.0,-45325.0,-8750.0
393957,-315.74,-643.55,1167.05,23047.5,33897.5,84367.5
393985,-394.79,-635.62,1128.38,22487.5,60812.5,130445.0
394014,-396.01,-634.03,1076.04,-37187.5,38500.0,160405.0
394042,-310.0,-631.11,1072.14,-70840.0,21280.0,131127.5
394071,-165.55,-612.93,1117.76,-49647.5,280.0,63752.5
394100,-4.51,-582.43,1178.76,-5372.5,17832.5,-9135.0
394129,136.03,-554.98,1214.14,42122.5,-4742.5,-88970.0
394158,216.43,-545.83,1202.92,54565.0,-44957.5,-146510.0
394186,213.99,-556.56,1162.05,17780.0,-32532.5,-163590.0
394214,106.38,-585.6,1125.82,-19355.0,-30397.5,-134155.0
394242,-94.67,-611.22,1136.19,-47967.5,-92382.5,-38237.5
394271,-280.11,-612.81,1174.13,5617.5,-5477.5,72520.0
394299,-372.83,-611.95,1159.98,51240.0,75495.0,132720.0
394328,-378.93,-622.08,1109.83,-7140.0,57155.0,171587.5
394356,-290.36,-626.35,1104.71,-44240.0,25655.0,136885.0
394385,-137.62,-608.9,1155.83,-23485.0,11217.5,59657.5
394413,28.79,-573.89,1221.22,24185.0,26810.0,-19425.0
394442,161.04,-543.88,1248.91,74882.5,-16310.0,-95742.5
394470,220.33,-531.19,1222.93,78960.0,-57435.0,-131827.5
394499,211.79,-531.31,1165.71,41072.5,-4690.0,-136395.0
394527,112.85,-548.51,1111.05,-20877.5,33897.5,-129832.5
394556,-80.28,-563.64,1112.15,-42612.5,-62790.0,-50120.0
394584,-264.5,-560.22,1127.4,40775.0,-20895.0,55440.0
394612,-363.68,-554.49,1081.04,24972.5,56752.5,110792.5
394641,-399.67,-555.83,1024.92,-50697.5,25252.5,136570.0
394669,-370.15,-563.52,1021.63,-68022.5,7595.0,153895.0
394698,-248.88,-559.25,1073.84,-52027.5,26407.5,101972.5
394726,-75.64,-531.8,1157.05,-10447.5,26197.5,15417.5
394755,77.96,-499.1,1217.93,50802.5,-8802.5,-62615.0
394783,178.12,-483.36,1214.63,79765.0,-40967.5,-122220.0
394812,204.72,-487.63,1155.34,45920.0,-30310.0,-166390.0
394840,109.19,-510.94,1094.83,-22750.0,-13650.0,-140665.0
394869,-85.4,-536.07,1092.88,-53620.0,-79695.0,-36435.0
394897,-261.2,-539.97,1118.98,2572.5,-51275.0,54985.0
394926,-357.58,-533.87,1098.24,28700.0,38955.0,108762.5
394954,-388.33,-533.87,1049.57,-24465.0,41527.5,135730.0
394983,-358.56,-540.7,1032.12,-57767.5,12705.0,137760.0
395011,-260.47,-540.09,1061.89,-48090.0,25462.5,100695.0
395039,-108.95,-518.62,1123.38,-14420.0,57067.5,32847.5
395068,45.26,-485.19,1184.5,24692.5,26162.5,-42805.0
395096,154.09,-462.75,1219.02,61967.5,-25410.0,-100380.0
395125,204.11,-463.36,1212.19,63577.5,-25392.5,-140035.0
395153,182.15,-484.71,1185.35,27702.5,4970.0,-156992.5
395182,65.76,-514.96,1158.63,40565.0,-28805.0,-133717.5
395210,-122.12,-538.63,1126.18,32445.0,-91560.0,-45990.0
395239,-290.85,-548.51,1097.27,5302.5,-9572.5,68320.0
395267,-376.37,-553.88,1061.64,-9572.5,74795.0,132702.5
395296,-386.62,-562.54,1019.43,-45815.0,43785.0,147962.5
395324,-338.18,-569.5,1007.96,-66902.5,-15225.0,133245.0
395353,-238.02,-569.98,1041.64,-66850.0,-33687.5,122150.0
395381,-55.14,-559.86,1117.76,-44712.5,1960.0,68547.5
395410,140.91,-546.8,1200.72,35070.0,18725.0,-91612.5
395439,246.44,-551.68,1228.42,120942.5,-46900.0,-162067.5
395467,268.4,-572.18,1176.81,110127.5,-43785.0,-194635.0
395495,190.2,-600.61,1091.29,8767.5,7280.0,-190522.5
395523,-1.1,-629.76,1054.08,-70420.0,-7892.5,-96512.5
395552,-195.08,-637.21,1080.55,-40442.5,-33600.0,31500.0
395580,-311.95,-630.5,1086.29,34055.0,16327.5,84262.5
395609,-377.59,-628.91,1042.12,-4340.0,36400.0,130620.0
395637,-392.23,-635.86,1005.65,-49192.5,16607.5,166040.0
395666,-327.57,-645.14,1007.35,-61740.0,19565.0,160370.0
395694,-183.49,-638.06,1051.03,-44975.0,38535.0,90807.5
395723,-4.51,-611.46,1124.35,-10500.0,18095.0,9660.0
395752,155.67,-585.36,1186.21,38605.0,-1085.0,-76772.5
395781,249.0,-579.99,1195.84,66185.0,-41807.5,-145302.5
395809,250.34,-596.21,1165.83,34790.0,-44590.0,-169995.0
395838,134.44,-622.57,1139.11,-1137.5,-33670.0,-148750.0
395866,-68.08,-641.72,1149.0,-9292.5,-74830.0,-45010.0
395894,-242.05,-640.74,1167.54,29872.5,2257.5,53235.0
395923,-332.69,-632.33,1135.7,37537.5,54145.0,112087.5
395951,-356.0,-631.23,1076.53,-15697.5,36225.0,150762.5
395980,-291.7,-632.08,1053.71,-54320.0,24797.5,145757.5
396008,-140.18,-616.83,1086.78,-53235.0,9677.5,75705.0
396037,37.7,-582.06,1154.36,-12897.5,10220.0,-8575.0
396065,182.51,-548.27,1198.04,46480.0,3955.0,-88007.5
396094,251.69,-534.6,1182.18,62195.0,-24587.5,-142275.0
396122,217.16,-535.21,1134.97,25445.0,4812.5,-144585.0
396151,76.37,-541.92,1095.68,-3640.0,4812.5,-94045.0
396180,-110.65,-547.78,1093.0,-13282.5,-49805.0,5460.0
396209,-253.88,-543.63,1100.44,9957.5,11147.5,72835.0
396238,-328.06,-539.0,1065.79,16520.0,45990.0,115797.5
396266,-341.11,-542.05,1018.21,-27405.0,16660.0,147875.0
396294,-275.96,-545.83,1014.8,-50347.5,8067.5,130532.5
396322,-141.4,-536.07,1060.91,-38027.5,5162.5,70595.0
396351,16.1,-509.84,1127.52,-5267.5,8452.5,-1242.5
396380,146.52,-483.24,1169.61,37397.5,-2520.0,-73395.0
396409,211.55,-471.04,1165.1,53515.0,-24377.5,-116025.0
396437,205.2,-472.38,1134.36,32830.0,-4830.0,-131372.5
396466,101.75,-483.97,1104.22,7087.5,-28892.5,-125527.5
396494,-84.18,-489.71,1106.78,-11760.0,-107292.5,-21437.5
396523,-241.32,-483.12,1115.32,21577.5,-9380.0,70350.0
396551,-310.49,-478.73,1072.01,23047.5,54845.0,116007.5
396580,-293.53,-478.0,1022.48,-26792.5,2135.0,141225.0
396608,-190.32,-473.36,1023.7,-31447.5,-32217.5,110740.0
396636,-27.33,-458.48,1060.42,-16345.0,1995.0,39042.5
396665,139.81,-436.64,1093.49,9677.5,27737.5,-51362.5
396693,255.1,-424.07,1088.48,23660.0,-9992.5,-116322.5
396722,284.75,-427.12,1050.42,6160.0,-4672.5,-144392.5
396750,229.24,-439.81,1024.31,-17762.5,44887.5,-125965.0
396779,89.3,-450.79,1034.93,-20737.5,-7735.0,-83825.0
396807,-86.62,-445.18,1072.26,-6352.5,-68547.5,12180.0
396836,-215.21,-431.76,1085.56,36925.0,5075.0,75565.0
396864,-275.23,-426.02,1052.25,24517.5,30625.0,121345.0
396893,-268.28,-427.49,1021.51,-8907.5,21280.0,140245.0
396921,-191.54,-429.68,1017.97,-13790.0,24272.5,108885.0
396950,-59.54,-423.34,1037.49,-12390.0,22050.0,48860.0
396979,91.01,-406.26,1071.04,-1330.0,21420.0,-21560.0
397008,218.01,-390.28,1092.88,23502.5,15557.5,-86152.5
397037,284.87,-391.01,1085.31,30100.0,-525.0,-130602.5
397065,277.43,-411.38,1068.48,13125.0,5162.5,-140105.0
397094,196.18,-433.34,1071.16,11340.0,21227.5,-137655.0
397122,53.31,-439.93,1075.43,33565.0,4042.5,-90142.5
397151,-109.07,-430.54,1049.08,28980.0,-17447.5,-12705.0
397179,-240.1,-415.53,1004.67,2537.5,-367.5,65222.5
397208,-322.32,-408.82,966.0,-22837.5,18725.0,115377.5
397236,-357.46,-414.31,944.89,-39305.0,5057.5,147805.0
397265,-321.23,-427.0,948.43,-37467.5,4672.5,148522.5
397293,-193.98,-428.71,987.1,-33302.5,1610.0,91980.0
397322,-8.54,-407.97,1054.57,-5565.0,8575.0,1785.0
397351,161.41,-384.79,1099.59,44502.5,-175.0,-89547.5
397380,256.93,-383.57,1081.53,60025.0,-35630.0,-152215.0
397408,239.36,-406.75,1035.54,3815.0,-17255.0,-170152.5
397437,95.04,-439.2,1022.85,-23765.0,-1505.0,-120102.5
397466,-105.04,-457.87,1048.35,-14350.0,-45115.0,-16765.0
397494,-260.84,-459.09,1053.59,32725.0,-6772.5,64557.5
397523,-343.31,-459.94,1010.89,9852.5,20982.5,120365.0
397551,-347.46,-467.26,970.02,-32917.5,15505.0,147980.0
397580,-258.88,-471.41,978.32,-49612.5,-472.5,117267.5
397608,-104.19,-459.45,1035.29,-25392.5,5897.5,49927.5
397637,64.42,-433.34,1093.97,22015.0,29505.0,-30467.5
397665,193.61,-412.6,1107.52,51642.5,-10972.5,-102620.0
397694,243.88,-411.87,1075.06,35140.0,-28455.0,-143745.0
397722,207.4,-432.98,1034.07,-12915.0,7192.5,-142625.0
397751,86.38,-461.16,1032.85,-40810.0,-38552.5,-103005.0
397779,-73.81,-469.94,1068.72,1400.0,-67480.0,-31762.5
397808,-208.38,-459.45,1078.11,40495.0,8487.5,41405.0
397837,-293.9,-450.42,1042.86,12180.0,45797.5,104370.0
397866,-327.2,-450.42,1009.79,-22575.0,19932.5,135975.0
397894,-305.98,-456.77,1002.11,-25322.5,8802.5,137602.5
397922,-226.8,-459.94,1015.53,-26110.0,15750.0,114047.5
397950,-85.64,-448.59,1062.5,-27002.5,43697.5,71540.0
397978,80.15,-422.24,1130.45,13265.0,83265.0,-15575.0
398007,202.28,-401.01,1173.76,74602.5,2800.0,-95655.0
398035,244.0,-404.8,1164.12,90090.0,-53672.5,-147315.0
398064,197.64,-426.02,1108.74,35612.5,-38185.0,-161087.5
398092,49.53,-446.52,1059.33,-26127.5,-75197.5,-102900.0
398121,-131.76,-456.16,1053.96,-28157.5,-51502.5,16572.5
398149,-256.69,-457.87,1051.15,17.5,29785.0,84350.0
398178,-321.96,-462.14,1019.07,-15697.5,47215.0,120872.5
398206,-340.5,-472.99,988.44,-34807.5,27300.0,129920.0
398235,-281.7,-485.68,992.1,-44310.0,-28332.5,134242.5
398263,-130.17,-489.71,1061.89,-19862.5,-74602.5,64365.0
398292,53.44,-474.58,1148.75,32077.5,83037.5,-16450.0
398321,201.79,-453.35,1178.89,70490.0,5127.5,-96285.0
398349,263.89,-446.28,1155.83,67235.0,-80955.0,-151865.0
398377,240.95,-454.08,1095.19,5950.0,-29872.5,-152547.5
398405,136.03,-469.46,1046.76,-63105.0,-44135.0,-114730.0
398433,-18.54,-480.44,1069.33,-47582.5,-97317.5,-30292.5
398461,-153.96,-479.83,1117.03,17885.0,-23502.5,30520.0
398490,-245.95,-475.8,1119.23,36067.5,38132.5,84262.5
398518,-288.04,-477.26,1090.68,13107.5,24605.0,123637.5
398547,-265.96,-482.02,1084.82,-5232.5,42350.0,136062.5
398575,-166.41,-478.48,1104.83,2782.5,65572.5,97632.5
398604,-14.64,-457.99,1132.53,3867.5,31552.5,33827.5
398633,141.89,-426.63,1157.05,15732.5,22977.5,-38535.0
398662,259.37,-401.14,1155.83,31972.5,-8627.5,-105437.5
398690,308.66,-393.45,1123.13,30415.0,-28122.5,-144847.5
398719,277.18,-409.19,1074.21,-10185.0,-7000.0,-143605.0
398747,148.35,-448.96,1057.13,-56682.5,-69405.0,-98717.5
398775,-30.38,-482.14,1112.64,-32987.5,-124022.5,-10115.0
398803,-175.44,-492.51,1169.74,57662.5,-10990.0,62177.5
398831,-257.54,-500.44,1153.14,59325.0,67952.5,133035.0
398860,-256.81,-509.96,1108.25,4970.0,66762.5,167912.5
398888,-158.36,-510.94,1098.98,-40670.0,50382.5,131565.0
398917,14.76,-492.64,1143.87,-41965.0,49752.5,43365.0
398945,188.61,-461.77,1204.87,20125.0,7735.0,-53357.5
398974,299.14,-442.01,1218.54,78767.5,-15225.0,-128415.0
399002,323.42,-441.27,1166.93,62265.0,-6177.5,-166057.5
399031,234.61,-460.79,1097.39,2502.5,10097.5,-147122.5
399059,49.78,-491.9,1072.38,-37625.0,-59727.5,-57330.0
399088,-128.83,-508.5,1093.49,-2660.0,-49892.5,36487.5
399116,-239.61,-513.38,1087.26,23765.0,32970.0,100940.0
399144,-281.33,-521.79,1047.98,-18760.0,30345.0,143570.0
399172,-238.14,-527.53,1037.61,-47057.5,10972.5,142852.5
399200,-121.02,-518.26,1071.04,-38990.0,-5565.0,84507.5
399229,25.38,-491.66,1126.43,-3815.0,19250.0,18882.5
399257,161.28,-457.26,1162.42,34230.0,38535.0,-52902.5
399286,252.42,-428.46,1158.51,60182.5,-7787.5,-114940.0
399314,266.2,-422.49,1118.25,52325.0,-23135.0,-150412.5
399343,159.45,-449.57,1071.89,-13247.5,-43977.5,-124932.5
399371,-28.67,-484.1,1082.99,-43662.5,-57697.5,-15977.5
399400,-180.68,-497.64,1111.66,31797.5,17097.5,68040.0
399428,-259.37,-504.23,1078.97,34597.5,68040.0,121257.5
399457,-249.86,-508.86,1030.17,-36032.5,55440.0,137165.0
399485,-153.96,-495.81,1031.75,-71225.0,-19600.0,83440.0
399514,-9.15,-460.92,1100.07,-44975.0,-39987.5,31710.0
399543,149.69,-417.24,1170.71,35122.5,25252.5,-46042.5
399571,265.35,-389.55,1174.86,74567.5,-11532.5,-121905.0
399599,287.55,-392.35,1130.57,47442.5,-26880.0,-156135.0
399627,188.37,-427.37,1085.56,-17097.5,1382.5,-131110.0
399656,-3.54,-467.26,1095.68,-31797.5,-70157.5,-46112.5
399684,-182.39,-483.61,1128.74,44292.5,-33180.0,50067.5
399713,-283.77,-490.93,1102.39,47215.0,45972.5,119962.5
399741,-314.39,-502.52,1045.05,-10132.5,23730.0,161315.0
399770,-271.33,-512.77,1019.07,-35665.0,-6597.5,155697.5
399798,-152.26,-510.57,1036.51,-35280.0,-6825.0,107992.5
399827,24.64,-488.12,1082.26,-14542.5,16747.5,33197.5
399856,195.08,-457.74,1115.57,19075.0,16485.0,-61372.5
399885,297.8,-439.69,1106.66,35280.0,-13090.0,-129220.0
399913,314.52,-440.66,1062.13,8697.5,-4567.5,-162207.5
399942,231.31,-461.16,1023.7,-45255.0,3745.0,-134785.0
399970,66.0,-487.63,1043.1,-45675.0,-71470.0,-57277.5
399999,-97.36,-497.15,1087.87,19600.0,-32830.0,28437.5
400028,-196.91,-496.78,1080.92,39847.5,54162.5,90772.5
400056,-220.33,-497.88,1036.39,-3010.0,29242.5,130952.5
400085,-160.92,-490.44,1020.65,-26985.0,-10850.0,112000.0
400113,-40.5,-466.77,1046.76,-17447.5,-7997.5,59220.0
400142,102.97,-430.42,1087.51,6422.5,24097.5,-4585.0
400170,226.92,-395.65,1109.71,36260.0,19390.0,-73815.0
400199,293.65,-376.49,1099.22,47250.0,-13650.0,-122360.0
400227,281.21,-378.57,1064.33,15627.5,14962.5,-138635.0
400256,156.89,-403.94,1047.0,-23607.5,402.5,-99977.5
400285,-23.79,-428.22,1077.75,10500.0,-43400.0,-6825.0
400314,-160.06,-433.83,1084.82,54215.0,28297.5,60007.5
400342,-237.17,-435.42,1029.92,14315.0,46165.0,112700.0
400371,-254.61,-441.76,985.64,-41440.0,13370.0,147210.0
400399,-192.76,-442.62,993.93,-45622.5,12845.0,128957.5
400428,-65.64,-426.15,1031.63,-27317.5,10045.0,61057.5
400457,80.28,-396.99,1073.11,-9467.5,-9310.0,-14822.5
400485,202.28,-370.03,1097.02,17167.5,-24202.5,-85540.0
400514,274.01,-356.61,1087.63,29890.0,-21647.5,-138775.0
400542,277.92,-361.61,1049.69,5040.0,4917.5,-159057.5
400571,177.14,-388.69,1021.75,-37537.5,3780.0,-130427.5
400599,-6.1,-421.14,1052.98,-27947.5,-64242.5,-35175.0
400628,-171.65,-436.76,1098.24,37170.0,6492.5,53672.5
400656,-265.47,-442.62,1080.19,51572.5,72012.5,117460.0
400685,-283.89,-450.55,1024.8,-5197.5,51257.5,158532.5
400713,-210.82,-452.25,1006.38,-49700.0,8190.0,132510.0
400742,-77.35,-437.25,1042.0,-39392.5,-26127.5,61460.0
400770,69.91,-409.07,1096.66,-2257.5,7332.5,3745.0
400799,202.76,-382.84,1126.67,42437.5,5092.5,-74235.0
400828,276.82,-374.17,1109.71,54110.0,-17150.0,-135590.0
400857,263.52,-386.74,1062.25,13457.5,17062.5,-161857.5
400886,123.46,-418.22,1022.36,-18900.0,13982.5,-125702.5
400914,-86.86,-447.98,1034.19,-29435.0,-48912.5,2590.0
400943,-243.27,-458.96,1051.03,30047.5,2835.0,72765.0
400971,-323.06,-462.62,1010.16,19022.5,19985.0,122955.0
401000,-323.91,-468.97,968.56,-34492.5,-9887.5,167685.0
401028,-225.09,-469.94,979.9,-47162.5,-31220.0,133297.5
401057,-65.76,-454.21,1030.05,-12407.5,-12547.5,50172.5
401085,97.84,-426.88,1072.62,26775.0,21612.5,-27055.0
401114,226.55,-404.43,1075.8,46147.5,-5582.5,-100747.5
401142,286.21,-398.45,1041.88,28262.5,-17517.5,-147560.0
401171,263.76,-409.8,1006.38,-20440.0,21122.5,-149362.5
401199,159.21,-429.93,998.2,-29225.0,22837.5,-119630.0
401228,-14.03,-449.57,1019.92,-7805.0,-59097.5,-44345.0
401256,-184.71,-458.48,1043.22,27825.0,-28245.0,43137.5
401285,-287.8,-457.99,1025.17,30660.0,17517.5,100012.5
401314,-325.37,-460.92,984.3,-4777.5,-4042.5,141522.5
401342,-288.65,-467.14,964.04,-24272.5,-5215.0,150990.0
401371,-170.68,-461.89,976.24,-27807.5,4882.5,108272.5
401399,7.32,-439.2,1013.33,-12705.0,20055.0,37677.5
401428,176.41,-415.04,1046.27,16712.5,15050.0,-65030.0
401456,269.13,-405.28,1050.66,36802.5,-15855.0,-128537.5
401485,275.72,-412.97,1027.48,22120.0,8050.0,-149397.5
401513,188.73,-430.54,1007.96,-14420.0,15855.0,-138932.5
401542,18.67,-439.69,1023.58,-9030.0,-65817.5,-63560.0
401570,-147.62,-434.56,1040.66,32287.5,-35962.5,31342.5
401599,-251.2,-428.71,1016.75,21927.5,27580.0,91647.5
401627,-292.31,-432.12,979.42,-17482.5,8015.0,145495.0
401656,-249.98,-438.22,973.8,-35472.5,560.0,141942.5
401685,-139.32,-431.88,999.3,-14507.5,6317.5,80080.0
401714,-1.22,-410.16,1035.05,5705.0,28140.0,18427.5
401743,136.88,-382.1,1060.91,31657.5,36015.0,-49420.0
401771,238.02,-361.36,1053.96,46602.5,280.0,-110617.5
401800,263.64,-357.09,1013.33,11900.0,-10167.5,-145477.5
401828,192.27,-367.95,986.98,-32060.0,23485.0,-126490.0
401857,33.92,-385.15,1000.89,-15155.0,-31920.0,-63997.5
401885,-139.32,-396.13,1028.7,16747.5,-41440.0,27615.0
401914,-253.88,-400.65,1025.65,38605.0,53987.5,85592.5
401942,-302.56,-403.7,984.05,10885.0,63997.5,125510.0
401971,-276.45,-404.8,958.8,-31867.5,19652.5,141242.5
401999,-170.8,-395.52,992.23,-44327.5,-15085.0,95130.0
402028,-18.42,-371.12,1061.64,14070.0,13247.5,25690.0
402057,126.88,-345.14,1108.25,57627.5,36400.0,-50242.5
402086,218.75,-332.94,1103.73,63122.5,-1557.5,-112787.5
402114,229.73,-336.96,1069.21,25882.5,-33145.0,-141627.5
402143,139.2,-351.48,1046.27,-10640.0,-33232.5,-129097.5
402171,-35.14,-360.88,1052.37,-3972.5,-88042.5,-52517.5
402199,-203.25,-355.14,1066.65,16257.5,-44450.0,38622.5
402228,-303.9,-344.04,1052.74,20370.0,51660.0,88672.5
402256,-349.9,-338.67,1011.14,-9257.5,52290.0,122657.5
402285,-346.11,-341.36,985.03,-38780.0,20055.0,141855.0
402313,-275.11,-343.19,1001.62,-37432.5,40565.0,121625.0
402342,-147.5,-333.55,1046.76,-17220.0,57522.5,62597.5
402370,-7.69,-315.74,1105.2,2817.5,32480.0,-9047.5
402399,98.45,-304.39,1144.36,37537.5,-8172.5,-77752.5
402427,147.74,-304.88,1136.19,48072.5,-35735.0,-121257.5
402456,137.86,-312.08,1097.63,13895.0,-10027.5,-144217.5
402484,40.26,-318.66,1080.68,-18620.0,-38447.5,-126735.0
402513,-122.73,-317.44,1091.05,22452.5,-73727.5,-50802.5
402541,-274.38,-306.1,1078.72,25795.0,2537.5,20562.5
402570,-370.27,-291.21,1034.56,3202.5,69930.0,80745.0
402599,-403.58,-284.02,979.66,-31902.5,65397.5,115255.0
402627,-371.61,-285.11,955.02,-77367.5,39707.5,116217.5
402656,-274.38,-286.7,1016.26,-88392.5,-49735.0,73272.5
402684,-164.21,-286.21,1105.81,24027.5,38622.5,11112.5
402713,-82.11,-284.26,1138.75,57452.5,93730.0,-28927.5
402741,-23.67,-283.77,1126.43,49105.0,11462.5,-62440.0
402770,0.73,-286.7,1105.2,19950.0,-64697.5,-96302.5
402798,-24.89,-284.14,1110.44,9695.0,-52675.0,-102567.5
402827,-98.7,-275.96,1111.18,43155.0,-10745.0,-91630.0
402855,-219.36,-264.13,1069.94,24132.5,-46567.5,-53760.0
402884,-355.26,-245.71,1028.95,-5845.0,-28735.0,12495.0
402912,-459.21,-231.07,995.89,-157.5,39690.0,66587.5
402941,-519.84,-231.31,948.67,-22330.0,38150.0,110320.0
402969,-518.38,-248.39,924.03,-57487.5,-9590.0,145267.5
402998,-430.66,-269.62,957.58,-60217.5,-37135.0,112262.5
403026,-297.07,-279.87,1024.8,-16310.0,-4742.5,45797.5
403054,-158.6,-279.99,1074.58,18515.0,56822.5,-10185.0
403083,-31.96,-277.79,1083.97,33267.5,25217.5,-79730.0
403111,43.31,-279.87,1061.64,22120.0,-68582.5,-133630.0
403140,22.94,-291.95,1045.54,-13667.5,-77962.5,-147647.5
403168,-107.85,-309.76,1079.7,-14175.0,-58257.5,-97177.5
403197,-275.96,-311.83,1125.82,37345.0,20982.5,-9695.0
403225,-401.01,-297.68,1105.32,62667.5,70052.5,46865.0
403254,-468.6,-288.16,1028.58,20282.5,60480.0,98420.0
403282,-469.09,-293.78,962.82,-46007.5,25182.5,126612.5
403311,-389.42,-304.39,968.92,-72677.5,-31972.5,98647.5
403339,-249.25,-307.44,1046.64,-32707.5,-36575.0,46042.5
403368,-97.36,-304.27,1122.64,37152.5,45605.0,-27825.0
403397,25.38,-300.73,1132.28,61985.0,24377.5,-91472.5
403426,92.23,-303.54,1090.19,25760.0,-57522.5,-140857.5
403455,57.95,-317.81,1045.91,-36942.5,-71592.5,-150727.5
403483,-91.13,-337.45,1074.33,-62195.0,-97860.0,-69125.0
403511,-261.69,-340.99,1141.8,25480.0,2345.0,22802.5
403539,-380.03,-328.42,1142.9,56000.0,64417.5,65975.0
403568,-446.03,-321.35,1083.12,29260.0,94500.0,117740.0
403596,-441.64,-328.42,1022.6,-39375.0,57680.0,148645.0
403625,-354.9,-340.5,1022.6,-63962.5,-12617.5,116987.5
403653,-215.21,-347.21,1089.22,-44730.0,-24552.5,47495.0
403682,-75.76,-347.82,1166.56,33670.0,51940.0,-20440.0
403710,33.43,-347.94,1189.5,81340.0,65415.0,-84402.5
403739,98.58,-352.09,1153.75,58415.0,-57435.0,-133752.5
403767,79.42,-362.34,1106.05,-9152.5,-93170.0,-159792.5
403796,-47.34,-376.37,1114.84,-50890.0,-96477.5,-112700.0
403824,-216.92,-377.22,1158.27,13020.0,-34072.5,-19740.0
403853,-350.87,-361.97,1152.66,41510.0,20107.5,40495.0
403882,-434.08,-349.29,1098.24,24867.5,35997.5,93835.0
403910,-463.23,-349.53,1046.03,-22085.0,13825.0,136412.5
403938,-415.41,-360.51,1044.81,-36557.5,-17727.5,146755.0
403966,-288.77,-369.66,1084.7,-7665.0,-1400.0,100257.5
403995,-123.46,-368.2,1123.25,18147.5,56262.5,26110.0
404023,20.98,-359.17,1138.87,32182.5,40285.0,-56962.5
404052,108.82,-351.12,1120.94,30555.0,-33687.5,-109305.0
404080,140.06,-347.82,1079.58,-5267.5,-64522.5,-134015.0
404109,88.45,-352.95,1060.18,-49770.0,-29627.5,-138407.5
404137,-52.46,-360.63,1103.98,-29715.0,-52797.5,-71207.5
404166,-210.57,-353.56,1142.53,37047.5,-7875.0,7262.5
404195,-326.72,-335.26,1128.01,31045.0,20160.0,64400.0
404224,-393.33,-325.62,1085.8,34772.5,50260.0,115080.0
404252,-392.84,-333.06,1042.0,-18270.0,31972.5,155855.0
404281,-299.63,-348.07,1045.54,-44257.5,-14297.5,133140.0
404309,-148.23,-358.07,1094.83,-13072.5,-13072.5,46567.5
404338,-9.52,-359.05,1141.68,32095.0,45657.5,-23712.5
404367,96.14,-358.56,1140.94,57820.0,62265.0,-77315.0
404395,164.82,-360.75,1096.05,28070.0,-41772.5,-128625.0
404423,164.09,-362.71,1053.35,-26862.5,-70420.0,-153807.5
404451,69.78,-367.71,1080.8,-56367.5,-71837.5,-121765.0
404480,-84.67,-363.32,1131.06,19985.0,-24115.0,-41702.5
404508,-221.92,-341.84,1133.26,19652.5,32270.0,26407.5
404537,-314.27,-322.08,1109.47,33880.0,16660.0,73972.5
404565,-366.0,-315.49,1068.72,10920.0,45237.5,115920.0
404594,-358.68,-320.25,1044.2,-26057.5,22680.0,141697.5
404622,-276.21,-330.13,1063.47,-28017.5,-5775.0,130112.5
404651,-136.4,-337.33,1100.2,-1890.0,29470.0,66150.0
404679,2.44,-335.01,1121.42,25900.0,77752.5,-19180.0
404708,99.31,-326.72,1120.2,32795.0,30957.5,-78802.5
404737,146.16,-320.86,1106.78,14525.0,-46252.5,-118090.0
404766,124.07,-319.64,1100.68,-10902.5,-71225.0,-141260.0
404794,8.78,-317.2,1115.81,1715.0,-54320.0,-104422.5
404822,-151.65,-300.0,1130.21,29295.0,26950.0,-17937.5
404851,-275.48,-276.09,1104.83,35385.0,52780.0,50312.5
404879,-349.29,-262.54,1045.42,13020.0,36400.0,95760.0
404908,-370.76,-261.81,1000.52,-35770.0,18725.0,137480.0
404936,-302.07,-270.35,1007.6,-60865.0,-36172.5,117652.5
404964,-185.81,-275.72,1043.83,-24920.0,-76142.5,41072.5
404992,-66.0,-273.89,1076.28,-122.5,14455.0,-2152.5
405021,57.1,-271.82,1093.85,27142.5,55702.5,-72800.0
405049,139.57,-271.82,1074.94,31517.5,-22610.0,-129710.0
405078,146.4,-272.67,1036.63,-27562.5,-75932.5,-147892.5
405106,59.29,-276.45,1049.81,-63857.5,-94605.0,-110845.0
405135,-87.11,-272.67,1114.47,-4007.5,-12320.0,-22995.0
405163,-219.11,-258.76,1146.56,43680.0,53602.5,41405.0
405192,-310.49,-252.66,1120.57,41107.5,68565.0,86537.5
405221,-344.89,-260.35,1072.01,-6177.5,93957.5,130655.0
405250,-286.94,-271.82,1056.4,-47460.0,56892.5,123340.0
405278,-160.43,-272.79,1106.54,-33775.0,-11725.0,60270.0
405306,-19.76,-264.5,1165.59,30870.0,33127.5,-6860.0
405335,99.31,-257.91,1177.18,55825.0,35752.5,-73762.5
405363,161.53,-258.76,1149.0,40495.0,-38132.5,-117162.5
405392,136.64,-266.08,1123.01,-14367.5,-80272.5,-120085.0
405420,25.99,-276.21,1136.8,-7122.5,-87430.0,-80710.0
405449,-126.27,-274.26,1162.66,2205.0,25007.5,-19390.0
405477,-255.1,-257.42,1149.0,35910.0,75005.0,38920.0
405506,-338.55,-243.51,1083.85,23467.5,56332.5,81462.5
405534,-377.35,-242.41,1009.18,-47477.5,30642.5,129990.0
405563,-322.69,-253.76,1002.72,-119175.0,-62597.5,136430.0
405591,-191.78,-261.93,1070.43,-33075.0,-63350.0,58957.5
405620,-49.04,-259.74,1128.74,38377.5,54740.0,-10010.0
405648,73.2,-256.44,1132.16,56630.0,44257.5,-76615.0
405677,142.01,-257.91,1092.51,28490.0,-44852.5,-129255.0
405705,131.52,-265.23,1060.18,-48440.0,-108360.0,-148452.5
405734,26.72,-278.65,1090.19,-44852.5,-107607.5,-103565.0
405762,-125.54,-284.38,1156.19,-367.5,22400.0,-12337.5
405790,-246.07,-277.43,1177.67,56000.0,95952.5,52745.0
405819,-317.2,-272.55,1128.01,43872.5,87482.5,96652.5
405847,-342.33,-274.5,1064.21,-26215.0,43645.0,139702.5
405876,-286.09,-281.7,1057.86,-70525.0,7157.5,140787.5
405904,-165.68,-283.28,1108.49,-21472.5,-5705.0,65362.5
405933,-34.65,-276.21,1156.93,31535.0,19582.5,5530.0
405961,73.93,-273.04,1170.22,56087.5,-13440.0,-59062.5
405990,131.27,-275.23,1144.85,44380.0,-46025.0,-115325.0
406018,117.61,-277.55,1108.0,-25987.5,-75617.5,-135100.0
406047,16.23,-274.74,1120.08,-48212.5,-116497.5,-93590.0
406075,-127.61,-259.25,1160.46,18882.5,-31640.0,-4130.0
406104,-238.63,-237.41,1164.25,32200.0,58852.5,55177.5
406133,-297.31,-223.14,1133.87,25777.5,63070.0,87150.0
406162,-306.22,-216.79,1106.66,3762.5,58310.0,98945.0
406191,-256.44,-213.01,1108.37,-15015.0,48982.5,84910.0
406219,-153.72,-207.03,1135.82,-6142.5,29732.5,48702.5
406248,-25.25,-199.47,1170.22,20020.0,36137.5,-10867.5
406276,81.5,-196.42,1188.28,40495.0,8855.0,-80027.5
406305,131.27,-198.37,1182.06,40127.5,-38990.0,-114537.5
406333,111.75,-198.49,1165.71,22295.0,-41737.5,-122605.0
406362,19.76,-193.25,1150.95,6790.0,-62405.0,-96372.5
406390,-138.23,-173.24,1140.7,-14997.5,-86415.0,-19845.0
406419,-293.78,-142.98,1134.48,-13020.0,-25217.5,57645.0
406447,-387.96,-129.32,1106.42,16135.0,43890.0,98297.5
406476,-418.7,-139.57,1062.38,-5337.5,53760.0,142240.0
406504,-372.83,-162.99,1043.1,-52185.0,40040.0,138915.0
406533,-251.81,-185.32,1068.35,-72345.0,-7420.0,93975.0
406561,-87.23,-203.01,1119.47,-28892.5,7525.0,8925.0
406590,57.1,-222.77,1149.36,32147.5,9485.0,-83562.5
406619,126.51,-246.2,1144.24,48142.5,-14980.0,-133927.5
406647,118.71,-266.2,1121.42,31115.0,-1855.0,-143255.0
406676,29.77,-273.04,1100.32,1190.0,-37852.5,-125230.0
406704,-129.2,-255.22,1102.88,-32760.0,-111790.0,-28980.0
406732,-279.75,-224.36,1119.35,-24237.5,-46987.5,46952.5
406760,-374.17,-209.11,1112.88,22907.5,31815.0,99732.5
406789,-403.82,-217.77,1084.58,23065.0,44117.5,147752.5
406817,-345.5,-241.8,1065.79,-12862.5,22837.5,147875.0
406846,-212.28,-262.79,1073.36,-27177.5,-6370.0,82932.5
406874,-49.04,-272.91,1097.02,-3010.0,5635.0,12075.0
406903,108.34,-281.21,1115.93,40880.0,35857.5,-82232.5
406931,203.01,-299.51,1107.64,74130.0,13825.0,-160562.5
406960,191.17,-319.03,1078.24,46480.0,-26057.5,-164167.5
406988,64.9,-322.57,1064.69,-22155.0,-79345.0,-110652.5
407017,-119.56,-305.12,1093.0,-47197.5,-109550.0,-6772.5
407045,-259.37,-282.8,1125.69,-14770.0,-157.5,51467.5
407073,-327.2,-278.16,1108.98,40792.5,34317.5,103985.0
407102,-333.06,-289.51,1072.87,9747.5,9590.0,157640.0
407130,-256.2,-305.37,1071.65,-18550.0,35472.5,146825.0
407159,-107.24,-315.98,1096.05,2222.5,35525.0,72100.0
407187,65.64,-319.03,1115.08,29505.0,16817.5,-16222.5
407216,198.86,-324.4,1107.03,42892.5,-8050.0,-104440.0
407244,246.93,-335.99,1073.36,20667.5,-22260.0,-144847.5
407273,209.47,-344.04,1048.71,-24255.0,-245.0,-133717.5
407301,78.08,-338.43,1057.98,-40722.5,-54792.5,-84105.0
407330,-101.38,-314.39,1098.98,-31342.5,-101622.5,15977.5
407358,-235.22,-291.21,1126.91,19005.0,-875.0,79607.5
407387,-297.8,-292.19,1106.42,46427.5,46935.0,138512.5
407415,-273.52,-313.54,1070.92,52.5,24797.5,170327.5
407444,-160.06,-335.99,1064.57,-27545.0,2712.5,111632.5
407473,1.34,-347.46,1080.43,3517.5,11882.5,35297.5
407501,167.02,-352.82,1083.12,33950.0,24150.0,-53042.5
407530,277.67,-363.32,1060.06,25567.5,-997.5,-131092.5
407558,295.0,-380.64,1037.37,-9817.5,2800.0,-153510.0
407587,229.24,-390.89,1041.39,-20492.5,25147.5,-147437.5
407615,83.69,-383.93,1062.25,-2870.0,-57050.0,-88515.0
407644,-93.94,-359.29,1083.85,4567.5,-57277.5,13020.0
407672,-221.55,-336.23,1083.12,31482.5,32742.5,86345.0
407701,-278.89,-332.69,1052.62,18882.5,38185.0,139632.5
407729,-260.47,-344.16,1028.22,-19407.5,13475.0,156835.0
407758,-160.8,-358.68,1032.97,-27020.0,2292.5,117600.0
407786,1.71,-367.71,1056.89,-4987.5,8522.5,46900.0
407815,176.66,-373.56,1069.94,23047.5,12985.0,-53655.0
407844,288.29,-384.54,1053.84,18462.5,-16292.5,-134820.0
407873,298.53,-397.48,1032.49,-12950.0,-8190.0,-152845.0
407901,220.45,-401.87,1034.07,-24097.5,13300.0,-133735.0
407929,64.17,-389.18,1061.03,-11900.0,-59412.5,-70350.0
407958,-115.29,-362.46,1094.71,11532.5,-34912.5,25567.5
407986,-238.02,-344.53,1095.93,45955.0,51380.0,93135.0
408015,-289.75,-349.65,1056.64,26617.5,41720.0,143797.5
408043,-266.45,-370.64,1025.04,-27020.0,10640.0,159985.0
408072,-161.65,-393.94,1035.66,-39025.0,7262.5,116952.5
408100,3.42,-408.94,1072.14,-245.0,11550.0,54512.5
408129,186.29,-419.92,1096.9,41422.5,32217.5,-49805.0
408157,308.54,-436.03,1088.24,45167.5,-11200.0,-145285.0
408186,328.91,-456.89,1059.2,6772.5,-24535.0,-168280.0
408214,252.78,-469.82,1039.81,-24587.5,9345.0,-162400.0
408243,82.23,-459.21,1047.49,-24902.5,-50172.5,-85400.0
408271,-107.12,-428.71,1071.16,-7105.0,-36277.5,22032.5
408299,-236.8,-402.48,1074.45,24447.5,30520.0,88882.5
408328,-296.95,-396.74,1044.08,18865.0,26477.5,142030.0
408356,-276.21,-407.48,1017.85,-22260.0,-2047.5,156992.5
408385,-165.68,-420.78,1028.22,-36067.5,6982.5,101395.0
408413,0.0,-428.59,1060.91,-9467.5,17045.0,20492.5
408442,159.82,-431.51,1082.75,21682.5,15872.5,-74147.5
408470,256.81,-440.42,1072.87,33880.0,-4410.0,-148347.5
408499,253.27,-456.89,1044.81,12197.5,2607.5,-162522.5
408527,157.14,-465.19,1039.93,-14630.0,3745.0,-116042.5
408556,7.32,-451.4,1068.11,-8645.0,-35472.5,-51905.0
408585,-146.52,-419.92,1089.34,21805.0,-31325.0,14227.5
408614,-263.89,-392.84,1073.11,35367.5,7087.5,79275.0
408643,-329.64,-382.84,1036.76,7857.5,630.0,133472.5
408672,-329.64,-391.62,1009.55,-18042.5,-11567.5,156747.5
408700,-239.12,-412.12,1004.18,-31185.0,-6265.0,134260.0
408729,-73.93,-432.12,1016.99,-17815.0,4340.0,74532.5
408758,119.8,-444.93,1031.51,3692.5,35822.5,-15260.0
408786,264.74,-454.82,1029.31,17010.0,-2870.0,-132020.0
408815,300.61,-470.19,1009.06,4900.0,-40477.5,-169015.0
408843,226.19,-486.54,989.91,-14612.5,21210.0,-154332.5
408872,57.22,-480.68,1011.14,-32830.0,-24342.5,-76370.0
408900,-126.51,-450.18,1061.89,-2012.5,-36277.5,13755.0
408929,-259.86,-426.02,1075.55,50085.0,33582.5,78925.0
408957,-320.98,-427.24,1040.42,53567.5,46112.5,137777.5
408986,-291.7,-444.81,998.94,-962.5,10027.5,150955.0
409015,-171.29,-460.06,1000.52,-49245.0,-15015.0,116532.5
409044,17.93,-466.65,1040.42,-21245.0,24027.5,30170.0
409073,201.91,-468.72,1067.38,27422.5,25760.0,-77105.0
409102,307.56,-478.97,1060.3,37205.0,-16170.0,-154805.0
409130,307.81,-499.47,1035.17,14892.5,-7700.0,-180302.5
409158,195.57,-514.35,1029.31,-23765.0,70.0,-147857.5
409187,-4.15,-509.72,1058.11,-22487.5,-70577.5,-48912.5
409215,-186.17,-490.44,1084.58,19057.5,-24815.0,57277.5
409244,-283.04,-480.31,1068.35,42805.0,35437.5,125825.0
409272,-298.66,-488.98,1030.17,6212.5,18287.5,177012.5
409301,-200.2,-500.2,1019.8,-31675.0,7210.0,147297.5
409329,-20.5,-496.91,1046.15,-26355.0,-14087.5,48667.5
409358,160.43,-482.75,1076.16,23975.0,-1050.0,-42367.5
409386,295.61,-474.09,1065.79,51275.0,-15452.5,-130532.5
409415,340.26,-480.31,1020.9,20860.0,-29382.5,-182315.0
409443,266.2,-491.54,993.69,-28280.0,7910.0,-156835.0
409472,92.23,-493.73,1013.33,-42437.5,-20090.0,-65835.0
409500,-91.99,-481.53,1056.76,-14787.5,-25130.0,30922.5
409529,-217.28,-469.21,1068.11,32865.0,29767.5,95900.0
409558,-272.55,-474.21,1035.78,22400.0,35717.5,159635.0
409586,-233.14,-489.22,1014.67,-30327.5,16800.0,176312.5
409615,-96.87,-498.49,1035.78,-40460.0,-7455.0,111510.0
409643,90.77,-494.59,1077.99,1715.0,6142.5,19302.5
409672,257.42,-483.85,1094.1,46830.0,1855.0,-86747.5
409700,344.77,-478.0,1062.99,45185.0,-31885.0,-150220.0
409729,336.23,-483.12,1009.92,4182.5,5495.0,-168210.0
409757,216.18,-489.71,986.74,-46375.0,19250.0,-109357.5
409786,41.11,-479.7,1020.41,-52885.0,-54110.0,-12705.0
409814,-103.82,-455.55,1059.45,-927.5,-23152.5,44170.0
409843,-197.88,-435.66,1052.98,48947.5,35280.0,109917.5
409871,-231.56,-433.22,1023.95,35997.5,27317.5,193497.5
409900,-159.45,-447.74,1011.62,1942.5,9310.0,195842.5
409929,2.93,-459.45,1033.34,-24675.0,9765.0,38622.5
409957,147.74,-460.55,1060.79,21017.5,1050.0,-55282.5
409986,228.63,-462.26,1056.52,2327.5,11112.5,-113995.0
410014,241.32,-458.6,1047.0,-18847.5,-3167.5,-131565.0
410043,200.08,-446.03,1050.05,-20790.0,-9625.0,-124845.0
410071,93.21,-429.2,1052.74,-892.5,-38167.5,-85662.5
410100,-42.94,-397.48,1070.31,8260.0,-35455.0,24465.0
