timestamp_ms,acc_x,acc_y,acc_z,gyro_x,gyro_y,gyro_z
113,0.49,8.05,90.16,-4077.5,29190.0,10377.5
143,9.64,10.49,147.74,-5932.5,6282.5,9835.0
172,23.67,10.49,204.59,-6440.0,8347.5,4532.5
202,37.7,13.66,262.54,-2747.5,23660.0,2310.0
231,55.51,19.64,318.18,647.5,12477.5,4532.5
261,80.15,21.47,368.81,6282.5,2607.5,2047.5
290,108.82,19.4,414.31,9555.0,-7612.5,-10990.0
319,126.88,18.91,455.3,7507.5,-6352.5,-23852.5
348,122.24,21.23,491.54,4637.5,-19740.0,-29102.5
377,93.21,26.96,522.53,-1032.5,-34177.5,-30415.0
406,43.19,34.16,553.03,-2817.5,-20807.5,-17937.5
436,-15.13,38.67,583.77,4375.0,-12057.5,1540.0
465,-69.3,40.5,609.63,15277.5,-20212.5,16765.0
494,-113.46,42.58,628.79,14420.0,-2100.0,25077.5
523,-146.52,45.14,645.75,12162.5,17010.0,31500.0
552,-164.46,50.26,660.51,6702.5,12232.5,33827.5
581,-159.33,58.8,672.22,-2765.0,10972.5,32900.0
610,-132.0,67.22,687.35,-2450.0,39620.0,36435.0
639,-89.3,71.37,712.97,-5827.5,47530.0,36207.5
668,-38.19,64.54,749.32,-11690.0,22015.0,25900.0
697,13.3,47.34,784.34,-560.0,-1435.0,1172.5
726,54.41,34.04,809.47,8522.5,3377.5,-22802.5
756,76.62,28.79,829.11,9117.5,10972.5,-24185.0
785,78.81,28.67,842.53,11637.5,-14000.0,-26827.5
814,58.19,35.87,850.83,10815.0,-21787.5,-27825.0
843,19.03,53.56,854.98,-2870.0,9922.5,-7052.5
872,-22.94,70.39,855.95,-7857.5,-6947.5,-6335.0
901,-64.42,78.81,857.9,-8907.5,-15277.5,-9782.5
930,-101.75,88.69,859.37,12810.0,-71312.5,20055.0
959,-122.0,101.5,863.27,42297.5,-61005.0,41440.0
988,-137.13,113.7,863.52,38535.0,16590.0,35157.5
1017,-155.55,126.39,863.27,-4585.0,14892.5,35840.0
1046,-162.87,136.15,871.08,-15540.0,-13195.0,40827.5
1075,-152.62,137.86,883.77,-1785.0,-1172.5,41895.0
1104,-128.34,131.39,895.48,-1032.5,17517.5,38990.0
1132,-95.4,119.93,907.31,-15207.5,15680.0,40407.5
1161,-57.71,108.46,927.2,-9625.0,36907.5,44205.0
1190,-14.64,99.06,939.64,4690.0,74445.0,39112.5
1219,34.65,90.04,945.5,-5180.0,64645.0,17937.5
1248,89.43,73.08,964.78,-22207.5,53427.5,-16065.0
1277,126.39,52.22,991.62,23712.5,-11322.5,-78102.5
1306,126.39,36.84,1000.89,40740.0,-19862.5,-99137.5
1335,102.24,30.26,989.54,32777.5,-17307.5,-101797.5
1364,51.12,34.4,971.97,24482.5,-1855.0,-93275.0
1394,-32.7,46.73,953.19,19092.5,-2275.0,-60217.5
1423,-131.76,61.73,935.62,13597.5,6177.5,-14210.0
1453,-224.85,74.54,914.76,4970.0,18970.0,30432.5
1482,-297.56,79.42,888.77,-6002.5,8837.5,69282.5
1511,-341.84,73.08,863.76,-22207.5,-14910.0,97947.5
1540,-358.92,58.56,850.58,-30100.0,-30065.0,108167.5
1568,-342.82,34.89,855.34,-36085.0,-30292.5,112420.0
1597,-268.64,5.98,884.99,-35525.0,2765.0,104510.0
1626,-134.57,-19.76,934.52,-24430.0,28245.0,57295.0
1655,13.66,-41.97,985.03,-7892.5,20807.5,-17780.0
1684,122.98,-65.39,1024.8,20195.0,-4200.0,-89582.5
1713,173.36,-92.72,1041.76,50330.0,-21472.5,-133367.5
1742,163.72,-118.1,1029.44,47845.0,-24902.5,-155645.0
1771,84.42,-133.96,1004.18,20440.0,-50697.5,-149905.0
1800,-52.95,-134.2,983.81,-2222.5,-79152.5,-88287.5
1828,-192.27,-120.05,979.9,-14612.5,-38255.0,-262.5
1857,-292.68,-105.04,987.22,2625.0,28682.5,64802.5
1886,-353.31,-104.43,982.34,7105.0,44835.0,112822.5
1915,-376.74,-121.02,971.61,-8715.0,25427.5,136535.0
1943,-356.73,-148.11,972.71,-12145.0,23957.5,148155.0
1972,-272.55,-177.02,990.88,-18532.5,48387.5,130025.0
2000,-132.98,-198.01,1022.73,-12740.0,28192.5,66990.0
2029,16.23,-208.86,1061.03,577.5,5232.5,-13457.5
2058,131.03,-218.38,1093.49,15750.0,-5845.0,-93520.0
2087,187.51,-234.97,1101.66,34720.0,-13510.0,-145582.5
2116,180.32,-252.3,1081.16,38692.5,-34807.5,-168017.5
2144,88.82,-259.13,1053.59,10027.5,-79327.5,-159775.0
2173,-80.03,-247.54,1049.2,-6300.0,-95252.5,-71960.0
2201,-241.44,-225.82,1064.08,8172.5,-27142.5,35892.5
2230,-335.62,-213.01,1066.77,21420.0,50645.0,96355.0
2258,-371.37,-216.92,1050.42,12495.0,61250.0,132632.5
2287,-354.65,-234.97,1034.8,-12162.5,40232.5,147192.5
2315,-288.41,-257.91,1040.78,-25567.5,20387.5,141697.5
2344,-162.38,-274.5,1079.21,-8960.0,15050.0,100327.5
2373,-2.2,-276.94,1127.4,48615.0,18410.0,15837.5
2402,133.1,-269.5,1145.34,59587.5,7945.0,-55230.0
2431,219.11,-264.5,1134.48,28822.5,-27090.0,-110775.0
2460,244.73,-267.42,1118.5,8697.5,-50382.5,-145337.5
2489,198.86,-272.79,1109.35,-6965.0,-61775.0,-155277.5
2517,72.22,-268.28,1107.39,-14857.5,-84507.5,-120347.5
2546,-92.35,-250.1,1113.86,-9187.5,-55510.0,-27982.5
2574,-221.43,-229.36,1117.52,14595.0,38482.5,50137.5
2603,-290.97,-219.23,1094.83,13667.5,81882.5,99697.5
2631,-308.17,-223.02,1060.79,-21315.0,52972.5,126962.5
2660,-273.4,-234.97,1052.86,-41160.0,27422.5,129360.0
2688,-184.34,-244.24,1073.84,-30870.0,30730.0,99540.0
2717,-50.75,-241.8,1107.03,-12075.0,15820.0,48842.5
2746,92.35,-229.6,1140.21,542.5,1960.0,-22015.0
2776,198.37,-219.36,1159.37,13755.0,-18970.0,-86660.0
2805,247.05,-221.31,1157.05,20212.5,-29785.0,-127172.5
2834,236.31,-231.56,1141.19,8312.5,-30467.5,-149660.0
2863,153.11,-237.66,1125.21,-2537.5,-56297.5,-139282.5
2891,12.2,-232.41,1116.3,-8120.0,-73220.0,-72712.5
2920,-130.42,-217.89,1120.94,-4375.0,-17832.5,7892.5
2948,-233.02,-205.2,1121.3,16940.0,44537.5,72712.5
2977,-289.75,-205.57,1100.07,10885.0,49315.0,119385.0
3005,-304.27,-221.8,1081.65,-15872.5,32462.5,148487.5
3034,-261.45,-246.32,1086.29,-23152.5,45657.5,150745.0
3062,-154.45,-264.98,1108.37,-14280.0,46585.0,105962.5
3091,-11.47,-269.13,1138.75,507.5,22540.0,34125.0
3120,125.78,-263.15,1165.83,16922.5,3430.0,-37555.0
3149,223.99,-259.98,1177.06,29925.0,-12285.0,-100642.5
3178,267.06,-267.67,1165.47,34772.5,-25760.0,-140927.5
3206,251.93,-278.89,1143.51,12442.5,-29907.5,-157045.0
3235,159.94,-283.41,1126.3,1155.0,-53882.5,-153790.0
3263,-0.12,-276.7,1120.45,-4025.0,-67777.5,-69807.5
3292,-150.55,-262.54,1127.04,6807.5,-5040.0,25480.0
3321,-248.51,-251.56,1119.96,23467.5,46935.0,76142.5
3350,-305.12,-250.83,1088.24,9117.5,44765.0,117355.0
3379,-321.47,-261.45,1058.11,-17272.5,29855.0,142205.0
3408,-285.85,-277.92,1052.86,-34020.0,32077.5,146440.0
3436,-192.52,-289.87,1073.84,-32637.5,35192.5,114065.0
3465,-45.02,-290.6,1113.13,-12565.0,17797.5,56892.5
3494,114.8,-286.82,1151.07,18235.0,5040.0,-32585.0
3523,222.28,-290.85,1164.61,30835.0,-28735.0,-108412.5
3552,260.59,-303.54,1158.02,18305.0,-40652.5,-145880.0
3580,239.36,-317.08,1149.0,7140.0,-26967.5,-159687.5
3609,154.82,-323.18,1137.04,10080.0,-40652.5,-152932.5
3637,6.59,-316.22,1124.11,-1347.5,-73902.5,-85085.0
3666,-145.42,-298.66,1127.28,-8067.5,-29225.0,13632.5
3694,-245.95,-282.06,1131.43,18970.0,32340.0,72240.0
3723,-298.66,-275.96,1110.81,17290.0,53410.0,112927.5
3751,-305.98,-280.11,1087.51,-15365.0,57067.5,133000.0
3780,-269.13,-286.94,1083.73,-26110.0,54267.5,121905.0
3808,-195.44,-288.77,1097.15,-21525.0,33057.5,92767.5
3837,-87.72,-281.33,1122.03,-3430.0,22172.5,55860.0
3866,40.87,-265.84,1148.02,7315.0,15977.5,-6142.5
3896,145.42,-251.69,1165.95,11077.5,-18620.0,-70157.5
3925,199.1,-249.37,1174.01,15242.5,-43137.5,-108185.0
3953,207.64,-256.57,1173.15,15295.0,-37905.0,-131355.0
3982,170.19,-264.13,1164.37,12040.0,-33967.5,-136185.0
4010,77.59,-265.47,1147.78,7822.5,-58747.5,-116655.0
4039,-58.93,-256.69,1133.87,-5582.5,-71732.5,-49525.0
4067,-189.71,-241.44,1131.79,-560.0,-10220.0,28875.0
4096,-276.7,-232.17,1120.94,16572.5,38850.0,89495.0
4125,-316.96,-235.46,1095.56,-2992.5,38395.0,123742.5
4154,-318.66,-248.64,1079.46,-22995.0,25375.0,132562.5
4182,-276.57,-266.2,1082.51,-20667.5,35682.5,134855.0
4211,-170.92,-278.65,1101.78,-19005.0,49717.5,102900.0
4240,-20.86,-276.7,1134.84,-9800.0,28857.5,31255.0
4268,117.73,-266.69,1173.15,8540.0,1137.5,-45972.5
4297,212.77,-265.47,1193.4,40880.0,-17307.5,-101185.0
4325,262.18,-280.36,1183.89,46865.0,-32165.0,-138250.0
4354,257.54,-300.85,1162.9,19897.5,-36400.0,-164552.5
4382,161.16,-317.69,1143.14,5547.5,-71767.5,-161385.0
4411,-20.37,-322.57,1134.84,-7210.0,-99925.0,-70420.0
4439,-195.32,-314.64,1146.43,-2082.5,-3010.0,38325.0
4468,-301.22,-309.88,1146.56,22435.0,74130.0,107992.5
4497,-344.89,-319.76,1117.76,4690.0,74445.0,147017.5
4526,-337.94,-341.36,1093.73,-32130.0,41685.0,163520.0
4555,-272.3,-364.05,1098.73,-38675.0,27825.0,147910.0
4583,-145.42,-374.91,1129.84,-23765.0,22470.0,98052.5
4612,29.52,-373.32,1173.76,1190.0,36855.0,22977.5
4641,193.0,-371.37,1212.07,25287.5,14017.5,-77630.0
4670,278.89,-384.18,1227.93,46532.5,-38990.0,-146282.5
4698,285.11,-408.46,1214.39,47162.5,-42245.0,-170747.5
4727,227.9,-427.49,1186.08,19565.0,-32602.5,-165637.5
4755,98.58,-433.1,1161.93,-4655.0,-71312.5,-130725.0
4784,-88.21,-423.46,1156.32,-15960.0,-92557.5,-40232.5
4812,-252.54,-406.38,1167.54,5162.5,-2642.5,62772.5
4841,-337.45,-397.6,1160.22,31482.5,74095.0,122815.0
4870,-362.34,-404.31,1123.5,7630.0,63962.5,144165.0
4899,-343.31,-422.36,1098.85,-30065.0,32900.0,161507.5
4928,-256.93,-441.4,1111.66,-48055.0,54355.0,145617.5
4956,-108.34,-447.98,1153.88,-38045.0,37117.5,79660.0
4985,56.0,-440.42,1206.7,-3815.0,9625.0,-4165.0
5014,191.78,-431.88,1244.28,29347.5,-9327.5,-84927.5
5043,275.23,-439.69,1250.01,60795.0,-22225.0,-146457.5
5071,284.75,-468.97,1222.44,57085.0,-39305.0,-193060.0
5100,176.05,-494.34,1181.2,18287.5,-105962.5,-181212.5
5128,-17.57,-490.44,1165.59,-21350.0,-105210.0,-60637.5
5157,-183.73,-467.63,1175.47,-12057.5,13300.0,43102.5
5186,-279.14,-448.96,1169.49,2590.0,74532.5,96110.0
5215,-328.79,-444.93,1142.29,-14927.5,64155.0,132860.0
5244,-339.89,-456.4,1126.43,-45482.5,40932.5,154927.5
5273,-292.56,-474.95,1139.48,-44327.5,44450.0,152337.5
5302,-179.71,-486.29,1170.96,-36977.5,45080.0,121152.5
5330,-32.94,-493.12,1220.85,-58765.0,31255.0,36137.5
5359,91.5,-499.71,1275.51,22890.0,122.5,-53865.0
5388,158.11,-503.98,1294.18,79712.5,-28910.0,-113190.0
5417,172.51,-506.54,1268.56,85015.0,-38990.0,-140857.5
5445,137.01,-502.4,1220.49,50715.0,-48685.0,-151410.0
5474,34.16,-488.0,1176.57,-3780.0,-81515.0,-121152.5
5502,-112.24,-462.26,1164.25,-37380.0,-88305.0,-41335.0
5531,-246.2,-434.44,1178.89,6195.0,-18357.5,38552.5
5560,-332.69,-419.92,1174.37,39672.5,56577.5,103512.5
5589,-364.78,-423.83,1137.16,6790.0,59220.0,137830.0
5618,-347.46,-439.2,1111.91,-40215.0,27422.5,146055.0
5646,-267.06,-455.91,1126.79,-47372.5,36925.0,138950.0
5675,-117.12,-465.31,1167.91,-28157.5,42525.0,78190.0
5703,52.22,-466.28,1212.19,9362.5,12460.0,-22470.0
5732,175.07,-468.72,1237.08,55265.0,-12862.5,-107152.5
5760,227.9,-481.29,1217.68,75967.5,-23887.5,-153685.0
5789,210.45,-496.17,1169.13,20352.5,-37625.0,-163310.0
5817,114.68,-498.49,1140.94,-35857.5,-68390.0,-139160.0
5846,-48.8,-482.88,1156.07,-36750.0,-79940.0,-62475.0
5874,-215.82,-457.38,1193.65,19232.5,-12915.0,38850.0
5903,-319.4,-438.35,1195.97,61635.0,92470.0,107030.0
5932,-354.53,-432.0,1147.17,20195.0,82180.0,137567.5
5960,-345.02,-435.54,1102.76,-27965.0,17220.0,144042.5
5989,-277.55,-447.01,1100.68,-43750.0,27755.0,141295.0
6017,-141.76,-457.99,1131.67,-41265.0,43697.5,87832.5
6046,17.57,-463.36,1174.86,-19372.5,15015.0,2975.0
6075,138.59,-469.21,1210.36,9065.0,-8155.0,-80062.5
6104,196.91,-482.51,1220.24,41597.5,-14875.0,-125982.5
6132,199.23,-496.3,1204.38,42315.0,-70.0,-151795.0
6161,135.18,-496.54,1172.18,32462.5,-28542.5,-154087.5
6189,2.81,-479.22,1138.63,402.5,-95462.5,-109060.0
6218,-160.06,-450.42,1131.55,-19705.0,-104090.0,-21665.0
6246,-291.58,-422.61,1147.41,12162.5,10377.5,67882.5
6274,-354.41,-406.5,1143.51,29242.5,108955.0,117845.0
6303,-363.44,-402.72,1113.49,-2747.5,76300.0,127522.5
6331,-335.74,-407.72,1094.95,-31972.5,6422.5,128747.5
6360,-260.59,-417.73,1107.27,-39270.0,31115.0,112997.5
6388,-140.67,-423.46,1142.29,-20160.0,41037.5,62265.0
6417,-6.71,-423.22,1181.2,7735.0,23047.5,-7367.5
6446,101.75,-425.29,1206.09,25042.5,-14122.5,-77105.0
6475,158.11,-435.66,1209.51,32305.0,-39217.5,-122762.5
6503,157.5,-448.72,1198.04,25567.5,-37502.5,-148487.5
6532,85.89,-452.01,1180.11,19197.5,-64260.0,-149835.0
6561,-58.8,-438.47,1163.03,4812.5,-96740.0,-96722.5
6589,-224.24,-412.12,1161.81,875.0,-58905.0,2852.5
6618,-343.19,-389.18,1162.05,22435.0,51502.5,85890.0
6646,-396.5,-381.62,1137.53,15120.0,89162.5,130305.0
6675,-402.11,-387.84,1106.78,-19950.0,29172.5,145442.5
6703,-368.81,-405.04,1103.98,-26442.5,-3202.5,142817.5
6732,-279.62,-426.76,1127.89,-9327.5,32165.0,117827.5
6760,-129.56,-438.71,1160.95,1505.0,38937.5,57785.0
6789,38.55,-438.47,1194.87,12652.5,7595.0,-24220.0
6818,168.12,-438.83,1213.53,29137.5,-24622.5,-103582.5
6847,229.24,-449.2,1200.24,35875.0,-48685.0,-151900.0
6876,216.31,-463.23,1173.88,4305.0,-37432.5,-165392.5
6904,120.05,-466.77,1161.56,-15067.5,-42735.0,-150447.5
6933,-48.19,-451.89,1169.13,-12022.5,-80412.5,-79187.5
6961,-219.6,-424.32,1186.33,16135.0,-16292.5,23030.0
6990,-326.23,-402.23,1177.67,43837.5,70840.0,97895.0
7018,-363.44,-394.91,1130.82,11900.0,77087.5,127802.5
7047,-362.83,-400.16,1093.0,-30625.0,19477.5,131845.0
7075,-312.32,-415.29,1098.12,-32760.0,23292.5,140507.5
7104,-179.34,-430.29,1136.67,-29137.5,57820.0,96250.0
7133,-5.37,-435.66,1190.11,612.5,24447.5,4707.5
7163,134.2,-436.64,1229.76,33250.0,-14542.5,-81550.0
7192,207.64,-445.67,1229.52,44450.0,-38115.0,-131897.5
7221,215.82,-460.18,1202.19,22767.5,-35997.5,-153230.0
7250,147.5,-464.58,1174.98,2450.0,-55895.0,-153632.5
7278,-6.34,-448.84,1164.49,-15470.0,-103722.5,-98227.5
7307,-184.95,-417.85,1177.91,-1347.5,-48177.5,7612.5
7335,-305.24,-390.16,1176.93,29540.0,76387.5,83877.5
7364,-356.73,-379.3,1137.41,5302.5,80937.5,124092.5
7392,-362.22,-385.28,1104.34,-32392.5,28385.0,139772.5
7421,-313.3,-402.48,1112.76,-37572.5,37940.0,142117.5
7449,-195.2,-419.56,1150.95,-28385.0,46497.5,98997.5
7478,-40.14,-427.24,1197.8,-2642.5,15067.5,18532.5
7507,93.82,-427.98,1230.0,21157.5,-8452.5,-60007.5
7536,175.19,-431.39,1230.37,34667.5,-28945.0,-112192.5
7565,201.06,-440.18,1202.43,31255.0,-26722.5,-139982.5
7593,162.14,-445.79,1162.9,12442.5,-37100.0,-142590.0
7622,49.04,-438.47,1139.72,-20615.0,-77910.0,-107485.0
7650,-109.56,-416.02,1155.46,-27370.0,-69037.5,-34335.0
7679,-245.83,-387.72,1182.18,14210.0,14490.0,40617.5
7707,-323.3,-367.59,1168.03,29540.0,53462.5,89827.5
7736,-350.75,-361.85,1127.89,-2520.0,29295.0,119455.0
7764,-326.23,-366.85,1108.98,-19512.5,31360.0,132352.5
7793,-230.09,-374.42,1120.69,-19967.5,55387.5,111492.5
7821,-74.54,-376.74,1153.75,-8190.0,43645.0,44485.0
7850,75.88,-378.44,1189.26,15435.0,5967.5,-38850.0
7879,163.72,-386.74,1209.87,27212.5,-24605.0,-96197.5
7908,187.15,-399.31,1211.46,32952.5,-21700.0,-120347.5
7937,158.11,-408.58,1193.16,30030.0,-23415.0,-127487.5
7965,67.1,-405.89,1166.44,10535.0,-41230.0,-112630.0
7994,-85.4,-384.3,1149.0,-5215.0,-57610.0,-57120.0
8022,-238.14,-351.24,1142.41,12057.5,-29610.0,26232.5
8051,-330.38,-326.72,1117.64,25480.0,38027.5,84770.0
8079,-361.73,-318.05,1075.31,-6405.0,33390.0,117775.0
8108,-337.21,-321.35,1057.13,-31815.0,19022.5,129570.0
8136,-251.2,-329.52,1076.89,-27142.5,31220.0,111737.5
8165,-111.02,-334.89,1117.4,-8592.5,21227.5,57137.5
8194,40.26,-336.23,1156.07,12547.5,8120.0,-21490.0
8223,148.23,-338.67,1174.01,28577.5,-21000.0,-85750.0
8252,195.32,-346.36,1165.95,26512.5,-37450.0,-119455.0
8281,186.54,-355.02,1144.24,11200.0,-27860.0,-133455.0
8310,110.17,-354.29,1126.06,-8400.0,-56332.5,-122832.5
8338,-29.4,-335.74,1125.57,-18515.0,-70630.0,-65415.0
8367,-174.7,-305.98,1138.75,5582.5,-11690.0,16502.5
8395,-273.52,-282.31,1134.11,25112.5,54320.0,78102.5
8424,-321.59,-274.38,1107.76,7000.0,57732.5,115027.5
8452,-325.98,-280.97,1091.17,-10430.0,40652.5,135677.5
8481,-270.23,-295.73,1098.49,-11707.5,47250.0,136640.0
8509,-143.96,-307.68,1123.13,-5057.5,39077.5,86555.0
8538,18.42,-313.05,1152.9,2835.0,3745.0,4200.0
8567,149.57,-319.03,1173.4,14052.5,-29697.5,-73920.0
8596,212.16,-329.52,1172.66,14420.0,-39690.0,-117250.0
8625,212.65,-338.18,1158.15,-1137.5,-36942.5,-137515.0
8653,139.32,-336.48,1148.51,-11480.0,-58887.5,-135012.5
8682,-5.49,-318.79,1155.34,-10727.5,-74637.5,-71837.5
8710,-156.89,-291.82,1167.05,11742.5,-5057.5,14945.0
8739,-258.4,-270.84,1155.58,25585.0,53725.0,78522.5
8767,-307.68,-265.23,1122.4,6037.5,53497.5,114117.5
8796,-314.15,-273.65,1101.66,-17832.5,38080.0,131792.5
8824,-270.84,-287.92,1105.69,-16940.0,37502.5,128992.5
8853,-175.92,-298.05,1119.23,-7857.5,15855.0,95672.5
8882,-38.92,-302.8,1135.33,-4252.5,1312.5,40127.5
8911,105.9,-308.05,1154.36,2782.5,35.0,-30275.0
8940,208.99,-318.66,1168.88,12057.5,-16835.0,-91070.0
8969,250.71,-334.28,1169.61,14052.5,-29820.0,-127680.0
8998,230.95,-345.75,1158.76,5985.0,-23765.0,-142100.0
9026,132.25,-341.36,1149.48,-997.5,-48282.5,-127015.0
9055,-24.28,-316.71,1150.83,1190.0,-55090.0,-50347.5
9083,-165.8,-283.04,1148.02,16642.5,6685.0,28962.5
9112,-254.98,-256.81,1122.16,18375.0,41772.5,86520.0
9140,-292.56,-246.56,1082.14,-4165.0,39025.0,119630.0
9169,-292.68,-251.81,1057.01,-29522.5,19565.0,131967.5
9197,-252.78,-269.01,1063.35,-26880.0,26722.5,135012.5
9226,-152.26,-292.19,1093.97,-19775.0,16572.5,97965.0
9255,-5.12,-313.17,1135.58,-4497.5,-1155.0,29872.5
9284,134.2,-329.52,1165.47,21507.5,-2415.0,-45850.0
9313,224.97,-345.26,1164.98,30257.5,-18620.0,-101220.0
9341,257.42,-360.39,1141.92,18375.0,-23870.0,-130795.0
9370,234.73,-365.88,1118.62,70.0,-16520.0,-136202.5
9398,144.57,-356.0,1107.76,-4795.0,-32340.0,-130952.5
9427,-12.32,-329.52,1111.91,-3395.0,-63490.0,-65975.0
9455,-165.43,-295.48,1123.13,14892.5,6247.5,29890.0
9484,-258.27,-270.35,1110.2,27352.5,67410.0,87885.0
9513,-295.0,-261.69,1071.89,-5215.0,47547.5,120365.0
9542,-275.48,-269.13,1054.81,-36785.0,21927.5,132370.0
9570,-187.88,-286.21,1079.58,-30502.5,29557.5,115097.5
9599,-44.9,-302.8,1120.45,-7980.0,24045.0,50417.5
9628,98.82,-313.66,1152.41,12320.0,-1382.5,-29785.0
9657,195.2,-321.1,1158.27,31657.5,-23415.0,-90807.5
9686,229.97,-326.47,1134.6,22365.0,-35157.5,-125177.5
9714,203.74,-325.74,1106.54,-2852.5,-24622.5,-133770.0
9743,104.19,-312.81,1091.41,-6457.5,-40652.5,-116690.0
9771,-45.14,-288.77,1092.75,-6387.5,-52780.0,-35577.5
9800,-172.02,-264.98,1101.05,7017.5,20597.5,44555.0
9829,-243.51,-249.86,1094.1,13527.5,53357.5,89460.0
9858,-270.72,-246.56,1077.26,-1890.0,27527.5,117390.0
9886,-245.46,-252.54,1080.19,-11445.0,24500.0,119525.0
9915,-172.39,-258.88,1099.71,1400.0,18130.0,88270.0
9944,-61.24,-262.67,1118.98,4760.0,17745.0,55072.5
9973,77.84,-265.96,1137.89,11725.0,19757.5,-11602.5
10002,192.64,-269.25,1146.56,24710.0,-13912.5,-82897.5
10030,246.93,-272.3,1128.87,24132.5,-34755.0,-127925.0
10059,235.34,-275.35,1094.95,-6737.5,-34720.0,-142607.5
10087,152.38,-272.79,1077.87,-25532.5,-32900.0,-125930.0
10116,11.47,-257.91,1089.22,-21332.5,-52272.5,-62142.5
10144,-136.27,-239.24,1108.49,4095.0,-5127.5,21717.5
10173,-239.61,-227.16,1103.73,17465.0,44607.5,86922.5
10201,-287.19,-225.21,1072.99,1627.5,41615.0,118125.0
10230,-292.8,-232.78,1047.49,-17290.0,19950.0,131827.5
10258,-233.75,-247.78,1045.54,-17640.0,26127.5,136815.0
10287,-91.74,-263.52,1062.86,-24972.5,12512.5,80500.0
10316,79.18,-276.21,1097.88,-18970.0,-11900.0,-4340.0
10344,209.47,-291.82,1139.48,13387.5,-15522.5,-84157.5
10373,268.16,-313.42,1161.44,39217.5,-19775.0,-135415.0
10401,258.88,-333.55,1154.85,41632.5,-1890.0,-159670.0
10430,173.12,-337.45,1119.47,32900.0,-36120.0,-155347.5
10458,18.67,-320.74,1078.24,-9170.0,-69912.5,-81777.5
10487,-146.16,-294.63,1068.23,-26950.0,-9835.0,17920.0
10515,-263.76,-276.82,1078.97,-1470.0,29382.5,91367.5
10544,-317.44,-277.92,1076.77,12932.5,39445.0,125510.0
10572,-314.64,-292.07,1067.87,-5757.5,34002.5,136202.5
10601,-247.78,-307.44,1076.77,-11042.5,32585.0,129377.5
10629,-110.41,-315.25,1097.63,-7105.0,17535.0,79432.5
10658,65.39,-314.52,1119.23,437.5,2555.0,-3465.0
10687,215.45,-316.22,1131.67,21227.5,-6370.0,-91787.5
10715,288.41,-331.84,1125.82,22312.5,-17552.5,-150482.5
10744,270.96,-357.34,1105.69,10587.5,-14700.0,-179007.5
10772,147.5,-371.12,1080.55,-8260.0,-68005.0,-157080.0
10801,-40.63,-363.07,1084.58,-31762.5,-72537.5,-45920.0
10829,-199.23,-344.77,1117.03,-4025.0,7420.0,47897.5
10858,-294.14,-333.06,1132.65,28735.0,27247.5,98542.5
10886,-335.99,-335.01,1120.57,26530.0,32305.0,130427.5
10915,-319.64,-346.72,1105.32,6300.0,46147.5,149275.0
10944,-233.02,-357.83,1101.78,-2975.0,43505.0,129255.0
10973,-94.18,-361.61,1107.03,-9677.5,6580.0,74305.0
11002,67.22,-360.88,1116.67,-3430.0,23467.5,1960.0
11030,205.45,-359.41,1120.2,10482.5,13055.0,-80255.0
11059,278.77,-366.85,1112.76,18655.0,-5775.0,-131320.0
11087,278.53,-388.45,1099.34,7490.0,-6825.0,-161910.0
11116,178.97,-407.48,1094.1,-4445.0,-59937.5,-165655.0
11144,-14.4,-400.89,1110.44,-8207.5,-107135.0,-82162.5
11173,-206.67,-372.47,1139.72,15260.0,-9870.0,34317.5
11201,-320.25,-350.38,1141.92,41020.0,73990.0,110845.0
11230,-357.7,-347.7,1108.61,16380.0,75232.5,142135.0
11258,-340.14,-357.46,1079.94,-16047.5,39025.0,145285.0
11287,-265.11,-371.61,1080.92,-19687.5,34510.0,130707.5
11315,-138.35,-382.59,1103.49,-17937.5,38290.0,74235.0
11343,4.39,-384.67,1134.84,-8067.5,8470.0,1522.5
11372,120.29,-376.98,1164.37,5600.0,-16537.5,-67200.0
11400,181.78,-368.81,1176.2,17027.5,-39445.0,-111825.0
11429,187.64,-366.85,1171.32,10762.5,-39970.0,-134382.5
11457,132.13,-363.56,1160.46,3395.0,-42332.5,-140997.5
11486,7.69,-348.43,1153.63,-2747.5,-71627.5,-97090.0
11515,-145.55,-320.86,1158.27,1890.0,-34195.0,-14612.5
11544,-263.76,-293.04,1159.0,23590.0,21385.0,59255.0
11573,-326.84,-276.09,1136.67,28805.0,30957.5,100765.0
11602,-341.36,-271.82,1101.05,7927.5,21577.5,120382.5
11631,-300.36,-274.5,1079.33,-9677.5,36732.5,119350.0
11659,-191.78,-276.09,1078.48,-15382.5,43977.5,85575.0
11688,-42.94,-273.65,1094.34,-20300.0,18357.5,20422.5
11716,91.38,-271.33,1121.91,-7332.5,12687.5,-45692.5
11745,177.51,-274.62,1146.19,8715.0,-350.0,-96880.0
11774,203.25,-285.36,1153.39,22522.5,-2362.5,-129885.0
11803,159.09,-296.46,1134.36,19565.0,-12145.0,-139982.5
11831,32.94,-295.0,1105.69,-3745.0,-78400.0,-100712.5
11860,-128.34,-277.18,1103.61,-15662.5,-62545.0,-6317.5
11888,-246.93,-257.91,1111.3,14192.5,23362.5,65327.5
11917,-304.15,-250.22,1092.88,16397.5,41212.5,104492.5
11946,-308.42,-252.54,1068.72,-7927.5,31027.5,121205.0
11974,-260.35,-256.2,1063.6,-17622.5,37572.5,119577.5
12003,-152.01,-255.83,1076.65,-21420.0,36697.5,89390.0
12031,-6.83,-251.93,1100.81,-16432.5,14157.5,13440.0
12060,108.82,-248.51,1126.3,3045.0,-14052.5,-64540.0
12088,156.89,-250.59,1136.8,19407.5,-23082.5,-106435.0
12117,143.59,-255.96,1129.6,16485.0,-20160.0,-120750.0
12145,67.47,-255.59,1116.67,6002.5,-54687.5,-108920.0
12174,-55.14,-244.49,1117.03,-1067.5,-59797.5,-44555.0
12202,-175.44,-225.46,1126.3,14087.5,-1802.5,24272.5
12231,-260.84,-210.94,1119.23,31902.5,25025.0,79257.5
12260,-296.46,-209.96,1092.14,24185.0,34930.0,115325.0
12289,-273.04,-218.01,1062.62,-3587.5,40915.0,123445.0
12318,-183.49,-225.94,1051.52,-24517.5,27230.0,97142.5
12346,-44.53,-225.82,1064.33,-28577.5,5722.5,31552.5
12375,98.45,-219.84,1088.48,-9222.5,5460.0,-39497.5
12403,198.62,-219.48,1105.81,5320.0,665.0,-100537.5
12432,229.97,-229.85,1107.76,9362.5,-20300.0,-136937.5
12460,185.2,-244.0,1097.76,-1260.0,-34282.5,-139335.0
12489,65.15,-248.39,1095.44,-12145.0,-62247.5,-94990.0
12517,-87.84,-241.19,1112.15,-5320.0,-19565.0,-9205.0
12546,-210.08,-234.61,1122.4,16362.5,40687.5,62790.0
12575,-275.23,-235.7,1104.71,18147.5,40075.0,109392.5
12604,-277.18,-244.37,1077.38,-2450.0,30677.5,128782.5
12633,-207.16,-255.22,1067.87,-20195.0,34282.5,119717.5
12661,-70.76,-261.32,1085.07,-24762.5,30537.5,68915.0
12690,87.47,-260.35,1116.79,-4235.0,22400.0,-15872.5
12718,201.79,-258.15,1136.31,26897.5,-4847.5,-93660.0
12747,235.09,-264.5,1126.06,31902.5,-21262.5,-131197.5
12775,187.39,-277.18,1100.68,4147.5,-25585.0,-132702.5
12804,66.73,-283.65,1093.24,-16555.0,-55702.5,-95322.5
12832,-84.91,-275.72,1111.54,-2450.0,-36837.5,-16502.5
12861,-202.15,-261.08,1120.08,26075.0,21717.5,52762.5
12890,-263.52,-251.44,1095.32,20125.0,33337.5,92225.0
12919,-282.8,-251.08,1062.86,-7752.5,19775.0,112070.0
12948,-267.42,-257.91,1048.47,-22067.5,22820.0,119052.5
12976,-218.26,-266.33,1051.52,-22732.5,18322.5,107642.5
13005,-127.61,-272.43,1065.06,-18637.5,12757.5,79922.5
13033,-5.12,-272.3,1082.63,-15365.0,14647.5,25882.5
13062,113.22,-265.11,1099.71,-5320.0,8715.0,-35262.5
13090,193.0,-260.47,1108.74,12897.5,-4882.5,-90422.5
13119,215.82,-265.96,1103.37,14087.5,-10272.5,-117232.5
13147,183.73,-278.16,1094.46,6282.5,-12512.5,-121012.5
13176,103.33,-288.04,1093.85,4795.0,-31570.0,-100345.0
13204,-7.32,-287.07,1098.0,9695.0,-23345.0,-55965.0
13233,-116.39,-273.52,1097.51,16625.0,-6440.0,-1680.0
13262,-195.44,-254.86,1081.77,24587.5,12617.5,46935.0
13290,-233.02,-239.85,1049.57,7595.0,25410.0,77437.5
13319,-231.56,-229.36,1023.58,-19862.5,26635.0,90317.5
13347,-193.74,-220.58,1020.29,-31902.5,25200.0,85907.5
13376,-122.85,-212.04,1037.98,-30187.5,13247.5,61775.0
13404,-27.33,-205.94,1069.33,-14210.0,5950.0,20562.5
13433,66.61,-204.72,1098.49,6265.0,2555.0,-35700.0
13462,124.2,-207.52,1112.15,22995.0,-10150.0,-83020.0
13491,129.93,-214.23,1101.17,29207.5,-16467.5,-109935.0
13519,74.18,-220.09,1072.75,6265.0,-47827.5,-109830.0
13548,-36.48,-220.21,1056.03,-16782.5,-55860.0,-55370.0
13576,-154.45,-214.72,1061.03,-10027.5,-6457.5,20282.5
13604,-236.8,-209.84,1064.08,11427.5,16800.0,73080.0
13633,-277.18,-212.52,1053.35,11112.5,10867.5,101675.0
13661,-279.26,-223.02,1045.66,17.5,21472.5,119735.0
13690,-235.7,-237.53,1048.47,-3587.5,38465.0,119105.0
13718,-141.76,-252.3,1058.72,-10990.0,24972.5,86450.0
13747,-16.59,-261.32,1078.6,-11742.5,12215.0,26495.0
13775,101.75,-264.25,1101.54,2222.5,9992.5,-39462.5
13804,181.05,-264.86,1114.35,20825.0,-1137.5,-97807.5
13833,202.03,-269.25,1104.95,29925.0,-19687.5,-137620.0
13862,145.42,-277.18,1080.19,7297.5,-62947.5,-143272.5
13891,23.3,-275.35,1075.31,-19880.0,-67917.5,-79660.0
13920,-104.31,-258.88,1093.12,245.0,1767.5,1557.5
13949,-193.0,-240.22,1096.54,23135.0,23940.0,55562.5
13977,-234.0,-230.34,1075.67,20510.0,36085.0,88112.5
14006,-226.43,-228.87,1046.03,-5547.5,44100.0,98350.0
14034,-180.8,-229.6,1025.78,-30677.5,31237.5,80115.0
14063,-120.05,-230.82,1025.78,-39462.5,4165.0,51642.5
14091,-59.54,-232.78,1044.44,-31692.5,2292.5,22925.0
14120,0.61,-235.34,1072.14,-15505.0,9432.5,-3447.5
14149,63.32,-237.9,1101.78,3867.5,14122.5,-35122.5
14178,111.51,-238.63,1122.77,25830.0,1435.0,-73780.0
14207,128.95,-239.12,1129.6,37152.5,-4830.0,-95147.5
14236,121.02,-242.05,1122.4,44555.0,6177.5,-106067.5
14265,75.52,-248.51,1099.95,34755.0,-21735.0,-111282.5
14293,-23.42,-251.69,1078.85,9467.5,-54547.5,-74812.5
14322,-144.45,-245.46,1073.48,5337.5,-22767.5,-5407.5
14350,-243.51,-235.95,1063.6,17675.0,5337.5,54740.0
14379,-305.98,-233.39,1037.0,8015.0,9940.0,95200.0
14408,-335.13,-240.1,1010.77,-9275.0,10132.5,121170.0
14437,-316.22,-255.59,999.3,-20230.0,30852.5,141610.0
14465,-225.7,-274.62,1004.67,-35752.5,53585.0,118370.0
14494,-80.4,-286.21,1035.29,-47092.5,23537.5,47215.0
14523,63.68,-287.19,1090.44,-17815.0,4497.5,-34457.5
14552,157.26,-289.51,1130.94,35332.5,-4165.0,-97877.5
14581,185.2,-302.93,1127.4,45920.0,-17377.5,-133595.0
14609,140.3,-319.4,1095.56,17692.5,-51800.0,-144357.5
14638,18.06,-324.03,1078.24,-16205.0,-87587.5,-95357.5
14666,-127.73,-313.05,1097.02,-8435.0,-31342.5,1050.0
14695,-221.06,-297.68,1111.18,29505.0,38535.0,68792.5
14723,-247.78,-289.14,1090.31,23992.5,45115.0,94675.0
14752,-222.77,-286.58,1065.3,-8837.5,33005.0,98997.5
14780,-156.4,-285.36,1062.38,-22260.0,30887.5,79240.0
14809,-60.88,-283.04,1079.21,-18795.0,21980.0,37572.5
14838,39.04,-278.77,1104.83,-1645.0,14857.5,-22347.5
14867,107.12,-273.65,1121.3,23572.5,-945.0,-73972.5
14896,123.46,-271.69,1113.86,30712.5,-16852.5,-104737.5
14924,77.1,-269.62,1091.29,11882.5,-54792.5,-111230.0
14953,-25.38,-260.59,1078.97,-5670.0,-62037.5,-63962.5
14981,-137.86,-246.81,1079.46,840.0,-7560.0,7297.5
15010,-220.82,-237.41,1071.89,8312.5,14962.5,61617.5
15038,-268.89,-238.88,1052.62,297.5,10482.5,93047.5
15067,-280.36,-249.37,1037.73,-11060.0,12950.0,117845.0
15095,-229.36,-264.98,1038.59,-20527.5,36382.5,126332.5
15124,-104.8,-278.4,1060.42,-29452.5,22190.0,79520.0
15152,48.19,-283.28,1103.86,-11847.5,-2782.5,-4777.5
15181,173.24,-286.33,1140.94,33670.0,560.0,-77910.0
15210,243.02,-298.17,1139.36,50750.0,-2012.5,-129132.5
15238,249.0,-320.01,1107.76,24710.0,-15960.0,-150150.0
15267,181.41,-340.5,1082.14,-5582.5,-39287.5,-144795.0
15295,47.09,-348.8,1085.68,-9170.0,-53847.5,-87360.0
15324,-100.28,-341.84,1101.9,11882.5,-7227.5,-1995.0
15352,-206.42,-327.45,1097.88,28245.0,24815.0,61040.0
15381,-260.35,-318.91,1065.55,18550.0,36942.5,97527.5
15409,-277.06,-318.3,1026.14,-14157.5,28332.5,110075.0
15438,-267.67,-323.18,1006.74,-33460.0,22767.5,119175.0
15466,-222.65,-330.13,1009.79,-35595.0,43907.5,116865.0
15495,-133.96,-335.74,1027.97,-41545.0,28525.0,86695.0
15524,-18.91,-339.28,1068.48,-42262.5,12337.5,36855.0
15552,89.55,-340.75,1130.57,-10097.5,7717.5,-22627.5
15581,161.89,-346.97,1173.27,41580.0,1767.5,-84035.0
15609,176.17,-361.61,1177.18,52045.0,-25987.5,-119840.0
15638,120.29,-372.95,1163.27,46042.5,-45097.5,-123742.5
15666,0.98,-366.98,1142.9,30642.5,-71102.5,-80640.0
15695,-134.08,-343.31,1125.94,23170.0,-29592.5,3500.0
15723,-225.46,-318.79,1102.64,26285.0,27405.0,72800.0
15752,-262.67,-304.51,1066.65,9520.0,31605.0,102357.5
15781,-258.4,-300.12,1040.17,-14052.5,21507.5,114135.0
15810,-205.69,-301.83,1035.66,-25077.5,36732.5,110932.5
15838,-99.8,-303.54,1050.05,-29732.5,20930.0,68985.0
15866,29.16,-302.19,1079.94,-18585.0,-840.0,1400.0
15895,143.35,-300.73,1110.69,8680.0,-1942.5,-61320.0
15923,223.26,-305.85,1123.5,26355.0,-3780.0,-111317.5
15952,259.86,-321.23,1112.03,29680.0,4515.0,-148732.5
15980,233.63,-343.55,1078.97,12652.5,-20160.0,-173547.5
16009,116.02,-360.63,1059.57,-26075.0,-85977.5,-137147.5
16037,-51.61,-361.61,1083.36,-21315.0,-33495.0,-33530.0
16066,-188.98,-351.6,1106.54,19442.5,32585.0,50032.5
16095,-272.79,-345.5,1092.27,26582.5,31045.0,101885.0
16124,-310.12,-350.63,1061.16,6860.0,35070.0,135082.5
16153,-298.78,-365.51,1038.59,-19477.5,48947.5,149712.5
16182,-217.4,-386.01,1041.15,-39690.0,61460.0,135642.5
16211,-74.66,-401.26,1076.53,-48055.0,37817.5,61757.5
16239,71.61,-405.53,1136.06,-12687.5,4427.5,-27667.5
16268,175.07,-407.48,1183.16,41860.0,1365.0,-99312.5
16296,219.23,-419.92,1186.45,63245.0,-6387.5,-146230.0
16325,201.54,-440.66,1161.68,41930.0,-19267.5,-167195.0
16353,109.8,-453.84,1133.38,26145.0,-58275.0,-160230.0
16382,-55.39,-450.18,1115.57,5215.0,-89285.0,-78732.5
16411,-220.7,-432.37,1117.52,5372.5,-4567.5,34282.5
16440,-318.79,-415.53,1107.76,24972.5,63700.0,101465.0
16469,-356.61,-409.68,1068.11,5355.0,53952.5,129377.5
16498,-354.78,-414.19,1030.78,-32322.5,28700.0,141837.5
16527,-310.61,-425.05,1025.78,-54792.5,38710.0,139422.5
16555,-217.65,-435.66,1058.35,-51677.5,38867.5,103127.5
16584,-96.26,-440.18,1115.45,-25532.5,19197.5,36330.0
16612,13.42,-437.98,1175.71,7787.5,-8715.0,-36137.5
16641,87.35,-435.3,1214.14,47845.0,-22487.5,-89565.0
16669,121.02,-436.52,1217.32,62142.5,-28962.5,-128800.0
16698,110.9,-440.18,1191.7,51940.0,-41055.0,-153160.0
16726,33.55,-440.18,1149.0,23677.5,-67322.5,-148120.0
16755,-115.41,-428.34,1123.5,-12442.5,-90020.0,-66972.5
16783,-268.16,-408.58,1132.16,2572.5,-14437.5,43050.0
16812,-362.1,-396.01,1129.84,30537.5,65940.0,114135.0
16841,-391.13,-396.26,1095.56,12827.5,76335.0,144287.5
16869,-356.85,-403.7,1063.47,-31360.0,55247.5,142397.5
16898,-265.23,-411.51,1069.7,-60130.0,43872.5,105595.0
16926,-142.37,-413.34,1119.47,-48142.5,44677.5,49595.0
16955,-27.08,-407.11,1182.06,-5337.5,43750.0,-21892.5
16983,40.75,-397.48,1218.54,46200.0,9030.0,-77962.5
17012,49.17,-389.18,1206.46,67182.5,-29960.0,-110827.5
17040,-7.44,-379.18,1163.03,33985.0,-81357.5,-118965.0
17069,-121.02,-359.66,1133.99,-5792.5,-80500.0,-64977.5
17097,-242.9,-332.45,1126.55,3885.0,-17115.0,14070.0
17126,-326.84,-309.88,1107.03,17132.5,27440.0,72467.5
17155,-361.24,-299.75,1072.38,192.5,30275.0,103600.0
17183,-337.7,-301.71,1051.15,-27912.5,34615.0,115605.0
17212,-250.71,-306.71,1062.01,-42577.5,35315.0,84122.5
17240,-130.54,-306.46,1103.12,-28437.5,23887.5,26320.0
17269,-16.84,-302.56,1153.51,7630.0,29452.5,-35385.0
17297,61.49,-303.9,1181.2,50575.0,8172.5,-91070.0
17326,88.82,-312.69,1173.88,58450.0,-25095.0,-134575.0
17354,49.04,-322.2,1140.94,41440.0,-67305.0,-156992.5
17383,-63.93,-323.3,1110.08,-1557.5,-80745.0,-110775.0
17411,-203.86,-310.0,1108.86,-12390.0,-28035.0,-20510.0
17440,-311.71,-291.34,1110.57,16345.0,20877.5,49385.0
17469,-373.69,-279.99,1084.82,16345.0,26495.0,90107.5
17497,-398.33,-278.04,1049.44,-6300.0,19530.0,117355.0
17526,-380.52,-283.41,1032.97,-22785.0,37992.5,131617.5
17554,-301.22,-291.21,1045.17,-25515.0,66692.5,114380.0
17583,-174.34,-294.75,1078.97,-24080.0,43592.5,45010.0
17611,-56.97,-293.29,1129.23,-7840.0,-16835.0,-26005.0
17640,15.37,-292.8,1172.66,31535.0,-19705.0,-74725.0
17668,41.48,-294.14,1179.37,51187.5,-16520.0,-107572.5
17697,25.99,-292.68,1149.73,37082.5,-38762.5,-125282.5
17725,-34.89,-285.24,1110.2,4602.5,-57575.0,-112980.0
17754,-135.91,-270.23,1093.36,-14962.5,-57242.5,-61372.5
17782,-246.2,-249.61,1098.37,-752.5,-24640.0,4655.0
17810,-330.38,-231.19,1094.46,13160.0,15155.0,59902.5
17839,-374.42,-220.94,1072.5,4252.5,31727.5,93642.5
17867,-379.66,-218.38,1050.05,-13107.5,25830.0,108727.5
17896,-342.58,-222.04,1043.1,-23275.0,33162.5,110197.5
17924,-260.59,-228.63,1053.84,-30240.0,36452.5,86607.5
17953,-151.04,-233.51,1079.94,-31797.5,21805.0,37310.0
17981,-49.65,-234.85,1114.23,-15925.0,13212.5,-19897.5
18010,16.35,-234.48,1138.99,15627.5,-3185.0,-63997.5
18039,39.53,-236.44,1140.94,31605.0,-11917.5,-90247.5
18068,18.91,-238.63,1125.45,25357.5,-27492.5,-94972.5
18097,-37.21,-232.78,1110.44,13300.0,-31902.5,-67392.5
18126,-103.94,-215.82,1101.42,9100.0,-9187.5,-33302.5
18155,-166.77,-191.54,1086.04,9730.0,-9240.0,-12092.5
18183,-226.68,-165.68,1061.28,2800.0,-18410.0,13265.0
18212,-281.58,-143.72,1031.75,-5022.5,-12320.0,43505.0
18240,-323.06,-131.64,1003.69,-14385.0,-8085.0,76002.5
18269,-338.67,-132.98,983.93,-21017.5,5145.0,98770.0
18297,-310.0,-148.11,980.88,-27037.5,26232.5,112227.5
18326,-212.52,-172.14,1002.23,-36137.5,39060.0,90405.0
18354,-67.59,-194.96,1052.25,-33232.5,12215.0,13930.0
18383,56.85,-214.35,1118.01,11340.0,-13650.0,-70227.5
18411,121.76,-238.02,1152.17,69002.5,-13877.5,-122027.5
18440,132.49,-264.62,1141.07,64155.0,-9835.0,-145670.0
18468,88.08,-285.11,1108.74,43435.0,-18025.0,-153265.0
18497,-28.3,-290.48,1075.8,10832.5,-55580.0,-113242.5
18525,-179.95,-277.43,1062.99,-6790.0,-31937.5,-21000.0
18553,-299.14,-259.37,1058.23,10517.5,20160.0,62580.0
18582,-362.1,-251.93,1033.95,10850.0,40582.5,110442.5
18610,-377.71,-257.05,1000.89,-18322.5,34947.5,128310.0
18639,-352.34,-269.13,990.03,-38832.5,30905.0,132055.0
18667,-281.33,-281.33,1007.72,-36417.5,33267.5,113312.5
18696,-168.85,-289.38,1043.34,-30922.5,18147.5,69930.0
18724,-36.84,-292.31,1092.51,-18252.5,15925.0,8067.5
18753,76.62,-292.56,1138.99,16765.0,805.0,-62807.5
18782,136.64,-298.53,1155.22,51765.0,-24675.0,-116287.5
18811,135.42,-311.59,1135.58,44940.0,-27790.0,-138495.0
18839,64.78,-321.1,1104.47,16292.5,-46707.5,-132387.5
18868,-74.3,-315.98,1090.07,-3237.5,-69947.5,-69457.5
18897,-222.28,-296.7,1092.63,6510.0,-14210.0,26600.0
18925,-318.18,-280.11,1079.94,21192.5,38202.5,97510.0
18954,-351.12,-277.18,1047.25,4357.5,42437.5,129902.5
18982,-316.83,-284.87,1026.26,-23835.0,41422.5,137077.5
19011,-215.94,-293.17,1033.58,-41912.5,40582.5,99995.0
19039,-77.47,-295.48,1072.01,-36575.0,21070.0,35787.5
19068,54.17,-295.97,1124.47,1522.5,28630.0,-42437.5
19097,141.03,-304.27,1152.66,38920.0,2047.5,-108622.5
19126,161.28,-323.42,1144.85,36697.5,-30800.0,-146405.0
19154,114.44,-338.18,1125.21,19442.5,-31412.5,-144812.5
19183,9.15,-334.77,1112.15,11672.5,-38220.0,-114835.0
19212,-127.73,-316.96,1100.56,17150.0,-43172.5,-38797.5
19240,-245.1,-296.7,1081.65,7682.5,11900.0,41212.5
19269,-311.59,-283.04,1058.35,-3185.0,39235.0,90160.0
19297,-328.79,-278.89,1040.66,-12722.5,26057.5,106680.0
19326,-298.29,-280.36,1040.29,-17640.0,19530.0,105735.0
19354,-216.31,-280.6,1057.98,-15662.5,29592.5,79695.0
19383,-98.7,-276.33,1088.0,-12880.0,16625.0,28630.0
19411,16.96,-269.13,1122.52,8347.5,5617.5,-37187.5
19440,91.38,-264.62,1139.6,38237.5,-12547.5,-93327.5
19469,105.16,-267.79,1125.21,39497.5,-25725.0,-121572.5
19498,52.95,-271.69,1093.24,10377.5,-45255.0,-118947.5
19527,-57.71,-266.08,1077.87,-18147.5,-70402.5,-66150.0
19556,-179.71,-250.95,1090.07,-6247.5,-25462.5,8732.5
19585,-266.94,-234.97,1091.78,21437.5,22295.0,61162.5
19613,-310.98,-226.07,1062.74,13545.0,32532.5,94972.5
19642,-312.69,-225.46,1028.22,-16397.5,33792.5,110897.5
19670,-271.57,-228.38,1014.92,-39375.0,39480.0,110512.5
19699,-186.17,-232.78,1030.41,-46602.5,36207.5,86607.5
19727,-71.49,-235.46,1068.48,-36190.0,27580.0,28507.5
19756,31.96,-235.46,1114.84,-2957.5,910.0,-43785.0
19785,89.67,-238.51,1144.24,39655.0,-21577.5,-94237.5
19814,96.99,-246.68,1141.31,50260.0,-24377.5,-120452.5
19842,50.87,-253.15,1117.28,30957.5,-45867.5,-121065.0
19871,-47.82,-250.34,1097.27,3657.5,-61915.0,-75092.5
19900,-160.92,-238.14,1092.63,-997.5,-23362.5,-1715.0
19928,-246.2,-224.48,1085.19,10307.5,12845.0,55737.5
19957,-292.8,-218.01,1062.74,6055.0,24202.5,93030.0
19985,-292.31,-220.45,1042.61,-12950.0,39655.0,114485.0
20014,-230.7,-226.19,1042.0,-28192.5,56087.5,102567.5
20042,-124.32,-229.48,1064.21,-35297.5,31850.0,52990.0
20071,-17.08,-227.53,1105.56,-17412.5,9380.0,-10762.5
20099,57.46,-223.02,1138.5,33582.5,5547.5,-60865.0
20128,86.99,-223.02,1131.43,54022.5,-12040.0,-103810.0
20156,36.97,-227.9,1097.88,24972.5,-86485.0,-120470.0
20185,-84.42,-225.82,1090.44,-10850.0,-93432.5,-41072.5
20213,-190.81,-212.04,1106.54,10237.5,20440.0,42122.5
20242,-239.97,-199.35,1098.24,23520.0,42437.5,80920.0
20271,-234.97,-194.71,1071.77,1715.0,21490.0,99155.0
20299,-166.04,-192.76,1059.2,-22102.5,35035.0,83160.0
20328,-55.14,-187.27,1073.23,-29330.0,28262.5,23310.0
20356,45.51,-179.83,1105.44,-7682.5,-2170.0,-41440.0
20385,104.8,-178.0,1125.45,29575.0,-7560.0,-89302.5
20413,114.56,-183.73,1111.05,31080.0,-5722.5,-117477.5
20442,63.68,-188.61,1075.55,4427.5,-37205.0,-121852.5
20471,-54.29,-188.12,1056.89,-22417.5,-81987.5,-63472.5
20500,-183.0,-185.07,1070.31,-6930.0,-20317.5,31465.0
20529,-256.69,-185.07,1075.67,15767.5,47302.5,88375.0
20558,-261.93,-190.32,1060.79,-2940.0,46322.5,112385.0
20587,-204.72,-196.54,1060.18,-24342.5,38395.0,99382.5
20615,-116.75,-198.62,1082.87,-22067.5,18427.5,56070.0
20644,-34.65,-196.54,1115.2,1242.5,8907.5,14577.5
20673,28.79,-192.27,1135.45,26477.5,9835.0,-25900.0
20702,60.63,-186.17,1134.6,33372.5,-11567.5,-60480.0
20730,51.48,-175.56,1120.57,33600.0,-27510.0,-72275.0
20759,-3.66,-157.87,1093.73,28157.5,-43522.5,-61722.5
20788,-98.82,-136.88,1060.91,9082.5,-47845.0,-8032.5
20817,-186.05,-122.98,1036.51,-7700.0,8977.5,62107.5
20846,-221.8,-121.39,1021.14,-16152.5,40372.5,98297.5
20875,-199.47,-129.2,1015.65,-23817.5,28297.5,97790.0
20904,-125.17,-138.1,1024.56,-27965.0,16782.5,66272.5
20932,-21.84,-141.64,1047.98,-24902.5,6440.0,13492.5
20961,75.27,-141.89,1080.31,-3465.0,-1102.5,-40810.0
20989,141.4,-147.86,1102.64,20965.0,-1277.5,-85487.5
21018,166.9,-162.02,1106.05,23730.0,-4812.5,-116025.0
21046,143.96,-176.9,1094.83,19092.5,-16152.5,-135292.5
21075,56.61,-183.0,1081.16,4830.0,-61005.0,-113907.5
21104,-75.52,-178.61,1077.63,-997.5,-44800.0,-37992.5
21133,-193.49,-171.78,1073.6,1522.5,1855.0,44642.5
21162,-265.96,-172.14,1060.42,1137.5,11620.0,99680.0
21191,-286.21,-184.22,1049.2,-9537.5,34667.5,132352.5
21220,-242.29,-202.76,1048.47,-16835.0,66447.5,134155.0
21248,-135.3,-219.11,1058.84,-28227.5,45570.0,86922.5
21277,-3.9,-227.77,1086.78,-23905.0,2572.5,10360.0
21305,102.72,-230.46,1118.62,12320.0,245.0,-60602.5
21334,154.94,-235.7,1125.33,35245.0,-14000.0,-112000.0
21362,138.35,-247.54,1108.74,22032.5,-43067.5,-135520.0
21391,45.38,-254.98,1098.98,-3552.5,-81742.5,-107922.5
21419,-82.11,-248.39,1112.76,5250.0,-46550.0,-18865.0
21448,-178.0,-233.63,1116.67,33442.5,28927.5,48142.5
21477,-227.65,-221.31,1087.26,26180.0,35927.5,85837.5
21506,-236.68,-216.18,1051.64,-5460.0,34930.0,106382.5
21535,-206.67,-216.92,1035.17,-27702.5,45920.0,106802.5
21563,-143.23,-221.67,1040.66,-33652.5,30327.5,85382.5
21592,-55.02,-231.19,1063.11,-28612.5,12915.0,46410.0
21620,43.19,-241.44,1095.32,-14455.0,19267.5,-8645.0
21649,121.76,-250.71,1123.99,11532.5,3132.5,-67760.0
21677,157.38,-260.47,1133.99,31885.0,-7227.5,-106382.5
21706,144.69,-268.89,1122.16,31360.0,-19145.0,-126000.0
21734,72.22,-271.08,1102.64,13947.5,-58362.5,-114135.0
21763,-44.65,-261.69,1096.29,-700.0,-54512.5,-45867.5
21792,-150.3,-244.24,1098.61,13282.5,6405.0,29662.5
21821,-208.25,-230.09,1086.53,22662.5,41597.5,77805.0
21850,-206.55,-225.21,1061.03,4147.5,53375.0,92627.5
21879,-145.79,-223.99,1045.42,-26057.5,36995.0,64312.5
21908,-53.31,-218.87,1061.16,-35420.0,2502.5,15802.5
21936,26.23,-209.35,1095.56,-3815.0,-3220.0,-36890.0
21965,56.61,-200.81,1111.91,25672.5,-17902.5,-72695.0
21993,24.28,-196.42,1103.12,18200.0,-48755.0,-75337.5
22022,-54.17,-189.47,1094.1,-192.5,-51992.5,-34020.0
22050,-135.18,-178.85,1091.78,6160.0,-12337.5,23450.0
22079,-187.39,-172.39,1078.24,12740.0,9345.0,58975.0
22108,-205.94,-173.24,1054.57,315.0,3255.0,81830.0
22137,-175.92,-178.36,1038.95,-13300.0,23555.0,90387.5
22165,-82.72,-182.51,1038.34,-22417.5,27580.0,61442.5
22194,44.53,-183.24,1054.32,-19372.5,7542.5,-4672.5
22223,150.91,-185.2,1076.53,3027.5,-1715.0,-69772.5
22251,201.91,-196.66,1085.8,17132.5,-6020.0,-113172.5
22280,189.71,-214.23,1082.14,10430.0,-11235.0,-127750.0
22308,115.78,-225.09,1077.14,2607.5,-29522.5,-114362.5
22337,-5.12,-223.26,1082.87,385.0,-40477.5,-53812.5
22366,-123.95,-213.38,1093.97,18812.5,4795.0,24290.0
22395,-203.5,-205.2,1088.24,32707.5,19162.5,75512.5
22423,-241.56,-205.69,1065.55,24045.0,22592.5,108132.5
22452,-231.07,-215.21,1044.81,122.5,41930.0,128275.0
22481,-154.82,-228.14,1040.66,-17290.0,49420.0,114450.0
22510,-27.82,-238.51,1054.2,-22610.0,19005.0,49892.5
22539,100.77,-244.0,1079.94,-7997.5,2782.5,-22995.0
22568,195.44,-250.1,1098.37,16187.5,6002.5,-83335.0
22597,239.0,-263.89,1097.02,19320.0,-1785.0,-126402.5
22625,219.48,-282.31,1090.19,9135.0,-22382.5,-149660.0
22654,122.12,-293.04,1089.46,3955.0,-72887.5,-138022.5
22682,-34.89,-285.36,1101.54,3587.5,-74567.5,-55737.5
22711,-177.27,-266.69,1112.27,28455.0,13807.5,46742.5
22739,-255.1,-254.74,1092.75,34335.0,62527.5,106260.0
22768,-275.23,-255.1,1051.88,6230.0,50802.5,128887.5
22796,-240.71,-266.94,1025.41,-28122.5,38167.5,136360.0
22825,-144.57,-283.65,1031.88,-47320.0,41807.5,102130.0
22853,-20.86,-294.63,1070.43,-43890.0,2397.5,28857.5
22882,81.01,-301.1,1122.4,420.0,-13247.5,-37240.0
22911,142.98,-307.81,1151.56,34877.5,2677.5,-81987.5
22939,166.16,-313.54,1152.05,37765.0,-1540.0,-109725.0
22968,148.11,-314.39,1139.24,34212.5,-21297.5,-123917.5
22996,83.08,-306.83,1114.59,20265.0,-40880.0,-112840.0
23025,-29.77,-289.87,1090.68,-8295.0,-47687.5,-64610.0
23053,-157.62,-268.03,1090.44,-11462.5,-15225.0,19932.5
23082,-247.17,-252.66,1094.46,15172.5,32742.5,80570.0
23110,-284.63,-248.88,1076.16,12950.0,37607.5,107957.5
23139,-273.4,-253.03,1053.23,-12442.5,26705.0,120207.5
23167,-211.06,-259.01,1049.57,-30205.0,30870.0,108010.0
23196,-107.6,-262.42,1068.96,-32270.0,21420.0,64820.0
23225,10.61,-264.74,1102.88,-18427.5,11812.5,3587.5
23253,115.17,-271.57,1132.77,13352.5,9380.0,-57032.5
23282,177.75,-283.28,1140.09,35805.0,-12495.0,-109707.5
23310,184.71,-292.43,1125.08,33495.0,-22942.5,-130112.5
23339,139.2,-294.02,1098.24,19950.0,-27982.5,-128345.0
23367,29.16,-290.85,1067.87,-4357.5,-54775.0,-98560.0
23396,-123.34,-281.7,1062.01,-23502.5,-66325.0,-15067.5
23424,-250.1,-271.08,1076.77,6527.5,5460.0,63630.0
23453,-318.66,-271.45,1064.57,20107.5,54617.5,111177.5
23481,-330.74,-285.24,1031.88,-14472.5,33950.0,137637.5
23510,-276.21,-306.22,1026.02,-42035.0,28665.0,138057.5
23538,-160.8,-324.15,1059.45,-39235.0,32095.0,94115.0
23566,-19.76,-332.57,1110.57,-13037.5,32935.0,25252.5
23595,103.21,-336.23,1150.46,24500.0,13842.5,-51012.5
23623,178.61,-346.97,1162.42,47075.0,-19495.0,-104510.0
23652,199.1,-365.27,1149.48,42560.0,-30520.0,-135415.0
23680,155.06,-376.25,1127.16,28542.5,-45307.5,-141190.0
23709,44.29,-371.61,1105.81,16275.0,-61285.0,-98542.5
23737,-92.6,-355.26,1093.85,-11112.5,-12600.0,-21735.0
23766,-201.91,-336.96,1095.8,-15102.5,34702.5,40267.5
23794,-268.52,-323.67,1085.56,16275.0,25847.5,74077.5
23823,-303.54,-317.69,1053.1,962.5,7945.0,99120.0
23852,-296.95,-319.76,1032.97,-31762.5,28297.5,118825.0
23880,-232.04,-324.03,1044.32,-37730.0,49437.5,102497.5
23909,-119.32,-323.79,1081.65,-23642.5,38465.0,59570.0
23937,10.74,-319.03,1131.55,5145.0,37432.5,-6580.0
23966,112.97,-318.42,1171.08,37327.5,2257.5,-69422.5
23994,165.19,-328.79,1179.74,57085.0,-20895.0,-108640.0
24023,170.43,-341.97,1163.03,39410.0,-27212.5,-130935.0
24051,114.8,-349.16,1142.65,21490.0,-39672.5,-136745.0
24080,-20.74,-347.94,1124.11,14892.5,-86922.5,-93922.5
24108,-188.86,-339.65,1110.69,-140.0,-51747.5,367.5
24137,-315.13,-331.6,1091.78,1435.0,22592.5,76002.5
24166,-380.15,-333.3,1054.2,-12757.5,27125.0,125072.5
24194,-388.45,-347.82,1026.02,-40477.5,20195.0,145145.0
24223,-335.5,-369.17,1030.17,-45395.0,33775.0,142747.5
24251,-222.65,-388.33,1061.89,-41650.0,28437.5,99890.0
24280,-77.71,-399.43,1110.44,-18742.5,14245.0,30730.0
24308,55.14,-406.99,1148.39,19932.5,4357.5,-44502.5
24337,139.93,-417.73,1154.36,36452.5,-17675.0,-99365.0
24365,169.34,-432.86,1137.53,28210.0,-18340.0,-129395.0
24394,147.86,-445.79,1121.91,16082.5,-16747.5,-140647.5
24422,56.0,-447.74,1119.72,19582.5,-45727.5,-130550.0
24451,-106.99,-432.61,1127.16,21315.0,-30642.5,-56997.5
24479,-267.06,-406.26,1118.37,35805.0,43802.5,39305.0
24507,-359.78,-385.52,1077.99,20667.5,56857.5,102375.0
24536,-389.3,-382.1,1038.71,-17377.5,31500.0,127452.5
24564,-368.68,-394.06,1027.97,-37065.0,14735.0,134575.0
24593,-297.19,-409.8,1045.3,-36522.5,9012.5,114922.5
24621,-181.78,-419.68,1082.14,-22645.0,6877.5,69282.5
24650,-39.28,-421.39,1123.62,-612.5,26705.0,6825.0
24679,92.11,-417.12,1151.44,20457.5,21000.0,-68652.5
24708,170.8,-416.51,1146.68,37555.0,-20107.5,-122377.5
24736,181.29,-424.8,1115.81,15732.5,-36505.0,-154210.0
24765,108.34,-433.71,1094.58,-4410.0,-46865.0,-152932.5
24793,-45.38,-433.34,1093.24,-4707.5,-85592.5,-87902.5
24821,-213.26,-423.22,1106.42,-2922.5,-36295.0,11287.5
24850,-327.57,-411.26,1112.15,18672.5,44030.0,79852.5
24878,-382.47,-406.02,1087.26,17010.0,49822.5,118247.5
24907,-383.93,-412.73,1061.28,-10850.0,32830.0,138005.0
24935,-328.3,-424.68,1065.79,-19092.5,32515.0,129447.5
24964,-213.99,-430.9,1100.81,-9100.0,37660.0,91280.0
24992,-59.54,-427.49,1148.02,19985.0,37100.0,21525.0
25021,81.5,-421.14,1181.94,40582.5,-192.5,-61075.0
25050,167.14,-423.46,1188.4,39742.5,-41562.5,-116900.0
25079,191.54,-433.83,1171.44,24465.0,-42997.5,-143605.0
25107,152.99,-442.86,1148.26,-735.0,-42402.5,-151042.5
25136,27.94,-444.69,1139.97,-17185.0,-87990.0,-118597.5
25165,-148.96,-435.91,1155.83,-8067.5,-72555.0,-21577.5
25193,-293.78,-420.9,1166.08,22085.0,24990.0,53515.0
25222,-378.08,-412.12,1141.31,27107.5,58030.0,107905.0
25250,-404.55,-418.34,1105.44,-7122.5,50382.5,140122.5
25279,-366.12,-435.66,1094.58,-32515.0,45500.0,150570.0
25307,-249.73,-449.69,1117.03,-37065.0,39725.0,119577.5
25336,-77.96,-449.69,1164.12,-18917.5,22015.0,39515.0
25365,82.23,-442.01,1210.12,19932.5,5582.5,-55072.5
25394,181.54,-443.1,1220.12,46095.0,-21472.5,-120137.5
25422,211.06,-456.77,1189.38,30397.5,-39777.5,-150990.0
25450,167.87,-471.77,1155.95,-11830.0,-47705.0,-154332.5
25478,33.79,-476.29,1151.07,-29925.0,-98735.0,-113627.5
25506,-143.72,-465.43,1175.47,-15505.0,-68617.5,-13965.0
25535,-279.5,-446.28,1189.74,25585.0,45972.5,67095.0
25563,-352.82,-434.32,1165.34,30520.0,64260.0,124022.5
25592,-372.1,-437.37,1129.96,6037.5,42227.5,145215.0
25620,-321.96,-451.16,1119.35,-21700.0,41737.5,144375.0
25649,-195.2,-461.89,1151.07,-30660.0,44397.5,92417.5
25677,-34.53,-462.5,1206.7,385.0,27825.0,10920.0
25706,98.58,-460.43,1243.79,35892.5,-1767.5,-69002.5
25735,170.31,-465.31,1237.93,47162.5,-29662.5,-116270.0
25764,180.32,-475.31,1202.55,22662.5,-27667.5,-135695.0
25793,122.61,-477.02,1164.61,-2887.5,-42822.5,-131425.0
25821,-2.32,-466.28,1148.26,-30975.0,-90020.0,-83142.5
25850,-161.28,-447.25,1163.15,-20335.0,-83790.0,-11147.5
25878,-293.29,-427.0,1183.03,29557.5,10097.5,65782.5
25907,-361.49,-418.09,1164.86,43435.0,97720.0,119945.0
25935,-357.22,-423.83,1123.62,-6807.5,82407.5,153860.0
25964,-263.76,-437.0,1120.69,-59465.0,43435.0,128870.0
25992,-114.68,-444.93,1173.64,-47127.5,23817.5,48702.5
26021,30.01,-445.91,1240.37,20387.5,32935.0,-30817.5
26050,125.42,-450.67,1267.82,76825.0,9537.5,-100467.5
26079,152.26,-457.13,1241.59,81410.0,-28665.0,-132387.5
26108,112.61,-457.26,1191.57,24132.5,-55055.0,-136832.5
26136,3.54,-448.84,1162.66,-22242.5,-92925.0,-99225.0
26165,-149.33,-430.66,1161.2,-4865.0,-77875.0,-25340.0
26193,-282.8,-410.16,1157.78,21122.5,3535.0,57925.0
26222,-357.22,-398.45,1132.28,20335.0,79065.0,108920.0
26250,-379.18,-400.77,1094.83,-13825.0,62370.0,134540.0
26279,-338.67,-413.95,1085.56,-51817.5,35787.5,145880.0
26307,-221.06,-427.12,1130.45,-51677.5,39322.5,97387.5
26336,-66.37,-429.44,1203.16,6597.5,20335.0,12495.0
26365,63.68,-426.51,1250.01,54442.5,-612.5,-66080.0
26394,134.2,-427.49,1247.08,66360.0,-33407.5,-116672.5
26422,144.94,-430.66,1211.09,32095.0,-42490.0,-137270.0
26450,93.09,-430.05,1174.86,-11725.0,-64067.5,-137847.5
26479,-25.38,-421.14,1161.2,-26145.0,-103425.0,-96460.0
26507,-181.78,-401.87,1169.25,-5372.5,-81147.5,-14612.5
26536,-314.03,-383.2,1177.79,27072.5,30957.5,72887.5
26564,-382.59,-378.2,1159.0,35630.0,131600.0,126525.0
26593,-385.64,-387.35,1115.2,-17062.5,102690.0,151935.0
26621,-316.83,-405.04,1099.1,-84315.0,14717.5,133682.5
26650,-187.03,-423.22,1147.17,-84385.0,-22102.5,78207.5
26678,-35.14,-435.05,1223.78,-8645.0,33932.5,4987.5
26707,85.4,-444.32,1263.8,64050.0,39410.0,-73097.5
26736,144.94,-456.4,1246.84,74147.5,-22767.5,-122290.0
26764,145.91,-465.8,1205.85,28542.5,-41755.0,-142065.0
26793,84.67,-465.67,1174.37,-4742.5,-47075.0,-139755.0
26821,-52.83,-457.87,1158.02,-12022.5,-94412.5,-94132.5
26850,-224.36,-442.37,1168.03,-17220.0,-70280.0,7647.5
26878,-347.58,-427.98,1181.81,36837.5,47460.0,88987.5
26907,-398.7,-425.17,1151.07,37240.0,87220.0,132177.5
26935,-392.72,-433.1,1104.22,-28157.5,40582.5,144777.5
26964,-329.03,-447.98,1101.29,-61162.5,17727.5,135905.0
26992,-208.25,-460.67,1145.34,-42157.5,24080.0,95900.0
27021,-49.17,-465.31,1204.63,5775.0,43207.5,18970.0
27050,88.21,-469.94,1237.32,61022.5,-11217.5,-78732.5
27078,152.26,-482.14,1223.66,59517.5,-67602.5,-131512.5
27107,151.04,-494.95,1188.77,15680.0,-34195.0,-144777.5
27135,82.96,-498.49,1162.78,-14910.0,-24815.0,-139282.5
27164,-55.88,-488.98,1160.46,-12005.0,-91227.5,-86817.5
27192,-215.57,-467.99,1173.76,13002.5,-58940.0,3290.0
27221,-333.18,-447.01,1171.44,37222.5,48965.0,81217.5
27249,-390.16,-436.64,1135.7,17867.5,86170.0,125510.0
27278,-388.57,-440.05,1097.51,-29557.5,36487.5,146492.5
27306,-318.3,-451.64,1104.22,-54040.0,28280.0,135380.0
27335,-184.95,-459.7,1154.24,-25217.5,31307.5,81252.5
27364,-27.82,-461.16,1206.09,19215.0,25462.5,2590.0
27393,99.31,-462.87,1230.0,46602.5,-5057.5,-75005.0
27422,164.21,-469.94,1218.41,45447.5,-33792.5,-121800.0
27450,169.09,-478.12,1189.62,9222.5,-33407.5,-139457.5
27479,110.53,-479.22,1172.05,-20230.0,-62772.5,-138792.5
27507,-17.2,-468.24,1179.13,-13860.0,-102235.0,-91262.5
27536,-169.46,-446.03,1200.48,11585.0,-44502.5,-2992.5
27564,-284.02,-422.85,1205.73,40897.5,67532.5,67427.5
27593,-344.53,-409.43,1169.86,31815.0,101657.5,110565.0
27621,-359.53,-407.6,1118.25,-19127.5,45062.5,130672.5
27650,-329.89,-415.78,1096.05,-46042.5,12267.5,134050.0
27678,-244.49,-429.44,1112.4,-45640.0,26372.5,113400.0
27707,-106.63,-439.2,1153.75,-26022.5,38395.0,52850.0
27736,41.97,-441.4,1195.36,10500.0,36207.5,-31797.5
27764,147.62,-445.91,1211.22,38972.5,-7192.5,-103880.0
27793,187.15,-458.48,1195.97,37800.0,-39742.5,-141627.5
27821,161.04,-471.9,1170.96,1050.0,-37240.0,-151375.0
27850,64.42,-476.29,1165.83,-17255.0,-66255.0,-132265.0
27878,-85.28,-467.26,1181.45,1400.0,-75862.5,-65415.0
27907,-230.82,-447.01,1192.79,24867.5,-6510.0,17255.0
27935,-325.01,-426.76,1174.37,37642.5,59395.0,79642.5
27964,-368.93,-418.09,1125.21,8750.0,60445.0,112245.0
27993,-372.34,-423.71,1083.85,-37170.0,21035.0,134277.5
28022,-311.59,-439.2,1091.17,-56577.5,38150.0,135590.0
28050,-181.66,-451.64,1146.07,-35875.0,53882.5,79957.5
28079,-26.23,-454.21,1212.44,20492.5,39515.0,-4515.0
28108,98.45,-456.04,1246.6,70577.5,4200.0,-82635.0
28136,159.82,-466.41,1230.0,68022.5,-47967.5,-129990.0
28165,159.33,-479.83,1198.89,12705.0,-49297.5,-143307.5
28193,98.58,-488.0,1186.33,-3097.5,-58852.5,-141680.0
28222,-33.79,-487.02,1185.72,6685.0,-101710.0,-100170.0
28250,-198.13,-473.97,1193.28,10587.5,-55370.0,-12040.0
28279,-322.45,-455.79,1189.99,28490.0,39567.5,65765.0
28307,-388.2,-445.42,1153.75,12967.5,67200.0,115657.5
28336,-403.45,-448.23,1110.93,-29470.0,42105.0,140822.5
28364,-357.46,-459.57,1103.49,-49157.5,22487.5,145757.5
28393,-245.22,-468.6,1134.72,-37922.5,33687.5,108062.5
28421,-89.91,-469.33,1181.69,-11672.5,37187.5,39497.5
28449,58.56,-466.65,1218.66,23992.5,21577.5,-45657.5
28478,154.33,-472.87,1224.27,45745.0,-25270.0,-111405.0
28506,186.17,-487.88,1201.94,26092.5,-34212.5,-147297.5
28535,149.94,-500.57,1176.45,-1732.5,-35017.5,-157465.0
28563,28.06,-505.08,1164.12,-8785.0,-87692.5,-130567.5
28592,-148.35,-499.22,1174.13,-4917.5,-78435.0,-34790.0
28620,-294.26,-487.02,1184.99,22960.0,36242.5,62982.5
28649,-373.93,-478.97,1159.37,25235.0,80430.0,120365.0
28677,-402.84,-483.97,1114.23,-15540.0,48597.5,148225.0
28706,-370.03,-502.03,1100.56,-43610.0,25095.0,164465.0
28734,-253.76,-521.79,1132.28,-41282.5,52482.5,123935.0
28763,-86.38,-529.72,1192.18,-13195.0,41632.5,36505.0
28792,64.17,-529.97,1245.01,40792.5,7980.0,-57067.5
28820,154.45,-536.31,1250.5,70210.0,-26022.5,-123130.0
28849,177.39,-549.0,1213.9,39060.0,-38027.5,-157272.5
28877,121.15,-559.61,1176.08,-9975.0,-42070.0,-156922.5
28906,-19.03,-561.57,1162.66,-27842.5,-75320.0,-102182.5
28934,-191.91,-550.71,1179.86,-17902.5,-65607.5,-6982.5
28963,-327.2,-535.34,1199.87,33880.0,19302.5,71470.0
28991,-398.45,-527.41,1176.2,49472.5,62457.5,122797.5
29020,-411.02,-529.24,1125.57,8645.0,32060.0,150815.0
29049,-352.82,-538.26,1103.0,-29575.0,26057.5,154122.5
29078,-221.06,-544.12,1124.84,-34790.0,38710.0,100450.0
29106,-53.19,-539.73,1175.35,-8995.0,32812.5,18410.0
29135,92.23,-534.48,1219.02,35297.5,7647.5,-73132.5
29164,175.92,-544.36,1223.17,53602.5,-30187.5,-132107.5
29192,195.2,-568.89,1195.84,28595.0,-30677.5,-160702.5
29221,140.42,-588.65,1169.49,-8575.0,-46830.0,-168315.0
29249,2.32,-592.43,1170.22,-23992.5,-97702.5,-125772.5
29278,-186.54,-578.04,1191.7,8575.0,-78960.0,-33442.5
29306,-341.36,-556.32,1199.99,44065.0,45535.0,74777.5
29335,-416.63,-545.71,1167.91,37397.5,117775.0,135975.0
29363,-439.69,-550.34,1115.69,-17710.0,65572.5,162260.0
29392,-411.26,-571.45,1093.24,-56122.5,26460.0,177100.0
29420,-302.07,-597.8,1122.16,-63962.5,59430.0,142117.5
29449,-131.39,-609.88,1193.4,-41177.5,39252.5,54757.5
29478,34.89,-608.78,1273.8,17185.0,6947.5,-52605.0
29507,139.08,-614.76,1307.72,78662.5,-28332.5,-136675.0
29536,167.63,-632.08,1275.39,82197.5,-53900.0,-174615.0
29564,115.9,-645.87,1219.76,14192.5,-58642.5,-176592.5
29593,-23.79,-645.38,1192.43,-32882.5,-78172.5,-118212.5
29621,-208.62,-630.13,1201.21,-10850.0,-69527.5,-17902.5
29650,-357.58,-611.34,1209.63,26757.5,21735.0,78032.5
29678,-427.0,-599.51,1179.5,33670.0,88375.0,131862.5
29707,-427.98,-596.82,1126.79,-15102.5,55860.0,149485.0
29735,-361.73,-601.58,1111.05,-64697.5,23940.0,142625.0
29764,-230.21,-604.39,1155.58,-57137.5,32025.0,88970.0
29792,-69.54,-598.04,1224.64,1032.5,28367.5,1977.5
29821,59.29,-592.31,1264.65,56035.0,-8400.0,-88392.5
29850,120.29,-595.48,1251.84,62457.5,-44730.0,-138250.0
29878,115.9,-601.22,1210.73,19250.0,-41562.5,-152582.5
29907,44.65,-600.73,1176.93,-19670.0,-56997.5,-135485.0
29935,-92.84,-592.43,1174.13,-33775.0,-99365.0,-81760.0
29964,-251.56,-574.99,1203.77,-4777.5,-59272.5,12162.5
29992,-362.34,-558.27,1215.49,46322.5,59535.0,87500.0
30021,-411.38,-552.66,1175.47,31657.5,80150.0,129727.5
30049,-411.14,-559.37,1123.25,-17552.5,18725.0,154455.0
30078,-333.3,-576.82,1112.27,-56997.5,29207.5,155435.0
30106,-175.19,-589.26,1153.51,-54547.5,44607.5,86572.5
30135,2.56,-588.77,1216.71,-1137.5,23555.0,-13527.5
30164,131.52,-590.85,1251.96,64820.0,-17115.0,-105892.5
30193,184.59,-604.39,1237.81,65992.5,-51572.5,-148715.0
30222,173.61,-618.91,1205.36,19092.5,-36172.5,-160387.5
30250,84.67,-625.01,1185.23,-5127.5,-48212.5,-155435.0
30279,-89.06,-615.73,1186.08,-6422.5,-92277.5,-74217.5
30307,-266.94,-594.02,1199.02,11235.0,-3605.0,46357.5
30336,-375.27,-577.91,1183.16,37030.0,80867.5,125457.5
30364,-413.95,-577.79,1134.36,2712.5,56612.5,164290.0
30393,-384.91,-590.97,1107.88,-46165.0,28332.5,166967.5
30421,-286.09,-607.32,1129.35,-51520.0,26827.5,130340.0
30450,-133.1,-615.25,1184.86,-21210.0,11200.0,64575.0
30479,29.16,-613.78,1236.35,25007.5,-6265.0,-26565.0
30507,144.33,-613.66,1250.74,47670.0,-27457.5,-102742.5
30537,191.66,-617.44,1228.66,42105.0,-28437.5,-137200.0
30565,181.66,-616.22,1196.82,9467.5,-11777.5,-139860.0
30594,115.66,-607.32,1177.91,-9100.0,-26180.0,-134837.5
30622,-15.49,-590.11,1174.98,-11637.5,-85872.5,-93782.5
30651,-173.73,-563.15,1186.94,4095.0,-63542.5,-4112.5
30679,-295.97,-538.51,1187.06,39725.0,46515.0,76720.0
30708,-362.22,-529.97,1147.78,29435.0,93590.0,133105.0
30736,-378.44,-539.48,1098.98,-26022.5,56192.5,164185.0
30765,-328.79,-562.18,1092.88,-60427.5,41965.0,172935.0
30793,-202.4,-583.53,1145.58,-45447.5,50592.5,126665.0
30822,-30.01,-594.02,1225.49,16520.0,43522.5,32497.5
30851,116.51,-599.87,1274.53,71715.0,-12215.0,-78382.5
30879,184.59,-605.85,1264.41,72975.0,-73395.0,-135100.0
30908,186.9,-609.15,1221.71,28700.0,-54460.0,-149415.0
30936,128.1,-605.0,1178.76,-14227.5,-33792.5,-151917.5
30965,-5.49,-588.77,1160.71,-52535.0,-102200.0,-110197.5
30993,-176.41,-559.37,1185.11,-32392.5,-111020.0,-11690.0
31022,-309.15,-530.33,1210.36,42892.5,8715.0,81620.0
31051,-372.95,-517.4,1185.6,53882.5,92697.5,134662.5
31080,-377.59,-523.75,1135.45,-5932.5,70035.0,163240.0
31109,-302.56,-546.8,1124.11,-65660.0,47425.0,159792.5
31138,-152.74,-571.81,1173.88,-59360.0,37152.5,86292.5
31167,13.79,-586.82,1246.23,8662.5,30905.0,-7892.5
31195,137.25,-599.39,1285.15,74935.0,14070.0,-95742.5
31224,190.93,-613.42,1269.41,86607.5,-18252.5,-138950.0
31252,191.3,-620.13,1221.22,45850.0,-29452.5,-153055.0
31281,126.76,-617.44,1167.91,-11147.5,-69790.0,-155330.0
31309,-16.1,-605.36,1150.95,-66850.0,-143010.0,-89250.0
31338,-180.68,-580.72,1190.72,-29557.5,-88602.5,6160.0
31366,-301.95,-557.05,1222.2,56262.5,47145.0,85032.5
31395,-360.02,-549.12,1194.75,58240.0,111247.5,142677.5
31423,-342.82,-557.54,1144.12,-13860.0,91927.5,169260.0
31452,-235.46,-576.33,1135.33,-88287.5,52202.5,133262.5
31480,-66.61,-591.82,1197.55,-66937.5,12915.0,42805.0
31508,93.7,-602.19,1268.31,41912.5,12040.0,-57592.5
31537,186.78,-614.76,1278.07,89827.5,-5425.0,-130585.0
31565,203.74,-623.91,1239.4,55615.0,-16170.0,-152495.0
31594,155.43,-624.4,1195.84,3307.5,-25340.0,-149415.0
31622,35.14,-618.3,1174.74,-18217.5,-61565.0,-117005.0
31651,-142.86,-602.19,1180.11,-10780.0,-60147.5,-42507.5
31679,-304.51,-580.96,1189.38,30502.5,-980.0,62317.5
31708,-389.3,-568.89,1165.47,46847.5,55860.0,125667.5
31736,-400.89,-570.47,1121.06,-4322.5,46095.0,154105.0
31765,-336.72,-580.48,1111.05,-47512.5,30607.5,155697.5
31793,-195.81,-587.55,1150.22,-37852.5,24762.5,103810.0
31821,-19.64,-584.26,1207.92,12145.0,27457.5,12197.5
31850,123.1,-577.91,1239.76,62912.5,-3937.5,-78312.5
31878,194.96,-576.33,1222.68,64295.0,-52745.0,-127312.5
31907,199.1,-577.55,1182.91,6965.0,-54250.0,-143710.0
31935,121.76,-577.06,1163.76,-33670.0,-48195.0,-137987.5
31964,-37.33,-567.18,1173.88,-13632.5,-77315.0,-76072.5
31992,-211.18,-545.83,1187.91,13457.5,-15680.0,20107.5
32021,-329.28,-525.09,1172.91,34755.0,51047.5,96250.0
32050,-374.3,-517.4,1125.33,6825.0,55772.5,141487.5
32079,-351.6,-526.06,1087.14,-52675.0,27615.0,154175.0
32107,-267.55,-541.56,1097.63,-68320.0,13947.5,125265.0
32135,-131.76,-552.9,1145.82,-32882.5,18952.5,77105.0
32164,38.92,-559.37,1197.31,7542.5,37922.5,-4375.0
32193,179.95,-563.88,1225.98,46077.5,3465.0,-100292.5
32222,240.83,-571.57,1214.27,57155.0,-44607.5,-151410.0
32250,228.26,-580.23,1175.96,15942.5,-37607.5,-164150.0
32279,136.15,-582.18,1150.7,-27702.5,-40250.0,-146702.5
32307,-28.06,-572.42,1157.9,-18217.5,-68547.5,-77490.0
32336,-203.5,-551.32,1174.13,17342.5,-8435.0,20965.0
32365,-323.06,-532.77,1161.44,38745.0,56577.5,101010.0
32394,-377.22,-530.21,1121.3,7490.0,56245.0,141505.0
32423,-380.88,-546.93,1093.73,-30712.5,29697.5,166897.5
32451,-306.95,-576.94,1107.76,-50050.0,46375.0,170485.0
32480,-146.89,-601.22,1162.17,-36137.5,60462.5,94517.5
32508,35.5,-609.27,1233.3,11602.5,21105.0,-15242.5
32537,171.29,-614.15,1276.0,72345.0,-17972.5,-105770.0
32565,236.07,-627.45,1257.45,89075.0,-57820.0,-156082.5
32594,228.26,-641.6,1205.6,24640.0,-52465.0,-166600.0
32622,142.13,-647.7,1168.27,-28910.0,-51922.5,-153790.0
32651,-34.04,-642.82,1169.74,-38692.5,-106732.5,-91787.5
32679,-236.44,-627.32,1209.14,-1295.0,-37905.0,24185.0
32708,-370.51,-613.54,1218.9,64400.0,69720.0,106802.5
32737,-417.85,-611.71,1162.9,29452.5,61775.0,154472.5
32765,-384.06,-622.32,1120.57,-47950.0,42420.0,169750.0
32794,-258.15,-636.6,1146.8,-57715.0,58012.5,142222.5
32822,-61.0,-642.21,1211.95,-16082.5,40477.5,49822.5
32851,121.76,-640.74,1266.85,32007.5,2117.5,-64925.0
32879,222.53,-646.11,1279.9,54705.0,-46270.0,-134365.0
32908,244.0,-659.04,1255.99,31780.0,-41387.5,-157027.5
32936,201.3,-666.24,1233.42,3255.0,-33600.0,-158270.0
32965,88.08,-662.83,1222.2,14647.5,-54442.5,-133700.0
32993,-87.96,-646.11,1207.8,5670.0,-44940.0,-60935.0
33022,-259.13,-617.44,1198.16,490.0,18322.5,37450.0
33051,-367.83,-593.77,1174.98,21840.0,49175.0,101290.0
33079,-422.85,-587.8,1133.62,-10027.5,49227.5,138740.0
33108,-435.54,-602.31,1105.81,-32550.0,39830.0,164500.0
33136,-369.66,-631.23,1112.4,-52535.0,65467.5,170800.0
33165,-210.33,-652.7,1169.98,-57487.5,48352.5,104160.0
33193,-20.37,-655.26,1260.87,-4165.0,15102.5,892.5
33222,126.51,-653.19,1325.9,63700.0,-14945.0,-90895.0
33250,198.25,-662.34,1325.65,86345.0,-53025.0,-143132.5
33279,202.76,-674.17,1282.46,45692.5,-43995.0,-158655.0
33307,141.4,-673.2,1237.57,11007.5,-65992.5,-150552.5
33336,3.42,-659.53,1210.24,-11007.5,-78522.5,-109130.0
33365,-183.85,-636.72,1203.04,-14420.0,-37345.0,-19915.0
33393,-338.67,-610.49,1197.31,7717.5,31990.0,67830.0
33422,-420.9,-593.65,1162.66,14910.0,53427.5,115535.0
33450,-454.45,-593.53,1115.32,-27772.5,40757.5,142922.5
33479,-429.44,-609.76,1102.39,-53497.5,53130.0,166145.0
33507,-313.3,-629.4,1144.36,-64610.0,83772.5,135940.0
33536,-133.47,-636.84,1232.69,-29662.5,50382.5,46427.5
33564,32.09,-636.23,1322.48,35122.5,8820.0,-56700.0
33593,131.76,-642.33,1359.93,86677.5,-41475.0,-127470.0
33621,162.5,-657.09,1332.73,81882.5,-54460.0,-158725.0
33649,129.93,-667.58,1277.71,23012.5,-59535.0,-161665.0
33678,32.7,-666.0,1243.79,-16450.0,-86590.0,-133560.0
33706,-123.59,-655.14,1236.84,-7595.0,-74480.0,-70840.0
33735,-292.68,-636.11,1235.62,9187.5,-8907.5,18952.5
33763,-413.34,-616.95,1210.73,32550.0,40722.5,87990.0
33792,-474.95,-611.71,1157.05,-140.0,48072.5,132667.5
33820,-485.19,-623.66,1118.13,-43207.5,37870.0,159845.0
33849,-416.51,-645.87,1126.06,-61950.0,62947.5,166897.5
33877,-261.81,-657.58,1184.5,-58152.5,61320.0,107310.0
33906,-74.05,-649.04,1269.53,-5757.5,20737.5,13597.5
33935,86.62,-637.82,1328.58,58642.5,-13335.0,-82180.0
33963,180.32,-643.79,1323.58,75932.5,-61460.0,-146370.0
33992,195.69,-661.48,1282.22,21280.0,-59045.0,-169802.5
34020,136.64,-676.86,1252.33,-8977.5,-55930.0,-158445.0
34049,-1.95,-688.2,1236.47,-15120.0,-80290.0,-117810.0
34077,-188.37,-687.84,1248.43,-21595.0,-49140.0,-22540.0
34106,-341.36,-675.51,1261.24,33670.0,36260.0,70087.5
34134,-422.49,-667.46,1223.42,36400.0,55300.0,125632.5
34163,-444.45,-672.22,1168.76,-12267.5,44485.0,158515.0
34191,-395.52,-687.96,1146.92,-47617.5,51082.5,176172.5
34220,-257.42,-699.3,1176.2,-59430.0,52430.0,134470.0
34248,-60.02,-694.42,1246.47,-25602.5,36960.0,41860.0
34277,120.05,-683.93,1315.53,41317.5,13037.5,-73885.0
34306,219.72,-687.59,1333.7,89565.0,-30012.5,-143780.0
34334,237.05,-704.31,1291.74,61652.5,-30852.5,-166775.0
34363,176.17,-720.29,1232.08,1277.5,-52990.0,-162697.5
34391,26.6,-728.34,1209.02,-35700.0,-97562.5,-105700.0
34420,-159.82,-720.04,1227.44,-12372.5,-34720.0,-7892.5
34448,-299.88,-700.04,1232.57,33792.5,41685.0,71627.5
34477,-374.17,-684.18,1194.38,25550.0,52780.0,116847.5
34505,-402.84,-681.74,1148.51,-16590.0,38675.0,146090.0
34534,-384.54,-691.62,1128.99,-40950.0,49140.0,160860.0
34562,-299.14,-701.5,1142.41,-50680.0,61215.0,143237.5
34591,-151.89,-694.3,1189.5,-39217.5,33967.5,75512.5
34620,11.59,-670.63,1255.62,2432.5,11987.5,-16625.0
34648,134.2,-652.58,1301.98,49367.5,-17850.0,-95182.5
34677,193.25,-657.09,1307.72,61355.0,-36697.5,-138705.0
34705,197.88,-675.03,1290.15,41772.5,-23467.5,-158462.5
34734,143.96,-688.93,1262.21,39637.5,-45342.5,-162942.5
34762,3.17,-691.01,1222.68,19057.5,-85715.0,-118842.5
34791,-183.24,-679.05,1199.14,-13912.5,-31850.0,-11620.0
34819,-323.67,-660.26,1189.5,3272.5,28262.5,70997.5
34848,-398.21,-647.94,1160.22,3587.5,35017.5,113575.0
34877,-426.88,-646.36,1127.77,-22872.5,30957.5,137340.0
34906,-407.85,-652.46,1117.4,-34860.0,43925.0,152250.0
34934,-318.66,-656.12,1137.16,-40932.5,58082.5,132527.5
34962,-163.97,-646.11,1190.96,-22750.0,40670.0,66535.0
34991,1.34,-625.98,1256.97,16292.5,8312.5,-25777.5
35020,119.8,-612.2,1293.69,54442.5,-27492.5,-100100.0
35049,177.14,-613.29,1280.76,61197.5,-40180.0,-143447.5
35077,171.78,-625.49,1238.67,33057.5,-42682.5,-166022.5
35106,73.08,-639.52,1204.38,3220.0,-62335.0,-148750.0
35134,-105.9,-643.43,1196.94,-7507.5,-62510.0,-62055.0
35163,-274.26,-633.06,1195.11,7175.0,21105.0,33215.0
35192,-373.56,-615.73,1170.59,13265.0,47425.0,91052.5
35221,-411.51,-601.95,1133.14,-8505.0,40600.0,119052.5
35250,-407.72,-594.14,1111.91,-32550.0,40932.5,128835.0
35278,-361.12,-587.31,1117.89,-34580.0,36277.5,126857.5
35307,-269.38,-573.03,1145.09,-25970.0,26600.0,99137.5
35335,-136.76,-549.85,1184.99,-3500.0,27877.5,46707.5
35364,-5.12,-526.43,1218.29,20090.0,-822.5,-38307.5
35393,77.47,-514.47,1235.37,29855.0,-36225.0,-90685.0
35422,110.29,-516.79,1236.1,35420.0,-25760.0,-120907.5
35450,100.16,-522.89,1222.2,29680.0,-24027.5,-133087.5
35479,42.58,-523.62,1204.51,22242.5,-40687.5,-128975.0
35507,-75.4,-515.82,1184.99,15732.5,-57960.0,-92172.5
35536,-222.41,-500.93,1167.78,5407.5,-27825.0,-13335.0
35565,-337.45,-481.41,1148.02,8837.5,23835.0,50977.5
35593,-403.82,-464.94,1113.37,-455.0,30065.0,87622.5
35622,-439.44,-456.89,1080.43,-23835.0,19687.5,107502.5
35650,-452.01,-457.13,1064.08,-28700.0,24045.0,127540.0
35679,-430.42,-462.38,1057.86,-32130.0,40600.0,134627.5
35707,-360.75,-466.28,1066.04,-40827.5,28402.5,119577.5
35736,-249.37,-462.99,1102.03,-33687.5,15645.0,70612.5
35764,-130.3,-454.94,1149.97,-2485.0,5495.0,13055.0
35793,-33.06,-449.08,1187.3,21175.0,-4375.0,-36417.5
35822,35.38,-447.5,1203.77,39462.5,-12057.5,-75092.5
35851,77.35,-447.86,1197.06,41177.5,-17237.5,-101062.5
35880,96.75,-447.37,1177.18,31587.5,-23047.5,-116532.5
35908,93.45,-446.64,1155.71,19320.0,-35892.5,-130987.5
35937,45.99,-447.5,1140.7,5372.5,-59937.5,-138250.0
35965,-67.22,-445.79,1133.38,-385.0,-65817.5,-102707.5
35994,-213.38,-435.3,1133.26,-4060.0,-31115.0,-28070.0
36022,-334.16,-417.48,1132.16,6335.0,18375.0,39970.0
36051,-407.97,-401.5,1113.74,11480.0,38062.5,82967.5
36079,-446.52,-393.94,1086.29,-7770.0,36190.0,108237.5
36108,-461.89,-396.13,1070.79,-16065.0,27877.5,125002.5
36136,-443.84,-406.02,1068.96,-14280.0,37957.5,137672.5
36165,-371.37,-415.29,1077.75,-19127.5,46515.0,123322.5
36193,-247.29,-417.73,1108.98,-23642.5,15452.5,73885.0
36221,-107.36,-415.9,1162.42,-735.0,8732.5,7717.5
36250,6.95,-416.26,1205.73,29802.5,1085.0,-53812.5
36279,81.13,-423.22,1218.05,45815.0,-15137.5,-95235.0
36308,123.46,-434.44,1203.29,41702.5,-11007.5,-121747.5
36336,137.13,-444.81,1177.42,22662.5,-23940.0,-142100.0
36365,107.6,-455.3,1163.39,7245.0,-45132.5,-150657.5
36393,19.15,-466.53,1159.61,11427.5,-51817.5,-141697.5
36422,-133.71,-468.72,1145.58,8662.5,-68057.5,-94885.0
36450,-309.15,-454.94,1129.23,-2380.0,-32725.0,-577.5
36479,-436.39,-436.27,1109.22,10360.0,36505.0,80797.5
36508,-500.57,-428.46,1070.06,-8487.5,47232.5,124880.0
36536,-529.97,-435.78,1040.66,-37205.0,17640.0,144952.5
36565,-534.48,-458.23,1037.49,-29715.0,17535.0,160580.0
36593,-488.98,-489.83,1044.81,-30975.0,49770.0,165340.0
36622,-387.47,-517.4,1062.74,-41615.0,32042.5,127960.0
36650,-252.3,-533.38,1106.3,-40687.5,1417.5,72765.0
36679,-108.95,-540.09,1163.76,-5337.5,22767.5,4007.5
36708,8.05,-544.49,1203.65,32865.0,10465.0,-64260.0
36737,79.06,-553.39,1213.17,52307.5,-7490.0,-109462.5
36766,113.34,-568.28,1199.14,47792.5,2205.0,-133735.0
36795,114.44,-585.72,1175.59,37572.5,-13107.5,-156642.5
36823,64.66,-599.14,1153.02,24640.0,-54565.0,-165252.5
36852,-41.24,-601.46,1132.4,12722.5,-58380.0,-136080.0
36881,-185.32,-586.33,1118.62,227.5,-43610.0,-68862.5
36909,-326.47,-555.59,1107.27,7052.5,-2380.0,6720.0
36938,-432.25,-525.33,1087.51,9940.0,30065.0,71540.0
36966,-492.88,-507.52,1067.38,1487.5,36855.0,110792.5
36995,-517.16,-499.96,1048.71,-7525.0,21507.5,121065.0
37023,-526.8,-502.4,1028.46,-18042.5,15715.0,132685.0
37052,-511.18,-516.67,1016.75,-34422.5,40040.0,151060.0
37080,-443.1,-534.73,1024.56,-48037.5,52377.5,138827.5
37109,-330.38,-545.95,1058.84,-50015.0,16362.5,86380.0
37137,-202.4,-548.15,1117.52,-24937.5,717.5,26635.0
37166,-85.28,-545.34,1170.96,15925.0,10412.5,-34755.0
37195,0.0,-544.49,1194.87,42122.5,-8627.5,-85505.0
37223,44.53,-552.42,1190.35,47320.0,-20790.0,-116935.0
37252,49.17,-566.69,1173.64,32427.5,-26897.5,-135415.0
37280,14.03,-575.6,1165.1,21525.0,-55947.5,-140612.5
37309,-56.36,-572.42,1159.24,19337.5,-52675.0,-126420.0
37337,-153.96,-555.47,1137.04,12005.0,-34107.5,-96495.0
37366,-274.01,-525.09,1110.2,-8662.5,-44292.5,-40127.5
37394,-386.37,-488.37,1098.12,-2957.5,-3220.0,34142.5
37423,-457.87,-458.72,1078.72,11637.5,63682.5,84665.0
37452,-494.71,-442.62,1043.47,-13597.5,58432.5,111877.5
37481,-512.4,-440.66,1021.87,-32427.5,19337.5,125370.0
37509,-515.08,-452.13,1017.24,-28700.0,14857.5,132982.5
37537,-491.05,-473.85,1018.94,-38937.5,36365.0,141942.5
37566,-420.9,-495.08,1036.51,-55317.5,35507.5,125125.0
37594,-312.2,-506.54,1081.65,-37292.5,-13580.0,72450.0
37623,-199.71,-507.76,1136.55,2957.5,-19635.0,12775.0
37651,-104.07,-503.62,1171.93,34772.5,-927.5,-32690.0
37680,-30.62,-499.47,1184.74,45290.0,-11935.0,-71890.0
37708,17.57,-500.32,1184.38,50312.5,-25235.0,-102147.5
37737,39.41,-506.54,1167.54,48685.0,-21770.0,-126175.0
37765,28.43,-513.13,1138.02,30082.5,-34860.0,-136745.0
37794,-20.98,-513.25,1119.96,1417.5,-47582.5,-122272.5
37823,-98.7,-503.74,1119.72,-4550.0,-29592.5,-94990.0
37851,-197.76,-483.12,1119.59,3657.5,-26670.0,-63805.0
37880,-304.76,-451.03,1111.18,14227.5,-17885.0,-11165.0
37908,-390.4,-417.0,1086.04,18235.0,20755.0,42052.5
37937,-444.57,-391.13,1046.15,-4865.0,38150.0,79607.5
37965,-475.07,-377.47,1012.36,-31867.5,19407.5,105577.5
37994,-489.59,-377.83,994.54,-35420.0,11147.5,119157.5
38022,-486.66,-393.57,986.61,-37660.0,19600.0,131215.0
38051,-442.86,-419.31,1000.28,-52325.0,51275.0,133770.0
38079,-339.16,-440.3,1049.08,-42717.5,45552.5,101692.5
38108,-195.44,-448.47,1124.35,-15540.0,7822.5,34282.5
38137,-59.17,-449.69,1192.55,34825.0,-6685.0,-43225.0
38165,36.11,-454.69,1218.54,67392.5,-20650.0,-98192.5
38194,82.72,-466.65,1207.43,59832.5,-35875.0,-134627.5
38222,81.25,-477.02,1183.64,40355.0,-34510.0,-146475.0
38251,39.04,-480.56,1154.49,29347.5,-42980.0,-136132.5
38279,-40.87,-478.73,1130.7,-3762.5,-55230.0,-110232.5
38308,-163.6,-472.14,1119.47,-13002.5,-60777.5,-66500.0
38336,-303.17,-459.7,1120.94,-8015.0,-40110.0,8295.0
38365,-407.97,-445.79,1115.2,19250.0,34247.5,75057.5
38394,-463.84,-439.08,1078.85,7227.5,55195.0,114432.5
38423,-483.85,-443.35,1038.22,-27212.5,31727.5,135940.0
38452,-466.53,-458.96,1025.53,-43645.0,32550.0,147315.0
38480,-400.65,-479.22,1046.39,-47092.5,48090.0,139177.5
38509,-284.02,-494.47,1100.44,-32707.5,46410.0,94360.0
38537,-146.4,-498.13,1169.61,11847.5,20160.0,18830.0
38566,-26.23,-494.22,1221.95,45902.5,-7735.0,-46112.5
38594,60.15,-492.64,1236.59,71435.0,-20947.5,-95445.0
38623,105.9,-498.37,1212.56,59850.0,-44327.5,-129990.0
38651,108.09,-508.13,1172.91,21402.5,-48212.5,-148295.0
38680,56.97,-514.23,1144.36,-15872.5,-67182.5,-143220.0
38708,-46.6,-510.69,1145.21,-27772.5,-68040.0,-98332.5
38736,-173.73,-496.3,1163.03,-4427.5,-24990.0,-44537.5
38765,-290.6,-472.14,1167.78,20177.5,4952.5,9957.5
38793,-375.39,-446.4,1143.51,27737.5,36627.5,59237.5
38822,-427.49,-431.15,1093.97,-3552.5,59202.5,97685.0
38850,-453.84,-431.39,1052.74,-50540.0,29522.5,121065.0
38879,-452.5,-444.57,1042.25,-45552.5,12897.5,137217.5
38907,-403.82,-464.33,1050.91,-43470.0,45622.5,136675.0
38936,-298.53,-480.44,1086.29,-50172.5,26617.5,97790.0
38964,-164.09,-486.78,1148.14,-25830.0,13632.5,37922.5
38993,-36.36,-487.88,1207.92,13230.0,14927.5,-28927.5
39022,53.56,-492.88,1248.18,55597.5,-26477.5,-89722.5
39050,92.23,-503.49,1250.5,77647.5,-35560.0,-122972.5
39079,91.38,-509.72,1216.83,56332.5,-24990.0,-133157.5
39107,50.87,-507.52,1166.69,25707.5,-48737.5,-132055.0
39136,-31.11,-497.76,1130.21,-18112.5,-59990.0,-100362.5
39164,-139.2,-480.68,1121.42,-22050.0,-41370.0,-52605.0
39193,-248.51,-458.23,1124.11,-4410.0,-18847.5,3710.0
39222,-336.35,-434.93,1117.03,11777.5,25112.5,53112.5
39251,-394.43,-418.22,1093.24,-1347.5,27002.5,90615.0
39280,-422.73,-411.87,1070.79,-12477.5,4007.5,112472.5
39308,-422.36,-416.51,1058.72,-16485.0,14945.0,127435.0
39337,-386.86,-428.95,1057.01,-22120.0,30310.0,129675.0
39365,-310.98,-441.88,1074.09,-28052.5,26600.0,107012.5
39394,-202.52,-448.47,1113.01,-13632.5,21035.0,64207.5
39422,-78.57,-446.89,1157.05,11322.5,19075.0,9590.0
39451,31.48,-442.13,1184.62,34107.5,-1260.0,-51870.0
39480,103.09,-442.86,1183.64,45010.0,-25690.0,-95952.5
39509,133.35,-450.18,1160.95,28735.0,-17517.5,-120995.0
39537,124.44,-453.6,1130.94,14210.0,-8067.5,-127190.0
39566,72.22,-450.06,1106.17,1575.0,-29242.5,-115342.5
39595,-25.5,-440.66,1094.34,-5775.0,-30397.5,-81445.0
39623,-150.55,-426.02,1091.29,-8890.0,-20685.0,-28210.0
39652,-263.28,-407.24,1088.73,-175.0,-6580.0,25725.0
39680,-339.04,-390.16,1070.43,9695.0,7945.0,65537.5
39709,-381.86,-380.64,1036.63,-6580.0,3150.0,94990.0
39737,-394.79,-380.15,1011.01,-20177.5,2065.0,115062.5
39766,-377.35,-387.23,999.67,-22820.0,15365.0,120627.5
39794,-323.79,-396.62,1005.28,-30782.5,22347.5,111545.0
39823,-235.7,-401.75,1034.19,-24272.5,15487.5,77752.5
39851,-131.03,-399.43,1075.43,-5337.5,11200.0,34790.0
39880,-25.74,-392.35,1113.62,12022.5,6545.0,-11602.5
39909,61.49,-387.23,1137.41,27982.5,-11445.0,-58572.5
39937,115.17,-389.67,1143.14,30012.5,-15347.5,-93222.5
39966,136.52,-396.13,1137.53,28105.0,-2520.0,-110845.0
39994,129.44,-400.28,1123.01,33180.0,0.0,-117792.5
40023,87.23,-400.89,1102.03,25077.5,-15557.5,-113347.5
40051,3.66,-396.5,1082.87,15277.5,-18952.5,-91542.5
40080,-112.85,-384.42,1064.82,5337.5,-25952.5,-43155.0
40108,-228.87,-367.46,1048.83,-3412.5,-10657.5,20405.0
40137,-312.81,-352.7,1029.07,-2572.5,7332.5,67497.5
40166,-365.51,-346.97,1001.86,-15785.0,-210.0,95235.0
40195,-395.04,-352.95,979.17,-22295.0,-2117.5,119700.0
40224,-388.69,-369.9,966.0,-26652.5,18847.5,138635.0
40252,-323.06,-390.16,973.68,-39550.0,29697.5,126857.5
40281,-201.67,-403.45,1018.94,-37205.0,9082.5,81952.5
40309,-54.17,-406.75,1090.68,-1382.5,13702.5,19407.5
40338,76.25,-406.87,1147.29,40372.5,-1785.0,-51922.5
40366,165.8,-414.43,1165.22,59745.0,-17132.5,-102217.5
40395,223.26,-434.08,1150.95,54197.5,-1977.5,-142852.5
40423,237.29,-462.14,1117.4,31815.0,-3850.0,-172112.5
40452,179.46,-491.42,1094.22,3937.5,-26180.0,-170607.5
40480,48.68,-509.96,1094.1,14927.5,-31902.5,-133367.5
40509,-114.68,-509.11,1084.58,32515.0,3920.0,-57120.0
40538,-255.1,-489.95,1053.35,16625.0,25532.5,23117.5
40566,-349.29,-466.04,1014.19,3395.0,11812.5,77315.0
40595,-406.26,-452.38,980.39,-17377.5,1645.0,117057.5
40623,-427.0,-452.5,962.82,-26512.5,7630.0,141417.5
40652,-411.38,-460.43,961.6,-27475.0,22487.5,148715.0
40680,-359.17,-468.97,972.71,-27370.0,29645.0,142712.5
40709,-266.08,-472.02,999.42,-29347.5,29907.5,113540.0
40737,-131.15,-467.02,1047.98,-12775.0,44747.5,52045.0
40766,6.59,-459.45,1101.9,23012.5,32952.5,-33810.0
40795,100.41,-458.23,1135.58,45517.5,4147.5,-92102.5
40824,152.5,-470.68,1143.38,49297.5,-4602.5,-132965.0
40853,163.85,-492.03,1138.99,38237.5,-4497.5,-158917.5
40881,136.15,-512.89,1131.18,39042.5,-13685.0,-162312.5
40910,59.41,-524.36,1115.81,39007.5,-52325.0,-149467.5
40938,-67.1,-521.06,1099.71,22820.0,-46882.5,-93327.5
40967,-208.74,-504.23,1078.72,25025.0,-21035.0,-31360.0
40995,-331.11,-478.48,1045.3,17622.5,-10832.5,28315.0
41024,-413.82,-453.11,1002.96,2205.0,18585.0,73465.0
41053,-462.99,-435.91,962.09,-29225.0,18427.5,102182.5
41082,-491.42,-431.15,939.52,-41265.0,5162.5,123060.0
41111,-492.27,-439.69,935.37,-43452.5,19915.0,142152.5
41139,-439.93,-453.35,952.21,-58450.0,43872.5,143045.0
41168,-330.62,-461.4,998.69,-61635.0,28122.5,100817.5
41196,-196.18,-461.04,1066.89,-29207.5,5320.0,37222.5
41225,-72.1,-457.38,1127.65,17885.0,10185.0,-24867.5
41253,20.5,-458.72,1155.46,49437.5,3587.5,-76895.0
41282,79.54,-469.33,1153.14,47355.0,-7437.5,-111247.5
41310,100.77,-485.8,1136.8,33617.5,-15767.5,-140315.0
41339,62.71,-500.08,1118.13,20212.5,-60900.0,-152950.0
41367,-39.28,-504.71,1112.64,-2240.0,-87850.0,-130410.0
41396,-182.76,-494.34,1122.03,13160.0,-51502.5,-72695.0
41424,-323.54,-471.41,1119.23,41265.0,17850.0,4795.0
41452,-421.75,-444.81,1078.6,43032.5,65922.5,69510.0
41481,-477.75,-426.02,1007.48,-7227.5,56280.0,112805.0
41509,-506.79,-427.61,955.38,-76615.0,15452.5,137060.0
41538,-505.32,-447.98,963.92,-75740.0,22855.0,146002.5
41566,-457.01,-474.34,1003.57,-40687.5,63087.5,143115.0
41595,-349.04,-496.78,1050.66,-55527.5,53760.0,101762.5
41623,-205.94,-508.5,1125.33,-40687.5,14962.5,30677.5
41652,-75.52,-516.79,1201.21,35035.0,14612.5,-45937.5
41681,2.32,-534.36,1230.86,83072.5,-17902.5,-104510.0
41710,21.96,-556.56,1223.42,71785.0,-29855.0,-125755.0
41739,3.66,-566.57,1204.63,63630.0,-35122.5,-135712.5
41767,-43.43,-560.71,1168.15,61582.5,-58992.5,-138197.5
41796,-137.62,-548.15,1101.42,19477.5,-65817.5,-125160.0
41824,-282.31,-531.07,1062.38,-64417.5,-74322.5,-44537.5
41853,-415.41,-508.98,1086.65,-12530.0,-4007.5,37222.5
41881,-495.56,-487.88,1089.95,41160.0,54267.5,83422.5
41910,-537.04,-474.46,1053.96,-367.5,41580.0,112770.0
41938,-554.61,-472.38,1032.73,-24972.5,20807.5,129692.5
41967,-544.73,-483.24,1032.61,-28017.5,28700.0,143745.0
41995,-481.29,-498.98,1051.15,-35035.0,42402.5,143727.5
42024,-355.51,-507.52,1093.0,-31062.5,25952.5,95095.0
42053,-203.25,-507.28,1149.97,-2240.0,5722.5,18952.5
42081,-70.76,-506.06,1196.33,35210.0,-122.5,-54670.0
42110,15.62,-511.55,1206.82,55580.0,-23380.0,-109550.0
42138,51.73,-522.65,1185.84,41965.0,-31552.5,-141120.0
42167,37.33,-530.58,1156.44,17920.0,-39847.5,-153702.5
42195,-32.82,-531.43,1138.99,-1137.5,-63560.0,-142572.5
42224,-163.48,-523.75,1130.21,-192.5,-61740.0,-103827.5
42252,-325.13,-503.13,1125.08,-857.5,-35437.5,-19950.0
42281,-455.67,-476.78,1115.08,19582.5,29715.0,58992.5
42310,-527.65,-459.33,1080.31,12005.0,63420.0,112595.0
42338,-551.2,-456.28,1042.73,-25567.5,49000.0,136447.5
42367,-538.75,-465.06,1030.78,-39620.0,27475.0,140805.0
42395,-484.58,-480.44,1048.96,-46112.5,34772.5,139527.5
42424,-379.05,-493.86,1094.83,-41247.5,26880.0,105980.0
42452,-239.36,-498.25,1156.8,-16380.0,1575.0,42840.0
42481,-108.34,-494.1,1212.19,23712.5,-7262.5,-31062.5
42509,-17.81,-489.71,1230.25,63840.0,-33862.5,-88917.5
42538,30.74,-489.95,1209.02,56245.0,-41947.5,-128310.0
42566,45.14,-492.88,1167.78,34720.0,-29732.5,-152180.0
42595,9.39,-496.91,1129.48,-6177.5,-48492.5,-153667.5
42624,-89.91,-498.74,1120.81,-43715.0,-68092.5,-118335.0
42653,-233.63,-490.32,1143.99,-20317.5,-70630.0,-55527.5
42681,-364.66,-469.21,1167.3,24727.5,-262.5,28070.0
42709,-442.01,-447.74,1155.83,39690.0,65660.0,80780.0
42738,-477.63,-433.83,1118.98,10010.0,58537.5,112140.0
42766,-485.19,-428.34,1092.14,-14297.5,32917.5,126945.0
42795,-449.81,-429.81,1088.48,-22837.5,49840.0,138705.0
42823,-348.19,-429.81,1112.03,-33075.0,62002.5,109865.0
42852,-203.62,-419.56,1160.22,-12495.0,26232.5,37397.5
42880,-74.18,-402.11,1206.34,23030.0,8820.0,-36295.0
42909,8.54,-389.91,1217.19,52465.0,-6335.0,-82092.5
42938,46.36,-390.28,1187.18,42682.5,-18025.0,-119542.5
42966,25.01,-399.06,1147.04,3902.5,-46620.0,-142712.5
42995,-63.44,-402.84,1134.6,-16012.5,-81497.5,-114257.5
43023,-191.17,-392.35,1142.9,8312.5,-46305.0,-60970.0
43052,-315.13,-370.51,1138.75,18585.0,14892.5,12355.0
43080,-396.99,-345.75,1114.84,9432.5,45377.5,65572.5
43109,-439.69,-327.94,1078.85,-8557.5,25742.5,90912.5
43137,-460.18,-321.1,1049.93,-27142.5,2012.5,105770.0
43166,-454.45,-323.06,1039.2,-26495.0,11655.0,118142.5
43194,-407.11,-327.69,1041.64,-29837.5,34212.5,113312.5
43223,-323.18,-327.94,1058.59,-30992.5,13072.5,78207.5
43252,-224.48,-322.45,1093.12,-20055.0,-10885.0,36697.5
43280,-122.37,-317.32,1135.82,1645.0,-3360.0,-10465.0
43309,-35.01,-317.69,1172.91,25375.0,-16975.0,-62457.5
43337,20.98,-323.3,1191.7,49280.0,-22015.0,-100730.0
43366,44.53,-331.23,1178.4,52885.0,-18865.0,-134435.0
43394,19.03,-335.62,1134.84,27300.0,-57102.5,-149887.5
43423,-62.95,-329.4,1100.93,-20090.0,-74375.0,-113680.0
43451,-188.49,-312.2,1094.22,-15697.5,-47547.5,-57575.0
43480,-321.35,-291.09,1084.82,1715.0,-13982.5,24552.5
43509,-413.34,-276.94,1061.16,-10080.0,40285.0,86870.0
43538,-459.21,-276.7,1039.07,-26687.5,43225.0,119595.0
43566,-463.11,-290.85,1033.58,-31657.5,24815.0,139632.5
43594,-407.72,-312.69,1051.76,-35052.5,36855.0,135047.5
43623,-301.58,-330.01,1088.0,-26197.5,11060.0,95987.5
43651,-164.7,-339.4,1132.53,-6720.0,-3202.5,36400.0
43680,-33.06,-343.92,1169.74,26880.0,4165.0,-46532.5
43708,51.48,-348.55,1178.03,44660.0,-25147.5,-96267.5
43737,90.4,-355.39,1160.46,33775.0,-26687.5,-127242.5
43765,82.47,-361.73,1133.62,18952.5,-23607.5,-142765.0
43794,15.25,-362.22,1117.28,8417.5,-46935.0,-124110.0
43823,-102.48,-352.95,1111.54,16835.0,-26460.0,-71697.5
43852,-239.49,-335.5,1098.85,14402.5,3867.5,-4252.5
43881,-353.07,-315.25,1077.38,9712.5,20055.0,61372.5
43909,-421.63,-304.63,1047.98,2642.5,36557.5,106190.0
43938,-450.67,-310.86,1019.68,-24255.0,39060.0,136062.5
43966,-422.36,-330.5,1020.65,-48265.0,38167.5,153545.0
43995,-325.74,-350.75,1059.94,-40617.5,21245.0,115622.5
44023,-188.0,-361.0,1117.76,-8540.0,5460.0,57872.5
44052,-38.06,-363.32,1163.64,30660.0,12110.0,-17535.0
44080,77.84,-364.78,1166.08,54127.5,-16240.0,-95025.0
44109,138.59,-372.95,1128.26,15750.0,-42385.0,-143290.0
44137,138.35,-389.18,1099.71,-36645.0,-57505.0,-165410.0
44166,69.54,-401.38,1115.57,-39025.0,-50487.5,-139772.5
44195,-56.61,-399.18,1146.43,4690.0,-42490.0,-95427.5
44223,-208.86,-382.84,1159.85,26145.0,297.5,-11217.5
44252,-330.74,-361.36,1145.7,34947.5,47565.0,62737.5
44280,-399.92,-348.43,1102.27,16590.0,54425.0,111265.0
44309,-428.22,-352.34,1057.74,-21437.5,28997.5,135170.0
44337,-411.87,-372.22,1046.27,-41195.0,15155.0,153020.0
44366,-326.47,-396.74,1076.04,-35297.5,31902.5,131845.0
44394,-179.58,-410.65,1127.77,-12827.5,28910.0,63542.5
44423,-22.33,-412.12,1173.4,18725.0,7227.5,-21157.5
44452,97.84,-411.75,1188.04,38342.5,-18270.0,-91752.5
44481,159.82,-420.53,1165.1,25252.5,-34930.0,-143220.0
44510,155.79,-437.37,1134.23,-13580.0,-41300.0,-163012.5
44538,76.86,-450.42,1125.57,-24885.0,-65205.0,-147245.0
44567,-65.76,-448.96,1139.11,-11340.0,-67690.0,-82162.5
44595,-221.92,-431.64,1150.95,12267.5,525.0,5355.0
44624,-337.33,-409.92,1138.02,19267.5,47670.0,78802.5
44652,-397.48,-398.94,1108.98,7105.0,52675.0,119087.5
44681,-411.26,-403.45,1091.9,-11777.5,42210.0,136605.0
44709,-379.54,-416.51,1102.03,-17605.0,45097.5,137112.5
44738,-291.09,-428.22,1130.33,-14000.0,45115.0,113015.0
44766,-152.13,-430.9,1165.22,-4532.5,15085.0,52342.5
44795,-8.05,-425.41,1193.16,13947.5,-12460.0,-23747.5
44824,93.21,-420.66,1199.02,22487.5,-36837.5,-85732.5
44852,136.15,-423.83,1187.91,10605.0,-50120.0,-118492.5
44881,130.78,-432.61,1177.3,-7227.5,-35945.0,-133682.5
44909,68.56,-435.78,1172.91,-13195.0,-59272.5,-132737.5
44938,-52.7,-424.07,1177.79,-11305.0,-68635.0,-85820.0
44966,-192.52,-398.57,1188.04,8137.5,-21437.5,-11690.0
44995,-304.02,-372.71,1178.64,29732.5,35140.0,62090.0
45023,-366.85,-359.29,1139.72,12810.0,46252.5,108920.0
45052,-389.42,-361.85,1106.05,-20020.0,22645.0,133595.0
45080,-365.02,-376.74,1107.15,-20562.5,17605.0,143727.5
45109,-276.45,-396.5,1125.69,-9310.0,23520.0,123427.5
45138,-136.27,-410.29,1149.97,-9625.0,1347.5,61530.0
45166,11.83,-414.19,1176.57,8732.5,8102.5,-14035.0
45195,125.05,-415.65,1182.18,28192.5,6790.0,-79135.0
45223,185.68,-422.97,1162.9,20160.0,-21437.5,-117600.0
45252,195.2,-433.71,1142.9,-5530.0,-19197.5,-134155.0
45280,151.28,-434.81,1136.67,-11935.0,-30695.0,-136902.5
45309,45.99,-425.05,1137.16,-7245.0,-61495.0,-111720.0
45337,-107.36,-408.82,1151.68,-2415.0,-74637.5,-39042.5
45366,-248.88,-389.79,1172.91,30712.5,16642.5,46462.5
45395,-330.25,-379.66,1157.78,49192.5,99137.5,106715.0
45424,-349.65,-382.35,1107.76,6020.0,85487.5,137847.5
45453,-314.27,-392.72,1077.02,-42070.0,25935.0,134505.0
45481,-226.31,-404.8,1095.44,-44432.5,15925.0,106260.0
45510,-92.72,-412.12,1143.63,-17377.5,22785.0,47827.5
45538,51.36,-413.34,1188.4,15085.0,8890.0,-30380.0
45567,156.4,-415.9,1203.65,37992.5,-21595.0,-98752.5
45595,200.45,-426.51,1184.62,28892.5,-36067.5,-134872.5
45624,190.08,-438.59,1156.56,700.0,-28402.5,-145687.5
45653,123.46,-441.64,1140.82,-7350.0,-61722.5,-133647.5
45682,1.83,-434.32,1145.09,-14140.0,-75967.5,-83842.5
45711,-143.11,-415.53,1168.39,-2170.0,-35647.5,-12495.0
45740,-260.84,-391.74,1182.67,36417.5,31535.0,56367.5
45769,-329.16,-377.22,1159.73,39585.0,71435.0,105157.5
45797,-355.02,-377.47,1118.74,822.5,56910.0,134312.5
45826,-338.92,-389.91,1097.51,-27475.0,37765.0,143622.5
45854,-267.06,-407.24,1107.76,-35035.0,35245.0,134242.5
45883,-132.98,-418.83,1146.92,-28630.0,23310.0,79502.5
45911,24.52,-419.19,1197.19,7000.0,14805.0,-3727.5
45940,147.38,-416.02,1224.15,37887.5,-13387.5,-78750.0
45968,210.33,-421.02,1214.39,39585.0,-36680.0,-123340.0
45997,219.23,-433.1,1185.84,14227.5,-28245.0,-139247.5
46025,180.93,-442.01,1163.88,-3605.0,-63717.5,-132405.0
46053,107.85,-440.3,1165.34,-17885.0,-77385.0,-106575.0
46081,3.78,-427.0,1180.47,-6457.5,-42595.0,-72065.0
46109,-119.8,-402.11,1195.11,9747.5,-21245.0,-13107.5
46138,-223.26,-374.66,1195.23,35822.5,28577.5,46497.5
46166,-287.92,-356.48,1168.27,26950.0,64767.5,91157.5
46195,-319.64,-350.02,1134.84,3202.5,47775.0,119822.5
46223,-313.42,-355.51,1115.45,-10640.0,34650.0,136115.0
46252,-249.37,-365.76,1116.91,-20965.0,49420.0,128450.0
46280,-127.12,-370.15,1140.82,-27685.0,36242.5,81847.5
46309,22.2,-366.12,1180.59,-8855.0,31307.5,7105.0
46338,149.21,-360.51,1208.65,26442.5,2415.0,-68075.0
46366,221.19,-363.8,1205.48,34930.0,-31062.5,-114432.5
46395,241.32,-377.1,1185.6,11497.5,-24307.5,-136657.5
46423,213.74,-390.16,1174.37,-1645.0,-32060.0,-140892.5
46452,138.59,-396.01,1175.71,5390.0,-51940.0,-122762.5
46480,23.67,-391.38,1173.27,12197.5,-27492.5,-83860.0
46509,-112.24,-371.86,1161.2,10885.0,-5687.5,-23817.5
46537,-234.73,-345.38,1141.43,18060.0,13650.0,45027.5
46566,-316.96,-327.45,1110.57,9310.0,40285.0,96635.0
46595,-362.34,-324.52,1078.72,-12845.0,31080.0,127330.0
46624,-377.1,-338.31,1057.5,-23310.0,2275.0,153160.0
46653,-336.72,-365.27,1060.42,-30607.5,9275.0,162715.0
46681,-223.75,-388.45,1091.41,-22190.0,31972.5,116445.0
46710,-65.39,-396.01,1132.16,-3465.0,16555.0,48842.5
46738,95.04,-395.77,1164.61,17500.0,9975.0,-32987.5
46767,209.47,-398.57,1173.88,33670.0,-20895.0,-106487.5
46795,255.35,-411.38,1161.07,21367.5,-42735.0,-144725.0
46824,241.07,-429.68,1147.17,-945.0,-33932.5,-156870.0
46852,168.24,-438.47,1147.78,-6562.5,-54057.5,-141452.5
46881,48.19,-429.93,1156.44,1435.0,-50960.0,-96792.5
46910,-94.06,-403.09,1160.95,12075.0,-20825.0,-31832.5
46938,-218.62,-367.46,1152.17,28577.5,21717.5,41825.0
46967,-295.85,-340.87,1123.13,24307.5,53340.0,94815.0
46995,-335.13,-330.5,1088.85,-3132.5,45745.0,121362.5
47024,-351.24,-336.35,1069.94,-15120.0,23502.5,138372.5
47052,-329.52,-355.02,1072.62,-17220.0,30607.5,151672.5
47081,-241.32,-374.05,1093.73,-19197.5,47897.5,125475.0
47109,-92.72,-381.37,1128.74,-13877.5,19005.0,66307.5
47138,76.13,-380.03,1166.93,6580.0,5110.0,-16117.5
47167,204.23,-381.13,1183.64,27790.0,-22942.5,-96250.0
47196,262.54,-392.84,1174.74,14962.5,-42542.5,-136500.0
47224,263.76,-411.14,1164.61,-3902.5,-33810.0,-154717.5
47252,210.69,-423.22,1164.73,-2712.5,-53515.0,-151742.5
47281,106.51,-419.92,1171.44,-945.0,-57890.0,-116515.0
47309,-35.38,-397.48,1176.45,9030.0,-34247.5,-58205.0
47338,-176.17,-363.56,1169.74,25935.0,7297.5,20825.0
47366,-270.84,-335.01,1139.85,30362.5,63647.5,83247.5
47395,-316.71,-321.1,1094.1,1977.5,68915.0,116795.0
47424,-331.11,-321.23,1062.74,-23240.0,33565.0,133717.5
47453,-304.51,-332.21,1063.84,-28787.5,37835.0,146930.0
47481,-199.59,-347.46,1094.58,-34597.5,48160.0,125492.5
47509,-34.28,-357.22,1148.87,-27650.0,35052.5,32515.0
47538,109.07,-360.75,1203.65,21262.5,10640.0,-55702.5
47566,186.42,-366.61,1223.29,49857.5,-13492.5,-107170.0
47595,208.13,-375.27,1206.82,37257.5,-23397.5,-131985.0
47623,184.95,-380.4,1172.05,13580.0,-39585.0,-139965.0
47652,121.51,-375.39,1141.43,-12757.5,-63472.5,-115937.5
47680,31.6,-361.36,1127.77,-23765.0,-49122.5,-78907.5
47709,-72.47,-339.65,1133.38,-20860.0,-26670.0,-40337.5
47737,-182.27,-311.1,1142.9,12022.5,-2940.0,6020.0
47766,-277.18,-286.21,1131.43,24955.0,28542.5,62947.5
47795,-339.65,-274.38,1104.1,10167.5,49105.0,106855.0
47823,-364.17,-277.43,1081.41,-11725.0,42017.5,135817.5
47852,-339.77,-292.31,1078.48,-29207.5,35787.5,146265.0
47880,-241.8,-310.12,1102.88,-37800.0,31640.0,126700.0
47909,-74.05,-321.96,1151.44,-26180.0,39952.5,46182.5
47937,85.28,-327.81,1196.21,26320.0,16782.5,-58100.0
47966,168.85,-337.94,1201.82,59430.0,-20912.5,-120172.5
47994,181.29,-353.8,1174.25,32340.0,-27037.5,-137882.5
48023,142.5,-366.73,1148.51,-3552.5,-41317.5,-138407.5
48051,60.51,-368.93,1141.19,-9065.0,-76090.0,-112805.0
48079,-51.73,-358.68,1138.75,-4025.0,-56017.5,-71277.5
48108,-177.51,-337.21,1128.5,-9677.5,-30817.5,-15942.5
48136,-286.7,-312.93,1120.57,-3430.0,-8610.0,53882.5
48165,-354.29,-299.75,1111.42,4165.0,24272.5,98525.0
48193,-385.52,-301.58,1099.95,630.0,21805.0,127522.5
48222,-375.39,-317.44,1096.05,105.0,32952.5,146545.0
48251,-304.76,-339.04,1101.17,-10675.0,42682.5,141522.5
48280,-174.95,-353.8,1119.23,-17430.0,12425.0,94815.0
48308,-19.28,-359.41,1146.43,-2730.0,3605.0,18847.5
48337,111.63,-360.63,1165.22,26355.0,4777.5,-62947.5
48366,185.93,-366.73,1156.93,42105.0,-16345.0,-112210.0
48394,209.35,-378.93,1128.62,13982.5,-13947.5,-130602.5
48423,191.78,-389.3,1102.39,-14822.5,-12845.0,-136745.0
48451,132.25,-393.45,1093.12,-30800.0,-49087.5,-118020.0
48480,40.75,-392.11,1102.51,-29067.5,-37712.5,-88252.5
48508,-77.84,-380.88,1120.2,-9940.0,-36067.5,-48527.5
48537,-203.5,-359.17,1139.24,22120.0,-19775.0,15190.0
48565,-298.9,-341.11,1137.04,50522.5,40250.0,76212.5
48594,-352.95,-336.84,1104.71,25445.0,68022.5,119962.5
48623,-368.68,-346.36,1070.79,-7577.5,49665.0,143360.0
48651,-328.91,-366.73,1060.67,-31482.5,46987.5,154192.5
48680,-209.47,-388.69,1093.85,-47810.0,80955.0,115132.5
48708,-47.09,-399.43,1165.71,-16975.0,88830.0,21875.0
48737,81.13,-400.89,1234.88,46042.5,26372.5,-69597.5
48765,140.18,-408.82,1256.23,92697.5,-40617.5,-118755.0
48794,138.71,-421.51,1227.81,69335.0,-54530.0,-136377.5
48822,90.4,-427.49,1191.57,12337.5,-52482.5,-128992.5
48851,5.49,-425.78,1176.08,2240.0,-76055.0,-104650.0
48880,-101.14,-415.78,1166.08,16642.5,-48545.0,-65327.5
48909,-214.48,-395.16,1141.31,11830.0,-13947.5,-17955.0
48938,-315.13,-368.68,1111.91,2152.5,3797.5,40232.5
48966,-387.23,-349.41,1086.29,-70.0,25742.5,88760.0
48995,-427.73,-345.02,1065.3,-14105.0,29872.5,123620.0
49023,-427.98,-353.8,1057.37,-26687.5,30940.0,140122.5
49052,-370.64,-365.76,1068.72,-34160.0,31885.0,134960.0
49080,-245.34,-369.54,1106.78,-34545.0,21350.0,95707.5
49109,-81.37,-361.73,1161.81,-2117.5,24832.5,10745.0
49138,58.07,-353.07,1199.26,43837.5,5022.5,-74147.5
49167,137.25,-356.97,1194.26,60865.0,-26600.0,-127575.0
49195,153.23,-373.32,1157.05,23730.0,-33967.5,-150815.0
49223,106.02,-392.23,1129.72,-28315.0,-54652.5,-144690.0
49251,9.76,-405.04,1141.19,-28210.0,-73027.5,-110267.5
49279,-118.83,-403.45,1160.59,13335.0,-45342.5,-65135.0
49308,-257.91,-385.52,1160.46,29137.5,-14280.0,5670.0
49336,-366.61,-365.39,1138.63,36417.5,39340.0,77542.5
49365,-427.98,-358.68,1099.71,4252.5,61407.5,127260.0
49393,-443.59,-367.95,1070.92,-23415.0,35315.0,153825.0
49422,-409.07,-387.23,1066.77,-32200.0,26232.5,159127.5
49450,-311.1,-403.94,1089.7,-38237.5,32900.0,132440.0
49479,-160.06,-407.36,1139.48,-13755.0,23117.5,58502.5
49508,-5.37,-399.79,1188.16,29557.5,13107.5,-27002.5
49536,105.04,-394.55,1199.26,48300.0,-17220.0,-95760.0
49565,155.43,-401.14,1170.71,32095.0,-45482.5,-134855.0
49593,151.77,-416.02,1134.36,-5652.5,-40302.5,-147297.5
49622,98.09,-427.98,1119.84,-22120.0,-44520.0,-131355.0
49650,-0.73,-431.27,1128.13,-19600.0,-48055.0,-97912.5
49679,-137.49,-423.22,1143.02,-8277.5,-43015.0,-44292.5
49707,-273.52,-403.7,1153.39,13212.5,-7927.5,29557.5
49736,-365.88,-385.76,1140.46,28980.0,42420.0,90965.0
49765,-409.43,-382.23,1108.74,2695.0,49525.0,133700.0
49793,-407.72,-392.23,1087.75,-17867.5,35455.0,147752.5
49822,-369.42,-408.21,1086.41,-21805.0,24132.5,146107.5
49850,-277.18,-422.49,1108.0,-18165.0,44467.5,125335.0
49879,-132.37,-424.32,1142.9,-2012.5,39707.5,48212.5
49907,12.32,-412.85,1180.23,8015.0,-2870.0,-24062.5
49936,121.76,-402.84,1206.09,32672.5,-22960.0,-85977.5
49964,180.56,-406.26,1199.63,37310.0,-43120.0,-131757.5
49993,183.0,-419.31,1175.71,10080.0,-44187.5,-153107.5
50021,123.59,-429.44,1163.03,-2712.5,-52167.5,-142800.0
50050,-5.49,-432.0,1158.51,3080.0,-62387.5,-103950.0
50079,-178.85,-423.83,1156.68,455.0,-55825.0,-13947.5
50107,-316.96,-408.7,1155.1,17552.5,20702.5,78452.5
50136,-382.59,-401.38,1134.97,21175.0,59552.5,123952.5
50164,-399.31,-407.48,1106.66,-2957.5,35630.0,149467.5
50193,-355.51,-422.36,1106.3,-22540.0,39427.5,155977.5
50221,-242.05,-432.0,1140.7,-16047.5,43155.0,113820.0
50250,-86.62,-427.24,1188.16,4917.5,22102.5,46095.0
50279,64.78,-414.31,1223.54,31202.5,1470.0,-33810.0
50308,169.82,-404.31,1224.64,43575.0,-31220.0,-94290.0
50337,218.87,-405.53,1196.58,16887.5,-44730.0,-134295.0
50366,210.45,-411.87,1174.86,-11287.5,-42420.0,-145477.5
50394,148.6,-412.73,1170.83,-2170.0,-52570.0,-125352.5
50422,55.14,-405.53,1169.0,3290.0,-39357.5,-88812.5
50451,-59.05,-389.67,1163.51,-2117.5,-13860.0,-46830.0
50479,-178.24,-366.0,1158.88,3500.0,-6387.5,12005.0
50508,-270.96,-344.53,1142.65,16975.0,28035.0,67970.0
50536,-324.52,-335.26,1109.59,-2730.0,40180.0,106435.0
50565,-336.72,-337.7,1085.43,-19792.5,32795.0,132335.0
50593,-299.27,-345.75,1080.92,-26442.5,39742.5,134557.5
50622,-209.47,-349.53,1096.29,-26845.0,19285.0,114222.5
50650,-72.22,-344.77,1127.04,-11007.5,6055.0,56105.0
50678,75.76,-335.26,1153.88,10185.0,17.5,-25077.5
50707,187.64,-330.86,1157.29,18550.0,-16222.5,-90370.0
50735,240.46,-339.53,1138.38,2380.0,-24027.5,-136027.5
50764,232.04,-356.12,1119.35,-18427.5,-21752.5,-147437.5
50792,154.45,-366.98,1112.88,-19862.5,-58012.5,-132282.5
50821,21.23,-363.93,1124.6,-22820.0,-77315.0,-63875.0
50849,-111.87,-348.43,1148.26,-1242.5,-24745.0,12705.0
50878,-210.21,-330.25,1159.49,20405.0,19530.0,66780.0
50907,-267.3,-321.1,1152.53,26110.0,36050.0,107625.0
50936,-282.8,-324.4,1138.26,16030.0,37747.5,127907.5
50965,-256.08,-335.5,1127.52,8610.0,33057.5,132352.5
50993,-177.02,-347.33,1127.16,805.0,33477.5,115657.5
51022,-47.09,-352.09,1142.41,-3412.5,20667.5,62772.5
51050,101.5,-350.63,1162.17,14105.0,17062.5,-9345.0
51079,220.82,-351.97,1162.42,26547.5,-1505.0,-81410.0
51107,279.14,-362.46,1141.07,12880.0,-23100.0,-125212.5
51136,277.92,-377.59,1118.37,-12057.5,-12967.5,-139877.5
51164,214.23,-386.01,1109.22,-18165.0,-36907.5,-136780.0
51193,88.82,-379.66,1114.59,-12442.5,-65310.0,-86555.0
51221,-56.0,-358.44,1131.43,-3097.5,-32847.5,-8137.5
51250,-170.56,-332.33,1141.92,20860.0,32882.5,52010.0
51279,-240.58,-313.78,1126.43,26547.5,52185.0,94010.0
51307,-274.26,-308.66,1098.61,5582.5,31640.0,116847.5
51336,-276.94,-315.98,1080.19,-6055.0,16100.0,130130.0
51364,-228.87,-331.11,1079.21,-15190.0,27650.0,131705.0
51393,-119.32,-342.45,1095.68,-17465.0,14910.0,90440.0
51421,31.35,-347.09,1123.01,-7822.5,6457.5,21752.5
51450,169.95,-352.21,1142.53,13510.0,6160.0,-62072.5
51479,248.03,-365.27,1142.77,16065.0,-16047.5,-114047.5
51508,266.57,-385.15,1134.11,4655.0,-15557.5,-138407.5
51536,233.75,-401.38,1130.21,-2432.5,-23625.0,-144690.0
51565,151.65,-405.89,1132.53,1242.5,-45360.0,-127295.0
51594,26.6,-396.74,1130.21,3727.5,-37467.5,-83510.0
51622,-117.12,-374.3,1126.55,3062.5,-31745.0,-10955.0
51651,-233.75,-350.87,1118.25,18200.0,-6965.0,62965.0
51679,-300.85,-339.65,1094.58,12495.0,27282.5,110040.0
51708,-321.1,-343.67,1070.06,-6982.5,38762.5,141872.5
51736,-287.07,-358.8,1063.96,-19197.5,34160.0,146632.5
51765,-200.69,-372.95,1078.85,-17342.5,24220.0,114485.0
51793,-79.54,-378.08,1107.03,-7630.0,13440.0,66027.5
51822,61.37,-376.98,1137.04,13212.5,29767.5,1645.0
51851,183.37,-375.64,1149.85,31325.0,9642.5,-73920.0
51880,250.34,-381.86,1137.16,25165.0,-27877.5,-122377.5
51908,264.74,-396.26,1115.08,-1137.5,-22050.0,-143290.0
51936,228.14,-411.38,1101.17,-10237.5,-22610.0,-150867.5
51965,134.32,-419.07,1102.64,-12740.0,-49647.5,-121170.0
51993,-0.61,-411.51,1115.2,122.5,-29522.5,-63052.5
52022,-135.42,-389.55,1121.91,22295.0,9397.5,8155.0
52051,-235.7,-366.24,1105.08,26477.5,35175.0,70455.0
52080,-290.97,-354.41,1074.33,1312.5,35035.0,112840.0
52109,-305.37,-357.34,1056.03,-16555.0,21752.5,132737.5
52138,-266.94,-369.66,1061.4,-24657.5,33635.0,139405.0
52166,-165.8,-378.69,1088.48,-18620.0,42752.5,100012.5
52194,-27.21,-376.0,1128.99,1172.5,24587.5,35770.0
52223,104.8,-368.68,1159.73,33022.5,15610.0,-40337.5
52251,189.71,-366.0,1157.78,40022.5,-19880.0,-98455.0
52280,219.48,-368.2,1133.26,13842.5,-32095.0,-123515.0
52308,199.35,-373.56,1108.0,-8837.5,-22767.5,-134575.0
52337,118.83,-380.03,1099.22,-22225.0,-64225.0,-113050.0
52365,-8.05,-381.62,1116.54,-19495.0,-63472.5,-59255.0
52394,-142.86,-371.73,1136.43,15260.0,-11042.5,-682.5
52423,-252.3,-355.26,1125.57,29277.5,27965.0,62405.0
52452,-317.2,-346.97,1090.8,7227.5,40810.0,113242.5
52481,-335.26,-352.09,1062.13,-17622.5,34597.5,136080.0
52509,-302.32,-366.85,1056.15,-29172.5,28490.0,141032.5
52538,-213.26,-381.74,1075.8,-34562.5,33845.0,114065.0
52566,-80.52,-388.08,1117.76,-22697.5,15575.0,55580.0
52595,61.49,-387.23,1162.17,14017.5,6230.0,-20282.5
52624,166.29,-388.2,1177.79,48352.5,-18357.5,-90405.0
52653,211.43,-397.72,1157.9,35367.5,-37502.5,-127365.0
52681,207.89,-410.65,1130.33,-17.5,-17062.5,-139177.5
52710,156.4,-419.68,1115.57,-11602.5,-28612.5,-135485.0
52738,64.29,-422.12,1113.74,-11497.5,-35717.5,-100432.5
52767,-55.75,-415.53,1114.84,-3657.5,-21402.5,-52902.5
52796,-179.1,-397.23,1118.25,6580.0,-15872.5,10815.0
52824,-270.72,-377.35,1109.59,32287.5,10535.0,63245.0
52853,-322.57,-368.32,1080.43,10080.0,26040.0,107502.5
52881,-334.28,-370.88,1059.94,-14385.0,26705.0,129465.0
52910,-300.36,-380.64,1059.2,-19425.0,30117.5,135502.5
52938,-213.74,-389.3,1076.53,-23537.5,33582.5,108920.0
52967,-86.38,-390.89,1111.79,-15260.0,18585.0,56122.5
52995,50.14,-386.74,1151.19,10150.0,21192.5,-18865.0
53024,153.35,-385.03,1169.98,45377.5,-1995.0,-88777.5
53053,197.88,-393.08,1153.63,49682.5,-19600.0,-128222.5
53082,185.2,-405.28,1122.16,11392.5,-18847.5,-137672.5
53111,119.8,-411.63,1107.76,-12407.5,-45972.5,-121870.0
53139,9.52,-408.46,1112.15,-1032.5,-51922.5,-85417.5
53168,-124.32,-393.08,1113.49,16310.0,-22925.0,-21805.0
53196,-239.12,-371.25,1097.02,17097.5,23607.5,51887.5
53225,-307.32,-355.87,1065.3,-717.5,28122.5,100712.5
53253,-339.65,-354.17,1040.54,-22907.5,10115.0,118282.5
53282,-341.6,-363.93,1037.73,-23047.5,18410.0,132300.0
53310,-298.29,-377.1,1047.0,-20037.5,46182.5,128905.0
53339,-201.54,-385.15,1064.33,-29662.5,34072.5,95112.5
53368,-65.88,-384.42,1103.0,-27107.5,6090.0,35892.5
53396,69.17,-379.3,1149.0,12932.5,-17.5,-39847.5
53425,159.33,-381.25,1167.3,44100.0,-20965.0,-101360.0
53453,192.15,-394.3,1156.68,36575.0,-29540.0,-131687.5
53482,175.56,-409.19,1140.94,11620.0,-24395.0,-141400.0
53510,112.0,-416.75,1132.77,8400.0,-48055.0,-126875.0
53539,12.32,-414.07,1124.72,6685.0,-33582.5,-89512.5
53568,-107.48,-398.7,1115.2,17.5,-24010.0,-37292.5
53597,-221.31,-375.52,1108.86,9747.5,682.5,29890.0
53626,-299.63,-357.7,1090.44,19442.5,37502.5,81287.5
53655,-342.33,-352.34,1058.72,-3710.0,31132.5,110862.5
53684,-351.48,-359.9,1040.9,-23257.5,19232.5,130865.0
53712,-317.69,-375.03,1044.44,-27405.0,25637.5,138092.5
53741,-217.65,-389.79,1070.67,-32287.5,20860.0,119700.0
53769,-63.2,-395.52,1119.23,-13492.5,11007.5,39725.0
53798,81.5,-391.74,1164.12,28297.5,-5337.5,-47390.0
53827,172.87,-391.62,1174.74,62650.0,-13107.5,-105507.5
53856,209.6,-400.16,1147.04,43855.0,-17657.5,-131670.0
53884,197.88,-409.68,1115.93,1505.0,-27282.5,-137515.0
53913,136.52,-411.87,1101.42,-5057.5,-57522.5,-119840.0
53941,41.97,-405.77,1097.27,-11445.0,-46375.0,-73377.5
53969,-64.9,-390.4,1103.12,-18340.0,-17027.5,-32497.5
53998,-171.78,-365.76,1116.3,5512.5,-5740.0,13282.5
54026,-257.79,-343.06,1110.93,35630.0,29785.0,63612.5
54055,-311.95,-332.57,1077.26,10027.5,47407.5,102742.5
54083,-336.84,-335.62,1047.0,-20597.5,32217.5,129885.0
54112,-318.91,-351.48,1039.32,-31360.0,39112.5,147805.0
54140,-235.46,-371.61,1055.06,-45762.5,63297.5,126805.0
54169,-106.14,-383.32,1097.15,-45692.5,29977.5,62177.5
54197,27.57,-385.03,1156.56,-10447.5,7262.5,-11375.0
54226,131.03,-385.76,1196.09,43732.5,-11077.5,-84647.5
54255,183.98,-393.57,1192.67,62195.0,-27930.0,-129832.5
54283,182.88,-406.38,1162.42,36855.0,-38482.5,-151235.0
54312,122.37,-413.95,1139.48,-1382.5,-62055.0,-137655.0
54340,11.47,-410.29,1135.94,-5740.0,-52465.0,-97020.0
54369,-126.51,-395.52,1137.41,1522.5,-32462.5,-31167.5
54397,-247.54,-375.52,1136.43,7612.5,14945.0,44275.0
54426,-320.01,-360.63,1122.4,19022.5,41352.5,90230.0
54455,-354.53,-358.44,1094.83,6405.0,32427.5,116602.5
54484,-354.41,-369.17,1076.53,-16975.0,37852.5,132877.5
54512,-299.63,-384.06,1082.14,-26705.0,52290.0,128362.5
54541,-184.22,-390.64,1114.71,-29015.0,54005.0,83440.0
54570,-40.38,-385.28,1166.69,-3797.5,24080.0,15330.0
54598,81.86,-376.74,1209.02,37415.0,-3027.5,-56087.5
54627,149.94,-375.88,1213.17,63017.5,-32602.5,-103547.5
54655,164.82,-382.23,1187.3,36522.5,-35315.0,-117670.0
54684,142.37,-386.01,1164.86,-2205.0,-32392.5,-119805.0
54712,82.47,-383.57,1162.66,-8855.0,-66465.0,-111265.0
54741,-22.33,-376.0,1167.05,4812.5,-61320.0,-83107.5
54770,-155.43,-359.05,1167.17,11935.0,-36400.0,-22715.0
54799,-270.23,-336.23,1156.19,33057.5,18077.5,46900.0
54828,-340.14,-320.13,1119.96,27860.0,55545.0,95812.5
54856,-376.0,-315.74,1077.14,-15522.5,45710.0,122360.0
54885,-378.69,-324.15,1058.47,-30257.5,32637.5,143080.0
54913,-327.2,-340.14,1063.84,-34930.0,51222.5,139195.0
54942,-217.65,-352.34,1091.41,-45307.5,34562.5,98210.0
54970,-71.0,-356.24,1145.34,-24587.5,17535.0,30292.5
54999,64.05,-356.61,1194.62,27160.0,8575.0,-54880.0
55028,140.18,-361.85,1202.68,58065.0,-30712.5,-112805.0
55057,151.04,-370.51,1173.64,37100.0,-43312.5,-134085.0
55085,106.63,-375.27,1139.72,-11585.0,-40180.0,-128450.0
55114,18.67,-373.08,1134.6,-39812.5,-58205.0,-96407.5
55143,-97.97,-359.66,1157.54,-12407.5,-53182.5,-49700.0
55171,-212.77,-336.72,1175.1,34720.0,-18865.0,12232.5
55200,-291.34,-314.76,1159.24,53497.5,35490.0,61967.5
55228,-331.84,-300.24,1114.47,26215.0,31587.5,95165.0
55257,-339.53,-293.65,1075.92,-5372.5,14367.5,114660.0
55285,-295.61,-294.26,1063.72,-21997.5,36610.0,122955.0
55314,-185.56,-296.46,1078.48,-37450.0,31430.0,89162.5
55342,-34.28,-295.48,1115.93,-22365.0,7385.0,19635.0
55371,105.65,-293.53,1150.22,16765.0,5740.0,-61267.5
55400,194.22,-299.02,1153.88,44572.5,-14752.5,-116935.0
55428,225.09,-311.83,1126.3,35367.5,-10097.5,-142135.0
55457,198.49,-326.96,1089.46,-9485.0,-16135.0,-146457.5
55485,91.01,-339.4,1080.07,-48860.0,-75897.5,-119717.5
55514,-73.69,-341.84,1115.81,-28035.0,-81900.0,-36155.0
55542,-218.01,-334.65,1156.8,31202.5,12390.0,41895.0
55571,-306.22,-329.28,1149.97,56752.5,79800.0,95812.5
55599,-344.28,-333.55,1103.49,10972.5,63980.0,131792.5
55628,-334.52,-346.72,1075.19,-38570.0,39410.0,143797.5
55656,-263.03,-362.95,1088.48,-44327.5,45710.0,132492.5
55685,-122.73,-371.98,1132.77,-45220.0,42805.0,77927.5
55714,47.09,-372.47,1194.38,-3972.5,14542.5,-14945.0
55742,171.29,-375.27,1226.83,56735.0,-26600.0,-97370.0
55771,216.31,-386.25,1204.38,50172.5,-43050.0,-136937.5
55799,194.96,-398.45,1166.32,-2975.0,-25287.5,-140542.5
55828,112.61,-406.5,1150.7,-18515.0,-45692.5,-121870.0
55856,-22.69,-406.63,1154.24,-3080.0,-58380.0,-69580.0
55885,-163.85,-393.82,1159.49,14262.5,-13457.5,7962.5
55913,-262.79,-373.93,1144.6,33670.0,40040.0,62877.5
55942,-317.44,-359.66,1105.81,11427.5,39182.5,99050.0
55971,-336.72,-356.0,1075.31,-20352.5,19652.5,119612.5
56000,-310.0,-360.14,1074.09,-27440.0,27562.5,127470.0
56029,-221.06,-363.44,1101.66,-26600.0,49192.5,102462.5
56057,-81.74,-359.29,1149.73,-6597.5,30992.5,40180.0
56086,56.73,-351.48,1191.94,27545.0,2607.5,-36330.0
56114,148.47,-348.8,1200.36,46340.0,-31097.5,-93660.0
56143,183.37,-352.58,1177.79,24500.0,-40407.5,-121240.0
56171,170.31,-357.46,1154.85,-4130.0,-35052.5,-128170.0
56200,103.33,-360.88,1147.9,-8382.5,-62755.0,-119752.5
56228,-17.2,-359.66,1156.56,-4532.5,-66377.5,-72992.5
56257,-150.91,-346.85,1172.3,11900.0,-18287.5,-7630.0
56286,-253.27,-327.2,1166.56,38132.5,22942.5,47302.5
56315,-316.47,-312.32,1128.38,22942.5,35490.0,88252.5
56344,-345.26,-308.9,1089.46,-14035.0,31097.5,119000.0
56372,-331.11,-316.1,1073.6,-25550.0,32025.0,132545.0
56401,-258.4,-325.86,1084.09,-34002.5,41247.5,121310.0
56429,-132.86,-327.69,1119.35,-22382.5,26985.0,71557.5
56458,13.18,-320.01,1161.07,9765.0,21507.5,647.5
56487,133.35,-310.86,1181.08,44082.5,927.5,-71365.0
56516,200.57,-310.12,1165.34,49752.5,-22242.5,-117162.5
56544,209.84,-318.3,1127.77,8435.0,-34632.5,-143797.5
56573,156.04,-327.81,1105.93,-41930.0,-55422.5,-127820.0
56601,42.46,-333.55,1118.74,-35595.0,-74287.5,-88515.0
56629,-100.77,-333.3,1144.48,-1225.0,-41720.0,-10972.5
56658,-217.16,-326.96,1155.71,18602.5,34702.5,54495.0
56686,-284.75,-321.1,1137.16,29277.5,55212.5,94762.5
56715,-314.15,-323.3,1096.41,1977.5,33582.5,120680.0
56743,-299.63,-334.28,1069.33,-34422.5,18357.5,132352.5
56772,-232.04,-345.38,1075.8,-32357.5,23362.5,109725.0
56800,-122.49,-350.14,1102.88,-21490.0,22627.5,67445.0
56829,14.4,-349.16,1144.12,-11760.0,21735.0,8855.0
56858,138.1,-347.33,1182.18,26232.5,-8960.0,-65502.5
56887,208.38,-352.58,1189.87,44275.0,-37695.0,-114782.5
56915,229.36,-362.22,1169.13,26057.5,-27107.5,-138267.5
56943,199.23,-369.9,1142.16,-2660.0,-35035.0,-142205.0
56972,117.24,-372.47,1135.21,-22645.0,-55947.5,-111160.0
57000,-0.61,-369.17,1141.92,-3045.0,-28787.5,-62650.0
57029,-133.96,-360.14,1143.87,4497.5,8435.0,2852.5
57058,-244.73,-348.31,1136.67,23205.0,29680.0,62492.5
57087,-311.71,-342.45,1104.47,23677.5,37380.0,107467.5
57115,-332.82,-348.07,1064.57,-23310.0,25095.0,134172.5
57144,-298.9,-362.71,1059.81,-44117.5,15890.0,141260.0
57172,-198.37,-376.37,1095.19,-33565.0,26162.5,110565.0
57201,-53.92,-380.88,1145.34,-5407.5,25742.5,43295.0
57230,86.13,-377.96,1185.96,26005.0,17482.5,-29417.5
57258,186.42,-377.47,1196.33,59220.0,-6842.5,-86905.0
57287,235.46,-384.79,1167.91,48300.0,-13755.0,-123200.0
57315,229.24,-393.45,1126.06,-3237.5,-11935.0,-134925.0
57344,161.41,-400.89,1109.35,-39392.5,-51765.0,-120120.0
57372,45.63,-405.77,1126.18,-17850.0,-74707.5,-87465.0
57401,-92.96,-398.57,1143.75,15942.5,-22540.0,-30152.5
57429,-213.74,-380.4,1136.06,31202.5,41230.0,40372.5
57458,-291.95,-364.05,1099.95,23572.5,55650.0,88620.0
57487,-336.72,-359.78,1054.57,-15802.5,24640.0,118807.5
57515,-349.16,-369.9,1029.68,-35717.5,9222.5,138180.0
57544,-310.86,-388.45,1029.68,-42315.0,31815.0,138862.5
57572,-220.7,-403.33,1050.3,-44187.5,36312.5,100240.0
57601,-92.35,-410.65,1093.97,-39952.5,5477.5,52937.5
57629,49.53,-415.17,1153.51,-4532.5,3377.5,-23100.0
57658,155.43,-422.24,1190.84,53620.0,-20230.0,-95515.0
57686,202.28,-434.69,1180.47,59850.0,-43610.0,-134365.0
57715,197.15,-444.45,1145.58,16187.5,-45097.5,-147647.5
57743,135.54,-448.47,1122.64,-20930.0,-63087.5,-132895.0
57772,28.91,-446.28,1127.77,-25550.0,-63332.5,-84805.0
57801,-96.14,-437.13,1139.36,-6055.0,-25130.0,-27562.5
57829,-211.06,-423.83,1148.51,3675.0,6685.0,42385.0
57858,-285.48,-414.43,1146.8,30100.0,53235.0,93030.0
57886,-312.69,-416.51,1120.08,10185.0,53970.0,123847.5
57915,-281.7,-427.37,1103.61,-25235.0,20650.0,139055.0
57943,-182.15,-436.27,1121.91,-24657.5,16310.0,104510.0
57972,-48.31,-434.69,1150.7,1627.5,8610.0,44940.0
58001,81.01,-427.49,1161.81,18497.5,-4742.5,-12705.0
58030,182.02,-424.32,1145.58,20562.5,-29365.0,-79117.5
58058,233.75,-429.93,1112.52,-5757.5,-39952.5,-117897.5
58087,235.83,-437.49,1088.85,-37222.5,-15575.0,-128380.0
58115,182.27,-442.86,1089.09,-39532.5,-29645.0,-128607.5
58143,67.34,-450.3,1113.01,-27072.5,-75355.0,-83790.0
58172,-68.56,-449.45,1158.63,-8347.5,-35175.0,-7840.0
58200,-172.63,-437.13,1192.43,46497.5,38307.5,53200.0
58229,-234.24,-428.59,1176.32,58607.5,59027.5,94237.5
58257,-259.13,-430.9,1134.11,16327.5,36855.0,128870.0
58286,-230.46,-442.62,1113.86,-15190.0,27860.0,142817.5
58314,-137.98,-453.11,1127.16,-12547.5,36277.5,113470.0
58343,-0.24,-452.13,1156.68,3937.5,20387.5,55737.5
58372,146.16,-442.01,1182.67,32550.0,7420.0,-18760.0
58401,255.22,-434.32,1184.01,61880.0,-10342.5,-90352.5
58430,301.95,-432.98,1152.66,50942.5,-22785.0,-130270.0
58458,284.75,-434.2,1110.57,-5582.5,-32585.0,-136395.0
58487,202.28,-434.93,1099.95,-54022.5,-71977.5,-107117.5
58515,73.81,-431.39,1132.28,-24360.0,-73990.0,-50207.5
58544,-57.83,-422.12,1162.66,27160.0,-1452.5,15295.0
58573,-154.21,-410.77,1157.78,38990.0,63840.0,69877.5
58602,-209.72,-405.65,1121.91,23695.0,64802.5,104685.0
58630,-226.31,-410.9,1083.97,-20387.5,40827.5,134050.0
58659,-181.78,-421.88,1081.65,-49507.5,43855.0,135887.5
58687,-76.49,-427.85,1118.01,-41107.5,37887.5,93240.0
58715,59.29,-424.56,1170.59,-14665.0,30695.0,27790.0
58744,182.63,-417.12,1216.83,24850.0,10745.0,-52482.5
58772,255.47,-414.19,1229.88,66395.0,-28665.0,-105280.0
58801,270.96,-416.26,1199.26,55790.0,-33005.0,-130567.5
58829,230.58,-416.51,1155.1,-122.5,-16310.0,-125720.0
58858,133.96,-411.26,1132.04,-28035.0,-31517.5,-96757.5
58886,-1.46,-400.53,1129.72,-15557.5,-47040.0,-44275.0
58915,-138.23,-385.03,1132.16,9870.0,-9957.5,20650.0
58944,-237.9,-370.64,1113.01,29347.5,46620.0,80027.5
58973,-286.7,-364.78,1066.89,-455.0,49717.5,115342.5
59002,-287.92,-369.78,1033.83,-47565.0,20457.5,132510.0
59030,-229.6,-381.13,1049.69,-61967.5,31150.0,119332.5
59059,-121.02,-387.47,1103.73,-32130.0,29715.0,65135.0
59087,5.37,-385.15,1165.1,8190.0,8977.5,2642.5
59116,114.19,-382.1,1200.85,52850.0,-11462.5,-64697.5
59144,176.78,-384.54,1192.67,62125.0,-40040.0,-112332.5
59173,192.03,-389.3,1158.63,29260.0,-36540.0,-133945.0
59201,157.87,-393.94,1126.43,-7910.0,-40530.0,-134487.5
59230,65.39,-399.67,1117.15,-29225.0,-71540.0,-105717.5
59258,-65.88,-400.28,1133.75,-19810.0,-61250.0,-49000.0
59287,-194.35,-389.67,1152.78,17115.0,3570.0,19652.5
59316,-285.24,-377.71,1139.11,37432.5,53987.5,80570.0
59344,-331.84,-376.13,1093.85,5635.0,43487.5,115377.5
59373,-333.55,-387.11,1060.42,-37782.5,25322.5,140420.0
59401,-265.59,-404.8,1071.65,-56157.5,45097.5,132020.0
59430,-135.18,-414.92,1121.55,-38745.0,38832.5,71767.5
59458,11.47,-412.48,1184.25,3675.0,21315.0,-6737.5
59487,124.2,-406.38,1220.98,60795.0,-11515.0,-80972.5
59515,175.19,-405.28,1204.02,76492.5,-50470.0,-123812.5
59544,164.7,-406.02,1154.85,27947.5,-54442.5,-130130.0
59572,88.82,-404.92,1116.54,-21385.0,-57347.5,-102900.0
59601,-39.77,-403.82,1113.74,-37257.5,-81585.0,-41527.5
59630,-173.48,-398.57,1143.63,-9432.5,-47267.5,30975.0
59658,-265.47,-390.89,1160.34,47407.5,39375.0,82110.0
59687,-304.76,-390.4,1129.96,36522.5,63875.0,117705.0
59715,-288.16,-397.23,1096.41,-26687.5,38937.5,132580.0
59744,-214.23,-405.04,1103.73,-43032.5,17587.5,112245.0
59772,-100.53,-406.75,1143.38,-20265.0,6230.0,68915.0
59801,34.65,-402.11,1186.57,24885.0,21507.5,15277.5
59830,160.55,-399.18,1202.19,59780.0,20177.5,-62282.5
59859,234.73,-400.4,1182.67,50627.5,-27247.5,-117075.0
59887,246.81,-400.28,1151.07,12757.5,-31255.0,-135415.0
59915,200.69,-398.21,1127.77,-10045.0,-37572.5,-136167.5
59943,96.26,-394.3,1123.38,-16030.0,-71942.5,-93712.5
59971,-37.58,-384.54,1136.55,-7245.0,-41930.0,-27895.0
60000,-158.48,-370.15,1147.29,17045.0,11322.5,35315.0
60028,-240.58,-359.29,1131.18,32970.0,49560.0,85487.5
60057,-276.33,-357.83,1094.58,1837.5,57715.0,118440.0
60085,-257.18,-361.85,1075.8,-35700.0,48597.5,126455.0
60114,-188.98,-364.05,1093.73,-36575.0,31622.5,107922.5
60142,-75.76,-359.66,1138.02,-15400.0,25410.0,74322.5
60171,62.71,-350.14,1179.98,24937.5,17360.0,-4025.0
60200,165.55,-341.6,1192.18,41982.5,-27212.5,-66955.0
60228,210.57,-336.11,1175.96,23957.5,-32182.5,-100135.0
60257,210.57,-332.82,1145.58,-542.5,-31605.0,-118247.5
60285,158.84,-331.35,1120.08,-17325.0,-61582.5,-109672.5
60314,61.61,-330.13,1117.03,-26407.5,-69387.5,-60340.0
60342,-53.8,-324.03,1135.09,-16380.0,-40320.0,-7367.5
60371,-158.11,-311.71,1149.97,19407.5,5635.0,43592.5
60400,-228.87,-302.8,1135.82,32497.5,39725.0,86362.5
60429,-256.2,-303.54,1107.76,-3255.0,45675.0,117512.5
60457,-228.87,-310.73,1106.42,-25200.0,43067.5,119805.0
60486,-147.74,-316.59,1132.28,-7507.5,31797.5,93222.5
60515,-25.62,-315.25,1165.71,3097.5,29505.0,47390.0
60543,104.43,-307.81,1192.67,24972.5,12670.0,-21052.5
60572,194.47,-300.36,1192.18,41177.5,-23362.5,-76632.5
60600,232.29,-296.22,1161.93,27037.5,-37327.5,-100782.5
60629,229.12,-293.29,1125.57,-4287.5,-26600.0,-106837.5
60657,181.54,-291.34,1103.49,-16275.0,-40145.0,-100292.5
60686,90.52,-289.63,1103.61,-24255.0,-58992.5,-66167.5
60714,-18.3,-282.67,1120.33,-11655.0,-30537.5,-20807.5
60743,-115.29,-269.38,1127.77,11830.0,11620.0,27090.0
60772,-184.46,-258.88,1109.71,12897.5,32410.0,68845.0
60801,-221.8,-258.15,1085.56,-16187.5,25445.0,102252.5
60830,-212.89,-264.37,1083.85,-27790.0,24045.0,114730.0
60858,-153.96,-269.62,1101.78,-18427.5,18007.5,98682.5
60887,-47.95,-269.74,1134.97,-10045.0,3272.5,62912.5
60915,81.74,-265.96,1173.88,24535.0,5092.5,-9170.0
60944,185.44,-262.67,1186.57,53235.0,-9730.0,-67567.5
60972,245.46,-263.03,1161.07,47862.5,-25882.5,-107362.5
61001,256.2,-264.5,1120.69,7910.0,-28997.5,-128082.5
61029,216.06,-265.96,1092.75,-19722.5,-23835.0,-119000.0
61058,119.19,-267.91,1084.46,-24132.5,-50382.5,-85557.5
61086,-11.47,-268.16,1096.9,-14210.0,-38937.5,-11375.0
61114,-120.29,-265.84,1107.76,14385.0,23415.0,50802.5
61143,-189.83,-264.98,1087.87,19722.5,44135.0,90737.5
61171,-224.72,-272.55,1055.3,-12617.5,28000.0,123042.5
61200,-203.25,-287.55,1047.13,-37030.0,38745.0,136045.0
61228,-110.78,-299.02,1073.72,-36540.0,35315.0,101780.0
61257,34.16,-300.12,1124.47,-13282.5,20772.5,42385.0
61286,188.49,-297.68,1171.57,30520.0,18200.0,-42822.5
61315,299.88,-305.37,1181.08,67235.0,-16782.5,-113592.5
61343,339.65,-325.86,1143.14,54915.0,-38500.0,-161105.0
61372,284.63,-352.34,1092.63,-14297.5,-32725.0,-160090.0
61400,139.81,-374.78,1094.46,-60077.5,-75197.5,-93817.5
61428,-26.47,-381.62,1140.94,-945.0,-47232.5,-12985.0
61457,-152.99,-375.52,1151.92,49980.0,28262.5,52850.0
61485,-228.38,-370.15,1106.54,23537.5,38815.0,107257.5
61514,-247.54,-373.32,1064.45,-30572.5,16345.0,135922.5
61542,-203.37,-381.01,1066.28,-37187.5,21630.0,130550.0
61571,-94.92,-381.74,1101.66,-20720.0,21385.0,95497.5
61599,59.41,-370.76,1148.87,10990.0,15487.5,25515.0
61628,201.79,-356.48,1174.37,49700.0,-5232.5,-54810.0
61657,289.87,-349.41,1152.66,53042.5,-38500.0,-109882.5
61686,310.61,-353.8,1104.47,-472.5,-27807.5,-140682.5
61715,243.27,-370.03,1083.12,-50225.0,-13877.5,-129132.5
61743,93.82,-383.81,1109.71,-28472.5,-63437.5,-69405.0
61772,-61.24,-383.69,1140.7,26775.0,-24237.5,18445.0
61800,-161.53,-376.98,1119.72,38955.0,47792.5,78365.0
61829,-207.77,-374.42,1066.89,-13737.5,26197.5,118405.0
61857,-201.79,-379.79,1047.0,-45290.0,7262.5,126787.5
61886,-140.79,-385.89,1070.67,-26722.5,17237.5,112315.0
61914,-29.16,-384.18,1110.93,-525.0,19477.5,70402.5
61943,107.85,-373.81,1146.68,23485.0,11270.0,5512.5
61972,224.97,-362.1,1158.02,40547.5,-10692.5,-60935.0
62001,293.9,-356.48,1134.97,31115.0,-31955.0,-106802.5
62029,310.37,-357.83,1096.05,-8540.0,-20335.0,-133070.0
62057,268.03,-363.07,1072.14,-38325.0,-8155.0,-128117.5
62086,166.9,-366.37,1075.8,-24342.5,-39725.0,-89495.0
62114,34.16,-364.54,1090.8,5355.0,-33285.0,-20247.5
62143,-86.13,-358.19,1094.95,14122.5,9362.5,42770.0
62172,-168.24,-352.09,1082.14,17447.5,21910.0,91035.0
62201,-207.77,-354.04,1058.72,-1627.5,16537.5,119472.5
62229,-199.35,-364.05,1049.2,-23992.5,20527.5,130970.0
62258,-129.08,-375.03,1068.11,-20020.0,26722.5,114170.0
62286,0.24,-377.83,1106.05,630.0,23817.5,64575.0
62316,151.16,-372.59,1145.7,27037.5,18602.5,-11445.0
62345,265.47,-367.1,1159.0,53060.0,-19810.0,-80920.0
62373,314.52,-365.88,1133.75,40932.5,-41772.5,-121397.5
62402,298.05,-366.98,1096.66,-8382.5,-17185.0,-130935.0
62430,211.18,-364.9,1081.16,-27632.5,-18550.0,-100205.0
62459,77.1,-358.8,1081.9,-5757.5,-28805.0,-29732.5
62487,-50.26,-350.87,1078.6,-7840.0,3027.5,37310.0
62516,-136.15,-342.82,1066.04,-3185.0,1715.0,79642.5
62545,-179.58,-340.5,1043.1,-8382.5,-7035.0,108237.5
62574,-177.14,-345.5,1029.19,-31902.5,7070.0,121940.0
62602,-119.8,-352.95,1042.12,-25882.5,962.5,105822.5
62631,-6.95,-356.61,1077.02,-6282.5,-2292.5,65887.5
62660,139.08,-354.78,1115.69,25952.5,5442.5,-6300.0
62688,261.08,-352.58,1127.89,56752.5,-15890.0,-79817.5
62717,321.59,-355.87,1101.66,50767.5,-27247.5,-130077.5
62745,311.1,-361.12,1056.52,10902.5,-5040.0,-142520.0
62774,229.97,-362.58,1021.87,-29662.5,12827.5,-113890.0
62802,97.36,-357.83,1018.58,-39637.5,-37835.0,-43977.5
62831,-34.4,-348.55,1037.73,-16467.5,-22977.5,27895.0
62859,-128.83,-339.16,1041.15,12967.5,20562.5,73867.5
62888,-183.61,-335.99,1021.02,-700.0,24290.0,113890.0
62917,-187.64,-343.67,1010.16,-30782.5,18462.5,132160.0
62946,-137.49,-355.75,1026.75,-29855.0,17500.0,114905.0
62974,-40.5,-364.78,1061.89,-3832.5,10832.5,81882.5
63002,94.06,-367.22,1103.61,17132.5,15400.0,23572.5
63031,220.09,-365.39,1129.48,43155.0,-7315.0,-52465.0
63059,290.24,-365.88,1124.23,46305.0,-29190.0,-99837.5
63088,303.9,-368.56,1097.88,24500.0,-20265.0,-122675.0
63116,264.13,-369.78,1069.82,-5827.5,-17850.0,-120575.0
63145,166.53,-366.61,1058.47,-18025.0,-46392.5,-83300.0
63173,36.6,-356.97,1063.11,-6247.5,-50400.0,-18147.5
63202,-78.2,-342.09,1067.5,7280.0,-3745.0,41387.5
63231,-153.23,-330.38,1052.49,19005.0,45832.5,84280.0
63260,-179.95,-328.42,1022.36,-10552.5,43295.0,112682.5
63289,-147.01,-333.79,1016.99,-45027.5,14805.0,111912.5
63317,-56.85,-338.31,1052.74,-28385.0,5425.0,84822.5
63346,73.69,-337.09,1099.46,11742.5,25725.0,31272.5
63374,203.5,-331.96,1124.72,38535.0,6195.0,-40477.5
63403,288.29,-328.67,1120.45,35280.0,-32147.5,-92330.0
63431,319.64,-329.16,1102.15,14210.0,-36435.0,-119857.5
63460,302.68,-330.62,1087.14,-1487.5,-24850.0,-126262.5
63488,225.33,-330.01,1074.58,-752.5,-31132.5,-112297.5
63517,91.62,-325.62,1062.38,-10027.5,-48072.5,-50382.5
63546,-44.9,-319.52,1067.87,-22452.5,-22802.5,22347.5
63574,-143.23,-315.0,1075.8,10657.5,21455.0,75477.5
63603,-190.32,-318.91,1058.47,7717.5,42157.5,117197.5
63631,-169.46,-331.11,1043.47,-27877.5,29540.0,128450.0
63660,-79.3,-342.21,1065.3,-31727.5,4427.5,103005.0
63688,60.63,-345.5,1111.18,1277.5,20737.5,49017.5
63717,202.76,-342.09,1144.6,37100.0,26477.5,-26967.5
63745,295.24,-338.43,1142.77,52395.0,-8400.0,-83142.5
63774,329.4,-337.45,1109.59,27335.0,-23695.0,-110337.5
63802,319.4,-335.62,1078.97,-19180.0,-13615.0,-117215.0
63831,261.93,-333.67,1071.4,-20125.0,-25375.0,-112472.5
63859,149.33,-330.99,1075.43,-2187.5,-51730.0,-69247.5
63887,19.64,-324.64,1079.21,5617.5,-9607.5,1137.5
63916,-81.5,-317.08,1070.92,10762.5,28087.5,57050.0
63944,-146.03,-315.74,1048.59,2065.0,24290.0,97335.0
63973,-165.07,-325.01,1032.12,-21542.5,26127.5,124722.5
64001,-127.49,-336.96,1039.2,-28892.5,27440.0,117495.0
64030,-36.72,-342.58,1068.96,-16117.5,6895.0,87325.0
64059,98.58,-339.04,1111.3,2432.5,13720.0,33705.0
64088,234.24,-329.89,1142.77,34667.5,3920.0,-42035.0
64117,319.4,-324.76,1139.36,49385.0,-23222.5,-98175.0
64145,343.67,-326.59,1106.78,21455.0,-28682.5,-126700.0
64174,310.86,-331.35,1079.46,-22120.0,-16572.5,-121975.0
64202,216.55,-338.31,1077.99,-27825.0,-34405.0,-98175.0
64231,73.08,-341.11,1100.93,-14262.5,-43767.5,-36225.0
64259,-65.51,-334.4,1123.13,31622.5,13965.0,33582.5
64288,-156.16,-326.72,1100.93,50750.0,61810.0,94272.5
64316,-189.95,-326.84,1049.08,-6265.0,44292.5,131075.0
64345,-163.85,-333.79,1030.29,-51082.5,12075.0,132475.0
64373,-90.52,-337.21,1058.23,-26740.0,17272.5,96757.5
64402,2.2,-330.01,1090.56,13440.0,34667.5,57820.0
64431,104.55,-316.71,1106.54,19757.5,13125.0,12337.5
64459,195.2,-305.85,1114.59,23870.0,-10517.5,-45237.5
64488,246.81,-302.56,1110.44,24622.5,-15242.5,-81777.5
64516,262.91,-303.41,1098.12,8242.5,-10850.0,-100082.5
64545,251.2,-301.95,1087.02,-1137.5,-11795.0,-109515.0
64573,204.23,-295.36,1077.02,-2065.0,-24867.5,-105000.0
64602,112.36,-285.72,1069.21,-8190.0,-29960.0,-72765.0
64630,-12.69,-274.5,1073.23,-16800.0,-21140.0,-15610.0
64659,-127.61,-263.15,1085.07,7945.0,1557.5,48702.5
64688,-201.06,-258.76,1072.14,32882.5,26565.0,92715.0
64717,-222.28,-264.86,1038.34,-4917.5,28210.0,123620.0
64746,-176.53,-275.48,1027.61,-43365.0,14997.5,119857.5
64774,-71.98,-281.58,1056.89,-33530.0,-13650.0,83055.0
64803,58.19,-280.97,1101.05,9747.5,507.5,14437.5
64832,170.07,-278.28,1123.13,40932.5,227.5,-49612.5
64861,240.95,-277.06,1113.49,45535.0,-18112.5,-90667.5
64889,272.55,-276.82,1081.16,23275.0,-20195.0,-119122.5
64918,254.49,-275.84,1047.74,-21280.0,-19547.5,-127802.5
64946,178.49,-272.43,1044.32,-48142.5,-40145.0,-93747.5
64975,72.47,-266.69,1068.23,-18357.5,-26320.0,-44397.5
65003,-39.77,-259.74,1081.65,17570.0,7647.5,-105.0
65032,-143.72,-251.56,1074.09,16870.0,24762.5,51240.0
65061,-217.77,-248.88,1050.18,20807.5,35752.5,95147.5
65089,-246.93,-258.4,1019.68,-13545.0,40897.5,130042.5
65118,-205.33,-274.99,1019.19,-54722.5,37905.0,131372.5
65146,-98.58,-285.72,1067.13,-43260.0,7210.0,83405.0
65175,36.23,-285.97,1129.6,10727.5,11165.0,25777.5
65204,155.67,-281.94,1164.86,48090.0,9240.0,-43680.0
65233,222.04,-279.14,1161.44,63910.0,-17657.5,-85312.5
65261,235.22,-277.31,1129.72,37030.0,-22295.0,-101587.5
65290,203.13,-271.21,1097.51,350.0,-27755.0,-95970.0
65319,136.4,-260.47,1085.07,-13020.0,-39602.5,-68862.5
65348,49.78,-249.12,1084.95,-9887.5,-31920.0,-44275.0
65377,-47.09,-236.07,1090.19,-9660.0,-17062.5,-8225.0
65405,-133.22,-220.82,1086.29,19215.0,1102.5,31360.0
65434,-199.84,-209.84,1052.25,16555.0,16870.0,66727.5
65462,-240.58,-208.74,1012.48,-23800.0,15960.0,102882.5
65491,-234.48,-217.4,1000.16,-39725.0,17797.5,115885.0
65519,-173.97,-227.65,1015.28,-35752.5,19180.0,100730.0
65548,-61.37,-231.8,1052.86,-28350.0,8662.5,66342.5
65577,85.16,-231.07,1099.46,2030.0,2782.5,-3920.0
65606,208.62,-233.14,1118.13,34982.5,-23065.0,-77350.0
65635,270.35,-244.24,1094.58,20370.0,-42490.0,-123340.0
65663,267.67,-259.74,1060.67,-28787.5,-28805.0,-137200.0
65691,198.13,-273.89,1050.3,-57452.5,-23432.5,-113610.0
65719,78.81,-284.38,1070.06,-35770.0,-43470.0,-57172.5
65748,-48.56,-288.9,1095.32,980.0,-10150.0,9607.5
65777,-146.03,-289.14,1101.29,19565.0,29067.5,65765.0
65806,-197.03,-292.19,1083.12,23310.0,32812.5,104387.5
65834,-196.66,-302.19,1061.64,-8120.0,26285.0,121782.5
65863,-143.72,-313.3,1066.16,-21227.5,21245.0,107957.5
65891,-42.58,-318.79,1095.07,-3535.0,17710.0,74235.0
65920,89.67,-316.71,1129.11,21052.5,19372.5,13300.0
65949,207.52,-312.32,1144.6,42752.5,-8662.5,-54950.0
65977,278.04,-311.95,1130.09,40967.5,-40827.5,-101185.0
66006,295.0,-314.64,1100.32,8820.0,-35630.0,-123322.5
66034,260.35,-317.69,1079.33,-21997.5,-9485.0,-116690.0
66063,170.19,-320.25,1077.38,-18462.5,-30870.0,-87675.0
66091,43.19,-320.62,1088.73,-4165.0,-31990.0,-26337.5
66120,-75.88,-315.61,1096.54,9695.0,11095.0,29155.0
66149,-163.97,-310.0,1081.16,26250.0,28192.5,79432.5
66178,-207.16,-313.66,1050.05,3815.0,28122.5,120347.5
66207,-191.54,-324.03,1037.61,-28490.0,35105.0,123427.5
66236,-122.24,-332.82,1055.3,-23380.0,21787.5,101080.0
66264,-5.37,-334.4,1095.19,-9187.5,20842.5,62107.5
66292,134.32,-328.79,1138.99,20177.5,19145.0,-9590.0
66321,240.34,-322.81,1153.02,46497.5,-20387.5,-76142.5
66349,284.63,-321.96,1128.38,33827.5,-43102.5,-112175.0
66378,270.11,-323.54,1095.07,-15750.0,-26530.0,-118860.0
66406,201.3,-323.54,1090.44,-42332.5,-28577.5,-93030.0
66435,100.65,-321.47,1109.35,2082.5,-46707.5,-47670.0
66463,-1.71,-313.78,1116.79,24045.0,-7210.0,-3570.0
66492,-89.06,-299.39,1101.05,23852.5,30135.0,37765.0
66521,-149.82,-288.16,1069.82,13755.0,28787.5,79992.5
66550,-173.97,-286.21,1041.39,-18375.0,25130.0,97790.0
66579,-162.75,-289.75,1033.71,-32970.0,20510.0,98385.0
66607,-119.44,-293.53,1045.54,-29137.5,16922.5,86117.5
66636,-36.11,-293.41,1071.65,-25375.0,25042.5,60637.5
66664,77.71,-289.14,1106.42,-10045.0,19127.5,6090.0
66693,183.12,-283.04,1138.02,11217.5,-10430.0,-48720.0
66721,256.32,-281.82,1148.75,38675.0,-32340.0,-90090.0
66750,284.75,-285.24,1131.18,32707.5,-44782.5,-121275.0
66778,259.74,-289.14,1108.37,-3692.5,-23905.0,-120155.0
66807,184.46,-292.68,1093.49,-18970.0,-16432.5,-94342.5
66835,66.98,-293.29,1091.05,-25707.5,-45360.0,-39095.0
66864,-54.41,-291.58,1104.83,-5530.0,-11690.0,29627.5
66893,-141.28,-292.31,1103.98,27947.5,43120.0,77840.0
66921,-186.54,-299.88,1075.06,12617.5,58397.5,113505.0
66950,-183.12,-314.27,1051.03,-26810.0,42122.5,129115.0
66978,-121.15,-328.91,1061.77,-47547.5,16572.5,108395.0
67007,-11.22,-336.23,1104.83,-20545.0,3990.0,62947.5
67036,126.15,-336.96,1152.41,18217.5,15120.0,3167.5
67065,249.12,-339.4,1173.76,53620.0,-15452.5,-83335.0
67093,313.78,-348.43,1153.39,63945.0,-60917.5,-134890.0
67122,310.12,-360.39,1105.56,18427.5,-46462.5,-151130.0
67150,233.26,-372.1,1080.31,-45360.0,-25357.5,-120102.5
67178,101.26,-377.47,1106.54,-37765.0,-31150.0,-59972.5
67207,-39.53,-372.83,1139.85,25497.5,-11655.0,6720.0
67235,-146.4,-364.41,1134.36,45360.0,46462.5,67235.0
67264,-204.96,-360.02,1096.41,20912.5,53567.5,106925.0
67292,-216.06,-364.17,1065.67,-31902.5,24062.5,126735.0
67321,-177.02,-372.71,1073.84,-46025.0,21787.5,119805.0
67349,-86.01,-376.37,1108.37,-11287.5,26950.0,91787.5
67378,49.65,-370.39,1147.41,13142.5,24780.0,35735.0
67407,186.66,-359.78,1175.35,34877.5,-2730.0,-44240.0
67436,276.57,-354.29,1169.98,51082.5,-41702.5,-102147.5
67464,308.78,-355.87,1130.94,23327.5,-42420.0,-133857.5
67492,278.4,-361.61,1094.34,-30380.0,-30380.0,-136150.0
67520,170.43,-370.15,1095.56,-51922.5,-38727.5,-99890.0
67548,13.91,-376.61,1126.67,-8470.0,-50767.5,-24482.5
67577,-123.71,-374.42,1142.41,25812.5,15067.5,44712.5
67605,-210.57,-369.78,1117.03,30345.0,46060.0,95217.5
67634,-248.15,-374.3,1078.85,-12215.0,29785.0,129360.0
67662,-232.78,-387.72,1069.82,-43347.5,28402.5,139702.5
67691,-159.58,-400.89,1093.97,-28367.5,21875.0,127137.5
67719,-24.03,-405.28,1137.41,-2240.0,30292.5,78767.5
67748,141.03,-399.55,1184.38,27650.0,19950.0,-13195.0
67777,264.74,-394.06,1199.26,64277.5,-32777.5,-92872.5
67805,323.3,-396.62,1168.15,46795.0,-52867.5,-137602.5
67834,318.05,-404.31,1122.28,-735.0,-39077.5,-154980.0
67862,230.82,-416.75,1103.25,-39690.0,-21350.0,-132755.0
67891,62.46,-427.49,1122.16,-25707.5,-41335.0,-58275.0
67919,-106.38,-428.83,1144.73,7927.5,-4357.5,35822.5
67948,-214.35,-425.9,1133.87,23975.0,35455.0,81375.0
67976,-268.03,-427.85,1097.02,3535.0,40565.0,124250.0
68005,-250.22,-437.0,1076.89,-35892.5,47110.0,143080.0
68033,-159.21,-441.88,1098.85,-35595.0,28577.5,110110.0
68062,-17.93,-434.69,1152.78,-8837.5,19740.0,59552.5
68091,132.25,-419.31,1201.7,33862.5,-6720.0,-12425.0
68119,245.83,-407.48,1205.97,62720.0,-49035.0,-83212.5
68148,305.37,-407.24,1164.0,28805.0,-64837.5,-137952.5
68176,295.36,-416.75,1116.67,-34860.0,-36837.5,-158042.5
68205,198.86,-431.39,1107.27,-61495.0,-18550.0,-130217.5
68233,40.02,-440.66,1132.65,-21507.5,-44520.0,-52465.0
68262,-110.9,-439.2,1149.85,16765.0,-4077.5,29575.0
68291,-205.45,-432.73,1130.45,22837.5,35980.0,83545.0
68320,-244.85,-430.42,1090.8,-9222.5,25952.5,119122.5
68349,-234.36,-436.52,1076.89,-50785.0,15662.5,131547.5
68378,-172.39,-443.59,1101.17,-33897.5,12670.0,116007.5
68407,-58.68,-442.37,1139.48,1172.5,18847.5,82792.5
68435,89.55,-430.9,1179.01,20230.0,15470.0,8855.0
68464,214.48,-418.46,1194.62,54180.0,-20755.0,-68652.5
68492,284.02,-413.58,1170.96,44730.0,-34737.5,-119297.5
68521,294.51,-416.26,1129.48,6317.5,-27335.0,-149082.5
68549,226.68,-424.19,1104.59,-30397.5,-20002.5,-132195.0
68578,88.45,-429.93,1114.1,-19897.5,-37555.0,-66080.0
68606,-64.42,-430.17,1126.18,26897.5,-3360.0,13667.5
68635,-174.58,-425.66,1104.83,33652.5,55212.5,72292.5
68664,-228.99,-420.29,1059.69,-4655.0,43470.0,108657.5
68693,-231.19,-423.46,1036.76,-62545.0,-595.0,124320.0
68722,-181.78,-431.51,1062.99,-55055.0,-16135.0,117005.0
68750,-79.18,-434.32,1109.22,-3675.0,9625.0,92977.5
68779,61.85,-426.63,1147.29,20282.5,23520.0,28787.5
68808,191.54,-413.82,1164.0,46217.5,-980.0,-47127.5
68837,275.72,-405.04,1145.82,44275.0,-24097.5,-102182.5
68865,310.37,-405.04,1106.78,8452.5,-28000.0,-142852.5
68894,284.5,-417.36,1076.65,-36452.5,-34002.5,-149870.0
68922,185.07,-433.1,1081.41,-48930.0,-49070.0,-119507.5
68951,39.65,-441.27,1112.64,-1855.0,-40827.5,-39322.5
68980,-91.74,-440.05,1125.57,31937.5,24517.5,36960.0
69008,-178.36,-432.86,1104.1,25917.5,52167.5,92592.5
69037,-221.55,-431.15,1069.09,-1627.5,40355.0,132842.5
69065,-212.89,-438.47,1049.69,-40915.0,17342.5,144725.0
69094,-149.94,-445.54,1064.94,-37887.5,-2590.0,121485.0
69122,-36.36,-446.76,1105.32,-8277.5,9590.0,76440.0
69151,103.09,-442.13,1146.68,25252.5,26180.0,-3570.0
69180,216.67,-435.91,1159.0,50102.5,2135.0,-77595.0
69209,280.6,-433.59,1137.53,33792.5,-20020.0,-128170.0
69237,293.04,-438.96,1104.59,402.5,-20580.0,-155085.0
69266,243.63,-450.42,1083.6,-29155.0,-25567.5,-149677.5
69294,130.05,-457.74,1094.83,-33145.0,-52762.5,-94605.0
69322,-4.03,-455.79,1120.57,16625.0,-34387.5,-19635.0
69351,-112.85,-444.08,1118.74,44100.0,24255.0,38885.0
69379,-185.2,-427.98,1084.21,25935.0,52220.0,89180.0
69408,-219.36,-419.92,1045.66,-11340.0,30397.5,119805.0
69436,-220.21,-422.12,1030.66,-43452.5,350.0,126980.0
69465,-185.2,-429.93,1044.69,-35682.5,1732.5,130182.5
69493,-98.82,-436.76,1075.8,-19022.5,21035.0,93590.0
69522,24.52,-437.74,1116.3,3955.0,18882.5,25305.0
69551,141.15,-434.69,1146.19,35490.0,13632.5,-41615.0
69579,223.5,-431.51,1142.77,51432.5,3727.5,-97212.5
69608,260.47,-431.39,1110.81,28472.5,-14560.0,-137550.0
69636,242.54,-435.54,1079.58,-15295.0,-26162.5,-148505.0
69665,160.06,-440.54,1076.16,-37257.5,-40197.5,-123042.5
69693,33.67,-439.69,1098.0,-3745.0,-47320.0,-60252.5
69722,-92.48,-430.17,1109.22,33582.5,-1155.0,1470.0
69751,-186.9,-415.41,1089.83,31640.0,37852.5,59622.5
69780,-240.58,-403.45,1055.06,6685.0,35542.5,95130.0
69809,-259.37,-400.65,1031.63,-28717.5,8767.5,119892.5
69838,-234.97,-405.77,1033.83,-34580.0,8697.5,123550.0
69867,-164.7,-410.41,1057.62,-15155.0,17955.0,92610.0
69895,-65.39,-407.85,1090.68,10710.0,25182.5,46217.5
69924,43.92,-398.7,1115.57,29470.0,22995.0,-5162.5
69953,139.57,-388.94,1118.98,34195.0,-2800.0,-64855.0
69982,192.52,-385.89,1097.88,12722.5,-35542.5,-109812.5
70010,196.3,-389.91,1075.55,-27597.5,-44380.0,-123305.0
70039,153.23,-394.3,1071.53,-42910.0,-44572.5,-117740.0
70067,59.29,-390.77,1083.36,-24290.0,-52920.0,-79887.5
70096,-54.53,-380.15,1096.41,3010.0,-11812.5,-11830.0
70125,-143.23,-365.76,1094.58,10500.0,39182.5,33407.5
70153,-199.59,-349.53,1079.82,5950.0,36575.0,63315.0
70182,-221.8,-339.65,1061.16,-3850.0,17360.0,92645.0
70210,-195.44,-336.23,1062.25,-19512.5,-24727.5,90212.5
70239,-137.62,-334.16,1085.19,3220.0,-23572.5,65205.0
70267,-63.2,-331.35,1101.54,22592.5,44852.5,42770.0
70296,24.89,-323.91,1098.85,27037.5,42805.0,2730.0
70325,99.67,-315.37,1081.16,9940.0,-13667.5,-43365.0
70354,140.79,-313.05,1066.28,-14560.0,-28700.0,-72467.5
70382,147.5,-316.22,1063.47,-24605.0,-16817.5,-86380.0
70411,118.71,-319.15,1065.18,-19250.0,-20387.5,-89810.0
70440,51.97,-316.71,1066.52,-15925.0,-26967.5,-69982.5
70468,-41.72,-308.17,1070.92,-8767.5,-18322.5,-27475.0
70497,-127.49,-298.05,1073.84,5372.5,14595.0,28332.5
70525,-171.78,-288.41,1067.13,7822.5,31500.0,57715.0
70554,-178.36,-281.58,1061.03,2992.5,-18900.0,66237.5
70582,-158.6,-279.75,1064.57,6055.0,-11900.0,67515.0
70611,-112.73,-279.87,1066.28,11497.5,10447.5,59220.0
70640,-41.24,-277.79,1063.35,5967.5,17080.0,36680.0
70669,41.24,-273.4,1057.98,3657.5,8627.5,-2397.5
70698,108.95,-270.84,1047.61,-2520.0,-10080.0,-40250.0
70726,146.16,-273.04,1036.51,-12162.5,-18200.0,-63245.0
70755,152.01,-276.7,1039.44,-14560.0,-16992.5,-74165.0
70783,123.95,-277.43,1045.91,-5862.5,2117.5,-73587.5
70812,63.32,-272.67,1045.05,-5215.0,3587.5,-57417.5
70841,-21.72,-263.89,1047.0,-1190.0,-2660.0,-23607.5
70870,-105.65,-255.1,1048.59,-542.5,175.0,22575.0
70899,-157.14,-249.25,1048.35,6650.0,-1715.0,55160.0
70928,-171.04,-248.64,1048.47,8137.5,-5285.0,74672.5
70957,-151.04,-252.3,1049.2,11007.5,5075.0,77035.0
70986,-103.33,-256.69,1046.03,12792.5,10955.0,64592.5
71015,-32.94,-259.25,1040.54,5827.5,8365.0,43137.5
71043,49.41,-259.62,1037.85,-70.0,7945.0,6230.0
71072,122.98,-258.4,1034.19,-157.5,8015.0,-31587.5
71100,170.07,-258.64,1025.29,-997.5,-10902.5,-59080.0
71129,181.29,-262.54,1019.55,-9222.5,-28700.0,-73535.0
71157,153.23,-264.37,1029.68,-5600.0,-7525.0,-71032.5
71186,92.72,-258.4,1038.71,927.5,20877.5,-57015.0
71215,5.25,-245.71,1034.56,-1925.0,2415.0,-29837.5
71244,-90.04,-231.68,1033.46,-4620.0,2992.5,18532.5
71273,-155.79,-222.53,1035.17,8032.5,5477.5,54162.5
71302,-188.12,-221.55,1032.73,10027.5,-4620.0,70682.5
71331,-188.37,-229.12,1034.93,9782.5,-1277.5,88060.0
71359,-152.38,-241.07,1039.93,14350.0,18287.5,81550.0
71388,-86.5,-249.86,1041.39,10097.5,29207.5,64767.5
71416,2.44,-253.88,1043.1,4340.0,24990.0,29452.5
71445,90.52,-255.96,1048.47,8347.5,18725.0,-16415.0
71474,154.94,-258.4,1047.61,14647.5,3045.0,-53392.5
71503,189.1,-264.37,1037.85,4182.5,-16152.5,-78452.5
71532,191.78,-271.82,1040.17,-4970.0,-22102.5,-93887.5
71561,162.26,-274.13,1047.61,297.5,-3062.5,-97282.5
71590,94.92,-269.86,1047.74,3535.0,4270.0,-85680.0
71618,-12.32,-259.13,1044.32,13002.5,-2782.5,-48615.0
71647,-130.05,-244.98,1034.56,11707.5,13072.5,8120.0
71675,-222.41,-233.14,1015.89,7122.5,27300.0,52360.0
71704,-281.33,-228.38,993.32,-13037.5,15155.0,84630.0
71732,-304.02,-233.26,987.96,-23310.0,-9607.5,105682.5
71761,-290.85,-246.68,1006.38,-7455.0,-2152.5,109042.5
71789,-246.07,-262.3,1029.8,2362.5,51485.0,98752.5
71818,-167.14,-271.94,1047.13,9957.5,71487.5,71032.5
71847,-64.9,-273.04,1068.48,2905.0,44712.5,22452.5
71876,28.43,-271.21,1097.02,14367.5,11340.0,-32900.0
71905,86.38,-272.55,1114.47,37257.5,-15452.5,-69195.0
71933,109.56,-279.01,1108.98,38220.0,-22417.5,-90230.0
71962,102.85,-284.99,1094.83,16992.5,-31290.0,-105647.5
71990,59.78,-284.99,1087.51,13125.0,-38185.0,-107275.0
72019,-25.99,-279.87,1081.29,17622.5,-38220.0,-88882.5
72047,-146.89,-269.62,1064.82,14280.0,-28070.0,-47775.0
72076,-268.89,-254.61,1039.68,4585.0,-7035.0,7087.5
72105,-360.88,-243.02,1010.89,1120.0,14087.5,57015.0
72134,-418.7,-242.54,981.0,-15050.0,24080.0,91140.0
72163,-446.4,-254.74,965.51,-34387.5,31902.5,114747.5
72191,-428.22,-274.99,974.9,-47390.0,30625.0,124355.0
72220,-351.97,-290.85,1010.89,-31412.5,12862.5,97230.0
72248,-232.29,-292.92,1065.79,-7980.0,22995.0,51415.0
72277,-103.21,-284.99,1116.91,22225.0,11935.0,-12600.0
72305,-4.64,-277.92,1141.43,50400.0,-22557.5,-67585.0
72334,45.51,-280.23,1129.84,48282.5,-38360.0,-100275.0
72362,48.92,-288.77,1102.15,9660.0,-29260.0,-115727.5
72391,-1.59,-298.17,1080.55,-7735.0,-50522.5,-116217.5
72419,-110.9,-305.49,1077.02,-13772.5,-64925.0,-75827.5
72448,-249.61,-304.39,1080.92,5092.5,-15225.0,-17185.0
72477,-368.07,-295.0,1066.77,17272.5,19022.5,45990.0
72505,-441.15,-288.53,1035.29,5355.0,33005.0,92260.0
72534,-467.99,-294.02,1008.21,-22015.0,32830.0,120802.5
72562,-442.25,-308.9,1006.38,-39812.5,36207.5,128975.0
72591,-356.61,-320.86,1039.81,-42315.0,31395.0,105367.5
72619,-222.28,-320.13,1105.44,-12005.0,17937.5,53042.5
72648,-80.03,-311.59,1167.3,38220.0,12075.0,-21245.0
72677,21.23,-306.83,1187.06,65082.5,-21420.0,-80062.5
72706,73.2,-313.05,1163.88,45220.0,-36540.0,-116987.5
72735,73.93,-327.69,1126.79,-2467.5,-43645.0,-145250.0
72763,2.07,-342.09,1117.52,-28857.5,-74147.5,-125440.0
72792,-130.91,-350.63,1129.96,8260.0,-47512.5,-73360.0
72820,-282.31,-348.07,1120.2,30240.0,-1592.5,-315.0
72849,-400.65,-338.79,1086.29,12372.5,30362.5,71015.0
72877,-466.77,-337.45,1042.0,-3027.5,24675.0,118142.5
72906,-480.07,-352.82,1009.92,-44747.5,15277.5,153860.0
72934,-420.05,-376.61,1020.04,-57085.0,35280.0,144375.0
72963,-290.24,-391.01,1069.7,-37082.5,24902.5,91647.5
72992,-120.54,-391.86,1138.99,-332.5,24570.0,17937.5
73020,26.96,-391.62,1188.28,49647.5,3307.5,-73710.0
73049,103.7,-401.01,1187.18,65345.0,-37345.0,-125317.5
73077,116.39,-415.78,1151.19,26320.0,-26407.5,-152757.5
73106,55.39,-428.34,1122.16,-19092.5,-36330.0,-149992.5
73134,-81.01,-432.37,1121.67,-9555.0,-57557.5,-93642.5
73163,-244.12,-423.34,1120.08,23117.5,-10360.0,-13020.0
73191,-372.1,-409.07,1093.61,19722.5,33372.5,66150.0
73220,-442.49,-402.6,1052.13,735.0,38727.5,115307.5
73249,-459.82,-411.26,1022.6,-38080.0,31202.5,144672.5
73278,-410.9,-429.32,1033.34,-59727.5,41440.0,143937.5
73307,-298.05,-440.91,1085.56,-39602.5,19600.0,95585.0
73335,-149.33,-439.93,1155.83,12687.5,3237.5,31832.5
73364,-6.83,-437.25,1199.5,67007.5,8225.0,-57540.0
73393,83.2,-440.66,1186.57,61302.5,-38797.5,-119525.0
73422,108.09,-448.96,1146.43,9327.5,-48527.5,-148540.0
73450,59.54,-456.16,1126.55,-16187.5,-41300.0,-152162.5
73479,-60.15,-452.01,1134.11,-3955.0,-59937.5,-98927.5
73507,-210.08,-436.27,1139.85,18130.0,-26530.0,-22540.0
73536,-336.84,-416.26,1122.89,11585.0,32427.5,49682.5
73565,-415.04,-401.01,1084.82,3150.0,45605.0,95200.0
73593,-453.47,-401.62,1045.42,-23415.0,34265.0,131565.0
73622,-442.62,-418.95,1036.88,-46777.5,49297.5,147315.0
73650,-364.54,-436.88,1070.06,-40827.5,45412.5,119210.0
73679,-231.19,-441.03,1132.65,-20615.0,22155.0,59517.5
73707,-86.38,-434.2,1195.36,20422.5,9397.5,-19285.0
73736,18.3,-427.0,1215.97,53480.0,-21402.5,-83667.5
73764,66.25,-423.83,1186.21,37537.5,-44905.0,-119262.5
73793,59.78,-425.9,1145.58,-945.0,-27930.0,-138197.5
73822,-27.94,-428.71,1126.91,-7000.0,-55405.0,-126507.5
73851,-181.78,-424.32,1129.35,2240.0,-65205.0,-49787.5
73880,-327.45,-411.87,1126.18,12845.0,8330.0,29960.0
73908,-417.12,-398.45,1102.39,11025.0,56210.0,86870.0
73937,-444.93,-393.33,1070.06,-8715.0,58292.5,113557.5
73965,-420.9,-396.01,1058.35,-40512.5,55107.5,118842.5
73994,-345.02,-398.33,1088.85,-43242.5,38745.0,97790.0
74022,-230.95,-393.94,1149.97,-16485.0,14087.5,43855.0
74051,-116.02,-384.67,1209.75,27072.5,2905.0,-17972.5
74080,-30.26,-378.08,1232.2,58082.5,-25795.0,-69072.5
74109,13.3,-378.2,1211.58,48352.5,-49105.0,-103442.5
74138,16.47,-381.13,1172.42,20352.5,-40040.0,-120662.5
74166,-35.62,-382.23,1140.09,-297.5,-63157.5,-119875.0
74195,-148.11,-377.71,1130.7,-19355.0,-74567.5,-71155.0
74223,-277.67,-363.19,1137.77,-9817.5,-15592.5,-8260.0
74252,-377.22,-342.09,1134.72,17902.5,34825.0,48615.0
74280,-435.54,-324.89,1108.74,22575.0,49420.0,90702.5
74309,-453.6,-317.69,1080.43,-8417.5,54810.0,120050.0
74337,-427.49,-318.3,1071.89,-29452.5,59990.0,121887.5
74366,-356.97,-319.64,1090.8,-32865.0,43522.5,99522.5
74395,-252.3,-315.49,1126.67,-12477.5,17587.5,49945.0
74423,-141.28,-306.83,1159.24,1855.0,4147.5,-10062.5
74452,-54.9,-301.22,1180.72,9817.5,-17290.0,-64067.5
74480,-9.88,-303.17,1189.74,15085.0,-36032.5,-97720.0
74509,-4.03,-309.03,1185.84,18987.5,-33757.5,-116077.5
74537,-42.33,-312.32,1174.13,18760.0,-54460.0,-119262.5
74566,-136.15,-310.0,1159.0,22137.5,-63035.0,-94850.0
74594,-258.15,-299.27,1140.09,14577.5,-17797.5,-27387.5
74623,-353.8,-281.21,1115.69,10587.5,38692.5,27825.0
74652,-410.53,-263.76,1082.63,3412.5,33057.5,60865.0
74680,-444.32,-253.76,1051.88,-21945.0,30082.5,82897.5
74709,-452.86,-253.03,1039.81,-39795.0,39322.5,102847.5
74737,-426.27,-258.4,1049.69,-37922.5,33967.5,103722.5
74766,-364.78,-262.79,1072.38,-25882.5,20527.5,89985.0
74794,-258.88,-263.52,1107.64,-25200.0,35752.5,59255.0
74823,-134.2,-264.01,1145.34,-7437.5,2082.5,-25270.0
74851,-53.19,-267.06,1168.27,8067.5,-45167.5,-85697.5
74880,-23.79,-274.99,1166.2,28805.0,-27317.5,-106190.0
74908,-32.57,-283.53,1137.41,11305.0,-29470.0,-115535.0
74937,-86.86,-286.7,1114.59,-18445.0,-44485.0,-103687.5
74965,-184.46,-283.16,1108.98,-1470.0,-31762.5,-64592.5
74993,-290.48,-272.3,1101.17,8872.5,6247.5,1470.0
75022,-363.93,-257.3,1086.29,9415.0,26845.0,46130.0
75050,-401.14,-243.76,1065.06,3657.5,24447.5,68285.0
75079,-413.34,-237.17,1047.25,-18830.0,25007.5,88550.0
75107,-397.35,-238.75,1049.44,-27335.0,22365.0,94517.5
75136,-351.48,-243.63,1063.47,-11130.0,20352.5,79362.5
75164,-277.06,-249.25,1076.41,-11462.5,9975.0,53847.5
75193,-183.73,-254.49,1093.0,-13247.5,6545.0,4375.0
75222,-103.21,-258.4,1107.52,140.0,-10325.0,-47040.0
75250,-57.1,-263.64,1109.22,10307.5,-23467.5,-76247.5
75279,-42.58,-269.01,1098.61,6247.5,-16012.5,-92277.5
75307,-61.49,-269.5,1089.95,1032.5,-14472.5,-97895.0
75336,-120.66,-265.72,1089.22,10832.5,-22067.5,-81637.5
75364,-214.23,-258.88,1083.24,16345.0,-13877.5,-44275.0
75393,-314.15,-247.29,1072.14,12810.0,6037.5,8645.0
75422,-388.45,-235.22,1055.91,18690.0,26127.5,54985.0
75451,-426.02,-230.21,1030.66,3867.5,30380.0,84577.5
75480,-432.12,-234.12,1016.75,-17500.0,24465.0,99452.5
75508,-405.65,-244.37,1023.09,-17745.0,31762.5,100240.0
75537,-343.06,-255.59,1039.2,-13405.0,26967.5,75495.0
75565,-254.98,-262.54,1061.52,-13317.5,17815.0,36837.5
75594,-160.55,-265.23,1089.7,-3430.0,12530.0,-13125.0
75622,-85.64,-266.69,1105.56,17080.0,-16870.0,-64120.0
75651,-47.82,-270.6,1101.17,16695.0,-28542.5,-89057.5
75679,-45.63,-275.6,1086.9,10675.0,-17885.0,-101710.0
75708,-82.96,-276.45,1077.75,-3045.0,-29050.0,-102952.5
75736,-171.17,-272.18,1078.72,13177.5,-29400.0,-82950.0
75764,-287.8,-261.57,1073.11,26582.5,6632.5,-27107.5
75793,-387.23,-246.2,1050.42,26985.0,26477.5,24307.5
75821,-452.38,-233.14,1012.72,9397.5,23362.5,62247.5
75850,-489.59,-231.68,979.29,-21577.5,17010.0,91070.0
75878,-496.54,-245.34,969.05,-40197.5,15732.5,110967.5
75907,-458.96,-265.72,986.74,-42000.0,18270.0,109025.0
75935,-380.88,-279.14,1021.63,-20527.5,12967.5,78277.5
75964,-271.21,-281.58,1061.89,-6615.0,22032.5,38675.0
75993,-154.7,-278.65,1100.56,13597.5,1417.5,-27877.5
76022,-68.56,-278.89,1116.54,38062.5,-26792.5,-78260.0
76051,-21.72,-287.68,1105.32,29260.0,-37135.0,-112542.5
76079,-19.64,-300.61,1088.12,10447.5,-40372.5,-128152.5
76108,-64.78,-311.1,1083.6,-1837.5,-36015.0,-121730.0
76136,-165.68,-317.32,1086.04,12022.5,-35192.5,-97597.5
76165,-309.39,-315.98,1081.9,13842.5,-18987.5,-30695.0
76193,-434.44,-307.32,1068.6,17412.5,28910.0,44502.5
76222,-502.52,-299.39,1036.27,12670.0,36925.0,88165.0
76251,-525.82,-300.12,1000.28,-24027.5,27247.5,111335.0
76280,-509.84,-311.47,992.35,-43592.5,19477.5,123130.0
76309,-444.57,-325.98,1016.75,-36295.0,15802.5,112227.5
76337,-329.16,-332.82,1057.86,-21332.5,20422.5,70962.5
76366,-195.57,-331.72,1098.61,-2782.5,10062.5,2537.5
76394,-87.72,-330.5,1122.03,23205.0,-5862.5,-56262.5
76423,-18.67,-337.94,1118.98,26635.0,-27562.5,-99295.0
76451,9.64,-353.43,1101.17,11497.5,-33232.5,-126402.5
76480,-10.25,-366.98,1088.85,-4690.0,-35332.5,-130550.0
76508,-86.62,-376.74,1086.04,-3115.0,-35000.0,-116287.5
76537,-217.28,-380.64,1087.87,2887.5,-29925.0,-61862.5
76566,-350.14,-374.05,1084.58,11637.5,12320.0,13527.5
76594,-437.49,-361.85,1065.06,13562.5,23432.5,64435.0
76623,-480.44,-354.53,1035.29,-3115.0,26530.0,95952.5
76651,-493.86,-357.7,1013.09,-23625.0,16940.0,112962.5
76680,-479.95,-371.61,1011.38,-31517.5,23152.5,125265.0
76708,-423.83,-388.69,1027.36,-30082.5,16992.5,119980.0
76737,-320.86,-397.96,1054.32,-24552.5,24710.0,81532.5
76765,-199.84,-397.35,1087.26,-18025.0,10675.0,21787.5
76794,-105.65,-394.43,1124.47,6510.0,3185.0,-32165.0
76823,-44.16,-394.79,1137.04,49367.5,-665.0,-68127.5
76851,-6.59,-399.92,1115.08,26757.5,-19425.0,-98297.5
76880,1.34,-407.24,1099.71,-87.5,-24377.5,-115587.5
76908,-25.13,-411.63,1100.2,11252.5,-27737.5,-117285.0
76937,-89.3,-411.02,1096.54,19005.0,-26460.0,-107100.0
76965,-199.96,-403.21,1084.7,13475.0,-27282.5,-71382.5
76994,-330.86,-389.55,1075.31,14052.5,-2765.0,945.0
77023,-433.22,-376.0,1058.96,22855.0,28665.0,61250.0
77052,-495.93,-368.81,1028.34,10640.0,28437.5,100712.5
77080,-521.18,-373.32,1002.96,-11480.0,27317.5,125335.0
77109,-502.52,-388.94,1001.86,-31482.5,34142.5,136972.5
77138,-428.22,-406.63,1035.78,-32445.0,28052.5,126262.5
77166,-304.02,-414.43,1090.07,-2380.0,27265.0,73220.0
77195,-165.68,-410.29,1132.77,22732.5,25585.0,1802.5
77223,-54.66,-404.31,1143.38,41457.5,-12180.0,-65817.5
77252,9.88,-406.87,1124.96,23502.5,-40162.5,-110827.5
77280,25.74,-418.09,1104.83,-7087.5,-36715.0,-133822.5
77309,-10.49,-430.66,1104.22,-11532.5,-43347.5,-134680.0
77337,-101.63,-436.52,1111.05,8382.5,-38955.0,-107625.0
77366,-229.85,-427.12,1107.52,12460.0,-16852.5,-54092.5
77394,-349.41,-402.11,1091.05,18480.0,9415.0,7052.5
77422,-433.1,-374.42,1057.86,12162.5,20422.5,55825.0
77451,-484.1,-356.36,1020.53,-13545.0,23240.0,88532.5
77479,-508.01,-354.78,998.08,-32235.0,16187.5,113995.0
77508,-500.69,-368.56,994.18,-39392.5,19775.0,127610.0
77536,-453.11,-389.55,1012.97,-35980.0,1977.5,124250.0
77565,-356.24,-406.87,1050.3,-20527.5,9747.5,101990.0
77593,-219.11,-413.09,1097.39,-12215.0,19617.5,35857.5
77622,-94.43,-412.12,1139.24,23870.0,140.0,-42612.5
77651,-18.54,-411.99,1149.0,55440.0,-5162.5,-87657.5
77679,20.5,-416.51,1120.08,37485.0,-25777.5,-118002.5
77708,18.06,-425.05,1085.8,-6667.5,-35805.0,-137865.0
77736,-37.82,-433.59,1073.84,-20335.0,-54670.0,-127102.5
77765,-137.49,-433.22,1084.34,-15522.5,-50295.0,-93380.0
77793,-263.03,-419.56,1099.46,14000.0,-3850.0,-34125.0
77822,-373.32,-399.43,1091.53,28805.0,26565.0,30625.0
77850,-446.64,-382.59,1060.42,16800.0,31342.5,74007.5
77879,-489.83,-379.05,1026.02,-9992.5,19512.5,110267.5
77907,-497.76,-390.28,1010.53,-29452.5,5915.0,128940.0
77936,-452.13,-407.24,1023.7,-32655.0,-7192.5,132720.0
77965,-337.7,-420.53,1069.33,-14175.0,-21542.5,100537.5
77993,-185.56,-424.19,1117.64,33075.0,90247.5,40547.5
78022,-55.39,-420.41,1136.55,49192.5,57505.0,-35717.5
78050,23.79,-417.61,1127.04,52255.0,-21175.0,-89355.0
78079,54.41,-421.14,1097.27,19180.0,-35472.5,-119017.5
78107,39.04,-429.2,1073.72,-21297.5,-38902.5,-132842.5
78136,-27.45,-434.44,1076.65,-25847.5,-69247.5,-122622.5
78164,-136.88,-428.95,1091.41,2450.0,-33215.0,-81602.5
78193,-259.37,-409.55,1089.22,18760.0,9065.0,-20002.5
78222,-361.24,-383.57,1065.79,17972.5,24622.5,35945.0
78250,-429.68,-362.71,1030.41,4410.0,36155.0,81497.5
78279,-463.6,-354.9,1001.99,-28385.0,32602.5,112035.0
78307,-460.06,-359.17,997.23,-43890.0,10570.0,120330.0
78336,-415.53,-370.51,1018.58,-29627.5,-20947.5,116462.5
78364,-329.77,-382.35,1056.4,4340.0,24307.5,83265.0
78393,-217.04,-385.03,1092.63,28910.0,73745.0,31727.5
78421,-112.73,-377.96,1115.2,35455.0,24780.0,-31552.5
78450,-45.14,-371.37,1119.96,31570.0,-35350.0,-71277.5
78479,-14.03,-372.83,1108.0,22277.5,-39917.5,-98192.5
78508,-19.28,-378.08,1091.66,2572.5,-42612.5,-113242.5
78537,-62.71,-376.0,1085.56,-7402.5,-57977.5,-105297.5
78565,-135.91,-363.8,1084.21,1365.0,-56857.5,-74200.0
78594,-229.24,-344.41,1077.63,-1050.0,-39060.0,-38237.5
78622,-322.81,-317.93,1072.01,-9170.0,-13492.5,8767.5
78651,-390.89,-291.09,1067.5,4445.0,-262.5,53900.0
78680,-427.85,-272.91,1057.01,12390.0,14752.5,82460.0
78709,-439.69,-265.72,1043.59,5810.0,25217.5,100047.5
78738,-416.87,-267.42,1038.22,-4217.5,4462.5,110215.0
78767,-354.53,-274.13,1046.27,-2887.5,-21717.5,96705.0
78796,-258.76,-281.58,1059.69,1645.0,2012.5,64715.0
78824,-133.22,-290.97,1072.01,9012.5,16537.5,15645.0
78853,-19.76,-303.54,1070.06,18585.0,-6492.5,-62072.5
78881,35.62,-314.88,1061.4,-2730.0,-45657.5,-98525.0
78910,42.7,-320.13,1067.74,-11602.5,-38045.0,-105927.5
78938,11.96,-316.59,1077.75,-5845.0,-4270.0,-111405.0
78967,-69.54,-300.61,1076.41,-4252.5,9205.0,-85015.0
78996,-183.73,-272.3,1070.18,-11935.0,-5915.0,-21700.0
79025,-287.68,-242.41,1066.16,-875.0,10360.0,35437.5
79054,-352.09,-223.5,1052.98,13842.5,34632.5,81235.0
79083,-372.22,-218.99,1035.29,-3972.5,21000.0,106225.0
79112,-359.17,-225.58,1035.29,-14962.5,-16957.5,115185.0
79140,-309.51,-239.61,1050.66,-11655.0,12792.5,102550.0
79169,-223.75,-254.37,1062.86,-892.5,31762.5,66867.5
79197,-117.73,-264.86,1068.6,3097.5,24657.5,28017.5
79226,-13.66,-272.67,1072.62,5687.5,7630.0,-25987.5
79255,59.29,-281.09,1072.38,8925.0,-18672.5,-72905.0
79284,89.3,-289.75,1071.89,3710.0,-34790.0,-93432.5
79313,86.74,-295.0,1073.97,5880.0,-30065.0,-104335.0
79342,52.83,-292.8,1072.62,3465.0,-24010.0,-105087.5
79371,-28.79,-277.18,1070.18,-1015.0,-13370.0,-83247.5
79399,-147.86,-247.9,1067.26,-8225.0,4322.5,-28542.5
79428,-259.74,-217.65,1062.62,-8732.5,18637.5,30957.5
79456,-329.4,-200.45,1050.05,9712.5,17150.0,72660.0
79485,-362.58,-196.42,1034.8,1592.5,-17080.0,101360.0
79513,-359.66,-204.23,1037.85,-8977.5,-10762.5,120557.5
79542,-315.13,-221.06,1052.98,157.5,24237.5,100415.0
79571,-236.07,-239.85,1060.3,6457.5,37957.5,78645.0
79600,-124.44,-257.91,1062.13,-2450.0,23467.5,38167.5
79629,-9.52,-272.55,1067.5,-2607.5,4287.5,-23240.0
79658,72.71,-285.11,1069.45,5530.0,-14437.5,-74077.5
79687,112.85,-297.8,1066.65,2800.0,-36750.0,-100625.0
79715,115.41,-307.44,1065.55,1662.5,-44660.0,-115535.0
79744,74.18,-307.2,1074.82,-840.0,-27615.0,-114695.0
79772,-19.89,-292.19,1078.24,10885.0,3710.0,-87867.5
79801,-142.98,-263.52,1065.91,87.5,-3272.5,-19022.5
79830,-248.51,-233.26,1061.77,-6475.0,2065.0,40215.0
79859,-306.95,-214.23,1061.89,8960.0,5985.0,76965.0
79888,-321.35,-207.16,1059.45,8102.5,8295.0,94710.0
79917,-302.44,-208.62,1058.84,8295.0,9765.0,99400.0
79946,-250.22,-217.65,1057.01,5407.5,8032.5,90125.0
79974,-160.06,-230.46,1055.79,-192.5,3255.0,62527.5
80003,-51.36,-239.73,1058.84,-2187.5,1995.0,15977.5
80031,50.51,-247.42,1061.16,-6650.0,12250.0,-39427.5
80060,119.56,-256.44,1056.03,-5057.5,-1435.0,-86590.0
80088,146.16,-264.62,1051.76,-3062.5,-22662.5,-95007.5
80117,142.13,-269.5,1055.54,-1855.0,-11970.0,-107712.5
80145,99.8,-266.57,1056.52,2047.5,-6947.5,-106050.0
80174,8.66,-251.44,1051.27,-3762.5,-7052.5,-76160.0
80203,-110.78,-226.19,1046.52,-13562.5,-3902.5,-16170.0
80232,-213.13,-202.28,1046.52,-2030.0,2905.0,36995.0
80261,-274.99,-186.66,1046.76,18550.0,6072.5,72415.0
80289,-293.04,-182.27,1044.93,11042.5,9275.0,93397.5
80318,-274.26,-185.32,1043.59,6685.0,8802.5,94727.5
80347,-219.6,-192.64,1043.34,-2485.0,9380.0,84210.0
80376,-126.27,-203.74,1043.1,-2607.5,4165.0,54460.0
80405,-17.69,-213.74,1045.66,-2572.5,-3272.5,4725.0
80434,78.08,-224.48,1046.76,-3185.0,2940.0,-44100.0
80463,137.86,-236.44,1044.32,-3657.5,-13387.5,-77140.0
80492,158.72,-247.17,1045.78,-1627.5,-8435.0,-92155.0
80521,144.45,-252.17,1047.13,1715.0,-8452.5,-100502.5
80549,86.86,-244.12,1045.54,1172.5,-6580.0,-86677.5
80578,-9.64,-223.99,1042.25,-997.5,-6107.5,-53182.5
80606,-116.75,-196.66,1038.95,-2152.5,542.5,-2170.0
80635,-203.25,-170.56,1038.22,1050.0,4602.5,39952.5
80664,-255.47,-154.45,1037.61,9642.5,8365.0,70787.5
80693,-270.11,-149.57,1035.78,6965.0,8470.0,88725.0
80722,-252.05,-152.87,1035.05,5057.5,8750.0,95410.0
80751,-201.67,-162.38,1036.39,-1907.5,8452.5,85137.5
80780,-112.97,-176.41,1037.61,-3185.0,5967.5,61092.5
80809,-1.34,-189.95,1039.32,-4200.0,-1155.0,5075.0
80838,97.11,-202.52,1038.71,-4095.0,-1382.5,-46655.0
80866,155.55,-216.79,1037.85,-7507.5,-18847.5,-79852.5
80895,172.02,-228.87,1041.51,-2450.0,-8330.0,-94272.5
80923,152.99,-232.65,1042.73,1890.0,-6965.0,-98140.0
80952,94.79,-224.24,1040.54,-3395.0,-7420.0,-83860.0
80981,-5.61,-202.76,1037.85,-9642.5,-6755.0,-50610.0
81010,-117.24,-174.95,1036.51,-11935.0,1907.5,6510.0
81039,-198.62,-154.09,1038.71,4095.0,8715.0,46322.5
81068,-244.12,-144.08,1038.46,13195.0,7735.0,74165.0
81097,-256.32,-143.96,1036.27,6055.0,6492.5,90702.5
81125,-238.63,-153.23,1036.63,6825.0,7700.0,94395.0
81154,-188.25,-168.6,1037.98,2065.0,9117.5,86012.5
81182,-99.8,-183.98,1037.12,-1487.5,2572.5,59045.0
81211,4.39,-194.1,1037.24,-2800.0,-4935.0,10517.5
81240,97.48,-202.4,1036.76,-4007.5,-3675.0,-38692.5
81269,158.84,-212.28,1036.15,-5985.0,-10045.0,-73832.5
81297,185.32,-222.89,1038.59,-315.0,-7017.5,-91577.5
81326,175.44,-228.87,1038.46,-140.0,-7262.5,-102760.0
81355,121.76,-223.38,1037.24,-4690.0,-7210.0,-90107.5
81384,21.47,-204.59,1036.02,-5022.5,-5705.0,-57627.5
81413,-94.06,-178.0,1035.17,-6282.5,1137.5,3132.5
81441,-179.71,-155.92,1036.39,2065.0,5652.5,42857.5
81470,-226.43,-143.35,1035.9,9537.5,6370.0,70577.5
81498,-238.02,-140.54,1034.19,4427.5,5337.5,83457.5
81527,-224.36,-145.3,1034.07,4357.5,5285.0,91805.0
81556,-177.02,-156.4,1033.34,1277.5,2660.0,88567.5
81585,-89.3,-171.41,1032.49,-1715.0,1155.0,55930.0
81614,6.71,-184.83,1031.63,-4130.0,-1785.0,6195.0
81643,85.28,-197.15,1030.17,-4515.0,-4812.5,-27737.5
81672,140.3,-209.6,1029.92,-5075.0,-5302.5,-57067.5
81700,172.14,-220.58,1030.9,-1155.0,-4637.5,-75950.0
81729,180.19,-225.21,1030.17,-1890.0,-5565.0,-90685.0
81757,152.74,-219.72,1030.05,-5425.0,-5565.0,-92767.5
81786,76.74,-204.47,1030.66,-3062.5,-4182.5,-81532.5
81814,-38.8,-179.22,1031.02,-6825.0,-1295.0,-29225.0
81843,-148.11,-153.6,1033.34,-822.5,3902.5,27107.5
81872,-219.48,-139.08,1034.68,16975.0,5425.0,66920.0
81901,-252.05,-137.37,1033.95,11672.5,6615.0,93607.5
81930,-249.49,-145.91,1033.83,7910.0,6580.0,105542.5
81959,-211.67,-160.8,1033.71,4567.5,7840.0,101360.0
81988,-127.49,-180.32,1034.07,1260.0,7752.5,83055.0
82016,-8.66,-199.84,1034.56,-402.5,4112.5,26757.5
82045,100.16,-215.7,1033.95,-5250.0,2957.5,-34230.0
82073,168.73,-228.63,1028.7,-5950.0,-8452.5,-77945.0
82102,193.86,-237.9,1030.41,-7402.5,-21105.0,-94115.0
82130,183.24,-241.68,1035.41,1732.5,-7297.5,-105087.5
82159,134.69,-236.92,1034.44,-1785.0,-6475.0,-95147.5
82188,40.02,-219.84,1034.68,-4270.0,-2782.5,-70402.5
82217,-82.35,-194.1,1034.32,-8312.5,2765.0,-8995.0
82246,-183.49,-172.87,1037.0,3115.0,7315.0,51520.0
82274,-235.95,-164.58,1039.44,17027.5,11042.5,87290.0
82303,-247.66,-168.48,1038.71,14840.0,13177.5,103687.5
82331,-217.65,-180.32,1038.34,9152.5,11987.5,110687.5
82360,-135.66,-195.2,1039.44,-2030.0,10132.5,83177.5
82388,-22.2,-206.18,1040.78,-3447.5,4847.5,34160.0
82417,84.91,-213.01,1040.54,-3955.0,-2450.0,-14175.0
82446,170.68,-225.21,1033.46,-13212.5,-15015.0,-67900.0
82475,215.82,-242.54,1036.27,-10482.5,-18620.0,-101605.0
82503,212.04,-256.2,1044.08,5197.5,-6020.0,-110932.5
82532,161.65,-259.86,1042.49,-4340.0,-7262.5,-114152.5
82561,36.72,-246.56,1042.12,-3692.5,-2852.5,-81305.0
82589,-114.19,-220.09,1040.54,-9607.5,5250.0,6125.0
82618,-218.38,-193.98,1041.27,3657.5,10465.0,60357.5
82646,-271.94,-181.29,1041.64,18252.5,11900.0,98560.0
82675,-275.72,-184.1,1040.17,9047.5,12267.5,117827.5
82703,-231.8,-196.66,1042.49,2345.0,12827.5,111457.5
82732,-140.3,-212.77,1047.13,-1662.5,16800.0,84000.0
82761,-18.06,-226.43,1051.88,-2327.5,13265.0,23520.0
82790,97.48,-238.39,1055.42,1610.0,4690.0,-37327.5
82819,182.51,-256.57,1050.42,122.5,-12040.0,-92977.5
82847,216.31,-275.72,1049.57,-4322.5,-43312.5,-123340.0
82876,192.03,-285.97,1057.74,997.5,-15155.0,-130077.5
82904,100.77,-285.6,1058.47,1785.0,-10832.5,-115902.5
82933,-44.41,-268.64,1054.32,-9170.0,-3097.5,-39812.5
82961,-171.29,-242.54,1052.13,-8960.0,5320.0,36050.0
82990,-246.93,-223.5,1052.13,7682.5,8137.5,74585.0
83019,-284.14,-217.16,1051.4,12180.0,10220.0,104842.5
83048,-287.55,-223.75,1051.4,7945.0,12372.5,116830.0
83077,-248.51,-239.36,1049.81,5425.0,14770.0,116532.5
83105,-152.5,-256.57,1046.03,-2380.0,-7035.0,86887.5
83134,-21.59,-265.23,1048.1,-5967.5,-9975.0,30292.5
83162,108.46,-269.38,1055.67,-1610.0,10132.5,-33285.0
83191,203.37,-278.4,1052.37,-3080.0,15470.0,-102060.0
83219,239.85,-290.36,1044.69,-3850.0,-20650.0,-118720.0
83248,230.09,-301.1,1046.52,-997.5,-16800.0,-127732.5
83276,161.53,-305.85,1048.96,-1732.5,-13090.0,-124145.0
83305,32.57,-297.31,1045.91,-9782.5,-6615.0,-69667.5
83334,-108.09,-276.94,1042.12,-20265.0,-1155.0,-980.0
83363,-216.79,-256.69,1046.03,2292.5,5932.5,54092.5
83392,-276.45,-245.95,1047.74,23502.5,10797.5,91752.5
83420,-293.53,-247.29,1045.17,10867.5,12582.5,109917.5
83449,-268.4,-255.71,1045.3,8120.0,11375.0,114975.0
83477,-193.98,-264.5,1045.3,-1942.5,12792.5,97300.0
83506,-73.93,-269.99,1047.98,-8050.0,6090.0,55510.0
83535,50.63,-273.04,1051.52,-4900.0,3272.5,-13230.0
83564,141.89,-280.84,1046.03,-3325.0,-6457.5,-62282.5
83593,190.56,-293.04,1047.86,-6720.0,-30555.0,-88410.0
83622,205.69,-304.27,1053.96,4287.5,-8295.0,-104790.0
83651,187.39,-308.66,1051.4,-140.0,-10307.5,-110757.5
83679,122.24,-301.1,1050.42,-3955.0,-7822.5,-96005.0
83708,6.95,-283.41,1048.1,-8487.5,-3587.5,-56105.0
83737,-125.78,-258.88,1045.17,-17062.5,2065.0,9835.0
83766,-223.5,-237.9,1047.37,1837.5,7087.5,63490.0
83795,-273.89,-229.36,1049.2,20947.5,10780.0,95427.5
83824,-285.48,-231.8,1047.25,11515.0,12372.5,109777.5
83852,-256.2,-242.78,1047.49,7472.5,13440.0,112105.0
83881,-181.05,-256.2,1047.25,945.0,12057.5,83912.5
83910,-66.49,-265.23,1047.74,-3885.0,612.5,46515.0
83938,50.63,-268.89,1053.1,-1260.0,-2975.0,-4445.0
83967,144.2,-274.13,1051.03,-980.0,-3657.5,-58432.5
83995,199.1,-281.09,1049.69,-4410.0,-15330.0,-93782.5
84024,210.33,-287.68,1053.59,6072.5,-11567.5,-108570.0
84052,184.22,-290.73,1051.88,-1767.5,-11917.5,-115885.0
84081,99.92,-283.77,1049.2,-6860.0,-8890.0,-99890.0
84110,-34.28,-265.23,1045.54,-17745.0,-3675.0,-40127.5
84139,-162.38,-241.07,1044.2,-18480.0,4497.5,23992.5
84168,-244.37,-222.53,1045.91,13912.5,10797.5,68967.5
84196,-279.75,-216.92,1044.44,15557.5,11620.0,95585.0
84225,-274.99,-223.02,1041.39,2397.5,8400.0,105227.5
84253,-226.19,-235.22,1041.27,-3622.5,6755.0,103320.0
84282,-132.0,-247.42,1041.88,-11392.5,5547.5,73535.0
84310,-18.3,-255.35,1044.32,-13387.5,-2310.0,23765.0
84339,88.45,-262.42,1045.3,-2187.5,-7332.5,-28875.0
84368,159.33,-270.11,1045.78,560.0,-10867.5,-78120.0
84397,188.25,-278.16,1046.88,8715.0,-9362.5,-96145.0
84426,185.2,-284.26,1046.27,5845.0,-9975.0,-108465.0
84455,147.62,-282.67,1045.54,4812.5,-9100.0,-99050.0
84484,67.34,-271.57,1043.71,-1260.0,-5635.0,-81987.5
84512,-51.0,-250.34,1041.76,-7525.0,1907.5,-29995.0
84541,-166.16,-224.97,1040.17,-7542.5,6965.0,24430.0
84569,-242.05,-207.64,1038.71,6282.5,5390.0,69440.0
84598,-273.52,-201.42,1037.73,6387.5,6615.0,91542.5
84627,-274.26,-206.3,1037.61,4917.5,7770.0,105192.5
84656,-242.29,-221.06,1037.73,1295.0,8645.0,109497.5
84685,-167.87,-237.66,1038.34,-5775.0,7630.0,85540.0
84714,-57.1,-248.39,1038.95,-7245.0,4497.5,48037.5
84743,59.54,-253.27,1039.93,-6685.0,-4497.5,-3325.0
84771,151.28,-258.15,1040.29,-1417.5,-8872.5,-60130.0
84800,199.35,-266.94,1041.15,6807.5,-9047.5,-94692.5
84828,202.89,-275.96,1041.64,7665.0,-10202.5,-110285.0
84857,164.94,-275.84,1039.68,-2905.0,-8627.5,-109060.0
84885,76.49,-262.67,1037.98,-9467.5,-5512.5,-80517.5
84914,-40.99,-240.83,1037.37,-15207.5,-3027.5,-24500.0
84942,-144.69,-217.53,1039.07,-3255.0,5232.5,24080.0
84971,-211.3,-200.08,1039.32,15645.0,7647.5,60917.5
85000,-242.78,-192.39,1037.49,9782.5,6457.5,82250.0
85029,-249.12,-193.98,1036.27,5547.5,7157.5,94045.0
85058,-224.85,-203.5,1036.02,-472.5,7017.5,102427.5
85086,-157.38,-215.94,1037.37,-6527.5,6545.0,88777.5
85115,-60.63,-226.31,1042.12,-10710.0,9677.5,49280.0
85143,35.26,-234.36,1052.62,-7280.0,10885.0,3097.5
85172,112.24,-242.54,1063.72,9380.0,3447.5,-38797.5
85201,166.16,-251.32,1067.5,17587.5,6650.0,-74497.5
85230,195.93,-258.15,1062.86,24937.5,12477.5,-96162.5
85259,197.15,-259.86,1047.98,22032.5,1627.5,-108290.0
85288,164.94,-255.22,1027.48,-4655.0,-20965.0,-108447.5
85316,83.94,-246.93,1011.87,-27300.0,-44537.5,-95130.0
85344,-47.34,-238.63,1015.77,-39165.0,-63770.0,-31045.0
85373,-178.12,-232.41,1044.32,-23275.0,-27580.0,35612.5
85401,-267.42,-232.53,1067.5,22680.0,28332.5,76930.0
85430,-315.86,-243.51,1058.23,36225.0,44747.5,115062.5
85458,-320.25,-265.35,1033.58,262.5,32865.0,141925.0
85487,-273.04,-292.68,1025.9,-29032.5,16100.0,142730.0
85515,-175.07,-317.93,1041.51,-33197.5,17.5,111440.0
85544,-38.55,-333.3,1069.21,-16695.0,1820.0,49367.5
85573,95.53,-339.65,1093.12,12267.5,14437.5,-25830.0
85602,186.05,-345.02,1099.71,40862.5,7700.0,-87150.0
85631,227.41,-356.73,1086.53,51642.5,6702.5,-115535.0
85659,230.58,-372.34,1065.91,39602.5,21455.0,-126595.0
85688,190.81,-382.59,1051.88,20877.5,-5582.5,-132107.5
85716,103.82,-384.3,1047.49,6352.5,-54250.0,-112157.5
85745,-18.18,-376.74,1046.03,-2257.5,-46515.0,-67830.0
85773,-151.04,-358.56,1049.32,-10762.5,-11357.5,-1225.0
85802,-265.11,-341.11,1055.3,8277.5,13212.5,64907.5
85831,-345.75,-338.67,1046.39,26022.5,24780.0,116410.0
85860,-389.06,-352.58,1022.36,6632.5,24832.5,159057.5
85889,-378.81,-380.27,1002.96,-19145.0,30695.0,185745.0
85917,-292.31,-413.58,1001.86,-39760.0,43662.5,162715.0
85946,-145.67,-433.47,1030.05,-46235.0,17937.5,83387.5
85974,9.39,-432.86,1081.04,-13930.0,-1085.0,-3692.5
86003,128.1,-425.78,1120.2,31815.0,-7455.0,-83842.5
86031,194.83,-429.07,1126.67,61547.5,-17115.0,-133052.5
86060,216.43,-442.13,1109.96,54232.5,-12075.0,-158637.5
86088,196.3,-457.26,1084.82,29627.5,-10290.0,-166162.5
86117,120.41,-469.21,1062.62,420.0,-41177.5,-158952.5
86146,-29.04,-470.55,1056.76,-28560.0,-60112.5,-89582.5
86175,-171.41,-457.5,1072.38,-36557.5,-15260.0,-3622.5
86204,-276.21,-439.32,1089.95,9607.5,7227.5,40967.5
86232,-365.15,-438.35,1093.0,26337.5,24342.5,113365.0
86261,-396.74,-449.33,1087.51,8067.5,53987.5,147035.0
86289,-366.24,-454.21,1073.36,9887.5,45710.0,151165.0
86318,-279.38,-451.4,1054.93,-9922.5,24832.5,131442.5
86346,-149.69,-436.39,1058.84,-32707.5,6282.5,77525.0
86375,-0.85,-409.68,1088.48,-19600.0,5005.0,1645.0
86404,124.81,-387.35,1114.96,15522.5,-7315.0,-81865.0
86433,189.47,-384.54,1116.79,25462.5,-22015.0,-128030.0
86461,191.78,-399.06,1104.59,4672.5,-13125.0,-142922.5
86489,122.0,-419.44,1100.44,-7595.0,-23397.5,-139720.0
86518,-26.72,-433.1,1113.01,1890.0,-60620.0,-82617.5
86546,-189.59,-427.73,1126.91,21525.0,-5477.5,9590.0
86575,-297.07,-413.58,1109.96,42122.5,43837.5,77052.5
86603,-349.9,-406.99,1058.96,14350.0,30660.0,120522.5
86632,-361.12,-411.14,1015.53,-38640.0,700.0,144882.5
86660,-326.11,-421.39,1007.84,-58100.0,7122.5,145652.5
86689,-239.12,-427.37,1027.97,-46287.5,18637.5,117460.0
86717,-114.92,-418.46,1063.72,-30380.0,5950.0,59920.0
86746,14.64,-395.77,1100.93,-1540.0,-7962.5,-3377.5
86775,130.17,-376.86,1120.2,27545.0,-6807.5,-62860.0
86803,211.55,-376.49,1111.3,39620.0,-7507.5,-119962.5
86832,230.58,-389.42,1086.29,17815.0,-21227.5,-147490.0
86860,171.78,-404.31,1070.67,-16607.5,-37362.5,-144917.5
86889,31.72,-413.82,1081.16,-26337.5,-74970.0,-92137.5
86917,-136.15,-413.09,1115.32,-4917.5,-41527.5,4357.5
86946,-256.08,-408.58,1133.99,45167.5,49840.0,78645.0
86974,-306.95,-409.19,1101.9,51590.0,89460.0,126577.5
87003,-291.82,-415.17,1053.59,-13457.5,57575.0,140787.5
87031,-217.4,-418.58,1048.71,-67112.5,3132.5,116130.0
87060,-100.77,-410.65,1096.29,-44240.0,-19792.5,63385.0
87089,33.31,-391.62,1151.19,19355.0,5320.0,-4060.0
87118,149.94,-374.54,1173.4,56700.0,12390.0,-72852.5
87147,221.55,-369.9,1159.0,55055.0,-3517.5,-118580.0
87175,237.41,-377.35,1121.42,23765.0,4270.0,-143342.5
87204,185.81,-383.08,1087.26,-13492.5,7227.5,-128590.0
87232,82.11,-382.59,1075.8,-31797.5,-14017.5,-71872.5
87261,-39.04,-378.32,1082.26,-19162.5,-23887.5,-28595.0
87289,-158.11,-367.22,1083.12,15137.5,-26162.5,19302.5
87318,-252.78,-357.95,1060.42,26162.5,-2327.5,73517.5
87347,-310.86,-359.05,1022.36,4462.5,15050.0,112822.5
87375,-328.18,-369.66,990.15,-27720.0,5512.5,134382.5
87404,-290.6,-382.84,980.39,-49052.5,-4655.0,130725.0
87432,-199.96,-387.47,1003.69,-45412.5,-7070.0,95217.5
87461,-75.88,-378.81,1051.27,-14577.5,6002.5,44380.0
87489,61.37,-363.44,1096.54,19425.0,16432.5,-19372.5
87518,181.78,-355.63,1120.94,36907.5,-6562.5,-85225.0
87547,250.59,-364.78,1121.42,40197.5,-18130.0,-132562.5
87576,247.66,-382.71,1100.81,34580.0,140.0,-152092.5
87605,163.24,-395.04,1068.11,19145.0,-1575.0,-138827.5
87633,9.15,-398.57,1040.54,-3500.0,-34247.5,-68845.0
87662,-154.7,-391.99,1030.66,-21210.0,-23852.5,21402.5
87690,-268.03,-382.47,1023.09,385.0,5530.0,84717.5
87719,-326.72,-383.57,994.79,9397.5,11497.5,120925.0
87747,-339.65,-396.38,963.68,-26040.0,-210.0,143080.0
87776,-292.19,-413.21,962.46,-49507.5,3237.5,142152.5
87804,-186.05,-423.34,996.25,-38885.0,3552.5,97562.5
87833,-41.24,-421.02,1052.01,-8627.5,14087.5,41877.5
87862,118.95,-415.78,1108.0,28262.5,39970.0,-36032.5
87891,248.39,-422.85,1140.58,63945.0,25462.5,-114222.5
87920,305.85,-449.94,1134.6,87080.0,-12757.5,-163275.0
87948,273.52,-484.1,1093.61,69125.0,-560.0,-179847.5
87977,142.01,-507.28,1040.42,21910.0,7070.0,-146422.5
88005,-55.39,-506.06,1010.53,-17552.5,-36137.5,-50207.5
88034,-233.02,-485.56,1002.72,70.0,-27055.0,56560.0
88063,-334.52,-471.41,972.34,24867.5,10202.5,116777.5
88092,-372.22,-472.99,921.1,-24220.0,15417.5,147192.5
88120,-355.02,-487.02,896.33,-81217.5,-20107.5,161665.0
88149,-270.11,-502.64,917.2,-90457.5,-27650.0,132947.5
88177,-131.03,-505.81,970.63,-53445.0,-16625.0,81025.0
88205,39.53,-500.57,1030.05,1977.5,20107.5,10500.0
88234,189.34,-501.05,1067.5,44310.0,19197.5,-92960.0
88262,263.76,-515.57,1075.19,61687.5,-13090.0,-146212.5
88291,265.47,-537.78,1058.23,53620.0,7945.0,-165235.0
88319,198.98,-550.59,1031.02,23012.5,3640.0,-163187.5
88348,59.29,-544.73,1016.02,2485.0,-51327.5,-110337.5
88377,-108.82,-523.62,1017.11,-927.5,-47145.0,-13755.0
88406,-235.95,-499.47,1015.65,11952.5,13475.0,67882.5
88435,-305.12,-486.29,993.08,12635.0,46567.5,117110.0
88463,-329.64,-487.63,961.6,-23590.0,29557.5,144130.0
88492,-299.75,-497.52,950.62,-53585.0,13387.5,150587.5
88520,-199.59,-504.96,975.76,-56577.5,13247.5,116742.5
88549,-47.46,-500.08,1031.14,-25917.5,26670.0,42490.0
88577,111.39,-487.51,1087.14,29435.0,38482.5,-46532.5
88606,229.73,-485.44,1111.91,68267.5,18585.0,-122605.0
88634,277.79,-504.35,1100.68,69195.0,-10605.0,-165165.0
88663,241.8,-530.46,1074.45,26547.5,-16275.0,-175297.5
88691,114.19,-543.27,1056.03,-4585.0,-55615.0,-140332.5
88719,-67.1,-536.31,1055.91,-8680.0,-83037.5,-38587.5
88748,-217.89,-517.4,1065.06,9450.0,4340.0,54145.0
88776,-304.51,-502.27,1051.88,26355.0,73080.0,113540.0
88805,-338.06,-499.1,1011.62,140.0,58012.5,141785.0
88833,-317.69,-505.45,980.76,-43680.0,3377.5,145320.0
88862,-228.87,-512.16,996.13,-66325.0,-18620.0,123077.5
88890,-81.98,-506.18,1055.79,-36610.0,245.0,52220.0
88919,69.91,-488.85,1114.1,22960.0,15872.5,-32567.5
88948,179.95,-476.53,1134.36,53987.5,-8575.0,-104335.0
88977,223.26,-478.0,1116.3,49367.5,-20492.5,-146055.0
89005,191.3,-480.31,1083.85,13807.5,-3640.0,-149415.0
89033,78.2,-474.82,1056.15,-8575.0,-31762.5,-104265.0
89062,-78.57,-467.14,1046.76,-24535.0,-66010.0,-14192.5
89090,-212.65,-457.5,1056.52,-17237.5,-31780.0,53480.0
89119,-298.41,-452.38,1051.03,18882.5,8505.0,102935.0
89147,-333.79,-459.21,1017.11,7087.5,16257.5,135870.0
89176,-301.83,-472.87,988.2,-31885.0,3972.5,148330.0
89205,-182.39,-482.02,1001.99,-59850.0,-14717.5,114257.5
89234,-1.59,-478.24,1057.74,-25322.5,-12250.0,32795.0
89263,166.77,-468.11,1104.34,38535.0,12530.0,-63140.0
89291,263.52,-468.36,1109.59,60322.5,-11970.0,-126297.5
89320,283.16,-477.14,1095.44,36155.0,-6842.5,-146702.5
89348,243.15,-482.63,1074.33,33180.0,13597.5,-150850.0
89377,132.98,-481.17,1035.78,21227.5,-29417.5,-114135.0
89405,-25.38,-472.26,1011.87,-42962.5,-52535.0,-17325.0
89434,-161.53,-463.48,1026.63,-40005.0,-7385.0,65537.5
89462,-241.07,-462.5,1036.76,11952.5,39462.5,112472.5
89491,-266.57,-470.43,1021.38,3465.0,52237.5,134032.5
89520,-233.39,-479.7,1011.26,-26635.0,49682.5,138775.0
89549,-132.49,-481.17,1033.58,-51047.5,33092.5,104072.5
89577,7.93,-471.77,1089.95,-32655.0,12740.0,35857.5
89605,140.3,-456.4,1143.99,31412.5,21000.0,-39655.0
89634,232.41,-446.76,1154.0,73115.0,4847.5,-102287.5
89662,268.77,-444.93,1121.91,61267.5,-13860.0,-137392.5
89691,245.95,-445.06,1077.63,13580.0,-5407.5,-140875.0
89719,149.57,-447.13,1047.25,-21595.0,-41230.0,-115255.0
89748,-2.68,-449.2,1053.59,-34475.0,-96740.0,-30625.0
89776,-139.69,-445.54,1082.63,10692.5,-33197.5,47250.0
89805,-224.48,-439.81,1087.26,39200.0,42297.5,100170.0
89834,-259.86,-439.32,1057.37,29802.5,46235.0,127050.0
89862,-253.52,-442.98,1022.85,-19320.0,11445.0,130987.5
89891,-192.39,-447.25,1023.21,-48037.5,1085.0,122570.0
89919,-70.52,-446.89,1060.79,-34107.5,11287.5,65677.5
89948,74.18,-438.35,1106.78,10255.0,15015.0,-11795.0
89976,197.88,-432.86,1127.16,47005.0,8925.0,-87622.5
90005,264.01,-439.81,1106.78,48510.0,-2677.5,-147297.5
90033,251.56,-453.11,1073.6,4952.5,-700.0,-160230.0
90062,159.82,-462.01,1059.2,-26810.0,-30292.5,-140315.0
90090,11.71,-457.99,1074.33,-13370.0,-86625.0,-69212.5
90119,-133.22,-441.76,1100.68,22260.0,-29190.0,13772.5
90148,-229.6,-425.05,1099.22,43382.5,47442.5,78120.0
90176,-277.67,-418.95,1064.82,21805.0,51012.5,122202.5
90205,-273.89,-423.46,1031.02,-23940.0,30520.0,146055.0
90233,-201.06,-432.12,1032.73,-54442.5,28945.0,130217.5
90262,-71.49,-435.54,1074.58,-30695.0,24027.5,61005.0
90290,66.37,-431.39,1119.84,24832.5,24797.5,-22032.5
90319,167.02,-428.22,1132.16,50312.5,10762.5,-88462.5
90348,207.16,-432.12,1111.54,39795.0,-13300.0,-125422.5
90377,186.54,-436.27,1083.48,-4340.0,-19827.5,-129867.5
90405,103.33,-434.93,1070.92,-34440.0,-62457.5,-120592.5
90433,-40.5,-427.24,1087.26,-28000.0,-101535.0,-61897.5
90461,-187.76,-411.14,1117.76,21927.5,-14122.5,28490.0
90489,-275.96,-396.99,1113.74,48475.0,86572.5,96915.0
90518,-299.14,-392.23,1071.65,15610.0,61827.5,132212.5
90546,-275.6,-396.01,1040.54,-40197.5,-11725.0,129605.0
90575,-210.21,-405.28,1049.32,-51555.0,-22820.0,112805.0
90603,-103.82,-414.56,1082.26,-15137.5,1575.0,63857.5
90632,23.18,-418.7,1114.84,17675.0,22627.5,-4865.0
90661,132.25,-418.46,1128.99,41142.5,16730.0,-75442.5
90690,193.13,-418.46,1116.3,46917.5,-7420.0,-121695.0
90719,201.06,-419.56,1086.17,20965.0,2450.0,-142012.5
90747,142.86,-418.34,1061.52,-16502.5,-10062.5,-136255.0
90776,21.96,-410.41,1061.77,-20667.5,-50435.0,-79765.0
90804,-119.44,-396.87,1071.89,11410.0,-17482.5,-5897.5
90833,-235.22,-380.88,1069.7,14560.0,33092.5,61320.0
90861,-302.19,-367.71,1049.93,17255.0,45657.5,97825.0
90890,-332.57,-364.05,1017.24,-5600.0,17762.5,113032.5
90918,-323.67,-370.15,993.81,-50470.0,-14507.5,137865.0
90947,-247.42,-384.06,1014.92,-60200.0,-53532.5,114152.5
90975,-130.91,-394.43,1064.69,7017.5,8470.0,51747.5
91003,-12.2,-394.3,1093.12,37555.0,54460.0,1102.5
91032,87.11,-388.94,1092.02,40635.0,1487.5,-59272.5
91060,140.54,-383.81,1071.65,25287.5,-30695.0,-94692.5
91089,152.01,-380.88,1044.56,-1610.0,-7035.0,-105735.0
91117,132.61,-376.86,1026.51,-30607.5,-945.0,-108447.5
91146,69.05,-370.03,1027.73,-37835.0,-45587.5,-104632.5
91174,-43.31,-357.46,1049.44,-16467.5,-66552.5,-59132.5
91203,-165.07,-338.79,1070.67,14490.0,-5145.0,13632.5
91232,-253.27,-320.98,1072.75,21437.5,47442.5,72152.5
91261,-293.53,-311.34,1056.52,26110.0,35927.5,108692.5
91290,-289.38,-312.32,1033.83,140.0,11025.0,117407.5
91318,-238.75,-320.37,1028.7,-30502.5,560.0,105490.0
91347,-156.65,-328.3,1048.22,-21945.0,-4637.5,56560.0
91375,-73.2,-331.84,1069.57,12302.5,11147.5,18865.0
91404,4.76,-332.08,1072.62,22610.0,12267.5,-15977.5
91433,64.66,-331.35,1059.33,12530.0,-15295.0,-53200.0
91462,93.21,-331.6,1045.54,-9205.0,-29960.0,-69685.0
91491,98.09,-329.16,1047.13,-22697.5,-24640.0,-76072.5
91520,89.18,-322.81,1057.62,-8627.5,-16170.0,-84105.0
91549,62.34,-311.95,1062.86,-1050.0,-11900.0,-84875.0
91577,8.54,-293.41,1064.69,-2467.5,-20352.5,-70210.0
91606,-72.96,-269.01,1068.48,5617.5,-32655.0,-34755.0
91634,-161.53,-244.98,1076.41,12670.0,-20107.5,19075.0
91663,-226.07,-227.04,1081.65,19285.0,14122.5,59080.0
91691,-265.84,-218.38,1077.14,23450.0,11865.0,84840.0
91720,-287.92,-219.72,1070.79,17885.0,5215.0,109112.5
91749,-282.06,-231.56,1068.72,16432.5,18917.5,120592.5
91778,-240.1,-250.1,1066.52,17482.5,26582.5,117040.0
91807,-158.48,-270.6,1064.57,9310.0,21682.5,98875.0
91836,-47.21,-288.41,1070.18,5215.0,10605.0,54180.0
91865,62.71,-301.34,1080.68,17762.5,3762.5,-10097.5
91893,144.33,-309.88,1082.63,24867.5,5915.0,-62300.0
91922,197.03,-317.08,1072.87,15190.0,-227.5,-89110.0
91950,225.33,-325.01,1060.42,2642.5,-11112.5,-109340.0
91979,227.65,-330.74,1054.2,-11392.5,-12740.0,-122517.5
92007,203.01,-331.35,1057.62,-17675.0,-18690.0,-127277.5
92036,147.01,-324.89,1069.45,-16292.5,-31710.0,-119350.0
92064,33.43,-307.2,1091.05,-525.0,-47582.5,-89565.0
92093,-92.11,-279.14,1101.42,32532.5,-2205.0,-36662.5
92122,-192.03,-250.34,1090.44,28735.0,-962.5,22295.0
92150,-269.62,-227.9,1076.89,16082.5,15540.0,77070.0
92179,-308.54,-213.5,1057.01,18742.5,35140.0,99015.0
92207,-328.42,-210.21,1030.66,4567.5,28840.0,118282.5
92236,-332.82,-220.58,1010.77,-14682.5,33372.5,134907.5
92264,-306.1,-241.93,1006.01,-30030.0,45710.0,140017.5
92293,-241.07,-268.03,1014.55,-34982.5,35805.0,113837.5
92321,-152.01,-291.58,1038.59,-33897.5,4795.0,74410.0
92350,-53.07,-309.15,1074.7,-16467.5,9100.0,32935.0
92379,43.31,-321.47,1105.44,3447.5,17097.5,-14245.0
92407,116.39,-330.38,1121.91,13947.5,6020.0,-59990.0
92436,159.58,-339.65,1125.69,26670.0,-12460.0,-87605.0
92464,181.05,-348.92,1119.59,28700.0,-8837.5,-109812.5
92493,181.17,-355.63,1108.61,19127.5,-18025.0,-120207.5
92521,162.63,-359.29,1102.15,7542.5,-28612.5,-124792.5
92550,125.78,-358.56,1099.71,7157.5,-32777.5,-127085.0
92578,64.78,-351.36,1094.58,8400.0,-36277.5,-112577.5
92607,-19.03,-334.28,1088.0,717.5,-29505.0,-83037.5
92636,-116.75,-305.73,1087.26,-35.0,-19127.5,-36697.5
92665,-207.28,-271.21,1086.53,19932.5,11655.0,15470.0
92694,-274.01,-241.32,1068.84,23152.5,34265.0,55667.5
92722,-319.88,-221.67,1041.15,-1522.5,19355.0,85995.0
92751,-353.07,-214.11,1025.78,-20405.0,2240.0,107310.0
92779,-373.2,-218.87,1026.63,-12127.5,5547.5,126840.0
92808,-373.44,-235.46,1029.56,-2835.0,22890.0,137287.5
92836,-354.17,-260.96,1027.85,-7280.0,22365.0,139895.0
92865,-297.68,-290.24,1031.39,-22977.5,16135.0,135047.5
92893,-205.81,-314.27,1045.42,-18812.5,6037.5,89145.0
92922,-104.19,-329.64,1064.45,-5757.5,332.5,46900.0
92951,1.1,-340.14,1080.68,3132.5,13195.0,2975.0
92980,94.31,-348.31,1090.68,7210.0,7892.5,-45902.5
93009,158.6,-356.85,1093.97,14000.0,-3640.0,-83230.0
93037,197.03,-368.93,1092.63,19337.5,1662.5,-108535.0
93066,212.65,-384.3,1088.48,18952.5,3377.5,-129430.0
93094,201.79,-398.33,1084.21,11725.0,-8470.0,-144287.5
93123,162.99,-404.67,1083.85,7787.5,-22207.5,-144882.5
93151,100.04,-401.38,1083.97,14665.0,-19250.0,-125247.5
93180,18.42,-388.2,1076.16,14997.5,-11987.5,-98682.5
93209,-84.55,-362.34,1066.77,525.0,-25270.0,-61827.5
93237,-197.64,-326.72,1064.57,11725.0,-28105.0,-8225.0
93266,-291.82,-292.43,1053.59,28665.0,12355.0,50330.0
93294,-354.04,-269.25,1024.07,13580.0,35105.0,91157.5
93323,-391.13,-259.86,994.79,-17080.0,13842.5,116812.5
93351,-411.02,-263.52,984.78,-25970.0,-787.5,128082.5
93380,-415.78,-279.62,985.52,-11322.5,13527.5,138460.0
93408,-391.74,-305.85,987.1,-20405.0,36085.0,145110.0
93437,-319.88,-336.48,998.2,-35875.0,23625.0,133280.0
93465,-205.45,-364.17,1028.09,-35805.0,5582.5,84560.0
93494,-78.57,-383.08,1064.94,-1382.5,13282.5,22277.5
93523,33.31,-395.52,1086.41,23170.0,23205.0,-33320.0
93551,113.7,-405.77,1087.87,25970.0,12425.0,-76317.5
93580,158.36,-417.24,1080.68,15767.5,-4690.0,-100625.0
93608,173.61,-430.9,1074.94,15505.0,-6142.5,-113820.0
93637,163.24,-443.47,1069.82,17920.0,-10832.5,-120277.5
93665,125.29,-448.35,1067.99,10657.5,-30730.0,-129727.5
93694,59.41,-440.79,1071.77,2502.5,-31657.5,-120697.5
93723,-24.4,-420.17,1077.02,7105.0,-12302.5,-93957.5
93752,-122.24,-386.62,1076.04,17010.0,-7000.0,-65222.5
93781,-226.8,-344.04,1066.28,24272.5,-7560.0,-13002.5
93809,-311.83,-304.88,1044.56,25795.0,23520.0,45972.5
93838,-364.9,-278.89,1012.36,-280.0,37030.0,83352.5
93866,-395.04,-268.16,987.83,-29872.5,11165.0,105682.5
93895,-409.31,-272.3,983.44,-34737.5,-8592.5,122587.5
93923,-397.23,-289.26,991.49,-18130.0,3570.0,131547.5
93952,-345.5,-312.56,1002.11,-14892.5,15627.5,119052.5
93980,-253.39,-333.43,1018.82,-17937.5,3045.0,87045.0
94009,-120.29,-347.33,1045.42,-10937.5,17167.5,34667.5
94038,32.21,-355.26,1067.13,3062.5,19040.0,-44432.5
94066,152.5,-364.05,1075.8,560.0,-9065.0,-123252.5
94095,203.74,-384.91,1077.63,7822.5,-4287.5,-165812.5
94123,171.17,-415.53,1074.33,18340.0,14105.0,-181562.5
94152,23.42,-439.44,1064.33,24290.0,-55352.5,-158567.5
94180,-197.64,-442.98,1064.21,13457.5,-67270.0,-31027.5
94209,-365.39,-438.96,1058.47,25987.5,32725.0,91735.0
94238,-429.68,-448.23,1021.87,-647.5,48282.5,154647.5
94267,-392.96,-468.97,995.76,-49612.5,4690.0,174527.5
94296,-248.64,-486.78,1017.24,-55842.5,-15750.0,132615.0
94324,-20.98,-491.54,1066.04,-14227.5,-8015.0,28770.0
94353,199.96,-497.03,1095.93,36452.5,-2345.0,-119227.5
94381,289.75,-523.14,1079.82,50855.0,-13790.0,-220132.5
94410,173.97,-559.49,1047.74,-2345.0,-26495.0,-197785.0
94438,-72.71,-574.86,1058.47,-20352.5,-32270.0,-49630.0
94467,-280.48,-571.2,1078.48,26460.0,17377.5,86887.5
94495,-364.29,-574.38,1054.57,19232.5,35175.0,167877.5
94524,-315.37,-588.77,1029.92,-40565.0,28315.0,188335.0
94552,-152.01,-596.82,1050.91,-48580.0,2082.5,110372.5
94580,51.0,-590.72,1096.05,-2625.0,-6300.0,-15277.5
94609,207.16,-585.11,1116.42,46462.5,-630.0,-119315.0
94637,259.98,-587.55,1097.02,37835.0,-2590.0,-170135.0
94666,191.17,-590.36,1074.7,-3080.0,-13440.0,-153247.5
94694,16.71,-585.97,1077.99,-2695.0,-51467.5,-80885.0
94723,-175.19,-572.06,1091.9,25900.0,-4095.0,46410.0
94751,-262.42,-558.27,1079.09,35787.5,67550.0,143937.5
94780,-196.54,-547.29,1046.88,-21525.0,66080.0,139177.5
94808,-35.5,-529.48,1054.32,-66955.0,-4567.5,37572.5
94837,129.69,-508.25,1103.12,-2817.5,-10640.0,-54862.5
94866,232.04,-500.69,1113.13,54215.0,7700.0,-139230.0
94894,215.82,-505.93,1077.02,17675.0,-10570.0,-162662.5
94923,70.39,-509.96,1058.96,-18515.0,-29872.5,-103232.5
94951,-127.86,-506.54,1069.57,-4042.5,-24202.5,14070.0
94980,-252.17,-497.76,1069.21,21087.5,31902.5,114467.5
95008,-227.16,-486.54,1045.66,-9747.5,48492.5,131775.0
95037,-86.38,-465.8,1056.03,-51520.0,7770.0,54950.0
95066,72.96,-440.42,1108.49,4882.5,-1592.5,-33057.5
95095,176.66,-429.93,1135.09,52482.5,2082.5,-106715.0
95124,177.63,-437.13,1122.89,37677.5,-20317.5,-142450.0
95152,54.41,-443.59,1110.69,18602.5,-62860.0,-106137.5
95181,-122.12,-436.39,1104.34,27947.5,-48702.5,2170.0
95209,-236.92,-421.63,1077.87,27002.5,18550.0,100660.0
95238,-225.94,-407.36,1043.95,-20020.0,46935.0,140070.0
95266,-100.53,-384.06,1047.0,-55195.0,19460.0,69405.0
95295,48.07,-348.68,1084.09,-14210.0,-20020.0,-28770.0
95323,135.05,-323.06,1103.49,28735.0,-1890.0,-94990.0
95352,110.78,-318.05,1083.73,22540.0,-1190.0,-116392.5
95381,-33.18,-322.45,1064.08,-9467.5,-42297.5,-41877.5
95409,-186.17,-325.01,1064.33,-70.0,52.5,73115.0
95438,-221.55,-323.18,1047.61,13370.0,59202.5,120225.0
95466,-126.39,-311.1,1027.97,-40565.0,11602.5,85820.0
95495,39.28,-286.7,1059.81,-52255.0,-17465.0,1050.0
95524,184.59,-271.69,1102.27,17202.5,3570.0,-90037.5
95553,230.58,-284.26,1101.17,31097.5,3045.0,-144567.5
95582,141.52,-305.98,1081.16,7542.5,7507.5,-121257.5
95611,-41.72,-316.96,1069.57,8767.5,-24850.0,-17797.5
95640,-203.98,-322.2,1057.62,18217.5,-7210.0,91595.0
95668,-260.35,-331.11,1028.83,12390.0,34807.5,158585.0
95697,-175.8,-335.74,1008.45,-44047.5,41650.0,141137.5
95725,5.37,-321.71,1038.71,-65310.0,10990.0,18480.0
95754,166.16,-300.36,1097.76,5600.0,11760.0,-91052.5
95782,224.97,-304.02,1114.84,65432.5,21105.0,-143395.0
95811,149.57,-326.96,1083.6,35665.0,15102.5,-130060.0
95839,-30.13,-340.87,1054.81,6195.0,-17342.5,-30222.5
95868,-200.08,-346.97,1035.9,10307.5,-7525.0,82110.0
95897,-271.08,-357.7,1001.99,6930.0,19512.5,144620.0
95925,-222.04,-367.71,975.39,-52955.0,17080.0,149117.5
95954,-72.35,-360.51,1007.96,-75705.0,-9957.5,69912.5
95982,98.94,-338.92,1081.53,-1942.5,7000.0,-40127.5
96011,199.84,-330.62,1114.59,71190.0,20195.0,-124232.5
96039,171.9,-344.77,1075.19,58852.5,-595.0,-149450.0
96068,12.93,-359.17,1030.78,-19635.0,-41020.0,-55457.5
96096,-162.75,-364.17,1031.63,-24990.0,-25812.5,66062.5
96125,-257.42,-373.08,1021.99,29715.0,13790.0,136272.5
96154,-246.2,-389.67,985.27,-19355.0,25270.0,175560.0
96182,-113.34,-393.82,986.74,-78925.0,14402.5,113015.0
96211,71.13,-375.52,1040.17,-43435.0,-87.5,-5162.5
96240,202.15,-363.93,1086.29,43417.5,1750.0,-109060.0
96269,198.37,-380.27,1079.46,54180.0,-10867.5,-158217.5
96297,38.8,-397.96,1064.45,1610.0,-15732.5,-87745.0
96326,-154.7,-398.21,1070.43,16327.5,-9520.0,49787.5
96354,-261.32,-399.43,1044.69,37275.0,17482.5,131985.0
96383,-254.49,-411.63,995.76,-27090.0,12320.0,176872.5
96411,-120.9,-418.83,997.23,-74865.0,4445.0,119507.5
96440,64.9,-406.5,1050.18,-17902.5,-10867.5,-12390.0
96469,194.96,-393.33,1085.31,46830.0,5302.5,-108307.5
96497,221.43,-399.67,1061.89,47127.5,17325.0,-157622.5
96526,100.16,-411.02,1019.68,-14875.0,-31657.5,-118685.0
96554,-97.11,-414.68,1026.14,-41125.0,-72852.5,34475.0
96583,-220.82,-419.68,1043.83,18130.0,34667.5,137707.5
96611,-225.7,-433.47,1018.58,-5337.5,62527.5,175402.5
96640,-104.19,-443.1,1011.87,-71032.5,29435.0,128450.0
96668,70.76,-435.91,1061.52,-41002.5,-5827.5,-11270.0
96697,174.22,-429.68,1105.32,45552.5,-9397.5,-93485.0
96726,167.38,-436.39,1101.29,50907.5,15015.0,-123130.0
96754,40.63,-437.49,1085.31,26705.0,-37502.5,-89705.0
96783,-134.08,-427.61,1077.87,25235.0,-31342.5,35175.0
96811,-235.22,-422.85,1051.15,28087.5,47880.0,137427.5
96840,-215.09,-431.88,1013.09,-33145.0,59762.5,172795.0
96868,-80.76,-438.71,1019.68,-79712.5,14437.5,89075.0
96897,70.52,-431.88,1070.92,-22225.0,-31570.0,-28087.5
96925,159.45,-423.34,1102.51,36645.0,-5442.5,-84647.5
96954,177.63,-424.32,1085.8,31552.5,12005.0,-129080.0
96982,84.3,-427.0,1068.48,-12827.5,-54040.0,-119490.0
97011,-82.59,-420.17,1092.75,-6860.0,-65327.5,-6825.0
97040,-208.38,-413.58,1104.1,51170.0,49665.0,100590.0
97068,-250.71,-422.24,1066.28,16695.0,85890.0,169540.0
97097,-175.19,-439.69,1041.76,-51047.5,62895.0,161017.5
97125,-22.69,-447.01,1075.43,-64225.0,-10815.0,25095.0
97154,103.33,-441.4,1136.8,9502.5,-26530.0,-52850.0
97182,173.36,-436.76,1159.12,60375.0,22925.0,-104650.0
97211,164.09,-436.27,1130.45,53112.5,16765.0,-139002.5
97239,40.5,-432.86,1098.49,7980.0,-70542.5,-102270.0
97268,-131.27,-420.78,1097.15,-5810.0,-55387.5,20422.5
97297,-240.1,-409.92,1087.14,28927.5,59885.0,112577.5
97325,-258.4,-412.36,1047.0,-7927.5,81217.5,163502.5
97354,-168.6,-421.88,1034.56,-73272.5,30677.5,125895.0
97382,-22.94,-422.49,1081.53,-57015.0,-33932.5,3237.5
97411,89.55,-416.75,1138.99,28822.5,-17237.5,-61687.5
97439,146.89,-415.53,1144.85,65362.5,28385.0,-105140.0
97468,124.07,-415.17,1109.47,42315.0,8137.5,-127995.0
97496,-3.66,-410.04,1083.36,4375.0,-77245.0,-89302.5
97525,-166.04,-397.84,1084.58,5425.0,-58642.5,21665.0
97554,-264.98,-385.52,1075.67,26897.5,50172.5,106190.0
97583,-270.84,-382.96,1040.42,35.0,58450.0,143727.5
97612,-180.07,-384.3,1025.9,-50225.0,-6755.0,96145.0
97640,-40.87,-377.96,1064.45,-38955.0,-50575.0,9275.0
97669,90.04,-367.46,1111.66,27422.5,3080.0,-50767.5
97697,172.75,-363.56,1117.52,46392.5,22365.0,-113557.5
97726,156.04,-362.34,1100.68,28315.0,2922.5,-136885.0
97754,21.47,-356.12,1089.09,20720.0,-52080.0,-97755.0
97783,-151.77,-343.8,1083.24,28997.5,-56665.0,19705.0
97811,-243.39,-331.47,1059.2,28402.5,40057.5,107677.5
97840,-206.42,-323.54,1020.65,-17395.0,61162.5,125037.5
97868,-83.08,-315.49,1021.99,-68547.5,-17115.0,48090.0
97896,51.85,-305.12,1069.57,-22715.0,-22995.0,-25462.5
97925,152.74,-300.12,1097.63,39497.5,20492.5,-87920.0
97953,180.07,-302.8,1082.38,38045.0,25322.5,-129815.0
97982,100.65,-305.49,1056.03,13790.0,-4200.0,-119455.0
98010,-64.17,-300.85,1039.81,8522.5,-84297.5,-32550.0
98039,-203.98,-291.58,1025.9,24500.0,-34790.0,78190.0
98067,-211.67,-284.99,999.91,8032.5,49665.0,139965.0
98096,-85.77,-274.5,996.5,-49595.0,17850.0,68670.0
98125,68.56,-255.35,1038.34,-40652.5,-29277.5,-34387.5
98154,165.31,-240.1,1077.02,16922.5,15435.0,-90965.0
98183,171.04,-237.53,1073.97,38132.5,37310.0,-120417.5
98211,54.41,-237.53,1049.08,19792.5,-18655.0,-86222.5
98240,-108.82,-232.04,1028.83,14630.0,-58572.5,19845.0
98268,-189.83,-224.85,1001.25,19915.0,23712.5,97632.5
98297,-136.03,-215.57,975.76,-25200.0,68040.0,98070.0
98325,0.49,-200.57,1000.16,-72275.0,16100.0,23975.0
98354,124.2,-188.37,1063.23,-26565.0,-11515.0,-52745.0
98382,181.78,-190.56,1100.44,46270.0,-280.0,-101255.0
98411,143.23,-200.93,1089.7,51187.5,-1942.5,-114170.0
98440,5.61,-203.86,1054.69,26652.5,-44940.0,-57190.0
98469,-138.71,-197.88,1020.29,2712.5,-28262.5,50925.0
98498,-175.92,-191.42,992.71,-18462.5,31972.5,118615.0
98526,-79.67,-183.85,994.79,-66167.5,24902.5,73762.5
98555,68.08,-169.58,1043.83,-38430.0,-29102.5,-21822.5
98583,178.12,-161.16,1085.8,43365.0,-6825.0,-84175.0
98612,212.28,-172.63,1079.7,58660.0,4165.0,-129430.0
98640,123.83,-190.2,1055.91,23765.0,-27037.5,-120032.5
98669,-53.68,-196.18,1048.96,12950.0,-40775.0,-19390.0
98697,-185.44,-195.2,1033.34,26670.0,24657.5,97265.0
98726,-166.9,-193.86,1003.21,-20405.0,67830.0,138495.0
98754,-22.2,-185.07,1013.7,-77630.0,37345.0,48877.5
98782,134.93,-170.31,1071.16,-24185.0,-6895.0,-51345.0
98811,227.29,-168.85,1103.25,57610.0,8242.5,-115167.5
98839,217.89,-187.27,1079.58,48457.5,140.0,-148680.0
98868,75.15,-207.52,1050.66,2397.5,-36452.5,-104335.0
98896,-122.85,-215.7,1042.25,5495.0,-38955.0,26407.5
98925,-220.7,-218.38,1020.9,11987.5,43627.5,135152.5
98953,-145.91,-218.99,1000.28,-60515.0,77980.0,123795.0
98982,15.74,-209.47,1038.95,-90107.5,-7472.5,5355.0
99011,145.18,-197.88,1113.25,15697.5,-27160.0,-79450.0
99040,198.37,-206.91,1132.16,94325.0,22750.0,-137760.0
99069,117.12,-228.87,1078.97,57155.0,-12757.5,-137235.0
99097,-73.44,-239.61,1038.71,-23362.5,-70105.0,-4532.5
99126,-219.48,-247.66,1030.66,-2695.0,-10307.5,121765.0
99154,-212.52,-260.1,1013.82,-10360.0,60935.0,160807.5
99183,-64.9,-257.91,1021.63,-76860.0,36470.0,87010.0
99211,118.83,-242.41,1092.39,-34125.0,-28035.0,-39077.5
99240,221.92,-246.32,1145.82,90965.0,-13825.0,-133455.0
99268,180.19,-269.38,1112.15,86975.0,-10255.0,-151935.0
99297,9.52,-281.82,1053.59,-10290.0,-29575.0,-59850.0
99326,-172.26,-282.19,1031.51,-34422.5,-22925.0,73412.5
99354,-248.03,-288.77,1013.09,-6860.0,30100.0,154472.5
99383,-167.14,-297.07,998.94,-72695.0,74497.5,138792.5
99411,11.71,-290.85,1047.0,-95795.0,20230.0,18970.0
99440,158.23,-281.09,1130.33,20160.0,-12512.5,-83055.0
99468,205.69,-296.46,1154.12,102672.5,25900.0,-142992.5
99497,111.26,-324.52,1096.41,64365.0,3587.5,-147700.0
99525,-106.38,-333.79,1039.07,-21490.0,-74270.0,-5302.5
99554,-265.23,-342.09,1028.7,-34807.5,5757.5,152652.5
99582,-234.24,-358.8,1028.46,-26582.5,97895.0,177800.0
99611,-73.2,-363.32,1052.13,-80465.0,10535.0,65590.0
99640,87.23,-351.12,1130.57,-8802.5,-39602.5,-59762.5
99668,155.55,-345.38,1172.42,99557.5,19075.0,-126525.0
99697,84.55,-354.04,1129.23,90632.5,-5547.5,-131232.5
99725,-114.68,-360.75,1082.51,-2660.0,-48195.0,-2257.5
99754,-288.65,-372.83,1075.31,-12477.5,9397.5,144865.0
99782,-321.71,-401.14,1055.3,9520.0,93047.5,204347.5
99811,-203.74,-425.29,1033.34,-81602.5,87167.5,158760.0
99839,-16.84,-422.73,1090.68,-98140.0,-13580.0,19092.5
99868,118.83,-406.5,1175.35,42752.5,-17255.0,-72730.0
99897,155.43,-402.84,1179.74,100117.5,-1155.0,-134925.0
99926,40.26,-409.19,1126.79,44765.0,-62265.0,-124530.0
99955,-157.87,-409.68,1107.76,-12530.0,-77735.0,28630.0
99983,-282.8,-408.82,1104.59,21980.0,53655.0,131862.5
100012,-286.82,-417.0,1061.89,-7822.5,101710.0,175262.5
100040,-169.82,-428.59,1041.88,-112437.5,65450.0,132807.5
100069,-9.15,-428.71,1113.13,-87815.0,-8015.0,-1400.0
100097,93.94,-422.61,1196.21,59587.5,-10115.0,-81392.5
100126,110.78,-423.71,1195.36,98770.0,9257.5,-132457.5
100154,-9.76,-426.88,1141.43,53707.5,-58800.0,-123690.0
100183,-210.08,-425.17,1108.49,3115.0,-85645.0,40162.5
100212,-330.62,-429.68,1088.0,6405.0,57120.0,164132.5
100240,-294.87,-451.4,1056.64,-52867.5,115272.5,205065.0
100268,-134.93,-469.21,1088.0,-122272.5,70700.0,75687.5
100296,16.71,-466.04,1190.11,-4025.0,-27755.0,-44555.0
100325,91.26,-459.57,1241.59,107502.5,-23712.5,-104877.5
100353,77.23,-459.09,1202.68,87990.0,-44922.5,-142117.5
100382,-64.66,-454.21,1150.22,15067.5,-89162.5,-86835.0
100410,-238.39,-441.76,1135.09,-14315.0,-39025.0,62825.0
100439,-315.37,-433.71,1118.01,2590.0,71522.5,149642.5
100467,-266.08,-438.71,1085.68,-61285.0,100870.0,165392.5
100496,-118.34,-443.59,1109.96,-103040.0,50015.0,56227.5
100524,18.42,-438.96,1183.77,-4550.0,-25357.5,-58712.5
100552,75.64,-434.44,1219.02,71067.5,-16117.5,-109865.0
100581,40.26,-433.95,1194.38,59657.5,-21525.0,-128187.5
100609,-92.11,-425.54,1167.54,15785.0,-68810.0,-69580.0
100638,-230.95,-406.5,1154.73,17832.5,-6545.0,40897.5
100666,-280.11,-388.81,1123.62,13370.0,72677.5,109357.5
100695,-205.94,-378.08,1093.85,-38622.5,22592.5,100887.5
100723,-52.46,-368.68,1119.59,-52902.5,-57347.5,-8890.0
100752,71.98,-362.58,1165.71,27090.0,-33005.0,-91192.5
100781,117.12,-364.29,1162.9,55020.0,12215.0,-133052.5
100809,50.51,-366.61,1120.45,24552.5,4812.5,-138372.5
100838,-129.81,-359.41,1094.95,-26985.0,-64627.5,-43190.0
100866,-297.31,-347.21,1089.58,2677.5,-11725.0,85295.0
100895,-326.11,-344.77,1063.35,-3622.5,67742.5,157482.5
100923,-204.35,-350.51,1056.52,-70122.5,25760.0,109515.0
100952,-25.86,-351.85,1117.28,-52920.0,-11217.5,-11707.5
100980,102.72,-355.26,1174.74,57627.5,2450.0,-91770.0
101009,140.54,-368.68,1165.1,79730.0,9030.0,-142852.5
101037,50.63,-378.57,1121.91,42472.5,-15365.0,-134925.0
101066,-127.61,-371.49,1092.14,5740.0,-55562.5,-23940.0
101094,-262.54,-356.48,1066.4,14560.0,4147.5,95287.5
101122,-235.7,-348.68,1031.14,-17500.0,42245.0,145705.0
101151,-61.12,-340.38,1038.71,-73797.5,-3395.0,36312.5
101179,108.58,-331.23,1092.27,-16660.0,-26932.5,-75827.5
101208,167.75,-336.72,1119.96,35857.5,4305.0,-128940.0
101236,91.26,-350.87,1108.74,25532.5,-15627.5,-136745.0
101265,-86.38,-351.97,1094.58,18812.5,-67095.0,-44817.5
101293,-233.02,-339.77,1070.43,23747.5,2520.0,77892.5
101322,-233.02,-329.64,1027.85,-8277.5,47915.0,140455.0
101350,-80.76,-319.52,1025.9,-78400.0,4147.5,60497.5
101379,103.09,-305.49,1084.46,-31727.5,-16240.0,-61600.0
101407,202.4,-305.24,1124.72,58782.5,14280.0,-129150.0
101435,188.86,-323.54,1106.78,63840.0,31377.5,-161087.5
101464,23.18,-339.16,1068.11,25025.0,-23467.5,-112682.5
101492,-190.81,-339.04,1043.95,6370.0,-31955.0,47057.5
101521,-282.55,-335.01,1016.26,2345.0,47267.5,148960.0
101549,-196.91,-331.11,1001.13,-62107.5,30992.5,140997.5
101578,-9.27,-314.15,1056.76,-63087.5,-19285.0,11637.5
101606,150.06,-296.22,1118.25,56997.5,245.0,-78697.5
101635,220.58,-300.73,1103.12,82407.5,15592.5,-155032.5
101663,152.5,-318.66,1050.66,17010.0,-7192.5,-164517.5
101691,-43.92,-325.62,1031.39,-27037.5,-16432.5,-59430.0
101719,-238.88,-323.3,1041.39,5862.5,19775.0,76282.5
101747,-346.72,-335.5,1013.7,24570.0,36085.0,151532.5
101776,-384.54,-373.08,965.26,-46340.0,-2957.5,204697.5
101804,-323.06,-426.63,970.63,-73692.5,-9240.0,224910.0
101833,-150.67,-468.72,1021.26,-31780.0,22207.5,126875.0
101861,58.8,-487.88,1072.5,6580.0,12232.5,15802.5
101890,229.48,-499.47,1099.46,37870.0,-192.5,-90790.0
101919,320.98,-517.04,1089.34,42192.5,-20545.0,-164570.0
101948,330.38,-539.12,1061.28,4462.5,-11742.5,-189455.0
101976,268.03,-549.24,1049.08,-16887.5,-12425.0,-182700.0
102004,113.95,-542.78,1059.81,1890.0,-41510.0,-142625.0
102033,-103.33,-523.14,1078.48,17745.0,-13142.5,-25077.5
102061,-275.6,-500.81,1080.55,26390.0,54407.5,84472.5
102090,-365.76,-493.61,1044.93,20177.5,42420.0,143447.5
102118,-391.74,-510.2,998.81,-29277.5,8207.5,185097.5
102147,-314.03,-545.1,996.74,-68985.0,11217.5,197382.5
102175,-124.56,-575.23,1052.62,-41457.5,21367.5,103075.0
102204,91.01,-588.04,1117.28,26215.0,13265.0,-26092.5
102233,241.68,-595.24,1137.04,63910.0,-26722.5,-131600.0
102261,297.44,-605.12,1109.96,45027.5,-47355.0,-179357.5
102289,275.35,-615.0,1072.38,-11375.0,-14752.5,-180670.0
102317,171.78,-615.61,1063.72,-35542.5,-26110.0,-157762.5
102345,-3.78,-598.9,1089.83,-12565.0,-49087.5,-87535.0
102373,-182.51,-567.67,1113.74,31815.0,-175.0,10080.0
102402,-304.27,-538.02,1094.46,40250.0,49245.0,90965.0
102430,-366.49,-523.38,1045.3,-7140.0,30975.0,142170.0
102459,-381.13,-526.55,1013.58,-40687.5,3290.0,166285.0
102487,-322.08,-546.8,1009.06,-46025.0,16835.0,178027.5
102516,-155.67,-570.47,1042.73,-65520.0,51765.0,119980.0
102544,61.12,-582.18,1107.88,-3867.5,61022.5,-11427.5
102572,217.77,-594.75,1144.73,61530.0,-26145.0,-135450.0
102600,271.08,-617.56,1137.28,51520.0,-62177.5,-187670.0
102628,247.66,-633.91,1124.47,6650.0,-15067.5,-173057.5
102657,165.43,-636.96,1127.04,11830.0,-7682.5,-165392.5
102685,-1.46,-628.67,1130.21,27790.0,-52202.5,-118072.5
102714,-202.4,-605.85,1125.21,16887.5,927.5,4042.5
102743,-344.89,-578.28,1100.81,18655.0,61915.0,92610.0
102772,-424.56,-565.35,1053.1,-8102.5,47705.0,146860.0
102800,-449.94,-575.84,1017.85,-50557.5,16712.5,186410.0
102829,-389.55,-600.73,1025.41,-63455.0,20650.0,185885.0
102857,-231.8,-623.54,1071.16,-44432.5,6982.5,125440.0
102885,-17.57,-636.11,1137.41,-11515.0,13335.0,17465.0
102914,164.7,-641.84,1188.4,42122.5,-14332.5,-102515.0
102942,259.37,-652.09,1192.55,62405.0,-52762.5,-170695.0
102971,265.84,-669.17,1167.05,21262.5,-39777.5,-190295.0
102999,194.83,-679.78,1155.83,-8417.5,-18567.5,-175822.5
103028,41.11,-676.37,1151.44,26250.0,-42245.0,-144252.5
103056,-161.41,-654.9,1138.87,15400.0,-21175.0,-29995.0
103085,-322.81,-621.35,1118.74,18007.5,48317.5,67935.0
103114,-415.9,-597.31,1074.7,7140.0,53060.0,132230.0
103142,-454.82,-595.36,1029.56,-41562.5,33005.0,169820.0
103170,-443.96,-613.42,1015.89,-66097.5,26285.0,185675.0
103198,-355.87,-640.26,1041.27,-68022.5,35367.5,178465.0
103227,-178.36,-656.97,1101.54,-48072.5,49017.5,95935.0
103255,11.96,-653.31,1171.81,5880.0,13545.0,-28455.0
103284,126.39,-640.87,1208.53,57137.5,-38150.0,-120645.0
103312,130.66,-626.47,1199.38,51642.5,-55877.5,-162312.5
103341,27.33,-605.12,1171.57,18077.5,-21175.0,-127260.0
103369,-139.32,-577.06,1148.39,-1330.0,-3167.5,-21227.5
103398,-284.63,-550.95,1127.77,5810.0,26092.5,74182.5
103427,-369.78,-540.22,1093.97,-1820.0,46182.5,133122.5
103455,-401.99,-549.49,1062.86,-40092.5,36050.0,166495.0
103483,-374.66,-569.74,1063.84,-52867.5,25760.0,168192.5
103511,-271.45,-586.7,1097.63,-39725.0,22505.0,131617.5
103540,-106.02,-592.43,1144.36,-10027.5,3535.0,46060.0
103568,62.34,-588.53,1189.99,17237.5,-6807.5,-47740.0
103597,179.58,-584.62,1211.58,56682.5,-22977.5,-129080.0
103625,220.33,-588.04,1191.45,61757.5,-39007.5,-178342.5
103654,168.24,-594.14,1150.7,13615.0,-20387.5,-184117.5
103682,1.83,-591.58,1131.43,-16310.0,-46742.5,-118615.0
103711,-211.18,-574.62,1139.72,9922.5,-22715.0,4690.0
103740,-364.9,-554.98,1131.18,29750.0,54022.5,100030.0
103768,-435.78,-548.76,1089.7,4340.0,73325.0,158585.0
103797,-442.62,-559.98,1051.03,-48037.5,38587.5,176435.0
103825,-385.28,-581.21,1057.74,-72222.5,13492.5,172585.0
103854,-243.15,-597.68,1108.86,-39427.5,2152.5,111807.5
103882,-50.51,-597.07,1168.27,7542.5,1015.0,3465.0
103911,115.41,-584.5,1202.31,44922.5,-14122.5,-90650.0
103939,202.76,-576.69,1194.75,49997.5,-43207.5,-155207.5
103968,198.98,-578.52,1166.44,11042.5,-32725.0,-172532.5
103996,90.65,-584.14,1148.14,-14595.0,-35595.0,-163870.0
104025,-118.58,-579.74,1155.46,3150.0,-74305.0,-69265.0
104054,-315.98,-564.37,1161.07,41650.0,10150.0,67200.0
104082,-411.63,-555.95,1120.69,29715.0,86065.0,144742.5
104111,-420.66,-562.66,1062.13,-44800.0,50592.5,180092.5
104139,-341.72,-576.69,1055.79,-99207.5,-595.0,165672.5
104168,-185.93,-581.09,1111.66,-50470.0,-8417.5,94027.5
104196,2.81,-574.13,1171.32,17430.0,9380.0,-4760.0
104225,158.72,-567.3,1192.43,52185.0,-13230.0,-108360.0
104253,232.78,-570.23,1175.47,47792.5,-28595.0,-163905.0
104282,219.23,-579.74,1140.58,11620.0,4987.5,-181020.0
104311,101.87,-582.79,1109.71,-805.0,-19985.0,-156730.0
104339,-92.6,-576.08,1088.73,2607.5,-71960.0,-49175.0
104368,-273.04,-564.98,1084.46,-14437.5,-7297.5,66115.0
104396,-372.47,-560.35,1076.77,1855.0,48247.5,137812.5
104425,-380.03,-566.57,1054.45,-24430.0,31412.5,166565.0
104453,-294.39,-574.01,1062.38,-61687.5,6212.5,151637.5
104482,-131.52,-572.91,1114.1,-28525.0,-175.0,77490.0
104510,53.19,-564.13,1165.71,28192.5,2257.5,-18497.5
104539,197.27,-558.52,1182.91,51677.5,-18602.5,-104300.0
104567,271.21,-565.1,1169.37,45185.0,-36890.0,-152635.0
104596,278.77,-580.35,1146.68,13632.5,-18707.5,-162522.5
104624,233.02,-587.8,1130.57,1592.5,-15470.0,-165497.5
104652,101.14,-585.84,1113.86,14070.0,-70035.0,-141172.5
104680,-96.38,-575.6,1116.06,-18322.5,-63350.0,-18707.5
104708,-244.0,-555.47,1138.99,-2187.5,32270.0,70490.0
104737,-307.44,-538.75,1128.26,34685.0,48842.5,111807.5
104765,-298.05,-528.63,1090.19,-6317.5,21297.5,135782.5
104794,-201.42,-515.57,1085.19,-49017.5,2170.0,107957.5
104822,-41.24,-494.1,1119.23,-13335.0,-3955.0,34895.0
104851,123.1,-469.7,1145.34,36732.5,5897.5,-49752.5
104880,239.0,-456.28,1138.87,36365.0,-15592.5,-115237.5
104909,279.62,-457.13,1124.47,5145.0,-14350.0,-145355.0
104937,250.59,-464.58,1125.21,-8452.5,9187.5,-147455.0
104965,141.28,-467.63,1134.36,18480.0,-25112.5,-140105.0
104994,-40.99,-455.18,1134.72,45010.0,-45640.0,-57207.5
105022,-203.98,-432.86,1111.66,46305.0,31815.0,49682.5
105051,-289.02,-417.85,1058.11,24377.5,71330.0,111440.0
105079,-310.0,-414.43,1001.13,-35490.0,33810.0,142747.5
105108,-246.2,-416.02,991.49,-87797.5,6195.0,145302.5
105136,-98.58,-408.94,1044.32,-73920.0,3937.5,71890.0
105165,72.1,-392.11,1111.66,11217.5,19897.5,-17150.0
105194,204.59,-379.42,1140.7,57347.5,10027.5,-101290.0
105223,262.3,-379.54,1126.67,56052.5,-12757.5,-145810.0
105251,247.78,-386.01,1092.14,19075.0,13895.0,-153877.5
105279,144.2,-389.79,1062.01,-11777.5,-5180.0,-131652.5
105308,-35.75,-384.18,1053.47,-9782.5,-68460.0,-46357.5
105336,-209.72,-370.88,1053.71,18165.0,-24045.0,47005.0
105365,-315.74,-363.19,1027.85,22820.0,63000.0,116462.5
105393,-350.38,-367.46,980.15,-27387.5,58397.5,146877.5
105422,-320.62,-382.23,960.26,-83072.5,1487.5,163187.5
105450,-212.77,-400.4,1000.4,-98437.5,-11427.5,135730.0
105479,-42.33,-406.99,1079.7,-30642.5,4970.0,53515.0
105508,123.1,-402.97,1139.85,50312.5,19547.5,-54670.0
105537,219.23,-402.6,1150.22,85995.0,-5950.0,-128485.0
105566,239.36,-401.87,1123.99,67917.5,-2362.5,-149957.5
105594,193.49,-394.79,1084.58,35052.5,1557.5,-145075.0
105623,65.64,-385.76,1049.93,17605.0,-55825.0,-100502.5
105651,-111.02,-377.71,1032.85,-4217.5,-58467.5,-5775.0
105680,-255.83,-370.88,1031.02,-12547.5,9870.0,76107.5
105708,-335.74,-369.54,1019.07,2537.5,48755.0,123655.0
105737,-367.34,-378.93,989.18,-17150.0,44065.0,145460.0
105765,-356.85,-398.57,970.63,-52850.0,26775.0,165497.5
105794,-269.99,-422.36,994.3,-78890.0,25515.0,157395.0
105822,-115.78,-434.44,1057.74,-49647.5,11375.0,73377.5
105851,43.8,-430.42,1123.38,18427.5,4585.0,-16502.5
105880,160.43,-420.9,1149.85,63472.5,-1312.5,-93992.5
105908,207.89,-411.63,1128.74,59202.5,-15260.0,-137060.0
105937,178.49,-401.38,1084.21,14455.0,1172.5,-142730.0
105965,52.58,-390.16,1044.93,-17640.0,-43697.5,-103022.5
105994,-126.15,-379.42,1034.8,-23520.0,-89565.0,350.0
106022,-269.38,-371.25,1047.0,-1435.0,6352.5,80797.5
106051,-343.8,-372.83,1042.37,13440.0,86327.5,136150.0
106079,-356.12,-386.98,1014.06,-17132.5,75320.0,150465.0
106108,-319.15,-409.55,998.45,-64312.5,16625.0,149222.5
106136,-219.11,-436.15,1029.19,-85767.5,-13702.5,121047.5
106165,-72.1,-454.33,1096.54,-33530.0,700.0,42245.0
106194,66.12,-461.53,1150.58,32567.5,17097.5,-39812.5
106222,159.21,-467.14,1167.3,58607.5,1837.5,-103057.5
106251,197.64,-473.6,1156.8,54215.0,-1032.5,-139317.5
106279,180.8,-477.51,1135.82,28892.5,4795.0,-149712.5
106308,95.77,-472.26,1118.5,19460.0,-34335.0,-142257.5
106336,-63.93,-457.13,1101.66,28420.0,-72712.5,-85225.0
106365,-240.95,-436.64,1088.97,13790.0,-37887.5,28402.5
106393,-354.78,-420.17,1078.72,19372.5,57172.5,99960.0
106422,-398.21,-416.02,1044.69,13160.0,74882.5,131705.0
106450,-394.79,-425.54,1002.23,-36802.5,18742.5,145827.5
106479,-326.23,-443.47,1003.33,-75687.5,-315.0,142117.5
106508,-189.83,-458.11,1057.25,-51030.0,-1067.5,81550.0
106536,-29.04,-465.55,1118.01,9467.5,7315.0,-1400.0
106565,105.41,-472.87,1145.09,44992.5,-4882.5,-88060.0
106593,184.95,-488.73,1139.97,42910.0,-33180.0,-140087.5
106622,214.72,-512.89,1122.4,20475.0,-22960.0,-163240.0
106650,202.28,-536.07,1109.22,-2467.5,-9082.5,-176050.0
106679,122.98,-551.93,1105.32,-5442.5,-39007.5,-176942.5
106707,-43.19,-553.76,1112.4,-665.0,-73430.0,-124670.0
106736,-241.93,-533.87,1127.04,23502.5,-35105.0,-24832.5
106764,-396.01,-505.2,1120.94,43225.0,52762.5,67357.5
106792,-479.46,-487.76,1077.87,20020.0,103950.0,135625.0
106820,-507.28,-489.46,1024.43,-43085.0,70350.0,165970.0
106848,-503.86,-509.23,999.42,-74550.0,9572.5,164482.5
106877,-458.23,-545.83,1012.11,-62212.5,-7717.5,176015.0
106905,-338.79,-586.94,1057.5,-61670.0,9975.0,131565.0
106934,-179.71,-613.29,1126.79,-23047.5,2520.0,44082.5
106962,-34.65,-626.23,1186.21,33512.5,2607.5,-36172.5
106991,72.22,-636.11,1208.53,59657.5,-5127.5,-104020.0
107019,134.2,-646.72,1202.68,56892.5,-15785.0,-143675.0
107048,159.09,-657.21,1181.33,54495.0,-15400.0,-165497.5
107076,144.69,-663.56,1146.68,38990.0,-25987.5,-178815.0
107104,61.98,-663.07,1113.74,1295.0,-54495.0,-174457.5
107133,-104.55,-651.6,1103.98,-21752.5,-76055.0,-114607.5
107161,-298.78,-621.96,1119.84,-1522.5,-30957.5,-14612.5
107190,-443.84,-586.09,1122.77,40372.5,56035.0,72782.5
107218,-518.87,-562.42,1084.21,23870.0,82652.5,126927.5
107247,-546.07,-554.73,1038.95,-32077.5,53707.5,148190.0
107275,-544.49,-561.2,1018.94,-45010.0,30432.5,153685.0
107304,-505.08,-582.18,1019.92,-49402.5,34597.5,160562.5
107332,-408.94,-611.46,1047.86,-76037.5,32672.5,134575.0
107361,-271.57,-631.23,1119.72,-61687.5,5950.0,70857.5
107390,-127.61,-637.45,1199.5,14437.5,5880.0,-8102.5
107418,-15.01,-639.77,1238.06,60882.5,-6352.5,-79852.5
107447,54.53,-643.43,1241.11,59062.5,-21420.0,-116375.0
107475,98.33,-646.48,1231.83,50435.0,-21770.0,-145600.0
107504,104.19,-649.89,1213.66,54022.5,-18077.5,-178220.0
107532,27.82,-653.43,1180.47,47337.5,-37835.0,-181107.5
107561,-115.17,-644.4,1145.21,16047.5,-48300.0,-116567.5
107589,-265.72,-616.22,1116.54,2712.5,-17360.0,-48282.5
107618,-398.45,-575.84,1085.43,7735.0,-7542.5,16152.5
107647,-499.35,-537.78,1045.78,9275.0,10762.5,74235.0
107676,-560.47,-516.3,1003.33,-20230.0,32830.0,121030.0
107704,-585.84,-513.38,976.24,-45675.0,27212.5,145670.0
107732,-581.21,-524.36,970.63,-44502.5,17692.5,153912.5
107761,-535.46,-541.68,979.42,-47670.0,30502.5,152932.5
107789,-431.88,-557.78,1009.92,-53042.5,19372.5,123987.5
107818,-287.55,-566.69,1067.5,-33740.0,-17482.5,59132.5
107846,-140.79,-565.96,1128.74,5372.5,-4812.5,-10377.5
107875,-22.08,-562.42,1160.95,38010.0,-6737.5,-74707.5
107903,51.48,-563.64,1161.68,35332.5,-24482.5,-116130.0
107932,85.52,-569.74,1150.95,21612.5,-16257.5,-135257.5
107960,84.79,-576.94,1141.43,13685.0,-20265.0,-148732.5
107988,39.89,-580.72,1136.8,12092.5,-46672.5,-153020.0
108017,-58.32,-574.62,1131.18,10062.5,-44712.5,-130200.0
108045,-191.17,-552.66,1124.6,3412.5,-26967.5,-67060.0
108074,-315.49,-517.77,1116.42,13772.5,-227.5,-805.0
108102,-406.02,-480.31,1093.0,23065.0,27212.5,50680.0
108131,-465.31,-453.35,1055.3,3360.0,36382.5,96810.0
108159,-499.22,-441.52,1028.09,-23782.5,25672.5,132825.0
108188,-505.2,-440.91,1024.68,-25672.5,29435.0,143517.5
108216,-484.83,-447.25,1026.75,-8470.0,35892.5,138740.0
108245,-434.32,-458.48,1029.44,-23117.5,31500.0,134487.5
108273,-334.52,-467.63,1053.47,-40880.0,20335.0,102690.0
108301,-206.18,-467.99,1097.76,-19687.5,4532.5,37117.5
108330,-82.35,-462.14,1138.99,10622.5,4462.5,-15540.0
108358,21.23,-457.5,1157.29,26425.0,-1890.0,-73062.5
108387,87.84,-461.53,1157.05,24605.0,-20265.0,-112017.5
108415,124.32,-474.21,1155.46,18585.0,-7647.5,-133927.5
108444,133.35,-488.12,1153.14,28262.5,-6825.0,-153055.0
108472,92.6,-502.15,1143.87,34860.0,-38412.5,-164850.0
108501,-15.25,-509.35,1138.87,17307.5,-68337.5,-143395.0
108529,-169.58,-497.52,1145.46,26215.0,-34405.0,-83282.5
108558,-315.61,-467.75,1137.53,48282.5,21175.0,-910.0
108587,-414.56,-432.49,1092.88,40565.0,49507.5,63682.5
108615,-470.8,-406.38,1032.36,-10710.0,31237.5,102830.0
108644,-504.1,-394.79,997.11,-57487.5,9502.5,126525.0
108672,-521.92,-398.94,994.18,-43960.0,10237.5,143832.5
108701,-517.89,-419.44,996.98,-29872.5,29470.0,159075.0
108729,-464.94,-451.89,1001.99,-48072.5,32935.0,168350.0
108758,-341.11,-486.05,1031.02,-69790.0,6825.0,126962.5
108786,-173.12,-509.23,1093.85,-47845.0,10325.0,44537.5
108815,-13.18,-522.16,1155.34,23835.0,24080.0,-49035.0
108844,96.99,-536.19,1178.76,59465.0,-1610.0,-121310.0
108873,155.79,-554.86,1172.91,59535.0,-6860.0,-152092.5
108902,173.48,-578.52,1151.92,53112.5,6002.5,-171167.5
108930,139.81,-600.12,1123.86,38745.0,-10150.0,-173757.5
108959,53.31,-608.41,1103.12,16590.0,-50855.0,-154052.5
108987,-85.89,-600.73,1088.73,9205.0,-61425.0,-117372.5
109016,-256.69,-574.5,1081.04,-2922.5,-46795.0,-31307.5
109044,-394.3,-537.65,1077.02,14367.5,13160.0,52517.5
109073,-470.55,-508.13,1052.25,14472.5,44730.0,103775.0
109101,-504.59,-492.88,1014.06,-18217.5,27842.5,132475.0
109130,-517.16,-493.12,989.66,-37415.0,9485.0,146282.5
109159,-506.79,-511.79,983.69,-39095.0,25130.0,170677.5
109187,-439.93,-542.41,995.4,-58660.0,50190.0,172795.0
109216,-316.47,-566.93,1035.17,-71557.5,15557.5,113522.5
109244,-185.2,-577.18,1103.86,-18480.0,7140.0,35420.0
109273,-66.49,-575.6,1160.1,25812.5,48982.5,-23520.0
109301,27.08,-571.45,1180.96,43907.5,-29750.0,-85470.0
109330,77.1,-572.42,1184.5,54355.0,-42577.5,-128555.0
109358,96.14,-574.13,1165.59,63105.0,577.5,-150202.5
109387,84.06,-574.5,1119.11,44835.0,857.5,-170677.5
109416,7.56,-571.57,1077.26,-3832.5,-55842.5,-149870.0
109445,-119.32,-560.1,1078.48,-36907.5,-71137.5,-78120.0
109473,-249.37,-538.75,1104.47,2362.5,-34475.0,-17132.5
109502,-356.36,-510.08,1112.88,33162.5,-245.0,40565.0
109531,-427.0,-483.97,1087.39,39585.0,24885.0,85732.5
109559,-466.89,-470.31,1042.86,4130.0,24045.0,122220.0
109588,-473.6,-471.04,1008.45,-19110.0,16607.5,144445.0
109616,-433.59,-482.02,991.62,-36085.0,27142.5,145915.0
109645,-343.55,-495.81,998.94,-61022.5,22785.0,119857.5
109673,-211.67,-504.35,1044.93,-56892.5,2450.0,70910.0
109702,-60.63,-505.32,1106.42,-2415.0,5022.5,-4882.5
109731,68.32,-504.71,1141.43,37380.0,1820.0,-83965.0
109760,149.08,-511.42,1142.04,50627.5,-6527.5,-139020.0
109788,173.24,-525.94,1118.01,39707.5,-10045.0,-167877.5
109816,135.42,-539.97,1091.53,14980.0,-12722.5,-167055.0
109844,28.18,-545.46,1080.43,4935.0,-37397.5,-132457.5
109872,-123.59,-538.51,1089.22,1925.0,-48527.5,-57802.5
109901,-258.03,-517.04,1097.88,22627.5,3955.0,13545.0
109929,-345.02,-489.59,1070.92,33687.5,35910.0,67690.0
109958,-396.13,-470.19,1018.58,-5110.0,14875.0,108605.0
109986,-422.0,-466.28,982.59,-36190.0,9345.0,134872.5
110015,-404.43,-479.95,974.54,-41807.5,31692.5,154035.0
110043,-318.18,-500.69,998.2,-58502.5,39777.5,130970.0
110072,-173.12,-511.91,1057.01,-40617.5,11742.5,70647.5
110100,-0.85,-509.96,1123.74,8102.5,-455.0,-10115.0
110128,145.67,-507.15,1156.68,48632.5,-33600.0,-99015.0
110157,222.77,-512.89,1150.46,41527.5,-57032.5,-150622.5
110185,227.65,-522.16,1128.74,13545.0,-28927.5,-165987.5
110214,148.84,-530.21,1116.54,-4410.0,-1907.5,-147385.0
110242,-12.57,-534.36,1125.69,8942.5,-29190.0,-74077.5
110271,-191.54,-528.99,1141.19,17290.0,-29627.5,20440.0
110299,-313.42,-517.04,1133.01,33162.5,18077.5,91035.0
110328,-369.54,-511.18,1086.9,20160.0,37625.0,131600.0
110356,-374.91,-518.13,1037.61,-27527.5,30362.5,156642.5
110385,-322.08,-532.65,1029.31,-57452.5,29452.5,149590.0
110413,-220.09,-542.53,1064.94,-43400.0,26232.5,110372.5
110441,-82.47,-539.24,1118.25,-6037.5,17902.5,58870.0
110470,73.57,-525.33,1163.03,27037.5,-10342.5,-15155.0
110498,206.79,-512.16,1182.67,43820.0,-29225.0,-89197.5
110527,290.73,-509.84,1166.44,51660.0,-38920.0,-138372.5
110555,313.42,-515.94,1121.91,22977.5,-27352.5,-168595.0
110584,259.86,-518.74,1087.02,-6755.0,15242.5,-155435.0
110612,114.19,-519.6,1073.36,-2817.5,-2450.0,-110985.0
110641,-89.3,-516.06,1084.34,-8645.0,-48527.5,-12320.0
110669,-253.76,-504.59,1094.22,19915.0,24150.0,69667.5
110698,-341.6,-498.74,1059.69,21350.0,47250.0,116095.0
110727,-376.37,-506.79,1012.72,-32322.5,22242.5,150255.0
110755,-356.73,-527.65,999.79,-60515.0,9397.5,164902.5
110784,-273.04,-549.98,1027.97,-46042.5,7980.0,147192.5
110812,-139.57,-558.64,1078.24,-8172.5,20090.0,100677.5
110841,12.44,-548.76,1124.35,29505.0,8435.0,29592.5
110870,151.04,-528.99,1148.51,44905.0,-20037.5,-38465.0
110899,254.98,-512.16,1139.48,34177.5,-55807.5,-93870.0
110927,320.86,-509.84,1111.91,-4112.5,-79887.5,-136482.5
110956,325.37,-521.43,1092.88,-46777.5,-48125.0,-169785.0
110984,243.76,-529.97,1104.95,-53952.5,22837.5,-141925.0
111012,78.81,-527.77,1123.99,4742.5,-13405.0,-77035.0
111041,-114.19,-516.91,1130.09,700.0,-28752.5,22015.0
111069,-244.24,-503.37,1122.77,8470.0,38360.0,85820.0
111098,-301.71,-500.08,1090.31,-3465.0,32462.5,125877.5
111126,-304.76,-511.79,1072.01,-43627.5,6685.0,156800.0
111155,-250.1,-528.38,1091.41,-28630.0,18462.5,137270.0
111183,-151.77,-534.12,1119.23,15925.0,39830.0,104982.5
111212,-24.16,-522.53,1140.7,21227.5,48895.0,54827.5
111241,106.38,-498.98,1157.54,21595.0,11760.0,-10360.0
111270,216.43,-478.12,1165.59,22067.5,-21787.5,-67725.0
111298,303.66,-472.38,1166.08,19267.5,-32340.0,-132737.5
111327,359.66,-486.05,1161.68,18287.5,-34335.0,-186970.0
111355,361.36,-516.43,1146.19,24955.0,-12320.0,-202930.0
111383,262.54,-556.08,1115.93,11130.0,11287.5,-184992.5
111412,56.0,-589.5,1100.93,-10622.5,-23800.0,-81077.5
111440,-151.28,-601.83,1096.9,10237.5,-7000.0,27090.0
111469,-268.16,-600.48,1055.67,1015.0,33180.0,90895.0
111497,-316.22,-600.61,1009.31,-59132.5,8015.0,130410.0
111526,-324.15,-611.46,1007.23,-63735.0,-12740.0,166775.0
111554,-262.91,-626.84,1039.68,-29347.5,11847.5,177625.0
111583,-138.84,-622.93,1076.04,21875.0,28770.0,122990.0
111611,4.03,-596.21,1108.13,19442.5,4007.5,50277.5
111639,143.47,-561.69,1140.46,23677.5,-8207.5,-23817.5
111668,259.49,-535.82,1153.39,34055.0,-31972.5,-90072.5
111696,333.3,-530.46,1146.31,29750.0,-48755.0,-143027.5
111725,344.41,-541.19,1123.62,25130.0,-37170.0,-166425.0
111753,267.3,-556.56,1092.63,-10902.5,-18847.5,-143990.0
111782,89.79,-572.91,1086.65,-52867.5,-45605.0,-69632.5
111810,-113.34,-577.43,1130.57,-44975.0,-50942.5,34020.0
111839,-247.05,-574.13,1158.27,46690.0,25707.5,91962.5
111867,-307.07,-579.01,1122.16,35420.0,48807.5,132527.5
111896,-302.32,-590.48,1089.22,-21157.5,28875.0,162312.5
111924,-224.72,-599.51,1094.22,-19145.0,15452.5,146230.0
111953,-93.21,-589.5,1120.81,-2765.0,17062.5,93870.0
111982,61.37,-557.66,1154.61,17675.0,25480.0,27090.0
112010,210.82,-521.31,1173.64,45290.0,-5617.5,-42210.0
112039,326.72,-500.93,1166.2,45570.0,-59132.5,-101360.0
112067,387.72,-503.62,1144.12,17570.0,-67305.0,-148172.5
112096,375.64,-518.87,1118.25,-12740.0,-647.5,-162295.0
112124,275.96,-536.07,1092.88,-24132.5,56227.5,-131705.0
112153,81.74,-548.51,1087.02,-27072.5,-66045.0,-51975.0
112181,-124.93,-543.51,1112.03,-24780.0,-42000.0,33407.5
112210,-254.37,-530.7,1108.25,19407.5,45937.5,79642.5
112239,-317.93,-528.87,1071.4,-20370.0,33442.5,122990.0
112268,-323.54,-539.73,1057.37,-32410.0,23975.0,150272.5
112296,-271.08,-555.34,1060.18,-25987.5,21332.5,145915.0
112324,-172.39,-560.71,1076.53,-28367.5,23467.5,121380.0
112352,-36.6,-546.56,1111.42,-22347.5,21280.0,65345.0
112380,108.34,-519.96,1149.0,2030.0,-2957.5,-3885.0
112409,229.73,-499.1,1168.27,26127.5,-43120.0,-61827.5
112437,312.32,-495.69,1164.61,26390.0,-72730.0,-112087.5
112466,342.7,-504.59,1146.56,11567.5,-59762.5,-140857.5
112494,319.76,-512.77,1119.72,-4427.5,15120.0,-148925.0
112523,206.67,-527.04,1084.95,-9677.5,32147.5,-119735.0
112551,-10.37,-541.31,1085.19,-49892.5,-39217.5,-20265.0
112580,-203.01,-537.04,1111.54,-7910.0,26827.5,60287.5
112609,-297.8,-528.14,1091.9,8365.0,63647.5,97195.0
112637,-327.94,-528.99,1070.06,-34930.0,14070.0,128817.5
112665,-302.19,-537.04,1086.41,-23362.5,11392.5,134260.0
112693,-225.21,-540.46,1110.81,-4620.0,26407.5,108412.5
112722,-108.21,-526.55,1142.9,5145.0,16817.5,63052.5
112750,24.03,-501.66,1173.52,30905.0,-4270.0,2450.0
112779,144.33,-480.56,1183.52,41072.5,-28175.0,-59552.5
112807,239.36,-474.58,1180.72,34160.0,-46812.5,-121870.0
112836,291.34,-488.85,1169.74,24972.5,-42840.0,-170677.5
112864,287.55,-510.69,1158.39,-700.0,-15715.0,-181212.5
112893,220.82,-527.77,1165.1,18707.5,-22470.0,-162470.0
112921,77.71,-540.34,1168.15,50960.0,-60130.0,-108342.5
112950,-102.24,-541.92,1154.85,18742.5,2852.5,-39672.5
112979,-249.61,-530.94,1128.62,5827.5,54862.5,28805.0
113007,-336.35,-522.77,1089.22,-14420.0,30607.5,90667.5
113036,-362.1,-523.01,1065.43,-53182.5,27720.0,118772.5
113064,-330.13,-522.77,1070.67,-50645.0,33127.5,124740.0
113093,-247.9,-513.38,1088.85,-34405.0,22435.0,107940.0
113121,-123.71,-493.25,1120.81,-45272.5,41702.5,63052.5
113150,16.1,-464.94,1167.78,-25042.5,30957.5,-15347.5
113178,129.93,-436.76,1211.83,21140.0,-16187.5,-74707.5
113207,211.79,-423.22,1231.1,72170.0,-16712.5,-117215.0
113235,262.3,-431.39,1204.51,82740.0,-22505.0,-158987.5
113264,251.81,-461.28,1151.92,17080.0,-46287.5,-174702.5
113292,161.41,-507.28,1124.72,-49455.0,-43960.0,-143885.0
113321,1.95,-545.95,1136.31,-38640.0,-66815.0,-86625.0
113350,-183.85,-561.32,1150.22,11620.0,-27352.5,7157.5
113378,-320.86,-569.74,1133.38,24430.0,50977.5,100222.5
113407,-377.22,-584.38,1096.05,-6982.5,59325.0,142222.5
113435,-377.1,-600.0,1069.82,-34702.5,10430.0,158690.0
113464,-331.96,-612.2,1076.28,-35507.5,-11427.5,159022.5
113492,-235.34,-614.51,1108.86,-9257.5,20790.0,126210.0
113521,-96.75,-593.65,1149.48,-2345.0,45885.0,68442.5
113549,50.63,-553.39,1197.43,5740.0,15435.0,-7157.5
113578,166.65,-517.65,1232.57,53287.5,-29540.0,-78977.5
113606,238.51,-501.66,1224.88,75180.0,-37467.5,-123287.5
113635,274.74,-505.93,1179.01,39585.0,-44572.5,-154997.5
113663,254.13,-529.85,1132.16,-30887.5,-73867.5,-169855.0
113691,156.89,-564.37,1124.84,-79117.5,-57505.0,-141102.5
113719,-5.12,-595.12,1146.8,-42332.5,-37345.0,-77612.5
113747,-183.98,-616.71,1162.9,-2012.5,3010.0,15820.0
113776,-310.86,-631.72,1154.85,9047.5,50120.0,97702.5
113804,-360.27,-648.55,1122.16,-3552.5,36400.0,150517.5
113833,-348.92,-669.9,1090.92,-34072.5,7315.0,167037.5
113861,-283.04,-686.86,1088.24,-52972.5,16835.0,156292.5
113890,-165.92,-684.05,1116.91,-46585.0,21577.5,109217.5
113918,-21.96,-654.41,1167.42,-22190.0,8172.5,40530.0
113947,112.73,-610.61,1219.51,37257.5,8277.5,-41807.5
113976,216.31,-579.26,1236.71,94412.5,3150.0,-95812.5
114004,287.8,-574.99,1207.8,81060.0,-22750.0,-141942.5
114032,303.17,-596.82,1164.37,16170.0,-71820.0,-173092.5
114060,233.51,-636.6,1148.51,-46217.5,-72712.5,-154700.0
114088,85.4,-674.42,1162.29,-38027.5,-32375.0,-95690.0
114116,-88.08,-695.03,1175.1,-5880.0,5495.0,-7350.0
114145,-222.89,-702.6,1168.03,11182.5,31867.5,66132.5
114173,-296.58,-709.8,1141.31,15207.5,17500.0,120277.5
114202,-318.18,-719.31,1107.76,-1540.0,10255.0,149222.5
114230,-293.78,-725.41,1086.04,-20965.0,19320.0,154682.5
114259,-211.79,-722.73,1090.07,-25112.5,30660.0,133192.5
114287,-80.03,-699.79,1121.42,-28472.5,43522.5,73867.5
114315,63.56,-657.82,1173.88,-8855.0,28175.0,-1015.0
114344,182.39,-619.15,1221.46,37065.0,2292.5,-72572.5
114372,260.59,-602.92,1232.69,69650.0,-4655.0,-123900.0
114401,297.44,-617.93,1200.36,60620.0,-21017.5,-157430.0
114429,278.16,-666.73,1149.48,3605.0,-72362.5,-170082.5
114458,159.09,-724.92,1126.3,-65852.5,-105997.5,-132055.0
114486,-34.53,-744.93,1160.46,-78592.5,-27125.0,-34387.5
114515,-193.25,-737.12,1192.79,19810.0,67602.5,44292.5
114543,-281.82,-736.27,1157.54,51170.0,27230.0,102987.5
114572,-327.45,-743.96,1102.88,-4095.0,-8120.0,143832.5
114600,-326.23,-757.74,1076.16,-30940.0,5635.0,164972.5
114628,-264.86,-769.09,1075.67,-42962.5,18112.5,150990.0
114656,-146.4,-765.18,1104.95,-41912.5,27527.5,104177.5
114684,4.39,-737.37,1160.83,-24482.5,26180.0,22172.5
114713,142.5,-696.62,1222.93,24552.5,9117.5,-72660.0
114741,237.41,-669.9,1254.16,92435.0,15750.0,-129990.0
114770,292.92,-673.2,1227.2,114275.0,17395.0,-161612.5
114798,298.9,-712.11,1162.42,54740.0,-40180.0,-179620.0
114827,212.28,-774.09,1115.32,-29610.0,-63262.5,-157027.5
114855,38.06,-817.16,1115.32,-67742.5,-7735.0,-81182.5
114884,-141.89,-825.45,1128.01,-15960.0,44327.5,8942.5
114913,-267.3,-822.77,1097.51,38500.0,15592.5,93415.0
114941,-336.72,-827.16,1035.9,-892.5,-10902.5,144970.0
114970,-355.63,-839.48,990.52,-46357.5,-455.0,165620.0
114998,-323.18,-853.88,972.58,-73167.5,10045.0,159845.0
115027,-236.44,-860.47,989.42,-89757.5,-4147.5,132177.5
115055,-107.36,-849.12,1045.42,-73570.0,-6790.0,69090.0
115084,26.35,-816.3,1121.42,-27317.5,-3150.0,-7560.0
115112,133.22,-778.36,1185.11,41510.0,9275.0,-78977.5
115141,204.35,-762.26,1199.5,106522.5,29312.5,-126035.0
115169,241.56,-777.87,1156.8,104790.0,15172.5,-152810.0
115198,228.02,-822.77,1098.24,37222.5,-37782.5,-163660.0
115226,122.12,-872.67,1072.14,-28472.5,-49350.0,-140945.0
115254,-59.54,-887.55,1082.14,-31552.5,2537.5,-54652.5
115283,-217.4,-875.84,1078.24,17325.0,45342.5,41702.5
115311,-314.76,-868.4,1027.97,14227.5,16870.0,101867.5
115340,-378.44,-869.74,967.58,-40460.0,-21017.5,164377.5
115368,-400.53,-881.57,940.99,-78942.5,-17640.0,215390.0
115397,-363.44,-902.31,957.33,-82302.5,18620.0,212765.0
115425,-275.6,-919.39,1003.08,-38185.0,24290.0,176977.5
115454,-152.38,-927.32,1058.84,13195.0,4007.5,103250.0
115482,-25.86,-927.32,1109.71,49997.5,-11182.5,-13842.5
115511,61.49,-923.3,1135.94,76842.5,-30257.5,-95865.0
115540,105.65,-924.76,1132.16,72992.5,-31517.5,-148365.0
115568,108.7,-937.45,1106.78,54460.0,-52325.0,-186287.5
115596,54.9,-949.89,1077.14,14910.0,-33705.0,-200672.5
115624,-56.73,-949.28,1060.67,-9275.0,-4357.5,-152232.5
115653,-208.25,-931.35,1050.18,-14997.5,-20772.5,-80342.5
115681,-360.39,-898.41,1035.29,-9450.0,-18252.5,21385.0
115710,-469.82,-870.96,1007.35,2537.5,-5127.5,112175.0
115738,-529.97,-861.56,969.17,-14000.0,1242.5,163922.5
115767,-548.51,-873.28,938.67,-31237.5,7927.5,214375.0
115795,-492.39,-904.14,936.47,-43102.5,37712.5,217910.0
115824,-353.56,-924.03,974.29,-49262.5,49350.0,107712.5
115852,-203.13,-916.46,1047.0,-12705.0,-24237.5,5862.5
115880,-85.16,-889.87,1127.04,33355.0,-34335.0,-60375.0
115909,4.64,-865.22,1168.88,63525.0,25900.0,-125982.5
115937,60.51,-863.15,1154.49,82827.5,12915.0,-169032.5
115966,63.68,-884.01,1107.27,61757.5,-68845.0,-196385.0
115994,-34.77,-910.12,1071.89,3255.0,-120505.0,-183137.5
116023,-219.11,-904.75,1082.38,-33425.0,-29382.5,-70962.5
116051,-373.08,-869.13,1092.14,-5407.5,86660.0,35490.0
116080,-459.09,-840.21,1054.57,10412.5,43837.5,104527.5
116108,-509.96,-834.72,1000.64,-9310.0,1750.0,158935.0
116137,-520.21,-857.42,969.17,-51835.0,35735.0,193637.5
116165,-452.13,-890.23,989.66,-91297.5,81147.5,168455.0
116193,-317.2,-896.21,1064.82,-76440.0,43137.5,67042.5
116222,-187.27,-873.03,1161.68,-6037.5,-20457.5,-9712.5
116250,-88.57,-842.29,1236.96,57645.0,1715.0,-69737.5
116279,-14.15,-820.21,1257.21,101377.5,38027.5,-121660.0
116307,22.08,-816.3,1217.44,110582.5,-8697.5,-138722.5
116336,2.68,-828.87,1154.12,57697.5,-83230.0,-146457.5
116364,-94.18,-850.58,1115.81,-892.5,-90317.5,-139965.0
116393,-261.57,-852.9,1112.64,-4445.0,-51660.0,-59325.0
116421,-423.1,-826.43,1106.42,15995.0,15190.0,41212.5
116450,-525.82,-806.3,1066.77,11795.0,23975.0,122517.5
116479,-575.35,-811.54,1020.16,-19355.0,15470.0,188947.5
116507,-563.15,-833.26,1008.7,-54267.5,40092.5,228865.0
116536,-472.87,-853.27,1045.3,-43750.0,27072.5,201582.5
116564,-326.96,-858.88,1107.64,13405.0,-8435.0,109357.5
116593,-168.85,-843.14,1166.93,49560.0,-10045.0,-5862.5
116621,-34.89,-814.23,1202.43,64505.0,-12740.0,-95585.0
116650,57.95,-795.2,1198.89,65992.5,-24937.5,-152880.0
116678,103.46,-798.86,1159.12,43627.5,-47792.5,-192902.5
116707,76.86,-830.33,1113.86,-11497.5,-105770.0,-203980.0
116735,-60.88,-865.47,1122.28,-71400.0,-123462.5,-162487.5
116764,-260.23,-853.63,1190.35,-43750.0,-16467.5,-44292.5
116792,-412.36,-812.15,1220.73,46777.5,56192.5,52605.0
116820,-498.74,-792.15,1169.74,46707.5,34457.5,118352.5
116849,-544.36,-796.17,1104.95,-10657.5,24465.0,179935.0
116877,-538.14,-818.62,1078.97,-56962.5,61127.5,218960.0
116906,-453.23,-849.24,1098.0,-78172.5,91647.5,183627.5
116934,-304.39,-861.08,1155.46,-55247.5,55370.0,84542.5
116963,-148.84,-839.73,1235.86,6020.0,4742.5,-3395.0
116992,-23.18,-805.08,1298.69,62072.5,8207.5,-81515.0
117021,65.76,-785.68,1307.35,93852.5,9852.5,-136150.0
117050,110.78,-791.29,1263.31,87097.5,-26250.0,-168752.5
117079,90.4,-814.35,1207.92,28437.5,-99347.5,-168402.5
117108,-16.47,-841.68,1194.62,-23887.5,-113207.5,-140857.5
117136,-197.27,-848.51,1215.97,-2275.0,-43907.5,-72117.5
117164,-373.44,-821.18,1214.75,29890.0,19320.0,24587.5
117192,-486.9,-790.93,1175.1,14787.5,16940.0,102865.0
117221,-541.19,-783.0,1128.99,-15207.5,21927.5,159302.5
117249,-539.73,-790.56,1104.83,-51677.5,59132.5,183172.5
117278,-476.53,-803.86,1114.35,-63402.5,74550.0,171990.0
117306,-352.95,-809.59,1157.66,-46252.5,57522.5,106750.0
117335,-198.98,-794.83,1229.27,-7280.0,22592.5,20965.0
117363,-56.24,-764.7,1304.67,44117.5,10482.5,-65730.0
117392,51.48,-747.86,1341.02,89267.5,13772.5,-131425.0
117421,114.68,-760.3,1315.53,107940.0,-17552.5,-168280.0
117449,113.95,-804.96,1249.65,58047.5,-104142.5,-188247.5
117477,-2.32,-866.32,1209.63,-26512.5,-187600.0,-169085.0
117505,-215.21,-881.45,1246.47,-55125.0,-102007.5,-51957.5
117533,-397.72,-840.58,1297.47,15225.0,19845.0,45325.0
117561,-501.66,-807.52,1278.8,57802.5,26372.5,108832.5
117590,-550.1,-808.62,1221.71,25462.5,15032.5,166250.0
117618,-539.36,-828.01,1180.11,-26005.0,58642.5,194512.5
117647,-456.52,-850.83,1170.96,-61372.5,84997.5,177170.0
117675,-302.07,-861.81,1207.8,-55615.0,54757.5,100380.0
117704,-125.66,-847.41,1282.46,-3692.5,21927.5,-8470.0
117733,19.15,-822.16,1346.51,67725.0,19302.5,-98472.5
117761,123.95,-813.01,1350.42,107100.0,18585.0,-163310.0
117789,174.83,-831.06,1291.0,88602.5,-44502.5,-194985.0
117817,131.52,-877.91,1229.03,-7892.5,-155225.0,-174195.0
117845,-36.97,-916.34,1245.38,-87255.0,-140927.5,-97212.5
117873,-231.56,-904.02,1322.85,-14682.5,20072.5,21647.5
117902,-354.53,-869.86,1340.41,97335.0,65887.5,75302.5
117930,-433.83,-850.1,1273.92,72222.5,12495.0,147315.0
117959,-473.85,-847.05,1209.75,35.0,40302.5,192797.5
117988,-445.18,-862.42,1184.74,-36872.5,73062.5,217875.0
118017,-345.5,-879.38,1198.77,-50610.0,82355.0,155522.5
118045,-201.91,-876.81,1252.09,-24482.5,62247.5,72975.0
118073,-49.29,-858.88,1318.09,37677.5,29172.5,-28262.5
118102,68.2,-839.36,1350.05,81095.0,-17412.5,-113715.0
118130,127.37,-827.65,1333.7,74812.5,-46602.5,-160335.0
118159,129.2,-832.28,1284.54,35455.0,-70647.5,-186585.0
118187,33.06,-856.44,1239.03,-31500.0,-155557.5,-169767.5
118216,-166.9,-857.29,1259.04,-80115.0,-151672.5,-48177.5
118244,-351.6,-816.18,1321.99,-8540.0,14070.0,55667.5
118273,-453.72,-785.92,1320.77,86817.5,72992.5,117005.0
118301,-491.42,-790.32,1253.92,39480.0,61915.0,177345.0
118330,-460.31,-810.45,1209.39,-48352.5,59132.5,199290.0
118358,-353.92,-827.77,1227.56,-69335.0,32742.5,159530.0
118387,-199.35,-830.7,1286.12,-18410.0,29067.5,61005.0
118416,-42.94,-818.99,1341.39,51152.5,18567.5,-34930.0
118444,81.13,-805.44,1358.96,88917.5,1907.5,-118177.5
118473,160.55,-802.76,1324.31,82390.0,-16607.5,-177135.0
118501,178.12,-813.5,1258.55,30817.5,-52465.0,-210087.5
118530,108.34,-844.97,1208.29,-40862.5,-123637.5,-185447.5
118558,-63.32,-873.28,1211.83,-78855.0,-155610.0,-96162.5
118587,-261.32,-851.93,1270.26,-51887.5,-32550.0,31150.0
118615,-386.37,-815.69,1309.3,38185.0,75092.5,102270.0
118644,-433.83,-813.01,1280.76,57925.0,71732.5,151042.5
118672,-429.44,-829.23,1228.54,700.0,62580.0,174125.0
118701,-362.1,-848.63,1211.7,-61442.5,44170.0,188195.0
118729,-213.13,-855.34,1255.62,-70070.0,40827.5,101010.0
118757,-43.43,-837.29,1327.85,2310.0,3307.5,-17920.0
118786,92.35,-809.1,1377.26,75810.0,-15855.0,-99802.5
118814,196.18,-795.93,1369.82,103057.5,-4200.0,-173145.0
118843,236.68,-807.76,1301.5,83702.5,-56595.0,-202650.0
118871,149.82,-854.12,1224.03,-14420.0,-152022.5,-173197.5
118900,-54.53,-900.48,1230.25,-97072.5,-161035.0,-38167.5
118928,-229.73,-887.92,1315.4,-55370.0,-17727.5,63857.5
118957,-315.74,-861.32,1362.62,65537.5,57995.0,84490.0
118985,-346.97,-864.98,1321.26,81060.0,84420.0,115920.0
119014,-323.54,-868.4,1259.04,-1347.5,54932.5,132475.0
119043,-245.83,-857.66,1245.01,-40985.0,17622.5,132825.0
119071,-109.68,-832.89,1273.07,-28787.5,40530.0,80097.5
119100,52.46,-792.02,1312.23,9905.0,47827.5,-8522.5
119128,181.17,-749.57,1339.19,53042.5,-2975.0,-83405.0
119157,250.34,-728.83,1327.36,69930.0,-15067.5,-127592.5
119185,261.2,-733.59,1275.14,47005.0,-30730.0,-153055.0
119214,189.59,-758.11,1222.44,-10710.0,-64732.5,-149152.5
119242,26.72,-775.19,1213.17,-53025.0,-76527.5,-73535.0
119271,-156.89,-753.23,1244.16,-27230.0,-19547.5,26547.5
119299,-282.55,-722.48,1255.62,40127.5,60235.0,82617.5
119328,-341.72,-714.92,1214.63,43540.0,68827.5,109182.5
119356,-348.68,-718.21,1164.86,-7595.0,43207.5,132370.0
119384,-301.34,-718.95,1142.65,-45710.0,47862.5,129710.0
119412,-199.1,-706.14,1161.56,-61005.0,36557.5,96355.0
119440,-56.12,-674.9,1226.22,-40092.5,12985.0,35875.0
119469,81.98,-635.74,1303.69,11900.0,-11200.0,-48422.5
119497,167.38,-612.44,1345.66,73167.5,-21105.0,-111685.0
119526,202.15,-619.27,1327.24,96407.5,-21787.5,-147595.0
119554,176.9,-652.94,1270.51,59237.5,-71715.0,-174195.0
119583,39.53,-686.37,1233.54,2222.5,-137322.5,-120785.0
119611,-156.89,-688.45,1240.98,-12442.5,-20247.5,-4340.0
119640,-299.14,-673.93,1235.13,21980.0,101202.5,64382.5
119668,-367.22,-668.8,1184.62,2275.0,78575.0,113872.5
119696,-376.37,-669.78,1137.28,-55965.0,55195.0,137462.5
119724,-323.42,-664.9,1133.87,-94447.5,56507.5,124232.5
119752,-213.87,-642.45,1184.38,-78120.0,-4812.5,86695.0
119781,-75.27,-603.9,1262.46,-17675.0,-37572.5,27842.5
119809,49.65,-565.47,1325.65,26407.5,32410.0,-61460.0
119838,127.86,-545.34,1351.76,82985.0,-4935.0,-107030.0
119866,153.48,-549.0,1335.41,101430.0,-35857.5,-132807.5
119895,117.61,-569.01,1286.12,71312.5,-56315.0,-146072.5
119923,-8.91,-592.07,1235.49,27667.5,-102725.0,-103722.5
119952,-188.61,-599.39,1213.17,910.0,-49910.0,560.0
119981,-325.62,-593.04,1197.55,-3447.5,56665.0,75530.0
120009,-389.91,-591.94,1158.39,-18410.0,72467.5,121887.5
120037,-393.45,-600.12,1119.72,-60130.0,47372.5,154367.5
120065,-319.03,-605.49,1127.52,-99522.5,35910.0,146842.5
120094,-179.95,-593.29,1183.28,-83125.0,-8662.5,76597.5
120122,-35.87,-563.4,1253.67,-18480.0,-21910.0,-2922.5
120151,81.62,-535.09,1300.76,49857.5,32217.5,-83667.5
120179,153.11,-526.31,1299.3,96320.0,18917.5,-138162.5
120208,164.46,-539.12,1254.4,92487.5,-32900.0,-160212.5
120236,89.67,-564.62,1198.04,34422.5,-102690.0,-149205.0
120265,-77.47,-579.99,1179.62,-17080.0,-123042.5,-50365.0
120293,-255.22,-570.47,1197.19,-16362.5,-10762.5,50207.5
120321,-377.22,-562.18,1191.7,14402.5,72537.5,115517.5
120350,-425.9,-580.72,1151.8,-7315.0,93852.5,171325.0
120378,-378.57,-608.17,1133.01,-68827.5,96600.0,161017.5
120407,-255.71,-615.25,1169.49,-82792.5,19127.5,102690.0
120435,-103.46,-600.36,1245.38,-32655.0,-42787.5,42157.5
120464,44.53,-577.55,1315.4,33740.0,7577.5,-47232.5
120493,147.86,-564.86,1338.1,88252.5,3290.0,-118842.5
120522,176.78,-568.03,1306.38,97597.5,-27020.0,-141575.0
120550,134.57,-575.84,1248.3,51152.5,-34055.0,-131810.0
120579,14.4,-577.55,1208.04,2135.0,-59062.5,-89407.5
120608,-148.84,-566.32,1202.07,-630.0,-52727.5,-9590.0
120636,-287.68,-546.19,1195.84,21542.5,5670.0,47267.5
120665,-381.01,-535.58,1158.63,12512.5,52640.0,98210.0
120693,-421.39,-543.75,1109.47,-24850.0,59867.5,138442.5
120722,-389.79,-558.76,1088.85,-72572.5,80202.5,144235.0
120750,-284.63,-561.57,1113.62,-84857.5,53812.5,97457.5
120779,-138.35,-543.02,1178.4,-53200.0,-20370.0,44117.5
120807,10.49,-511.91,1256.6,4567.5,-10185.0,-35227.5
120836,119.07,-491.66,1300.4,65782.5,-6912.5,-106960.0
120864,166.9,-493.49,1286.73,93975.0,-24710.0,-143902.5
120893,148.35,-507.28,1228.66,64890.0,-53130.0,-154612.5
120921,30.01,-520.7,1174.37,-1557.5,-99487.5,-111527.5
120949,-154.21,-523.99,1174.25,-32795.0,-73272.5,7192.5
120978,-301.1,-512.4,1203.77,-5232.5,18795.0,72520.0
121006,-378.57,-502.4,1199.63,26740.0,65100.0,104002.5
121035,-387.96,-505.57,1161.44,10255.0,56227.5,136727.5
121063,-320.98,-508.25,1139.48,-32760.0,32672.5,126630.0
121092,-196.42,-495.81,1161.44,-48720.0,15085.0,83020.0
121120,-47.46,-467.75,1209.14,-17237.5,19512.5,13352.5
121149,80.52,-441.4,1242.69,39410.0,2695.0,-63210.0
121178,146.03,-431.39,1237.08,64172.5,-32830.0,-101920.0
121207,140.79,-432.49,1203.77,36067.5,-56647.5,-106330.0
121235,63.32,-429.81,1181.69,-11112.5,-51607.5,-99802.5
121263,-80.64,-413.21,1190.35,-11270.0,-73920.0,-39532.5
121291,-228.38,-386.37,1206.09,18987.5,-21805.0,34615.0
121319,-318.05,-367.22,1190.96,28647.5,77472.5,74760.0
121348,-343.31,-363.93,1146.31,105.0,77857.5,104685.0
121376,-302.32,-366.12,1118.86,-42280.0,12040.0,118597.5
121405,-189.34,-358.56,1136.67,-46812.5,-23520.0,97002.5
121433,-28.55,-342.45,1178.52,-4760.0,2345.0,21175.0
121462,109.8,-330.5,1206.46,42717.5,8557.5,-71032.5
121491,178.97,-326.11,1197.06,56997.5,-21647.5,-109357.5
121520,177.88,-325.62,1157.54,27352.5,-43505.0,-121100.0
121548,95.53,-320.37,1125.08,-14840.0,-50942.5,-99242.5
121576,-53.31,-305.61,1128.99,-27142.5,-71295.0,-23590.0
121604,-196.3,-283.65,1149.61,-1977.5,-8067.5,50365.0
121632,-274.99,-269.25,1143.14,14542.5,85260.0,87062.5
121661,-289.99,-268.4,1111.3,-7700.0,95340.0,109620.0
121689,-245.1,-271.94,1096.9,-41247.5,40792.5,111055.0
121718,-144.94,-272.79,1118.25,-41300.0,35.0,76090.0
121747,-10.13,-269.13,1160.95,-16012.5,6107.5,17972.5
121776,121.15,-265.47,1197.31,23712.5,11532.5,-57820.0
121804,203.98,-269.99,1204.26,44380.0,-23730.0,-107030.0
121833,221.06,-282.19,1182.06,33775.0,-51030.0,-127295.0
121861,153.6,-292.07,1151.19,1697.5,-69230.0,-120120.0
121890,5.86,-288.16,1152.17,-16660.0,-64435.0,-51450.0
121919,-143.11,-269.99,1178.28,13282.5,9257.5,19547.5
121947,-237.17,-254.98,1166.81,35192.5,64575.0,59185.0
121976,-276.09,-252.17,1121.06,4042.5,54022.5,99995.0
122004,-244.12,-253.15,1100.68,-39375.0,38342.5,108220.0
122033,-138.96,-246.81,1121.67,-46550.0,2887.5,70875.0
122061,6.22,-232.17,1161.44,-13317.5,-4655.0,7612.5
122090,143.47,-220.94,1187.55,26215.0,2100.0,-67112.5
122119,219.23,-223.63,1179.86,40022.5,-26285.0,-116340.0
122148,193.13,-238.39,1144.24,14227.5,-65380.0,-123060.0
122176,62.46,-248.15,1136.55,-38290.0,-87937.5,-72467.5
122205,-104.43,-239.36,1181.57,-22592.5,-47827.5,11217.5
122233,-224.48,-229.36,1199.26,44065.0,39655.0,70577.5
122261,-269.25,-233.26,1161.2,26880.0,87657.5,110757.5
122290,-232.29,-239.85,1131.67,-26267.5,76177.5,113102.5
122318,-120.54,-238.63,1144.6,-34720.0,11165.0,78155.0
122347,28.55,-227.29,1183.64,-5267.5,2502.5,9100.0
122376,159.09,-215.33,1211.09,38412.5,5950.0,-64557.5
122405,227.9,-213.26,1201.58,49227.5,-17552.5,-111195.0
122433,211.3,-221.55,1163.88,22260.0,-38220.0,-129587.5
122462,90.89,-231.68,1136.06,-16292.5,-73920.0,-91612.5
122490,-76.98,-231.31,1149.48,-13860.0,-56087.5,13790.0
122519,-194.96,-226.92,1156.07,28507.5,48807.5,78347.5
122548,-236.8,-230.34,1118.25,16292.5,76335.0,110355.0
122576,-209.47,-235.22,1086.53,-38587.5,43015.0,112560.0
122605,-123.83,-234.24,1094.58,-52325.0,-70.0,79677.5
122633,0.24,-226.19,1130.82,-29715.0,0.0,28770.0
122662,135.66,-216.67,1168.52,13860.0,17780.0,-44135.0
122690,235.95,-216.18,1178.52,40512.5,-10430.0,-108745.0
122719,268.64,-227.9,1159.85,29400.0,-39480.0,-139807.5
122747,228.51,-245.71,1135.82,-2170.0,-42822.5,-142450.0
122776,102.97,-258.64,1133.75,-23117.5,-68967.5,-99015.0
122804,-64.9,-257.18,1159.0,1172.5,-62177.5,297.5
122833,-193.0,-251.56,1168.64,35350.0,34230.0,67445.0
122862,-261.57,-257.3,1135.58,25007.5,81760.0,120312.5
122890,-269.13,-274.5,1099.59,-17937.5,57452.5,160422.5
122918,-205.08,-295.73,1090.07,-43785.0,23695.0,147472.5
122946,-84.67,-309.27,1110.69,-45832.5,-175.0,82932.5
122975,50.26,-309.27,1155.34,-12092.5,24885.0,472.5
123004,161.53,-302.8,1187.79,41965.0,28857.5,-68425.0
123033,234.12,-300.61,1181.08,61757.5,-8330.0,-113767.5
123061,262.06,-306.46,1146.8,38640.0,-48825.0,-145075.0
123090,238.27,-311.95,1120.2,-8697.5,-52080.0,-144865.0
123118,152.26,-313.3,1121.18,-34877.5,-44467.5,-116340.0
123147,2.56,-311.34,1144.36,-16870.0,-67410.0,-42525.0
123176,-149.33,-306.22,1167.66,15732.5,-3465.0,43715.0
123204,-247.9,-305.98,1159.0,27352.5,63437.5,96372.5
123233,-293.78,-318.3,1128.13,8645.0,56857.5,140595.0
123261,-278.04,-338.92,1111.66,-25060.0,53672.5,157307.5
123290,-191.05,-356.73,1120.2,-39637.5,43960.0,128240.0
123318,-53.44,-362.22,1149.73,-29627.5,14962.5,64750.0
123347,91.99,-355.02,1190.23,4480.0,14490.0,-15207.5
123376,201.91,-347.21,1212.68,44537.5,-7332.5,-85592.5
123405,255.96,-350.02,1199.02,58012.5,-41492.5,-122167.5
123433,256.93,-358.8,1163.39,26862.5,-47530.0,-133910.0
123462,206.06,-362.95,1143.26,-16257.5,-46637.5,-124215.0
123490,92.11,-354.78,1155.1,-19075.0,-63402.5,-86730.0
123518,-61.85,-340.75,1172.42,16345.0,-44625.0,-8767.5
123547,-191.91,-327.69,1170.35,17272.5,32865.0,54057.5
123575,-272.06,-320.01,1148.75,5267.5,57120.0,98910.0
123604,-305.24,-325.37,1125.08,-4655.0,38535.0,136867.5
123632,-278.89,-337.82,1119.96,-26827.5,54617.5,138967.5
123661,-195.57,-347.46,1132.4,-30047.5,50837.5,106172.5
123689,-80.03,-347.94,1154.12,-18375.0,13195.0,64697.5
123718,48.68,-341.11,1179.74,1050.0,8890.0,3360.0
123747,154.57,-335.26,1193.04,25305.0,2205.0,-72240.0
123776,207.16,-336.96,1183.52,34597.5,-35752.5,-106330.0
123804,217.89,-345.14,1164.25,14892.5,-51240.0,-116987.5
123833,198.25,-352.09,1160.22,-9450.0,-33810.0,-121170.0
123861,147.86,-352.58,1175.35,-420.0,-30730.0,-113312.5
123889,66.61,-344.04,1190.35,18252.5,-30397.5,-90125.0
123918,-36.72,-325.5,1187.79,24062.5,-10325.0,-54547.5
123946,-145.91,-300.61,1165.59,19652.5,-1627.5,-1575.0
123975,-238.63,-280.36,1134.11,12722.5,9047.5,54862.5
124003,-303.05,-274.38,1102.76,-3640.0,15872.5,99015.0
124032,-340.14,-282.31,1082.38,-19827.5,15312.5,130970.0
124060,-343.92,-302.07,1070.43,-20982.5,33705.0,149887.5
124089,-299.51,-327.69,1060.91,-29400.0,54425.0,146177.5
124117,-193.0,-348.31,1064.08,-46130.0,24045.0,118492.5
124146,-32.7,-359.78,1106.78,-56315.0,-56472.5,46375.0
124175,114.92,-361.85,1169.25,22207.5,17622.5,-52115.0
124203,208.38,-363.68,1193.4,74567.5,37677.5,-91857.5
124232,257.18,-371.25,1175.71,71557.5,-18060.0,-118615.0
124260,271.33,-379.42,1145.7,33845.0,-26057.5,-136745.0
124289,251.93,-388.69,1114.59,10220.0,-25970.0,-147805.0
124317,182.02,-393.45,1098.98,-16292.5,-45535.0,-128957.5
124346,71.61,-387.72,1111.18,-27842.5,-33757.5,-82425.0
124374,-61.85,-373.69,1122.52,3342.5,-20825.0,-33075.0
124403,-190.93,-356.24,1112.27,20177.5,3080.0,37397.5
124432,-279.62,-345.26,1084.7,10167.5,34352.5,91210.0
124461,-327.2,-347.33,1051.64,-7857.5,32987.5,123585.0
124490,-336.35,-360.88,1029.68,-28857.5,33810.0,149590.0
124518,-276.94,-377.71,1036.15,-45517.5,39970.0,142660.0
124546,-153.11,-381.25,1074.82,-41072.5,16537.5,82932.5
124574,-10.13,-368.2,1132.89,-10640.0,1190.0,19512.5
124603,115.41,-352.58,1177.18,39497.5,11707.5,-45955.0
124631,198.13,-344.65,1174.13,67340.0,-4025.0,-94710.0
124660,226.8,-345.38,1131.67,36925.0,-29960.0,-126910.0
124688,195.2,-350.63,1096.9,-22627.5,-45080.0,-126437.5
124717,110.29,-353.31,1105.32,-40162.5,-48562.5,-92015.0
124745,-11.96,-348.92,1134.11,507.5,-55895.0,-43837.5
124774,-137.49,-337.94,1139.48,36750.0,-9625.0,16975.0
124803,-227.53,-324.28,1110.32,23082.5,48492.5,73465.0
124831,-272.43,-317.08,1071.28,-8627.5,40442.5,113172.5
124860,-275.48,-320.98,1049.81,-32690.0,6860.0,133192.5
124888,-236.92,-328.91,1053.1,-40617.5,-8417.5,126437.5
124917,-163.6,-334.16,1066.77,-26092.5,10675.0,104195.0
124945,-58.8,-334.4,1080.8,-13597.5,22120.0,63857.5
124974,65.64,-331.11,1095.56,1382.5,5267.5,2030.0
125003,176.66,-331.35,1101.78,15067.5,-16240.0,-65572.5
125032,245.83,-340.62,1095.93,8207.5,-13212.5,-115762.5
125060,262.79,-355.39,1090.68,-1785.0,-4270.0,-139615.0
125089,227.65,-367.22,1094.71,-2257.5,5057.5,-140665.0
125118,133.47,-369.29,1105.81,2310.0,-5390.0,-118142.5
125146,-1.71,-359.41,1111.18,24815.0,-1190.0,-53497.5
125175,-128.95,-342.09,1094.58,32602.5,19950.0,17167.5
125203,-221.19,-326.47,1057.74,17412.5,24920.0,75390.0
125232,-271.33,-319.64,1019.43,-9380.0,7735.0,111982.5
125260,-281.33,-322.57,1001.38,-35105.0,735.0,131057.5
125289,-250.1,-331.6,1005.16,-37625.0,6580.0,127802.5
125317,-173.24,-341.6,1022.48,-48877.5,-42157.5,114257.5
125346,-59.54,-348.31,1057.98,-7682.5,-8557.5,50260.0
125375,56.36,-347.94,1094.34,39235.0,53585.0,-13212.5
125404,141.76,-342.21,1097.39,66080.0,11532.5,-54880.0
125433,196.42,-335.5,1070.92,34702.5,-24990.0,-92802.5
125461,218.75,-333.06,1039.07,-14840.0,-28000.0,-124950.0
125489,199.84,-332.57,1027.36,-43715.0,-14857.5,-123480.0
125517,146.89,-331.11,1033.71,-34842.5,-822.5,-108097.5
125546,53.92,-326.84,1047.98,-17535.0,-29785.0,-70035.0
125574,-64.42,-318.54,1067.5,10360.0,-18147.5,-7700.0
125603,-172.75,-308.17,1072.5,33215.0,14840.0,47092.5
125631,-249.86,-301.1,1053.1,34440.0,34317.5,100257.5
125660,-277.18,-303.9,1022.6,4987.5,38465.0,133402.5
125688,-246.68,-313.66,1008.94,-28962.5,27265.0,134207.5
125717,-173.36,-322.81,1021.02,-31412.5,-7262.5,110915.0
125745,-73.08,-328.67,1044.56,-13562.5,-8260.0,69142.5
125773,39.77,-331.84,1066.65,9450.0,-3325.0,9485.0
125802,140.18,-332.57,1077.75,24325.0,-455.0,-49945.0
125830,206.91,-334.77,1071.16,20002.5,2135.0,-102462.5
125859,233.39,-339.77,1058.84,-3132.5,297.5,-132597.5
125887,219.72,-347.82,1059.33,-16222.5,12652.5,-153580.0
125916,151.52,-360.75,1069.33,9887.5,-3517.5,-146475.0
125944,14.27,-368.44,1074.82,31132.5,-35980.0,-90195.0
125973,-133.96,-362.95,1068.23,34475.0,437.5,4690.0
126002,-231.19,-351.73,1039.07,33740.0,38185.0,64680.0
126031,-289.87,-343.31,997.84,-9100.0,26810.0,110985.0
126060,-312.56,-347.21,974.78,-45640.0,175.0,161875.0
126088,-268.52,-362.1,984.05,-59710.0,-6737.5,162802.5
126117,-171.65,-372.1,1015.65,-27965.0,-7017.5,105770.0
126145,-47.34,-370.51,1048.83,6370.0,-1452.5,53182.5
126174,80.4,-363.44,1072.38,27352.5,980.0,-31150.0
126203,174.95,-356.73,1076.04,38885.0,-1032.5,-89757.5
126232,227.16,-356.73,1058.84,23800.0,3500.0,-137550.0
126260,221.19,-363.93,1037.37,-7735.0,4532.5,-157570.0
126289,144.45,-368.93,1033.58,-23852.5,-4690.0,-132947.5
126317,3.42,-366.12,1043.95,4672.5,-36312.5,-67375.0
126346,-151.77,-360.39,1038.95,37100.0,-10185.0,15820.0
126374,-264.13,-356.0,1007.72,17815.0,30992.5,77945.0
126402,-324.64,-358.19,969.41,-14507.5,20895.0,128975.0
126431,-326.11,-371.98,955.75,-52062.5,5757.5,148190.0
126459,-264.5,-387.84,977.34,-46917.5,-2170.0,130655.0
126488,-143.84,-394.3,1024.07,-21700.0,6142.5,88760.0
126516,11.59,-388.69,1079.21,23047.5,14315.0,10360.0
126545,148.35,-377.71,1111.42,62895.0,1417.5,-65292.5
126573,235.58,-373.44,1104.83,56962.5,-15277.5,-119665.0
126602,258.15,-379.42,1079.7,7822.5,-6807.5,-153930.0
126630,204.72,-391.01,1067.38,-27055.0,17045.0,-145600.0
126659,76.62,-399.31,1078.48,-10535.0,-20387.5,-102252.5
126687,-97.36,-400.4,1085.56,47390.0,-52727.5,-29767.5
126715,-249.98,-397.6,1053.1,60357.5,5005.0,48510.0
126744,-343.92,-399.06,985.03,14017.5,43942.5,105280.0
126772,-388.57,-414.68,924.03,-53655.0,9275.0,150080.0
126801,-366.0,-442.37,914.27,-91070.0,-9625.0,168507.5
126829,-266.57,-464.58,960.99,-56875.0,5547.5,124127.5
126858,-107.12,-465.19,1040.78,-227.5,54880.0,62772.5
126886,77.59,-446.64,1117.76,60707.5,60165.0,-29190.0
126915,224.36,-430.42,1155.58,92750.0,-18427.5,-106050.0
126943,308.9,-437.13,1140.7,71400.0,-59395.0,-165777.5
126972,302.93,-470.55,1100.32,-2415.0,-35402.5,-209020.0
127000,174.34,-514.72,1087.87,-27667.5,-5967.5,-167685.0
127028,-41.97,-547.54,1088.48,27335.0,-38937.5,-62790.0
127057,-243.76,-561.69,1061.64,24937.5,2100.0,49420.0
127085,-363.32,-568.4,1008.33,-4532.5,23625.0,121800.0
127114,-410.65,-584.38,959.29,-53410.0,-15592.5,174195.0
127142,-375.03,-607.68,960.26,-68617.5,-16222.5,184817.5
127171,-260.84,-617.08,1006.26,-28717.5,21927.5,133997.5
127199,-93.7,-599.02,1065.55,12075.0,41352.5,78312.5
127228,100.65,-560.47,1122.64,43015.0,34352.5,-16030.0
127256,258.03,-529.97,1148.14,64242.5,-14315.0,-105787.5
127285,338.67,-531.43,1131.43,32742.5,-41597.5,-168402.5
127313,320.01,-559.49,1104.83,-14332.5,-17447.5,-180705.0
127341,222.16,-590.97,1099.46,-22295.0,24972.5,-138180.0
127369,70.39,-607.8,1101.42,26075.0,-15855.0,-99872.5
127397,-110.9,-606.1,1081.04,38885.0,-19530.0,-18672.5
127426,-254.25,-592.31,1032.85,20247.5,2030.0,51310.0
127454,-339.89,-581.33,974.05,-19040.0,-15750.0,102585.0
127483,-373.56,-583.65,937.69,-58380.0,-27072.5,143290.0
127511,-345.02,-591.7,940.5,-63122.5,-15050.0,149625.0
127540,-267.91,-591.46,964.41,-23082.5,2555.0,120137.5
127568,-154.09,-578.16,991.37,-11637.5,26705.0,90422.5
127597,-10.86,-552.17,1024.31,-21490.0,49980.0,16852.5
127626,119.8,-521.31,1055.06,-20405.0,24027.5,-52832.5
127654,210.08,-499.47,1081.16,-10377.5,-16992.5,-103880.0
127682,254.61,-493.61,1104.47,33670.0,-11690.0,-136097.5
127710,249.0,-507.52,1092.39,79397.5,15697.5,-144620.0
127739,164.33,-535.58,1045.05,32252.5,19407.5,-134295.0
127767,-6.95,-559.37,1027.48,-11882.5,-46112.5,-53707.5
127796,-181.29,-565.1,1046.39,9100.0,-14525.0,48177.5
127824,-283.41,-560.22,1040.05,29015.0,39567.5,110985.0
127853,-312.44,-558.39,1011.87,280.0,15925.0,147157.5
127882,-283.65,-557.91,1005.4,-16625.0,315.0,144497.5
127911,-224.85,-550.59,1012.6,-2275.0,5915.0,120977.5
127940,-141.89,-536.43,1020.77,-3710.0,16485.0,99085.0
127968,-26.35,-512.64,1040.42,-21437.5,29260.0,36277.5
127997,87.84,-480.92,1065.55,-16047.5,13755.0,-32532.5
128025,174.7,-459.7,1084.46,-8820.0,5040.0,-84087.5
128054,225.33,-459.45,1096.78,7175.0,30817.5,-124740.0
128082,230.21,-477.26,1096.54,54477.5,42315.0,-149642.5
128111,147.38,-507.52,1059.69,103705.0,-20037.5,-174212.5
128139,-59.29,-525.33,1000.89,44537.5,-90230.0,-90387.5
128168,-272.67,-506.18,986.37,-32130.0,-14455.0,54792.5
128196,-388.08,-479.7,992.84,1610.0,30450.0,159670.0
128225,-440.05,-484.34,965.51,7787.5,3377.5,184345.0
128254,-450.91,-517.4,941.23,-37852.5,45867.5,193777.5
128282,-385.03,-560.47,954.77,-56612.5,61810.0,186900.0
128311,-247.78,-588.28,1000.89,-49367.5,12407.5,98035.0
128339,-95.16,-590.85,1068.35,-10080.0,-16187.5,13212.5
128368,48.56,-586.45,1126.43,44800.0,18655.0,-72345.0
128396,152.26,-597.31,1142.04,72555.0,-16817.5,-145337.5
128425,183.24,-625.25,1125.69,57365.0,-43050.0,-183610.0
128453,129.2,-648.06,1108.49,25515.0,-29032.5,-196437.5
128482,-29.65,-645.62,1100.93,11130.0,-69212.5,-151900.0
128510,-239.36,-617.69,1109.47,3307.5,-68250.0,-21105.0
128539,-400.77,-581.82,1120.45,8977.5,18585.0,68722.5
128568,-489.46,-563.03,1097.76,29837.5,37887.5,127295.0
128596,-518.5,-569.37,1046.03,8820.0,23205.0,168542.5
128625,-467.26,-590.48,1010.4,-37957.5,34160.0,186742.5
128653,-323.54,-602.44,1024.31,-54232.5,48387.5,123620.0
128682,-139.57,-588.41,1078.6,-20317.5,22575.0,30817.5
128710,30.01,-565.23,1132.77,25357.5,87.5,-58257.5
128739,152.74,-557.78,1154.97,42245.0,-28507.5,-130795.0
128767,204.72,-573.28,1146.31,30240.0,-37765.0,-174265.0
128796,173.12,-597.56,1131.79,7857.5,-13230.0,-188300.0
128824,20.74,-613.66,1120.69,12162.5,-50155.0,-157027.5
128853,-216.18,-605.24,1126.55,997.5,-62510.0,-26827.5
128882,-406.26,-582.79,1130.94,28980.0,32882.5,87045.0
128910,-487.15,-577.18,1083.36,34685.0,60217.5,144900.0
128939,-489.59,-594.14,1014.92,-28630.0,22085.0,158900.0
128967,-426.15,-622.32,990.76,-70297.5,4585.0,170590.0
128996,-273.77,-638.55,1036.76,-78435.0,37555.0,119350.0
129024,-65.39,-628.3,1131.06,-29977.5,54862.5,22347.5
129053,114.68,-608.78,1221.95,42577.5,15925.0,-85680.0
129081,217.53,-610.0,1260.14,105945.0,-36067.5,-149012.5
129110,242.66,-635.62,1232.81,98052.5,-27650.0,-187722.5
129138,158.72,-665.75,1171.81,38832.5,-4130.0,-192552.5
129167,-49.17,-672.22,1123.5,-6597.5,-68635.0,-95427.5
129195,-266.69,-651.97,1105.81,-70.0,-22487.5,40285.0
129223,-391.99,-633.91,1070.79,28455.0,59115.0,108377.5
129252,-439.93,-629.76,1011.75,-29907.5,48597.5,142205.0
129280,-424.07,-636.6,986.98,-84682.5,37450.0,164587.5
129309,-325.01,-643.06,1023.09,-105332.5,36592.5,135345.0
129337,-157.38,-630.5,1112.15,-59832.5,24570.0,57155.0
129366,15.01,-601.34,1208.41,23135.0,4095.0,-40267.5
129395,134.2,-582.55,1254.4,86310.0,-35840.0,-118107.5
129424,177.75,-587.8,1234.76,77857.5,-52780.0,-160160.0
129452,148.6,-602.31,1191.33,18305.0,-7157.5,-174195.0
129481,12.69,-606.58,1150.58,7402.5,-49437.5,-144690.0
129510,-206.55,-598.17,1125.33,-12022.5,-81235.0,-8872.5
129538,-379.54,-588.41,1113.86,-8925.0,28297.5,101377.5
129567,-451.4,-589.26,1078.72,-3815.0,56105.0,144270.0
129595,-458.48,-604.88,1030.53,-41597.5,18637.5,158077.5
129624,-394.91,-626.59,1027.24,-86835.0,34352.5,160615.0
129652,-247.9,-634.77,1088.48,-70000.0,47127.5,97125.0
129681,-67.83,-620.25,1179.74,-9310.0,26232.5,2327.5
129710,82.35,-603.29,1250.5,62860.0,-5512.5,-89197.5
129739,169.09,-608.78,1263.31,100765.0,-35210.0,-148855.0
129767,182.51,-634.89,1228.3,68582.5,-21857.5,-184485.0
129796,90.77,-662.46,1180.11,31080.0,-34405.0,-190855.0
129824,-122.98,-669.54,1142.41,6440.0,-95567.5,-88322.5
129852,-340.01,-656.36,1129.23,-9870.0,-3307.5,69457.5
129881,-452.01,-650.02,1106.78,12827.5,72642.5,146650.0
129909,-480.68,-661.73,1055.3,-24027.5,55282.5,173162.5
129938,-429.81,-684.91,1033.1,-87885.0,44817.5,175245.0
129966,-291.82,-697.6,1082.75,-104790.0,30940.0,107905.0
129995,-108.34,-684.42,1190.6,-43785.0,8102.5,20317.5
130023,61.61,-664.9,1295.64,80272.5,16310.0,-83667.5
130052,163.97,-667.95,1325.29,168297.5,-37467.5,-155050.0
130080,170.07,-693.45,1274.29,104195.0,-61617.5,-187565.0
130109,66.12,-721.26,1214.88,-2327.5,-30380.0,-180810.0
130137,-142.74,-729.32,1180.47,-5477.5,-54250.0,-88550.0
130165,-357.83,-717.12,1154.73,1785.0,-25567.5,55930.0
130194,-485.19,-711.02,1113.86,6755.0,42017.5,146965.0
130222,-523.14,-724.92,1053.1,-42227.5,64802.5,193882.5
130251,-474.46,-752.37,1017.6,-117547.5,34562.5,194950.0
130279,-334.52,-772.87,1051.88,-141645.0,-24045.0,134225.0
130308,-147.13,-769.45,1149.97,-53987.5,122.5,40862.5
130336,21.96,-753.47,1236.1,63595.0,44257.5,-57785.0
130365,133.47,-747.86,1252.94,108727.5,11620.0,-131127.5
130393,173.73,-759.08,1219.88,73342.5,-15050.0,-174387.5
130422,137.86,-777.02,1176.2,26635.0,-10955.0,-190172.5
130450,-1.59,-786.9,1138.99,9030.0,-64645.0,-162312.5
130478,-213.38,-780.07,1123.01,-7017.5,-69125.0,-31675.0
130507,-384.18,-764.21,1118.86,5407.5,31902.5,90667.5
130535,-466.41,-757.01,1089.58,8925.0,59325.0,155522.5
130564,-482.14,-766.4,1038.83,-32480.0,27352.5,181562.5
130592,-419.56,-786.05,1015.28,-85960.0,-4690.0,182910.0
130621,-262.67,-795.44,1058.72,-87675.0,-18270.0,113557.5
130649,-64.29,-782.02,1143.38,-11357.5,-1855.0,5075.0
130678,101.26,-764.7,1200.85,68845.0,-385.0,-95812.5
130707,197.64,-764.57,1198.89,89775.0,-24325.0,-167265.0
130736,206.91,-779.34,1159.61,49700.0,-15260.0,-195597.5
130764,117.49,-786.9,1123.5,4130.0,-14000.0,-172672.5
130792,-63.2,-779.95,1112.76,1767.5,-63805.0,-86712.5
130821,-253.27,-764.7,1123.62,11987.5,-50295.0,29837.5
130849,-373.69,-748.59,1126.79,31500.0,27265.0,102340.0
130878,-430.66,-744.44,1091.66,25410.0,54705.0,152617.5
130906,-421.39,-756.16,1035.54,-29575.0,14805.0,191677.5
130935,-304.76,-769.09,1015.53,-85435.0,-27492.5,167282.5
130963,-106.14,-763.6,1059.57,-70875.0,-21787.5,59920.0
130992,98.33,-741.76,1109.47,13842.5,-5005.0,-48370.0
131021,250.71,-725.78,1108.37,40180.0,-17692.5,-148977.5
131049,310.73,-733.34,1075.19,17062.5,-28000.0,-197837.5
131077,275.84,-753.23,1052.25,-20090.0,9625.0,-182752.5
131105,162.87,-765.18,1058.72,-32567.5,-3902.5,-141312.5
131134,-10.49,-761.04,1099.22,-1995.0,-87482.5,-65152.5
131162,-178.12,-743.1,1147.41,48615.0,-22627.5,40267.5
131191,-281.33,-730.05,1153.88,64277.5,90195.0,124197.5
131219,-321.71,-731.76,1121.67,22627.5,123130.0,174125.0
131248,-289.14,-742.74,1090.19,-25585.0,98560.0,189157.5
131276,-163.72,-749.2,1104.47,-78435.0,60007.5,137602.5
131305,22.08,-739.08,1183.89,-44187.5,19915.0,35507.5
131334,189.22,-721.75,1267.95,58975.0,23730.0,-70350.0
131362,285.85,-713.94,1291.25,121695.0,4812.5,-142887.5
131391,302.32,-714.19,1252.7,97317.5,-14210.0,-171780.0
131419,234.48,-717.24,1188.52,24955.0,-12635.0,-172340.0
131448,60.51,-718.95,1138.02,-10535.0,-96075.0,-120225.0
131476,-157.26,-712.11,1122.64,-11445.0,-122360.0,2030.0
131505,-310.0,-701.5,1119.59,11847.5,5705.0,102917.5
131533,-378.32,-700.89,1091.9,4637.5,82302.5,162522.5
131562,-361.36,-710.41,1053.1,-40705.0,29347.5,190820.0
131590,-237.66,-712.48,1061.03,-76895.0,-50750.0,157430.0
131619,-33.18,-692.59,1126.3,-22032.5,-30817.5,61932.5
131647,169.34,-662.7,1177.3,56227.5,25515.0,-61057.5
131675,293.29,-644.53,1165.83,83020.0,-15470.0,-152862.5
131703,322.81,-641.6,1113.13,29032.5,-29435.0,-185675.0
131731,244.49,-653.92,1057.5,-47897.5,11812.5,-182980.0
131760,56.36,-671.98,1045.3,-75425.0,-108465.0,-87377.5
131788,-150.55,-680.52,1095.56,-9642.5,-176207.5,25462.5
131817,-295.0,-690.52,1151.56,67532.5,-43400.0,119070.0
131845,-344.53,-721.87,1155.71,81515.0,147857.5,216177.5
131874,-248.88,-757.13,1123.62,840.0,150167.5,243827.5
131902,-44.65,-767.38,1128.87,-56035.0,-16677.5,115745.0
131931,171.04,-756.89,1186.45,-11375.0,-20895.0,-5355.0
131959,337.45,-747.37,1214.63,56140.0,24692.5,-117022.5
131987,410.16,-749.93,1189.26,51502.5,11270.0,-174895.0
132016,397.11,-754.2,1148.75,16380.0,15470.0,-176452.5
132044,301.34,-758.47,1110.44,-22242.5,-27002.5,-174772.5
132072,115.53,-759.33,1098.12,-36785.0,-156765.0,-105892.5
132100,-78.32,-744.44,1142.04,-14490.0,-148365.0,12512.5
132129,-206.18,-728.34,1190.35,59640.0,45097.5,97230.0
132157,-264.25,-731.27,1175.71,57627.5,142450.0,166232.5
132186,-250.95,-746.76,1128.13,-17745.0,110215.0,188300.0
132214,-149.21,-762.87,1115.45,-66535.0,11077.5,166407.5
132243,33.43,-766.77,1172.66,-51502.5,3535.0,88340.0
132272,232.29,-758.47,1244.28,24902.5,42105.0,-33652.5
132300,361.0,-753.47,1270.26,75215.0,9187.5,-134872.5
132329,386.5,-756.52,1250.26,85260.0,-24290.0,-161822.5
132357,339.77,-754.08,1206.82,40565.0,6090.0,-164605.0
132386,201.3,-744.2,1154.36,13212.5,-38185.0,-149852.5
132414,-18.3,-730.05,1122.03,-24990.0,-122937.5,-30310.0
132443,-196.42,-710.04,1134.36,-630.0,-47740.0,86257.5
132471,-285.36,-699.67,1131.92,36907.5,76282.5,155452.5
132500,-311.59,-705.89,1087.75,-857.5,79257.5,211592.5
132529,-241.32,-726.14,1066.52,-47845.0,35752.5,202247.5
132558,-74.66,-740.3,1116.3,-58467.5,3692.5,90685.0
132587,112.73,-737.86,1199.14,7927.5,16660.0,-18935.0
132615,247.9,-735.17,1238.54,72765.0,35367.5,-109392.5
132644,300.49,-735.17,1210.73,84647.5,16415.0,-152442.5
132672,284.75,-733.83,1147.78,31832.5,1732.5,-182997.5
132701,160.31,-729.44,1083.12,-26547.5,-81410.0,-183207.5
132729,-50.63,-715.16,1083.36,-61670.0,-186497.5,-47075.0
132758,-223.5,-691.25,1139.11,17290.0,-46637.5,72870.0
132786,-314.64,-675.64,1142.29,54670.0,102077.5,140700.0
132815,-341.36,-679.54,1088.97,2835.0,86537.5,183610.0
132844,-297.8,-700.52,1062.86,-57855.0,54460.0,181965.0
132872,-152.26,-727.97,1117.15,-79397.5,-9485.0,123252.5
132900,31.6,-741.52,1202.19,23397.5,26792.5,-7577.5
132928,168.36,-740.54,1241.47,73710.0,11812.5,-94447.5
132957,233.75,-736.64,1228.3,74585.0,-36540.0,-149695.0
132985,228.02,-728.83,1183.4,40057.5,-27825.0,-168157.5
133014,137.74,-714.68,1130.7,-12547.5,-37852.5,-171080.0
133042,-45.38,-691.62,1122.4,-32025.0,-102042.5,-74270.0
133071,-234.97,-665.27,1150.46,15487.5,-15382.5,51992.5
133099,-357.22,-650.5,1147.65,35770.0,82425.0,137200.0
133128,-403.09,-653.55,1103.0,3080.0,104195.0,181545.0
133156,-368.32,-671.73,1066.77,-65397.5,44975.0,180040.0
133184,-253.03,-694.18,1099.22,-81515.0,-22172.5,117617.5
133212,-91.26,-705.4,1184.25,-18410.0,-5180.0,38745.0
133240,66.86,-702.35,1248.91,54985.0,21437.5,-49000.0
133269,174.83,-695.28,1256.11,81410.0,-22925.0,-126157.5
133297,207.52,-695.16,1214.88,59570.0,-40022.5,-166022.5
133326,157.99,-698.45,1164.73,4550.0,-27720.0,-172165.0
133354,16.1,-690.89,1145.09,-20702.5,-63507.5,-135835.0
133383,-180.8,-666.85,1152.9,2082.5,-59167.5,-34685.0
133411,-344.65,-636.35,1145.09,25515.0,19040.0,68985.0
133440,-433.1,-616.34,1099.83,11147.5,47880.0,138792.5
133468,-453.47,-614.88,1051.4,-33495.0,31307.5,169995.0
133496,-402.11,-631.11,1041.27,-50960.0,41545.0,167580.0
133524,-255.83,-652.94,1090.44,-64015.0,92505.0,109462.5
133552,-59.9,-657.7,1194.01,-13212.5,71505.0,-7122.5
133581,92.84,-653.19,1274.66,82320.0,-29592.5,-96092.5
133609,161.53,-663.19,1270.39,82302.5,-91822.5,-157307.5
133638,140.42,-679.54,1225.98,7945.0,-55580.0,-167387.5
133666,51.48,-677.1,1204.51,-25795.0,-28700.0,-134995.0
133695,-92.23,-653.92,1199.14,6912.5,-67935.0,-95165.0
133724,-275.96,-626.84,1193.16,5197.5,-76702.5,8452.5
133753,-413.09,-607.32,1185.84,12757.5,22855.0,115972.5
133782,-460.43,-602.07,1151.31,12880.0,65082.5,154472.5
133810,-455.06,-611.95,1102.27,-25620.0,19652.5,162015.0
133839,-396.26,-633.18,1087.02,-51975.0,18305.0,154927.5
133867,-271.21,-650.99,1123.01,-49752.5,43802.5,108080.0
133896,-100.89,-652.09,1191.7,-10447.5,47932.5,33302.5
133924,61.61,-644.53,1250.99,47670.0,6317.5,-65135.0
133953,161.53,-649.77,1267.58,84035.0,-50960.0,-133175.0
133981,183.12,-667.83,1240.25,69440.0,-26687.5,-161525.0
134010,132.74,-677.83,1197.31,21787.5,-15260.0,-166740.0
134038,-9.64,-672.71,1167.54,192.5,-74882.5,-138757.5
134066,-210.57,-651.97,1168.76,-4217.5,-60970.0,-23397.5
134094,-365.02,-624.15,1165.1,34317.5,46777.5,88882.5
134122,-435.78,-609.15,1116.06,9975.0,80937.5,150622.5
134151,-436.03,-612.44,1067.99,-55370.0,41177.5,167195.0
134179,-370.15,-625.01,1069.7,-70997.5,-612.5,138845.0
134208,-243.39,-636.11,1120.08,-49245.0,-8487.5,96267.5
134236,-72.71,-637.45,1189.5,-997.5,32410.0,18340.0
134265,86.86,-634.28,1236.1,56437.5,11917.5,-76667.5
134294,181.9,-642.7,1236.59,84035.0,-17150.0,-141382.5
134323,197.27,-658.43,1196.21,65240.0,-7805.0,-174842.5
134351,112.0,-666.85,1136.8,19477.5,-27825.0,-188982.5
134379,-93.21,-660.51,1096.17,-33285.0,-91052.5,-104457.5
134407,-308.17,-640.5,1108.49,-29032.5,-31290.0,63280.0
134435,-416.51,-624.15,1109.71,34230.0,64295.0,148557.5
134464,-435.66,-623.54,1051.03,-12775.0,56210.0,170957.5
134492,-395.77,-638.91,1013.21,-94342.5,19477.5,154805.0
134521,-292.56,-661.12,1058.23,-104790.0,32060.0,121817.5
134549,-135.3,-672.46,1152.78,-35542.5,56717.5,37765.0
134578,12.08,-670.27,1238.54,39760.0,-15155.0,-62492.5
134606,101.63,-670.27,1277.22,109252.5,-66447.5,-125212.5
134635,134.44,-678.56,1244.16,105017.5,-48860.0,-173057.5
134663,84.06,-685.76,1173.88,35017.5,-51957.5,-196350.0
134691,-80.76,-684.54,1123.86,-30537.5,-72380.0,-121800.0
134719,-273.04,-669.54,1127.28,-38815.0,-6947.5,25095.0
134747,-388.33,-650.99,1131.55,21035.0,41300.0,113942.5
134776,-424.68,-644.16,1085.19,752.5,3815.0,153947.5
134804,-381.98,-649.53,1060.42,-57715.0,7717.5,154962.5
134833,-254.74,-649.65,1099.22,-38395.0,35087.5,102550.0
134861,-81.62,-635.01,1158.27,9117.5,12337.5,18375.0
134890,76.25,-615.25,1193.77,51677.5,-2362.5,-70315.0
134919,171.78,-604.63,1183.89,64487.5,-18445.0,-133857.5
134948,189.59,-609.88,1138.02,29102.5,2467.5,-159705.0
134977,130.91,-619.52,1102.88,-17832.5,9730.0,-147070.0
135005,-9.76,-616.83,1100.93,-5197.5,-47810.0,-110302.5
135034,-201.42,-597.19,1113.49,11672.5,-61250.0,-5407.5
135062,-344.77,-573.16,1111.3,29487.5,26687.5,102217.5
135091,-399.79,-558.76,1080.19,8435.0,56962.5,145460.0
135119,-403.33,-558.03,1047.25,-25077.5,18812.5,154175.0
135148,-351.12,-566.32,1047.37,-39427.5,23485.0,148102.5
135176,-232.78,-572.18,1075.55,-24500.0,31482.5,100695.0
135205,-73.93,-567.79,1122.4,-14122.5,24447.5,24500.0
135234,77.35,-554.73,1168.88,26372.5,875.0,-60865.0
135263,170.8,-545.46,1171.93,48335.0,-50032.5,-126455.0
135291,188.37,-547.66,1132.04,9782.5,-25970.0,-155050.0
135319,123.22,-551.07,1099.22,-41457.5,-12110.0,-152162.5
135347,-29.16,-546.56,1107.39,-24762.5,-69580.0,-100432.5
135375,-214.84,-533.63,1138.63,12880.0,-37712.5,11935.0
135404,-340.01,-517.89,1143.02,52447.5,62387.5,104072.5
135432,-381.37,-510.2,1094.34,28297.5,67742.5,146422.5
135461,-360.51,-515.57,1043.22,-42700.0,22855.0,154122.5
135489,-269.25,-524.6,1045.05,-71137.5,24220.0,122132.5
135518,-114.68,-525.45,1095.8,-45570.0,23975.0,49892.5
135546,58.07,-521.67,1153.88,12197.5,-6615.0,-46445.0
135574,183.85,-529.6,1173.88,43575.0,-46865.0,-129815.0
135602,220.94,-554.86,1154.61,13685.0,-32567.5,-168980.0
135630,177.63,-580.23,1142.77,-18585.0,-1365.0,-169312.5
135659,49.41,-591.94,1154.12,3010.0,-30590.0,-142205.0
135687,-139.93,-583.89,1170.71,25042.5,-38132.5,-39445.0
135716,-300.49,-563.27,1166.32,41352.5,35770.0,64470.0
135744,-386.5,-550.22,1124.84,26600.0,41317.5,121975.0
135773,-411.14,-554.61,1076.77,-10115.0,17692.5,153632.5
135801,-353.07,-569.62,1064.08,-40355.0,44572.5,156642.5
135830,-209.35,-575.11,1100.68,-37887.5,40810.0,95550.0
135858,-30.99,-565.1,1164.12,10062.5,20177.5,8207.5
135886,120.29,-553.39,1200.48,61005.0,-11095.0,-81497.5
135915,195.08,-552.42,1185.6,57855.0,-39707.5,-135975.0
135943,190.69,-557.54,1145.95,13247.5,-7525.0,-149187.5
135972,115.78,-559.13,1110.08,-20947.5,-26565.0,-142100.0
136000,-37.82,-555.95,1107.03,-39952.5,-95077.5,-84630.0
136029,-209.84,-543.51,1142.65,-3027.5,-32515.0,17885.0
136057,-317.44,-528.14,1147.78,46357.5,57662.5,84140.0
136086,-368.32,-521.31,1095.07,10395.0,26915.0,123042.5
136114,-366.49,-527.65,1057.13,-40617.5,10640.0,156012.5
136143,-278.65,-536.31,1072.26,-42332.5,46077.5,133402.5
136171,-112.73,-529.72,1131.92,-18287.5,39375.0,55632.5
136199,67.59,-510.69,1202.43,42122.5,28665.0,-41317.5
136228,188.37,-500.08,1221.71,87552.5,-32182.5,-120925.0
136256,211.55,-507.28,1184.25,40337.5,-44257.5,-156047.5
136285,138.23,-521.06,1152.66,-16345.0,-11882.5,-145425.0
136313,-26.35,-526.55,1146.8,6125.0,-49892.5,-92295.0
136342,-212.77,-517.04,1139.72,23992.5,-20597.5,20492.5
136370,-327.81,-501.42,1106.17,22470.0,47740.0,100152.5
136399,-373.32,-493.73,1051.76,-20842.5,34195.0,132790.0
136427,-373.08,-499.83,1018.09,-58572.5,4760.0,153125.0
136456,-295.24,-513.99,1034.8,-80657.5,25882.5,148837.5
136484,-134.93,-518.74,1105.93,-51940.0,34982.5,59832.5
136512,28.06,-510.69,1185.84,32462.5,8907.5,-45832.5
136541,129.32,-506.42,1212.92,87780.0,-30852.5,-115307.5
136569,160.92,-511.42,1181.94,71015.0,-20667.5,-153020.0
136598,121.76,-516.67,1130.33,18130.0,-5075.0,-156677.5
136626,14.52,-512.16,1100.44,-18917.5,-58450.0,-107800.0
136655,-130.05,-495.32,1105.32,-3552.5,-76667.5,-31307.5
136683,-261.69,-474.58,1110.69,24325.0,-10797.5,46357.5
136712,-343.06,-460.67,1087.87,16572.5,44590.0,109007.5
136740,-372.83,-460.06,1051.03,-11532.5,27947.5,140087.5
136769,-347.7,-473.12,1031.14,-37257.5,7717.5,155120.0
136798,-223.5,-484.58,1061.52,-54127.5,46392.5,115902.5
136826,-34.04,-477.75,1129.96,-5267.5,42612.5,2852.5
136855,115.78,-466.41,1179.5,48230.0,-9782.5,-89512.5
136883,182.51,-471.16,1180.72,64715.0,-25690.0,-141225.0
136912,167.87,-484.83,1150.46,34422.5,280.0,-157587.5
136940,79.06,-489.95,1126.43,4900.0,-27282.5,-136237.5
136969,-68.93,-479.7,1118.86,14857.5,-42822.5,-76632.5
136997,-222.04,-458.23,1105.44,27580.0,-9380.0,19075.0
137026,-320.86,-436.03,1067.87,19460.0,43540.0,90545.0
137055,-365.88,-424.32,1011.01,-21297.5,34755.0,126822.5
137083,-373.08,-429.81,968.68,-70542.5,-1837.5,150745.0
137112,-311.95,-447.37,973.44,-92067.5,-4340.0,147910.0
137140,-169.58,-457.99,1028.58,-69580.0,14052.5,77945.0
137169,-1.46,-453.23,1106.05,-4777.5,9922.5,-16992.5
137197,122.12,-448.84,1151.44,57645.0,-15697.5,-94797.5
137226,170.07,-454.82,1145.82,58362.5,-20702.5,-141680.0
137254,143.35,-464.82,1115.57,34002.5,437.5,-156992.5
137283,27.57,-469.33,1084.46,8907.5,-44625.0,-115692.5
137311,-137.01,-460.92,1080.68,-9047.5,-52062.5,-12897.5
137340,-261.32,-445.67,1083.97,19110.0,28000.0,75932.5
137369,-321.23,-437.86,1057.13,13597.5,51065.0,124967.5
137397,-321.96,-441.52,1024.31,-24010.0,22347.5,141785.0
137425,-251.69,-446.89,1024.31,-51467.5,16852.5,119717.5
137453,-116.14,-443.1,1068.72,-42297.5,22977.5,58397.5
137482,39.04,-429.93,1128.38,11987.5,20352.5,-27580.0
137510,154.21,-420.17,1153.39,57365.0,-10325.0,-106312.5
137539,196.66,-425.41,1130.09,45745.0,-21927.5,-149695.0
137567,152.99,-437.74,1093.85,-8977.5,-11270.0,-155347.5
137596,26.6,-440.3,1086.04,-25882.5,-49420.0,-106102.5
137624,-139.2,-430.9,1100.07,11707.5,-39690.0,-16520.0
137653,-275.6,-419.92,1097.76,28770.0,35175.0,79222.5
137682,-342.33,-416.02,1063.6,14682.5,54635.0,136360.0
137710,-350.87,-425.78,1020.04,-24990.0,13720.0,151340.0
137739,-300.24,-445.79,1009.55,-55527.5,-2257.5,148750.0
137767,-178.36,-459.7,1046.39,-44187.5,26635.0,104090.0
137796,-9.03,-460.18,1109.47,1417.5,16660.0,21665.0
137825,142.5,-460.06,1151.92,62335.0,-13370.0,-82915.0
137854,222.16,-471.41,1147.78,56630.0,-54512.5,-140787.5
137882,228.02,-489.95,1122.89,13020.0,-21787.5,-160877.5
137911,161.53,-502.15,1104.47,-10535.0,-17430.0,-159337.5
137939,16.35,-497.76,1104.47,-8925.0,-73167.5,-106085.0
137968,-156.4,-479.58,1122.64,5355.0,-25602.5,-6142.5
137997,-285.48,-461.65,1124.47,23712.5,70315.0,73500.0
138025,-351.97,-456.04,1085.8,5810.0,61635.0,131057.5
138054,-371.86,-465.19,1041.64,-38290.0,8190.0,151515.0
138082,-352.95,-486.78,1026.51,-48615.0,-3027.5,161052.5
138111,-278.16,-510.2,1041.27,-50557.5,23975.0,142327.5
138139,-156.53,-521.67,1078.11,-35875.0,8662.5,78172.5
138168,-16.59,-520.21,1124.72,-2065.0,-8855.0,12635.0
138197,114.68,-513.38,1156.07,26792.5,5512.5,-59132.5
138226,208.01,-511.55,1160.95,40897.5,-3867.5,-120365.0
138254,246.81,-519.96,1147.29,39707.5,2380.0,-156817.5
138282,232.53,-533.63,1124.23,25795.0,18550.0,-164342.5
138311,153.48,-543.88,1097.63,13125.0,-5827.5,-156467.5
138339,-4.39,-543.63,1074.09,1417.5,-42000.0,-100887.5
138368,-194.1,-534.85,1062.86,612.5,-15207.5,8505.0
138396,-335.26,-525.09,1050.42,11847.5,50102.5,97632.5
138425,-398.21,-523.62,1013.33,4602.5,60900.0,144165.0
138453,-406.38,-534.6,967.7,-43470.0,9117.5,154910.0
138482,-358.68,-554.73,960.26,-78715.0,-19670.0,159617.5
138510,-244.0,-571.45,1012.6,-68775.0,14962.5,115150.0
138539,-94.55,-572.3,1094.71,-6352.5,34142.5,37642.5
138568,41.6,-559.98,1159.98,48037.5,41685.0,-43522.5
138596,136.64,-548.15,1183.52,80570.0,9240.0,-102725.0
138625,177.88,-549.12,1171.2,65590.0,-35192.5,-133560.0
138653,164.94,-555.83,1144.6,29750.0,-22925.0,-144760.0
138682,83.33,-560.71,1111.91,10167.5,-35455.0,-139842.5
138710,-76.01,-560.71,1084.7,-9240.0,-78907.5,-81427.5
138739,-252.3,-550.95,1078.48,-5617.5,-39690.0,19425.0
138767,-367.95,-538.39,1063.47,17640.0,41772.5,102760.0
138796,-411.87,-534.73,1015.77,-4532.5,36470.0,140997.5
138824,-409.19,-543.63,975.15,-51310.0,-17727.5,149205.0
138853,-345.63,-559.25,978.32,-63000.0,-16450.0,144882.5
138881,-213.38,-565.35,1023.58,-49507.5,18777.5,88042.5
138909,-50.14,-552.54,1089.95,-4760.0,20002.5,8225.0
138938,91.38,-534.24,1134.72,52342.5,-997.5,-79415.0
138966,169.46,-529.97,1132.53,71155.0,-16887.5,-133927.5
138995,175.92,-539.61,1102.64,39620.0,11515.0,-147595.0
139023,119.8,-548.02,1078.24,4112.5,9817.5,-133682.5
139052,2.81,-548.76,1076.53,14140.0,-49437.5,-103687.5
139080,-171.29,-544.85,1077.02,46952.5,-58082.5,-34545.0
139109,-320.13,-533.87,1063.6,33075.0,31237.5,70192.5
139138,-384.3,-521.92,1029.44,20317.5,73990.0,117355.0
139166,-399.18,-520.57,982.1,-25340.0,22172.5,136342.5
139195,-366.61,-530.82,966.85,-70017.5,-5285.0,151830.0
139223,-256.69,-538.14,1015.77,-65800.0,12215.0,122010.0
139252,-88.57,-526.92,1101.29,-2607.5,34912.5,40897.5
139280,71.37,-502.27,1162.42,48527.5,13965.0,-46935.0
139309,176.41,-486.05,1174.49,61162.5,-37625.0,-109480.0
139337,211.91,-490.56,1154.85,33792.5,-28385.0,-142975.0
139366,184.1,-505.57,1131.67,12810.0,5775.0,-150955.0
139394,99.8,-514.96,1113.01,24027.5,-18200.0,-134102.5
139423,-44.04,-510.45,1090.31,24605.0,-36242.5,-86835.0
139451,-205.69,-491.54,1064.57,14245.0,-18725.0,6685.0
139479,-314.52,-468.11,1031.14,2765.0,31955.0,81375.0
139508,-361.85,-451.77,989.66,-31080.0,31587.5,111335.0
139536,-380.03,-447.25,962.58,-55597.5,-1802.5,123252.5
139565,-364.05,-455.91,962.09,-54565.0,-2310.0,141242.5
139593,-260.1,-464.58,995.76,-64382.5,12425.0,123130.0
139622,-74.54,-456.28,1072.87,-36190.0,5967.5,29907.5
139650,98.45,-441.76,1142.9,40180.0,-10430.0,-70717.5
139679,193.0,-443.35,1151.19,65922.5,-33775.0,-141855.0
139707,204.96,-458.23,1111.42,25882.5,-8347.5,-164080.0
139736,131.15,-470.43,1063.11,-19005.0,-3675.0,-154472.5
139764,-24.16,-477.87,1052.49,-28140.0,-66377.5,-82547.5
139792,-196.54,-481.66,1077.75,2467.5,-29242.5,17150.0
139821,-313.3,-482.14,1080.19,30327.5,31325.0,96565.0
139849,-364.9,-487.15,1040.42,10412.5,20615.0,137515.0
139878,-374.91,-504.1,1000.89,-29942.5,-3850.0,161997.5
139906,-308.05,-529.97,1001.5,-47792.5,18900.0,177957.5
139935,-137.13,-544.73,1047.25,-42507.5,41650.0,99925.0
139963,69.54,-541.19,1116.54,6282.5,14402.5,-16765.0
139992,220.82,-541.44,1156.07,62422.5,-24587.5,-119612.5
140020,277.43,-559.25,1141.68,54932.5,-39392.5,-169190.0
140049,256.32,-578.77,1107.64,10272.5,1645.0,-171955.0
140078,169.58,-586.58,1074.58,-9222.5,1627.5,-148575.0
140106,9.03,-584.87,1064.45,-37257.5,-54687.5,-73500.0
140135,-156.89,-573.16,1096.05,997.5,-45342.5,33092.5
140163,-258.64,-558.88,1108.98,51012.5,44590.0,89232.5
140192,-313.78,-552.9,1065.18,22557.5,53427.5,122692.5
140220,-340.14,-558.03,1017.72,-28647.5,8015.0,149030.0
140249,-314.03,-575.84,1004.18,-38185.0,1750.0,164727.5
140277,-184.71,-593.77,1035.54,-49770.0,27930.0,123042.5
140306,25.74,-594.51,1113.37,-18742.5,23187.5,13072.5
140335,214.72,-588.16,1182.42,59990.0,-8750.0,-98140.0
140364,317.2,-600.0,1187.06,86170.0,-48335.0,-169610.0
140392,323.79,-629.03,1144.48,35752.5,-19477.5,-187757.5
140420,240.1,-656.48,1103.73,-19600.0,10325.0,-173915.0
140448,66.73,-665.88,1102.15,-21542.5,-60287.5,-123602.5
140476,-137.37,-654.41,1123.62,20790.0,-55475.0,-385.0
140505,-278.65,-637.57,1116.06,41632.5,39865.0,97667.5
140533,-344.28,-629.03,1066.28,10570.0,64085.0,148172.5
140562,-367.34,-634.16,1013.33,-43627.5,21455.0,166670.0
140590,-348.07,-654.41,992.59,-62615.0,2625.0,179865.0
140619,-238.39,-683.2,1018.82,-76737.5,31867.5,155172.5
140647,-36.97,-699.3,1097.63,-53935.0,46742.5,43242.5
140676,163.24,-698.57,1187.91,25217.5,14315.0,-78330.0
140705,288.65,-708.09,1221.22,99172.5,-29802.5,-162417.5
140733,318.18,-738.1,1180.11,75057.5,-29802.5,-205660.0
140762,247.78,-769.94,1119.96,-2275.0,-6702.5,-201722.5
140790,85.64,-782.75,1102.76,-32235.0,-70717.5,-137445.0
140819,-113.95,-770.8,1125.21,-3517.5,-64855.0,-19075.0
140847,-268.03,-748.47,1136.92,30327.5,18847.5,88620.0
140876,-345.63,-733.1,1109.83,26687.5,54442.5,156852.5
140904,-364.29,-731.51,1066.77,-12757.5,27212.5,175735.0
140933,-333.79,-743.71,1045.66,-35017.5,19722.5,175910.0
140961,-223.14,-762.74,1064.21,-48912.5,41737.5,148277.5
140989,-33.18,-768.84,1126.18,-34370.0,42647.5,51292.5
141018,152.5,-760.79,1191.57,32690.0,455.0,-70665.0
141046,258.15,-761.65,1206.58,69300.0,-50575.0,-153055.0
141075,271.94,-774.94,1177.3,32462.5,-39375.0,-182875.0
141103,202.28,-786.41,1145.21,-17272.5,-20002.5,-184607.5
141132,49.29,-783.0,1146.92,-23957.5,-71190.0,-134645.0
141160,-136.03,-763.6,1174.25,14455.0,-46532.5,-13387.5
141189,-270.35,-739.44,1179.5,43785.0,43837.5,88690.0
141217,-332.69,-722.0,1140.7,30835.0,58485.0,144497.5
141246,-350.26,-718.58,1090.07,-17797.5,21245.0,164167.5
141274,-331.84,-734.68,1069.09,-40967.5,17692.5,184660.0
141302,-226.68,-763.23,1093.36,-56332.5,69230.0,173757.5
141330,-32.09,-776.41,1160.22,-32865.0,60217.5,50382.5
141358,148.84,-770.8,1230.86,37502.5,-28630.0,-80395.0
141387,249.86,-772.75,1250.99,83387.5,-60882.5,-150920.0
141415,272.55,-788.61,1220.98,47127.5,-36505.0,-182595.0
141444,227.41,-803.37,1195.11,-4707.5,-23397.5,-178920.0
141472,128.95,-799.22,1193.4,9100.0,-20072.5,-150797.5
141501,-13.79,-771.77,1190.23,39847.5,-2415.0,-82075.0
141529,-156.4,-731.63,1167.54,44065.0,45535.0,18410.0
141558,-247.78,-688.57,1125.82,17762.5,78715.0,81130.0
141587,-295.36,-650.38,1077.63,-18217.5,53480.0,107082.5
141615,-322.2,-623.54,1041.27,-44275.0,-2852.5,117005.0
141643,-338.31,-614.64,1025.04,-43907.5,-15207.5,132405.0
141671,-292.68,-623.42,1035.29,-60042.5,24430.0,158077.5
141700,-137.86,-627.08,1093.36,-65870.0,49577.5,77560.0
141728,46.24,-612.32,1182.18,8820.0,-8627.5,-43295.0
141757,172.51,-599.02,1228.66,92295.0,-44712.5,-125422.5
141785,224.48,-602.44,1193.04,90405.0,-49070.0,-174615.0
141814,190.2,-617.32,1121.06,-7560.0,-8907.5,-182000.0
141842,49.65,-634.28,1096.41,-73657.5,-57435.0,-133595.0
141871,-140.79,-634.89,1146.56,-21227.5,-74637.5,-23940.0
141899,-292.31,-621.47,1180.96,65275.0,27020.0,72782.5
141927,-375.52,-616.83,1137.65,45132.5,65730.0,153527.5
141956,-387.59,-621.22,1075.31,-26425.0,32812.5,175297.5
141984,-348.43,-630.98,1046.15,-49262.5,927.5,161612.5
142013,-244.24,-642.7,1060.67,-56017.5,21122.5,144462.5
142041,-61.0,-643.18,1120.33,-40652.5,47460.0,67760.0
142070,129.81,-631.96,1185.84,26652.5,18410.0,-53742.5
142098,241.32,-630.25,1206.09,58870.0,-46497.5,-141312.5
142127,261.08,-642.21,1185.96,28542.5,-37345.0,-166442.5
142155,214.23,-655.02,1159.37,-8330.0,5005.0,-162260.0
142184,103.7,-655.51,1152.29,-3202.5,-26460.0,-138880.0
142212,-67.1,-638.79,1151.8,25812.5,-36907.5,-58835.0
142240,-232.29,-615.12,1135.82,22575.0,7700.0,58152.5
142269,-325.5,-596.7,1099.59,8207.5,40005.0,126420.0
142297,-354.04,-590.97,1055.3,-24955.0,9450.0,147910.0
142326,-316.96,-597.56,1037.24,-49420.0,-12530.0,158007.5
142354,-190.81,-603.17,1067.5,-43732.5,14910.0,108500.0
142383,-3.66,-595.12,1127.77,3447.5,24780.0,17885.0
142412,168.73,-584.01,1164.86,57540.0,1820.0,-87150.0
142441,262.18,-588.65,1153.39,53095.0,-42105.0,-154787.5
142469,263.64,-605.49,1121.18,2380.0,-3780.0,-170292.5
142498,190.69,-615.12,1106.17,-15190.0,8680.0,-154910.0
142527,56.49,-607.8,1111.79,9275.0,-35332.5,-112997.5
142555,-118.46,-586.82,1115.08,18235.0,-37870.0,-27282.5
142584,-264.01,-562.66,1104.1,20667.5,9345.0,78662.5
142612,-335.87,-547.41,1068.23,10902.5,38412.5,131250.0
142641,-362.22,-547.66,1020.65,-25007.5,13597.5,151935.0
142669,-339.4,-565.47,996.74,-50627.5,10500.0,174650.0
142698,-223.38,-588.41,1021.38,-69860.0,41650.0,145320.0
142726,-30.01,-596.7,1097.51,-34842.5,54600.0,49892.5
142755,162.5,-592.68,1169.0,48492.5,24307.5,-68827.5
142784,275.23,-601.46,1178.28,79572.5,-62912.5,-162557.5
142813,275.96,-625.86,1142.29,24447.5,-34685.0,-183347.5
142841,195.08,-644.4,1120.57,-24237.5,17745.0,-155067.5
142869,52.46,-647.33,1126.18,8645.0,-16222.5,-118632.5
142898,-127.37,-634.03,1130.09,33442.5,-45237.5,-27352.5
142926,-272.79,-611.95,1112.4,40950.0,18760.0,73360.0
142955,-347.58,-595.85,1064.33,14980.0,56752.5,137865.0
142983,-369.17,-594.87,1011.38,-35070.0,27212.5,161052.5
143012,-337.09,-607.32,990.52,-67427.5,13807.5,161490.0
143040,-241.32,-621.1,1018.33,-77980.0,50207.5,123952.5
143069,-101.38,-626.59,1092.14,-53725.0,56560.0,74375.0
143097,56.12,-622.81,1178.15,14857.5,50277.5,-17360.0
143126,171.41,-623.3,1222.93,82110.0,-36977.5,-116707.5
143154,196.91,-638.67,1213.41,76615.0,-78277.5,-157342.5
143182,153.23,-651.36,1183.4,26162.5,-30205.0,-160387.5
143210,49.9,-647.33,1161.81,18287.5,-26757.5,-151497.5
143238,-114.44,-628.91,1144.85,29907.5,-58467.5,-78505.0
143267,-273.77,-602.19,1119.96,21472.5,-13457.5,39147.5
143295,-365.63,-578.28,1081.16,4917.5,43505.0,114887.5
143324,-400.53,-568.76,1035.29,-26162.5,33652.5,145827.5
143352,-397.48,-577.67,1002.6,-51957.5,-140.0,155960.0
143381,-334.77,-600.24,1014.06,-79625.0,18742.5,155347.5
143409,-199.84,-618.66,1077.63,-57102.5,58012.5,93117.5
143438,-38.55,-620.49,1157.54,2065.0,25095.0,2695.0
143467,95.53,-616.34,1209.51,62055.0,-21822.5,-83475.0
143495,172.51,-621.96,1205.36,84700.0,-53602.5,-143290.0
143524,188.0,-633.67,1165.47,41387.5,-44415.0,-167667.5
143552,152.74,-639.28,1126.79,-3587.5,-13737.5,-168227.5
143581,54.53,-638.55,1099.1,-15015.0,-25550.0,-145810.0
143609,-107.85,-631.72,1101.17,-30222.5,-64067.5,-55265.0
143638,-256.44,-614.88,1134.11,10675.0,402.5,52325.0
143667,-344.04,-598.04,1138.5,45972.5,65100.0,116235.0
143696,-382.59,-592.31,1099.46,17885.0,46847.5,158515.0
143724,-372.22,-597.43,1061.16,-22085.0,27790.0,164902.5
143753,-297.44,-609.63,1057.74,-54915.0,40495.0,149082.5
143781,-146.03,-617.44,1110.69,-60392.5,58240.0,85032.5
143809,28.55,-611.71,1190.72,10115.0,33460.0,-19407.5
143838,151.04,-605.49,1227.32,74130.0,-31185.0,-107625.0
143866,193.37,-612.68,1204.75,56787.5,-57750.0,-156502.5
143895,159.09,-622.57,1172.18,-4427.5,-38517.5,-165567.5
143923,49.65,-621.71,1171.32,-5477.5,-69877.5,-147630.0
143952,-114.8,-607.44,1186.69,22207.5,-64610.0,-62807.5
143980,-261.08,-584.38,1186.08,28595.0,17955.0,51205.0
144009,-339.4,-564.01,1158.63,21980.0,59517.5,120032.5
144037,-363.19,-553.88,1116.06,-7367.5,31360.0,141610.0
144065,-352.95,-555.34,1088.36,-26932.5,6247.5,143500.0
144094,-289.02,-564.49,1093.12,-33635.0,30240.0,144427.5
144122,-149.08,-568.15,1129.84,-31080.0,51170.0,89530.0
144151,24.89,-559.98,1185.35,1155.0,23905.0,-4130.0
144180,166.04,-551.93,1220.73,52570.0,-14367.5,-94202.5
144209,232.53,-558.27,1210.36,55825.0,-44502.5,-153650.0
144237,219.11,-572.91,1180.96,17920.0,-20247.5,-171185.0
144266,133.1,-579.74,1160.46,5285.0,-23485.0,-161962.5
144294,-26.84,-573.16,1151.68,7927.5,-60760.0,-102305.0
144323,-199.1,-554.49,1152.41,13457.5,-21507.5,21017.5
144352,-304.15,-532.9,1135.58,23467.5,57575.0,104212.5
144380,-346.11,-519.11,1088.0,-7962.5,52990.0,137462.5
144409,-353.07,-515.57,1048.47,-45202.5,7052.5,144165.0
144437,-322.45,-520.7,1045.54,-47705.0,10430.0,144252.5
144466,-236.8,-527.41,1067.5,-33057.5,38710.0,118405.0
144494,-96.38,-528.38,1105.56,-35665.0,9537.5,58590.0
144523,60.27,-524.36,1162.29,-7350.0,-6790.0,-27860.0
144552,176.53,-525.33,1200.85,43802.5,-20370.0,-104387.5
144581,223.75,-536.68,1199.5,46410.0,-35140.0,-150972.5
144609,209.23,-549.73,1177.3,26215.0,-19285.0,-166880.0
144637,126.27,-555.22,1152.66,3360.0,-26530.0,-159985.0
144666,-26.6,-546.07,1147.17,2537.5,-52097.5,-93502.5
144694,-186.78,-523.99,1149.61,21052.5,-5460.0,16065.0
144723,-290.48,-501.66,1127.16,22785.0,53812.5,98595.0
144751,-337.21,-488.73,1082.02,-7437.5,49892.5,139720.0
144780,-344.04,-488.37,1045.54,-38587.5,17885.0,151847.5
144808,-302.8,-498.74,1038.46,-46392.5,25077.5,146580.0
144837,-196.79,-512.52,1060.91,-51065.0,36697.5,111965.0
144865,-38.55,-518.99,1117.76,-36995.0,26110.0,34212.5
144894,109.56,-519.23,1179.74,24972.5,5670.0,-63717.5
144923,188.37,-526.31,1197.06,68127.5,-34405.0,-133770.0
144951,188.49,-536.19,1175.1,42822.5,-39025.0,-161175.0
144979,111.63,-536.56,1152.05,11340.0,-43627.5,-160720.0
145007,-38.31,-523.14,1151.44,8260.0,-66150.0,-98980.0
145036,-198.25,-498.25,1158.02,30380.0,-4987.5,16870.0
145064,-297.92,-473.85,1135.45,33687.5,63595.0,99382.5
145093,-337.45,-459.7,1086.04,-2572.5,55422.5,137777.5
145121,-334.28,-457.99,1048.35,-41632.5,22522.5,141277.5
145150,-289.87,-465.31,1048.96,-53305.0,22890.0,130655.0
145178,-194.96,-474.82,1082.75,-42402.5,33092.5,109830.0
145206,-48.19,-478.24,1136.31,-17867.5,18900.0,40810.0
145235,95.4,-476.78,1183.52,27072.5,3412.5,-63350.0
145263,180.8,-480.19,1194.14,56577.5,-35315.0,-126210.0
145292,206.18,-489.46,1170.96,39095.0,-36470.0,-159145.0
145320,179.1,-499.1,1134.6,3920.0,-15872.5,-169067.5
145349,86.86,-502.88,1118.62,-25182.5,-50330.0,-150990.0
145377,-62.59,-493.37,1132.4,945.0,-57470.0,-82250.0
145406,-210.82,-473.24,1140.94,16187.5,8925.0,21262.5
145435,-303.9,-453.35,1122.52,15260.0,60060.0,100712.5
145464,-343.06,-442.74,1084.34,-11637.5,44660.0,129675.0
145492,-353.56,-445.3,1055.06,-35052.5,4672.5,143010.0
145520,-321.35,-459.94,1053.59,-39270.0,21315.0,148802.5
145549,-221.92,-477.87,1081.41,-44940.0,48370.0,119997.5
145577,-67.34,-486.78,1138.26,-24552.5,27580.0,38150.0
145606,79.18,-487.51,1196.45,28910.0,-3920.0,-59395.0
145634,168.6,-493.49,1215.24,70175.0,-31430.0,-121275.0
145663,196.91,-506.91,1195.23,56665.0,-30730.0,-157080.0
145691,168.73,-518.87,1163.03,30397.5,-24360.0,-166477.5
145720,73.2,-523.26,1136.06,4812.5,-57137.5,-146667.5
145749,-77.59,-513.86,1131.79,-4322.5,-70297.5,-70700.0
145777,-217.16,-492.03,1135.45,13195.0,927.5,28997.5
145806,-302.32,-470.07,1113.62,11497.5,45885.0,94465.0
145834,-345.38,-457.26,1076.28,-17972.5,21367.5,129710.0
145863,-356.12,-456.28,1055.3,-29960.0,-945.0,145950.0
145891,-317.93,-467.02,1057.62,-29347.5,23520.0,152810.0
145920,-203.25,-479.46,1087.02,-40687.5,45780.0,115395.0
145948,-37.82,-481.9,1141.55,-10412.5,21437.5,21577.5
145977,103.46,-478.24,1184.99,38465.0,-4217.5,-67200.0
146005,183.98,-480.68,1186.57,58905.0,-26337.5,-126035.0
146034,202.76,-488.73,1156.8,33092.5,-26320.0,-160772.5
146062,159.09,-494.22,1126.3,2205.0,-36610.0,-165672.5
146090,50.75,-492.15,1113.62,-9782.5,-57312.5,-132335.0
146119,-99.55,-480.19,1118.01,-6947.5,-35542.5,-41650.0
146147,-223.5,-462.26,1124.11,8015.0,24657.5,57102.5
146176,-287.07,-445.91,1107.88,11917.5,48107.5,105175.0
146204,-312.56,-436.27,1078.72,-15960.0,17675.0,123007.5
146233,-318.05,-435.42,1065.79,-17710.0,1505.0,124617.5
146261,-285.97,-444.57,1070.31,-12442.5,31710.0,139807.5
146290,-181.78,-453.35,1093.0,-23012.5,59587.5,113767.5
146318,-29.77,-451.64,1138.14,-14192.5,27195.0,33915.0
146346,105.41,-444.32,1184.01,27527.5,-70.0,-50750.0
146375,186.42,-443.84,1194.38,58450.0,-30432.5,-113435.0
146403,206.06,-450.3,1174.62,35980.0,-43697.5,-150325.0
146432,162.99,-454.45,1153.39,18725.0,-53270.0,-158235.0
146460,50.75,-451.4,1140.46,5180.0,-68267.5,-123672.5
146489,-98.7,-436.64,1137.41,1032.5,-36470.0,-31167.5
146517,-216.92,-415.29,1129.72,7892.5,26425.0,58327.5
146546,-282.43,-399.31,1101.66,-122.5,36295.0,107205.0
146574,-311.59,-393.82,1073.11,-24500.0,10377.5,127785.0
146603,-309.64,-396.74,1064.94,-17167.5,14542.5,127540.0
146631,-254.0,-405.77,1070.18,-10902.5,37677.5,127750.0
146659,-118.34,-411.87,1092.63,-28122.5,39305.0,82075.0
146688,56.85,-408.94,1142.9,-14507.5,11672.5,-11882.5
146716,193.0,-406.87,1180.35,39357.5,-16677.5,-97650.0
146745,254.49,-417.24,1169.25,39147.5,-40127.5,-152967.5
146773,243.88,-434.44,1134.84,-3535.0,-28630.0,-169750.0
146802,164.82,-449.2,1120.45,-32882.5,-39445.0,-147892.5
146830,28.3,-452.38,1137.41,-10115.0,-37905.0,-98980.0
146859,-129.93,-440.42,1151.07,22417.5,-15312.5,-8995.0
146887,-251.2,-426.51,1136.92,27895.0,26040.0,86345.0
146915,-307.2,-421.14,1105.08,7472.5,34667.5,134820.0
146944,-318.42,-424.93,1077.63,-11585.0,5670.0,139142.5
146972,-298.05,-438.59,1067.26,-12582.5,-4130.0,141855.0
147001,-222.77,-454.57,1074.45,-15155.0,24465.0,130952.5
147029,-97.6,-459.45,1094.34,-8487.5,13615.0,74567.5
147058,40.5,-453.11,1118.74,7577.5,-6090.0,13335.0
147087,173.97,-443.23,1131.92,20422.5,-2852.5,-52727.5
147116,276.09,-440.3,1127.04,15435.0,-18165.0,-116497.5
147144,318.18,-449.2,1112.76,6667.5,-11060.0,-156800.0
147173,293.78,-462.14,1095.19,-7000.0,3395.0,-165795.0
147202,205.45,-470.55,1085.92,-20265.0,-19127.5,-145862.5
147230,51.0,-467.5,1096.54,-17097.5,-38710.0,-91157.5
147259,-125.17,-453.35,1122.03,17955.0,-17972.5,14000.0
147287,-267.42,-444.2,1113.13,48247.5,42647.5,98980.0
147316,-356.85,-459.94,1055.54,9870.0,28525.0,169960.0
147344,-368.32,-500.44,1012.11,-29785.0,18707.5,201687.5
147373,-272.06,-547.54,1020.29,-32882.5,12565.0,179847.5
147401,-73.81,-579.74,1081.16,-22977.5,19775.0,96442.5
147430,154.7,-590.72,1153.63,26740.0,21332.5,-25462.5
147459,314.52,-598.41,1181.2,57312.5,-21000.0,-135852.5
147488,370.64,-617.32,1161.44,50610.0,-40285.0,-183557.5
147516,347.33,-639.77,1116.79,14210.0,-1557.5,-185552.5
147544,269.62,-648.31,1077.75,-23887.5,-29697.5,-152302.5
147572,159.45,-640.01,1069.33,-38237.5,-58362.5,-108045.0
147600,21.35,-623.3,1086.17,-33985.0,-61302.5,-53462.5
147629,-118.83,-599.02,1121.79,-7455.0,-40232.5,21017.5
147657,-218.62,-574.13,1139.97,42752.5,44695.0,80675.0
147686,-279.01,-561.08,1109.22,24972.5,81515.0,128730.0
147714,-306.71,-561.2,1065.67,-22872.5,50487.5,159582.5
147743,-306.95,-571.45,1044.69,-35210.0,15575.0,154630.0
147771,-267.91,-594.75,1043.1,-31465.0,21052.5,164920.0
147799,-138.23,-621.96,1080.68,-62370.0,57470.0,136062.5
147827,59.9,-635.13,1165.22,-21105.0,48790.0,19302.5
147855,225.33,-642.45,1233.79,53672.5,-9765.0,-100415.0
147884,302.8,-659.53,1238.06,83440.0,-66255.0,-171727.5
147912,299.14,-679.17,1199.14,34982.5,-57977.5,-183190.0
147941,240.95,-688.81,1160.22,-12827.5,-28700.0,-165252.5
147969,133.96,-688.08,1147.78,-33582.5,-35280.0,-125037.5
147998,-23.3,-678.56,1160.46,-13230.0,-43592.5,-65047.5
148026,-184.95,-661.61,1183.28,13597.5,-20020.0,29155.0
148055,-288.41,-647.33,1189.62,49367.5,67777.5,98437.5
148084,-329.03,-642.82,1151.92,32077.5,95830.0,131162.5
148112,-324.52,-643.67,1101.42,-20300.0,27072.5,141330.0
148141,-260.84,-645.14,1088.97,-52290.0,-6772.5,138652.5
148169,-127.25,-636.23,1130.94,-39637.5,19687.5,90317.5
148198,45.87,-611.22,1201.46,15365.0,37572.5,9520.0
148227,197.15,-582.31,1243.06,73570.0,7070.0,-79380.0
148256,280.97,-569.25,1229.76,70140.0,-48545.0,-138617.5
148284,293.53,-571.69,1189.01,14577.5,-27387.5,-161700.0
148313,239.12,-579.01,1160.46,-23152.5,-10832.5,-152197.5
148341,121.27,-584.26,1162.17,-6125.0,-55895.0,-111072.5
148369,-43.8,-585.6,1168.15,13317.5,-51800.0,-41247.5
148398,-192.88,-579.26,1163.64,7717.5,-1942.5,45920.0
148426,-281.09,-568.4,1141.31,17167.5,25392.5,100012.5
148455,-322.32,-565.59,1098.24,-6492.5,23712.5,131250.0
148483,-324.52,-572.79,1064.08,-33512.5,21455.0,143255.0
148512,-260.96,-579.87,1062.13,-43085.0,38237.5,141050.0
148540,-124.44,-569.5,1100.2,-38815.0,43330.0,84875.0
148569,44.53,-538.02,1165.47,-1680.0,30607.5,6562.5
148598,193.49,-504.96,1214.88,46410.0,-7542.5,-79502.5
148626,275.96,-495.56,1219.63,56577.5,-52500.0,-139335.0
148654,285.24,-511.18,1193.53,19040.0,-32672.5,-163082.5
148682,220.94,-534.12,1169.61,-15540.0,-35875.0,-154997.5
148710,82.59,-551.07,1165.71,-9310.0,-82197.5,-102235.0
148738,-88.94,-557.91,1170.71,-2520.0,-70262.5,-6107.5
148767,-223.26,-554.37,1175.23,3605.0,927.5,82057.5
148796,-293.78,-550.46,1161.93,31342.5,50750.0,125037.5
148825,-317.32,-558.27,1125.45,6510.0,48965.0,157815.0
148854,-275.23,-569.5,1104.47,-27037.5,57610.0,164570.0
148883,-162.63,-566.81,1115.81,-25882.5,63647.5,108097.5
148911,-5.98,-543.63,1151.19,-8872.5,37082.5,44852.5
148939,162.63,-516.67,1186.69,17797.5,11200.0,-43785.0
148968,272.79,-511.55,1206.34,21385.0,-32567.5,-122360.0
148996,293.9,-532.16,1219.02,21700.0,-21997.5,-146125.0
149025,248.88,-557.42,1222.2,30362.5,-10832.5,-153720.0
149053,126.39,-570.59,1207.19,36802.5,-45570.0,-132230.0
149082,-52.22,-565.59,1183.89,14367.5,-41702.5,-40057.5
149110,-200.57,-548.27,1164.37,8487.5,6142.5,53970.0
149139,-285.85,-535.09,1133.87,7542.5,33162.5,104125.0
149168,-326.72,-534.97,1098.24,-15715.0,34335.0,135135.0
149196,-320.37,-543.39,1082.14,-29977.5,51187.5,149047.5
149224,-246.56,-546.93,1093.61,-30677.5,57662.5,129045.0
149252,-102.85,-529.97,1139.85,-14840.0,29592.5,62335.0
149281,68.56,-494.22,1197.8,28682.5,-7490.0,-22505.0
149309,197.4,-466.28,1223.66,43767.5,-41422.5,-98385.0
149338,247.42,-465.55,1221.95,25480.0,-30065.0,-136535.0
149366,230.34,-483.0,1215.61,15925.0,-20317.5,-146597.5
149395,136.27,-500.81,1204.75,18847.5,-43260.0,-133280.0
149423,-25.74,-507.64,1186.45,11532.5,-27720.0,-59692.5
149452,-180.68,-498.98,1162.66,2800.0,6370.0,24132.5
149481,-280.23,-485.32,1126.55,-1417.5,12057.5,78802.5
149509,-331.96,-478.73,1088.12,-26180.0,18252.5,112507.5
149538,-344.28,-479.09,1067.62,-38780.0,34632.5,131232.5
149566,-315.13,-482.75,1063.35,-40442.5,39497.5,130970.0
149595,-244.73,-482.63,1078.6,-42892.5,28192.5,106365.0
149623,-138.84,-469.46,1120.33,-31167.5,3307.5,65240.0
149652,-15.25,-444.32,1169.98,-5110.0,-10482.5,7420.0
149681,97.48,-417.85,1202.31,17045.0,-26880.0,-56175.0
149710,178.24,-404.31,1209.63,28560.0,-40145.0,-106015.0
149738,213.5,-409.92,1198.41,20002.5,-32515.0,-135450.0
149767,194.83,-429.68,1182.67,9555.0,-13072.5,-142415.0
149796,104.8,-449.57,1167.54,11200.0,-36575.0,-124547.5
149824,-59.78,-460.92,1159.61,14490.0,-39532.5,-46060.0
149853,-229.48,-465.19,1150.34,24535.0,10640.0,61127.5
149881,-337.7,-469.94,1123.38,19215.0,32235.0,130200.0
149910,-382.35,-482.63,1084.7,1855.0,39515.0,156975.0
149938,-361.73,-500.44,1060.18,-29750.0,51642.5,159145.0
149967,-271.33,-510.45,1074.09,-43715.0,53795.0,127032.5
149995,-125.17,-498.98,1129.72,-31710.0,51730.0,66657.5
150024,37.33,-468.48,1198.65,10465.0,30765.0,-15890.0
150053,159.21,-442.86,1240.86,50557.5,-36365.0,-85960.0
150081,223.99,-442.98,1240.37,65327.5,-44607.5,-128695.0
150109,234.48,-461.89,1210.36,40250.0,-21210.0,-161507.5
150137,188.49,-480.07,1182.79,21437.5,-13002.5,-158847.5
150166,80.76,-489.1,1166.81,17920.0,-45902.5,-117950.0
150194,-70.39,-493.86,1153.02,10097.5,-23135.0,-42857.5
150223,-210.08,-493.61,1136.19,-3692.5,22067.5,23502.5
150251,-307.81,-487.76,1113.37,-6282.5,25655.0,74585.0
150280,-363.07,-488.37,1086.41,-17202.5,29382.5,115325.0
150308,-372.34,-495.93,1065.67,-38570.0,43592.5,133787.5
150337,-333.67,-498.74,1067.26,-49770.0,49000.0,126367.5
150365,-252.17,-485.56,1097.51,-48282.5,49822.5,98175.0
150393,-135.18,-451.16,1148.75,-30012.5,33967.5,48090.0
150422,-8.17,-405.16,1201.58,4917.5,-4725.0,-22715.0
150450,96.01,-370.15,1234.03,44852.5,-42945.0,-83895.0
150479,163.48,-362.34,1233.42,58817.5,-51082.5,-130795.0
150507,181.54,-378.2,1210.36,39340.0,-46392.5,-155575.0
150536,139.57,-402.36,1194.38,21070.0,-31325.0,-146842.5
150564,35.62,-424.07,1183.77,32025.0,-34510.0,-109865.0
150593,-114.8,-443.35,1163.51,21350.0,-20860.0,-37607.5
150621,-258.27,-456.52,1139.6,-2520.0,15575.0,35087.5
150649,-355.87,-464.94,1114.59,-11550.0,18532.5,86642.5
150678,-406.99,-477.39,1086.29,-25865.0,21087.5,123952.5
150706,-405.41,-490.44,1069.45,-50610.0,44152.5,145670.0
150735,-338.79,-490.2,1080.92,-55352.5,59902.5,135065.0
150763,-211.79,-462.26,1128.74,-44362.5,35157.5,87710.0
150792,-49.53,-408.7,1202.43,1890.0,13947.5,6492.5
150821,96.38,-360.63,1253.43,58310.0,-35560.0,-77420.0
150850,186.66,-345.02,1255.87,66447.5,-58222.5,-133052.5
150878,211.91,-364.29,1228.3,32690.0,-50382.5,-155960.0
150907,162.14,-406.75,1206.34,472.5,-52727.5,-151235.0
150936,12.69,-454.57,1213.41,-5582.5,-82635.0,-97457.5
150964,-172.26,-492.64,1240.25,7175.0,11602.5,10587.5
150993,-304.63,-511.06,1229.88,41527.5,65082.5,65870.0
151021,-384.91,-522.65,1173.52,9222.5,32812.5,122797.5
151050,-406.75,-538.75,1127.89,-34702.5,58485.0,163712.5
151078,-351.6,-544.97,1120.45,-60760.0,82040.0,158830.0
151107,-229.73,-523.62,1158.02,-58012.5,62965.0,111877.5
151135,-72.1,-474.46,1227.56,-26022.5,25777.5,39217.5
151164,80.52,-421.75,1292.96,23170.0,-25252.5,-51800.0
151193,186.9,-394.79,1321.99,59727.5,-69562.5,-121712.5
151221,229.36,-399.79,1305.89,56980.0,-65450.0,-156572.5
151249,210.82,-414.8,1273.19,32725.0,-35455.0,-150517.5
151277,146.89,-437.86,1235.37,30327.5,-45342.5,-118580.0
151306,24.28,-470.07,1210.97,-21000.0,-70787.5,-86170.0
151334,-138.1,-490.32,1229.64,-16870.0,-15750.0,-11252.5
151363,-271.82,-494.1,1237.32,25760.0,28367.5,50050.0
151391,-357.46,-493.37,1203.77,9940.0,33355.0,97545.0
151420,-402.11,-498.37,1163.64,-18445.0,40075.0,133175.0
151448,-392.35,-508.5,1137.28,-38692.5,51292.5,157902.5
151477,-309.51,-507.64,1141.07,-53585.0,62142.5,136500.0
151505,-169.34,-479.46,1186.33,-42140.0,31447.5,81847.5
151533,-3.17,-431.15,1253.06,-192.5,18357.5,2870.0
151562,143.84,-391.74,1299.18,45447.5,-27790.0,-83650.0
151590,225.09,-386.74,1301.98,52482.5,-61425.0,-141015.0
151619,229.12,-410.65,1283.32,22260.0,-46760.0,-152442.5
151647,164.33,-440.91,1275.02,23152.5,-44292.5,-137672.5
151676,30.26,-464.09,1261.85,38237.5,-73342.5,-97422.5
151704,-135.42,-472.99,1243.06,2730.0,-31290.0,-9642.5
151733,-260.47,-465.8,1229.03,105.0,31622.5,62667.5
151762,-329.89,-456.28,1194.26,5162.5,32707.5,100257.5
151791,-365.76,-457.38,1147.78,-23292.5,24762.5,131932.5
151819,-360.63,-468.11,1119.23,-45290.0,51485.0,152197.5
151847,-296.22,-474.82,1114.96,-51520.0,74392.5,135712.5
151876,-174.95,-463.11,1142.16,-48930.0,51677.5,86607.5
151904,-18.67,-430.54,1202.31,-23817.5,14455.0,9345.0
151933,125.9,-399.31,1260.02,18322.5,-26355.0,-73115.0
151961,209.6,-396.99,1286.61,33407.5,-55125.0,-131932.5
151990,223.99,-421.39,1287.71,37485.0,-44887.5,-155767.5
152018,167.51,-451.28,1272.7,32515.0,-62002.5,-154717.5
152047,37.33,-464.21,1255.38,15890.0,-62492.5,-109585.0
152075,-141.76,-461.89,1238.91,13667.5,-23905.0,-24902.5
152104,-300.12,-458.96,1217.56,8715.0,48685.0,79467.5
152133,-378.57,-463.48,1177.79,3902.5,76177.5,134505.0
152161,-385.15,-480.44,1137.89,-35332.5,47547.5,157535.0
152190,-318.42,-498.49,1144.85,-56245.0,58345.0,148522.5
152218,-178.85,-498.0,1202.8,-40425.0,41160.0,92207.5
152247,-11.35,-477.51,1277.1,8207.5,11060.0,4095.0
152276,124.44,-457.26,1317.97,54162.5,-21507.5,-80920.0
152305,200.32,-456.28,1304.55,60637.5,-50015.0,-133087.5
152333,216.31,-474.58,1257.82,17972.5,-58082.5,-154892.5
152362,169.82,-493.86,1230.74,-26897.5,-65467.5,-142870.0
152390,87.72,-498.98,1238.18,-4462.5,-37940.0,-103197.5
152418,-21.96,-492.88,1226.59,22032.5,-21420.0,-76650.0
152447,-166.16,-480.31,1209.02,-12862.5,-21175.0,-4882.5
152475,-290.36,-464.33,1212.07,210.0,33985.0,65992.5
152504,-366.98,-453.84,1199.75,12285.0,39200.0,108342.5
152532,-410.16,-458.35,1169.49,-4690.0,33512.5,145320.0
152561,-405.28,-478.61,1143.02,-23152.5,56192.5,168647.5
152589,-329.4,-497.76,1140.58,-46812.5,72940.0,156047.5
152618,-188.86,-498.25,1174.37,-56752.5,27807.5,116742.5
152646,-13.3,-488.24,1227.56,-40092.5,-13265.0,26145.0
152675,125.42,-484.1,1266.36,7770.0,-40757.5,-89407.5
152704,189.59,-494.71,1270.75,39742.5,-38955.0,-135572.5
152732,198.74,-518.99,1253.92,30240.0,-20510.0,-157202.5
152761,152.99,-540.7,1242.69,21140.0,-26845.0,-149800.0
152789,66.37,-546.8,1240.74,28402.5,-18182.5,-115605.0
152818,-40.02,-533.38,1228.3,39585.0,-6510.0,-68285.0
152846,-149.57,-505.32,1199.87,26197.5,-4427.5,-11532.5
152875,-253.88,-474.21,1161.2,13930.0,-787.5,41405.0
152904,-337.82,-453.72,1118.98,-1575.0,23205.0,101517.5
152933,-377.96,-449.08,1082.63,-20877.5,53182.5,137637.5
152961,-356.85,-455.06,1069.45,-39235.0,53882.5,150132.5
152989,-263.03,-458.11,1096.05,-48212.5,44975.0,118457.5
153017,-119.07,-445.18,1149.48,-27230.0,11462.5,56717.5
153045,42.21,-424.56,1201.46,7402.5,-29242.5,-27055.0
153074,170.68,-413.82,1221.95,27317.5,-60952.5,-108850.0
153102,223.75,-422.73,1209.87,7367.5,-58537.5,-154805.0
153131,184.71,-444.81,1198.77,-8435.0,-31027.5,-158357.5
153159,62.46,-461.4,1207.56,-2765.0,-39427.5,-104632.5
153188,-90.52,-458.72,1223.17,20335.0,-18025.0,-27737.5
153216,-220.58,-439.57,1204.02,44397.5,30240.0,47547.5
153245,-306.46,-423.34,1143.63,14542.5,50295.0,109042.5
153274,-342.58,-424.56,1090.19,-30257.5,51345.0,152442.5
153302,-307.2,-438.35,1081.41,-53217.5,51572.5,153632.5
153331,-196.91,-446.76,1114.47,-38710.0,42980.0,113330.0
153359,-32.7,-440.18,1168.52,-16712.5,-5547.5,40705.0
153388,128.34,-425.78,1208.9,19862.5,-36295.0,-59290.0
153416,234.48,-418.95,1205.36,26337.5,-58975.0,-128257.5
153445,254.13,-430.54,1174.86,-4830.0,-51695.0,-162295.0
153473,182.02,-451.52,1161.81,-33565.0,10465.0,-132492.5
153502,38.43,-463.84,1175.84,-13580.0,-39357.5,-76527.5
153530,-125.78,-461.4,1201.7,6842.5,-22662.5,16957.5
153559,-243.27,-452.25,1188.77,41125.0,45097.5,78435.0
153588,-312.81,-450.91,1133.5,-2572.5,45395.0,125300.0
153616,-319.4,-465.43,1110.57,-38867.5,45045.0,158060.0
153645,-232.9,-479.95,1135.45,-33337.5,56262.5,134242.5
153673,-64.05,-473.6,1187.55,752.5,22085.0,73010.0
153702,130.42,-454.33,1232.81,46392.5,-28000.0,-29942.5
153730,272.06,-443.47,1228.54,56927.5,-77087.5,-114170.0
153759,323.54,-457.87,1179.5,-4602.5,-82267.5,-166285.0
153787,252.05,-493.12,1159.73,-74480.0,-23362.5,-165865.0
153816,62.22,-519.48,1202.07,-43820.0,-55667.5,-71627.5
153844,-143.23,-525.58,1246.6,26337.5,-29960.0,41930.0
153872,-269.86,-527.28,1224.27,43242.5,70402.5,118090.0
153901,-314.76,-538.75,1167.05,-14157.5,63437.5,163292.5
153929,-284.75,-563.88,1151.44,-51082.5,52132.5,178430.0
153958,-162.14,-585.36,1183.52,-40915.0,43207.5,146230.0
153986,36.48,-587.8,1244.52,7280.0,21735.0,48930.0
154015,222.04,-581.33,1278.07,74130.0,-33232.5,-69475.0
154043,332.08,-581.7,1250.74,52255.0,-85645.0,-137497.5
154072,349.41,-598.53,1210.24,-25182.5,-69212.5,-183155.0
154100,253.52,-616.47,1203.41,-45972.5,40355.0,-156432.5
154129,71.74,-615.37,1211.7,-1942.5,9100.0,-71225.0
154158,-115.9,-600.97,1213.05,15207.5,-49717.5,36977.5
154186,-241.44,-584.14,1191.33,25725.0,-13650.0,99470.0
154215,-307.81,-576.69,1157.54,-5092.5,34597.5,139650.0
154243,-319.4,-584.75,1154.61,-20335.0,60357.5,156747.5
154272,-256.93,-599.02,1177.3,-3430.0,72362.5,145302.5
154300,-99.31,-601.7,1222.44,16835.0,90265.0,76597.5
154329,107.85,-591.82,1274.66,71312.5,38062.5,-39742.5
154357,267.55,-587.67,1281.98,81742.5,-60830.0,-141575.0
154386,330.99,-611.34,1248.06,-13790.0,-143150.0,-201092.5
154414,284.99,-650.02,1243.3,-80640.0,-82897.5,-189245.0
154443,152.5,-672.46,1266.12,-15242.5,-41282.5,-128905.0
154471,-26.6,-674.78,1273.31,20300.0,-46077.5,-44117.5
154499,-193.49,-663.07,1262.94,20020.0,9695.0,48160.0
154528,-300.73,-650.99,1229.88,11322.5,36435.0,113750.0
154556,-360.14,-655.51,1193.04,-13195.0,11147.5,171920.0
154585,-353.07,-683.93,1192.18,-44310.0,5180.0,220902.5
154613,-226.07,-713.82,1232.93,-35350.0,74515.0,195212.5
154642,-6.95,-721.26,1268.43,62177.5,46795.0,62370.0
154671,181.54,-711.14,1259.28,78960.0,-28822.5,-65800.0
154700,295.61,-703.33,1230.25,22085.0,-75635.0,-124180.0
154728,343.67,-712.72,1209.87,-17797.5,-70437.5,-172620.0
154757,303.9,-729.56,1206.7,-35105.0,-3500.0,-179427.5
154785,164.09,-737.12,1217.8,-7507.5,2362.5,-136167.5
154813,-25.25,-725.9,1232.69,9940.0,-26215.0,-28787.5
154842,-167.26,-697.6,1229.03,35577.5,-4427.5,48842.5
154870,-245.71,-666.73,1190.48,15855.0,33040.0,87692.5
154899,-286.58,-646.72,1151.68,-31185.0,39987.5,117267.5
154927,-290.48,-642.45,1139.24,-58992.5,25830.0,142065.0
154956,-239.12,-647.45,1150.58,-61985.0,4655.0,133805.0
154984,-126.39,-648.19,1198.77,-38307.5,35402.5,94710.0
155013,27.08,-639.04,1257.7,62772.5,76965.0,19022.5
155042,162.02,-625.13,1264.04,120750.0,11042.5,-65065.0
155070,241.07,-611.71,1224.64,83125.0,-77245.0,-108325.0
155098,281.33,-604.88,1168.52,30030.0,-84210.0,-140385.0
155126,253.52,-610.49,1108.98,-55475.0,-62492.5,-156677.5
155154,129.44,-624.64,1096.78,-134487.5,-62737.5,-93082.5
155182,-24.03,-633.3,1161.2,-91700.0,-106592.5,-9450.0
155211,-148.47,-629.28,1235.86,28665.0,-34965.0,40372.5
155239,-223.26,-620.13,1243.67,76667.5,76842.5,93590.0
155268,-253.27,-612.44,1203.77,28665.0,75040.0,123865.0
155296,-240.58,-613.42,1181.45,-14577.5,21297.5,146597.5
155325,-167.38,-617.69,1188.16,8575.0,32952.5,118002.5
155354,-42.94,-607.56,1202.43,41090.0,34457.5,67707.5
155382,109.07,-585.36,1216.46,48492.5,8820.0,-8837.5
155411,236.92,-567.3,1215.85,50942.5,-37747.5,-90317.5
155439,305.0,-563.88,1189.87,26705.0,-55107.5,-136640.0
155468,301.58,-573.52,1159.12,-26215.0,-19985.0,-156695.0
155496,216.67,-587.55,1149.73,-53270.0,18427.5,-140297.5
155525,72.96,-593.65,1165.95,-20912.5,-26215.0,-81567.5
155553,-85.28,-585.6,1177.54,34772.5,-51957.5,-18217.5
155582,-212.77,-567.79,1155.83,40967.5,6195.0,53007.5
155611,-287.43,-548.27,1108.98,10325.0,63910.0,111947.5
155640,-313.54,-538.75,1070.67,-36260.0,30817.5,144235.0
155668,-291.95,-540.58,1065.3,-44345.0,6562.5,139737.5
155696,-205.45,-542.17,1085.8,-36470.0,4445.0,121047.5
155725,-54.66,-535.58,1140.94,15225.0,1540.0,45237.5
155753,101.38,-519.72,1193.16,62895.0,24762.5,-40442.5
155782,207.03,-507.64,1194.75,55492.5,-30730.0,-97317.5
155810,255.71,-511.42,1169.49,9310.0,-62212.5,-142432.5
155839,242.05,-525.45,1143.75,-39322.5,-34247.5,-157272.5
155867,158.48,-535.34,1130.82,-43820.0,-10937.5,-125387.5
155896,34.77,-535.46,1135.7,-15295.0,-58817.5,-60602.5
155924,-95.28,-526.31,1142.9,18165.0,-46095.0,-8505.0
155952,-201.54,-508.13,1138.5,21017.5,17535.0,53812.5
155981,-266.81,-489.46,1122.64,24657.5,39165.0,96442.5
156009,-284.99,-477.26,1104.34,2117.5,42035.0,124250.0
156038,-240.58,-468.72,1100.81,-7857.5,41842.5,111212.5
156066,-133.59,-454.57,1120.94,2240.0,28910.0,68407.5
156095,22.57,-431.64,1162.66,19582.5,41650.0,3885.0
156124,169.34,-413.58,1185.47,50435.0,5145.0,-78260.0
156153,241.07,-410.77,1160.71,32637.5,-58065.0,-138740.0
156181,220.7,-421.14,1120.69,-26582.5,-48037.5,-147630.0
156210,110.9,-435.05,1112.4,-64820.0,-39567.5,-109585.0
156238,-47.34,-439.69,1147.17,-21770.0,-56175.0,-26827.5
156266,-182.51,-430.9,1166.32,43032.5,-14507.5,49805.0
156295,-266.45,-417.97,1136.55,37485.0,12005.0,110547.5
156323,-300.36,-415.9,1101.9,2817.5,12915.0,153527.5
156352,-279.14,-424.44,1094.34,-1067.5,32970.0,146667.5
156380,-211.3,-431.88,1104.71,16940.0,52570.0,119717.5
156409,-91.99,-432.12,1127.52,12565.0,40477.5,79222.5
156438,68.2,-427.49,1166.2,26355.0,16240.0,-420.0
156467,204.35,-424.93,1182.42,45167.5,-17517.5,-88515.0
156495,267.67,-431.64,1160.83,14700.0,-52640.0,-143447.5
156524,243.27,-443.35,1139.48,-25812.5,-37240.0,-155172.5
156552,122.0,-440.18,1139.97,-14525.0,-35595.0,-119560.0
156580,-55.63,-417.48,1141.92,25427.5,-31185.0,-25287.5
156609,-207.28,-389.91,1122.64,13282.5,26407.5,59587.5
156637,-293.17,-371.86,1089.95,-3745.0,34842.5,110495.0
156666,-314.15,-369.29,1060.55,-21385.0,42000.0,131092.5
156694,-268.77,-376.98,1047.0,-63875.0,-5460.0,127697.5
156723,-167.63,-388.08,1081.77,-40320.0,-90562.5,85347.5
156751,-32.82,-397.23,1141.07,49052.5,51065.0,29190.0
156780,102.11,-397.72,1162.54,75407.5,52185.0,-30065.0
156809,193.0,-390.64,1148.39,44432.5,-68162.5,-85137.5
156837,225.58,-384.3,1117.28,4042.5,-59185.0,-118387.5
156866,201.54,-380.03,1088.0,-37590.0,-6510.0,-122920.0
156894,120.78,-370.88,1078.24,-47250.0,-15785.0,-98612.5
156923,6.95,-350.51,1089.22,-33547.5,-43015.0,-49455.0
156951,-102.97,-322.08,1104.83,2922.5,-12127.5,7822.5
156980,-188.61,-293.78,1096.29,24080.0,29802.5,56017.5
157008,-249.61,-273.77,1069.94,3727.5,32375.0,99872.5
157037,-278.4,-268.52,1045.78,-13002.5,30310.0,132825.0
157065,-258.27,-280.6,1036.76,-36697.5,35420.0,136780.0
157094,-191.78,-302.56,1058.47,-38255.0,42630.0,107502.5
157122,-81.62,-327.69,1099.95,-15312.5,27265.0,60235.0
157150,52.83,-353.56,1143.14,11725.0,-7595.0,-20020.0
157179,161.16,-379.3,1167.91,47407.5,-34790.0,-97090.0
157207,216.92,-403.82,1159.73,57470.0,-24185.0,-144217.5
157236,216.55,-422.24,1127.52,34405.0,-1872.5,-171447.5
157264,142.37,-426.27,1095.93,-1050.0,-21525.0,-172322.5
157293,-6.95,-410.41,1079.7,-14122.5,-43032.5,-118125.0
157321,-171.17,-381.37,1085.07,-16572.5,-49980.0,-11917.5
157350,-280.6,-356.36,1097.15,25567.5,10185.0,66255.0
157379,-336.6,-344.04,1076.41,36890.0,73010.0,110512.5
157408,-348.31,-345.02,1032.73,-16467.5,59762.5,150482.5
157436,-288.29,-355.51,1020.65,-63402.5,23957.5,139895.0
157464,-162.26,-364.29,1064.82,-49997.5,15680.0,81322.5
157493,-10.13,-366.24,1133.87,13352.5,19600.0,332.5
157522,112.0,-366.61,1173.15,70332.5,-6667.5,-82355.0
157551,167.75,-371.0,1160.46,70122.5,-41282.5,-135100.0
157579,152.62,-378.44,1120.94,14157.5,-40460.0,-149660.0
157608,70.03,-381.62,1106.17,-27650.0,-38500.0,-118300.0
157636,-57.58,-372.1,1121.18,5477.5,-32515.0,-58030.0
157665,-188.61,-354.65,1122.52,27755.0,-4655.0,22575.0
157694,-276.21,-337.45,1100.56,14402.5,37257.5,85032.5
157722,-313.3,-323.79,1063.84,-3955.0,41667.5,112647.5
157751,-309.88,-317.44,1030.78,-40827.5,19950.0,128047.5
157779,-249.61,-316.71,1038.22,-64417.5,10570.0,113872.5
157808,-141.4,-312.32,1086.04,-27562.5,17920.0,55615.0
157836,-21.72,-301.71,1136.31,20055.0,8592.5,-4882.5
157865,78.45,-293.04,1162.66,45010.0,-525.0,-63962.5
157894,132.25,-290.36,1153.88,52027.5,-7822.5,-111790.0
157923,118.95,-283.65,1124.35,24027.5,-3972.5,-128975.0
157951,31.23,-266.33,1098.24,24867.5,-19215.0,-94885.0
157980,-93.45,-248.39,1075.06,18200.0,-43312.5,-26372.5
158008,-212.28,-235.09,1054.08,-4025.0,-13825.0,30397.5
158036,-306.22,-225.33,1032.97,-12477.5,18585.0,87955.0
158065,-351.6,-222.16,1006.26,-19757.5,32235.0,129552.5
158093,-351.6,-228.75,984.05,-29627.5,37590.0,128747.5
158122,-305.24,-242.78,984.91,-43400.0,42997.5,126525.0
158150,-201.54,-256.81,1024.56,-49770.0,28437.5,85662.5
158179,-77.23,-262.67,1093.73,-7332.5,7087.5,15330.0
158208,23.42,-261.45,1147.65,52220.0,3237.5,-43732.5
158237,86.74,-258.76,1157.29,72135.0,-12197.5,-87290.0
158266,105.41,-255.59,1135.82,49157.5,-29400.0,-120190.0
158294,69.54,-248.03,1109.96,19407.5,-27510.0,-124985.0
158323,-21.72,-232.17,1084.09,13650.0,-35140.0,-105542.5
158351,-149.33,-209.23,1060.91,-87.5,-36400.0,-37152.5
158380,-263.4,-187.15,1045.05,-5705.0,20125.0,37712.5
158408,-341.23,-173.12,1016.99,-8067.5,27055.0,82215.0
158437,-393.33,-173.97,980.76,-40232.5,2117.5,122062.5
158465,-411.63,-190.56,972.58,-56367.5,-8697.5,141155.0
158494,-384.42,-216.31,986.49,-24027.5,29942.5,139632.5
158522,-292.31,-239.12,1005.4,-35612.5,50557.5,114170.0
158551,-150.91,-252.05,1045.78,-38150.0,6317.5,40057.5
158580,-14.64,-257.79,1094.83,4690.0,-5757.5,-38640.0
158608,78.81,-263.52,1112.15,40687.5,-10220.0,-102025.0
158637,114.92,-275.35,1091.9,32777.5,-27300.0,-136500.0
158665,89.55,-291.58,1065.79,-420.0,-32830.0,-147682.5
158694,-10.98,-300.12,1061.64,-9625.0,-63350.0,-127907.5
158722,-162.26,-291.21,1079.58,8225.0,-43785.0,-50102.5
158751,-290.36,-271.33,1087.14,35367.5,38412.5,34527.5
158779,-363.93,-254.25,1058.47,32707.5,78400.0,92347.5
158808,-393.33,-247.42,1014.8,-13527.5,66360.0,133892.5
158836,-369.05,-255.35,993.57,-59885.0,29680.0,136167.5
158865,-283.89,-271.33,1020.41,-73657.5,-8610.0,99977.5
158894,-148.35,-286.09,1082.14,-29645.0,-13492.5,41160.0
158922,-12.69,-300.85,1134.48,21437.5,5040.0,-57102.5
158951,68.56,-315.61,1150.34,47442.5,-6317.5,-118475.0
158979,91.26,-331.84,1132.04,34702.5,-31517.5,-155155.0
159008,58.07,-345.02,1112.03,3220.0,-49017.5,-161945.0
159036,-24.77,-348.07,1097.02,19267.5,-28980.0,-144165.0
159065,-148.72,-335.62,1076.41,6125.0,-15820.0,-75355.0
159093,-268.28,-310.61,1059.81,-6352.5,11217.5,13965.0
159122,-349.29,-287.31,1041.15,-4095.0,12740.0,70192.5
159151,-398.7,-276.21,1022.24,-23852.5,21157.5,121905.0
159179,-407.11,-281.94,1016.5,-35717.5,14962.5,149835.0
159208,-367.22,-302.07,1026.26,-29487.5,-7787.5,150727.5
159236,-263.52,-329.4,1049.69,-20737.5,-20387.5,132177.5
159265,-88.33,-355.51,1084.09,4270.0,-23730.0,31920.0
159293,75.64,-372.47,1102.88,44030.0,-6335.0,-97160.0
159322,161.53,-388.2,1082.14,17780.0,-9327.5,-165427.5
159350,155.67,-417.48,1072.75,-53970.0,-13090.0,-203787.5
159379,62.71,-440.42,1085.19,-542.5,3430.0,-174772.5
159408,-92.96,-437.74,1077.26,14420.0,-61250.0,-103880.0
159436,-253.64,-423.22,1080.43,12022.5,-35245.0,18777.5
159465,-345.99,-411.38,1074.33,45692.5,50995.0,91385.0
159493,-383.08,-407.11,1031.27,4812.5,51922.5,132632.5
159522,-385.76,-420.17,1007.35,-54530.0,15470.0,177030.0
159550,-317.2,-455.91,1023.34,-57015.0,-52745.0,201670.0
159579,-154.09,-489.71,1054.2,-6737.5,-78575.0,116515.0
159607,39.77,-508.37,1076.16,42770.0,12477.5,-21367.5
159636,193.25,-520.94,1068.6,64225.0,34247.5,-122710.0
159664,282.92,-536.56,1033.34,11952.5,-44380.0,-199325.0
159692,288.77,-569.25,1023.82,-80832.5,-34562.5,-233555.0
159720,183.85,-603.78,1064.57,-31745.0,23870.0,-197155.0
159748,9.88,-610.98,1102.27,56997.5,7210.0,-95392.5
159777,-150.43,-590.24,1085.68,77070.0,30240.0,-2677.5
159805,-259.62,-558.52,1021.14,31762.5,58520.0,75897.5
159834,-324.76,-535.82,958.68,-40547.5,42122.5,125667.5
159862,-359.05,-534.24,938.06,-80447.5,35332.5,164850.0
159891,-342.09,-545.95,952.82,-64242.5,48720.0,161175.0
159919,-284.5,-556.32,977.34,-35840.0,60427.5,113907.5
159948,-181.54,-562.3,1013.7,-47687.5,39917.5,90387.5
159977,-21.35,-567.3,1086.04,-38255.0,-5687.5,10185.0
160005,122.49,-572.91,1156.8,29697.5,-16205.0,-86765.0
160034,196.18,-582.67,1181.2,42367.5,-37730.0,-143237.5
160062,207.64,-602.31,1172.66,20125.0,-63630.0,-176995.0
160091,144.08,-621.1,1165.1,-17377.5,-79747.5,-172550.0
160119,26.6,-621.47,1185.35,4217.5,-31027.5,-114695.0
160148,-114.44,-601.46,1195.11,56227.5,-5232.5,-50942.5
160176,-245.83,-569.74,1168.39,48072.5,39340.0,36312.5
160205,-326.59,-538.02,1121.42,25900.0,63770.0,89652.5
160234,-372.83,-517.28,1073.6,-18795.0,48702.5,127540.0
160262,-388.57,-513.99,1049.32,-42245.0,43662.5,149082.5
160290,-368.68,-525.94,1047.98,-59745.0,40005.0,157727.5
160318,-290.12,-551.68,1078.6,-81952.5,11340.0,165707.5
160347,-130.17,-583.04,1147.04,-57610.0,-4602.5,70472.5
160375,26.6,-609.27,1215.12,40232.5,-5932.5,-64732.5
160404,108.58,-625.37,1230.13,102287.5,-2275.0,-120820.0
160432,138.35,-628.91,1191.21,74375.0,-33127.5,-153842.5
160461,111.75,-627.81,1141.19,3412.5,-61687.5,-178570.0
160489,12.93,-616.34,1127.52,-41492.5,-60795.0,-142065.0
160518,-116.02,-586.21,1146.92,5810.0,-34072.5,-61162.5
160546,-224.48,-547.05,1146.68,43085.0,14175.0,2205.0
160574,-301.83,-508.01,1113.37,36557.5,72852.5,51905.0
160603,-356.48,-476.9,1064.21,8120.0,89425.0,94762.5
160631,-392.84,-463.11,1024.19,-34387.5,65887.5,134260.0
160660,-386.01,-467.02,1015.53,-67235.0,41597.5,147350.0
160688,-327.2,-478.61,1043.22,-76335.0,-2380.0,122307.5
160717,-215.7,-490.32,1094.34,-39970.0,-18235.0,89372.5
160745,-61.85,-500.81,1147.78,3062.5,-16065.0,-9852.5
160774,63.93,-507.28,1177.42,41492.5,-18725.0,-104650.0
160802,125.29,-514.23,1169.37,30467.5,-36295.0,-155260.0
160830,118.46,-528.5,1152.78,-10867.5,-48527.5,-191485.0
160858,25.62,-535.09,1159.0,-27020.0,-49735.0,-164167.5
160886,-121.63,-520.45,1181.69,14805.0,-50837.5,-78662.5
160915,-259.25,-491.9,1188.04,49997.5,1557.5,9607.5
160943,-348.55,-462.01,1153.39,48212.5,67410.0,76230.0
160972,-397.96,-440.18,1096.05,4795.0,59150.0,120505.0
161000,-418.34,-435.91,1055.42,-34055.0,31990.0,159582.5
161029,-377.1,-447.37,1053.1,-57050.0,35682.5,155925.0
161057,-277.79,-461.65,1089.95,-46340.0,15802.5,97510.0
161086,-136.4,-471.53,1140.21,3762.5,7280.0,40565.0
161115,15.86,-476.53,1172.79,31587.5,-11952.5,-60672.5
161143,114.44,-480.68,1168.27,33880.0,-36715.0,-132807.5
161171,140.79,-492.15,1141.68,-13825.0,-41142.5,-173950.0
161199,84.67,-501.05,1136.43,-46970.0,-28192.5,-175140.0
161228,-39.04,-492.76,1154.0,17692.5,-24167.5,-109007.5
161256,-185.56,-472.63,1153.75,42017.5,1697.5,-34580.0
161285,-307.32,-447.86,1131.18,16572.5,23030.0,39882.5
161313,-382.1,-427.98,1095.44,7420.0,52132.5,93082.5
161342,-425.41,-424.8,1051.4,-29610.0,40705.0,143867.5
161370,-415.53,-441.27,1036.76,-61792.5,26705.0,166127.5
161399,-338.67,-463.36,1073.11,-48387.5,24290.0,123620.0
161427,-213.99,-476.04,1127.77,11602.5,20895.0,77822.5
161455,-51.85,-478.12,1169.98,29890.0,-1120.0,-4217.5
161484,86.74,-475.07,1185.11,37467.5,-46462.5,-94640.0
161512,150.43,-480.92,1164.61,-4112.5,-69930.0,-145810.0
161541,136.27,-499.47,1151.92,-59395.0,-54582.5,-163555.0
161569,44.9,-508.01,1181.08,-16537.5,-33337.5,-123760.0
161598,-84.3,-495.56,1209.87,48107.5,-3045.0,-64102.5
161626,-215.45,-467.99,1198.77,52605.0,19162.5,-9170.0
161655,-320.62,-435.42,1152.66,41317.5,24097.5,60585.0
161684,-387.84,-415.04,1088.97,-1715.0,34895.0,117075.0
161713,-422.36,-418.34,1041.03,-54127.5,40390.0,164167.5
161741,-402.6,-444.57,1034.07,-73990.0,34615.0,174737.5
161769,-313.42,-477.51,1073.36,-53672.5,17850.0,136220.0
161798,-161.77,-502.52,1134.6,1960.0,19775.0,60200.0
161826,9.03,-515.08,1178.4,43190.0,6510.0,-36872.5
161855,133.22,-520.57,1180.72,50242.5,-36260.0,-119630.0
161883,182.51,-533.14,1152.17,1365.0,-50347.5,-166477.5
161912,153.96,-554.86,1128.01,-56210.0,-29627.5,-187792.5
161940,34.89,-563.88,1146.8,-42490.0,-46952.5,-143027.5
161969,-129.32,-551.32,1186.69,39987.5,-25427.5,-53900.0
161997,-273.65,-528.75,1186.33,68845.0,62930.0,22172.5
162025,-363.32,-506.79,1130.45,40285.0,123497.5,98665.0
162054,-395.77,-498.74,1057.86,-39637.5,51765.0,144515.0
162082,-374.3,-509.84,1035.05,-97755.0,-12337.5,147122.5
162111,-296.46,-526.06,1082.63,-55877.5,-14052.5,107100.0
162139,-171.53,-533.38,1144.12,17762.5,34632.5,64470.0
162168,-23.79,-527.28,1176.32,33810.0,16240.0,-16922.5
162196,91.38,-516.43,1185.96,19880.0,-29417.5,-87307.5
162225,145.79,-517.04,1186.57,-10780.0,-48055.0,-127120.0
162253,141.15,-528.75,1195.36,-9152.5,-39672.5,-138775.0
162282,86.5,-537.53,1205.85,16082.5,-25777.5,-126017.5
162311,-3.17,-529.24,1209.14,25532.5,-14892.5,-100187.5
162339,-120.78,-503.25,1195.84,48440.0,-6895.0,-55405.0
162368,-241.56,-468.48,1151.56,47775.0,23485.0,10867.5
162396,-327.69,-435.3,1079.7,6720.0,36592.5,71382.5
162425,-382.35,-417.97,1013.09,-57592.5,24815.0,113960.0
162453,-403.21,-423.83,987.22,-93537.5,15645.0,141085.0
162482,-385.28,-444.57,1005.28,-64207.5,16625.0,129745.0
162510,-331.72,-472.87,1037.61,-36785.0,37625.0,133420.0
162539,-201.67,-507.64,1073.48,-50102.5,10342.5,96127.5
162567,-30.99,-539.61,1132.89,-24745.0,-35455.0,-30187.5
162595,77.23,-560.1,1175.1,55895.0,-10692.5,-105857.5
162624,111.14,-570.35,1166.69,43592.5,-4865.0,-132807.5
162652,97.48,-574.62,1149.97,10780.0,-44275.0,-149765.0
162681,37.33,-571.33,1137.89,11970.0,-54425.0,-149555.0
162709,-64.66,-554.86,1126.91,-4952.5,-32112.5,-100275.0
162738,-176.53,-527.04,1125.94,6265.0,2257.5,-29295.0
162766,-269.62,-496.3,1115.69,28192.5,37712.5,32217.5
162795,-340.38,-471.16,1089.58,21210.0,67812.5,90895.0
162823,-382.59,-457.99,1061.89,-822.5,79607.5,139527.5
162852,-381.01,-459.21,1047.74,-27930.0,52045.0,161052.5
162880,-335.01,-468.11,1059.94,-39112.5,-350.0,126612.5
162908,-246.2,-478.48,1094.1,-11567.5,-22645.0,87307.5
162937,-119.93,-486.66,1132.4,17815.0,-12495.0,13300.0
162965,3.66,-487.02,1148.87,35105.0,-9747.5,-60270.0
162994,86.01,-486.66,1140.46,2415.0,-18007.5,-119017.5
163022,105.77,-494.34,1139.97,-25935.0,-18042.5,-155050.0
163051,63.56,-499.47,1146.92,1032.5,-1347.5,-152617.5
163079,-41.48,-489.83,1148.63,11620.0,-41387.5,-118195.0
163108,-180.68,-468.48,1149.97,41650.0,-64137.5,-37537.5
163136,-295.73,-443.71,1132.28,59202.5,6737.5,31430.0
163165,-362.22,-422.0,1082.38,37747.5,74270.0,86677.5
163194,-392.35,-409.55,1025.29,-20142.5,67130.0,113977.5
163222,-396.26,-412.12,999.42,-66220.0,38237.5,137322.5
163251,-345.26,-426.02,1023.21,-71855.0,7525.0,124635.0
163279,-241.56,-437.37,1077.02,-22137.5,-11830.0,74935.0
163308,-105.65,-439.2,1119.84,11952.5,-2607.5,14735.0
163336,28.55,-435.91,1136.06,14490.0,-20632.5,-64155.0
163365,108.82,-436.52,1131.06,-2922.5,-24220.0,-119647.5
163393,126.27,-445.91,1123.74,-22732.5,-8662.5,-140630.0
163422,89.55,-456.4,1134.97,-10115.0,-23327.5,-139877.5
163450,4.51,-454.57,1153.63,24937.5,-55877.5,-112822.5
163478,-119.56,-438.1,1154.73,41317.5,-51835.0,-63297.5
163506,-245.71,-415.53,1133.87,34212.5,-6545.0,17570.0
163534,-329.64,-396.38,1094.83,16502.5,39620.0,85645.0
163563,-376.0,-390.77,1053.23,-23555.0,41352.5,131670.0
163591,-374.91,-403.58,1038.46,-48842.5,27422.5,156992.5
163620,-308.05,-424.32,1060.67,-34212.5,8347.5,122885.0
163648,-189.83,-441.15,1095.32,6300.0,-10570.0,81497.5
163677,-31.84,-450.67,1116.79,22032.5,1907.5,8872.5
163706,112.36,-451.4,1113.86,34755.0,805.0,-71872.5
163735,185.68,-452.13,1082.14,-3727.5,3920.0,-128607.5
163764,183.0,-463.48,1075.92,-48002.5,-19932.5,-154105.0
163792,110.65,-473.85,1107.52,17.5,-30607.5,-132247.5
163821,-7.32,-466.53,1121.42,24955.0,-33845.0,-71435.0
163849,-122.49,-444.93,1113.13,14420.0,1592.5,-2485.0
163878,-197.27,-420.29,1092.75,14875.0,38482.5,45902.5
163906,-238.63,-399.79,1057.5,4025.0,48597.5,72607.5
163935,-257.79,-390.16,1024.07,-32165.0,37485.0,93362.5
163963,-244.12,-392.47,1015.89,-49542.5,8557.5,98017.5
163992,-183.98,-398.7,1037.85,-39410.0,-18147.5,91665.0
164020,-74.79,-401.87,1075.31,-4707.5,-9817.5,51012.5
164048,56.0,-398.21,1109.35,28087.5,-962.5,-24185.0
164077,155.67,-391.74,1124.35,47495.0,-2887.5,-86415.0
164105,195.93,-388.57,1113.86,37502.5,-7945.0,-130865.0
164134,174.46,-391.13,1105.56,11147.5,12827.5,-144812.5
164162,87.23,-395.28,1108.74,29995.0,25305.0,-111352.5
164191,-28.06,-390.16,1097.27,41615.0,-3955.0,-44310.0
164219,-120.05,-372.83,1067.01,24097.5,-13842.5,12477.5
164248,-178.85,-351.73,1028.95,1662.5,-3867.5,45080.0
164277,-217.4,-336.11,996.98,-24237.5,-420.0,64067.5
164306,-241.8,-327.94,983.08,-36417.5,1715.0,85260.0
164335,-247.05,-326.96,983.32,-28647.5,4567.5,96320.0
164363,-228.26,-331.6,987.22,-18410.0,-1312.5,105105.0
164392,-157.14,-333.3,999.42,-18322.5,-5320.0,101010.0
164420,-33.31,-322.08,1023.21,3412.5,-18620.0,37240.0
164449,91.26,-301.1,1043.22,17762.5,-1032.5,-32725.0
164477,179.22,-284.02,1052.25,7350.0,12232.5,-79905.0
164506,221.67,-278.65,1059.33,6790.0,-11900.0,-115010.0
164534,219.97,-282.06,1062.86,16327.5,-28245.0,-134575.0
164563,167.51,-292.56,1057.01,15855.0,-48107.5,-117635.0
164591,69.05,-302.32,1063.6,-21122.5,-99610.0,-53480.0
164619,-39.04,-299.88,1100.93,-2345.0,-124547.5,2450.0
164648,-124.44,-292.07,1122.89,78260.0,-39602.5,44082.5
164676,-173.85,-286.09,1099.71,49262.5,88812.5,89162.5
164705,-187.15,-286.82,1063.6,14735.0,91577.5,115570.0
164733,-163.11,-297.19,1042.37,-10745.0,32620.0,124897.5
164762,-78.45,-305.49,1051.4,-20037.5,24517.5,111825.0
164790,52.95,-302.68,1078.6,-19460.0,54040.0,48055.0
164819,186.17,-291.34,1096.78,-7087.5,38832.5,-21612.5
164848,284.63,-282.31,1099.22,-4725.0,17780.0,-87150.0
164876,330.13,-286.58,1094.34,-14140.0,-6370.0,-116567.5
164904,325.62,-299.02,1095.19,-18480.0,-29470.0,-121327.5
164932,277.79,-308.54,1109.71,3692.5,-27352.5,-111282.5
164961,197.4,-312.56,1116.3,35892.5,11147.5,-94027.5
164989,93.45,-311.22,1101.42,30380.0,19197.5,-46900.0
165018,-3.9,-301.83,1080.31,23030.0,29365.0,7210.0
165047,-70.52,-288.04,1050.91,25130.0,40040.0,39602.5
165076,-116.02,-277.43,1015.28,2695.0,26197.5,54495.0
165105,-147.74,-276.21,997.47,-38517.5,30432.5,81725.0
165134,-151.65,-281.33,1005.4,-45447.5,29890.0,106417.5
165162,-107.85,-283.53,1032.73,-38237.5,38167.5,102375.0
165190,-13.79,-274.87,1073.11,-19145.0,32620.0,65852.5
165219,107.36,-254.25,1112.4,10220.0,5617.5,4322.5
165247,209.84,-235.95,1131.06,26197.5,-22960.0,-59517.5
165276,263.03,-232.29,1128.01,17377.5,-54950.0,-96950.0
165304,262.79,-242.78,1123.74,-3832.5,-70472.5,-111580.0
165333,210.57,-257.54,1130.33,-1995.0,-85347.5,-105035.0
165361,114.19,-267.06,1142.9,-10342.5,-54582.5,-82477.5
165390,-19.03,-273.16,1153.88,-2082.5,-24745.0,-28910.0
165418,-143.72,-277.79,1154.73,23012.5,-2082.5,54022.5
165446,-214.6,-283.65,1131.06,23747.5,57225.0,105000.0
165475,-236.31,-299.14,1098.24,-15820.0,86695.0,133087.5
165503,-193.74,-317.69,1095.19,-38150.0,69247.5,133332.5
165532,-92.48,-324.4,1129.23,-22207.5,49910.0,90825.0
165560,34.65,-315.49,1171.08,10325.0,50102.5,32077.5
165589,157.87,-297.19,1196.94,25305.0,25900.0,-41230.0
165617,240.83,-285.85,1199.38,31220.0,-35192.5,-96670.0
165646,270.84,-291.95,1187.06,6142.5,-66150.0,-135660.0
165674,246.44,-311.22,1181.69,-7507.5,-68687.5,-144025.0
165703,167.87,-333.3,1183.89,1522.5,-68250.0,-119455.0
165731,49.29,-348.8,1185.6,3622.5,-52430.0,-66955.0
165759,-77.71,-355.51,1185.72,8977.5,-9187.5,5565.0
165788,-173.48,-358.8,1177.67,16432.5,42822.5,76860.0
165816,-221.92,-365.27,1151.92,6037.5,69195.0,114257.5
165845,-230.09,-377.47,1126.67,-18497.5,53970.0,133227.5
165873,-183.0,-388.57,1127.04,-25130.0,33495.0,129360.0
165902,-73.81,-383.57,1156.07,-15417.5,21122.5,81672.5
165930,66.12,-359.66,1194.87,14350.0,23992.5,11830.0
165959,190.32,-333.06,1212.8,35420.0,6930.0,-59272.5
165988,261.32,-322.32,1201.7,27072.5,-37800.0,-112087.5
166016,270.96,-333.3,1187.55,-7752.5,-66237.5,-133612.5
166044,223.87,-352.58,1192.06,-5810.0,-72747.5,-125072.5
166072,127.61,-366.12,1202.19,11445.0,-69702.5,-86887.5
166101,7.08,-370.64,1206.34,15960.0,-48877.5,-23380.0
166129,-97.97,-366.49,1204.63,16450.0,7542.5,38937.5
166158,-165.92,-360.39,1184.38,19792.5,51940.0,84997.5
166186,-203.86,-362.46,1147.17,7175.0,44450.0,120715.0
166215,-212.77,-373.93,1124.23,-8417.5,33687.5,139825.0
166243,-171.04,-385.4,1134.23,-12355.0,59937.5,131425.0
166272,-74.66,-384.3,1162.54,-5197.5,67165.0,87167.5
166301,54.53,-367.83,1188.77,10955.0,37135.0,28875.0
166329,187.39,-346.36,1204.38,25795.0,8470.0,-45115.0
166358,279.99,-337.33,1198.89,23992.5,-35262.5,-106365.0
166386,310.86,-348.19,1187.79,-8050.0,-63875.0,-137970.0
166415,283.65,-371.0,1188.28,-24062.5,-52815.0,-150815.0
166443,200.81,-391.86,1199.26,-24430.0,-60742.5,-125930.0
166472,82.96,-399.06,1213.66,9747.5,-57085.0,-73220.0
166501,-41.72,-392.6,1219.02,18375.0,-4025.0,-10430.0
166530,-141.03,-381.86,1198.41,20877.5,66167.5,57872.5
166559,-200.93,-376.49,1149.73,-1277.5,56192.5,101132.5
166587,-231.8,-382.84,1110.44,-21875.0,13037.5,130322.5
166615,-223.02,-397.48,1103.98,-25025.0,14612.5,139947.5
166643,-168.24,-408.94,1121.18,-23170.0,40162.5,112840.0
166672,-74.66,-409.8,1146.8,-18865.0,42052.5,73902.5
166700,52.58,-396.99,1175.35,-9012.5,10500.0,18445.0
166729,180.93,-379.18,1196.94,12250.0,-14735.0,-50977.5
166757,262.42,-376.98,1197.55,19757.5,-39392.5,-111702.5
166786,281.21,-391.74,1191.82,2537.5,-53917.5,-136535.0
166814,245.1,-408.94,1194.38,3430.0,-48265.0,-140875.0
166843,158.72,-419.68,1194.38,8942.5,-44380.0,-112822.5
166872,42.94,-418.46,1191.45,3150.0,-9205.0,-53672.5
166900,-63.2,-406.99,1184.99,10307.5,25515.0,15697.5
166929,-138.35,-393.21,1162.66,17045.0,29137.5,67602.5
166957,-187.76,-385.03,1128.99,6877.5,28297.5,98787.5
166986,-216.43,-388.2,1102.03,-9065.0,34737.5,120907.5
167014,-205.69,-399.06,1092.88,-12057.5,25585.0,129762.5
167043,-141.76,-405.04,1104.71,-14315.0,16905.0,106400.0
167071,-25.13,-396.99,1133.26,-6160.0,7665.0,59622.5
167100,123.95,-376.74,1164.0,10605.0,1312.5,-18182.5
167129,248.27,-363.07,1175.84,26390.0,-12180.0,-91507.5
167157,304.51,-370.15,1170.47,16082.5,-40617.5,-132825.0
167185,293.78,-387.84,1171.69,3045.0,-48597.5,-144655.0
167213,221.19,-402.84,1175.96,8610.0,-41370.0,-135292.5
167242,105.16,-405.89,1176.08,7525.0,-39777.5,-75390.0
167270,-8.78,-393.57,1174.37,10552.5,-3045.0,-9345.0
167299,-96.01,-375.76,1154.85,15750.0,35052.5,44485.0
167327,-156.4,-363.32,1116.06,-2415.0,46095.0,86310.0
167356,-188.73,-360.14,1077.26,-24272.5,41807.5,113172.5
167384,-187.15,-365.51,1053.59,-40652.5,47180.0,114835.0
167413,-127.86,-370.88,1059.69,-45902.5,34247.5,104825.0
167441,3.17,-361.12,1099.34,-27895.0,6265.0,46112.5
167469,151.77,-341.6,1149.73,7787.5,-10430.0,-34807.5
167498,250.34,-334.28,1179.25,30467.5,-18410.0,-98070.0
167526,282.06,-344.16,1182.91,26845.0,-35805.0,-128485.0
167555,252.91,-361.24,1182.91,21822.5,-44030.0,-129290.0
167583,176.78,-371.37,1182.3,25497.5,-33775.0,-104912.5
167612,68.08,-369.42,1174.49,15330.0,-21385.0,-59850.0
167640,-46.85,-359.05,1159.98,16047.5,752.5,4095.0
167669,-136.15,-346.11,1128.13,6335.0,28752.5,58607.5
167698,-200.2,-342.33,1091.05,-23747.5,29172.5,104405.0
167727,-231.07,-352.7,1075.92,-30940.0,22907.5,139002.5
167755,-204.96,-368.93,1082.99,-23275.0,31885.0,135012.5
167783,-104.43,-377.96,1104.59,-18812.5,28017.5,103775.0
167812,71.86,-366.24,1143.75,-10622.5,17990.0,32987.5
167840,253.15,-348.92,1177.06,34895.0,5407.5,-72117.5
167869,346.11,-356.12,1165.34,57750.0,-45097.5,-140017.5
167897,334.77,-383.93,1127.77,-9292.5,-55825.0,-153702.5
167926,242.54,-410.16,1123.13,-44957.5,-44135.0,-135380.0
167954,104.07,-424.32,1157.29,-10360.0,-67550.0,-63945.0
167983,-27.57,-422.0,1188.4,29715.0,-40460.0,7857.5
168012,-120.9,-408.82,1180.11,41685.0,41772.5,61197.5
168040,-179.22,-400.28,1137.77,10675.0,76177.5,104055.0
168069,-200.08,-403.82,1100.44,-15347.5,44397.5,134837.5
168097,-162.63,-410.53,1092.51,-26337.5,7717.5,131040.0
168126,-56.36,-407.72,1111.66,-22767.5,13265.0,85662.5
168154,106.02,-390.89,1145.34,-630.0,31815.0,9502.5
168183,260.71,-372.95,1164.37,37310.0,4707.5,-74375.0
168211,339.4,-374.3,1149.12,22347.5,-39095.0,-127732.5
168240,338.31,-390.52,1137.28,-29645.0,-57522.5,-140752.5
168268,281.09,-402.23,1156.07,-10727.5,-46987.5,-131075.0
168297,184.22,-403.7,1176.57,18830.0,-39690.0,-88847.5
168325,68.32,-396.87,1182.42,18830.0,-16100.0,-31395.0
168353,-32.94,-381.25,1176.45,23730.0,20142.5,28630.0
168382,-106.14,-368.2,1149.0,22120.0,42910.0,80325.0
168410,-154.21,-367.95,1113.37,420.0,29505.0,124670.0
168439,-169.09,-379.66,1093.61,-8645.0,20737.5,142222.5
168467,-134.2,-396.38,1093.36,-23642.5,31832.5,137077.5
168496,-37.09,-404.19,1116.54,-34247.5,48667.5,96705.0
168524,108.09,-393.21,1154.73,-13947.5,61407.5,22802.5
168553,250.34,-371.73,1179.37,29365.0,33092.5,-50155.0
168582,344.28,-359.66,1170.35,42997.5,-24710.0,-110302.5
168611,373.2,-367.83,1138.02,-420.0,-60322.5,-145407.5
168640,336.23,-388.81,1123.86,-43662.5,-76825.0,-146877.5
168668,246.2,-406.14,1145.34,-33022.5,-60497.5,-121800.0
168696,125.05,-414.43,1181.45,17202.5,-37905.0,-61652.5
168724,8.3,-415.78,1200.97,38640.0,30275.0,4917.5
168753,-79.06,-412.6,1183.77,29977.5,69370.0,64872.5
168781,-139.45,-414.07,1145.21,2642.5,60235.0,113260.0
168810,-158.6,-426.39,1112.4,-18602.5,35787.5,146930.0
168838,-115.29,-437.74,1107.03,-38780.0,27737.5,130812.5
168867,-16.35,-433.83,1136.43,-32707.5,37240.0,86660.0
168896,126.15,-410.65,1183.03,9135.0,49175.0,23047.5
168924,264.01,-382.23,1209.26,50487.5,1960.0,-56980.0
168953,338.43,-371.0,1193.89,47250.0,-68722.5,-108027.5
168981,338.92,-380.64,1161.68,-16800.0,-73640.0,-134820.0
169009,268.52,-400.04,1155.58,-51940.0,-72117.5,-121537.5
169037,152.38,-414.07,1184.86,-15102.5,-101360.0,-56875.0
169066,36.84,-413.82,1218.66,26792.5,-64662.5,4567.5
169095,-49.53,-404.43,1222.44,37835.0,37467.5,53777.5
169124,-102.72,-397.6,1192.55,23345.0,83580.0,95427.5
169152,-115.9,-398.82,1153.63,315.0,58625.0,113505.0
169181,-87.96,-403.82,1134.36,-22225.0,9170.0,105875.0
169210,-23.42,-404.92,1146.07,-19880.0,9310.0,97282.5
169238,92.48,-393.94,1167.3,-7472.5,33652.5,48492.5
169267,222.65,-374.78,1173.4,5495.0,10762.5,-29347.5
169295,319.27,-360.88,1159.61,13195.0,-30327.5,-78487.5
169324,370.64,-360.75,1133.01,-4917.5,-52307.5,-117740.0
169352,363.56,-371.86,1116.3,-32060.0,-57750.0,-122622.5
169381,306.22,-377.71,1127.4,-32025.0,-39970.0,-102025.0
169409,211.3,-375.52,1148.14,-7507.5,-1820.0,-69650.0
169438,89.55,-374.17,1166.69,5862.5,10167.5,-7542.5
169467,-20.37,-373.32,1181.33,23012.5,48387.5,57435.0
169496,-88.33,-376.25,1170.47,27317.5,72957.5,101430.0
169525,-112.97,-388.33,1140.33,8295.0,49630.0,131652.5
169553,-72.83,-401.01,1127.77,-13195.0,15610.0,128397.5
169582,26.72,-401.99,1144.36,-10920.0,16152.5,78837.5
169610,156.89,-388.81,1162.9,10640.0,21035.0,20737.5
169639,284.02,-368.68,1163.39,21192.5,1802.5,-49385.0
169667,359.53,-357.83,1139.48,17605.0,-37327.5,-93502.5
169696,367.83,-364.66,1108.0,-29260.0,-53427.5,-109147.5
169724,319.64,-377.22,1108.86,-50260.0,-48492.5,-101342.5
169753,229.97,-384.18,1130.82,-13282.5,-33372.5,-73150.0
169781,113.7,-385.28,1150.34,-2992.5,-37030.0,-17937.5
169809,10.0,-379.05,1172.42,13370.0,8190.0,46340.0
169838,-53.68,-371.98,1170.71,27002.5,64470.0,82267.5
169866,-83.94,-371.86,1142.41,9975.0,46252.5,103652.5
169895,-72.71,-375.52,1126.43,1855.0,7840.0,109200.0
169923,-20.98,-378.69,1126.06,7000.0,11935.0,86625.0
169952,70.27,-374.42,1127.52,5792.5,24150.0,53060.0
169981,192.64,-358.92,1133.38,6247.5,21315.0,-6825.0
170010,299.39,-342.33,1131.18,11707.5,1050.0,-63297.5
170039,353.31,-338.06,1119.47,-11445.0,-21805.0,-102252.5
170068,348.19,-347.09,1120.94,-20877.5,-20982.5,-115045.0
170096,291.95,-359.29,1133.14,-8050.0,-10010.0,-111737.5
170124,202.15,-364.05,1134.48,17220.0,-18270.0,-90002.5
170153,90.77,-362.58,1119.59,8540.0,-7437.5,-43890.0
170181,-15.01,-358.44,1102.51,4287.5,22802.5,20282.5
170210,-87.96,-354.17,1076.89,8312.5,9887.5,65415.0
170239,-132.25,-357.09,1050.42,-6632.5,-12337.5,100642.5
170268,-129.08,-363.32,1048.47,-6195.0,-35.0,115657.5
170297,-77.71,-364.41,1062.38,-1225.0,18690.0,90405.0
170326,17.08,-355.14,1079.09,9222.5,17080.0,63612.5
170355,155.43,-333.18,1098.24,22312.5,9800.0,-2380.0
170384,277.79,-312.69,1097.76,38535.0,-8557.5,-68127.5
170413,333.79,-307.68,1076.16,-3202.5,-24570.0,-104842.5
170441,322.45,-317.57,1072.14,-35945.0,-23555.0,-112000.0
170469,254.0,-330.01,1092.14,-11882.5,-27352.5,-100922.5
170497,147.01,-334.89,1108.86,13037.5,-29540.0,-54040.0
170526,35.38,-331.84,1107.76,6895.0,5950.0,7070.0
170555,-53.92,-324.28,1090.92,1417.5,33880.0,61337.5
170584,-112.61,-321.1,1066.52,-6195.0,22102.5,101220.0
170612,-136.64,-325.74,1049.81,-8820.0,9660.0,113312.5
170641,-122.12,-333.67,1047.61,-6055.0,16362.5,109795.0
170669,-56.36,-339.04,1057.98,-3727.5,24115.0,91017.5
170697,71.61,-334.77,1081.9,-4760.0,23957.5,30835.0
170726,220.58,-323.42,1108.0,17832.5,14385.0,-43627.5
170754,323.3,-323.06,1105.32,32007.5,-21105.0,-104405.0
170783,343.06,-341.6,1085.56,-15575.0,-53865.0,-136482.5
170811,294.75,-363.68,1094.83,-28262.5,-69475.0,-130672.5
170840,198.01,-376.74,1125.45,-3185.0,-63717.5,-100975.0
170868,80.03,-377.71,1150.22,13072.5,-24342.5,-31587.5
170897,-13.18,-367.1,1153.27,32392.5,42822.5,21385.0
170926,-75.52,-352.21,1119.23,24710.0,66955.0,56420.0
170955,-120.9,-342.94,1072.99,-14122.5,42437.5,87185.0
170984,-136.76,-342.33,1054.45,-36627.5,15382.5,108220.0
171012,-116.63,-345.5,1065.06,-21157.5,15767.5,99907.5
171041,-68.32,-348.43,1082.38,-16607.5,34037.5,85960.0
171069,8.66,-347.82,1098.49,-15785.0,40862.5,50487.5
171098,107.73,-341.11,1118.74,-7560.0,14175.0,5775.0
171127,208.99,-332.21,1134.11,14525.0,-11602.5,-48475.0
171156,274.5,-332.94,1130.33,14542.5,-32462.5,-99610.0
171184,285.36,-344.04,1120.94,-2730.0,-40600.0,-122325.0
171213,247.42,-356.61,1115.45,-11760.0,-31727.5,-125370.0
171241,165.43,-366.24,1117.76,-16922.5,-45867.5,-97562.5
171270,58.68,-368.07,1136.06,-560.0,-42700.0,-40600.0
171299,-39.89,-361.73,1148.75,32637.5,5372.5,19145.0
171327,-113.09,-354.65,1130.33,39077.5,48387.5,65152.5
171356,-160.55,-355.14,1093.61,13965.0,51467.5,100677.5
171384,-180.93,-365.63,1067.38,-13072.5,36802.5,118475.0
171413,-166.9,-382.71,1067.38,-22592.5,24115.0,129167.5
171441,-102.85,-396.01,1091.41,-12057.5,25935.0,111772.5
171470,2.56,-395.77,1120.45,6037.5,26267.5,61197.5
171499,118.46,-382.84,1142.16,18252.5,11830.0,1225.0
171528,215.94,-369.17,1147.53,31447.5,-13702.5,-58432.5
171556,270.6,-365.02,1133.26,14962.5,-44415.0,-104405.0
171584,276.45,-368.93,1122.4,-14490.0,-64242.5,-122500.0
171612,229.6,-373.93,1123.86,-16187.5,-72362.5,-116917.5
171640,126.88,-375.27,1130.21,-6965.0,-82827.5,-74847.5
171669,-4.03,-371.25,1148.87,402.5,-46515.0,-5460.0
171698,-113.09,-366.49,1163.64,25270.0,29400.0,63700.0
171727,-171.17,-368.68,1150.95,25970.0,88777.5,110005.0
171755,-164.7,-377.35,1128.62,-2170.0,83772.5,127312.5
171784,-96.14,-380.64,1133.38,-20335.0,31570.0,98525.0
171813,5.37,-376.0,1165.47,11742.5,2747.5,57225.0
171841,119.56,-365.27,1188.52,39025.0,25532.5,8085.0
171870,221.67,-351.73,1187.91,43295.0,-6965.0,-51170.0
171898,275.35,-344.65,1176.08,23782.5,-66587.5,-92820.0
171927,274.87,-343.06,1170.35,-4025.0,-71592.5,-110057.5
171955,227.77,-339.89,1175.71,-8260.0,-67322.5,-100415.0
171984,146.89,-330.13,1181.57,-1505.0,-55527.5,-64750.0
172012,51.0,-312.32,1182.06,1732.5,-20720.0,-16432.5
172041,-32.94,-290.24,1170.83,11882.5,17167.5,40145.0
172070,-89.55,-271.33,1148.14,2817.5,36855.0,75372.5
172099,-123.71,-262.06,1129.96,-4357.5,48510.0,98962.5
172128,-125.42,-264.62,1119.47,-8505.0,59167.5,111125.0
172156,-78.32,-272.79,1120.33,-21350.0,47425.0,100572.5
172185,19.03,-278.53,1136.8,-10727.5,31692.5,60147.5
172213,147.38,-277.67,1153.63,9187.5,25095.0,-385.0
172242,265.59,-276.21,1153.14,14805.0,-1645.0,-70192.5
172270,329.16,-285.36,1137.16,-3587.5,-39445.0,-124267.5
172299,326.59,-303.66,1126.67,-26810.0,-54880.0,-145687.5
172327,265.72,-321.1,1135.09,-30520.0,-60077.5,-127032.5
172356,167.87,-328.79,1159.85,-16047.5,-49892.5,-79415.0
172384,63.07,-323.18,1187.43,7612.5,-9485.0,-21595.0
172412,-24.4,-310.37,1192.55,34860.0,38815.0,32917.5
172441,-84.55,-298.53,1163.64,28490.0,64732.5,71627.5
172469,-121.39,-294.87,1124.11,4357.5,53200.0,98840.0
172498,-123.83,-300.61,1100.2,-16590.0,42595.0,114782.5
172526,-80.89,-306.46,1102.27,-24710.0,45605.0,100117.5
172555,6.95,-306.34,1117.89,-11480.0,42175.0,67760.0
172584,134.2,-295.73,1138.02,-6195.0,8242.5,2887.5
172613,249.98,-284.75,1156.68,8592.5,-30642.5,-70210.0
172642,306.95,-288.29,1158.02,12197.5,-49157.5,-114992.5
172670,301.34,-307.07,1144.36,-22697.5,-61407.5,-127802.5
172698,245.46,-331.35,1153.14,-53847.5,-100975.0,-108797.5
172726,167.51,-341.72,1197.8,-22837.5,-82827.5,-72065.0
172755,79.54,-337.45,1234.27,18410.0,-22592.5,-31727.5
172783,-8.54,-327.45,1236.35,42315.0,30030.0,16940.0
172812,-79.06,-318.66,1205.97,39007.5,72712.5,61705.0
172840,-129.81,-319.15,1160.95,9502.5,73097.5,100030.0
172869,-151.28,-331.84,1128.74,-14052.5,57312.5,125457.5
172897,-127.61,-351.48,1120.33,-29715.0,48230.0,124337.5
172926,-49.9,-366.61,1137.53,-28892.5,31885.0,93380.0
172955,74.42,-367.71,1177.18,-10097.5,20335.0,35857.5
172983,202.76,-360.14,1212.68,31377.5,10080.0,-35857.5
173012,285.97,-359.53,1211.46,55877.5,-26897.5,-93310.0
173040,310.73,-368.68,1184.13,26285.0,-75705.0,-119227.5
173069,287.19,-380.27,1169.25,-12320.0,-107590.0,-114940.0
173097,230.21,-384.67,1190.72,-18707.5,-99645.0,-95637.5
173126,158.84,-377.35,1235.62,14857.5,-13352.5,-66710.0
173154,83.45,-362.34,1258.06,49105.0,58800.0,-32742.5
173183,11.47,-340.99,1230.0,53392.5,67795.0,9800.0
173212,-48.68,-317.57,1170.59,19810.0,45307.5,47215.0
173240,-96.99,-301.71,1118.98,-16905.0,28402.5,78592.5
173269,-126.15,-296.58,1093.24,-29295.0,27037.5,104335.0
173297,-130.05,-300.97,1084.34,-30065.0,36365.0,111912.5
173326,-90.65,-309.15,1093.85,-34510.0,48755.0,109830.0
173354,14.64,-308.17,1129.72,-32847.5,58642.5,66132.5
173383,156.89,-294.87,1173.4,5285.0,42227.5,-5897.5
173412,271.82,-285.72,1195.11,30432.5,-5547.5,-75005.0
173441,322.32,-292.68,1190.23,19565.0,-58642.5,-112980.0
173469,306.46,-311.95,1180.72,-17447.5,-78960.0,-124477.5
173498,228.26,-328.79,1194.75,-24062.5,-81287.5,-109392.5
173526,118.22,-331.84,1230.13,4042.5,-58100.0,-56822.5
173554,14.4,-321.84,1251.48,34597.5,6772.5,-7420.0
173583,-61.98,-304.88,1229.39,50190.0,63525.0,35525.0
173611,-109.19,-289.87,1169.25,20492.5,58957.5,58940.0
173640,-141.64,-282.55,1112.15,-19880.0,34912.5,78872.5
173668,-154.21,-284.14,1085.07,-34002.5,28647.5,95112.5
173697,-122.85,-289.75,1087.75,-37012.5,37467.5,90562.5
173725,-32.21,-287.31,1118.74,-30240.0,22977.5,53305.0
173754,99.43,-272.06,1166.2,892.5,-2240.0,-7315.0
173783,215.7,-258.88,1195.6,32987.5,-14577.5,-72502.5
173811,273.52,-260.71,1190.48,32760.0,-29330.0,-113785.0
173839,270.72,-272.43,1167.42,3115.0,-25112.5,-126857.5
173867,205.94,-285.36,1151.92,-18760.0,-33320.0,-121660.0
173895,97.23,-294.02,1161.32,-13930.0,-75460.0,-65520.0
173923,-15.62,-293.65,1183.16,10657.5,-53287.5,-10465.0
173952,-108.34,-286.94,1181.57,34282.5,24220.0,40915.0
173980,-173.61,-283.77,1145.82,14420.0,62860.0,83860.0
174009,-207.89,-288.9,1104.83,-15050.0,42822.5,114590.0
174037,-206.67,-303.05,1080.55,-28192.5,28945.0,117372.5
174066,-160.06,-321.59,1083.12,-31990.0,18795.0,108412.5
174094,-39.65,-327.81,1120.08,-27160.0,23310.0,67287.5
174122,124.56,-314.27,1170.47,-3220.0,35105.0,-21420.0
174151,250.47,-304.88,1192.55,39812.5,2800.0,-89425.0
174179,299.39,-315.37,1177.06,41597.5,-56787.5,-119997.5
174208,287.07,-332.33,1156.07,15295.0,-73465.0,-119997.5
174236,228.51,-346.72,1140.7,927.5,-57312.5,-114450.0
174265,129.08,-355.63,1145.09,-22382.5,-52762.5,-73885.0
174293,23.42,-352.34,1182.18,1925.0,-41265.0,-17342.5
174322,-62.22,-340.26,1205.85,40530.0,21245.0,21945.0
174351,-129.08,-328.18,1182.42,34265.0,69422.5,63910.0
174379,-174.34,-324.4,1139.72,5215.0,52517.5,106662.5
174408,-183.73,-331.72,1109.59,-12407.5,32812.5,129500.0
174436,-136.27,-342.09,1102.15,-28245.0,35805.0,122150.0
174465,-24.77,-341.48,1123.25,-34107.5,33687.5,76492.5
174493,120.54,-325.13,1158.51,-6142.5,32252.5,-1085.0
174522,239.97,-309.64,1172.18,27370.0,-5337.5,-64015.0
174550,295.0,-312.08,1158.51,12967.5,-52885.0,-102935.0
174579,285.72,-325.5,1151.44,-24885.0,-69440.0,-117302.5
174607,224.48,-335.87,1165.47,-23152.5,-59605.0,-102672.5
174636,130.54,-335.74,1186.57,14105.0,-38990.0,-61110.0
174665,31.48,-325.5,1196.21,28175.0,22505.0,-4742.5
174693,-46.36,-310.73,1180.72,27825.0,66115.0,45097.5
174722,-96.99,-299.02,1144.48,14542.5,49805.0,80290.0
174750,-124.2,-295.48,1110.81,-2327.5,15610.0,102252.5
174779,-116.02,-298.66,1096.78,-8697.5,6807.5,113977.5
174807,-50.51,-299.39,1103.37,-18410.0,19757.5,90597.5
174836,68.69,-287.68,1124.11,-14770.0,29137.5,27807.5
174865,194.22,-270.35,1136.67,8575.0,9292.5,-35875.0
174894,278.77,-262.91,1127.89,5810.0,-16292.5,-82897.5
174923,304.02,-270.11,1113.98,-15872.5,-35840.0,-106015.0
174951,277.55,-280.11,1114.96,-24430.0,-43330.0,-110215.0
174979,207.52,-284.26,1122.89,6037.5,-34090.0,-99347.5
175007,101.26,-284.75,1133.14,1330.0,-29032.5,-47407.5
175036,-0.98,-278.28,1151.92,11725.0,-87.5,15067.5
175065,-70.52,-267.91,1152.66,31237.5,45220.0,56332.5
175094,-113.83,-263.4,1122.16,18497.5,47477.5,86450.0
175122,-123.95,-265.47,1092.63,-6492.5,14840.0,110390.0
175151,-81.98,-267.06,1090.44,-20177.5,14717.5,98577.5
175180,0.49,-262.18,1104.1,-9030.0,30222.5,59115.0
175208,109.31,-250.1,1111.42,2660.0,26460.0,11340.0
175237,215.21,-236.19,1111.66,1540.0,1382.5,-48685.0
175265,275.6,-233.75,1104.71,6352.5,-32620.0,-78680.0
175294,284.26,-242.17,1094.34,-13580.0,-48317.5,-95252.5
175322,244.49,-251.2,1097.02,-30345.0,-49402.5,-93047.5
175351,168.12,-254.25,1115.08,-9870.0,-48055.0,-65100.0
175379,80.52,-247.66,1135.7,-2327.5,-1382.5,-23485.0
175408,0.85,-236.07,1139.6,7997.5,40635.0,17167.5
175437,-62.22,-228.14,1122.4,8277.5,55510.0,52692.5
175466,-104.43,-229.73,1094.71,1277.5,45605.0,82320.0
175495,-109.56,-239.85,1073.48,-19197.5,30467.5,99400.0
175523,-63.68,-247.9,1078.72,-28647.5,20545.0,82285.0
175552,28.91,-246.44,1102.88,-11305.0,17745.0,41807.5
175580,142.5,-237.66,1124.72,6667.5,14945.0,-18725.0
175609,230.7,-231.8,1128.99,17132.5,-8645.0,-66937.5
175637,264.25,-237.9,1117.28,11830.0,-48107.5,-89775.0
175666,241.8,-251.32,1109.59,-9747.5,-70245.0,-94465.0
175694,174.83,-260.47,1123.01,-13615.0,-85505.0,-79152.5
175723,83.45,-260.35,1149.36,560.0,-41317.5,-39287.5
175752,-7.93,-253.27,1161.44,16747.5,26110.0,17115.0
175781,-77.35,-245.71,1146.68,22435.0,66622.5,70245.0
175810,-111.02,-245.59,1114.96,4515.0,63455.0,101290.0
175838,-107.85,-251.56,1092.51,-14385.0,22400.0,103670.0
175867,-66.86,-258.64,1094.95,-8802.5,-1505.0,90317.5
175895,17.81,-260.96,1109.47,-875.0,11200.0,49507.5
175924,128.59,-256.2,1120.69,5407.5,17500.0,-8330.0
175953,226.8,-252.3,1116.06,15680.0,805.0,-63192.5
175982,276.57,-258.76,1092.75,4252.5,-39182.5,-102445.0
176010,262.54,-272.55,1081.04,-32952.5,-76352.5,-114817.5
176039,190.2,-281.94,1112.27,-25060.0,-76002.5,-91560.0
176067,88.69,-280.97,1162.66,11970.0,-18480.0,-38517.5
176095,-4.39,-272.3,1182.42,39690.0,53672.5,15225.0
176124,-70.76,-262.79,1155.83,32077.5,97405.0,61232.5
176152,-106.38,-258.88,1108.25,-6825.0,67987.5,92067.5
176181,-107.24,-261.69,1081.53,-30310.0,12022.5,97230.0
176209,-77.71,-268.4,1084.09,-24780.0,-5862.5,85890.0
176238,-19.28,-274.01,1102.88,-15452.5,-2432.5,69352.5
176266,72.1,-273.89,1127.4,4182.5,8400.0,25340.0
176295,170.8,-268.77,1140.21,18147.5,16992.5,-32830.0
176323,242.05,-265.47,1131.67,21070.0,-4392.5,-74672.5
176352,266.57,-268.4,1108.25,3535.0,-33372.5,-101062.5
176380,240.58,-274.74,1094.1,-21560.0,-58485.0,-107415.0
176408,162.87,-278.65,1104.59,-14455.0,-68022.5,-90090.0
176436,44.41,-278.4,1130.21,-682.5,-31605.0,-34352.5
176464,-63.93,-274.99,1147.65,21875.0,40950.0,36137.5
176493,-124.56,-271.33,1127.04,23415.0,83107.5,79415.0
176521,-135.66,-273.4,1084.21,-11497.5,17395.0,103197.5
176550,-93.09,-277.92,1073.97,-25900.0,-36067.5,94307.5
176578,-8.05,-277.31,1093.12,-735.0,-11410.0,56560.0
176607,98.58,-271.21,1101.66,16625.0,16957.5,6177.5
176636,197.03,-263.89,1091.17,11497.5,8242.5,-45237.5
176665,254.37,-262.3,1074.82,-4515.0,-16117.5,-79030.0
176693,265.72,-267.18,1065.55,-21385.0,-22225.0,-92750.0
176721,235.46,-273.04,1068.35,-21297.5,-20265.0,-94482.5
176750,173.36,-274.99,1080.19,-11130.0,-27720.0,-72730.0
176778,95.4,-271.08,1098.0,-1382.5,-3570.0,-39270.0
176807,16.35,-262.91,1110.44,17342.5,30380.0,3272.5
176836,-49.29,-254.0,1100.2,23135.0,56577.5,45710.0
176865,-92.84,-248.15,1073.84,5092.5,45727.5,77525.0
176894,-106.63,-246.93,1057.5,-13527.5,13475.0,90545.0
176923,-87.47,-248.03,1062.86,-12687.5,-10482.5,87762.5
176951,-35.5,-248.39,1077.02,1015.0,-12215.0,73377.5
176980,52.7,-243.51,1089.46,9502.5,-280.0,30345.0
177009,156.89,-233.02,1095.68,16152.5,5967.5,-28857.5
177037,238.14,-224.72,1087.39,19285.0,-12705.0,-70245.0
177066,267.42,-226.07,1069.45,-1487.5,-19547.5,-99820.0
177094,238.75,-232.78,1060.67,-17027.5,-10062.5,-101237.5
177123,173.12,-236.44,1060.3,-5705.0,-3465.0,-84280.0
177151,81.74,-237.05,1059.2,-10167.5,-4217.5,-48702.5
177180,-17.08,-235.22,1065.06,-1995.0,-4672.5,4602.5
177209,-94.18,-231.68,1062.13,13510.0,13002.5,45762.5
177238,-149.21,-232.41,1040.17,1522.5,18935.0,76475.0
177267,-176.05,-241.56,1020.65,-14770.0,13632.5,108587.5
177295,-150.79,-252.42,1021.63,-21472.5,13597.5,108640.0
177323,-73.93,-256.57,1041.03,-7332.5,15172.5,79187.5
177351,44.16,-249.12,1066.28,6615.0,12845.0,29872.5
177380,166.53,-235.46,1083.73,19862.5,2590.0,-42280.0
177408,238.14,-231.8,1081.04,16170.0,-17255.0,-88812.5
177437,251.08,-240.46,1071.4,-7157.5,-27300.0,-104580.0
177465,213.74,-253.52,1069.33,-15925.0,-15102.5,-105105.0
177494,137.01,-262.54,1076.89,-9152.5,-14245.0,-75915.0
177522,42.94,-263.03,1083.6,7140.0,-15557.5,-29960.0
177551,-44.77,-256.32,1076.89,12372.5,-2432.5,14927.5
177580,-114.56,-247.66,1057.01,7560.0,18672.5,54022.5
177608,-161.89,-244.24,1032.12,-5092.5,24815.0,83212.5
177637,-187.88,-249.12,1014.8,-12757.5,19582.5,95550.0
177665,-184.95,-259.74,1010.77,-15172.5,14962.5,106750.0
177694,-131.76,-267.3,1024.92,-15172.5,11060.0,94780.0
177722,-30.5,-267.06,1052.01,11952.5,-22487.5,51415.0
177751,89.43,-261.57,1074.7,20947.5,-18497.5,-5057.5
177780,179.22,-258.88,1082.87,25760.0,-12250.0,-60480.0
177809,215.45,-263.28,1076.28,15330.0,-28910.0,-84052.5
177837,208.62,-266.81,1068.48,-4970.0,-39007.5,-97055.0
177865,164.94,-264.01,1074.82,-15575.0,-42035.0,-91262.5
177893,97.11,-254.98,1090.56,-7770.0,-32672.5,-67025.0
177921,20.62,-240.46,1102.76,7717.5,-12232.5,-34615.0
177950,-47.7,-223.63,1098.12,19547.5,20842.5,3132.5
177978,-102.97,-209.23,1069.57,8680.0,49595.0,32270.0
178007,-150.3,-204.11,1037.12,-18812.5,38972.5,67182.5
178035,-176.05,-209.35,1027.85,-26880.0,15155.0,93030.0
178064,-168.73,-220.09,1041.15,-12442.5,17482.5,97527.5
178092,-121.76,-231.07,1058.11,-1207.5,35507.5,90457.5
178121,-27.21,-234.73,1076.53,-6020.0,21892.5,52307.5
178150,94.43,-228.99,1100.07,5582.5,5267.5,-8855.0
178178,198.37,-223.75,1109.47,23537.5,332.5,-65502.5
178207,254.86,-228.87,1094.83,11952.5,-23012.5,-104317.5
178235,259.62,-244.24,1082.51,-17430.0,-43190.0,-121117.5
178264,214.84,-259.25,1088.36,-12600.0,-44187.5,-120890.0
178292,125.78,-268.16,1099.71,-9012.5,-42052.5,-88812.5
178321,18.79,-269.38,1113.62,-5285.0,-32830.0,-35612.5
178349,-75.15,-262.54,1122.4,16800.0,-4532.5,16012.5
178378,-148.47,-255.59,1108.61,23275.0,27842.5,60725.0
178407,-198.01,-256.2,1085.56,8435.0,35385.0,97737.5
178436,-222.28,-265.11,1070.92,2800.0,34195.0,111685.0
178465,-225.09,-284.14,1063.23,1102.5,33775.0,125772.5
178493,-182.51,-307.2,1068.35,-10640.0,34160.0,126857.5
178522,-77.59,-320.13,1094.95,-14735.0,28262.5,83247.5
178550,69.66,-316.47,1126.43,18725.0,17727.5,17570.0
178579,206.42,-307.93,1139.24,33355.0,-5635.0,-65345.0
178607,284.99,-311.34,1129.84,15697.5,-49385.0,-116760.0
178636,303.9,-328.91,1125.69,-23870.0,-70507.5,-141645.0
178664,270.11,-349.41,1141.43,-12022.5,-61792.5,-145267.5
178693,188.86,-359.78,1155.58,9117.5,-50032.5,-117722.5
178721,78.08,-356.97,1157.29,10972.5,-27912.5,-65362.5
178749,-38.19,-346.85,1154.61,6230.0,-7210.0,-4917.5
178778,-133.22,-334.28,1148.02,16765.0,14140.0,55615.0
178806,-195.2,-326.96,1133.62,12005.0,36032.5,96250.0
178835,-226.92,-331.35,1122.52,4690.0,48930.0,125562.5
178863,-213.62,-343.92,1119.35,-1277.5,56910.0,136220.0
178892,-149.94,-355.51,1123.38,-15435.0,54337.5,110775.0
178920,-38.55,-356.97,1144.73,-10850.0,40512.5,72957.5
178949,110.65,-343.43,1174.13,14017.5,32602.5,4725.0
178978,246.2,-329.4,1185.6,28297.5,-15995.0,-69002.5
179007,320.01,-335.26,1179.5,7630.0,-84717.5,-116235.0
179035,332.08,-358.44,1176.32,-27335.0,-99627.5,-140945.0
179063,281.94,-381.62,1184.99,-39025.0,-80640.0,-146282.5
179091,188.61,-388.94,1203.65,-10920.0,-67147.5,-98350.0
179119,85.16,-378.57,1216.22,-1872.5,-19565.0,-48685.0
179148,-15.86,-359.66,1219.15,17500.0,3377.5,11760.0
179176,-96.01,-340.38,1208.78,35297.5,21665.0,71487.5
179205,-147.13,-329.28,1184.25,28927.5,36487.5,110740.0
179233,-171.29,-330.38,1164.25,17045.0,51572.5,128432.5
179262,-162.02,-343.43,1153.39,8102.5,57190.0,140035.0
179291,-95.65,-362.83,1152.41,-11882.5,61897.5,121590.0
179320,35.14,-372.83,1175.1,-28420.0,56857.5,50557.5
179349,184.95,-368.2,1210.48,6685.0,38237.5,-21630.0
179377,298.05,-365.02,1219.63,43015.0,-7087.5,-81042.5
179406,352.09,-374.54,1196.94,17167.5,-46340.0,-126997.5
179434,349.41,-391.62,1171.57,-30222.5,-60007.5,-145512.5
179463,305.49,-405.65,1161.07,-43400.0,-68250.0,-138827.5
179491,224.24,-412.36,1166.93,-40092.5,-55930.0,-113085.0
179520,120.29,-410.65,1193.04,-11322.5,-38745.0,-51642.5
179548,20.13,-399.67,1218.05,25900.0,16450.0,2012.5
179577,-65.64,-386.13,1209.51,41527.5,53532.5,59097.5
179606,-132.0,-380.64,1176.81,18882.5,60882.5,112210.0
179634,-162.5,-389.3,1150.83,-1382.5,46165.0,148487.5
179663,-136.15,-404.19,1151.19,-9082.5,40530.0,142275.0
179691,-58.8,-414.43,1169.86,5250.0,41492.5,114590.0
179720,73.32,-412.24,1188.65,14157.5,43592.5,56542.5
179748,221.06,-397.72,1198.89,9922.5,32445.0,-43487.5
179777,315.25,-388.2,1190.72,20090.0,-19057.5,-98332.5
179805,344.16,-395.52,1162.05,-1645.0,-54740.0,-136762.5
179834,307.93,-412.97,1139.97,-50767.5,-81637.5,-144707.5
179862,226.92,-424.56,1158.15,-49367.5,-98507.5,-102777.5
179891,128.1,-425.66,1199.26,-5932.5,-63140.0,-54092.5
179919,29.52,-416.63,1227.56,22540.0,-4567.5,1662.5
179947,-47.34,-400.89,1225.37,38045.0,50942.5,49735.0
179976,-100.16,-389.79,1194.5,25147.5,65380.0,88182.5
180004,-130.3,-389.42,1161.32,4427.5,46252.5,118405.0
180033,-122.24,-396.99,1144.97,-2082.5,27125.0,124215.0
180061,-70.27,-403.45,1147.41,-1960.0,34632.5,99715.0
180090,28.3,-401.38,1165.1,-2572.5,32935.0,62807.5
180119,159.82,-387.11,1193.77,8960.0,22855.0,-11165.0
180148,268.52,-371.98,1208.53,32130.0,7647.5,-71995.0
180177,320.62,-369.42,1191.94,32462.5,-35052.5,-110092.5
180206,311.59,-376.61,1161.56,-1522.5,-58362.5,-123777.5
180234,257.18,-378.57,1145.34,-4532.5,-61320.0,-103740.0
180262,177.39,-373.08,1139.48,-1662.5,-30187.5,-75967.5
180291,81.74,-365.63,1150.7,-24622.5,-11392.5,-37467.5
180319,-7.56,-352.34,1179.74,10605.0,5845.0,4847.5
180348,-76.74,-336.6,1179.98,35927.5,32795.0,40407.5
180376,-130.42,-325.86,1149.0,15102.5,38832.5,75477.5
180405,-163.72,-325.01,1122.16,-6877.5,31605.0,110460.0
180433,-162.26,-331.72,1112.4,-14577.5,30292.5,118492.5
180462,-120.05,-336.23,1117.28,-18602.5,37240.0,108220.0
180490,-39.28,-332.21,1136.43,-15102.5,33407.5,77437.5
180519,63.2,-319.64,1161.44,11935.0,23975.0,23345.0
180548,155.92,-304.63,1171.32,28385.0,22015.0,-31115.0
180576,214.72,-294.63,1156.68,22837.5,-717.5,-70350.0
180605,232.65,-292.31,1128.26,175.0,-34300.0,-93485.0
180633,214.96,-295.85,1106.54,-27107.5,-59797.5,-101640.0
180662,172.87,-299.27,1103.25,-33145.0,-56507.5,-86712.5
180690,116.14,-297.92,1117.15,-21700.0,-16135.0,-65187.5
180719,55.88,-290.24,1129.72,-3482.5,10115.0,-41860.0
180748,-5.12,-276.94,1128.99,-6737.5,2835.0,-18812.5
180777,-68.08,-261.57,1124.47,9485.0,-9257.5,14507.5
180806,-121.02,-248.64,1115.2,15662.5,10272.5,45062.5
180834,-159.21,-241.32,1098.49,9415.0,15907.5,65765.0
180863,-184.34,-240.1,1083.24,-1400.0,10290.0,82705.0
180891,-192.52,-245.22,1077.5,-5320.0,8347.5,95270.0
180920,-173.48,-254.61,1080.07,-332.5,17290.0,99050.0
180948,-113.22,-261.57,1088.85,-157.5,25322.5,78575.0
180977,-10.37,-259.13,1104.34,3080.0,23537.5,24920.0
181006,104.19,-249.86,1115.69,11917.5,5390.0,-37712.5
181035,191.3,-245.71,1113.37,9397.5,-27457.5,-80080.0
181064,230.82,-254.61,1101.17,1190.0,-53795.0,-108762.5
181093,218.5,-271.57,1088.24,-13387.5,-58310.0,-121905.0
181121,152.13,-287.68,1079.7,-33110.0,-34405.0,-101990.0
181149,51.85,-298.17,1094.1,-48282.5,-9660.0,-46252.5
181178,-41.36,-297.07,1132.53,-7210.0,-9397.5,1960.0
181206,-113.22,-289.14,1150.22,38552.5,13895.0,31762.5
181235,-169.7,-284.87,1129.11,33407.5,48405.0,65870.0
181263,-203.86,-287.19,1094.58,15155.0,37782.5,100642.5
181292,-199.96,-293.78,1069.09,-157.5,22225.0,107660.0
181320,-166.9,-301.46,1062.38,-14805.0,19582.5,98122.5
181349,-93.94,-307.44,1072.87,-10482.5,15697.5,81427.5
181378,19.15,-304.76,1097.88,-14455.0,12145.0,10587.5
181406,127.61,-295.0,1121.42,6912.5,-6020.0,-44397.5
181435,203.86,-290.85,1123.62,12442.5,-29680.0,-89512.5
181463,234.85,-298.05,1112.64,157.5,-52692.5,-122342.5
181492,212.52,-310.61,1108.49,-24885.0,-63000.0,-131495.0
181520,140.3,-320.01,1124.96,-17657.5,-68040.0,-105945.0
181549,27.94,-323.79,1145.82,12232.5,-46865.0,-57645.0
181577,-85.03,-321.23,1156.68,23205.0,-4392.5,23100.0
181606,-158.84,-317.44,1150.22,29680.0,54267.5,82040.0
181635,-189.83,-319.88,1128.01,15592.5,69160.0,111387.5
181664,-186.78,-328.18,1108.74,2397.5,65992.5,112560.0
181693,-144.69,-338.43,1103.12,-8032.5,55842.5,108062.5
181721,-46.48,-339.16,1119.47,-16590.0,43890.0,65695.0
181750,82.72,-325.25,1151.44,-630.0,19285.0,-3167.5
181779,183.98,-311.22,1168.15,26127.5,-9100.0,-61022.5
181808,222.65,-310.12,1159.0,10570.0,-45465.0,-92347.5
181836,193.0,-319.52,1153.14,-21770.0,-85295.0,-100170.0
181865,101.26,-325.62,1176.81,-12792.5,-114240.0,-69947.5
181893,-20.5,-320.49,1207.07,29137.5,-47162.5,-4847.5
181922,-114.19,-311.22,1199.26,35210.0,62510.0,69790.0
181951,-151.65,-305.85,1159.37,5635.0,81042.5,102900.0
181979,-143.47,-306.59,1129.96,-17360.0,25532.5,103127.5
182007,-94.31,-309.27,1137.65,-8417.5,-3447.5,88655.0
182035,-9.15,-307.68,1157.05,14577.5,35052.5,51362.5
182064,100.77,-297.56,1157.66,17290.0,37240.0,-1995.0
182092,209.35,-285.36,1143.38,16327.5,-14490.0,-60270.0
182121,281.7,-285.6,1125.94,-1347.5,-50855.0,-105367.5
182149,300.61,-299.75,1117.64,-18550.0,-43435.0,-127592.5
182178,266.45,-316.47,1113.01,-16975.0,-44782.5,-124897.5
182206,188.61,-327.45,1117.28,-32007.5,-67882.5,-101360.0
182234,83.2,-329.64,1148.14,-18147.5,-47792.5,-50540.0
182263,-18.06,-324.28,1175.1,17815.0,24447.5,14612.5
182291,-91.26,-317.32,1164.61,22400.0,60952.5,67690.0
182320,-134.69,-316.83,1136.67,4620.0,46847.5,103232.5
182348,-148.11,-325.13,1122.4,437.5,32795.0,115955.0
182377,-120.41,-337.57,1122.77,7297.5,41125.0,115920.0
182405,-41.72,-342.33,1130.7,3675.0,43855.0,85365.0
182434,74.91,-332.69,1141.07,10745.0,32322.5,27457.5
182463,195.32,-315.74,1149.85,10832.5,-4935.0,-33127.5
182492,282.19,-305.49,1156.32,11007.5,-36067.5,-85330.0
182520,320.74,-308.78,1159.37,3797.5,-46935.0,-116550.0
182548,311.34,-322.45,1154.0,-2257.5,-41037.5,-130060.0
182576,254.74,-338.06,1142.65,-14367.5,-61127.5,-116340.0
182604,159.94,-346.11,1144.24,-21367.5,-49420.0,-79747.5
182633,55.02,-342.82,1163.51,-6055.0,-17150.0,-17482.5
182661,-26.23,-331.47,1174.62,21840.0,17167.5,32025.0
182690,-79.54,-319.15,1159.98,20247.5,36575.0,62475.0
182718,-116.39,-313.42,1137.04,4672.5,29872.5,88690.0
182747,-127.86,-315.74,1123.74,-6282.5,31430.0,107012.5
182775,-100.65,-320.37,1126.3,-10535.0,47460.0,105052.5
182804,-31.6,-320.49,1136.31,3167.5,43802.5,84577.5
182833,80.28,-309.39,1144.6,16170.0,23922.5,35665.0
182861,202.15,-291.58,1143.75,17692.5,822.5,-32777.5
182890,286.09,-283.41,1134.97,-2170.0,-22785.0,-84122.5
182918,315.13,-291.21,1130.7,-16887.5,-41247.5,-110180.0
182947,295.12,-305.85,1133.5,-18847.5,-43680.0,-110617.5
182975,236.92,-315.74,1141.43,-10325.0,-50907.5,-94815.0
183004,157.62,-315.13,1153.63,-2310.0,-20667.5,-64085.0
183032,71.25,-307.68,1160.95,5512.5,15732.5,-25357.5
183061,-6.83,-296.34,1155.34,19127.5,22540.0,17045.0
183090,-70.27,-285.6,1133.99,16625.0,35000.0,49927.5
183119,-122.0,-282.31,1106.3,175.0,28822.5,86852.5
183148,-145.79,-286.94,1088.73,-7122.5,25445.0,106120.0
183176,-135.18,-295.73,1083.12,-10482.5,30765.0,105910.0
183205,-83.2,-302.07,1087.87,-13440.0,39165.0,92750.0
183233,22.81,-294.87,1105.2,-8172.5,29452.5,44677.5
183262,153.23,-276.33,1126.06,13317.5,2345.0,-21070.0
183290,253.27,-265.59,1134.97,18060.0,-24920.0,-80622.5
183319,294.87,-272.79,1138.02,6912.5,-40775.0,-117145.0
183347,281.33,-290.85,1147.53,5022.5,-40232.5,-125825.0
183376,223.14,-306.46,1155.58,19110.0,-44030.0,-117075.0
183404,131.15,-312.2,1151.68,10115.0,-27545.0,-84437.5
183432,25.74,-308.42,1147.53,-3885.0,-12827.5,-29907.5
183461,-66.12,-297.92,1145.82,17762.5,-1032.5,19355.0
183489,-134.69,-288.53,1127.89,19775.0,24675.0,61530.0
183518,-181.66,-286.94,1102.51,-315.0,27352.5,96635.0
183546,-200.93,-294.51,1088.48,-4760.0,22172.5,116620.0
183575,-173.12,-306.1,1086.41,-5600.0,25707.5,124057.5
183603,-80.52,-307.2,1102.27,-11532.5,32672.5,89040.0
183632,53.07,-288.65,1132.28,25322.5,48667.5,23222.5
183661,177.27,-259.62,1147.41,55632.5,42560.0,-41545.0
183690,252.78,-239.36,1133.75,44590.0,-15995.0,-79397.5
183718,272.55,-236.44,1118.01,280.0,-66867.5,-96110.0
183746,243.51,-243.51,1118.13,-28857.5,-64207.5,-104212.5
183774,174.09,-248.76,1126.79,-33022.5,-55090.0,-84507.5
183802,77.47,-247.66,1132.16,-1977.5,-27685.0,-48492.5
183831,-28.06,-240.34,1131.79,525.0,-6702.5,-4637.5
183860,-116.39,-231.07,1121.18,10622.5,24972.5,41982.5
183889,-182.63,-229.73,1095.19,1575.0,38605.0,80395.0
183917,-221.31,-240.58,1075.55,-18060.0,30800.0,120942.5
183946,-211.91,-259.98,1070.31,-20527.5,38605.0,131355.0
183974,-142.01,-275.84,1077.02,-27142.5,40320.0,107257.5
184003,-12.2,-271.57,1107.88,-24377.5,33897.5,41877.5
184032,135.05,-249.86,1151.56,2292.5,25865.0,-38937.5
184060,239.73,-237.41,1175.35,29907.5,-17535.0,-92330.0
184089,285.36,-251.44,1174.25,30170.0,-61022.5,-120207.5
184117,274.99,-281.33,1174.13,962.5,-62212.5,-146527.5
184146,209.23,-308.17,1181.81,9187.5,-55527.5,-131652.5
184174,100.53,-322.32,1182.18,8207.5,-30187.5,-92470.0
184203,-30.74,-321.59,1173.4,8470.0,-2607.5,-30415.0
184231,-148.23,-313.54,1154.85,14140.0,27352.5,40425.0
184260,-229.48,-312.08,1120.94,9852.5,50855.0,99277.5
184289,-271.57,-322.69,1087.75,-19722.5,44415.0,132685.0
184318,-273.89,-344.04,1070.43,-33845.0,32357.5,143272.5
184346,-217.04,-367.95,1077.75,-38745.0,36610.0,133647.5
184374,-73.69,-369.66,1132.77,-45115.0,61250.0,61530.0
184403,98.58,-343.31,1210.0,7175.0,73395.0,-39952.5
184431,211.55,-326.47,1242.69,78155.0,-34177.5,-75932.5
184460,246.32,-340.5,1229.03,46672.5,-92225.0,-104667.5
184488,216.55,-364.41,1213.53,-1452.5,-52605.0,-130725.0
184517,139.08,-379.66,1204.26,2292.5,-38202.5,-114590.0
184545,27.82,-383.93,1196.94,-1610.0,-46602.5,-66045.0
184574,-90.28,-375.64,1191.7,15242.5,-31867.5,-2275.0
184603,-184.1,-360.51,1170.83,31832.5,997.5,50557.5
184631,-248.88,-351.12,1130.94,19547.5,32830.0,90160.0
184660,-286.46,-354.04,1095.32,-5250.0,34405.0,121747.5
184688,-282.31,-366.0,1088.73,-18725.0,32200.0,129202.5
184717,-220.82,-377.71,1111.42,-19810.0,48352.5,104720.0
184745,-91.01,-371.49,1153.02,-15540.0,59377.5,46112.5
184774,71.0,-340.62,1199.26,10780.0,44712.5,-31482.5
184802,195.08,-314.76,1216.34,48545.0,-26705.0,-83072.5
184831,251.56,-315.98,1194.75,19407.5,-80115.0,-112962.5
184859,241.44,-334.77,1175.35,-34405.0,-77910.0,-132930.0
184888,171.53,-352.34,1185.96,-33792.5,-74742.5,-119052.5
184916,65.27,-359.66,1211.34,-3552.5,-65677.5,-72310.0
184944,-49.9,-356.48,1231.22,14770.0,-15435.0,-16205.0
184973,-146.77,-346.24,1228.42,38727.5,42385.0,47582.5
185001,-212.52,-339.28,1192.18,40775.0,58100.0,100397.5
185030,-252.05,-344.16,1148.51,15942.5,36242.5,138985.0
185058,-250.34,-360.14,1128.26,805.0,30905.0,150097.5
185087,-187.15,-375.39,1134.84,-7332.5,48510.0,126367.5
185115,-45.51,-369.42,1167.17,-16380.0,77595.0,44047.5
185144,114.92,-342.82,1206.34,5565.0,69527.5,-56070.0
185173,216.55,-323.06,1220.37,47127.5,-35420.0,-68617.5
185202,255.47,-323.06,1204.87,35227.5,-100345.0,-88287.5
185230,242.41,-330.74,1188.04,-23030.0,-95725.0,-110425.0
185258,191.3,-332.33,1184.86,-39200.0,-53305.0,-110932.5
185286,107.36,-327.33,1198.16,-40005.0,-54302.5,-74917.5
185314,9.03,-315.13,1219.88,1295.0,-37870.0,-17762.5
185343,-77.71,-296.22,1219.76,20545.0,9327.5,29925.0
185371,-150.79,-281.21,1197.67,22312.5,35490.0,74637.5
185400,-200.32,-282.06,1172.42,15750.0,42297.5,111300.0
185428,-218.26,-299.14,1156.8,6037.5,46865.0,129972.5
185457,-179.34,-325.5,1159.24,-1907.5,65712.5,136535.0
185485,-60.39,-339.16,1190.23,-23940.0,98262.5,71855.0
185514,95.4,-326.59,1236.84,-507.5,76737.5,-8312.5
185543,218.26,-309.76,1259.65,40897.5,-1837.5,-62055.0
185571,281.58,-310.12,1243.79,47092.5,-72642.5,-93590.0
185600,292.56,-326.47,1216.83,-3885.0,-85330.0,-124285.0
185628,253.76,-343.06,1211.22,-33145.0,-72187.5,-129412.5
185657,168.36,-351.12,1219.76,-16362.5,-67112.5,-101832.5
185685,53.31,-347.7,1234.88,-4007.5,-53112.5,-43260.0
185714,-58.68,-331.47,1250.62,30310.0,-8610.0,21472.5
185743,-141.89,-314.03,1239.64,47967.5,59797.5,63962.5
185772,-198.86,-306.59,1196.7,28122.5,102112.5,88672.5
185800,-229.12,-315.0,1153.02,-3062.5,66745.0,124197.5
185828,-203.01,-330.38,1146.56,-21927.5,27667.5,131057.5
185856,-115.05,-333.55,1179.74,-24605.0,35227.5,88690.0
185884,14.15,-320.13,1222.68,2502.5,46252.5,30257.5
185913,148.72,-297.68,1252.09,22960.0,39480.0,-49437.5
185941,233.87,-284.38,1252.45,36890.0,-3500.0,-92592.5
185970,253.52,-289.26,1227.81,20020.0,-62125.0,-104335.0
185998,220.94,-299.75,1206.21,-17360.0,-74725.0,-112647.5
186027,150.79,-304.15,1196.45,-26792.5,-57925.0,-90737.5
186055,62.46,-299.88,1191.21,-12547.5,-41632.5,-53812.5
186084,-27.82,-287.19,1196.09,-6282.5,-38517.5,-9747.5
186113,-105.41,-268.64,1200.6,19687.5,3797.5,21000.0
186141,-171.65,-253.52,1179.86,28945.0,40302.5,54460.0
186170,-225.7,-249.37,1146.92,11970.0,44117.5,95707.5
186198,-252.91,-256.44,1123.99,1557.5,37432.5,122307.5
186227,-235.22,-271.94,1116.79,2012.5,14595.0,134120.0
186255,-144.45,-281.45,1133.87,-1417.5,-5407.5,105787.5
186284,8.05,-271.69,1172.91,-542.5,2992.5,28367.5
186313,152.99,-257.18,1196.7,29085.0,6440.0,-44502.5
186342,241.44,-254.74,1178.64,33512.5,-27265.0,-93695.0
186370,267.67,-263.28,1140.7,-4585.0,-72257.5,-114012.5
186399,243.02,-273.04,1122.28,-62930.0,-77997.5,-119560.0
186427,180.07,-274.5,1134.36,-46550.0,-76492.5,-89722.5
186455,98.94,-267.18,1155.71,-17325.0,-37380.0,-51432.5
186484,17.57,-252.78,1174.74,-1750.0,9345.0,-18917.5
186512,-53.19,-234.73,1181.69,21805.0,29312.5,19565.0
186541,-109.07,-221.06,1164.61,29505.0,48002.5,50837.5
186569,-153.96,-217.53,1137.77,14332.5,47757.5,84805.0
186598,-177.14,-224.24,1123.38,5565.0,47530.0,110547.5
186626,-155.43,-237.29,1122.4,2152.5,63332.5,116182.5
186655,-57.83,-243.02,1135.21,-14962.5,48685.0,82967.5
186684,100.53,-230.95,1173.15,-12565.0,-5127.5,7857.5
186713,240.1,-215.94,1200.48,33985.0,12337.5,-80272.5
186742,311.1,-216.67,1188.16,26372.5,-6352.5,-116462.5
186770,318.54,-230.34,1166.32,-4095.0,-43032.5,-129990.0
186799,271.94,-245.83,1151.19,-29382.5,-53025.0,-131040.0
186827,186.42,-256.44,1150.34,-32585.0,-58345.0,-100012.5
186856,84.3,-260.96,1167.42,-11760.0,-35717.5,-56507.5
186884,-14.03,-258.52,1181.94,9310.0,13807.5,-10955.0
186913,-95.53,-252.17,1168.52,27492.5,60042.5,33897.5
186942,-161.28,-251.08,1127.04,11427.5,59972.5,75477.5
186971,-205.45,-259.37,1093.0,-14000.0,28980.0,112227.5
186999,-208.86,-271.69,1084.09,-19075.0,29067.5,127330.0
187027,-166.41,-281.33,1089.7,-22400.0,40740.0,113365.0
187055,-70.03,-275.96,1116.79,-26407.5,35087.5,68442.5
187083,64.78,-248.76,1167.05,-10867.5,35052.5,-8575.0
187112,180.68,-221.31,1202.43,31692.5,10657.5,-65467.5
187140,237.53,-216.18,1196.45,50277.5,-39847.5,-95935.0
187169,234.73,-228.51,1165.83,25497.5,-54617.5,-108727.5
187197,180.56,-246.44,1131.55,-4970.0,-49577.5,-103145.0
187226,83.69,-265.96,1116.91,-46970.0,-66990.0,-65905.0
187254,-22.2,-274.5,1145.58,-30642.5,-61722.5,-16450.0
187283,-111.26,-268.03,1183.89,19530.0,-6632.5,18672.5
187312,-183.73,-262.42,1178.76,50680.0,54407.5,54267.5
187340,-234.0,-264.74,1134.97,26162.5,67392.5,90982.5
187369,-248.27,-273.04,1093.85,-9275.0,40057.5,116865.0
187397,-213.5,-282.19,1079.7,-29785.0,21612.5,120435.0
187426,-123.71,-279.75,1097.27,-37380.0,5337.5,82162.5
187454,7.93,-260.59,1145.09,-18847.5,-1522.5,18795.0
187483,138.1,-237.05,1184.01,36767.5,11672.5,-53830.0
187511,222.41,-228.26,1186.08,43435.0,-30117.5,-99487.5
187540,241.8,-239.85,1172.3,17990.0,-57400.0,-122745.0
187568,208.01,-257.18,1158.51,-6632.5,-32147.5,-132912.5
187597,128.83,-273.28,1139.6,-14105.0,-15627.5,-112122.5
187625,20.74,-285.97,1132.65,-18147.5,-32655.0,-56000.0
187653,-83.2,-287.07,1142.9,857.5,-4655.0,-3762.5
187682,-170.8,-281.82,1129.48,27387.5,30100.0,47022.5
187710,-238.63,-282.55,1084.58,8995.0,30747.5,95375.0
187739,-276.57,-294.51,1047.13,-23730.0,9362.5,128782.5
187767,-266.81,-313.3,1041.03,-33915.0,3937.5,143010.0
187796,-199.84,-326.96,1061.16,-29312.5,12985.0,122272.5
187824,-70.03,-321.35,1099.95,-19740.0,14035.0,66885.0
187853,86.38,-297.68,1141.68,5215.0,31902.5,-28997.5
187882,201.42,-278.89,1156.68,38902.5,4952.5,-87255.0
187911,254.25,-280.84,1139.11,28927.5,-33425.0,-116235.0
187939,243.76,-300.12,1116.91,-14052.5,-36732.5,-137812.5
187967,172.87,-321.84,1114.59,-28367.5,-54162.5,-113540.0
187995,69.91,-335.5,1136.55,-5810.0,-65065.0,-59675.0
188023,-36.11,-337.57,1160.59,23730.0,-16415.0,-8592.5
188052,-124.68,-331.11,1155.1,36680.0,52570.0,39690.0
188080,-188.37,-327.2,1114.71,21997.5,79362.5,80727.5
188109,-226.92,-332.82,1071.53,-15820.0,46637.5,105892.5
188137,-235.83,-347.7,1061.64,-40967.5,24377.5,122710.0
188166,-185.56,-358.31,1092.51,-38675.0,32620.0,121467.5
188194,-70.39,-348.19,1142.04,-18830.0,60480.0,59535.0
188223,66.86,-318.66,1184.13,9327.5,37380.0,-9292.5
188252,181.17,-291.7,1201.46,40127.5,-17377.5,-68705.0
188280,240.95,-289.14,1189.38,44380.0,-67917.5,-108185.0
188308,238.39,-309.27,1169.74,7787.5,-67130.0,-133630.0
188336,181.41,-331.84,1163.03,-10832.5,-52780.0,-126367.5
188364,92.11,-345.75,1159.37,11865.0,-41107.5,-84017.5
188392,-10.49,-352.34,1147.78,4760.0,-20912.5,-42385.0
188421,-112.0,-351.24,1135.09,7752.5,-2327.5,9292.5
188450,-192.52,-346.48,1114.23,12915.0,33127.5,58257.5
188479,-250.71,-347.33,1082.02,-4112.5,34772.5,99312.5
188507,-284.14,-360.51,1063.11,-22032.5,4182.5,139982.5
188536,-263.76,-377.83,1076.77,-21875.0,3937.5,153160.0
188564,-181.54,-386.98,1106.17,-11025.0,35350.0,128695.0
188592,-31.11,-375.64,1139.11,-8155.0,48562.5,66727.5
188621,131.64,-349.29,1175.47,-7700.0,61232.5,-50382.5
188649,219.72,-335.99,1192.31,30327.5,-7052.5,-82250.0
188678,233.75,-342.94,1177.06,28560.0,-72730.0,-98647.5
188706,200.81,-355.02,1157.05,-8137.5,-62982.5,-128380.0
188735,132.0,-362.58,1152.9,-11340.0,-50172.5,-110495.0
188763,43.43,-364.9,1163.76,-1190.0,-46042.5,-62037.5
188792,-47.21,-359.9,1175.1,26915.0,-20195.0,-12512.5
188820,-131.27,-350.63,1163.64,42437.5,14542.5,35577.5
188849,-197.52,-343.8,1129.48,30852.5,48037.5,78470.0
188878,-235.95,-344.77,1091.29,10377.5,55982.5,110302.5
188906,-234.73,-353.19,1067.62,-8120.0,38885.0,125282.5
188935,-171.78,-356.73,1076.16,-26652.5,18322.5,105455.0
188963,-45.26,-341.6,1120.94,-25217.5,22872.5,43680.0
188992,108.82,-313.3,1174.13,7910.0,41422.5,-33057.5
189020,229.24,-292.8,1197.43,39077.5,21490.0,-98682.5
189049,277.43,-293.53,1179.5,42017.5,-31360.0,-122202.5
189077,253.52,-310.49,1149.48,-4777.5,-55387.5,-130147.5
189106,170.92,-329.16,1142.29,-23905.0,-74252.5,-100117.5
189134,66.0,-338.79,1156.32,-4200.0,-70455.0,-47687.5
189163,-35.62,-337.94,1168.03,11987.5,-26775.0,-3797.5
189192,-119.93,-329.89,1158.02,27475.0,22365.0,42735.0
189220,-179.71,-322.32,1118.98,17972.5,44345.0,80167.5
189249,-215.7,-320.13,1076.65,-4340.0,18392.5,106400.0
189277,-233.02,-326.96,1055.3,-12197.5,14490.0,120312.5
189306,-206.91,-343.06,1055.91,-9047.5,24517.5,127155.0
189334,-97.11,-344.28,1092.75,-17360.0,37012.5,74672.5
189363,67.47,-317.69,1157.29,9310.0,57242.5,-2310.0
189392,208.74,-288.53,1198.04,49262.5,48632.5,-70105.0
189421,282.55,-279.38,1188.52,55737.5,-21087.5,-103985.0
189449,288.04,-289.63,1163.15,4847.5,-69457.5,-118072.5
189478,239.0,-302.44,1156.68,-7280.0,-59500.0,-109847.5
189506,152.99,-306.71,1144.73,10570.0,-40967.5,-86590.0
189534,38.8,-308.17,1131.18,-13457.5,-49997.5,-37100.0
189563,-76.98,-305.73,1140.21,1732.5,-19040.0,16835.0
189591,-164.09,-299.88,1131.67,26390.0,55685.0,61460.0
189620,-220.09,-300.73,1089.7,892.5,78750.0,100152.5
189648,-236.92,-311.22,1059.69,-26145.0,44642.5,120802.5
189677,-195.44,-319.4,1072.87,-33460.0,20632.5,113627.5
189705,-94.67,-311.1,1117.76,-19460.0,22102.5,72572.5
189734,41.11,-284.75,1168.27,5792.5,35280.0,4970.0
189763,160.8,-258.15,1195.36,34020.0,18497.5,-58642.5
189792,224.36,-249.61,1187.18,39007.5,-32235.0,-87622.5
189820,232.29,-257.42,1166.2,14245.0,-75232.5,-100100.0
189848,188.61,-269.38,1158.76,-24745.0,-79555.0,-107747.5
189876,104.07,-275.72,1170.1,-2170.0,-74847.5,-78907.5
189904,0.24,-272.3,1184.38,10990.0,-36715.0,-39217.5
189933,-99.8,-261.08,1185.11,23922.5,38797.5,15487.5
189961,-175.31,-248.51,1151.68,27020.0,73587.5,67812.5
189990,-223.5,-242.9,1096.29,-9502.5,27440.0,102952.5
190018,-249.12,-249.61,1066.65,-30590.0,3377.5,120820.0
190047,-238.02,-265.23,1074.82,-25375.0,26600.0,132090.0
190075,-161.53,-277.67,1103.25,-21962.5,41160.0,104702.5
190104,-24.16,-273.77,1146.92,-7070.0,10622.5,40967.5
190133,118.1,-259.37,1185.23,31167.5,14122.5,-34177.5
190161,213.01,-250.83,1187.3,43032.5,-8487.5,-78872.5
190190,250.95,-252.54,1158.51,21122.5,-42315.0,-105857.5
190218,236.92,-261.45,1127.04,-33652.5,-43855.0,-124460.0
190246,174.22,-270.96,1124.84,-46952.5,-62562.5,-102917.5
190274,85.16,-272.55,1152.17,-11147.5,-67620.0,-57610.0
190303,-3.9,-263.89,1176.45,16292.5,-17500.0,-21787.5
190331,-81.5,-248.88,1174.86,36172.5,37625.0,18305.0
190360,-139.57,-233.63,1145.82,32672.5,64925.0,52657.5
190388,-182.27,-222.77,1108.98,10605.0,58625.0,77700.0
190417,-209.35,-219.6,1083.36,-10517.5,51677.5,98280.0
190445,-211.3,-224.48,1076.77,-27475.0,45570.0,105752.5
190473,-169.09,-230.21,1094.22,-33022.5,49630.0,93537.5
190502,-76.62,-225.46,1134.84,-26670.0,53287.5,41370.0
190530,37.09,-210.33,1176.81,17080.0,23327.5,-8855.0
190559,132.86,-199.47,1192.31,30905.0,-10342.5,-58677.5
190587,185.56,-201.67,1186.94,14210.0,-35945.0,-97510.0
190616,192.52,-213.01,1185.84,1977.5,-50750.0,-114170.0
190644,154.82,-226.07,1186.94,11847.5,-60760.0,-113365.0
190673,79.18,-233.51,1183.4,12845.0,-66745.0,-93975.0
190701,-19.03,-233.14,1181.2,5880.0,-28910.0,-61232.5
190730,-122.24,-226.19,1178.64,20947.5,2415.0,-12722.5
190759,-209.11,-215.82,1153.39,35927.5,39147.5,37677.5
190787,-273.65,-211.06,1100.07,6667.5,43190.0,85417.5
190816,-305.24,-216.67,1056.4,-25742.5,19582.5,119035.0
190844,-291.46,-228.87,1046.03,-33950.0,13597.5,118545.0
190873,-234.48,-238.75,1065.67,-29837.5,16957.5,103092.5
190901,-120.9,-236.92,1106.17,-5162.5,-12355.0,81130.0
190930,27.21,-222.77,1151.44,19810.0,-16292.5,-12092.5
190958,137.98,-213.26,1171.93,39427.5,-15015.0,-75740.0
190987,188.86,-217.53,1154.0,35542.5,-36312.5,-103460.0
191015,191.3,-228.14,1126.43,-17745.0,-47127.5,-124390.0
191044,153.48,-235.09,1118.37,-37170.0,-45622.5,-115500.0
191072,85.28,-234.97,1122.89,-17640.0,-58782.5,-87500.0
191100,-1.1,-227.53,1133.75,-10780.0,-45150.0,-47407.5
191129,-87.23,-211.55,1145.09,14717.5,-4165.0,-2695.0
191157,-162.38,-195.08,1132.89,32690.0,37922.5,41457.5
191186,-219.84,-186.05,1098.49,14980.0,62317.5,81340.0
191214,-250.71,-187.39,1069.45,-7455.0,55125.0,105875.0
191243,-255.59,-198.37,1061.52,-18812.5,38115.0,114240.0
191271,-222.16,-212.52,1074.94,-20195.0,35997.5,116690.0
191300,-128.83,-217.16,1103.12,-17675.0,35612.5,74252.5
191328,9.88,-205.69,1144.12,-6475.0,29032.5,6667.5
191357,142.74,-189.83,1177.3,23117.5,16817.5,-57330.0
191386,222.04,-187.03,1175.47,27020.0,-29592.5,-94325.0
191414,243.76,-197.52,1157.41,-315.0,-66517.5,-113557.5
191443,220.33,-210.08,1150.7,-22522.5,-61845.0,-123077.5
191471,149.45,-220.7,1155.34,-19250.0,-65712.5,-103320.0
191499,45.75,-225.94,1168.39,-12862.5,-52937.5,-57137.5
191527,-69.54,-223.02,1179.37,8277.5,35.0,-11322.5
191556,-175.44,-218.38,1167.78,30625.0,40162.5,47477.5
191584,-250.1,-221.19,1131.92,20457.5,56875.0,99050.0
191613,-286.46,-237.17,1098.12,-4917.5,45272.5,133210.0
191641,-260.47,-260.59,1095.32,-7402.5,33320.0,138355.0
191670,-158.84,-271.45,1127.65,-7017.5,36960.0,92960.0
191699,-8.54,-259.37,1178.52,9485.0,41212.5,31500.0
191727,137.74,-238.02,1214.02,36190.0,28385.0,-42122.5
191756,227.04,-226.68,1212.07,42927.5,-20230.0,-87307.5
191784,251.81,-231.07,1181.94,23345.0,-52587.5,-104020.0
191813,222.04,-243.02,1152.17,-25200.0,-56735.0,-115605.0
191841,142.98,-249.73,1149.73,-38080.0,-73080.0,-90072.5
191870,36.11,-246.2,1171.57,-7122.5,-70997.5,-45307.5
191898,-71.49,-234.36,1193.04,18340.0,-6650.0,-1032.5
191927,-156.65,-219.84,1178.4,44957.5,66342.5,43172.5
191956,-215.21,-212.65,1123.62,7332.5,84280.0,82355.0
191984,-249.25,-217.89,1075.06,-35210.0,47355.0,108202.5
192012,-251.08,-233.51,1065.55,-44485.0,12110.0,123970.0
192040,-215.94,-252.05,1088.0,-34545.0,13177.5,118072.5
192069,-129.08,-261.57,1126.91,-21035.0,28612.5,81987.5
192097,11.59,-252.42,1172.18,1260.0,25025.0,12547.5
192126,153.96,-235.83,1199.87,28210.0,3255.0,-62107.5
192154,245.46,-233.87,1194.75,29172.5,-34720.0,-109445.0
192183,271.94,-252.05,1178.28,3762.5,-68092.5,-133735.0
192211,243.02,-275.35,1175.1,-15557.5,-65362.5,-138320.0
192240,171.17,-292.07,1170.47,-7245.0,-37607.5,-119140.0
192268,65.27,-302.07,1162.17,-16327.5,-24097.5,-77227.5
192296,-43.8,-301.58,1184.5,-11410.0,-37695.0,-24640.0
192324,-135.66,-293.29,1206.09,45745.0,10430.0,17342.5
192352,-211.43,-286.94,1176.2,44380.0,64277.5,64697.5
192381,-263.76,-289.14,1122.89,1995.0,50102.5,111230.0
192409,-271.69,-301.95,1089.95,-16905.0,19495.0,139002.5
192438,-216.92,-314.03,1092.39,-26075.0,26617.5,122850.0
192466,-101.87,-309.64,1124.72,-20930.0,44905.0,73080.0
192495,51.36,-285.11,1171.69,-682.5,64067.5,-7787.5
192524,177.51,-258.4,1204.63,34720.0,39462.5,-75565.0
192553,234.24,-251.81,1198.53,52832.5,-32025.0,-93870.0
192582,229.12,-265.23,1170.22,9397.5,-52062.5,-116165.0
192610,165.92,-282.43,1151.68,-17972.5,-49822.5,-115045.0
192638,63.2,-291.7,1149.12,-13195.0,-57137.5,-71242.5
192666,-55.88,-290.97,1156.07,-350.0,-39060.0,-12897.5
192695,-160.8,-283.28,1151.31,29452.5,9257.5,44047.5
192723,-232.29,-276.21,1115.2,20230.0,50137.5,86362.5
192752,-272.06,-276.82,1072.38,-9047.5,42560.0,116357.5
192780,-273.89,-285.97,1053.23,-17482.5,18462.5,129867.5
192809,-220.58,-294.39,1066.28,-19232.5,560.0,113102.5
192838,-110.04,-287.68,1108.61,-20405.0,647.5,64820.0
192866,25.62,-269.13,1156.32,18077.5,28367.5,-1645.0
192895,140.67,-249.37,1174.62,45972.5,37590.0,-72187.5
192923,204.11,-240.22,1158.39,30502.5,-19250.0,-103232.5
192952,212.52,-247.66,1132.65,-8452.5,-59692.5,-115797.5
192980,168.85,-262.54,1122.03,-45587.5,-66500.0,-115797.5
193009,88.94,-274.5,1129.23,-28805.0,-67375.0,-85330.0
193037,-4.64,-274.26,1153.63,-11217.5,-46725.0,-41667.5
193066,-91.99,-264.01,1172.3,31710.0,22610.0,4882.5
193095,-161.77,-252.05,1147.17,40477.5,69107.5,42525.0
193124,-218.38,-244.73,1096.05,3482.5,54565.0,79940.0
193153,-257.3,-249.86,1059.45,-21997.5,27457.5,113890.0
193181,-254.74,-266.94,1049.93,-26302.5,20142.5,129570.0
193209,-186.66,-279.62,1065.79,-27020.0,27580.0,106942.5
193237,-56.73,-270.96,1108.61,-20597.5,30852.5,37292.5
193266,81.62,-248.27,1153.27,10220.0,30712.5,-39095.0
193294,177.27,-234.97,1164.0,37222.5,-7087.5,-79310.0
193323,217.28,-240.71,1143.63,22645.0,-51012.5,-105980.0
193351,202.15,-257.79,1128.99,-15785.0,-68775.0,-117145.0
193380,139.32,-274.99,1142.16,-25112.5,-74987.5,-105630.0
193408,39.28,-286.33,1168.15,-2135.0,-63122.5,-66482.5
193437,-75.52,-287.55,1188.28,16117.5,-12285.0,-13842.5
193466,-170.8,-281.45,1180.47,41125.0,57785.0,44712.5
193494,-231.31,-277.31,1133.26,19285.0,94640.0,88952.5
193523,-261.93,-281.58,1081.77,-22190.0,60987.5,113417.5
193551,-251.56,-291.34,1063.23,-36400.0,22872.5,116095.0
193580,-196.66,-297.68,1080.19,-37257.5,17710.0,91560.0
193608,-104.31,-295.36,1121.67,-26845.0,15015.0,67742.5
193637,23.3,-281.82,1174.98,1995.0,11690.0,5040.0
193666,134.69,-268.4,1207.31,36890.0,6072.5,-65030.0
193695,192.52,-268.03,1198.53,40057.5,-22365.0,-98420.0
193723,199.35,-280.11,1171.32,7577.5,-48212.5,-129115.0
193751,143.84,-298.41,1159.12,-19162.5,-62247.5,-127260.0
193779,44.9,-311.59,1170.1,962.5,-63630.0,-82495.0
193807,-70.52,-313.78,1181.2,16100.0,-22697.5,-34142.5
193836,-175.44,-307.07,1173.4,33950.0,22417.5,23765.0
193864,-248.88,-298.9,1137.16,28577.5,59220.0,70367.5
193893,-293.04,-300.12,1088.48,-2887.5,49000.0,108027.5
193921,-295.12,-308.66,1062.25,-24797.5,22995.0,126455.0
193950,-251.08,-316.35,1067.87,-30765.0,13650.0,112262.5
193978,-157.87,-313.05,1098.73,-20685.0,13772.5,83317.5
194007,-22.45,-292.8,1139.85,2467.5,9327.5,13300.0
194036,106.26,-267.91,1166.08,25235.0,-12915.0,-48335.0
194064,191.78,-255.96,1165.83,21962.5,-34580.0,-95900.0
194093,220.33,-262.42,1156.93,-1452.5,-49997.5,-123252.5
194121,194.83,-277.43,1154.24,-9922.5,-38500.0,-131880.0
194150,118.46,-287.92,1158.02,1767.5,-42192.5,-102970.0
194178,13.42,-290.24,1163.03,18042.5,-4147.5,-55475.0
194207,-97.48,-287.8,1152.78,18882.5,32060.0,-12075.0
194235,-195.44,-282.8,1125.57,16887.5,27667.5,49595.0
194264,-259.62,-280.48,1086.29,-1382.5,46305.0,91070.0
194292,-282.8,-287.68,1055.06,-26827.5,32935.0,121467.5
194321,-251.93,-294.02,1058.96,-32830.0,18007.5,114975.0
194349,-175.19,-290.12,1087.63,-16905.0,16625.0,88917.5
194377,-59.41,-272.55,1123.74,-70.0,18235.0,42962.5
194406,71.98,-244.49,1155.95,17360.0,15925.0,-27562.5
194434,169.34,-225.46,1164.86,31395.0,-16100.0,-77525.0
194463,215.94,-225.82,1155.46,13352.5,-43925.0,-107835.0
194491,214.72,-237.78,1150.46,-6597.5,-46602.5,-125947.5
194520,157.5,-250.83,1148.75,-12302.5,-47040.0,-120890.0
194548,53.68,-257.79,1154.12,-5617.5,-65992.5,-73902.5
194577,-61.12,-254.74,1165.22,14245.0,-21525.0,-20877.5
194605,-159.33,-244.98,1152.41,30380.0,39095.0,29400.0
194634,-233.26,-237.66,1106.66,11917.5,63490.0,73762.5
194663,-283.41,-241.8,1055.91,-22120.0,42945.0,108307.5
194691,-302.8,-260.35,1032.12,-35175.0,18760.0,139282.5
194720,-255.71,-284.26,1041.15,-24027.5,10780.0,142467.5
194748,-119.93,-288.41,1088.61,-27982.5,26495.0,71470.0
194777,53.07,-269.38,1152.29,6597.5,38220.0,-17447.5
194806,180.07,-256.81,1180.47,38762.5,-1540.0,-83335.0
194835,227.41,-264.5,1167.05,25445.0,-45990.0,-114555.0
194863,209.96,-279.99,1145.46,-10587.5,-50400.0,-126105.0
194892,140.42,-291.09,1139.48,-27160.0,-50855.0,-106452.5
194920,42.7,-293.04,1145.82,-5880.0,-41370.0,-61810.0
194948,-61.0,-284.63,1149.48,6317.5,-18935.0,-17220.0
194977,-154.33,-270.35,1139.24,16415.0,24902.5,31727.5
195005,-225.82,-259.98,1107.39,13072.5,49420.0,75127.5
195034,-272.79,-262.79,1070.92,-7577.5,21735.0,117022.5
195062,-278.4,-276.57,1059.69,-14857.5,8015.0,129430.0
195091,-232.04,-291.34,1074.7,-14472.5,28595.0,115237.5
195119,-121.02,-293.29,1107.15,-13597.5,12215.0,83055.0
195148,30.87,-279.62,1147.65,12477.5,4830.0,-997.5
195177,155.55,-265.47,1166.81,45412.5,-4795.0,-66097.5
195206,219.6,-263.64,1149.0,32165.0,-27685.0,-101710.0
195234,223.75,-271.82,1119.47,-8995.0,-36855.0,-117057.5
195262,176.29,-277.43,1104.1,-39515.0,-30835.0,-111510.0
195290,83.57,-275.84,1102.64,-16432.5,-29120.0,-76615.0
195318,-40.5,-271.57,1113.98,-8627.5,-17710.0,-17745.0
195347,-152.13,-263.76,1126.06,14105.0,17167.5,42000.0
195375,-224.85,-255.96,1111.91,23712.5,55142.5,79782.5
195404,-270.35,-259.98,1075.67,2695.0,45692.5,111090.0
195432,-279.01,-277.92,1052.49,-15785.0,17955.0,135152.5
195461,-221.31,-294.75,1064.57,-22260.0,20125.0,117197.5
195489,-102.24,-296.7,1103.73,-20702.5,10220.0,64505.0
195517,39.04,-283.04,1146.8,23012.5,26722.5,-13037.5
195546,153.84,-265.96,1162.54,42875.0,21227.5,-68040.0
195574,213.99,-261.81,1143.26,29067.5,-24552.5,-98892.5
195603,217.4,-271.21,1118.01,-7017.5,-56420.0,-113592.5
195631,168.85,-284.63,1110.08,-35770.0,-51765.0,-107800.0
195660,85.52,-290.85,1111.54,-10535.0,-45675.0,-72607.5
195688,-7.93,-285.24,1118.62,-8400.0,-43697.5,-30817.5
195717,-93.09,-268.03,1135.33,4655.0,-13282.5,647.5
195746,-162.75,-247.54,1137.16,30957.5,28875.0,32112.5
195775,-218.62,-232.41,1114.84,27247.5,42752.5,63560.0
195804,-254.74,-224.85,1092.63,16817.5,39882.5,96757.5
195832,-252.3,-224.97,1079.33,14280.0,35997.5,116025.0
195861,-211.55,-225.46,1078.6,-1662.5,26145.0,99347.5
195889,-144.94,-221.06,1092.51,-6492.5,25130.0,71505.0
195918,-60.76,-213.26,1106.78,-3272.5,23712.5,35245.0
195946,30.13,-203.13,1115.2,-350.0,9695.0,-6072.5
195975,111.39,-195.93,1117.52,0.0,-4165.0,-53235.0
196004,164.82,-196.66,1117.4,-6947.5,-33617.5,-89075.0
196033,184.46,-203.98,1120.69,-22190.0,-44135.0,-111615.0
196061,170.31,-213.38,1118.37,-18025.0,-34895.0,-115972.5
196090,109.68,-224.11,1109.83,-17412.5,-59587.5,-103145.0
196118,15.98,-229.12,1124.6,-20247.5,-85067.5,-58310.0
196146,-75.15,-219.36,1161.56,9537.5,-38727.5,-16187.5
196175,-150.3,-202.76,1175.47,45307.5,34352.5,23502.5
196203,-205.69,-188.37,1151.19,41282.5,71925.0,56875.0
196232,-241.8,-180.32,1114.96,20037.5,56210.0,85207.5
196260,-255.96,-180.8,1089.58,3307.5,47862.5,102882.5
196289,-241.32,-185.44,1084.34,-10062.5,52692.5,103757.5
196317,-192.52,-186.9,1100.68,-11427.5,67847.5,81375.0
196346,-116.51,-182.76,1123.13,1995.0,60637.5,41527.5
196375,-25.13,-175.19,1136.19,12915.0,11935.0,5442.5
196403,64.66,-167.02,1145.34,4987.5,-18007.5,-37310.0
196432,128.71,-164.33,1154.12,-5075.0,-27475.0,-75460.0
196460,160.8,-170.07,1158.63,-1067.5,-48667.5,-96337.5
196489,158.48,-180.07,1157.54,-8155.0,-58257.5,-113505.0
196517,106.26,-189.34,1159.24,-9660.0,-59447.5,-106365.0
196546,3.9,-190.93,1180.35,6212.5,-71645.0,-62457.5
196575,-111.26,-180.56,1205.36,26985.0,-30047.5,-7280.0
196604,-201.54,-163.24,1200.24,42192.5,27387.5,32060.0
196632,-260.23,-149.08,1163.64,32865.0,53042.5,64365.0
196661,-287.92,-142.25,1122.4,7437.5,49665.0,88515.0
196690,-287.92,-143.23,1095.32,-12040.0,43907.5,98875.0
196718,-258.27,-147.99,1085.19,-22697.5,43960.0,95270.0
196747,-197.76,-150.91,1085.68,-24972.5,45570.0,72537.5
196775,-105.77,-149.82,1092.39,-18357.5,33897.5,39637.5
196804,3.42,-146.28,1111.42,-19845.0,-4882.5,-12407.5
196832,94.18,-147.74,1142.41,-25462.5,-37152.5,-64207.5
196861,150.18,-158.97,1160.71,12250.0,-38447.5,-91052.5
196889,170.31,-176.66,1149.85,-3360.0,-32095.0,-116900.0
196918,146.77,-193.74,1140.58,-18515.0,-40005.0,-123427.5
196946,59.29,-206.06,1144.97,3500.0,-68932.5,-93817.5
196975,-66.0,-208.25,1175.35,-16152.5,-63735.0,-26320.0
197003,-168.24,-197.15,1216.46,35805.0,-13370.0,22435.0
197031,-228.14,-183.24,1215.97,58047.5,34212.5,56280.0
197060,-256.08,-173.61,1187.3,47057.5,38552.5,82127.5
197088,-261.08,-169.82,1156.32,33932.5,47250.0,95462.5
197117,-240.22,-173.12,1123.01,17972.5,62702.5,97195.0
197145,-189.47,-175.8,1096.41,-8732.5,55387.5,77612.5
197174,-120.54,-174.83,1083.73,-19775.0,33250.0,55300.0
197202,-35.62,-170.8,1082.51,-18182.5,16695.0,24395.0
197231,61.85,-164.7,1101.9,-47425.0,-29732.5,-17990.0
197259,140.79,-162.99,1133.26,-25952.5,-18847.5,-77350.0
197288,188.37,-168.36,1147.65,18777.5,-14175.0,-99680.0
197317,208.99,-178.36,1140.46,12617.5,-24027.5,-119525.0
197345,192.64,-189.95,1134.48,-9940.0,-25427.5,-122797.5
197374,125.42,-197.15,1141.68,5285.0,-37747.5,-102760.0
197402,15.98,-194.47,1163.39,17412.5,-42402.5,-49910.0
197431,-95.65,-181.54,1178.52,37380.0,-2922.5,980.0
197460,-182.76,-166.04,1160.46,39725.0,34492.5,43312.5
197489,-241.8,-157.01,1125.82,21525.0,45762.5,81025.0
197517,-267.91,-156.89,1100.93,4882.5,53742.5,107327.5
197546,-258.88,-163.72,1088.0,-3430.0,63665.0,110250.0
197574,-216.06,-170.19,1084.82,-15382.5,60270.0,102655.0
197602,-137.98,-169.7,1091.66,-7735.0,21070.0,81917.5
197631,-36.36,-159.82,1099.46,-2222.5,-9397.5,36662.5
197659,66.25,-144.94,1112.27,-16870.0,-32147.5,-13387.5
197688,146.52,-136.03,1122.16,-5565.0,-30467.5,-61232.5
197716,194.59,-136.4,1117.4,-3115.0,-50295.0,-84805.0
197745,209.96,-142.74,1111.54,-34790.0,-43767.5,-107957.5
197773,181.9,-149.33,1117.28,-33827.5,-35822.5,-103547.5
197802,110.41,-147.99,1134.97,-5740.0,-51047.5,-67130.0
197830,17.08,-133.59,1159.0,9957.5,-36662.5,-29610.0
197859,-71.25,-110.53,1176.69,28210.0,6597.5,2800.0
197888,-137.86,-90.65,1165.95,37607.5,43435.0,36312.5
197916,-180.56,-79.54,1137.53,21630.0,48317.5,65327.5
197945,-198.01,-77.23,1118.13,6282.5,54792.5,89320.0
197973,-178.49,-79.79,1109.96,1872.5,56892.5,94972.5
198002,-126.51,-80.76,1107.52,-1190.0,41807.5,74060.0
198030,-56.24,-79.06,1104.34,4725.0,22417.5,52972.5
198059,32.57,-71.98,1100.93,-4252.5,-2205.0,16852.5
198088,116.39,-63.2,1104.1,-13580.0,-19355.0,-30852.5
198117,171.78,-60.51,1110.57,-13195.0,-23047.5,-63805.0
198145,199.35,-61.98,1115.08,735.0,-33390.0,-82390.0
198174,198.13,-66.25,1110.44,-5582.5,-18900.0,-93205.0
198203,164.82,-68.56,1101.17,-16082.5,-24482.5,-84402.5
198231,98.58,-63.2,1106.05,-12337.5,-53935.0,-55685.0
198260,14.27,-48.31,1129.23,3237.5,-33530.0,-27317.5
198288,-66.25,-28.43,1141.92,25970.0,14210.0,350.0
198317,-130.05,-11.59,1123.25,26232.5,32007.5,33250.0
198345,-173.48,-1.59,1096.78,7262.5,36820.0,60532.5
198374,-196.66,0.0,1079.82,-2117.5,55072.5,76860.0
198403,-194.71,-6.71,1066.04,-6632.5,65607.5,87010.0
198432,-159.94,-15.74,1057.5,-15400.0,50732.5,82040.0
198460,-89.43,-20.01,1061.4,-17587.5,15732.5,61670.0
198489,8.66,-16.35,1086.29,-16485.0,-37450.0,26862.5
198518,104.31,-11.47,1111.3,7157.5,6947.5,-35490.0
198546,168.24,-14.64,1106.54,6107.5,-11970.0,-68600.0
198575,198.62,-24.64,1092.88,-8242.5,-58135.0,-80937.5
198603,201.54,-38.8,1093.49,-26967.5,-50610.0,-99960.0
198632,171.17,-50.51,1108.86,-9012.5,-49140.0,-94045.0
198660,103.82,-52.58,1126.79,-2397.5,-37362.5,-72730.0
198689,13.18,-43.8,1140.46,3780.0,-22277.5,-42385.0
198718,-79.67,-28.79,1141.8,20825.0,3202.5,-5617.5
198747,-157.62,-17.08,1119.47,20720.0,28087.5,34107.5
198776,-215.45,-15.74,1088.48,3605.0,36417.5,68495.0
198805,-248.03,-27.69,1070.18,-11480.0,43750.0,97930.0
198834,-229.12,-50.14,1067.99,-18130.0,38255.0,111825.0
198862,-149.21,-64.66,1093.24,-17150.0,-32305.0,99452.5
198891,-17.32,-64.05,1122.4,15067.5,61372.5,39672.5
198919,120.9,-57.58,1115.2,28227.5,30555.0,-34755.0
198948,211.91,-55.63,1082.38,3202.5,-34020.0,-67602.5
198976,252.17,-67.22,1058.23,-40512.5,-76247.5,-88987.5
199005,248.76,-87.11,1074.33,-63140.0,-75635.0,-100310.0
199033,205.45,-104.07,1115.45,-29277.5,-50855.0,-91315.0
199062,131.64,-108.82,1159.0,910.0,-45815.0,-63070.0
199091,49.29,-101.5,1186.82,28787.5,-7717.5,-28805.0
199119,-26.11,-89.3,1178.03,37992.5,30275.0,5845.0
199148,-86.62,-78.57,1147.53,23572.5,34492.5,43172.5
199176,-131.03,-74.42,1121.18,0.0,25410.0,75180.0
199205,-159.58,-81.5,1106.05,-10185.0,25865.0,101640.0
199233,-159.58,-99.31,1096.78,-11252.5,40652.5,111282.5
199262,-118.71,-120.41,1092.88,-11672.5,56507.5,99837.5
199290,-25.99,-136.03,1100.07,-11830.0,43172.5,70455.0
199319,117.61,-139.08,1122.03,-1715.0,26897.5,4042.5
199348,263.03,-137.98,1141.19,14122.5,3605.0,-69457.5
199377,355.14,-150.55,1143.38,11375.0,-32760.0,-117827.5
199405,384.18,-179.1,1134.6,-1697.5,-40320.0,-146072.5
199433,354.04,-215.21,1121.3,-11585.0,-41440.0,-155942.5
199461,259.13,-248.27,1124.96,-24027.5,-82145.0,-124460.0
199489,131.39,-265.84,1160.1,-14087.5,-61600.0,-63840.0
199518,9.39,-265.72,1189.26,18305.0,13405.0,-11025.0
199546,-91.74,-257.42,1180.72,32812.5,61145.0,45867.5
199575,-164.82,-253.76,1140.94,23590.0,73622.5,92487.5
199603,-207.4,-264.01,1103.37,-9782.5,45097.5,129622.5
199632,-207.16,-284.99,1095.07,-21490.0,28857.5,148137.5
199660,-154.7,-306.59,1110.81,-20842.5,24062.5,136850.0
199689,-41.24,-313.78,1147.9,-16187.5,22995.0,88305.0
199718,110.9,-304.39,1193.16,15207.5,32322.5,2625.0
199746,241.8,-293.78,1212.92,51625.0,14192.5,-72502.5
199775,314.64,-296.46,1192.06,41282.5,-31255.0,-115255.0
199803,325.25,-313.78,1148.75,-5687.5,-58782.5,-142327.5
199832,274.38,-333.67,1118.5,-55160.0,-61617.5,-141592.5
199860,175.19,-345.02,1130.45,-49752.5,-67095.0,-95060.0
199889,52.7,-344.41,1166.08,-2520.0,-34562.5,-34265.0
199917,-62.95,-335.5,1185.96,21507.5,25567.5,24885.0
199946,-148.6,-324.52,1179.25,30275.0,69667.5,75442.5
199974,-202.15,-321.59,1150.34,24762.5,64995.0,111055.0
200003,-230.46,-332.33,1119.47,35.0,42210.0,137480.0
200032,-216.18,-351.24,1109.71,-11270.0,40932.5,148207.5
200060,-142.5,-365.27,1118.25,-10412.5,35822.5,119402.5
200089,-9.88,-359.41,1147.78,-11077.5,6282.5,59937.5
200117,139.93,-335.74,1187.91,6317.5,-2992.5,-27860.0
200146,247.42,-316.35,1200.24,26197.5,-36575.0,-95515.0
200174,287.43,-318.18,1180.72,10272.5,-53550.0,-141540.0
200203,253.76,-334.04,1167.3,-18550.0,-43995.0,-146510.0
200231,156.4,-346.97,1171.93,-1400.0,-29627.5,-116707.5
200260,15.86,-352.46,1176.81,4900.0,-20527.5,-48650.0
200289,-118.1,-348.07,1176.57,17640.0,13772.5,34877.5
200318,-207.77,-340.62,1162.78,24570.0,31885.0,91280.0
200347,-257.79,-340.5,1135.45,17482.5,27090.0,131740.0
200375,-265.96,-344.04,1119.23,-6790.0,34772.5,135677.5
200404,-232.04,-346.36,1123.01,-2905.0,37380.0,123637.5
200432,-145.91,-340.62,1127.77,7035.0,19407.5,95025.0
200461,-20.74,-318.91,1128.99,1557.5,2467.5,31675.0
200490,100.41,-288.53,1130.7,5687.5,-14017.5,-19897.5
200519,188.73,-267.42,1125.82,3657.5,-35805.0,-68320.0
200547,230.82,-261.81,1124.23,-9695.0,-49945.0,-97667.5
200576,234.0,-263.28,1128.99,-11357.5,-30205.0,-119332.5
200604,188.86,-265.59,1122.4,-10167.5,-36715.0,-124757.5
200632,84.18,-262.91,1120.45,-28805.0,-55825.0,-72782.5
200661,-39.04,-251.69,1137.04,-1697.5,-22855.0,-1995.0
200689,-133.83,-237.29,1150.46,20195.0,11812.5,58905.0
200718,-191.54,-228.63,1145.21,31920.0,25847.5,102707.5
