timestamp_ms,acc_x,acc_y,acc_z,gyro_x,gyro_y,gyro_z
83,3.42,1.34,31.72,5670.0,6247.5,28385.0
113,10.25,2.44,93.21,-1680.0,1050.0,-3990.0
142,8.54,0.73,151.04,-280.0,-192.5,-8400.0
172,2.93,-1.59,205.08,210.0,-245.0,-437.5
202,2.44,-2.93,255.71,245.0,-210.0,0.0
232,1.95,-4.15,303.29,157.5,-175.0,-17.5
262,1.46,-5.37,347.82,87.5,-175.0,-35.0
291,1.1,-6.34,389.67,122.5,-192.5,-35.0
321,0.73,-7.44,428.83,52.5,-157.5,-35.0
351,0.37,-8.42,465.55,122.5,-175.0,-35.0
381,0.0,-9.27,499.83,122.5,-175.0,-35.0
411,-0.37,-10.25,532.16,122.5,-192.5,-35.0
441,-0.73,-10.98,562.42,105.0,-175.0,-35.0
470,-0.98,-11.71,590.72,105.0,-175.0,-17.5
500,-1.22,-12.44,617.32,140.0,-192.5,-17.5
529,-1.59,-13.05,642.21,122.5,-175.0,-17.5
559,-1.83,-13.66,665.63,105.0,-157.5,-17.5
589,-1.95,-14.27,687.47,105.0,-175.0,-35.0
619,-2.2,-14.88,708.09,192.5,-175.0,-17.5
649,-2.44,-15.37,727.36,332.5,-210.0,-122.5
679,-2.68,-15.86,745.42,210.0,-210.0,-52.5
709,-2.81,-16.23,762.26,122.5,-175.0,0.0
738,-2.93,-16.71,778.12,105.0,-175.0,0.0
768,-3.17,-17.08,793.0,122.5,-175.0,-35.0
797,-3.17,-17.45,806.91,105.0,-192.5,-17.5
827,-3.42,-17.69,819.96,105.0,-175.0,-35.0
856,-3.54,-18.06,832.28,105.0,-175.0,-35.0
886,-3.66,-18.3,843.75,122.5,-175.0,-35.0
915,-3.66,-18.54,854.49,140.0,-175.0,-35.0
945,-3.9,-18.79,864.61,140.0,-175.0,-17.5
974,-3.9,-19.03,874.01,122.5,-157.5,-17.5
1004,-4.03,-19.28,882.79,105.0,-175.0,-17.5
1033,-4.15,-19.52,891.21,105.0,-175.0,-35.0
1063,-4.15,-19.76,899.02,122.5,-175.0,-35.0
1092,-4.15,-19.89,906.22,122.5,-175.0,-35.0
1122,-4.27,-20.01,913.05,122.5,-192.5,-35.0
1152,-4.27,-20.25,919.51,122.5,-175.0,-17.5
1181,-4.39,-20.37,925.49,140.0,-175.0,-35.0
1211,-4.51,-20.5,931.1,105.0,-175.0,-35.0
1240,-4.51,-20.62,936.35,122.5,-175.0,-17.5
1270,-4.64,-20.74,941.35,122.5,-192.5,-35.0
1299,-4.64,-20.86,945.99,122.5,-175.0,-35.0
1329,-4.64,-20.98,950.38,140.0,-175.0,-35.0
1358,-4.64,-20.98,954.41,140.0,-175.0,-35.0
1388,-4.64,-21.23,958.31,122.5,-175.0,-17.5
1417,-4.64,-21.23,961.85,157.5,-175.0,-17.5
1447,-4.76,-21.23,965.26,175.0,-175.0,-35.0
1476,-4.76,-21.47,968.44,140.0,-175.0,-35.0
1506,-4.76,-21.47,971.36,122.5,-192.5,-35.0
1535,-4.88,-21.47,974.17,105.0,-192.5,-35.0
1565,-4.88,-21.47,976.73,105.0,-192.5,-35.0
1595,-4.88,-21.59,979.29,105.0,-175.0,-35.0
1625,-4.88,-21.59,981.61,105.0,-175.0,-17.5
1655,-5.0,-21.72,983.69,122.5,-157.5,-35.0
1684,-5.0,-21.72,985.64,122.5,-192.5,-35.0
1714,-5.0,-21.84,987.59,105.0,-175.0,-17.5
1743,-5.0,-21.84,989.42,122.5,-175.0,-17.5
1773,-5.0,-21.84,991.01,122.5,-175.0,-35.0
1802,-5.0,-21.84,992.59,122.5,-175.0,-17.5
1832,-5.0,-21.96,994.06,122.5,-157.5,-35.0
1861,-5.0,-21.96,995.4,87.5,-192.5,-35.0
1891,-5.12,-21.96,996.74,87.5,-175.0,-35.0
1920,-5.12,-21.96,997.96,105.0,-157.5,-35.0
1950,-5.12,-22.08,999.18,105.0,-175.0,-35.0
1979,-5.12,-22.08,1000.16,87.5,-175.0,0.0
2009,-5.12,-22.08,1001.13,105.0,-175.0,-17.5
2038,-5.12,-22.08,1002.11,122.5,-175.0,-17.5
2068,-5.12,-22.2,1002.96,105.0,-175.0,-17.5
2097,-5.12,-22.2,1003.82,122.5,-175.0,-17.5
2126,-5.12,-22.2,1004.55,87.5,-192.5,-35.0
2156,-5.12,-22.2,1005.28,87.5,-192.5,-35.0
2185,-5.12,-22.2,1006.01,87.5,-175.0,-35.0
2215,-5.25,-22.33,1006.62,122.5,-157.5,-35.0
2244,-5.12,-22.33,1007.23,140.0,-175.0,-35.0
2274,-5.12,-22.33,1007.72,140.0,-192.5,-17.5
2303,-5.12,-22.33,1008.21,122.5,-175.0,-35.0
2333,-5.12,-22.33,1008.7,105.0,-175.0,-17.5
2362,-5.25,-22.33,1009.18,105.0,-175.0,-17.5
2392,-5.25,-22.33,1009.67,122.5,-175.0,-17.5
2421,-5.25,-22.33,1010.04,122.5,-192.5,-17.5
2451,-5.25,-22.33,1010.4,122.5,-192.5,-17.5
2480,-5.25,-22.33,1010.77,122.5,-175.0,-35.0
2510,-5.25,-22.33,1011.01,122.5,-175.0,-35.0
2539,-5.25,-22.33,1011.38,105.0,-175.0,-35.0
2568,-5.25,-22.33,1011.62,105.0,-175.0,-17.5
2598,-5.25,-22.33,1011.87,105.0,-192.5,-35.0
2627,-5.25,-22.33,1012.11,122.5,-175.0,-35.0
2657,-5.37,-22.45,1012.36,140.0,-175.0,-52.5
2686,-5.37,-22.45,1012.6,140.0,-157.5,-35.0
2716,-5.37,-22.45,1012.84,122.5,-157.5,-35.0
2745,-5.37,-22.45,1012.97,122.5,-175.0,-17.5
2775,-5.37,-22.45,1013.21,140.0,-175.0,-17.5
2804,-5.25,-22.45,1013.33,140.0,-175.0,-35.0
2834,-5.25,-22.45,1013.58,140.0,-175.0,-35.0
2863,-5.37,-22.45,1013.7,122.5,-175.0,-17.5
2893,-5.37,-22.45,1013.82,122.5,-175.0,-17.5
2922,-5.37,-22.45,1013.94,122.5,-175.0,-35.0
2952,-5.25,-22.45,1014.06,105.0,-192.5,-35.0
2981,-5.25,-22.45,1014.19,122.5,-192.5,-35.0
3010,-5.25,-22.45,1014.19,105.0,-192.5,-35.0
3040,-5.37,-22.45,1014.31,122.5,-175.0,-35.0
3069,-5.37,-22.45,1014.43,122.5,-175.0,-35.0
3099,-5.25,-22.45,1014.55,105.0,-175.0,-35.0
3128,-5.25,-22.45,1014.67,122.5,-175.0,-35.0
3158,-5.25,-22.45,1014.8,105.0,-175.0,-35.0
3187,-5.25,-22.45,1014.8,105.0,-175.0,-35.0
3217,-5.37,-22.45,1014.92,122.5,-157.5,-35.0
3246,-5.37,-22.45,1015.04,105.0,-175.0,-35.0
3276,-5.37,-22.57,1015.04,122.5,-157.5,-35.0
3305,-5.37,-22.57,1015.16,122.5,-192.5,-17.5
3335,-5.37,-22.45,1015.16,122.5,-175.0,-35.0
3364,-5.37,-22.45,1015.28,105.0,-175.0,-17.5
3394,-5.37,-22.57,1015.28,122.5,-192.5,-35.0
3423,-5.37,-22.57,1015.28,122.5,-192.5,-17.5
3452,-5.37,-22.57,1015.41,122.5,-192.5,-17.5
3482,-5.37,-22.45,1015.41,122.5,-175.0,-17.5
3511,-5.37,-22.45,1015.53,140.0,-192.5,-35.0
3541,-5.37,-22.45,1015.53,105.0,-192.5,-17.5
3570,-5.37,-22.57,1015.53,122.5,-192.5,-17.5
3600,-5.37,-22.57,1015.53,122.5,-175.0,-17.5
3629,-5.37,-22.45,1015.53,122.5,-175.0,-35.0
3659,-5.37,-22.57,1015.53,122.5,-192.5,-17.5
3688,-5.37,-22.45,1015.53,122.5,-175.0,-35.0
3718,-5.37,-22.57,1015.53,140.0,-175.0,-17.5
3747,-5.37,-22.57,1015.53,122.5,-175.0,-17.5
3777,-5.37,-22.45,1015.53,140.0,-157.5,-35.0
3806,-5.37,-22.57,1015.53,140.0,-192.5,-17.5
3836,-5.37,-22.57,1015.53,122.5,-192.5,-35.0
3865,-5.37,-22.57,1015.53,122.5,-192.5,-52.5
3895,-5.37,-22.57,1015.53,105.0,-175.0,-35.0
3924,-5.37,-22.57,1015.53,105.0,-157.5,-35.0
3953,-5.37,-22.57,1015.53,140.0,-175.0,-35.0
3983,-5.37,-22.57,1015.53,122.5,-175.0,-35.0
4012,-5.25,-22.57,1015.53,105.0,-175.0,-35.0
4042,-5.37,-22.57,1015.53,105.0,-157.5,-35.0
4071,-5.25,-22.57,1015.53,122.5,-192.5,-35.0
4101,-5.25,-22.57,1015.53,122.5,-175.0,-35.0
4130,-5.25,-22.57,1015.53,105.0,-192.5,-35.0
4160,-5.25,-22.45,1015.53,105.0,-175.0,-17.5
4189,-5.25,-22.57,1015.65,122.5,-192.5,-35.0
4219,-5.25,-22.57,1015.65,140.0,-175.0,-35.0
4248,-5.25,-22.45,1015.65,140.0,-157.5,-35.0
4278,-5.25,-22.45,1015.65,122.5,-175.0,-35.0
4307,-5.25,-22.45,1015.65,122.5,-175.0,-35.0
4337,-5.25,-22.45,1015.65,122.5,-192.5,-35.0
4366,-5.25,-22.57,1015.65,122.5,-192.5,-35.0
4395,-5.12,-22.57,1015.65,140.0,-175.0,-17.5
4425,-5.25,-22.57,1015.65,122.5,-175.0,-17.5
4454,-5.25,-22.57,1015.53,105.0,-175.0,-35.0
4484,-5.25,-22.57,1015.53,105.0,-175.0,-35.0
4513,-5.25,-22.57,1015.53,140.0,-175.0,-17.5
4543,-5.25,-22.57,1015.53,140.0,-175.0,-17.5
4572,-5.25,-22.57,1015.53,140.0,-175.0,-17.5
4602,-5.25,-22.57,1015.53,122.5,-192.5,-35.0
4631,-5.25,-22.57,1015.53,122.5,-175.0,-35.0
4661,-5.25,-22.57,1015.65,122.5,-175.0,-35.0
4690,-5.25,-22.57,1015.65,105.0,-192.5,-35.0
4720,-5.25,-22.45,1015.65,122.5,-157.5,-35.0
4749,-5.25,-22.57,1015.65,122.5,-175.0,-35.0
4779,-5.37,-22.45,1015.65,122.5,-175.0,-17.5
4808,-5.37,-22.45,1015.65,140.0,-175.0,-17.5
4838,-5.37,-22.45,1015.65,105.0,-175.0,-35.0
4867,-5.37,-22.57,1015.77,122.5,-175.0,-17.5
4896,-5.37,-22.57,1015.65,122.5,-157.5,-17.5
4926,-5.37,-22.45,1015.65,140.0,-157.5,-17.5
4955,-5.37,-22.45,1015.65,122.5,-192.5,-17.5
4985,-5.37,-22.45,1015.65,87.5,-175.0,-17.5
5014,-5.37,-22.57,1015.65,87.5,-175.0,-17.5
5044,-5.37,-22.45,1015.65,105.0,-175.0,-35.0
5073,-5.25,-22.57,1015.53,122.5,-175.0,-35.0
5103,-5.25,-22.45,1015.53,105.0,-192.5,-35.0
5132,-5.25,-22.45,1015.53,122.5,-175.0,-17.5
5162,-5.12,-22.57,1015.53,122.5,-192.5,-17.5
5191,-5.25,-22.57,1015.53,122.5,-175.0,-35.0
5221,-5.25,-22.57,1015.53,122.5,-175.0,-35.0
5250,-5.25,-22.57,1015.53,122.5,-175.0,-35.0
5280,-5.25,-22.45,1015.53,122.5,-175.0,-35.0
5309,-5.25,-22.57,1015.53,122.5,-175.0,-35.0
5339,-5.25,-22.57,1015.53,122.5,-175.0,-35.0
5368,-5.25,-22.57,1015.53,122.5,-175.0,-35.0
5398,-5.12,-22.57,1015.53,122.5,-175.0,-17.5
5428,-5.25,-22.57,1015.53,122.5,-175.0,-17.5
5457,-5.25,-22.57,1015.53,105.0,-175.0,-17.5
5487,-5.25,-22.57,1015.53,122.5,-175.0,-17.5
5516,-5.25,-22.57,1015.53,122.5,-192.5,-35.0
5546,-5.25,-22.57,1015.53,122.5,-175.0,-35.0
5575,-5.25,-22.57,1015.65,122.5,-175.0,-17.5
5605,-5.25,-22.57,1015.65,105.0,-175.0,-35.0
5634,-5.25,-22.57,1015.53,87.5,-175.0,-35.0
5664,-5.25,-22.57,1015.53,105.0,-192.5,-52.5
5693,-5.37,-22.57,1015.53,122.5,-192.5,-52.5
5723,-5.37,-22.57,1015.41,122.5,-175.0,-35.0
5752,-5.25,-22.57,1015.41,122.5,-192.5,-35.0
5782,-5.25,-22.69,1015.41,140.0,-192.5,-17.5
5811,-5.25,-22.69,1015.41,122.5,-192.5,-17.5
5841,-5.25,-22.69,1015.28,105.0,-175.0,-52.5
5870,-5.25,-22.69,1015.28,122.5,-175.0,-35.0
5900,-5.25,-22.69,1015.28,122.5,-175.0,-35.0
5930,-5.25,-22.57,1015.28,122.5,-175.0,-35.0
5959,-5.25,-22.57,1015.28,122.5,-192.5,-35.0
5989,-5.25,-22.57,1015.28,122.5,-192.5,-52.5
6018,-5.25,-22.57,1015.28,140.0,-192.5,-35.0
6048,-5.25,-22.57,1015.28,105.0,-175.0,-17.5
6077,-5.37,-22.57,1015.28,105.0,-175.0,-17.5
6107,-5.37,-22.69,1015.16,105.0,-175.0,-35.0
6136,-5.37,-22.69,1015.16,105.0,-175.0,-17.5
6166,-5.37,-22.69,1015.16,105.0,-192.5,-17.5
6195,-5.37,-22.69,1015.04,122.5,-175.0,-35.0
6225,-5.37,-22.69,1015.04,122.5,-175.0,-17.5
6254,-5.37,-22.69,1015.04,122.5,-175.0,-17.5
6284,-5.37,-22.69,1015.04,122.5,-175.0,-35.0
6313,-5.37,-22.69,1015.04,122.5,-157.5,-17.5
6343,-5.37,-22.69,1015.04,122.5,-175.0,-17.5
6372,-5.37,-22.69,1015.04,122.5,-157.5,-35.0
6402,-5.37,-22.69,1015.04,140.0,-175.0,-35.0
6432,-5.25,-22.69,1015.04,122.5,-175.0,-17.5
6461,-5.25,-22.69,1015.04,105.0,-175.0,-35.0
6491,-5.25,-22.69,1015.16,122.5,-175.0,-35.0
6520,-5.25,-22.69,1015.16,122.5,-175.0,-17.5
6550,-5.25,-22.69,1015.16,140.0,-175.0,-17.5
6579,-5.25,-22.69,1015.28,140.0,-157.5,-17.5
6609,-5.25,-22.69,1015.28,122.5,-175.0,-17.5
6638,-5.25,-22.69,1015.28,122.5,-175.0,-35.0
6668,-5.25,-22.69,1015.28,105.0,-175.0,-17.5
6697,-5.25,-22.69,1015.28,122.5,-175.0,-17.5
6727,-5.37,-22.69,1015.28,87.5,-175.0,-35.0
6756,-5.25,-22.69,1015.28,140.0,-175.0,-35.0
6786,-5.25,-22.69,1015.28,122.5,-192.5,-35.0
6815,-5.25,-22.69,1015.28,105.0,-175.0,-35.0
6845,-5.25,-22.69,1015.28,122.5,-175.0,-35.0
6874,-5.12,-22.69,1015.28,122.5,-175.0,-35.0
6903,-5.25,-22.69,1015.28,105.0,-175.0,-35.0
6933,-5.25,-22.69,1015.28,122.5,-192.5,-35.0
6962,-5.25,-22.69,1015.28,122.5,-192.5,-35.0
6992,-5.25,-22.69,1015.28,122.5,-175.0,-17.5
7021,-5.25,-22.69,1015.28,105.0,-157.5,-17.5
7051,-5.25,-22.69,1015.28,105.0,-157.5,-17.5
7080,-5.25,-22.69,1015.28,122.5,-175.0,-35.0
7110,-5.25,-22.69,1015.28,105.0,-175.0,-35.0
7139,-5.25,-22.69,1015.28,122.5,-192.5,-35.0
7169,-5.25,-22.69,1015.28,122.5,-192.5,-35.0
7198,-5.25,-22.69,1015.28,140.0,-175.0,-35.0
7228,-5.12,-22.69,1015.28,105.0,-175.0,-35.0
7257,-5.25,-22.69,1015.28,122.5,-175.0,-35.0
7287,-5.12,-22.69,1015.16,122.5,-157.5,-35.0
7316,-5.12,-22.69,1015.16,122.5,-175.0,-17.5
7345,-5.12,-22.69,1015.28,122.5,-192.5,-17.5
7375,-5.25,-22.69,1015.16,140.0,-175.0,-17.5
7404,-5.25,-22.69,1015.16,122.5,-157.5,-17.5
7434,-5.25,-22.69,1015.04,105.0,-175.0,-17.5
7463,-5.25,-22.69,1015.04,122.5,-175.0,-17.5
7493,-5.25,-22.69,1015.04,122.5,-192.5,0.0
7522,-5.12,-22.69,1015.04,122.5,-175.0,-35.0
7552,-5.25,-22.69,1015.04,122.5,-192.5,-35.0
7581,-5.12,-22.69,1015.04,105.0,-192.5,-35.0
7611,-5.25,-22.69,1015.04,122.5,-175.0,-17.5
7640,-5.25,-22.69,1015.04,122.5,-192.5,-17.5
7670,-5.12,-22.69,1015.04,140.0,-175.0,-17.5
7699,-5.25,-22.69,1015.04,122.5,-175.0,-35.0
7729,-5.25,-22.69,1015.04,122.5,-157.5,-35.0
7758,-5.25,-22.69,1015.04,105.0,-175.0,-17.5
7788,-5.25,-22.69,1015.04,122.5,-192.5,-17.5
7817,-5.12,-22.69,1015.04,122.5,-175.0,-17.5
7846,-5.12,-22.69,1015.04,122.5,-157.5,-35.0
7876,-5.25,-22.69,1015.04,122.5,-192.5,-35.0
7905,-5.25,-22.69,1015.04,122.5,-175.0,-35.0
7935,-5.25,-22.69,1014.92,105.0,-175.0,-35.0
7964,-5.25,-22.69,1014.92,122.5,-175.0,-35.0
7994,-5.25,-22.69,1014.92,140.0,-175.0,-17.5
8023,-5.12,-22.69,1014.92,140.0,-175.0,-35.0
8053,-5.12,-22.69,1014.92,122.5,-157.5,-35.0
8082,-5.12,-22.69,1014.8,122.5,-192.5,-17.5
8112,-5.12,-22.69,1014.8,122.5,-175.0,-35.0
8141,-5.25,-22.69,1014.8,140.0,-175.0,-35.0
8171,-5.25,-22.69,1014.8,122.5,-175.0,-35.0
8200,-5.25,-22.69,1014.8,122.5,-175.0,-17.5
8230,-5.25,-22.69,1014.67,157.5,-175.0,-35.0
8260,-5.12,-22.69,1014.67,122.5,-157.5,-35.0
8289,-5.12,-22.69,1014.67,105.0,-192.5,-35.0
8319,-5.25,-22.69,1014.8,87.5,-175.0,-52.5
8348,-5.25,-22.69,1014.8,105.0,-175.0,-17.5
8378,-5.25,-22.69,1014.67,140.0,-175.0,-17.5
8407,-5.25,-22.69,1014.67,122.5,-157.5,-17.5
8437,-5.25,-22.69,1014.67,105.0,-175.0,-17.5
8466,-5.25,-22.69,1014.67,122.5,-175.0,-35.0
8496,-5.25,-22.69,1014.67,122.5,-192.5,-35.0
8525,-5.25,-22.69,1014.67,122.5,-175.0,-35.0
8555,-5.25,-22.69,1014.67,105.0,-175.0,-17.5
8584,-5.25,-22.69,1014.67,105.0,-175.0,-17.5
8614,-5.12,-22.69,1014.67,122.5,-175.0,-17.5
8643,-5.12,-22.69,1014.67,140.0,-175.0,-17.5
8673,-5.12,-22.69,1014.8,122.5,-210.0,-35.0
8703,-5.25,-22.69,1014.8,122.5,-175.0,-35.0
8732,-5.25,-22.69,1014.8,122.5,-192.5,-35.0
8762,-5.25,-22.69,1014.8,105.0,-175.0,-17.5
8791,-5.25,-22.69,1014.67,105.0,-175.0,-17.5
8821,-5.25,-22.69,1014.67,105.0,-175.0,-35.0
8850,-5.25,-22.69,1014.55,122.5,-175.0,-35.0
8880,-5.25,-22.69,1014.55,122.5,-175.0,-35.0
8909,-5.25,-22.69,1014.43,105.0,-175.0,-35.0
8939,-5.25,-22.69,1014.43,105.0,-175.0,-35.0
8968,-5.37,-22.69,1014.55,105.0,-192.5,-35.0
8998,-5.25,-22.69,1014.55,122.5,-175.0,-52.5
9027,-5.25,-22.69,1014.55,122.5,-175.0,-17.5
9057,-5.25,-22.69,1014.55,122.5,-175.0,-17.5
9086,-5.25,-22.69,1014.55,122.5,-175.0,-35.0
9115,-5.25,-22.69,1014.55,122.5,-175.0,-35.0
9145,-5.25,-22.69,1014.55,122.5,-175.0,-35.0
9174,-5.25,-22.69,1014.55,122.5,-157.5,-35.0
9204,-5.25,-22.69,1014.55,105.0,-175.0,-35.0
9233,-5.25,-22.69,1014.55,122.5,-157.5,-35.0
9263,-5.25,-22.69,1014.67,105.0,-157.5,-35.0
9292,-5.25,-22.69,1014.67,105.0,-175.0,-35.0
9322,-5.12,-22.69,1014.67,122.5,-192.5,-35.0
9351,-5.12,-22.69,1014.67,122.5,-175.0,-35.0
9381,-5.12,-22.69,1014.8,122.5,-175.0,-17.5
9410,-5.12,-22.69,1014.67,140.0,-192.5,-17.5
9440,-5.12,-22.69,1014.67,122.5,-175.0,-35.0
9469,-5.25,-22.69,1014.8,122.5,-157.5,-35.0
9499,-5.25,-22.69,1014.8,122.5,-192.5,-35.0
9528,-5.12,-22.69,1014.8,105.0,-175.0,-35.0
9557,-5.12,-22.69,1014.8,105.0,-175.0,-35.0
9587,-5.25,-22.69,1014.8,122.5,-175.0,-35.0
9616,-5.12,-22.69,1014.8,122.5,-175.0,-35.0
9646,-5.25,-22.69,1014.8,122.5,-157.5,-35.0
9675,-5.25,-22.69,1014.92,105.0,-175.0,-17.5
9705,-5.25,-22.69,1014.92,122.5,-175.0,-35.0
9734,-5.12,-22.69,1014.92,105.0,-175.0,-35.0
9764,-5.25,-22.69,1015.04,140.0,-175.0,-35.0
9793,-5.25,-22.69,1015.04,122.5,-175.0,-35.0
9823,-5.12,-22.69,1015.04,122.5,-175.0,-52.5
9852,-5.25,-22.69,1015.04,122.5,-175.0,-35.0
9882,-5.25,-22.69,1015.04,105.0,-175.0,-35.0
9911,-5.25,-22.69,1015.04,140.0,-175.0,-17.5
9941,-5.25,-22.69,1015.04,122.5,-192.5,-17.5
9970,-5.25,-22.69,1015.04,122.5,-192.5,-35.0
10000,-5.25,-22.69,1015.04,122.5,-175.0,-35.0
10029,-5.25,-22.69,1015.04,140.0,-175.0,-35.0
10058,-5.25,-22.69,1015.04,122.5,-175.0,-17.5
10087,-5.37,-22.69,1015.04,105.0,-192.5,-17.5
10116,-5.37,-22.69,1015.04,105.0,-175.0,-17.5
10146,-5.25,-22.69,1015.04,105.0,-175.0,-35.0
10175,-5.37,-22.69,1014.92,122.5,-175.0,-35.0
10205,-5.37,-22.69,1014.92,122.5,-192.5,-17.5
10234,-5.37,-22.69,1014.92,122.5,-175.0,-35.0
10264,-5.37,-22.69,1014.92,122.5,-175.0,-35.0
10293,-5.37,-22.69,1014.8,122.5,-175.0,-35.0
10323,-5.37,-22.69,1014.8,122.5,-175.0,-35.0
10352,-5.37,-22.69,1014.8,122.5,-157.5,-35.0
10382,-5.37,-22.69,1014.8,122.5,-157.5,-35.0
10411,-5.37,-22.81,1014.8,122.5,-192.5,-35.0
10441,-5.25,-22.69,1014.8,105.0,-175.0,-35.0
10470,-5.37,-22.81,1014.8,122.5,-192.5,-35.0
10499,-5.25,-22.81,1014.8,140.0,-175.0,-17.5
10528,-5.37,-22.81,1014.8,105.0,-175.0,-35.0
10557,-5.25,-22.69,1014.8,122.5,-175.0,-35.0
10586,-5.37,-22.81,1014.8,122.5,-157.5,-35.0
10615,-5.25,-22.81,1014.8,122.5,-192.5,-35.0
10645,-5.25,-22.69,1014.8,122.5,-192.5,-35.0
10674,-5.25,-22.69,1014.8,122.5,-175.0,-17.5
10704,-5.37,-22.81,1014.8,122.5,-175.0,-17.5
10733,-5.37,-22.69,1014.8,122.5,-192.5,-35.0
10763,-5.25,-22.69,1014.92,105.0,-175.0,-35.0
10792,-5.37,-22.69,1014.92,105.0,-192.5,-35.0
10822,-5.25,-22.69,1014.92,122.5,-192.5,-35.0
10851,-5.37,-22.69,1014.92,122.5,-175.0,-35.0
10881,-5.37,-22.69,1014.92,105.0,-175.0,-17.5
10910,-5.25,-22.69,1014.92,122.5,-175.0,-35.0
10940,-5.37,-22.69,1014.92,105.0,-192.5,-35.0
10969,-5.37,-22.69,1015.04,122.5,-175.0,-35.0
10998,-5.37,-22.69,1015.04,122.5,-192.5,-35.0
11027,-5.37,-22.69,1015.04,122.5,-175.0,-17.5
11056,-5.37,-22.81,1015.04,105.0,-175.0,-35.0
11085,-5.37,-22.69,1015.04,105.0,-175.0,-35.0
11114,-5.37,-22.81,1015.04,122.5,-192.5,-35.0
11144,-5.37,-22.69,1015.04,140.0,-175.0,-35.0
11173,-5.37,-22.69,1015.04,122.5,-192.5,-17.5
11203,-5.25,-22.69,1015.04,105.0,-175.0,-35.0
11232,-5.37,-22.69,1015.04,140.0,-175.0,-35.0
11262,-5.37,-22.69,1015.04,122.5,-157.5,-35.0
11291,-5.25,-22.69,1015.04,105.0,-175.0,-35.0
11321,-5.25,-22.69,1015.04,122.5,-192.5,-17.5
11350,-5.25,-22.69,1015.04,122.5,-175.0,-52.5
11380,-5.25,-22.69,1015.04,140.0,-157.5,-35.0
11409,-5.25,-22.69,1015.04,105.0,-157.5,-35.0
11439,-5.25,-22.69,1015.04,140.0,-175.0,-17.5
11468,-5.25,-22.69,1015.04,122.5,-192.5,-35.0
11498,-5.25,-22.69,1015.04,122.5,-192.5,-17.5
11527,-5.25,-22.69,1015.04,122.5,-175.0,-17.5
11556,-5.37,-22.69,1015.04,140.0,-175.0,-35.0
11585,-5.37,-22.69,1015.04,122.5,-192.5,-17.5
11614,-5.37,-22.69,1015.04,122.5,-192.5,-35.0
11644,-5.37,-22.69,1015.04,122.5,-175.0,-35.0
11673,-5.37,-22.69,1015.04,122.5,-175.0,-35.0
11703,-5.37,-22.69,1015.04,122.5,-175.0,-52.5
11732,-5.37,-22.69,1015.04,105.0,-175.0,-35.0
11762,-5.37,-22.69,1015.04,122.5,-175.0,-35.0
11791,-5.37,-22.69,1015.04,105.0,-175.0,-17.5
11821,-5.37,-22.69,1015.04,105.0,-175.0,-17.5
11850,-5.25,-22.69,1015.04,122.5,-175.0,-17.5
11880,-5.25,-22.69,1015.04,87.5,-175.0,-17.5
11909,-5.25,-22.69,1015.04,122.5,-157.5,-35.0
11939,-5.25,-22.69,1015.04,122.5,-175.0,-35.0
11968,-5.25,-22.69,1015.04,122.5,-192.5,-35.0
11997,-5.25,-22.69,1015.04,140.0,-175.0,-35.0
12026,-5.25,-22.69,1015.04,122.5,-175.0,-17.5
12055,-5.25,-22.69,1014.92,122.5,-192.5,-17.5
12084,-5.37,-22.69,1015.04,122.5,-175.0,-17.5
12113,-5.25,-22.69,1015.04,122.5,-175.0,-35.0
12143,-5.25,-22.57,1015.04,122.5,-175.0,-35.0
12172,-5.25,-22.69,1015.04,122.5,-175.0,-35.0
12202,-5.25,-22.69,1015.04,122.5,-192.5,-35.0
12231,-5.25,-22.57,1015.04,122.5,-157.5,-35.0
12261,-5.25,-22.57,1015.04,122.5,-192.5,-35.0
12290,-5.37,-22.57,1015.04,105.0,-175.0,-35.0
12320,-5.25,-22.57,1015.04,122.5,-192.5,-17.5
12349,-5.25,-22.57,1015.04,122.5,-175.0,-35.0
12379,-5.25,-22.57,1015.04,122.5,-175.0,-35.0
12408,-5.25,-22.57,1015.04,105.0,-175.0,-35.0
12438,-5.37,-22.69,1015.04,105.0,-157.5,-35.0
12467,-5.37,-22.57,1015.04,105.0,-157.5,-17.5
12496,-5.37,-22.57,1015.04,140.0,-192.5,-35.0
12525,-5.37,-22.57,1015.04,122.5,-192.5,-35.0
12554,-5.37,-22.57,1015.04,122.5,-192.5,-35.0
12584,-5.37,-22.57,1015.04,122.5,-175.0,-52.5
12613,-5.37,-22.57,1015.04,140.0,-175.0,-35.0
12643,-5.37,-22.57,1015.04,122.5,-175.0,-52.5
12672,-5.37,-22.69,1015.04,105.0,-192.5,-35.0
12702,-5.37,-22.69,1015.04,105.0,-175.0,-35.0
12731,-5.37,-22.69,1015.04,122.5,-192.5,-35.0
12761,-5.37,-22.69,1015.04,122.5,-192.5,-35.0
12790,-5.37,-22.69,1015.04,105.0,-192.5,-17.5
12820,-5.37,-22.69,1015.04,122.5,-175.0,-17.5
12849,-5.37,-22.69,1014.92,122.5,-175.0,-35.0
12879,-5.37,-22.69,1014.92,122.5,-192.5,-17.5
12908,-5.37,-22.69,1014.92,122.5,-175.0,-35.0
12938,-5.37,-22.69,1014.92,122.5,-157.5,-35.0
12967,-5.37,-22.69,1015.04,122.5,-192.5,-35.0
12996,-5.37,-22.69,1014.92,122.5,-192.5,-35.0
13025,-5.25,-22.69,1014.92,122.5,-192.5,-17.5
13054,-5.25,-22.69,1014.92,105.0,-192.5,-35.0
13084,-5.25,-22.69,1015.04,122.5,-175.0,-17.5
13113,-5.25,-22.69,1015.04,122.5,-175.0,-35.0
13143,-5.25,-22.69,1014.92,105.0,-175.0,-35.0
13172,-5.25,-22.81,1014.92,122.5,-157.5,-35.0
13202,-5.37,-22.69,1014.92,122.5,-192.5,-35.0
13231,-5.37,-22.81,1015.04,140.0,-175.0,-35.0
13261,-5.37,-22.69,1015.04,122.5,-157.5,-17.5
13290,-5.37,-22.69,1015.04,122.5,-157.5,-35.0
13320,-5.37,-22.69,1015.04,140.0,-175.0,-35.0
13349,-5.37,-22.69,1015.04,122.5,-175.0,-17.5
13378,-5.37,-22.69,1015.04,105.0,-157.5,-35.0
13407,-5.37,-22.69,1015.04,122.5,-175.0,-35.0
13436,-5.37,-22.69,1015.04,122.5,-192.5,-17.5
13465,-5.37,-22.69,1015.04,122.5,-175.0,-35.0
13494,-5.37,-22.69,1015.04,122.5,-175.0,-35.0
13524,-5.37,-22.69,1015.04,140.0,-175.0,-35.0
13553,-5.37,-22.69,1015.04,105.0,-175.0,-35.0
13583,-5.37,-22.69,1015.04,122.5,-175.0,-17.5
13612,-5.37,-22.69,1015.04,105.0,-175.0,-35.0
13642,-5.37,-22.69,1015.04,105.0,-175.0,-35.0
13671,-5.37,-22.69,1015.04,105.0,-175.0,-35.0
13701,-5.37,-22.69,1015.04,122.5,-175.0,0.0
13730,-5.37,-22.69,1015.04,122.5,-157.5,-35.0
13760,-5.37,-22.69,1015.04,122.5,-175.0,-17.5
13789,-5.37,-22.69,1015.16,122.5,-175.0,-17.5
13819,-5.37,-22.69,1015.16,122.5,-175.0,-17.5
13848,-5.37,-22.69,1015.16,105.0,-192.5,-35.0
13877,-5.37,-22.69,1015.28,105.0,-157.5,-35.0
13906,-5.37,-22.69,1015.28,122.5,-175.0,-35.0
13935,-5.37,-22.69,1015.28,122.5,-157.5,-35.0
13965,-5.37,-22.69,1015.28,105.0,-175.0,-35.0
13994,-5.37,-22.69,1015.16,105.0,-175.0,-35.0
14024,-5.37,-22.69,1015.16,105.0,-192.5,-17.5
14053,-5.37,-22.69,1015.16,122.5,-175.0,-17.5
14083,-5.37,-22.69,1015.16,122.5,-157.5,-35.0
14112,-5.37,-22.57,1015.16,122.5,-175.0,-17.5
14142,-5.37,-22.69,1015.16,122.5,-175.0,-35.0
14171,-5.37,-22.57,1015.28,122.5,-175.0,-35.0
14201,-5.37,-22.57,1015.28,122.5,-175.0,-17.5
14230,-5.37,-22.69,1015.16,140.0,-157.5,-35.0
14260,-5.25,-22.69,1015.16,122.5,-192.5,-35.0
14289,-5.25,-22.69,1015.16,122.5,-192.5,-52.5
14318,-5.37,-22.69,1015.16,140.0,-175.0,-17.5
14347,-5.37,-22.69,1015.16,122.5,-175.0,-35.0
14376,-5.25,-22.69,1015.04,140.0,-175.0,-35.0
14406,-5.25,-22.69,1015.04,105.0,-157.5,-35.0
14435,-5.37,-22.69,1015.04,122.5,-175.0,-35.0
14465,-5.37,-22.69,1015.04,122.5,-175.0,-35.0
14494,-5.37,-22.69,1015.04,122.5,-175.0,-35.0
14524,-5.37,-22.57,1015.04,140.0,-157.5,-35.0
14553,-5.25,-22.57,1015.04,122.5,-175.0,-35.0
14583,-5.25,-22.57,1015.04,105.0,-175.0,-17.5
14612,-5.25,-22.57,1015.04,105.0,-175.0,-17.5
14642,-5.37,-22.45,1015.04,122.5,-192.5,-17.5
14671,-5.37,-22.57,1015.04,140.0,-192.5,-35.0
14701,-5.25,-22.57,1015.04,140.0,-175.0,-35.0
14730,-5.25,-22.57,1015.16,122.5,-175.0,-35.0
14759,-5.37,-22.57,1015.16,122.5,-175.0,-35.0
14788,-5.37,-22.57,1015.16,122.5,-175.0,-17.5
14817,-5.37,-22.57,1015.16,122.5,-175.0,-35.0
14847,-5.37,-22.57,1015.16,105.0,-175.0,-17.5
14876,-5.37,-22.57,1015.28,87.5,-192.5,-35.0
14906,-5.37,-22.57,1015.16,105.0,-157.5,-35.0
14935,-5.37,-22.57,1015.16,122.5,-175.0,-17.5
14965,-5.37,-22.57,1015.16,122.5,-175.0,-17.5
14994,-5.37,-22.57,1015.16,105.0,-157.5,-35.0
15024,-5.37,-22.69,1015.16,122.5,-175.0,-35.0
15053,-5.37,-22.57,1015.16,122.5,-175.0,-17.5
15083,-5.37,-22.57,1015.16,122.5,-175.0,-35.0
15112,-5.37,-22.57,1015.16,140.0,-175.0,-35.0
15142,-5.37,-22.57,1015.16,105.0,-175.0,-35.0
15171,-5.37,-22.69,1015.16,105.0,-192.5,-35.0
15200,-5.37,-22.57,1015.16,105.0,-175.0,-35.0
15229,-5.37,-22.57,1015.16,105.0,-157.5,-35.0
15258,-5.37,-22.69,1015.16,122.5,-175.0,-35.0
15288,-5.37,-22.57,1015.16,122.5,-175.0,-17.5
15317,-5.37,-22.69,1015.04,122.5,-175.0,-17.5
15347,-5.37,-22.69,1015.04,105.0,-192.5,-35.0
15376,-5.37,-22.69,1014.8,105.0,-192.5,-17.5
15406,-5.37,-22.69,1014.8,105.0,-175.0,-35.0
15435,-5.37,-22.69,1014.8,122.5,-175.0,-35.0
15465,-5.37,-22.69,1014.8,122.5,-175.0,-17.5
15494,-5.37,-22.69,1014.8,122.5,-175.0,-17.5
15524,-5.37,-22.69,1014.8,122.5,-175.0,-35.0
15553,-5.37,-22.69,1014.8,122.5,-175.0,-35.0
15583,-5.37,-22.69,1014.8,122.5,-175.0,-35.0
15612,-5.37,-22.69,1014.92,122.5,-192.5,-35.0
15641,-5.37,-22.69,1014.92,122.5,-175.0,-35.0
15670,-5.37,-22.69,1014.92,105.0,-175.0,-35.0
15699,-5.49,-22.69,1015.04,122.5,-175.0,-35.0
15729,-5.37,-22.69,1015.04,122.5,-175.0,-17.5
15758,-5.49,-22.69,1015.04,122.5,-175.0,-17.5
15788,-5.37,-22.69,1015.04,140.0,-175.0,-52.5
15817,-5.49,-22.69,1015.04,122.5,-175.0,-35.0
15847,-5.37,-22.69,1015.16,140.0,-175.0,-17.5
15876,-5.49,-22.69,1015.16,105.0,-192.5,-35.0
15906,-5.37,-22.57,1015.16,105.0,-192.5,-35.0
15935,-5.37,-22.69,1015.16,122.5,-157.5,-35.0
15965,-5.49,-22.69,1015.28,122.5,-157.5,-17.5
15994,-5.37,-22.69,1015.16,122.5,-192.5,-35.0
16024,-5.49,-22.69,1015.28,122.5,-175.0,-17.5
16053,-5.37,-22.57,1015.16,105.0,-175.0,-35.0
16082,-5.37,-22.57,1015.16,105.0,-175.0,-17.5
16111,-5.37,-22.57,1015.28,105.0,-175.0,-35.0
16140,-5.37,-22.57,1015.28,105.0,-175.0,-17.5
16170,-5.49,-22.57,1015.28,140.0,-175.0,-35.0
16199,-5.37,-22.57,1015.28,140.0,-175.0,-17.5
16229,-5.37,-22.57,1015.16,122.5,-175.0,-17.5
16258,-5.37,-22.69,1015.16,122.5,-175.0,-17.5
16288,-5.37,-22.69,1015.16,105.0,-175.0,-17.5
16317,-5.37,-22.69,1015.16,122.5,-192.5,-35.0
16347,-5.37,-22.69,1015.16,122.5,-175.0,-35.0
16376,-5.37,-22.69,1015.16,122.5,-175.0,-17.5
16406,-5.37,-22.69,1015.16,122.5,-175.0,-35.0
16435,-5.37,-22.69,1015.16,122.5,-157.5,-35.0
16465,-5.37,-22.69,1015.28,122.5,-192.5,-17.5
16494,-5.37,-22.69,1015.28,122.5,-192.5,-35.0
16523,-5.37,-22.69,1015.28,105.0,-192.5,-35.0
16552,-5.37,-22.69,1015.28,105.0,-192.5,-35.0
16581,-5.37,-22.69,1015.28,105.0,-192.5,-17.5
16611,-5.37,-22.69,1015.28,122.5,-175.0,-35.0
16640,-5.37,-22.69,1015.28,122.5,-192.5,-35.0
16670,-5.37,-22.69,1015.28,122.5,-192.5,-35.0
16699,-5.37,-22.69,1015.28,122.5,-192.5,-35.0
16729,-5.37,-22.69,1015.28,122.5,-175.0,-35.0
16758,-5.49,-22.69,1015.28,105.0,-192.5,-35.0
16788,-5.49,-22.69,1015.28,122.5,-175.0,-52.5
16817,-5.37,-22.69,1015.28,122.5,-175.0,-35.0
16847,-5.37,-22.69,1015.28,122.5,-175.0,-17.5
16876,-5.37,-22.69,1015.28,122.5,-175.0,-17.5
16906,-5.37,-22.69,1015.16,122.5,-175.0,-35.0
16935,-5.37,-22.69,1015.28,122.5,-157.5,-35.0
16965,-5.37,-22.69,1015.16,122.5,-175.0,-17.5
16994,-5.37,-22.69,1015.28,122.5,-192.5,-17.5
17023,-5.37,-22.69,1015.16,122.5,-175.0,-35.0
17052,-5.37,-22.69,1015.28,122.5,-175.0,-35.0
17081,-5.37,-22.69,1015.28,122.5,-175.0,-35.0
17111,-5.37,-22.69,1015.16,122.5,-175.0,-35.0
17140,-5.37,-22.69,1015.16,140.0,-175.0,-35.0
17170,-5.37,-22.69,1015.16,140.0,-192.5,-35.0
17199,-5.37,-22.57,1015.16,140.0,-175.0,-35.0
17229,-5.37,-22.57,1015.04,140.0,-192.5,-35.0
17258,-5.37,-22.57,1015.04,122.5,-175.0,-35.0
17288,-5.37,-22.69,1014.92,105.0,-157.5,-17.5
17317,-5.37,-22.69,1014.92,122.5,-192.5,-17.5
17347,-5.37,-22.69,1014.92,122.5,-157.5,-17.5
17376,-5.37,-22.69,1014.8,122.5,-175.0,-35.0
17406,-5.37,-22.69,1014.8,122.5,-175.0,-17.5
17435,-5.37,-22.69,1014.8,105.0,-175.0,-35.0
17464,-5.37,-22.69,1014.8,140.0,-175.0,-35.0
17493,-5.37,-22.69,1014.67,105.0,-175.0,-35.0
17522,-5.37,-22.69,1014.55,105.0,-192.5,-35.0
17551,-5.37,-22.69,1014.55,122.5,-175.0,-17.5
17580,-5.37,-22.81,1014.55,122.5,-175.0,-52.5
17610,-5.37,-22.81,1014.55,122.5,-175.0,-52.5
17639,-5.37,-22.81,1014.43,122.5,-175.0,-35.0
17669,-5.37,-22.81,1014.43,122.5,-192.5,-17.5
17698,-5.37,-22.69,1014.55,122.5,-175.0,-17.5
17728,-5.49,-22.81,1014.55,122.5,-157.5,-17.5
17757,-5.37,-22.69,1014.43,122.5,-157.5,-35.0
17787,-5.49,-22.81,1014.43,122.5,-175.0,-17.5
17816,-5.49,-22.81,1014.43,140.0,-175.0,-17.5
17846,-5.49,-22.69,1014.55,122.5,-175.0,-35.0
17875,-5.37,-22.69,1014.43,122.5,-175.0,-35.0
17905,-5.37,-22.69,1014.43,105.0,-175.0,-35.0
17934,-5.37,-22.69,1014.43,122.5,-157.5,-35.0
17963,-5.37,-22.69,1014.43,122.5,-157.5,-35.0
17992,-5.37,-22.69,1014.43,105.0,-175.0,-17.5
18021,-5.37,-22.69,1014.43,105.0,-175.0,-17.5
18051,-5.37,-22.81,1014.55,122.5,-192.5,-35.0
18080,-5.37,-22.81,1014.55,140.0,-175.0,-35.0
18110,-5.37,-22.69,1014.43,140.0,-192.5,-35.0
18139,-5.37,-22.81,1014.55,122.5,-157.5,-35.0
18169,-5.49,-22.81,1014.55,105.0,-175.0,-35.0
18198,-5.37,-22.69,1014.55,105.0,-157.5,-35.0
18228,-5.49,-22.69,1014.55,105.0,-157.5,-35.0
18257,-5.49,-22.81,1014.55,122.5,-175.0,-35.0
18287,-5.37,-22.69,1014.55,105.0,-175.0,-35.0
18316,-5.37,-22.81,1014.55,122.5,-175.0,-35.0
18346,-5.37,-22.81,1014.55,122.5,-140.0,-17.5
18375,-5.37,-22.69,1014.55,140.0,-175.0,-17.5
18405,-5.37,-22.81,1014.55,122.5,-175.0,-17.5
18434,-5.49,-22.81,1014.55,105.0,-175.0,-35.0
18463,-5.49,-22.81,1014.55,122.5,-175.0,-17.5
18492,-5.49,-22.81,1014.55,105.0,-192.5,-17.5
18521,-5.37,-22.81,1014.55,122.5,-192.5,-35.0
18550,-5.37,-22.69,1014.55,105.0,-175.0,-17.5
18579,-5.37,-22.69,1014.55,105.0,-175.0,-35.0
18609,-5.49,-22.81,1014.55,105.0,-175.0,-17.5
18638,-5.37,-22.81,1014.55,122.5,-175.0,-35.0
18668,-5.37,-22.81,1014.55,122.5,-175.0,-35.0
18697,-5.37,-22.81,1014.55,122.5,-157.5,-35.0
18727,-5.37,-22.81,1014.55,105.0,-175.0,-35.0
18756,-5.37,-22.81,1014.55,105.0,-175.0,-17.5
18786,-5.37,-22.81,1014.55,105.0,-175.0,-35.0
18815,-5.37,-22.81,1014.55,122.5,-175.0,-17.5
18845,-5.37,-22.81,1014.55,122.5,-175.0,-17.5
18874,-5.49,-22.81,1014.55,105.0,-175.0,-17.5
18904,-5.37,-22.81,1014.43,122.5,-175.0,-17.5
18933,-5.37,-22.81,1014.43,105.0,-157.5,-35.0
18962,-5.37,-22.81,1014.43,105.0,-175.0,-35.0
18991,-5.37,-22.81,1014.43,122.5,-157.5,-17.5
19020,-5.37,-22.69,1014.43,140.0,-175.0,-35.0
19049,-5.37,-22.81,1014.43,122.5,-175.0,-35.0
19078,-5.49,-22.69,1014.43,122.5,-157.5,-17.5
19108,-5.37,-22.81,1014.43,105.0,-157.5,-35.0
19137,-5.37,-22.81,1014.31,105.0,-175.0,-35.0
19167,-5.49,-22.81,1014.31,122.5,-192.5,-35.0
19196,-5.49,-22.81,1014.43,122.5,-192.5,-35.0
19226,-5.49,-22.81,1014.43,105.0,-175.0,-35.0
19255,-5.49,-22.81,1014.43,105.0,-192.5,-35.0
19285,-5.49,-22.69,1014.43,140.0,-175.0,-35.0
19314,-5.49,-22.69,1014.55,105.0,-192.5,-35.0
19344,-5.49,-22.81,1014.55,122.5,-175.0,-35.0
19373,-5.49,-22.81,1014.55,140.0,-157.5,-35.0
19403,-5.49,-22.81,1014.55,105.0,-175.0,-17.5
19432,-5.49,-22.81,1014.55,122.5,-175.0,-17.5
19461,-5.49,-22.81,1014.55,122.5,-175.0,-35.0
19490,-5.49,-22.81,1014.67,122.5,-175.0,-35.0
19519,-5.49,-22.69,1014.67,122.5,-175.0,-17.5
19549,-5.49,-22.81,1014.67,122.5,-192.5,-17.5
19578,-5.49,-22.81,1014.67,122.5,-192.5,-35.0
19608,-5.49,-22.81,1014.67,105.0,-175.0,-17.5
19637,-5.49,-22.69,1014.8,122.5,-192.5,-35.0
19667,-5.49,-22.81,1014.8,122.5,-175.0,-35.0
19696,-5.49,-22.81,1014.8,122.5,-157.5,-35.0
19726,-5.49,-22.69,1014.8,122.5,-175.0,-17.5
19755,-5.49,-22.69,1014.8,105.0,-157.5,-52.5
19785,-5.37,-22.69,1014.8,105.0,-192.5,-35.0
19814,-5.37,-22.69,1014.8,105.0,-192.5,-35.0
19844,-5.49,-22.69,1014.92,105.0,-192.5,-35.0
19873,-5.37,-22.69,1014.92,122.5,-175.0,-17.5
19903,-5.37,-22.69,1014.92,105.0,-192.5,-35.0
19932,-5.37,-22.69,1015.04,87.5,-192.5,-35.0
19961,-5.49,-22.69,1014.92,122.5,-192.5,-35.0
19990,-5.37,-22.69,1015.04,122.5,-175.0,-35.0
20019,-5.49,-22.69,1015.04,122.5,-175.0,-17.5
20049,-5.37,-22.69,1015.04,105.0,-175.0,-17.5
20078,-5.37,-22.69,1015.04,105.0,-175.0,-17.5
20108,-5.37,-22.69,1015.04,105.0,-175.0,-17.5
20137,-5.37,-22.69,1015.04,105.0,-175.0,-35.0
20167,-5.37,-22.69,1015.16,140.0,-175.0,-17.5
20196,-5.37,-22.69,1015.16,122.5,-157.5,0.0
20226,-5.37,-22.69,1015.16,122.5,-175.0,-35.0
20255,-5.37,-22.69,1015.16,105.0,-175.0,-52.5
20285,-5.37,-22.69,1015.04,105.0,-175.0,-35.0
20314,-5.37,-22.69,1015.16,105.0,-175.0,-35.0
20344,-5.37,-22.69,1015.16,122.5,-192.5,-17.5
20373,-5.37,-22.69,1015.16,122.5,-192.5,0.0
20402,-5.37,-22.69,1015.28,122.5,-175.0,-17.5
20431,-5.37,-22.69,1015.28,122.5,-175.0,-35.0
20460,-5.37,-22.69,1015.28,122.5,-175.0,-17.5
20490,-5.37,-22.69,1015.28,122.5,-175.0,-35.0
20519,-5.37,-22.69,1015.28,105.0,-175.0,-35.0
20549,-5.37,-22.69,1015.28,105.0,-157.5,-35.0
20578,-5.37,-22.69,1015.28,122.5,-157.5,-52.5
20608,-5.37,-22.69,1015.28,122.5,-157.5,-35.0
20637,-5.37,-22.69,1015.28,122.5,-175.0,-35.0
20667,-5.37,-22.69,1015.28,122.5,-175.0,-17.5
20696,-5.37,-22.69,1015.28,105.0,-175.0,-17.5
20726,-5.37,-22.69,1015.28,105.0,-192.5,-17.5
20755,-5.37,-22.69,1015.41,122.5,-192.5,-17.5
20785,-5.37,-22.69,1015.41,122.5,-175.0,-17.5
20814,-5.37,-22.69,1015.41,122.5,-175.0,-35.0
20843,-5.37,-22.69,1015.41,105.0,-175.0,-35.0
20872,-5.37,-22.69,1015.41,122.5,-175.0,-17.5
20901,-5.37,-22.69,1015.41,105.0,-175.0,-35.0
20931,-5.37,-22.69,1015.41,105.0,-175.0,-35.0
20960,-5.37,-22.69,1015.41,122.5,-175.0,-35.0
20990,-5.37,-22.69,1015.41,105.0,-175.0,-35.0
21019,-5.37,-22.69,1015.41,122.5,-175.0,-35.0
21049,-5.37,-22.69,1015.41,122.5,-175.0,-35.0
21078,-5.37,-22.69,1015.41,122.5,-157.5,-17.5
21108,-5.37,-22.69,1015.41,122.5,-175.0,-17.5
21137,-5.37,-22.69,1015.28,105.0,-175.0,-35.0
21167,-5.37,-22.69,1015.28,105.0,-175.0,-35.0
21196,-5.37,-22.69,1015.28,105.0,-175.0,-35.0
21226,-5.37,-22.69,1015.28,122.5,-175.0,-17.5
21255,-5.37,-22.69,1015.16,122.5,-175.0,-35.0
21285,-5.37,-22.69,1015.28,105.0,-192.5,-35.0
21314,-5.37,-22.69,1015.16,105.0,-192.5,-35.0
21343,-5.37,-22.69,1015.16,105.0,-175.0,-17.5
21372,-5.37,-22.69,1015.28,105.0,-175.0,-35.0
21401,-5.37,-22.69,1015.28,105.0,-175.0,-35.0
21431,-5.37,-22.69,1015.28,105.0,-175.0,-35.0
21460,-5.37,-22.69,1015.28,122.5,-192.5,-52.5
21490,-5.37,-22.69,1015.28,105.0,-175.0,-35.0
21519,-5.37,-22.69,1015.28,122.5,-175.0,-17.5
21549,-5.37,-22.69,1015.28,122.5,-175.0,-35.0
21578,-5.37,-22.69,1015.28,140.0,-192.5,-17.5
21608,-5.37,-22.69,1015.28,122.5,-192.5,-17.5
21637,-5.37,-22.57,1015.28,122.5,-175.0,-17.5
21667,-5.37,-22.57,1015.28,122.5,-157.5,-17.5
21696,-5.37,-22.69,1015.28,122.5,-157.5,-17.5
21726,-5.37,-22.69,1015.28,105.0,-157.5,-17.5
21755,-5.37,-22.57,1015.28,140.0,-175.0,-17.5
21784,-5.37,-22.57,1015.28,122.5,-192.5,-35.0
21813,-5.37,-22.57,1015.41,122.5,-175.0,-17.5
21842,-5.37,-22.57,1015.41,122.5,-175.0,-17.5
21872,-5.37,-22.45,1015.41,105.0,-192.5,-35.0
21901,-5.37,-22.57,1015.41,122.5,-175.0,-52.5
21931,-5.37,-22.57,1015.41,105.0,-175.0,-35.0
21960,-5.37,-22.57,1015.41,122.5,-175.0,-35.0
21990,-5.37,-22.57,1015.41,122.5,-175.0,-35.0
22019,-5.37,-22.57,1015.41,122.5,-192.5,-17.5
22049,-5.37,-22.57,1015.53,140.0,-175.0,-17.5
22078,-5.37,-22.69,1015.53,122.5,-175.0,-17.5
22108,-5.37,-22.69,1015.53,122.5,-157.5,-35.0
22137,-5.37,-22.57,1015.53,122.5,-192.5,-35.0
22167,-5.37,-22.57,1015.53,122.5,-175.0,-17.5
22196,-5.37,-22.57,1015.53,122.5,-192.5,-35.0
22225,-5.37,-22.57,1015.53,140.0,-175.0,-17.5
22254,-5.37,-22.57,1015.53,140.0,-175.0,-35.0
22283,-5.37,-22.57,1015.53,122.5,-175.0,-35.0
22313,-5.37,-22.57,1015.53,140.0,-175.0,-35.0
22342,-5.37,-22.57,1015.53,122.5,-175.0,-17.5
22372,-5.37,-22.57,1015.53,122.5,-175.0,-35.0
22401,-5.37,-22.57,1015.41,122.5,-175.0,-35.0
22431,-5.37,-22.57,1015.41,105.0,-192.5,-35.0
22460,-5.37,-22.57,1015.53,122.5,-192.5,-35.0
22490,-5.37,-22.57,1015.41,122.5,-192.5,-35.0
22519,-5.37,-22.57,1015.41,122.5,-175.0,-35.0
22549,-5.37,-22.57,1015.41,105.0,-192.5,-52.5
22578,-5.37,-22.57,1015.41,122.5,-192.5,-17.5
22608,-5.37,-22.57,1015.28,105.0,-192.5,-17.5
22637,-5.37,-22.57,1015.28,122.5,-175.0,-35.0
22666,-5.37,-22.57,1015.28,122.5,-175.0,-35.0
22695,-5.37,-22.57,1015.28,122.5,-157.5,-35.0
22724,-5.37,-22.57,1015.28,105.0,-175.0,-35.0
22754,-5.37,-22.57,1015.41,105.0,-175.0,-35.0
22783,-5.37,-22.57,1015.41,140.0,-175.0,-17.5
22813,-5.49,-22.57,1015.41,105.0,-175.0,-35.0
22842,-5.49,-22.57,1015.53,105.0,-175.0,-17.5
22872,-5.49,-22.57,1015.53,122.5,-175.0,-35.0
22901,-5.37,-22.57,1015.41,122.5,-175.0,-35.0
22931,-5.49,-22.57,1015.41,105.0,-175.0,-17.5
22960,-5.37,-22.57,1015.41,105.0,-175.0,-35.0
22990,-5.37,-22.69,1015.41,122.5,-175.0,-35.0
23019,-5.49,-22.69,1015.28,122.5,-175.0,-35.0
23049,-5.37,-22.69,1015.28,122.5,-175.0,-17.5
23078,-5.37,-22.69,1015.28,140.0,-175.0,-35.0
23108,-5.37,-22.69,1015.28,122.5,-192.5,-17.5
23137,-5.37,-22.69,1015.28,140.0,-175.0,-17.5
23166,-5.37,-22.69,1015.16,105.0,-192.5,-17.5
23195,-5.37,-22.69,1015.16,122.5,-175.0,0.0
23224,-5.37,-22.69,1015.16,122.5,-175.0,-17.5
23254,-5.37,-22.69,1015.16,122.5,-175.0,-35.0
23283,-5.37,-22.69,1015.16,122.5,-192.5,-35.0
23313,-5.37,-22.69,1015.16,122.5,-192.5,-17.5
23342,-5.37,-22.69,1015.28,122.5,-175.0,-35.0
23372,-5.37,-22.69,1015.16,140.0,-175.0,-17.5
23401,-5.37,-22.69,1015.16,105.0,-175.0,-35.0
23431,-5.37,-22.69,1015.16,122.5,-175.0,-35.0
23460,-5.37,-22.69,1015.16,105.0,-192.5,-35.0
23490,-5.49,-22.69,1015.16,105.0,-175.0,-35.0
23519,-5.37,-22.69,1015.16,105.0,-175.0,-35.0
23549,-5.37,-22.69,1015.16,122.5,-175.0,-17.5
23578,-5.37,-22.81,1015.04,105.0,-175.0,-35.0
23607,-5.37,-22.81,1015.04,122.5,-175.0,-17.5
23636,-5.37,-22.69,1015.04,122.5,-175.0,-17.5
23665,-5.37,-22.69,1015.04,122.5,-175.0,-35.0
23695,-5.37,-22.69,1015.04,122.5,-175.0,-35.0
23724,-5.37,-22.69,1015.04,105.0,-192.5,-17.5
23754,-5.37,-22.81,1015.04,122.5,-175.0,-17.5
23783,-5.37,-22.81,1015.04,122.5,-175.0,-35.0
23813,-5.37,-22.69,1015.04,105.0,-175.0,-17.5
23842,-5.37,-22.69,1015.04,105.0,-175.0,-35.0
23872,-5.37,-22.69,1015.16,122.5,-175.0,-17.5
23901,-5.37,-22.69,1015.16,122.5,-175.0,-35.0
23931,-5.37,-22.69,1015.16,105.0,-192.5,-17.5
23960,-5.37,-22.69,1015.16,122.5,-175.0,-17.5
23990,-5.37,-22.69,1015.16,122.5,-157.5,-35.0
24019,-5.37,-22.69,1015.16,140.0,-175.0,-17.5
24049,-5.37,-22.69,1015.16,140.0,-175.0,-35.0
24078,-5.37,-22.69,1015.16,122.5,-175.0,-35.0
24108,-5.37,-22.69,1015.16,105.0,-192.5,-52.5
24137,-5.37,-22.69,1015.16,122.5,-175.0,-52.5
24166,-5.37,-22.69,1015.16,105.0,-157.5,-35.0
24195,-5.37,-22.69,1015.16,122.5,-175.0,-35.0
24224,-5.37,-22.69,1015.16,105.0,-175.0,-35.0
24254,-5.37,-22.69,1015.16,105.0,-175.0,-35.0
24283,-5.37,-22.69,1015.16,105.0,-175.0,-35.0
24313,-5.37,-22.69,1015.16,122.5,-192.5,-35.0
24342,-5.37,-22.69,1015.16,122.5,-192.5,-35.0
24372,-5.37,-22.69,1015.16,122.5,-175.0,-35.0
24401,-5.37,-22.69,1015.16,140.0,-157.5,-35.0
24431,-5.37,-22.69,1015.16,122.5,-175.0,-35.0
24460,-5.37,-22.69,1015.04,122.5,-175.0,-35.0
24490,-5.37,-22.69,1015.04,122.5,-175.0,-35.0
24519,-5.37,-22.69,1015.04,105.0,-175.0,-17.5
24549,-5.37,-22.69,1015.04,122.5,-157.5,-35.0
24578,-5.37,-22.69,1014.92,122.5,-175.0,-35.0
24608,-5.37,-22.69,1014.92,122.5,-192.5,-17.5
24637,-5.37,-22.69,1014.92,122.5,-175.0,-17.5
24667,-5.37,-22.69,1014.8,122.5,-192.5,-35.0
24696,-5.37,-22.69,1014.8,122.5,-192.5,-17.5
24725,-5.37,-22.69,1014.8,122.5,-192.5,-17.5
24754,-5.37,-22.69,1014.8,122.5,-175.0,-35.0
24783,-5.37,-22.69,1014.8,105.0,-192.5,-35.0
24813,-5.37,-22.69,1014.8,122.5,-175.0,-35.0
24842,-5.37,-22.69,1014.8,122.5,-175.0,-35.0
24872,-5.37,-22.69,1014.8,122.5,-175.0,-35.0
24901,-5.37,-22.69,1014.8,122.5,-175.0,-17.5
24931,-5.37,-22.69,1014.8,122.5,-192.5,-35.0
24960,-5.37,-22.69,1014.8,122.5,-192.5,-17.5
24990,-5.37,-22.69,1014.8,122.5,-175.0,-35.0
25019,-5.37,-22.69,1014.8,105.0,-175.0,-35.0
25049,-5.37,-22.69,1014.8,105.0,-175.0,-35.0
25078,-5.37,-22.69,1014.8,105.0,-175.0,-17.5
25108,-5.37,-22.69,1014.8,122.5,-175.0,-35.0
25137,-5.37,-22.69,1014.8,140.0,-175.0,-35.0
25167,-5.37,-22.69,1014.92,140.0,-175.0,-35.0
25196,-5.37,-22.69,1015.04,122.5,-192.5,-35.0
25225,-5.37,-22.69,1015.04,122.5,-175.0,-17.5
25254,-5.37,-22.69,1015.04,122.5,-175.0,-35.0
25283,-5.37,-22.69,1015.04,122.5,-175.0,-35.0
25313,-5.37,-22.69,1015.04,105.0,-175.0,-35.0
25342,-5.37,-22.69,1015.04,122.5,-175.0,-17.5
25372,-5.37,-22.69,1015.04,87.5,-157.5,-17.5
25401,-5.37,-22.69,1015.04,122.5,-175.0,-17.5
25431,-5.37,-22.69,1015.04,122.5,-175.0,-52.5
25460,-5.37,-22.69,1015.04,105.0,-192.5,-35.0
25490,-5.37,-22.69,1015.04,122.5,-192.5,-35.0
25519,-5.37,-22.69,1015.04,122.5,-175.0,-35.0
25549,-5.37,-22.69,1015.16,105.0,-175.0,-17.5
25578,-5.37,-22.69,1015.28,105.0,-175.0,-17.5
25608,-5.37,-22.69,1015.28,105.0,-175.0,-35.0
25637,-5.37,-22.69,1015.28,122.5,-192.5,-35.0
25667,-5.37,-22.69,1015.28,87.5,-175.0,-35.0
25696,-5.37,-22.57,1015.28,122.5,-157.5,-17.5
25725,-5.37,-22.57,1015.28,122.5,-192.5,-35.0
25754,-5.37,-22.57,1015.28,122.5,-175.0,-35.0
25783,-5.37,-22.57,1015.41,105.0,-175.0,-35.0
25813,-5.37,-22.57,1015.41,105.0,-175.0,-17.5
25842,-5.37,-22.57,1015.41,122.5,-175.0,-17.5
25872,-5.37,-22.57,1015.53,140.0,-175.0,-17.5
25901,-5.37,-22.57,1015.53,122.5,-175.0,-17.5
25931,-5.37,-22.57,1015.53,140.0,-157.5,-35.0
25960,-5.37,-22.57,1015.53,105.0,-192.5,-35.0
25990,-5.37,-22.57,1015.53,140.0,-192.5,-35.0
26019,-5.37,-22.57,1015.65,122.5,-175.0,-35.0
26049,-5.37,-22.57,1015.65,140.0,-175.0,-35.0
26078,-5.37,-22.57,1015.65,122.5,-175.0,-17.5
26108,-5.37,-22.57,1015.65,105.0,-175.0,-35.0
26137,-5.37,-22.57,1015.77,122.5,-175.0,-35.0
26167,-5.37,-22.57,1015.77,105.0,-175.0,-35.0
26196,-5.37,-22.57,1015.77,105.0,-157.5,-17.5
26225,-5.37,-22.57,1015.77,140.0,-175.0,-17.5
26254,-5.37,-22.57,1015.77,122.5,-192.5,-35.0
26283,-5.37,-22.57,1015.77,122.5,-192.5,-35.0
26312,-5.37,-22.57,1015.77,122.5,-175.0,-35.0
26341,-5.37,-22.45,1015.77,105.0,-175.0,-35.0
26371,-5.37,-22.45,1015.77,122.5,-192.5,-17.5
26400,-5.37,-22.45,1015.77,140.0,-175.0,-35.0
26430,-5.37,-22.45,1015.77,122.5,-192.5,-35.0
26459,-5.37,-22.57,1015.77,140.0,-192.5,-35.0
26489,-5.37,-22.57,1015.89,122.5,-175.0,-52.5
26518,-5.37,-22.45,1015.89,122.5,-175.0,-35.0
26548,-5.37,-22.45,1015.89,122.5,-175.0,-17.5
26577,-5.37,-22.57,1016.02,122.5,-157.5,-35.0
26607,-5.37,-22.45,1016.02,122.5,-157.5,-35.0
26636,-5.37,-22.45,1016.02,105.0,-192.5,-35.0
26666,-5.37,-22.45,1016.02,105.0,-175.0,-17.5
26695,-5.37,-22.45,1016.02,122.5,-175.0,-35.0
26724,-5.37,-22.45,1016.02,122.5,-175.0,-17.5
26753,-5.37,-22.45,1016.02,122.5,-175.0,-35.0
26782,-5.37,-22.45,1016.02,122.5,-192.5,-35.0
26811,-5.37,-22.45,1016.02,105.0,-175.0,-35.0
26840,-5.37,-22.45,1016.14,122.5,-192.5,-35.0
26870,-5.37,-22.45,1016.14,140.0,-175.0,-35.0
26899,-5.37,-22.45,1016.02,122.5,-175.0,-35.0
26929,-5.37,-22.45,1016.02,122.5,-157.5,-52.5
26958,-5.37,-22.45,1016.02,105.0,-175.0,-35.0
26988,-5.37,-22.45,1015.89,122.5,-175.0,-35.0
27017,-5.37,-22.45,1015.89,122.5,-192.5,-52.5
27047,-5.37,-22.45,1015.89,122.5,-175.0,-35.0
27076,-5.37,-22.45,1015.89,105.0,-157.5,-17.5
27106,-5.37,-22.45,1015.77,122.5,-175.0,-17.5
27135,-5.37,-22.45,1015.89,122.5,-192.5,-35.0
27165,-5.37,-22.45,1015.89,105.0,-175.0,-35.0
27194,-5.37,-22.45,1015.89,122.5,-175.0,-17.5
27223,-5.37,-22.45,1015.89,122.5,-175.0,-35.0
27252,-5.25,-22.45,1015.89,105.0,-175.0,-35.0
27281,-5.37,-22.57,1015.89,105.0,-192.5,-35.0
27310,-5.37,-22.45,1015.89,122.5,-175.0,-17.5
27339,-5.37,-22.45,1015.77,122.5,-175.0,-35.0
27369,-5.37,-22.45,1015.89,140.0,-175.0,-35.0
27398,-5.37,-22.45,1015.89,122.5,-175.0,-35.0
27428,-5.37,-22.45,1015.89,122.5,-175.0,-17.5
27457,-5.37,-22.45,1015.77,122.5,-175.0,-35.0
27487,-5.37,-22.45,1015.77,122.5,-175.0,-35.0
27516,-5.37,-22.45,1015.77,122.5,-175.0,-17.5
27546,-5.37,-22.45,1015.65,140.0,-175.0,-35.0
27575,-5.37,-22.45,1015.65,122.5,-192.5,-35.0
27605,-5.37,-22.45,1015.65,105.0,-175.0,-35.0
27634,-5.25,-22.45,1015.65,105.0,-157.5,-35.0
27664,-5.25,-22.45,1015.53,122.5,-175.0,-35.0
27693,-5.25,-22.45,1015.53,140.0,-175.0,-35.0
27723,-5.25,-22.45,1015.53,122.5,-175.0,-35.0
27752,-5.25,-22.45,1015.53,122.5,-192.5,-35.0
27781,-5.25,-22.45,1015.53,105.0,-175.0,-17.5
27810,-5.37,-22.45,1015.41,105.0,-192.5,-35.0
27839,-5.37,-22.45,1015.41,122.5,-192.5,-35.0
27869,-5.37,-22.45,1015.41,122.5,-192.5,-17.5
27898,-5.37,-22.45,1015.28,122.5,-192.5,-35.0
27928,-5.37,-22.45,1015.28,105.0,-192.5,-35.0
27957,-5.37,-22.45,1015.28,105.0,-192.5,-35.0
27987,-5.37,-22.45,1015.28,105.0,-192.5,-35.0
28016,-5.37,-22.45,1015.28,122.5,-175.0,-35.0
28046,-5.37,-22.45,1015.28,122.5,-175.0,-17.5
28075,-5.37,-22.45,1015.28,105.0,-175.0,-17.5
28105,-5.37,-22.45,1015.28,122.5,-175.0,-17.5
28134,-5.37,-22.45,1015.28,122.5,-175.0,-35.0
28164,-5.37,-22.57,1015.28,105.0,-157.5,-35.0
28193,-5.37,-22.45,1015.28,122.5,-175.0,-35.0
28223,-5.37,-22.45,1015.28,105.0,-175.0,-35.0
28252,-5.37,-22.45,1015.28,122.5,-175.0,-17.5
28282,-5.37,-22.45,1015.28,140.0,-192.5,-17.5
28311,-5.37,-22.45,1015.28,105.0,-175.0,-17.5
28340,-5.37,-22.45,1015.28,122.5,-175.0,-35.0
28369,-5.37,-22.45,1015.28,122.5,-192.5,-35.0
28398,-5.37,-22.45,1015.28,122.5,-192.5,-35.0
28428,-5.37,-22.45,1015.28,122.5,-192.5,-35.0
28457,-5.37,-22.45,1015.28,122.5,-192.5,-35.0
28487,-5.37,-22.45,1015.28,122.5,-192.5,-17.5
28516,-5.25,-22.45,1015.28,122.5,-175.0,-17.5
28546,-5.37,-22.45,1015.28,122.5,-175.0,-35.0
28575,-5.37,-22.45,1015.28,105.0,-175.0,-35.0
28605,-5.37,-22.57,1015.28,122.5,-175.0,-35.0
28634,-5.37,-22.57,1015.28,105.0,-175.0,-35.0
28664,-5.25,-22.45,1015.28,122.5,-175.0,-35.0
28693,-5.37,-22.45,1015.16,122.5,-157.5,-35.0
28723,-5.37,-22.45,1015.16,122.5,-157.5,-35.0
28752,-5.25,-22.45,1015.16,122.5,-175.0,-17.5
28782,-5.25,-22.45,1015.16,105.0,-175.0,-35.0
28811,-5.25,-22.57,1015.16,87.5,-175.0,-35.0
28840,-5.25,-22.45,1015.16,105.0,-175.0,-35.0
28869,-5.25,-22.57,1015.16,122.5,-192.5,-52.5
28898,-5.25,-22.57,1015.04,122.5,-192.5,-52.5
28928,-5.25,-22.57,1015.04,122.5,-192.5,-35.0
28957,-5.25,-22.57,1015.04,122.5,-192.5,-17.5
28987,-5.25,-22.57,1015.04,105.0,-175.0,-17.5
29016,-5.12,-22.69,1015.04,122.5,-157.5,-35.0
29046,-5.12,-22.57,1015.04,122.5,-192.5,-35.0
29075,-5.25,-22.57,1015.04,122.5,-175.0,-35.0
29105,-5.25,-22.57,1015.04,122.5,-192.5,-35.0
29134,-5.12,-22.57,1015.04,122.5,-192.5,-35.0
29164,-5.25,-22.57,1015.16,122.5,-192.5,-35.0
29193,-5.25,-22.57,1015.04,122.5,-192.5,-17.5
29223,-5.12,-22.57,1015.04,122.5,-175.0,-35.0
29252,-5.25,-22.57,1015.04,122.5,-175.0,-35.0
29281,-5.25,-22.57,1015.04,122.5,-175.0,-35.0
29310,-5.25,-22.57,1015.04,105.0,-175.0,-35.0
29339,-5.25,-22.57,1015.04,105.0,-175.0,-35.0
29368,-5.25,-22.57,1015.04,122.5,-192.5,-35.0
29397,-5.25,-22.57,1015.04,122.5,-175.0,-17.5
29427,-5.25,-22.57,1015.04,122.5,-175.0,-17.5
29456,-5.25,-22.57,1015.04,105.0,-175.0,-35.0
29486,-5.25,-22.57,1015.04,122.5,-157.5,-35.0
29515,-5.37,-22.57,1015.04,122.5,-175.0,-35.0
29545,-5.37,-22.57,1015.04,122.5,-175.0,-35.0
29574,-5.37,-22.57,1015.04,122.5,-175.0,-35.0
29604,-5.37,-22.45,1015.04,122.5,-175.0,-35.0
29633,-5.37,-22.57,1015.16,122.5,-175.0,-52.5
29663,-5.25,-22.57,1015.16,122.5,-192.5,-35.0
29692,-5.25,-22.57,1015.16,122.5,-175.0,-35.0
29722,-5.37,-22.57,1015.16,140.0,-175.0,-17.5
29751,-5.37,-22.57,1015.16,105.0,-192.5,-17.5
29780,-5.37,-22.57,1015.04,105.0,-175.0,-17.5
29809,-5.37,-22.57,1015.16,105.0,-175.0,-17.5
29838,-5.25,-22.57,1015.16,122.5,-175.0,-17.5
29868,-5.25,-22.57,1015.04,140.0,-192.5,-35.0
29897,-5.25,-22.69,1015.16,122.5,-175.0,-35.0
29927,-5.25,-22.69,1015.16,122.5,-157.5,-17.5
29956,-5.12,-22.69,1015.16,140.0,-157.5,-35.0
29986,-5.25,-22.69,1015.28,122.5,-175.0,-17.5
30015,-5.25,-22.57,1015.28,122.5,-175.0,-17.5
30045,-5.25,-22.57,1015.28,105.0,-175.0,-17.5
30074,-5.25,-22.57,1015.28,105.0,-192.5,-35.0
30104,-5.25,-22.57,1015.28,122.5,-192.5,-35.0
30133,-5.25,-22.69,1015.28,122.5,-175.0,-17.5
30163,-5.25,-22.69,1015.28,122.5,-175.0,-17.5
30192,-5.25,-22.69,1015.28,122.5,-157.5,-17.5
30222,-5.25,-22.57,1015.28,105.0,-192.5,-35.0
30251,-5.25,-22.57,1015.28,122.5,-192.5,-35.0
30280,-5.37,-22.57,1015.28,122.5,-175.0,-35.0
30309,-5.37,-22.69,1015.28,122.5,-175.0,-35.0
30338,-5.37,-22.57,1015.28,122.5,-175.0,-52.5
30368,-5.37,-22.57,1015.28,122.5,-175.0,-35.0
30397,-5.37,-22.57,1015.16,122.5,-175.0,-35.0
30427,-5.37,-22.57,1015.16,105.0,-175.0,-52.5
30456,-5.37,-22.57,1015.16,105.0,-175.0,-17.5
30486,-5.37,-22.57,1015.04,122.5,-192.5,-35.0
30515,-5.37,-22.57,1015.04,105.0,-175.0,-35.0
30545,-5.37,-22.57,1015.04,140.0,-175.0,-35.0
30574,-5.37,-22.57,1015.04,122.5,-175.0,-35.0
30604,-5.37,-22.45,1015.04,105.0,-175.0,-35.0
30633,-5.37,-22.57,1015.04,105.0,-192.5,-52.5
30663,-5.37,-22.57,1015.04,122.5,-192.5,-35.0
30692,-5.37,-22.57,1015.04,105.0,-175.0,-35.0
30721,-5.37,-22.57,1015.04,140.0,-192.5,-17.5
30750,-5.37,-22.57,1015.04,122.5,-192.5,-35.0
30779,-5.37,-22.57,1015.04,105.0,-175.0,-35.0
30809,-5.37,-22.69,1015.04,105.0,-192.5,-17.5
30838,-5.37,-22.69,1015.04,122.5,-157.5,-17.5
30868,-5.37,-22.69,1015.04,105.0,-175.0,-52.5
30897,-5.37,-22.57,1015.04,105.0,-175.0,-35.0
30927,-5.37,-22.57,1015.04,87.5,-175.0,-35.0
30956,-5.37,-22.57,1015.04,140.0,-175.0,-35.0
30986,-5.37,-22.57,1015.04,122.5,-175.0,-35.0
31015,-5.37,-22.57,1015.16,105.0,-192.5,-17.5
31045,-5.25,-22.57,1015.16,105.0,-157.5,-17.5
31074,-5.25,-22.57,1015.16,122.5,-192.5,-17.5
31104,-5.25,-22.57,1015.16,122.5,-175.0,-17.5
31133,-5.25,-22.45,1015.28,122.5,-175.0,-35.0
31163,-5.25,-22.45,1015.28,122.5,-157.5,-17.5
31192,-5.37,-22.45,1015.28,105.0,-157.5,-17.5
31222,-5.37,-22.45,1015.28,105.0,-175.0,-35.0
31251,-5.25,-22.45,1015.28,140.0,-175.0,-35.0
31280,-5.25,-22.45,1015.28,140.0,-175.0,-17.5
31309,-5.25,-22.45,1015.28,140.0,-175.0,-35.0
31338,-5.25,-22.45,1015.28,122.5,-175.0,-35.0
31368,-5.25,-22.45,1015.28,140.0,-175.0,-17.5
31397,-5.25,-22.45,1015.28,122.5,-175.0,-35.0
31427,-5.25,-22.45,1015.28,105.0,-175.0,-52.5
31456,-5.25,-22.45,1015.41,140.0,-175.0,-35.0
31486,-5.25,-22.45,1015.41,122.5,-175.0,-35.0
31515,-5.25,-22.45,1015.41,122.5,-157.5,-35.0
31545,-5.25,-22.45,1015.41,105.0,-175.0,-35.0
31574,-5.25,-22.45,1015.41,122.5,-175.0,-17.5
31604,-5.25,-22.45,1015.41,122.5,-157.5,-17.5
31633,-5.25,-22.45,1015.41,105.0,-175.0,-17.5
31663,-5.25,-22.45,1015.41,122.5,-175.0,-17.5
31692,-5.25,-22.45,1015.41,105.0,-175.0,-17.5
31721,-5.12,-22.45,1015.41,105.0,-175.0,-35.0
31750,-5.12,-22.45,1015.41,105.0,-175.0,-35.0
31779,-5.12,-22.45,1015.41,105.0,-175.0,-17.5
31809,-5.25,-22.45,1015.41,122.5,-175.0,-35.0
31838,-5.12,-22.57,1015.41,105.0,-192.5,-35.0
31868,-5.12,-22.45,1015.41,122.5,-192.5,-35.0
31897,-5.25,-22.45,1015.53,122.5,-175.0,-35.0
31927,-5.25,-22.45,1015.53,105.0,-175.0,-35.0
31956,-5.12,-22.45,1015.53,105.0,-192.5,-35.0
31986,-5.12,-22.45,1015.53,122.5,-192.5,-52.5
32015,-5.25,-22.45,1015.53,105.0,-175.0,-35.0
32045,-5.25,-22.45,1015.53,105.0,-175.0,-35.0
32074,-5.25,-22.45,1015.53,122.5,-175.0,-35.0
32104,-5.25,-22.45,1015.41,105.0,-175.0,-35.0
32133,-5.25,-22.57,1015.53,122.5,-175.0,-35.0
32163,-5.25,-22.45,1015.41,122.5,-192.5,-35.0
32192,-5.25,-22.45,1015.41,122.5,-175.0,-35.0
32221,-5.25,-22.45,1015.41,122.5,-175.0,-35.0
32250,-5.25,-22.45,1015.53,122.5,-175.0,-17.5
32279,-5.12,-22.57,1015.41,105.0,-175.0,0.0
32309,-5.12,-22.45,1015.41,122.5,-175.0,-17.5
32338,-5.25,-22.57,1015.53,122.5,-175.0,-35.0
32368,-5.12,-22.57,1015.53,122.5,-175.0,-35.0
32397,-5.25,-22.45,1015.53,105.0,-175.0,-35.0
32427,-5.25,-22.45,1015.53,105.0,-175.0,-35.0
32456,-5.25,-22.45,1015.53,105.0,-175.0,-35.0
32486,-5.25,-22.57,1015.53,122.5,-157.5,-35.0
32515,-5.25,-22.57,1015.53,122.5,-175.0,-17.5
32545,-5.37,-22.57,1015.53,122.5,-175.0,-17.5
32574,-5.37,-22.57,1015.53,122.5,-175.0,-17.5
32604,-5.37,-22.57,1015.41,140.0,-175.0,-17.5
32633,-5.37,-22.57,1015.41,122.5,-175.0,-17.5
32663,-5.37,-22.57,1015.53,122.5,-175.0,-17.5
32692,-5.37,-22.45,1015.53,122.5,-175.0,-35.0
32721,-5.37,-22.57,1015.41,122.5,-157.5,-35.0
32750,-5.37,-22.57,1015.41,122.5,-175.0,-35.0
32779,-5.37,-22.57,1015.41,105.0,-175.0,-35.0
32809,-5.37,-22.57,1015.41,105.0,-175.0,-35.0
32838,-5.37,-22.57,1015.41,122.5,-175.0,-35.0
32868,-5.37,-22.57,1015.53,140.0,-175.0,-35.0
32897,-5.37,-22.57,1015.53,140.0,-175.0,-17.5
32927,-5.37,-22.69,1015.53,140.0,-157.5,-35.0
32956,-5.37,-22.57,1015.53,140.0,-175.0,-35.0
32986,-5.37,-22.57,1015.53,122.5,-192.5,-35.0
33015,-5.37,-22.57,1015.53,140.0,-210.0,-35.0
33045,-5.37,-22.57,1015.41,122.5,-175.0,-17.5
33074,-5.37,-22.57,1015.41,122.5,-175.0,-35.0
33104,-5.37,-22.57,1015.53,122.5,-175.0,-35.0
33133,-5.37,-22.45,1015.53,122.5,-175.0,-35.0
33163,-5.37,-22.45,1015.53,122.5,-175.0,-35.0
33192,-5.37,-22.45,1015.53,105.0,-175.0,-17.5
33221,-5.37,-22.57,1015.53,140.0,-192.5,-17.5
33250,-5.37,-22.57,1015.53,140.0,-192.5,-35.0
33279,-5.37,-22.57,1015.53,122.5,-175.0,-52.5
33309,-5.37,-22.45,1015.53,122.5,-175.0,-35.0
33338,-5.37,-22.45,1015.41,122.5,-175.0,-35.0
33368,-5.25,-22.57,1015.53,105.0,-175.0,-52.5
33397,-5.25,-22.57,1015.41,122.5,-175.0,-35.0
33427,-5.37,-22.45,1015.41,122.5,-175.0,-35.0
33456,-5.37,-22.57,1015.41,105.0,-175.0,-35.0
33486,-5.37,-22.57,1015.28,122.5,-175.0,-17.5
33515,-5.37,-22.57,1015.28,122.5,-175.0,-17.5
33545,-5.37,-22.57,1015.41,122.5,-175.0,-35.0
33574,-5.37,-22.57,1015.41,105.0,-157.5,-17.5
33604,-5.37,-22.57,1015.41,122.5,-175.0,-17.5
33633,-5.37,-22.57,1015.41,122.5,-175.0,-35.0
33662,-5.37,-22.57,1015.41,105.0,-175.0,-35.0
33691,-5.25,-22.45,1015.41,105.0,-175.0,-35.0
33720,-5.25,-22.45,1015.41,122.5,-175.0,-35.0
33750,-5.25,-22.57,1015.41,105.0,-192.5,-35.0
33779,-5.37,-22.57,1015.41,122.5,-192.5,-35.0
33809,-5.37,-22.57,1015.41,140.0,-175.0,-35.0
33838,-5.37,-22.57,1015.53,105.0,-157.5,-17.5
33868,-5.37,-22.57,1015.53,105.0,-157.5,-17.5
33897,-5.37,-22.57,1015.53,122.5,-175.0,-35.0
33927,-5.37,-22.57,1015.53,87.5,-192.5,-35.0
33956,-5.37,-22.57,1015.41,122.5,-175.0,-35.0
33986,-5.37,-22.57,1015.41,122.5,-175.0,-35.0
34015,-5.37,-22.57,1015.28,105.0,-175.0,-52.5
34045,-5.37,-22.57,1015.28,122.5,-175.0,-35.0
34074,-5.37,-22.57,1015.28,140.0,-157.5,-35.0
34104,-5.37,-22.57,1015.28,122.5,-175.0,-17.5
34133,-5.37,-22.57,1015.28,105.0,-175.0,-35.0
34163,-5.37,-22.57,1015.16,122.5,-175.0,-35.0
34192,-5.37,-22.57,1015.16,122.5,-192.5,-35.0
34221,-5.37,-22.57,1015.16,122.5,-192.5,-35.0
34250,-5.37,-22.57,1015.16,105.0,-192.5,-35.0
34279,-5.37,-22.57,1015.16,122.5,-192.5,-17.5
34309,-5.37,-22.57,1015.04,122.5,-175.0,-35.0
34338,-5.37,-22.69,1015.04,140.0,-157.5,-17.5
34368,-5.37,-22.69,1015.04,140.0,-175.0,-35.0
34397,-5.37,-22.69,1015.04,122.5,-192.5,-35.0
34427,-5.37,-22.69,1014.92,122.5,-175.0,-35.0
34456,-5.37,-22.69,1015.04,122.5,-192.5,-35.0
34486,-5.37,-22.69,1014.92,122.5,-192.5,-52.5
34515,-5.37,-22.69,1014.92,140.0,-175.0,-17.5
34545,-5.37,-22.69,1014.92,122.5,-175.0,-35.0
34574,-5.49,-22.69,1014.92,105.0,-175.0,-35.0
34604,-5.37,-22.69,1014.8,105.0,-175.0,-35.0
34633,-5.37,-22.69,1014.8,105.0,-192.5,-35.0
34663,-5.37,-22.69,1014.8,105.0,-175.0,-35.0
34692,-5.37,-22.69,1014.8,105.0,-175.0,-17.5
34721,-5.37,-22.69,1014.8,105.0,-175.0,-35.0
34750,-5.37,-22.69,1014.8,122.5,-192.5,-35.0
34779,-5.37,-22.69,1014.8,122.5,-175.0,-17.5
34809,-5.37,-22.69,1014.92,105.0,-175.0,-17.5
34838,-5.37,-22.69,1014.92,122.5,-175.0,-35.0
34868,-5.37,-22.69,1014.92,122.5,-175.0,-35.0
34897,-5.37,-22.69,1015.04,122.5,-175.0,-52.5
34927,-5.37,-22.69,1015.04,105.0,-175.0,-35.0
34956,-5.37,-22.69,1015.04,122.5,-175.0,-17.5
34986,-5.37,-22.69,1015.04,122.5,-192.5,-17.5
35015,-5.37,-22.69,1015.04,122.5,-175.0,-17.5
35045,-5.37,-22.69,1015.04,122.5,-175.0,-17.5
35074,-5.37,-22.69,1015.04,122.5,-175.0,-17.5
35104,-5.37,-22.69,1015.04,122.5,-157.5,-35.0
35133,-5.37,-22.69,1015.04,122.5,-175.0,-17.5
35163,-5.37,-22.69,1015.04,122.5,-192.5,-17.5
35192,-5.37,-22.69,1015.04,122.5,-175.0,-35.0
35221,-5.37,-22.69,1015.04,140.0,-175.0,-35.0
35250,-5.37,-22.69,1015.04,140.0,-175.0,-35.0
35279,-5.37,-22.69,1015.04,122.5,-192.5,-35.0
35309,-5.25,-22.69,1015.04,122.5,-192.5,-35.0
35338,-5.25,-22.69,1015.04,122.5,-192.5,-35.0
35368,-5.25,-22.69,1015.04,122.5,-175.0,-35.0
35397,-5.25,-22.69,1015.04,122.5,-175.0,-35.0
35427,-5.25,-22.69,1015.04,122.5,-175.0,-35.0
35456,-5.25,-22.69,1015.04,122.5,-175.0,-35.0
35486,-5.37,-22.57,1015.04,122.5,-157.5,-35.0
35515,-5.37,-22.57,1015.04,122.5,-175.0,-35.0
35545,-5.37,-22.57,1015.04,122.5,-192.5,-35.0
35574,-5.37,-22.57,1015.04,140.0,-175.0,-17.5
35604,-5.37,-22.57,1015.04,122.5,-175.0,-35.0
35633,-5.37,-22.57,1015.04,122.5,-175.0,-35.0
35663,-5.37,-22.69,1015.04,122.5,-192.5,-35.0
35692,-5.37,-22.69,1015.04,122.5,-175.0,-17.5
35721,-5.37,-22.69,1015.04,105.0,-175.0,-35.0
35750,-5.37,-22.69,1015.04,122.5,-175.0,-35.0
35779,-5.37,-22.69,1015.04,122.5,-175.0,-17.5
35809,-5.37,-22.69,1015.04,122.5,-175.0,-35.0
35838,-5.37,-22.69,1015.04,122.5,-175.0,-17.5
35868,-5.37,-22.69,1015.04,122.5,-157.5,-35.0
35897,-5.37,-22.69,1015.04,105.0,-175.0,-35.0
35927,-5.37,-22.69,1015.04,140.0,-175.0,-35.0
35956,-5.37,-22.69,1015.04,122.5,-175.0,-35.0
35986,-5.37,-22.69,1015.04,122.5,-175.0,-35.0
36015,-5.37,-22.69,1015.04,105.0,-175.0,-35.0
36045,-5.37,-22.69,1015.04,105.0,-175.0,-35.0
36074,-5.37,-22.69,1015.04,122.5,-175.0,-35.0
36104,-5.37,-22.57,1015.04,122.5,-157.5,-35.0
36133,-5.37,-22.57,1015.04,105.0,-175.0,-35.0
36162,-5.37,-22.57,1015.04,122.5,-192.5,0.0
36192,-5.37,-22.57,1015.04,105.0,-175.0,-17.5
36221,-5.25,-22.57,1015.04,122.5,-175.0,-17.5
36251,-5.25,-22.57,1015.04,122.5,-175.0,-17.5
36280,-5.25,-22.57,1015.04,105.0,-192.5,-17.5
36310,-5.25,-22.57,1015.04,105.0,-175.0,-35.0
36339,-5.25,-22.57,1015.04,122.5,-175.0,-17.5
36369,-5.25,-22.57,1015.04,105.0,-175.0,-17.5
36398,-5.25,-22.69,1015.04,105.0,-175.0,-52.5
36428,-5.12,-22.57,1015.04,122.5,-192.5,-52.5
36457,-5.25,-22.57,1015.16,105.0,-192.5,-35.0
36487,-5.12,-22.69,1015.04,105.0,-175.0,-35.0
36516,-5.12,-22.57,1015.16,105.0,-192.5,-35.0
36546,-5.25,-22.57,1015.16,105.0,-192.5,-35.0
36575,-5.25,-22.45,1015.16,105.0,-192.5,-17.5
36605,-5.25,-22.57,1015.28,122.5,-175.0,-35.0
36634,-5.25,-22.57,1015.28,122.5,-175.0,-35.0
36663,-5.25,-22.57,1015.28,122.5,-175.0,-35.0
36692,-5.25,-22.45,1015.28,122.5,-192.5,-17.5
36721,-5.25,-22.57,1015.28,105.0,-175.0,-35.0
36751,-5.25,-22.45,1015.28,105.0,-192.5,-35.0
36780,-5.25,-22.45,1015.28,105.0,-175.0,-35.0
36810,-5.25,-22.45,1015.28,105.0,-175.0,-52.5
36839,-5.25,-22.45,1015.41,105.0,-192.5,-35.0
36869,-5.25,-22.57,1015.41,122.5,-175.0,-17.5
36898,-5.25,-22.57,1015.41,122.5,-157.5,-17.5
36928,-5.25,-22.45,1015.53,105.0,-175.0,-35.0
36957,-5.25,-22.45,1015.53,122.5,-175.0,-35.0
36987,-5.25,-22.45,1015.53,105.0,-175.0,-17.5
37016,-5.25,-22.45,1015.53,87.5,-157.5,-17.5
37046,-5.25,-22.45,1015.53,122.5,-192.5,-35.0
37075,-5.25,-22.45,1015.53,122.5,-175.0,-17.5
37105,-5.25,-22.45,1015.53,140.0,-157.5,-35.0
37134,-5.25,-22.45,1015.53,122.5,-157.5,-35.0
37163,-5.25,-22.45,1015.41,122.5,-175.0,-35.0
37192,-5.37,-22.45,1015.41,122.5,-192.5,-35.0
37221,-5.37,-22.57,1015.41,105.0,-175.0,-17.5
37251,-5.37,-22.57,1015.41,122.5,-175.0,-17.5
37280,-5.37,-22.45,1015.41,140.0,-175.0,-35.0
37310,-5.37,-22.57,1015.28,122.5,-175.0,-35.0
37339,-5.37,-22.57,1015.28,122.5,-157.5,-17.5
37369,-5.37,-22.57,1015.28,122.5,-157.5,-17.5
37398,-5.37,-22.57,1015.28,105.0,-175.0,-35.0
37428,-5.37,-22.57,1015.28,140.0,-175.0,-35.0
37457,-5.25,-22.57,1015.28,122.5,-192.5,-17.5
37487,-5.25,-22.57,1015.28,105.0,-175.0,-35.0
37516,-5.37,-22.57,1015.28,105.0,-157.5,-35.0
37546,-5.37,-22.57,1015.16,105.0,-175.0,-35.0
37575,-5.37,-22.57,1015.28,105.0,-175.0,-17.5
37605,-5.37,-22.57,1015.28,105.0,-175.0,-35.0
37634,-5.37,-22.57,1015.28,157.5,-192.5,-35.0
37663,-5.37,-22.57,1015.16,140.0,-157.5,-17.5
37692,-5.37,-22.57,1015.28,140.0,-157.5,-35.0
37721,-5.37,-22.57,1015.28,122.5,-175.0,-35.0
37751,-5.37,-22.45,1015.16,140.0,-175.0,-35.0
37780,-5.37,-22.45,1015.16,140.0,-175.0,-17.5
37810,-5.25,-22.45,1015.16,140.0,-175.0,-35.0
37839,-5.25,-22.57,1015.16,122.5,-175.0,-35.0
37869,-5.37,-22.57,1015.04,105.0,-175.0,-35.0
37898,-5.37,-22.57,1015.04,87.5,-175.0,-35.0
37928,-5.37,-22.45,1015.04,122.5,-175.0,-35.0
37957,-5.37,-22.57,1015.04,122.5,-175.0,-17.5
37987,-5.37,-22.45,1015.04,122.5,-192.5,-35.0
38016,-5.37,-22.45,1014.92,140.0,-175.0,-17.5
38046,-5.37,-22.57,1014.92,122.5,-175.0,-17.5
38075,-5.37,-22.57,1014.92,122.5,-175.0,-17.5
38105,-5.37,-22.57,1014.92,140.0,-175.0,-35.0
38134,-5.37,-22.45,1014.92,105.0,-175.0,-17.5
38163,-5.37,-22.45,1014.92,122.5,-175.0,-35.0
38192,-5.25,-22.45,1014.92,105.0,-192.5,-35.0
38221,-5.25,-22.45,1015.04,122.5,-175.0,-17.5
38250,-5.25,-22.57,1015.04,105.0,-157.5,-35.0
38279,-5.25,-22.45,1015.04,122.5,-157.5,-17.5
38309,-5.25,-22.45,1015.04,105.0,-157.5,-17.5
38338,-5.25,-22.45,1015.04,140.0,-157.5,-17.5
38368,-5.12,-22.57,1015.04,122.5,-175.0,-17.5
38397,-5.25,-22.57,1015.04,122.5,-175.0,-35.0
38427,-5.12,-22.45,1015.04,122.5,-175.0,-17.5
38456,-5.25,-22.45,1015.04,105.0,-175.0,-17.5
38486,-5.12,-22.57,1015.04,122.5,-192.5,-35.0
38515,-5.25,-22.57,1015.04,122.5,-175.0,-17.5
38545,-5.25,-22.57,1015.04,122.5,-175.0,-35.0
38574,-5.25,-22.57,1015.04,122.5,-192.5,-17.5
38604,-5.25,-22.45,1015.04,122.5,-175.0,-17.5
38633,-5.25,-22.45,1015.04,105.0,-175.0,-35.0
38663,-5.25,-22.45,1015.04,122.5,-192.5,-35.0
38692,-5.25,-22.45,1015.04,122.5,-192.5,-35.0
38721,-5.25,-22.45,1015.04,122.5,-157.5,-17.5
38750,-5.25,-22.57,1015.04,122.5,-175.0,-17.5
38779,-5.25,-22.57,1015.04,140.0,-175.0,-35.0
38809,-5.25,-22.57,1015.04,122.5,-175.0,-35.0
38838,-5.25,-22.45,1015.04,105.0,-175.0,-35.0
38868,-5.25,-22.57,1015.16,122.5,-175.0,-35.0
38897,-5.25,-22.57,1015.16,140.0,-175.0,-17.5
38927,-5.12,-22.57,1015.16,122.5,-192.5,-17.5
38956,-5.12,-22.57,1015.16,122.5,-192.5,-17.5
38986,-5.12,-22.45,1015.16,105.0,-175.0,-35.0
39015,-5.25,-22.45,1015.04,140.0,-175.0,-17.5
39045,-5.25,-22.45,1015.16,122.5,-175.0,-17.5
39074,-5.25,-22.45,1015.16,105.0,-175.0,-35.0
39104,-5.12,-22.45,1015.16,105.0,-175.0,-35.0
39133,-5.12,-22.45,1015.16,122.5,-175.0,-17.5
39163,-5.25,-22.45,1015.28,122.5,-175.0,-35.0
39192,-5.25,-22.45,1015.28,122.5,-192.5,-35.0
39221,-5.25,-22.45,1015.28,122.5,-192.5,-35.0
39250,-5.12,-22.45,1015.28,122.5,-175.0,-17.5
39279,-5.25,-22.45,1015.28,105.0,-175.0,-17.5
39309,-5.12,-22.45,1015.16,105.0,-175.0,-17.5
39338,-5.12,-22.45,1015.16,140.0,-175.0,-35.0
39368,-5.25,-22.45,1015.16,122.5,-175.0,-52.5
39397,-5.25,-22.45,1015.16,122.5,-192.5,-35.0
39427,-5.12,-22.45,1015.16,105.0,-175.0,-17.5
39456,-5.12,-22.45,1015.16,105.0,-157.5,-17.5
39486,-5.12,-22.45,1015.16,122.5,-175.0,-35.0
39515,-5.25,-22.45,1015.16,122.5,-175.0,-17.5
39545,-5.25,-22.57,1015.28,122.5,-192.5,-17.5
39574,-5.12,-22.45,1015.16,122.5,-157.5,-17.5
39604,-5.25,-22.45,1015.16,122.5,-175.0,-35.0
39633,-5.12,-22.45,1015.16,105.0,-175.0,-35.0
39663,-5.25,-22.45,1015.28,122.5,-175.0,-35.0
39692,-5.25,-22.45,1015.28,122.5,-175.0,-35.0
39721,-5.12,-22.45,1015.28,122.5,-192.5,-35.0
39750,-5.12,-22.45,1015.28,105.0,-175.0,-35.0
39779,-5.25,-22.45,1015.28,122.5,-175.0,-17.5
39809,-5.12,-22.45,1015.28,122.5,-175.0,-35.0
39838,-5.12,-22.45,1015.28,105.0,-192.5,-17.5
39868,-5.12,-22.45,1015.28,140.0,-175.0,-17.5
39897,-5.12,-22.45,1015.28,140.0,-175.0,0.0
39927,-5.12,-22.45,1015.28,140.0,-192.5,-17.5
39956,-5.12,-22.57,1015.28,140.0,-175.0,-17.5
39986,-5.25,-22.45,1015.41,122.5,-175.0,-17.5
40015,-5.12,-22.45,1015.41,105.0,-175.0,-35.0
40045,-5.12,-22.45,1015.41,122.5,-175.0,-35.0
40074,-5.12,-22.45,1015.41,122.5,-175.0,-17.5
40104,-5.12,-22.45,1015.41,122.5,-175.0,-17.5
40133,-5.25,-22.45,1015.41,122.5,-175.0,-17.5
40163,-5.12,-22.45,1015.41,105.0,-175.0,-17.5
40192,-5.12,-22.45,1015.41,122.5,-175.0,-17.5
40221,-5.12,-22.45,1015.41,122.5,-175.0,-17.5
40250,-5.25,-22.45,1015.41,140.0,-192.5,-17.5
40279,-5.12,-22.45,1015.28,140.0,-192.5,-35.0
40308,-5.12,-22.45,1015.28,122.5,-175.0,-35.0
40337,-5.12,-22.45,1015.28,122.5,-192.5,-35.0
40367,-5.12,-22.45,1015.28,105.0,-175.0,-17.5
40396,-5.12,-22.45,1015.28,105.0,-192.5,-35.0
40426,-5.12,-22.45,1015.28,105.0,-192.5,-17.5
40455,-5.12,-22.45,1015.28,105.0,-175.0,-17.5
40485,-5.12,-22.45,1015.28,105.0,-175.0,-35.0
40514,-5.12,-22.45,1015.28,140.0,-175.0,-17.5
40544,-5.12,-22.45,1015.28,122.5,-175.0,-35.0
40573,-5.25,-22.45,1015.28,122.5,-157.5,-52.5
40603,-5.25,-22.45,1015.28,105.0,-175.0,-35.0
40632,-5.25,-22.45,1015.28,122.5,-175.0,-35.0
40662,-5.25,-22.45,1015.16,122.5,-175.0,-35.0
40691,-5.25,-22.45,1015.28,105.0,-175.0,-52.5
40721,-5.25,-22.45,1015.28,105.0,-175.0,-35.0
40750,-5.25,-22.45,1015.28,122.5,-175.0,-17.5
40779,-5.25,-22.45,1015.16,105.0,-157.5,-17.5
40808,-5.25,-22.45,1015.16,122.5,-157.5,-35.0
40837,-5.25,-22.45,1015.16,105.0,-175.0,-17.5
40867,-5.25,-22.45,1015.04,122.5,-175.0,-35.0
40896,-5.25,-22.45,1015.04,105.0,-175.0,-17.5
40926,-5.25,-22.45,1015.04,122.5,-175.0,-17.5
40955,-5.25,-22.45,1015.04,122.5,-192.5,-17.5
40985,-5.25,-22.45,1015.04,105.0,-175.0,-17.5
41014,-5.25,-22.45,1015.04,122.5,-192.5,-17.5
41044,-5.25,-22.45,1015.04,122.5,-192.5,-35.0
41073,-5.25,-22.45,1015.04,122.5,-175.0,-35.0
41103,-5.25,-22.45,1015.04,105.0,-175.0,-35.0
41132,-5.25,-22.45,1015.04,122.5,-157.5,-17.5
41162,-5.25,-22.45,1015.04,122.5,-157.5,-17.5
41191,-5.25,-22.45,1015.16,140.0,-192.5,-35.0
41221,-5.25,-22.45,1015.16,140.0,-192.5,-35.0
41250,-5.25,-22.33,1015.28,122.5,-175.0,-35.0
41279,-5.25,-22.33,1015.28,122.5,-175.0,-35.0
41308,-5.25,-22.33,1015.16,122.5,-175.0,-35.0
41337,-5.25,-22.33,1015.28,140.0,-175.0,0.0
41367,-5.25,-22.33,1015.16,122.5,-192.5,-17.5
41396,-5.25,-22.33,1015.16,105.0,-175.0,-52.5
41426,-5.25,-22.33,1015.16,122.5,-157.5,-35.0
41455,-5.25,-22.45,1015.16,122.5,-175.0,-35.0
41485,-5.25,-22.45,1015.16,105.0,-175.0,-17.5
41514,-5.25,-22.45,1015.16,105.0,-175.0,-17.5
41544,-5.25,-22.45,1015.16,122.5,-175.0,-35.0
41573,-5.25,-22.45,1015.16,122.5,-175.0,-35.0
41603,-5.25,-22.45,1015.16,105.0,-175.0,-17.5
41632,-5.25,-22.45,1015.16,122.5,-192.5,-17.5
41662,-5.25,-22.45,1015.16,122.5,-192.5,-35.0
41691,-5.25,-22.45,1015.16,122.5,-175.0,-52.5
41721,-5.25,-22.45,1015.16,105.0,-175.0,-35.0
41750,-5.25,-22.45,1015.04,105.0,-175.0,-35.0
41780,-5.25,-22.45,1015.04,122.5,-175.0,-35.0
41809,-5.25,-22.45,1015.04,122.5,-175.0,-17.5
41838,-5.25,-22.45,1014.92,105.0,-175.0,-35.0
41867,-5.25,-22.45,1014.92,105.0,-175.0,-35.0
41896,-5.25,-22.45,1014.92,87.5,-175.0,-35.0
41926,-5.25,-22.57,1014.92,122.5,-157.5,-35.0
41955,-5.25,-22.57,1014.8,122.5,-175.0,-17.5
41985,-5.25,-22.57,1014.8,140.0,-175.0,-35.0
42014,-5.25,-22.57,1014.8,122.5,-175.0,-35.0
42044,-5.25,-22.57,1014.67,105.0,-175.0,-17.5
42073,-5.25,-22.57,1014.67,122.5,-157.5,0.0
42103,-5.37,-22.69,1014.67,105.0,-192.5,-17.5
42132,-5.25,-22.69,1014.67,105.0,-175.0,-35.0
42162,-5.25,-22.57,1014.67,105.0,-175.0,-35.0
42191,-5.25,-22.57,1014.67,122.5,-175.0,-17.5
42221,-5.25,-22.57,1014.67,105.0,-175.0,-35.0
42250,-5.25,-22.57,1014.67,122.5,-175.0,-35.0
42280,-5.25,-22.57,1014.55,105.0,-175.0,-35.0
42309,-5.12,-22.57,1014.55,105.0,-192.5,-35.0
42339,-5.25,-22.45,1014.55,105.0,-175.0,-17.5
42368,-5.12,-22.45,1014.55,122.5,-175.0,-17.5
42397,-5.12,-22.57,1014.55,122.5,-175.0,-35.0
42426,-5.25,-22.57,1014.55,122.5,-175.0,-52.5
42455,-5.25,-22.57,1014.55,105.0,-175.0,-35.0
42485,-5.25,-22.57,1014.55,122.5,-175.0,-35.0
42514,-5.25,-22.57,1014.55,105.0,-192.5,-35.0
42544,-5.25,-22.45,1014.55,122.5,-175.0,-35.0
42573,-5.25,-22.45,1014.55,122.5,-175.0,-35.0
42603,-5.25,-22.57,1014.55,105.0,-175.0,-35.0
42632,-5.25,-22.57,1014.55,105.0,-175.0,-35.0
42662,-5.25,-22.57,1014.55,105.0,-192.5,-35.0
42691,-5.25,-22.57,1014.55,122.5,-192.5,-17.5
42721,-5.37,-22.45,1014.55,140.0,-192.5,-35.0
42750,-5.37,-22.57,1014.55,122.5,-175.0,-35.0
42780,-5.37,-22.57,1014.55,122.5,-175.0,-17.5
42809,-5.37,-22.57,1014.55,122.5,-175.0,-17.5
42839,-5.37,-22.57,1014.55,105.0,-175.0,-17.5
42868,-5.37,-22.57,1014.55,105.0,-157.5,-35.0
42897,-5.37,-22.57,1014.55,122.5,-175.0,-52.5
42926,-5.37,-22.57,1014.43,105.0,-175.0,-35.0
42955,-5.37,-22.45,1014.55,122.5,-175.0,-35.0
42985,-5.25,-22.57,1014.55,122.5,-210.0,-35.0
43014,-5.25,-22.57,1014.55,122.5,-192.5,-35.0
43044,-5.25,-22.57,1014.55,122.5,-192.5,-35.0
43073,-5.25,-22.45,1014.55,140.0,-175.0,-17.5
43103,-5.25,-22.45,1014.55,105.0,-175.0,-17.5
43132,-5.37,-22.45,1014.55,122.5,-175.0,-35.0
43162,-5.37,-22.45,1014.67,122.5,-175.0,-35.0
43191,-5.37,-22.45,1014.67,122.5,-175.0,-35.0
43221,-5.25,-22.45,1014.8,122.5,-175.0,-35.0
43250,-5.37,-22.45,1014.8,122.5,-175.0,-17.5
43280,-5.25,-22.45,1014.8,122.5,-175.0,-17.5
43309,-5.25,-22.45,1014.8,140.0,-175.0,-35.0
43339,-5.25,-22.45,1014.92,122.5,-192.5,-35.0
43368,-5.25,-22.45,1014.92,122.5,-157.5,-35.0
43397,-5.12,-22.45,1014.92,122.5,-175.0,-35.0
43426,-5.12,-22.45,1014.92,122.5,-175.0,-17.5
43455,-5.12,-22.45,1015.04,122.5,-175.0,-35.0
43484,-5.12,-22.45,1015.04,122.5,-192.5,-35.0
43513,-5.12,-22.45,1015.04,122.5,-192.5,-17.5
43543,-5.25,-22.45,1015.04,105.0,-175.0,-17.5
43572,-5.12,-22.45,1015.04,122.5,-175.0,-35.0
43602,-5.12,-22.45,1015.04,105.0,-157.5,-17.5
43631,-5.25,-22.45,1015.16,105.0,-157.5,-35.0
43661,-5.25,-22.45,1015.16,122.5,-175.0,-35.0
43690,-5.12,-22.45,1015.16,122.5,-192.5,-35.0
43720,-5.12,-22.45,1015.16,122.5,-192.5,-17.5
43749,-5.12,-22.45,1015.16,122.5,-192.5,-17.5
43779,-5.12,-22.45,1015.16,105.0,-175.0,-35.0
43808,-5.25,-22.45,1015.16,122.5,-192.5,-35.0
43838,-5.25,-22.45,1015.16,122.5,-175.0,-35.0
43867,-5.25,-22.45,1015.16,122.5,-175.0,-17.5
43897,-5.12,-22.45,1015.16,122.5,-175.0,-35.0
43926,-5.25,-22.45,1015.16,122.5,-157.5,-35.0
43955,-5.25,-22.45,1015.04,105.0,-192.5,-17.5
43984,-5.12,-22.45,1015.04,122.5,-192.5,-35.0
44013,-5.25,-22.45,1015.04,122.5,-175.0,-35.0
44042,-5.12,-22.45,1015.04,105.0,-175.0,-35.0
44071,-5.25,-22.45,1015.04,122.5,-175.0,-35.0
44101,-5.25,-22.45,1014.92,122.5,-175.0,-35.0
44130,-5.25,-22.45,1014.92,122.5,-175.0,-35.0
44160,-5.12,-22.45,1014.92,122.5,-175.0,-17.5
44189,-5.25,-22.45,1014.92,122.5,-175.0,-35.0
44219,-5.25,-22.45,1014.92,140.0,-192.5,-35.0
44248,-5.12,-22.45,1014.8,122.5,-157.5,-35.0
44278,-5.12,-22.45,1014.8,122.5,-157.5,-17.5
44307,-5.25,-22.45,1014.8,122.5,-175.0,-35.0
44337,-5.25,-22.45,1014.8,105.0,-175.0,-35.0
44366,-5.12,-22.45,1014.67,140.0,-175.0,-35.0
44396,-5.25,-22.45,1014.67,122.5,-175.0,-17.5
44425,-5.25,-22.45,1014.67,122.5,-175.0,-35.0
44455,-5.12,-22.45,1014.67,105.0,-175.0,-35.0
44484,-5.25,-22.45,1014.67,122.5,-192.5,-17.5
44513,-5.25,-22.45,1014.67,122.5,-192.5,-35.0
44542,-5.25,-22.45,1014.67,122.5,-192.5,-35.0
44571,-5.25,-22.45,1014.67,122.5,-175.0,-35.0
44600,-5.25,-22.45,1014.8,122.5,-175.0,-35.0
44629,-5.25,-22.45,1014.8,122.5,-175.0,-17.5
44659,-5.25,-22.57,1014.8,122.5,-175.0,-17.5
44688,-5.37,-22.57,1014.8,105.0,-175.0,-35.0
44718,-5.25,-22.45,1014.8,122.5,-192.5,-35.0
44747,-5.25,-22.45,1014.8,122.5,-192.5,-35.0
44777,-5.37,-22.45,1014.8,122.5,-175.0,-35.0
44806,-5.25,-22.57,1014.8,122.5,-175.0,-17.5
44836,-5.25,-22.45,1014.8,122.5,-175.0,-17.5
44865,-5.25,-22.57,1014.8,122.5,-192.5,-17.5
44895,-5.25,-22.45,1014.8,105.0,-175.0,-35.0
44924,-5.25,-22.45,1014.92,122.5,-175.0,-17.5
44954,-5.12,-22.45,1014.92,140.0,-175.0,-17.5
44983,-5.25,-22.45,1014.8,122.5,-175.0,-17.5
45013,-5.25,-22.45,1014.8,122.5,-175.0,-35.0
45042,-5.25,-22.45,1014.8,122.5,-175.0,-52.5
45071,-5.25,-22.45,1014.8,122.5,-157.5,-35.0
45100,-5.25,-22.45,1014.8,122.5,-175.0,-35.0
45129,-5.25,-22.45,1014.8,122.5,-175.0,-35.0
45159,-5.25,-22.45,1014.92,122.5,-175.0,-35.0
45188,-5.25,-22.45,1015.04,105.0,-175.0,-17.5
45218,-5.25,-22.45,1015.04,122.5,-175.0,-35.0
45247,-5.25,-22.45,1015.04,122.5,-175.0,-35.0
45277,-5.25,-22.45,1015.04,140.0,-175.0,-35.0
45306,-5.37,-22.45,1015.04,105.0,-175.0,-35.0
45336,-5.37,-22.45,1015.04,105.0,-175.0,-35.0
45365,-5.37,-22.45,1015.16,105.0,-175.0,-35.0
45395,-5.37,-22.45,1015.28,122.5,-175.0,-35.0
45424,-5.37,-22.57,1015.16,105.0,-175.0,-35.0
45454,-5.37,-22.57,1015.16,105.0,-192.5,-52.5
45483,-5.37,-22.57,1015.16,105.0,-192.5,-17.5
45513,-5.37,-22.45,1015.16,140.0,-192.5,-35.0
45542,-5.37,-22.45,1015.16,122.5,-175.0,-35.0
45572,-5.37,-22.45,1015.28,122.5,-175.0,-35.0
45601,-5.25,-22.45,1015.16,122.5,-175.0,-35.0
45630,-5.37,-22.45,1015.16,122.5,-175.0,-17.5
45659,-5.25,-22.57,1015.16,122.5,-157.5,-17.5
45688,-5.25,-22.45,1015.16,122.5,-175.0,-17.5
45718,-5.25,-22.45,1015.16,122.5,-192.5,-35.0
45747,-5.25,-22.57,1015.16,105.0,-192.5,-35.0
45777,-5.25,-22.45,1015.16,105.0,-175.0,-17.5
45806,-5.25,-22.45,1015.16,140.0,-175.0,-35.0
45836,-5.25,-22.57,1015.04,122.5,-192.5,-35.0
45865,-5.25,-22.57,1015.04,122.5,-175.0,-17.5
45895,-5.25,-22.45,1015.04,122.5,-175.0,-17.5
45924,-5.25,-22.45,1015.04,122.5,-175.0,-17.5
45954,-5.25,-22.45,1015.04,122.5,-175.0,-35.0
45983,-5.25,-22.45,1015.04,122.5,-192.5,-17.5
46013,-5.37,-22.45,1014.92,122.5,-192.5,-35.0
46042,-5.37,-22.57,1015.04,122.5,-192.5,-35.0
46072,-5.25,-22.57,1014.92,105.0,-192.5,-17.5
46101,-5.37,-22.45,1014.92,105.0,-192.5,-17.5
46130,-5.25,-22.45,1015.04,105.0,-175.0,-35.0
46159,-5.37,-22.45,1014.92,122.5,-175.0,-35.0
46188,-5.37,-22.57,1014.92,105.0,-175.0,-35.0
46218,-5.37,-22.57,1015.04,122.5,-175.0,-35.0
46247,-5.37,-22.57,1015.04,122.5,-175.0,-35.0
46277,-5.25,-22.57,1015.04,140.0,-175.0,-17.5
46306,-5.25,-22.45,1015.04,122.5,-175.0,-35.0
46336,-5.25,-22.45,1015.04,105.0,-157.5,-35.0
46365,-5.25,-22.45,1015.04,122.5,-175.0,-17.5
46395,-5.25,-22.45,1015.04,122.5,-175.0,-17.5
46424,-5.25,-22.57,1015.04,122.5,-175.0,-35.0
46454,-5.25,-22.57,1015.04,105.0,-192.5,-35.0
46483,-5.25,-22.45,1015.04,105.0,-175.0,-35.0
46513,-5.25,-22.45,1015.04,122.5,-175.0,-35.0
46542,-5.25,-22.57,1015.04,140.0,-175.0,-35.0
46572,-5.25,-22.45,1015.04,122.5,-175.0,-17.5
46601,-5.25,-22.45,1015.04,122.5,-175.0,-35.0
46630,-5.25,-22.45,1015.04,122.5,-175.0,-17.5
46659,-5.37,-22.45,1015.04,105.0,-175.0,-17.5
46688,-5.37,-22.45,1015.04,122.5,-175.0,-17.5
46718,-5.37,-22.45,1015.04,122.5,-175.0,-35.0
46747,-5.37,-22.45,1015.04,122.5,-175.0,-35.0
46777,-5.37,-22.45,1015.04,140.0,-175.0,-35.0
46806,-5.37,-22.45,1015.04,140.0,-175.0,-35.0
46836,-5.37,-22.45,1015.04,122.5,-192.5,-35.0
46865,-5.37,-22.45,1015.04,122.5,-192.5,-17.5
46895,-5.37,-22.45,1015.04,105.0,-175.0,-17.5
46924,-5.37,-22.45,1015.04,105.0,-192.5,0.0
46954,-5.25,-22.45,1015.04,105.0,-192.5,-17.5
46983,-5.37,-22.45,1015.16,122.5,-175.0,-17.5
47013,-5.37,-22.45,1015.04,105.0,-157.5,-17.5
47042,-5.25,-22.45,1015.04,105.0,-175.0,-17.5
47072,-5.25,-22.45,1015.04,122.5,-192.5,-17.5
47101,-5.25,-22.45,1015.04,122.5,-175.0,-35.0
47130,-5.25,-22.45,1015.04,122.5,-175.0,-17.5
47159,-5.25,-22.45,1015.04,105.0,-157.5,-35.0
47188,-5.25,-22.45,1015.04,122.5,-175.0,-35.0
47218,-5.37,-22.45,1015.04,122.5,-175.0,-35.0
47247,-5.37,-22.45,1015.04,105.0,-175.0,-35.0
47277,-5.37,-22.45,1015.04,122.5,-192.5,-35.0
47306,-5.25,-22.45,1015.04,122.5,-192.5,-35.0
47336,-5.25,-22.45,1015.04,122.5,-192.5,-35.0
47365,-5.25,-22.45,1015.04,140.0,-175.0,-35.0
47395,-5.25,-22.45,1015.04,122.5,-192.5,-35.0
47424,-5.25,-22.45,1015.04,122.5,-192.5,-35.0
47454,-5.25,-22.45,1015.04,140.0,-175.0,-17.5
47483,-5.25,-22.45,1015.04,122.5,-175.0,-35.0
47513,-5.25,-22.45,1015.04,122.5,-157.5,-35.0
47542,-5.25,-22.45,1015.16,122.5,-175.0,-17.5
47571,-5.25,-22.45,1015.16,105.0,-175.0,-17.5
47600,-5.25,-22.45,1015.16,122.5,-175.0,-17.5
47629,-5.25,-22.45,1015.16,140.0,-175.0,-35.0
47658,-5.37,-22.45,1015.28,140.0,-175.0,-52.5
47687,-5.25,-22.45,1015.28,122.5,-175.0,-35.0
47717,-5.37,-22.45,1015.28,105.0,-192.5,-35.0
47746,-5.25,-22.45,1015.28,122.5,-192.5,-35.0
47776,-5.25,-22.45,1015.28,140.0,-192.5,-17.5
47805,-5.25,-22.45,1015.28,122.5,-157.5,-35.0
47835,-5.25,-22.45,1015.16,105.0,-157.5,-17.5
47864,-5.25,-22.45,1015.16,122.5,-175.0,-35.0
47894,-5.25,-22.45,1015.16,105.0,-175.0,-35.0
47923,-5.25,-22.45,1015.28,122.5,-175.0,-35.0
47953,-5.37,-22.57,1015.28,122.5,-192.5,-35.0
47982,-5.37,-22.45,1015.28,105.0,-192.5,-17.5
48012,-5.37,-22.45,1015.28,122.5,-175.0,-35.0
48041,-5.25,-22.45,1015.16,122.5,-175.0,-35.0
48071,-5.25,-22.57,1015.28,105.0,-175.0,-35.0
48100,-5.25,-22.45,1015.16,105.0,-175.0,-35.0
48129,-5.25,-22.45,1015.28,122.5,-175.0,-35.0
48158,-5.25,-22.57,1015.16,122.5,-175.0,-52.5
48187,-5.25,-22.45,1015.16,122.5,-157.5,-35.0
48217,-5.25,-22.45,1015.16,105.0,-175.0,-17.5
48246,-5.25,-22.45,1015.28,122.5,-192.5,-17.5
48276,-5.37,-22.57,1015.16,122.5,-175.0,0.0
48305,-5.37,-22.57,1015.28,105.0,-157.5,-17.5
48335,-5.37,-22.45,1015.28,105.0,-175.0,-17.5
48364,-5.37,-22.45,1015.28,105.0,-175.0,-17.5
48394,-5.25,-22.45,1015.28,122.5,-175.0,-17.5
48423,-5.25,-22.57,1015.28,105.0,-175.0,-35.0
48453,-5.25,-22.57,1015.28,122.5,-157.5,-35.0
48482,-5.25,-22.45,1015.28,140.0,-175.0,-35.0
48512,-5.25,-22.45,1015.28,140.0,-192.5,-52.5
48541,-5.25,-22.57,1015.28,122.5,-175.0,-35.0
48571,-5.25,-22.45,1015.16,140.0,-192.5,-35.0
48600,-5.25,-22.45,1015.16,140.0,-192.5,-35.0
48629,-5.25,-22.45,1015.16,122.5,-175.0,-17.5
48658,-5.25,-22.45,1015.16,140.0,-175.0,-35.0
48687,-5.12,-22.45,1015.16,122.5,-175.0,-35.0
48717,-5.25,-22.45,1015.04,122.5,-192.5,-35.0
48746,-5.25,-22.45,1015.04,122.5,-175.0,-17.5
48776,-5.12,-22.45,1015.04,122.5,-175.0,-35.0
48805,-5.25,-22.45,1015.04,105.0,-175.0,-35.0
48835,-5.12,-22.45,1015.04,105.0,-175.0,-35.0
48864,-5.12,-22.45,1015.04,122.5,-192.5,-17.5
48894,-5.12,-22.45,1015.04,140.0,-157.5,-17.5
48923,-5.12,-22.45,1015.04,122.5,-175.0,-17.5
48953,-5.25,-22.45,1015.04,122.5,-175.0,-35.0
48982,-5.12,-22.45,1015.04,122.5,-157.5,-17.5
49012,-5.12,-22.45,1015.04,105.0,-192.5,-35.0
49041,-5.25,-22.45,1015.16,105.0,-192.5,-35.0
49071,-5.12,-22.45,1015.16,122.5,-192.5,-17.5
49100,-5.25,-22.45,1015.16,122.5,-175.0,-17.5
49129,-5.25,-22.45,1015.28,105.0,-157.5,-35.0
49158,-5.25,-22.45,1015.28,105.0,-175.0,-35.0
49187,-5.25,-22.45,1015.28,122.5,-175.0,-35.0
49217,-5.25,-22.45,1015.28,122.5,-192.5,-35.0
49246,-5.25,-22.45,1015.28,122.5,-192.5,-17.5
49276,-5.12,-22.45,1015.28,105.0,-192.5,-17.5
49305,-5.25,-22.45,1015.28,87.5,-175.0,-35.0
49335,-5.25,-22.45,1015.28,140.0,-175.0,-17.5
49364,-5.25,-22.45,1015.41,140.0,-175.0,-35.0
49394,-5.12,-22.45,1015.41,140.0,-175.0,-35.0
49423,-5.12,-22.45,1015.53,105.0,-192.5,-35.0
49453,-5.12,-22.45,1015.53,122.5,-175.0,-52.5
49482,-5.12,-22.45,1015.53,122.5,-192.5,-35.0
49512,-5.25,-22.45,1015.53,105.0,-175.0,-35.0
49541,-5.12,-22.45,1015.53,122.5,-192.5,-17.5
49570,-5.12,-22.45,1015.53,140.0,-175.0,-35.0
49599,-5.12,-22.45,1015.53,122.5,-175.0,-35.0
49628,-5.12,-22.45,1015.53,122.5,-175.0,-17.5
49657,-5.12,-22.45,1015.65,140.0,-175.0,-17.5
49686,-5.12,-22.45,1015.65,122.5,-192.5,-17.5
49716,-5.12,-22.45,1015.65,122.5,-192.5,-35.0
49745,-5.12,-22.45,1015.65,122.5,-175.0,-35.0
49775,-5.12,-22.45,1015.77,105.0,-192.5,-35.0
49804,-5.12,-22.45,1015.77,122.5,-175.0,-35.0
49834,-5.12,-22.45,1015.77,122.5,-175.0,-17.5
49863,-5.12,-22.45,1015.77,140.0,-192.5,-35.0
49893,-5.12,-22.45,1015.77,122.5,-175.0,-35.0
49922,-5.12,-22.45,1015.77,105.0,-192.5,-35.0
49952,-5.12,-22.45,1015.77,122.5,-175.0,-35.0
49981,-5.12,-22.45,1015.77,122.5,-157.5,-35.0
50011,-5.25,-22.45,1015.77,105.0,-175.0,-35.0
50040,-5.25,-22.45,1015.77,122.5,-175.0,-35.0
50069,-5.25,-22.45,1015.77,122.5,-192.5,-35.0
50098,-5.12,-22.45,1015.77,105.0,-175.0,-35.0
50127,-5.25,-22.45,1015.77,105.0,-175.0,-35.0
50157,-5.25,-22.45,1015.77,122.5,-175.0,-35.0
50186,-5.25,-22.45,1015.77,122.5,-157.5,-17.5
50216,-5.25,-22.45,1015.77,122.5,-175.0,-35.0
50245,-5.25,-22.45,1015.77,122.5,-175.0,-17.5
50275,-5.25,-22.45,1015.77,122.5,-175.0,-17.5
50304,-5.25,-22.45,1015.77,140.0,-175.0,-35.0
50334,-5.37,-22.45,1015.77,122.5,-175.0,-35.0
50363,-5.37,-22.45,1015.77,140.0,-175.0,-35.0
50393,-5.37,-22.45,1015.77,105.0,-157.5,-35.0
50422,-5.37,-22.45,1015.77,122.5,-175.0,-35.0
50452,-5.37,-22.45,1015.77,122.5,-175.0,-17.5
50481,-5.37,-22.45,1015.77,122.5,-175.0,-35.0
50510,-5.37,-22.45,1015.89,122.5,-175.0,-35.0
50539,-5.37,-22.57,1015.77,122.5,-175.0,-17.5
50568,-5.37,-22.45,1015.77,105.0,-192.5,-17.5
50598,-5.37,-22.45,1015.77,122.5,-192.5,-35.0
50627,-5.37,-22.45,1015.77,122.5,-175.0,-17.5
50657,-5.37,-22.45,1015.77,140.0,-175.0,-17.5
50686,-5.37,-22.45,1015.77,122.5,-175.0,-35.0
50716,-5.37,-22.45,1015.77,122.5,-192.5,-35.0
50745,-5.37,-22.45,1015.77,122.5,-175.0,-35.0
50775,-5.37,-22.45,1015.77,105.0,-175.0,-35.0
50804,-5.37,-22.45,1015.65,105.0,-175.0,-35.0
50834,-5.25,-22.45,1015.65,122.5,-157.5,-35.0
50863,-5.25,-22.45,1015.65,105.0,-157.5,-52.5
50893,-5.25,-22.45,1015.65,122.5,-192.5,-35.0
50922,-5.25,-22.45,1015.65,122.5,-192.5,-35.0
50952,-5.25,-22.45,1015.53,122.5,-175.0,-35.0
50981,-5.25,-22.45,1015.53,122.5,-192.5,-35.0
51010,-5.37,-22.45,1015.53,140.0,-192.5,-35.0
51039,-5.25,-22.45,1015.53,122.5,-175.0,-17.5
51068,-5.25,-22.45,1015.65,122.5,-192.5,-35.0
51098,-5.25,-22.45,1015.65,122.5,-157.5,-17.5
51127,-5.25,-22.45,1015.65,105.0,-175.0,-17.5
51157,-5.25,-22.45,1015.65,105.0,-175.0,-17.5
51186,-5.25,-22.45,1015.53,140.0,-157.5,-35.0
51216,-5.25,-22.45,1015.65,122.5,-175.0,-35.0
51245,-5.25,-22.45,1015.65,122.5,-175.0,-17.5
51275,-5.25,-22.45,1015.65,105.0,-192.5,-52.5
51304,-5.25,-22.45,1015.65,105.0,-175.0,-35.0
51334,-5.25,-22.45,1015.65,105.0,-192.5,-35.0
51363,-5.25,-22.45,1015.65,105.0,-175.0,-17.5
51393,-5.25,-22.45,1015.65,122.5,-175.0,-35.0
51422,-5.25,-22.45,1015.65,122.5,-175.0,-35.0
51451,-5.25,-22.45,1015.65,140.0,-175.0,-35.0
51480,-5.25,-22.45,1015.65,122.5,-175.0,-35.0
51509,-5.25,-22.45,1015.65,122.5,-175.0,-35.0
51538,-5.25,-22.45,1015.65,140.0,-175.0,-35.0
51567,-5.25,-22.45,1015.65,105.0,-175.0,-35.0
51597,-5.25,-22.45,1015.65,105.0,-192.5,-17.5
51626,-5.25,-22.45,1015.65,122.5,-175.0,-35.0
51656,-5.25,-22.45,1015.53,122.5,-175.0,-35.0
51685,-5.25,-22.45,1015.53,122.5,-175.0,-35.0
51715,-5.37,-22.45,1015.53,122.5,-175.0,-35.0
51744,-5.37,-22.45,1015.53,122.5,-157.5,-17.5
51774,-5.37,-22.45,1015.53,140.0,-175.0,-35.0
51803,-5.37,-22.45,1015.41,122.5,-175.0,-35.0
51833,-5.37,-22.45,1015.41,140.0,-175.0,-35.0
51862,-5.37,-22.45,1015.28,122.5,-192.5,-17.5
51892,-5.37,-22.45,1015.28,122.5,-192.5,-35.0
51921,-5.37,-22.57,1015.16,105.0,-175.0,-35.0
51950,-5.37,-22.57,1015.04,105.0,-175.0,-35.0
51979,-5.37,-22.57,1015.04,122.5,-175.0,-35.0
52008,-5.37,-22.57,1014.92,122.5,-175.0,-35.0
52038,-5.37,-22.45,1014.92,122.5,-157.5,-35.0
52067,-5.37,-22.45,1014.8,105.0,-175.0,-35.0
52097,-5.37,-22.57,1014.8,122.5,-192.5,-35.0
52126,-5.37,-22.57,1014.8,122.5,-175.0,-35.0
52156,-5.37,-22.57,1014.67,122.5,-175.0,-17.5
52185,-5.37,-22.57,1014.67,122.5,-192.5,-35.0
52215,-5.37,-22.57,1014.55,105.0,-175.0,-35.0
52244,-5.37,-22.57,1014.55,122.5,-175.0,-17.5
52274,-5.25,-22.57,1014.55,140.0,-192.5,-35.0
52303,-5.25,-22.57,1014.43,140.0,-175.0,-35.0
52333,-5.37,-22.57,1014.43,122.5,-175.0,-17.5
52362,-5.25,-22.57,1014.31,105.0,-192.5,-17.5
52392,-5.37,-22.57,1014.31,140.0,-175.0,-35.0
52421,-5.25,-22.57,1014.31,122.5,-192.5,-35.0
52450,-5.37,-22.57,1014.19,122.5,-175.0,-17.5
52479,-5.37,-22.57,1014.06,122.5,-175.0,-35.0
52508,-5.37,-22.57,1014.06,105.0,-157.5,-35.0
52538,-5.25,-22.57,1013.94,105.0,-175.0,-35.0
52567,-5.25,-22.57,1013.94,122.5,-175.0,-35.0
52597,-5.25,-22.57,1013.94,122.5,-157.5,-35.0
52626,-5.25,-22.57,1013.82,105.0,-175.0,-35.0
52656,-5.25,-22.57,1013.82,122.5,-175.0,-17.5
52685,-5.25,-22.57,1013.82,105.0,-192.5,-17.5
52715,-5.25,-22.57,1013.82,105.0,-192.5,-17.5
52744,-5.37,-22.57,1013.82,105.0,-192.5,-35.0
52774,-5.37,-22.57,1013.82,105.0,-175.0,-35.0
52803,-5.37,-22.57,1013.82,105.0,-192.5,-35.0
52833,-5.25,-22.57,1013.82,122.5,-192.5,-17.5
52862,-5.25,-22.57,1013.94,140.0,-192.5,-17.5
52892,-5.25,-22.57,1013.94,122.5,-192.5,-17.5
52921,-5.25,-22.57,1014.06,105.0,-175.0,-17.5
52950,-5.25,-22.57,1014.06,122.5,-157.5,-35.0
52979,-5.25,-22.57,1014.06,122.5,-175.0,-35.0
53008,-5.25,-22.57,1014.06,122.5,-175.0,-35.0
53038,-5.25,-22.45,1014.06,122.5,-175.0,-35.0
53067,-5.25,-22.57,1014.06,105.0,-175.0,-35.0
53097,-5.37,-22.57,1014.06,105.0,-157.5,-17.5
53126,-5.37,-22.57,1014.06,122.5,-175.0,-17.5
53156,-5.37,-22.57,1014.06,122.5,-175.0,-35.0
53185,-5.37,-22.57,1014.06,140.0,-175.0,-17.5
53215,-5.37,-22.57,1014.06,122.5,-175.0,-17.5
53244,-5.37,-22.57,1014.06,122.5,-175.0,-17.5
53274,-5.37,-22.57,1014.06,122.5,-175.0,-35.0
53303,-5.37,-22.57,1014.06,105.0,-175.0,-17.5
53333,-5.37,-22.57,1014.06,122.5,-175.0,-35.0
53362,-5.37,-22.57,1014.06,122.5,-175.0,-17.5
53392,-5.37,-22.69,1014.06,105.0,-175.0,-35.0
53421,-5.37,-22.69,1014.06,105.0,-175.0,-35.0
53450,-5.37,-22.69,1014.06,122.5,-175.0,-35.0
53479,-5.37,-22.57,1014.06,122.5,-175.0,-35.0
53508,-5.37,-22.57,1014.06,105.0,-175.0,-17.5
53537,-5.37,-22.57,1014.19,105.0,-192.5,-35.0
53566,-5.37,-22.57,1014.31,122.5,-192.5,-35.0
53596,-5.25,-22.57,1014.31,105.0,-192.5,-17.5
53625,-5.37,-22.57,1014.31,105.0,-192.5,-35.0
53655,-5.37,-22.57,1014.31,122.5,-175.0,-17.5
53684,-5.37,-22.45,1014.31,140.0,-175.0,-17.5
53714,-5.37,-22.57,1014.31,140.0,-175.0,-35.0
53743,-5.37,-22.57,1014.19,122.5,-175.0,-17.5
53773,-5.37,-22.57,1014.31,122.5,-175.0,-35.0
53802,-5.37,-22.57,1014.19,122.5,-175.0,-52.5
53832,-5.37,-22.45,1014.19,140.0,-175.0,-35.0
53861,-5.37,-22.45,1014.19,122.5,-175.0,-35.0
53891,-5.37,-22.45,1014.19,122.5,-175.0,-35.0
53920,-5.37,-22.45,1014.19,122.5,-175.0,-35.0
53950,-5.37,-22.45,1014.06,122.5,-192.5,-52.5
53979,-5.37,-22.45,1014.06,122.5,-192.5,-35.0
54008,-5.37,-22.45,1014.06,122.5,-157.5,-35.0
54037,-5.37,-22.45,1014.06,105.0,-175.0,-35.0
54066,-5.37,-22.45,1014.06,122.5,-175.0,-35.0
54096,-5.37,-22.45,1014.06,122.5,-175.0,-35.0
54125,-5.37,-22.45,1014.19,105.0,-175.0,-35.0
54155,-5.37,-22.45,1014.19,122.5,-192.5,-35.0
54184,-5.37,-22.45,1014.31,140.0,-192.5,-35.0
54214,-5.37,-22.45,1014.31,122.5,-192.5,-35.0
54243,-5.37,-22.45,1014.31,105.0,-175.0,-35.0
54273,-5.37,-22.45,1014.31,122.5,-175.0,-17.5
54302,-5.37,-22.45,1014.43,140.0,-175.0,-35.0
54332,-5.37,-22.45,1014.55,122.5,-175.0,-35.0
54361,-5.25,-22.45,1014.55,105.0,-175.0,-35.0
54391,-5.25,-22.45,1014.55,105.0,-175.0,-35.0
54420,-5.25,-22.45,1014.55,105.0,-175.0,-35.0
54450,-5.25,-22.45,1014.55,140.0,-175.0,-35.0
54479,-5.25,-22.45,1014.55,122.5,-192.5,-35.0
54508,-5.25,-22.45,1014.55,122.5,-210.0,-52.5
54537,-5.25,-22.45,1014.55,122.5,-192.5,-35.0
54566,-5.25,-22.45,1014.55,122.5,-175.0,-35.0
54596,-5.25,-22.45,1014.55,122.5,-175.0,-35.0
54625,-5.25,-22.45,1014.55,122.5,-175.0,-52.5
54655,-5.25,-22.45,1014.55,140.0,-175.0,-52.5
54684,-5.25,-22.45,1014.55,122.5,-175.0,-35.0
54714,-5.25,-22.45,1014.67,140.0,-175.0,-17.5
54743,-5.25,-22.45,1014.67,105.0,-175.0,-35.0
54773,-5.25,-22.45,1014.67,105.0,-192.5,-17.5
54802,-5.25,-22.45,1014.8,105.0,-192.5,-17.5
54832,-5.25,-22.45,1014.8,105.0,-175.0,-17.5
54861,-5.25,-22.45,1014.8,105.0,-175.0,-35.0
54891,-5.12,-22.45,1014.8,122.5,-192.5,-17.5
54920,-5.25,-22.45,1014.8,140.0,-175.0,-17.5
54950,-5.25,-22.45,1014.92,122.5,-175.0,-17.5
54979,-5.25,-22.45,1014.92,105.0,-157.5,-35.0
55009,-5.12,-22.45,1014.92,105.0,-192.5,-17.5
55038,-5.12,-22.45,1014.92,122.5,-192.5,-35.0
55067,-5.25,-22.45,1014.92,122.5,-175.0,-35.0
55096,-5.12,-22.45,1015.04,122.5,-175.0,-35.0
55125,-5.25,-22.45,1015.04,122.5,-192.5,-17.5
55155,-5.25,-22.45,1015.04,122.5,-157.5,-17.5
55184,-5.25,-22.33,1015.04,122.5,-175.0,-35.0
55214,-5.25,-22.33,1015.04,122.5,-175.0,-17.5
55243,-5.25,-22.45,1015.04,122.5,-175.0,-35.0
55273,-5.25,-22.45,1015.04,105.0,-157.5,-35.0
55302,-5.25,-22.45,1015.04,105.0,-175.0,-35.0
55332,-5.25,-22.45,1015.04,122.5,-192.5,-35.0
55361,-5.25,-22.45,1015.04,140.0,-157.5,-17.5
55391,-5.25,-22.45,1015.04,122.5,-175.0,-35.0
55420,-5.25,-22.45,1015.04,122.5,-175.0,-35.0
55450,-5.25,-22.45,1014.92,122.5,-175.0,-17.5
55479,-5.25,-22.45,1014.92,105.0,-175.0,-35.0
55509,-5.12,-22.45,1014.92,122.5,-175.0,-17.5
55538,-5.12,-22.45,1014.8,140.0,-175.0,-35.0
55567,-5.12,-22.45,1014.8,122.5,-175.0,-35.0
55596,-5.25,-22.45,1014.92,122.5,-175.0,-35.0
55625,-5.25,-22.45,1014.8,122.5,-192.5,-35.0
55654,-5.25,-22.33,1014.8,122.5,-175.0,-35.0
55683,-5.25,-22.33,1014.8,122.5,-175.0,-35.0
55713,-5.25,-22.33,1014.8,105.0,-175.0,-35.0
55742,-5.25,-22.33,1014.8,105.0,-192.5,-35.0
55772,-5.37,-22.33,1014.8,105.0,-192.5,-35.0
55801,-5.37,-22.33,1014.8,105.0,-175.0,-35.0
55831,-5.37,-22.33,1014.8,105.0,-175.0,-35.0
55860,-5.37,-22.33,1014.8,122.5,-175.0,-17.5
55890,-5.37,-22.33,1014.67,105.0,-192.5,-35.0
55919,-5.37,-22.45,1014.55,105.0,-192.5,-17.5
55949,-5.37,-22.45,1014.55,122.5,-175.0,-35.0
55978,-5.37,-22.45,1014.55,105.0,-175.0,-35.0
56008,-5.37,-22.45,1014.43,122.5,-175.0,-35.0
56037,-5.37,-22.45,1014.43,122.5,-192.5,-35.0
56067,-5.37,-22.45,1014.43,140.0,-192.5,-17.5
56096,-5.37,-22.45,1014.43,122.5,-192.5,-35.0
56125,-5.37,-22.45,1014.43,122.5,-192.5,-35.0
56154,-5.25,-22.57,1014.55,105.0,-175.0,-35.0
56183,-5.37,-22.57,1014.55,105.0,-175.0,-35.0
56213,-5.25,-22.57,1014.55,122.5,-175.0,-17.5
56242,-5.25,-22.57,1014.55,122.5,-175.0,-17.5
56272,-5.37,-22.57,1014.55,140.0,-175.0,-35.0
56301,-5.25,-22.57,1014.55,105.0,-175.0,-35.0
56331,-5.25,-22.45,1014.55,87.5,-175.0,-35.0
56360,-5.25,-22.45,1014.55,87.5,-192.5,-35.0
56390,-5.25,-22.45,1014.55,122.5,-192.5,-35.0
56419,-5.37,-22.45,1014.55,122.5,-175.0,-35.0
56449,-5.37,-22.45,1014.55,140.0,-157.5,-35.0
56478,-5.37,-22.45,1014.55,105.0,-175.0,-17.5
56508,-5.37,-22.45,1014.55,105.0,-175.0,-17.5
56537,-5.37,-22.57,1014.55,122.5,-175.0,-35.0
56567,-5.37,-22.45,1014.55,122.5,-192.5,-35.0
56596,-5.37,-22.57,1014.55,122.5,-175.0,0.0
56625,-5.37,-22.45,1014.55,122.5,-192.5,-35.0
56654,-5.37,-22.45,1014.67,122.5,-175.0,-17.5
56683,-5.37,-22.45,1014.67,105.0,-175.0,-35.0
56712,-5.25,-22.45,1014.67,105.0,-175.0,-17.5
56741,-5.25,-22.45,1014.8,105.0,-157.5,-35.0
56771,-5.25,-22.45,1014.8,105.0,-175.0,-17.5
56800,-5.12,-22.45,1014.8,122.5,-175.0,-35.0
56830,-5.25,-22.45,1014.8,122.5,-175.0,-17.5
56859,-5.25,-22.45,1014.8,122.5,-157.5,-17.5
56889,-5.12,-22.45,1014.8,140.0,-175.0,-35.0
56918,-5.12,-22.45,1014.67,122.5,-157.5,-35.0
56948,-5.12,-22.45,1014.8,122.5,-192.5,-35.0
56977,-5.25,-22.45,1014.8,122.5,-192.5,-35.0
57007,-5.25,-22.45,1014.8,105.0,-175.0,-35.0
57036,-5.25,-22.45,1014.8,122.5,-157.5,-35.0
57066,-5.25,-22.45,1014.8,122.5,-192.5,-35.0
57095,-5.25,-22.45,1014.8,122.5,-175.0,-35.0
57125,-5.25,-22.45,1014.8,105.0,-192.5,-35.0
57154,-5.25,-22.45,1014.8,122.5,-175.0,-17.5
57183,-5.12,-22.45,1014.92,122.5,-175.0,-35.0
57212,-5.12,-22.45,1014.92,122.5,-175.0,-35.0
57241,-5.12,-22.45,1014.92,122.5,-175.0,-35.0
57271,-5.12,-22.45,1014.92,140.0,-192.5,-35.0
57300,-5.25,-22.45,1014.92,122.5,-175.0,-35.0
57330,-5.12,-22.45,1014.92,122.5,-175.0,-35.0
57359,-5.25,-22.45,1014.92,105.0,-175.0,-35.0
57389,-5.25,-22.45,1014.92,87.5,-175.0,-17.5
57418,-5.25,-22.45,1014.92,122.5,-175.0,-35.0
57448,-5.25,-22.45,1015.04,140.0,-175.0,-35.0
57477,-5.25,-22.57,1015.04,122.5,-175.0,-35.0
57507,-5.25,-22.57,1015.04,122.5,-175.0,-35.0
57536,-5.25,-22.57,1015.04,105.0,-175.0,-17.5
57566,-5.25,-22.45,1015.04,105.0,-192.5,-35.0
57595,-5.25,-22.57,1015.04,122.5,-175.0,-17.5
57625,-5.25,-22.45,1015.04,122.5,-175.0,-17.5
57654,-5.37,-22.57,1014.92,140.0,-175.0,-35.0
57683,-5.37,-22.45,1014.92,122.5,-192.5,-35.0
57712,-5.37,-22.57,1014.92,122.5,-192.5,-35.0
57741,-5.37,-22.57,1014.92,122.5,-175.0,-35.0
57771,-5.37,-22.57,1014.8,122.5,-192.5,-17.5
57800,-5.37,-22.57,1014.92,140.0,-175.0,-35.0
57830,-5.25,-22.45,1014.92,122.5,-192.5,-35.0
57859,-5.25,-22.57,1014.92,122.5,-175.0,-35.0
57889,-5.25,-22.57,1014.92,122.5,-192.5,-35.0
57918,-5.25,-22.57,1014.92,122.5,-175.0,-17.5
57948,-5.25,-22.57,1014.92,105.0,-192.5,-35.0
57977,-5.25,-22.57,1014.92,122.5,-192.5,-17.5
58007,-5.25,-22.57,1014.92,140.0,-175.0,-17.5
58036,-5.25,-22.57,1014.92,122.5,-175.0,-35.0
58066,-5.25,-22.45,1014.92,105.0,-175.0,-17.5
58095,-5.25,-22.45,1014.92,122.5,-192.5,-17.5
58125,-5.25,-22.45,1014.8,122.5,-192.5,-35.0
58154,-5.25,-22.45,1014.8,122.5,-175.0,-35.0
58184,-5.25,-22.45,1014.92,105.0,-175.0,-35.0
58213,-5.25,-22.45,1014.92,140.0,-175.0,-35.0
58242,-5.25,-22.45,1014.92,122.5,-192.5,-35.0
58271,-5.25,-22.45,1014.92,122.5,-192.5,-35.0
58300,-5.25,-22.45,1015.04,122.5,-175.0,-17.5
58330,-5.25,-22.45,1015.04,122.5,-175.0,-17.5
58359,-5.25,-22.45,1015.04,122.5,-175.0,-17.5
58389,-5.25,-22.45,1015.04,122.5,-175.0,-35.0
58418,-5.25,-22.45,1015.04,122.5,-175.0,-35.0
58448,-5.25,-22.45,1014.92,122.5,-175.0,-35.0
58477,-5.25,-22.45,1014.92,122.5,-192.5,-35.0
58507,-5.25,-22.45,1014.92,122.5,-175.0,-35.0
58536,-5.25,-22.57,1014.92,122.5,-192.5,-17.5
58566,-5.25,-22.45,1014.8,122.5,-192.5,-35.0
58595,-5.25,-22.57,1014.8,105.0,-175.0,-17.5
58625,-5.25,-22.57,1014.8,122.5,-175.0,-35.0
58654,-5.25,-22.57,1014.8,105.0,-175.0,-17.5
58684,-5.25,-22.57,1014.8,105.0,-192.5,-17.5
58713,-5.25,-22.45,1014.8,87.5,-175.0,-17.5
58742,-5.37,-22.45,1014.8,122.5,-175.0,-17.5
58771,-5.25,-22.45,1014.8,122.5,-175.0,-17.5
58800,-5.25,-22.45,1014.92,122.5,-175.0,-35.0
58830,-5.25,-22.45,1014.92,122.5,-175.0,-17.5
58859,-5.25,-22.45,1015.04,122.5,-175.0,-35.0
58889,-5.37,-22.45,1015.04,122.5,-175.0,-17.5
58918,-5.37,-22.45,1015.04,105.0,-175.0,-17.5
58948,-5.37,-22.45,1015.04,122.5,-175.0,-17.5
58977,-5.37,-22.45,1015.04,140.0,-175.0,-35.0
59007,-5.37,-22.45,1015.04,122.5,-175.0,-35.0
59036,-5.37,-22.57,1015.04,122.5,-192.5,-35.0
59066,-5.37,-22.45,1015.04,105.0,-175.0,-35.0
59095,-5.37,-22.57,1015.16,140.0,-157.5,-52.5
59125,-5.37,-22.45,1015.16,122.5,-175.0,-35.0
59154,-5.37,-22.45,1015.16,122.5,-192.5,-35.0
59184,-5.37,-22.45,1015.16,122.5,-192.5,-35.0
59213,-5.37,-22.45,1015.16,122.5,-175.0,-35.0
59242,-5.37,-22.45,1015.16,122.5,-175.0,-17.5
59271,-5.37,-22.45,1015.04,122.5,-175.0,-17.5
59300,-5.37,-22.45,1015.04,122.5,-175.0,-35.0
59329,-5.37,-22.45,1015.04,105.0,-157.5,-35.0
59358,-5.37,-22.57,1015.04,105.0,-175.0,-35.0
59388,-5.37,-22.45,1014.92,140.0,-157.5,-17.5
59417,-5.37,-22.45,1014.92,122.5,-175.0,-35.0
59447,-5.37,-22.45,1014.92,122.5,-192.5,-52.5
59476,-5.37,-22.45,1014.92,122.5,-175.0,-35.0
59506,-5.37,-22.45,1014.92,122.5,-175.0,-35.0
59535,-5.37,-22.45,1014.92,105.0,-175.0,-17.5
59565,-5.37,-22.45,1014.92,105.0,-157.5,-35.0
59594,-5.37,-22.45,1014.92,105.0,-157.5,-35.0
59624,-5.37,-22.45,1014.92,122.5,-175.0,-17.5
59653,-5.37,-22.45,1015.04,122.5,-175.0,-17.5
59683,-5.25,-22.45,1014.92,105.0,-175.0,-35.0
59712,-5.25,-22.45,1015.04,122.5,-175.0,-35.0
59742,-5.25,-22.45,1015.04,105.0,-192.5,-35.0
59771,-5.25,-22.45,1015.04,122.5,-192.5,-35.0
59800,-5.25,-22.45,1015.04,122.5,-192.5,-17.5
59829,-5.25,-22.45,1015.04,105.0,-175.0,-17.5
59858,-5.25,-22.45,1015.04,105.0,-157.5,-17.5
59888,-5.12,-22.45,1015.04,122.5,-175.0,-35.0
59917,-5.12,-22.45,1015.04,105.0,-192.5,-17.5
59947,-5.25,-22.45,1015.04,105.0,-175.0,0.0
59976,-5.25,-22.45,1015.16,105.0,-175.0,-17.5
60006,-5.25,-22.45,1015.16,105.0,-192.5,0.0
60035,-5.37,-22.45,1015.28,87.5,-192.5,-35.0
60065,-5.25,-22.45,1015.28,87.5,-192.5,-17.5
60094,-5.37,-22.45,1015.28,105.0,-175.0,-35.0
60124,-5.37,-22.45,1015.28,122.5,-192.5,-17.5
60153,-5.25,-22.45,1015.28,122.5,-192.5,-35.0
60183,-5.37,-22.45,1015.28,105.0,-175.0,-17.5
60212,-5.37,-22.45,1015.28,105.0,-175.0,-17.5
60242,-5.37,-22.45,1015.28,105.0,-175.0,-17.5
60271,-5.25,-22.45,1015.28,122.5,-175.0,-17.5
60300,-5.25,-22.45,1015.28,122.5,-175.0,-35.0
60329,-5.25,-22.45,1015.28,122.5,-175.0,-17.5
60358,-5.25,-22.45,1015.28,122.5,-175.0,-35.0
60388,-5.25,-22.45,1015.28,122.5,-157.5,-35.0
60417,-5.37,-22.45,1015.28,122.5,-175.0,-35.0
60447,-5.25,-22.45,1015.41,105.0,-175.0,-35.0
60476,-5.37,-22.45,1015.41,105.0,-175.0,-35.0
60506,-5.37,-22.45,1015.41,105.0,-175.0,-35.0
60535,-5.37,-22.45,1015.41,105.0,-175.0,-17.5
60565,-5.37,-22.45,1015.41,105.0,-175.0,-35.0
60594,-5.37,-22.45,1015.53,122.5,-210.0,-52.5
60624,-5.37,-22.45,1015.53,105.0,-175.0,-35.0
60653,-5.25,-22.45,1015.53,122.5,-175.0,-17.5
60683,-5.37,-22.45,1015.53,122.5,-175.0,-35.0
60712,-5.25,-22.45,1015.53,105.0,-175.0,-17.5
60742,-5.25,-22.45,1015.53,122.5,-175.0,-17.5
60771,-5.37,-22.45,1015.53,122.5,-175.0,-35.0
60800,-5.25,-22.45,1015.53,105.0,-175.0,-35.0
60829,-5.25,-22.45,1015.53,105.0,-175.0,-35.0
60858,-5.25,-22.45,1015.53,122.5,-175.0,-35.0
60888,-5.25,-22.45,1015.53,140.0,-175.0,-35.0
60917,-5.25,-22.45,1015.41,122.5,-192.5,-35.0
60947,-5.25,-22.45,1015.41,105.0,-175.0,-35.0
60976,-5.25,-22.45,1015.41,122.5,-192.5,-35.0
61006,-5.25,-22.45,1015.28,105.0,-192.5,-35.0
61035,-5.12,-22.45,1015.28,122.5,-175.0,-17.5
61065,-5.25,-22.45,1015.41,105.0,-192.5,-35.0
61094,-5.12,-22.45,1015.41,105.0,-192.5,-35.0
61124,-5.12,-22.45,1015.28,105.0,-175.0,-35.0
61153,-5.25,-22.45,1015.28,105.0,-175.0,-17.5
61183,-5.12,-22.45,1015.28,122.5,-192.5,-35.0
61212,-5.12,-22.45,1015.28,105.0,-192.5,-35.0
61242,-5.25,-22.45,1015.28,122.5,-192.5,-35.0
61271,-5.12,-22.45,1015.28,122.5,-192.5,-35.0
61301,-5.25,-22.45,1015.28,122.5,-157.5,-17.5
61330,-5.25,-22.45,1015.28,105.0,-175.0,-17.5
61359,-5.25,-22.45,1015.28,122.5,-175.0,-35.0
61388,-5.25,-22.45,1015.28,122.5,-175.0,-35.0
61417,-5.25,-22.45,1015.28,105.0,-175.0,-35.0
61447,-5.25,-22.45,1015.28,122.5,-175.0,-35.0
61476,-5.25,-22.45,1015.16,122.5,-175.0,-17.5
61506,-5.25,-22.45,1015.16,122.5,-175.0,-35.0
61535,-5.25,-22.45,1015.16,122.5,-192.5,-17.5
61565,-5.12,-22.45,1015.16,122.5,-175.0,-17.5
61594,-5.12,-22.45,1015.04,122.5,-175.0,-35.0
61624,-5.25,-22.45,1015.04,122.5,-175.0,-52.5
61653,-5.25,-22.45,1015.04,122.5,-175.0,-35.0
61683,-5.25,-22.45,1015.04,122.5,-175.0,-35.0
61712,-5.25,-22.45,1015.04,105.0,-175.0,-35.0
61742,-5.25,-22.45,1015.04,105.0,-157.5,-35.0
61771,-5.25,-22.45,1015.04,140.0,-175.0,-35.0
61801,-5.25,-22.45,1015.04,122.5,-175.0,-35.0
61830,-5.25,-22.45,1015.16,122.5,-175.0,-35.0
61859,-5.25,-22.45,1015.16,122.5,-175.0,-35.0
61888,-5.25,-22.45,1015.16,122.5,-192.5,-52.5
61917,-5.37,-22.45,1015.28,122.5,-192.5,-35.0
61947,-5.37,-22.45,1015.28,122.5,-192.5,-35.0
61976,-5.37,-22.45,1015.28,122.5,-175.0,-17.5
62006,-5.37,-22.45,1015.16,122.5,-175.0,-17.5
62035,-5.37,-22.45,1015.16,140.0,-175.0,-35.0
62065,-5.37,-22.45,1015.16,122.5,-175.0,-35.0
62094,-5.37,-22.45,1015.16,105.0,-175.0,-35.0
62124,-5.37,-22.45,1015.16,122.5,-192.5,-35.0
62153,-5.37,-22.45,1015.28,122.5,-175.0,-17.5
62183,-5.37,-22.45,1015.28,122.5,-175.0,-35.0
62212,-5.37,-22.45,1015.28,122.5,-175.0,-17.5
62242,-5.37,-22.45,1015.28,122.5,-175.0,-17.5
62271,-5.37,-22.45,1015.28,122.5,-175.0,-35.0
62301,-5.37,-22.45,1015.28,122.5,-192.5,-35.0
62330,-5.37,-22.45,1015.41,122.5,-175.0,-35.0
62359,-5.37,-22.45,1015.28,122.5,-175.0,-35.0
62388,-5.37,-22.45,1015.28,122.5,-175.0,-35.0
62417,-5.37,-22.45,1015.28,105.0,-175.0,-35.0
62446,-5.37,-22.45,1015.28,122.5,-192.5,-17.5
62475,-5.37,-22.45,1015.28,122.5,-175.0,-17.5
62505,-5.37,-22.45,1015.28,122.5,-175.0,-17.5
62534,-5.37,-22.45,1015.28,140.0,-157.5,-35.0
62564,-5.37,-22.45,1015.28,140.0,-175.0,-35.0
62593,-5.37,-22.45,1015.28,140.0,-192.5,-35.0
62623,-5.37,-22.45,1015.28,122.5,-192.5,-35.0
62652,-5.37,-22.45,1015.28,122.5,-192.5,-35.0
62682,-5.25,-22.45,1015.28,105.0,-175.0,-35.0
62711,-5.25,-22.57,1015.28,122.5,-175.0,-35.0
62741,-5.25,-22.45,1015.28,122.5,-175.0,-35.0
62770,-5.25,-22.57,1015.28,122.5,-175.0,-17.5
62800,-5.37,-22.45,1015.28,122.5,-175.0,-17.5
62829,-5.37,-22.45,1015.16,122.5,-192.5,-35.0
62858,-5.37,-22.45,1015.16,105.0,-175.0,-35.0
62887,-5.25,-22.45,1015.16,140.0,-175.0,-35.0
62916,-5.25,-22.45,1015.16,122.5,-175.0,-35.0
62945,-5.25,-22.45,1015.16,122.5,-157.5,-35.0
62974,-5.37,-22.45,1015.16,105.0,-175.0,-52.5
63004,-5.37,-22.45,1015.16,122.5,-192.5,-35.0
63033,-5.25,-22.45,1015.16,122.5,-192.5,-35.0
63063,-5.37,-22.45,1015.16,122.5,-157.5,-35.0
63092,-5.25,-22.45,1015.16,122.5,-175.0,-35.0
63122,-5.25,-22.45,1015.16,122.5,-192.5,-35.0
63151,-5.37,-22.45,1015.04,122.5,-175.0,-17.5
63181,-5.37,-22.45,1015.04,122.5,-175.0,-17.5
63210,-5.37,-22.45,1015.04,140.0,-175.0,-35.0
63240,-5.25,-22.45,1015.04,122.5,-175.0,-35.0
63269,-5.25,-22.45,1015.04,105.0,-175.0,-35.0
63299,-5.25,-22.45,1015.04,122.5,-175.0,-35.0
63328,-5.25,-22.45,1015.04,122.5,-175.0,-17.5
63357,-5.25,-22.45,1015.04,122.5,-175.0,-17.5
63386,-5.25,-22.45,1015.04,122.5,-192.5,-17.5
63415,-5.25,-22.45,1015.04,105.0,-175.0,-17.5
63444,-5.25,-22.45,1015.04,122.5,-175.0,-17.5
63473,-5.25,-22.45,1015.04,122.5,-175.0,-17.5
63503,-5.37,-22.45,1015.04,122.5,-175.0,-17.5
63532,-5.25,-22.45,1015.04,122.5,-175.0,-17.5
63562,-5.37,-22.45,1015.04,122.5,-192.5,-17.5
63591,-5.37,-22.45,1015.16,105.0,-175.0,-17.5
63621,-5.37,-22.45,1015.16,122.5,-192.5,-17.5
63650,-5.37,-22.45,1015.16,105.0,-157.5,-17.5
63680,-5.37,-22.45,1015.16,122.5,-175.0,-17.5
63709,-5.37,-22.45,1015.16,122.5,-175.0,-17.5
63739,-5.37,-22.45,1015.28,122.5,-175.0,-35.0
63768,-5.37,-22.45,1015.28,105.0,-175.0,-35.0
63798,-5.37,-22.45,1015.28,140.0,-175.0,-35.0
63827,-5.37,-22.45,1015.28,140.0,-175.0,-35.0
63856,-5.37,-22.45,1015.28,122.5,-192.5,-35.0
63885,-5.37,-22.45,1015.28,122.5,-175.0,-35.0
63914,-5.37,-22.45,1015.28,122.5,-192.5,-17.5
63943,-5.37,-22.45,1015.28,140.0,-192.5,-35.0
63972,-5.37,-22.45,1015.28,122.5,-175.0,-35.0
64002,-5.37,-22.45,1015.28,122.5,-157.5,-35.0
64031,-5.37,-22.45,1015.28,122.5,-175.0,-35.0
64061,-5.37,-22.45,1015.28,122.5,-192.5,-35.0
64090,-5.37,-22.45,1015.28,122.5,-175.0,-17.5
64120,-5.37,-22.45,1015.28,122.5,-157.5,-35.0
64149,-5.37,-22.45,1015.41,122.5,-175.0,-35.0
64179,-5.37,-22.45,1015.41,105.0,-157.5,-35.0
64208,-5.37,-22.45,1015.41,122.5,-175.0,-52.5
64238,-5.25,-22.45,1015.41,122.5,-175.0,-17.5
64267,-5.25,-22.45,1015.41,105.0,-175.0,-17.5
64297,-5.25,-22.45,1015.28,105.0,-175.0,-35.0
64326,-5.25,-22.45,1015.41,105.0,-175.0,-35.0
64355,-5.25,-22.45,1015.41,122.5,-175.0,-35.0
64384,-5.12,-22.45,1015.28,105.0,-175.0,-35.0
64413,-5.25,-22.45,1015.41,122.5,-192.5,-35.0
64442,-5.25,-22.45,1015.41,122.5,-192.5,-17.5
64471,-5.25,-22.45,1015.41,122.5,-192.5,-35.0
64501,-5.25,-22.45,1015.41,122.5,-175.0,-35.0
64530,-5.25,-22.45,1015.41,122.5,-175.0,-35.0
64560,-5.25,-22.45,1015.41,140.0,-175.0,-35.0
64589,-5.25,-22.45,1015.41,140.0,-175.0,-35.0
64619,-5.25,-22.45,1015.41,122.5,-175.0,-35.0
64648,-5.25,-22.45,1015.41,122.5,-175.0,-35.0
64678,-5.25,-22.45,1015.41,122.5,-157.5,-17.5
64707,-5.25,-22.45,1015.41,105.0,-175.0,-35.0
64737,-5.25,-22.45,1015.41,140.0,-175.0,-35.0
64766,-5.25,-22.45,1015.28,140.0,-192.5,-35.0
64796,-5.25,-22.45,1015.28,140.0,-192.5,-35.0
64825,-5.25,-22.45,1015.28,122.5,-175.0,-17.5
64855,-5.37,-22.45,1015.28,122.5,-157.5,-35.0
64884,-5.37,-22.45,1015.28,122.5,-175.0,-35.0
64913,-5.37,-22.45,1015.28,140.0,-175.0,-17.5
64942,-5.25,-22.45,1015.28,122.5,-175.0,-17.5
64971,-5.37,-22.45,1015.28,122.5,-192.5,-17.5
65001,-5.37,-22.45,1015.16,122.5,-175.0,-35.0
65030,-5.37,-22.45,1015.16,122.5,-175.0,-35.0
65060,-5.37,-22.45,1015.16,122.5,-157.5,-35.0
65089,-5.37,-22.45,1015.16,122.5,-157.5,-17.5
65119,-5.37,-22.45,1015.16,122.5,-175.0,-17.5
65148,-5.37,-22.45,1015.04,105.0,-192.5,-17.5
65178,-5.25,-22.45,1015.04,105.0,-192.5,-35.0
65207,-5.25,-22.45,1015.04,105.0,-192.5,-35.0
65237,-5.25,-22.45,1015.04,105.0,-175.0,-35.0
65266,-5.25,-22.45,1015.04,105.0,-175.0,-17.5
65296,-5.25,-22.45,1015.04,122.5,-175.0,-35.0
65325,-5.25,-22.45,1015.04,122.5,-175.0,-35.0
65355,-5.25,-22.45,1015.04,140.0,-192.5,-35.0
65384,-5.37,-22.45,1014.92,122.5,-192.5,-35.0
65413,-5.37,-22.45,1014.92,122.5,-192.5,-17.5
65442,-5.25,-22.45,1015.04,122.5,-157.5,-35.0
65471,-5.25,-22.45,1015.04,122.5,-157.5,-17.5
65500,-5.25,-22.45,1015.04,122.5,-175.0,-17.5
65529,-5.25,-22.45,1015.04,105.0,-192.5,-35.0
65559,-5.25,-22.45,1015.04,122.5,-175.0,-35.0
65588,-5.25,-22.45,1015.04,122.5,-157.5,-17.5
65618,-5.25,-22.45,1015.04,122.5,-175.0,-52.5
65647,-5.25,-22.45,1015.04,140.0,-175.0,-17.5
65677,-5.25,-22.45,1015.04,105.0,-175.0,-17.5
65706,-5.12,-22.45,1015.04,122.5,-175.0,-17.5
65736,-5.25,-22.45,1015.04,105.0,-175.0,-35.0
65765,-5.25,-22.45,1015.04,87.5,-157.5,-35.0
65795,-5.25,-22.45,1015.04,122.5,-192.5,-35.0
65824,-5.25,-22.45,1015.04,122.5,-192.5,-17.5
65854,-5.25,-22.45,1015.04,122.5,-175.0,-35.0
65883,-5.25,-22.45,1015.04,105.0,-175.0,-35.0
65912,-5.25,-22.45,1015.04,122.5,-175.0,-35.0
65941,-5.25,-22.45,1015.04,122.5,-192.5,-35.0
65970,-5.25,-22.45,1015.04,122.5,-175.0,-35.0
65999,-5.25,-22.45,1015.04,122.5,-175.0,-35.0
66028,-5.25,-22.45,1015.04,122.5,-157.5,-35.0
66058,-5.25,-22.45,1015.04,122.5,-175.0,-35.0
66087,-5.25,-22.45,1015.04,105.0,-175.0,-17.5
66117,-5.25,-22.45,1015.04,105.0,-175.0,-35.0
66146,-5.25,-22.45,1015.04,105.0,-192.5,-35.0
66176,-5.12,-22.45,1015.04,105.0,-192.5,-17.5
66205,-5.25,-22.45,1015.04,122.5,-192.5,-35.0
66235,-5.25,-22.45,1015.04,122.5,-192.5,-35.0
66264,-5.25,-22.45,1015.04,122.5,-192.5,-35.0
66294,-5.25,-22.45,1015.04,122.5,-175.0,-35.0
66323,-5.25,-22.45,1015.04,122.5,-175.0,-35.0
66353,-5.25,-22.45,1015.04,122.5,-175.0,-35.0
66382,-5.25,-22.45,1015.04,122.5,-175.0,-35.0
66412,-5.25,-22.45,1014.92,122.5,-157.5,-35.0
66441,-5.25,-22.57,1014.92,140.0,-157.5,-17.5
66470,-5.25,-22.57,1014.92,122.5,-175.0,-17.5
66499,-5.25,-22.45,1014.8,122.5,-192.5,-35.0
66528,-5.12,-22.57,1014.8,122.5,-192.5,-35.0
66558,-5.25,-22.57,1014.92,122.5,-175.0,-35.0
66587,-5.12,-22.57,1014.92,122.5,-175.0,-35.0
66617,-5.12,-22.57,1014.92,122.5,-175.0,-35.0
66646,-5.12,-22.57,1014.92,105.0,-157.5,-17.5
66676,-5.12,-22.57,1014.92,105.0,-192.5,-35.0
66705,-5.25,-22.45,1014.92,122.5,-192.5,-35.0
66735,-5.25,-22.45,1014.92,122.5,-192.5,-35.0
66764,-5.25,-22.45,1014.92,122.5,-175.0,-35.0
66794,-5.25,-22.45,1014.92,105.0,-175.0,-35.0
66823,-5.25,-22.45,1014.92,105.0,-175.0,-35.0
66853,-5.25,-22.45,1014.92,105.0,-175.0,-17.5
66882,-5.12,-22.45,1014.92,105.0,-175.0,-35.0
66912,-5.25,-22.45,1014.92,122.5,-175.0,-35.0
66941,-5.25,-22.45,1014.92,105.0,-192.5,-35.0
66970,-5.12,-22.45,1015.04,122.5,-175.0,-35.0
66999,-5.12,-22.45,1015.04,122.5,-192.5,-35.0
67028,-5.12,-22.45,1015.04,122.5,-192.5,-35.0
67057,-5.12,-22.45,1015.04,140.0,-192.5,-17.5
67086,-5.12,-22.45,1015.04,122.5,-175.0,-17.5
67116,-5.12,-22.45,1015.04,105.0,-175.0,-17.5
67145,-5.12,-22.45,1015.04,122.5,-157.5,-17.5
67175,-5.25,-22.45,1015.04,122.5,-175.0,-17.5
67204,-5.12,-22.45,1015.04,122.5,-192.5,-17.5
67234,-5.12,-22.45,1014.92,122.5,-175.0,-35.0
67263,-5.12,-22.45,1014.92,122.5,-192.5,-35.0
67293,-5.12,-22.45,1014.92,122.5,-192.5,-17.5
67322,-5.12,-22.45,1014.92,105.0,-157.5,-35.0
67352,-5.12,-22.45,1014.8,105.0,-192.5,-35.0
67381,-5.12,-22.57,1014.8,105.0,-192.5,-17.5
67411,-5.12,-22.57,1014.8,122.5,-192.5,-17.5
67440,-5.12,-22.45,1014.67,105.0,-192.5,-35.0
67470,-5.12,-22.57,1014.67,87.5,-192.5,-35.0
67499,-5.12,-22.57,1014.67,105.0,-192.5,-17.5
67528,-5.12,-22.57,1014.55,105.0,-175.0,-35.0
67557,-5.12,-22.57,1014.55,122.5,-157.5,-35.0
67586,-5.12,-22.57,1014.55,122.5,-175.0,-17.5
67616,-5.12,-22.57,1014.55,122.5,-192.5,-35.0
67645,-5.12,-22.45,1014.43,122.5,-175.0,-17.5
67675,-5.12,-22.57,1014.43,105.0,-175.0,-35.0
67704,-5.12,-22.57,1014.43,122.5,-175.0,-35.0
67734,-5.12,-22.45,1014.43,122.5,-175.0,-52.5
67763,-5.12,-22.45,1014.43,140.0,-192.5,-35.0
67793,-5.12,-22.45,1014.43,122.5,-192.5,-35.0
67822,-5.12,-22.45,1014.43,140.0,-175.0,-17.5
67852,-5.12,-22.45,1014.43,122.5,-192.5,-17.5
67881,-5.12,-22.45,1014.55,122.5,-192.5,-35.0
67911,-5.12,-22.45,1014.55,105.0,-175.0,-52.5
67940,-5.12,-22.45,1014.55,105.0,-192.5,-35.0
67970,-5.12,-22.45,1014.55,105.0,-175.0,-35.0
67999,-5.12,-22.45,1014.43,105.0,-157.5,-17.5
68029,-5.12,-22.45,1014.43,122.5,-175.0,-35.0
68058,-5.12,-22.45,1014.43,122.5,-175.0,-52.5
68087,-5.12,-22.57,1014.31,105.0,-175.0,-17.5
68116,-5.12,-22.45,1014.31,122.5,-175.0,-17.5
68145,-5.12,-22.45,1014.31,105.0,-192.5,-35.0
68175,-5.12,-22.45,1014.31,122.5,-175.0,-35.0
68204,-5.12,-22.45,1014.31,122.5,-175.0,-17.5
68234,-5.12,-22.45,1014.31,105.0,-157.5,-17.5
68263,-5.12,-22.45,1014.31,122.5,-175.0,-17.5
68293,-5.12,-22.45,1014.31,122.5,-175.0,-35.0
68322,-5.12,-22.45,1014.31,122.5,-175.0,-35.0
68352,-5.12,-22.45,1014.43,105.0,-175.0,-35.0
68381,-5.12,-22.45,1014.55,122.5,-157.5,-35.0
68411,-5.12,-22.45,1014.55,105.0,-175.0,-35.0
68440,-5.12,-22.45,1014.55,105.0,-175.0,-17.5
68470,-5.12,-22.45,1014.55,105.0,-192.5,-35.0
68499,-5.12,-22.45,1014.67,122.5,-192.5,-35.0
68529,-5.12,-22.45,1014.67,105.0,-175.0,-52.5
68558,-5.12,-22.45,1014.8,105.0,-157.5,-35.0
68587,-5.12,-22.45,1014.8,122.5,-175.0,-17.5
68616,-5.12,-22.45,1014.8,122.5,-192.5,-35.0
68645,-5.12,-22.45,1014.8,122.5,-157.5,-17.5
68675,-5.25,-22.45,1014.8,122.5,-175.0,-17.5
68704,-5.12,-22.45,1014.8,122.5,-192.5,-35.0
68734,-5.25,-22.45,1014.67,122.5,-175.0,-35.0
68763,-5.12,-22.45,1014.67,105.0,-175.0,-17.5
68793,-5.12,-22.45,1014.67,140.0,-175.0,-35.0
68822,-5.12,-22.45,1014.67,122.5,-175.0,-17.5
68852,-5.12,-22.45,1014.55,122.5,-157.5,-17.5
68881,-5.12,-22.45,1014.55,105.0,-175.0,-17.5
68911,-5.12,-22.45,1014.67,122.5,-175.0,-17.5
68940,-5.12,-22.57,1014.67,122.5,-175.0,-17.5
68970,-5.12,-22.57,1014.67,105.0,-175.0,-35.0
68999,-5.12,-22.57,1014.67,122.5,-175.0,-35.0
69029,-5.12,-22.45,1014.67,122.5,-175.0,-35.0
69058,-5.12,-22.45,1014.8,140.0,-192.5,-35.0
69087,-5.25,-22.57,1014.8,122.5,-192.5,-17.5
69116,-5.25,-22.57,1014.8,122.5,-175.0,-17.5
69145,-5.25,-22.57,1014.8,105.0,-175.0,-17.5
69175,-5.25,-22.45,1014.8,122.5,-192.5,-35.0
69204,-5.25,-22.57,1014.8,105.0,-192.5,-35.0
69234,-5.25,-22.45,1014.8,122.5,-157.5,-35.0
69263,-5.25,-22.45,1014.8,140.0,-175.0,-35.0
69293,-5.25,-22.45,1014.8,122.5,-175.0,-17.5
69322,-5.25,-22.45,1014.8,105.0,-175.0,-35.0
69352,-5.25,-22.57,1014.8,105.0,-175.0,-35.0
69381,-5.12,-22.45,1014.92,87.5,-175.0,-17.5
69411,-5.25,-22.45,1014.92,122.5,-192.5,-17.5
69440,-5.25,-22.45,1015.04,122.5,-175.0,-17.5
69470,-5.25,-22.45,1015.04,122.5,-175.0,-17.5
69499,-5.25,-22.45,1015.04,122.5,-175.0,-35.0
69529,-5.25,-22.45,1015.04,122.5,-192.5,-17.5
69558,-5.25,-22.45,1014.92,122.5,-175.0,-17.5
69587,-5.25,-22.45,1015.04,122.5,-175.0,-35.0
69616,-5.25,-22.45,1015.04,122.5,-192.5,-17.5
69645,-5.25,-22.45,1015.04,122.5,-175.0,-17.5
69675,-5.25,-22.45,1015.04,122.5,-175.0,-17.5
69704,-5.25,-22.45,1015.04,122.5,-192.5,-17.5
69734,-5.25,-22.45,1015.04,122.5,-175.0,-35.0
69763,-5.25,-22.45,1015.04,122.5,-175.0,-17.5
69793,-5.25,-22.45,1015.04,122.5,-175.0,-17.5
69822,-5.25,-22.45,1015.04,105.0,-175.0,-17.5
69852,-5.25,-22.45,1015.04,122.5,-175.0,-35.0
69881,-5.25,-22.45,1015.16,122.5,-175.0,-35.0
69911,-5.25,-22.45,1015.04,122.5,-175.0,-17.5
69940,-5.25,-22.45,1015.04,122.5,-192.5,-35.0
69970,-5.25,-22.45,1015.04,105.0,-175.0,-17.5
69999,-5.25,-22.45,1015.04,105.0,-175.0,-17.5
70029,-5.25,-22.45,1015.04,122.5,-175.0,-17.5
70058,-5.25,-22.45,1015.04,122.5,-192.5,-17.5
70087,-5.37,-22.45,1015.04,122.5,-175.0,-35.0
70116,-5.37,-22.45,1015.16,122.5,-175.0,-17.5
70145,-5.37,-22.45,1015.16,122.5,-157.5,-17.5
70174,-5.37,-22.45,1015.16,105.0,-175.0,-35.0
70203,-5.37,-22.45,1015.16,122.5,-192.5,-35.0
70233,-5.37,-22.45,1015.16,122.5,-175.0,-17.5
70262,-5.37,-22.45,1015.28,122.5,-175.0,-35.0
70292,-5.25,-22.45,1015.28,122.5,-192.5,-52.5
70321,-5.37,-22.45,1015.28,140.0,-192.5,-35.0
70351,-5.37,-22.45,1015.28,122.5,-175.0,-17.5
70380,-5.37,-22.45,1015.16,122.5,-175.0,-17.5
70410,-5.37,-22.45,1015.16,105.0,-175.0,0.0
70439,-5.37,-22.45,1015.28,105.0,-175.0,-17.5
70469,-5.37,-22.45,1015.16,105.0,-175.0,-35.0
70498,-5.37,-22.45,1015.16,87.5,-192.5,-35.0
70528,-5.37,-22.45,1015.16,105.0,-157.5,-17.5
70557,-5.37,-22.45,1015.04,122.5,-192.5,-35.0
70586,-5.37,-22.45,1015.04,122.5,-192.5,-35.0
70615,-5.37,-22.45,1015.04,122.5,-192.5,-17.5
70644,-5.37,-22.45,1015.04,122.5,-157.5,-35.0
70674,-5.37,-22.45,1015.04,122.5,-175.0,-35.0
70703,-5.37,-22.45,1015.04,122.5,-157.5,-35.0
70733,-5.37,-22.45,1015.04,122.5,-175.0,-35.0
70762,-5.37,-22.45,1015.04,122.5,-175.0,-35.0
70792,-5.37,-22.45,1015.04,122.5,-192.5,-17.5
70821,-5.37,-22.45,1015.04,140.0,-175.0,-35.0
70851,-5.37,-22.45,1015.04,122.5,-175.0,-35.0
70880,-5.37,-22.45,1015.04,122.5,-192.5,-35.0
70910,-5.37,-22.45,1015.04,122.5,-175.0,-35.0
70939,-5.37,-22.45,1015.04,122.5,-175.0,-35.0
70969,-5.37,-22.45,1015.04,122.5,-192.5,-35.0
70998,-5.37,-22.45,1015.04,122.5,-192.5,-35.0
71027,-5.37,-22.33,1015.04,122.5,-175.0,-17.5
71056,-5.25,-22.33,1015.04,140.0,-175.0,-17.5
71085,-5.25,-22.33,1015.04,105.0,-175.0,-35.0
71114,-5.37,-22.33,1015.04,105.0,-175.0,-35.0
71143,-5.37,-22.33,1015.04,105.0,-175.0,-35.0
71173,-5.37,-22.33,1014.92,122.5,-175.0,-35.0
71202,-5.37,-22.33,1014.92,122.5,-192.5,-17.5
71232,-5.25,-22.33,1014.92,122.5,-175.0,-17.5
71261,-5.37,-22.33,1014.8,122.5,-175.0,-17.5
71291,-5.37,-22.33,1014.8,122.5,-175.0,-17.5
71320,-5.37,-22.33,1014.8,105.0,-175.0,-35.0
71350,-5.37,-22.33,1014.67,105.0,-192.5,-17.5
71379,-5.37,-22.33,1014.55,122.5,-192.5,-17.5
71409,-5.37,-22.33,1014.55,122.5,-175.0,-17.5
71438,-5.37,-22.33,1014.55,122.5,-192.5,-35.0
71467,-5.25,-22.33,1014.43,122.5,-175.0,-35.0
71496,-5.25,-22.45,1014.43,122.5,-175.0,-35.0
71525,-5.37,-22.45,1014.43,122.5,-157.5,-35.0
71554,-5.37,-22.45,1014.31,122.5,-175.0,-52.5
71583,-5.37,-22.45,1014.31,122.5,-192.5,-35.0
71613,-5.37,-22.45,1014.31,122.5,-175.0,-17.5
71642,-5.37,-22.45,1014.31,105.0,-192.5,-35.0
71672,-5.37,-22.45,1014.31,122.5,-192.5,-35.0
71701,-5.37,-22.45,1014.43,122.5,-175.0,-17.5
71731,-5.37,-22.45,1014.43,122.5,-192.5,-17.5
71760,-5.37,-22.45,1014.55,122.5,-192.5,-17.5
71790,-5.37,-22.45,1014.43,122.5,-175.0,-35.0
71819,-5.37,-22.45,1014.43,105.0,-175.0,-17.5
71849,-5.25,-22.45,1014.43,122.5,-175.0,-35.0
71878,-5.37,-22.45,1014.43,122.5,-175.0,-17.5
71907,-5.25,-22.45,1014.31,122.5,-175.0,-35.0
71936,-5.25,-22.45,1014.31,122.5,-175.0,-17.5
71965,-5.25,-22.45,1014.43,122.5,-175.0,-35.0
71995,-5.25,-22.45,1014.31,105.0,-192.5,-35.0
72024,-5.25,-22.45,1014.43,105.0,-175.0,-17.5
72054,-5.25,-22.45,1014.31,122.5,-192.5,-35.0
72083,-5.25,-22.45,1014.31,122.5,-175.0,-35.0
72113,-5.25,-22.45,1014.31,122.5,-157.5,-35.0
72142,-5.25,-22.45,1014.31,122.5,-175.0,-17.5
72172,-5.25,-22.45,1014.31,122.5,-157.5,-17.5
72201,-5.25,-22.45,1014.19,105.0,-192.5,-52.5
72231,-5.25,-22.45,1014.19,105.0,-175.0,-35.0
72260,-5.25,-22.45,1014.19,105.0,-157.5,-17.5
72290,-5.25,-22.45,1014.19,122.5,-175.0,-17.5
72319,-5.25,-22.57,1014.06,122.5,-175.0,-35.0
72349,-5.25,-22.57,1014.06,122.5,-175.0,-35.0
72378,-5.37,-22.57,1013.94,122.5,-175.0,-35.0
72407,-5.37,-22.57,1013.94,122.5,-175.0,-35.0
72436,-5.37,-22.57,1014.06,122.5,-157.5,-35.0
72465,-5.37,-22.57,1014.06,122.5,-175.0,-35.0
72495,-5.37,-22.57,1014.06,122.5,-175.0,-35.0
72524,-5.37,-22.57,1014.06,105.0,-157.5,-17.5
72554,-5.37,-22.57,1014.06,105.0,-192.5,-17.5
72583,-5.37,-22.57,1014.06,105.0,-175.0,-35.0
72613,-5.37,-22.45,1014.19,122.5,-157.5,-35.0
72642,-5.37,-22.45,1014.19,105.0,-175.0,-35.0
72672,-5.37,-22.45,1014.31,122.5,-192.5,-35.0
72701,-5.37,-22.45,1014.31,105.0,-175.0,-35.0
72731,-5.25,-22.45,1014.31,105.0,-192.5,-35.0
72760,-5.25,-22.45,1014.31,122.5,-175.0,-17.5
72790,-5.25,-22.45,1014.31,140.0,-192.5,-35.0
72819,-5.25,-22.45,1014.43,122.5,-192.5,-35.0
72848,-5.25,-22.45,1014.43,122.5,-192.5,-35.0
72877,-5.25,-22.45,1014.55,122.5,-175.0,-35.0
72906,-5.25,-22.45,1014.55,122.5,-157.5,-17.5
72936,-5.25,-22.45,1014.55,122.5,-175.0,-35.0
72965,-5.25,-22.45,1014.67,122.5,-175.0,-17.5
72995,-5.25,-22.45,1014.67,105.0,-192.5,-35.0
73024,-5.25,-22.45,1014.8,122.5,-192.5,-35.0
73054,-5.25,-22.45,1014.8,122.5,-175.0,-35.0
73083,-5.25,-22.45,1014.8,105.0,-192.5,-35.0
73113,-5.12,-22.45,1014.92,122.5,-175.0,-35.0
73142,-5.25,-22.45,1014.92,122.5,-192.5,-17.5
73172,-5.12,-22.45,1015.04,122.5,-192.5,-35.0
73201,-5.12,-22.33,1015.04,122.5,-192.5,-35.0
73231,-5.25,-22.45,1015.04,105.0,-175.0,-35.0
73260,-5.12,-22.45,1015.04,105.0,-175.0,-35.0
73289,-5.25,-22.45,1015.04,122.5,-175.0,-17.5
73318,-5.12,-22.45,1015.04,122.5,-175.0,-17.5
73347,-5.25,-22.45,1015.16,122.5,-175.0,-17.5
73377,-5.25,-22.45,1015.16,122.5,-175.0,-17.5
73406,-5.25,-22.45,1015.28,105.0,-192.5,-52.5
73436,-5.25,-22.45,1015.28,105.0,-175.0,-35.0
73465,-5.25,-22.45,1015.28,105.0,-175.0,-35.0
73495,-5.25,-22.45,1015.28,140.0,-175.0,-35.0
73524,-5.25,-22.45,1015.28,122.5,-175.0,-35.0
73554,-5.12,-22.45,1015.28,122.5,-175.0,-35.0
73583,-5.12,-22.45,1015.28,105.0,-192.5,-35.0
73613,-5.25,-22.45,1015.28,122.5,-175.0,-35.0
73642,-5.25,-22.45,1015.28,105.0,-175.0,-35.0
73671,-5.25,-22.45,1015.28,122.5,-192.5,-35.0
73700,-5.25,-22.57,1015.28,122.5,-175.0,-35.0
73729,-5.25,-22.57,1015.28,122.5,-175.0,-17.5
73759,-5.25,-22.57,1015.16,122.5,-175.0,-35.0
73788,-5.25,-22.45,1015.16,122.5,-175.0,-35.0
73818,-5.25,-22.57,1015.16,105.0,-175.0,-35.0
73847,-5.37,-22.45,1015.16,122.5,-192.5,-35.0
73877,-5.37,-22.57,1015.16,122.5,-175.0,-35.0
73906,-5.37,-22.57,1015.04,122.5,-175.0,-35.0
73936,-5.25,-22.57,1015.04,105.0,-192.5,-35.0
73965,-5.25,-22.57,1015.04,122.5,-192.5,-35.0
73995,-5.25,-22.57,1015.04,122.5,-192.5,-35.0
74024,-5.25,-22.57,1015.04,105.0,-175.0,-17.5
74054,-5.25,-22.57,1015.04,122.5,-157.5,-35.0
74083,-5.25,-22.57,1015.04,105.0,-175.0,-17.5
74112,-5.25,-22.57,1015.04,122.5,-175.0,-17.5
74141,-5.25,-22.57,1015.04,122.5,-175.0,-35.0
74170,-5.12,-22.57,1015.04,105.0,-175.0,-35.0
74200,-5.12,-22.45,1015.04,105.0,-192.5,-35.0
74229,-5.25,-22.45,1015.04,122.5,-175.0,-17.5
74259,-5.12,-22.45,1015.04,140.0,-175.0,-35.0
74288,-5.25,-22.45,1015.04,140.0,-175.0,-35.0
74318,-5.25,-22.45,1015.04,122.5,-175.0,-17.5
74347,-5.25,-22.45,1015.16,105.0,-175.0,-35.0
74377,-5.25,-22.45,1015.16,105.0,-175.0,-35.0
74406,-5.25,-22.45,1015.04,122.5,-175.0,-35.0
74436,-5.37,-22.45,1015.04,122.5,-175.0,-17.5
74465,-5.37,-22.57,1015.04,122.5,-175.0,-35.0
74495,-5.25,-22.45,1015.04,122.5,-192.5,-35.0
74524,-5.25,-22.45,1014.92,122.5,-192.5,-35.0
74553,-5.25,-22.45,1015.04,105.0,-175.0,-35.0
74582,-5.25,-22.45,1015.04,105.0,-175.0,-17.5
74611,-5.25,-22.45,1015.04,122.5,-175.0,-35.0
74641,-5.25,-22.45,1015.04,122.5,-175.0,-35.0
74670,-5.25,-22.45,1015.04,105.0,-192.5,-35.0
74700,-5.25,-22.45,1015.04,122.5,-175.0,-35.0
74729,-5.25,-22.45,1015.04,87.5,-175.0,-35.0
74759,-5.37,-22.45,1014.92,122.5,-175.0,-35.0
74788,-5.37,-22.45,1014.92,105.0,-175.0,-35.0
74818,-5.37,-22.45,1015.04,122.5,-175.0,-17.5
74847,-5.37,-22.45,1014.92,122.5,-175.0,-35.0
74877,-5.37,-22.45,1015.04,140.0,-192.5,-35.0
74906,-5.25,-22.45,1014.92,140.0,-175.0,-35.0
74936,-5.25,-22.45,1015.04,122.5,-175.0,-35.0
74965,-5.25,-22.45,1014.92,105.0,-175.0,-35.0
74994,-5.25,-22.45,1014.92,105.0,-157.5,-35.0
75023,-5.25,-22.45,1014.92,122.5,-175.0,-35.0
75052,-5.37,-22.45,1014.92,140.0,-175.0,-35.0
75081,-5.37,-22.45,1014.8,140.0,-175.0,-52.5
75110,-5.25,-22.45,1014.8,122.5,-175.0,-35.0
75140,-5.37,-22.45,1014.8,105.0,-175.0,-17.5
75169,-5.37,-22.45,1014.8,122.5,-157.5,-17.5
75199,-5.37,-22.45,1014.8,105.0,-175.0,-35.0
75228,-5.37,-22.45,1014.8,122.5,-192.5,-35.0
75258,-5.37,-22.45,1014.8,105.0,-175.0,-35.0
75287,-5.37,-22.45,1014.8,122.5,-192.5,-35.0
75317,-5.25,-22.45,1014.8,122.5,-175.0,-35.0
75346,-5.25,-22.45,1014.8,122.5,-175.0,-35.0
75376,-5.25,-22.45,1014.67,122.5,-175.0,-35.0
75405,-5.25,-22.45,1014.67,140.0,-175.0,-35.0
75435,-5.25,-22.45,1014.67,140.0,-175.0,-35.0
75464,-5.25,-22.45,1014.67,122.5,-175.0,-35.0
75493,-5.25,-22.45,1014.67,105.0,-175.0,-35.0
75522,-5.25,-22.45,1014.67,122.5,-175.0,-35.0
75551,-5.25,-22.45,1014.8,122.5,-192.5,-35.0
75581,-5.25,-22.45,1014.8,105.0,-175.0,-35.0
75610,-5.25,-22.45,1014.8,122.5,-192.5,-17.5
75640,-5.25,-22.45,1014.8,105.0,-192.5,-35.0
75669,-5.25,-22.45,1014.8,122.5,-175.0,-35.0
75699,-5.25,-22.45,1014.8,122.5,-192.5,-17.5
75728,-5.25,-22.57,1014.8,122.5,-192.5,-17.5
75758,-5.25,-22.57,1014.8,122.5,-157.5,-35.0
75787,-5.25,-22.57,1014.8,122.5,-157.5,-52.5
75817,-5.25,-22.57,1014.8,140.0,-175.0,-17.5
75846,-5.25,-22.57,1014.8,122.5,-175.0,-35.0
75876,-5.25,-22.57,1014.8,122.5,-157.5,-17.5
75905,-5.25,-22.45,1014.55,105.0,-175.0,-17.5
75934,-5.37,-22.45,1014.55,122.5,-192.5,-35.0
75963,-5.37,-22.57,1014.55,122.5,-175.0,-35.0
75992,-5.37,-22.57,1014.43,122.5,-192.5,-17.5
76022,-5.25,-22.57,1014.43,122.5,-192.5,-17.5
76051,-5.37,-22.57,1014.43,105.0,-175.0,-35.0
76081,-5.25,-22.57,1014.43,105.0,-192.5,-35.0
76110,-5.37,-22.57,1014.43,122.5,-157.5,-17.5
76140,-5.37,-22.57,1014.43,122.5,-157.5,-17.5
76169,-5.37,-22.57,1014.43,122.5,-175.0,-35.0
76199,-5.37,-22.57,1014.43,105.0,-175.0,-52.5
76228,-5.37,-22.57,1014.55,122.5,-175.0,-35.0
76258,-5.25,-22.57,1014.43,140.0,-157.5,-35.0
76287,-5.25,-22.57,1014.43,105.0,-175.0,-35.0
76317,-5.25,-22.57,1014.43,122.5,-175.0,-17.5
76346,-5.25,-22.57,1014.43,122.5,-175.0,-35.0
76376,-5.25,-22.57,1014.31,122.5,-192.5,-35.0
76405,-5.25,-22.45,1014.31,122.5,-175.0,-17.5
76434,-5.37,-22.45,1014.31,105.0,-192.5,-35.0
76463,-5.25,-22.45,1014.31,105.0,-192.5,-35.0
76492,-5.25,-22.45,1014.31,122.5,-175.0,-35.0
76522,-5.12,-22.45,1014.31,122.5,-175.0,-35.0
76551,-5.12,-22.45,1014.31,105.0,-175.0,-35.0
76581,-5.25,-22.57,1014.31,105.0,-175.0,-17.5
76610,-5.12,-22.57,1014.31,122.5,-175.0,-17.5
76640,-5.25,-22.57,1014.31,122.5,-175.0,-52.5
76669,-5.25,-22.45,1014.43,122.5,-175.0,-52.5
76699,-5.25,-22.57,1014.43,105.0,-175.0,-35.0
76728,-5.25,-22.45,1014.43,122.5,-175.0,-35.0
76758,-5.25,-22.57,1014.43,122.5,-192.5,-35.0
76787,-5.25,-22.45,1014.43,105.0,-192.5,-17.5
76817,-5.25,-22.45,1014.55,122.5,-175.0,-35.0
76846,-5.25,-22.45,1014.55,122.5,-175.0,-35.0
76875,-5.25,-22.57,1014.55,105.0,-175.0,-17.5
76904,-5.25,-22.57,1014.67,105.0,-175.0,-35.0
76933,-5.25,-22.45,1014.67,105.0,-175.0,-35.0
76962,-5.25,-22.45,1014.8,105.0,-175.0,-35.0
76991,-5.25,-22.45,1014.8,105.0,-175.0,-35.0
77021,-5.25,-22.45,1014.8,105.0,-175.0,-35.0
77050,-5.25,-22.45,1014.8,122.5,-175.0,-35.0
77080,-5.25,-22.45,1014.8,140.0,-175.0,-35.0
77109,-5.25,-22.45,1014.8,122.5,-175.0,-35.0
77139,-5.25,-22.45,1014.92,122.5,-175.0,-35.0
77168,-5.25,-22.45,1014.92,105.0,-192.5,-35.0
77198,-5.25,-22.45,1015.04,105.0,-175.0,-35.0
77227,-5.25,-22.45,1015.04,122.5,-175.0,-35.0
77257,-5.25,-22.45,1015.04,105.0,-175.0,-17.5
77286,-5.25,-22.45,1015.04,105.0,-175.0,-17.5
77316,-5.25,-22.45,1015.04,105.0,-175.0,-17.5
77345,-5.25,-22.45,1015.04,105.0,-192.5,-35.0
77374,-5.25,-22.45,1015.04,122.5,-192.5,-35.0
77403,-5.25,-22.45,1015.04,122.5,-175.0,-17.5
77432,-5.25,-22.45,1014.92,122.5,-175.0,-35.0
77462,-5.25,-22.45,1014.92,122.5,-175.0,-17.5
77491,-5.25,-22.45,1014.92,122.5,-175.0,-17.5
77521,-5.25,-22.45,1014.8,122.5,-192.5,-17.5
77550,-5.25,-22.45,1014.8,122.5,-192.5,-17.5
77580,-5.25,-22.45,1014.8,122.5,-175.0,-17.5
77609,-5.25,-22.45,1014.8,105.0,-157.5,0.0
77639,-5.37,-22.45,1014.8,105.0,-157.5,-17.5
77668,-5.37,-22.45,1014.8,105.0,-175.0,-17.5
77698,-5.37,-22.45,1014.8,122.5,-175.0,-35.0
77727,-5.37,-22.45,1014.8,122.5,-175.0,-35.0
77757,-5.37,-22.45,1014.8,122.5,-192.5,-35.0
77786,-5.37,-22.45,1014.8,122.5,-175.0,-35.0
77815,-5.37,-22.45,1014.8,105.0,-175.0,-35.0
77844,-5.37,-22.45,1014.8,105.0,-175.0,-35.0
77873,-5.37,-22.45,1014.8,122.5,-157.5,-35.0
77903,-5.37,-22.45,1014.8,122.5,-157.5,-35.0
77932,-5.37,-22.45,1014.8,105.0,-175.0,-35.0
77962,-5.37,-22.45,1014.8,122.5,-175.0,-35.0
77991,-5.37,-22.45,1014.8,140.0,-192.5,-35.0
78021,-5.25,-22.45,1014.8,122.5,-175.0,-35.0
78050,-5.37,-22.45,1014.8,122.5,-192.5,-35.0
78080,-5.37,-22.45,1014.8,122.5,-192.5,-17.5
78109,-5.25,-22.45,1014.8,122.5,-175.0,-17.5
78139,-5.25,-22.45,1014.8,105.0,-175.0,-17.5
78168,-5.25,-22.45,1014.8,105.0,-175.0,-35.0
78198,-5.25,-22.45,1014.8,105.0,-175.0,-35.0
78227,-5.25,-22.45,1014.8,122.5,-175.0,-35.0
78256,-5.25,-22.45,1014.8,122.5,-157.5,-35.0
78285,-5.25,-22.45,1014.8,105.0,-175.0,-35.0
78314,-5.25,-22.45,1014.8,105.0,-175.0,-35.0
78344,-5.37,-22.45,1014.92,105.0,-157.5,-35.0
78373,-5.37,-22.45,1014.92,122.5,-157.5,-35.0
78403,-5.37,-22.45,1015.04,105.0,-175.0,-17.5
78432,-5.25,-22.45,1014.92,122.5,-175.0,-17.5
78462,-5.25,-22.45,1015.04,122.5,-175.0,-35.0
78491,-5.25,-22.45,1014.92,122.5,-157.5,-17.5
78521,-5.37,-22.45,1014.92,105.0,-175.0,-35.0
78550,-5.37,-22.45,1014.92,122.5,-175.0,-52.5
78580,-5.37,-22.45,1014.92,122.5,-175.0,-35.0
78609,-5.37,-22.45,1014.92,122.5,-175.0,-35.0
78639,-5.37,-22.45,1014.92,122.5,-175.0,-35.0
78668,-5.37,-22.45,1014.92,122.5,-192.5,-35.0
78697,-5.37,-22.45,1014.92,122.5,-175.0,-35.0
78726,-5.37,-22.45,1014.92,105.0,-175.0,-52.5
78755,-5.37,-22.45,1015.04,105.0,-175.0,-35.0
78785,-5.37,-22.45,1015.04,122.5,-175.0,-35.0
78814,-5.37,-22.45,1015.04,122.5,-175.0,-35.0
78844,-5.37,-22.45,1015.04,140.0,-175.0,-35.0
78873,-5.37,-22.45,1015.04,122.5,-175.0,-17.5
78903,-5.37,-22.45,1015.04,105.0,-192.5,-35.0
78932,-5.37,-22.45,1015.04,140.0,-192.5,-35.0
78962,-5.37,-22.45,1015.16,140.0,-157.5,-35.0
78991,-5.25,-22.45,1015.16,122.5,-175.0,-35.0
79021,-5.25,-22.45,1015.28,122.5,-192.5,-35.0
79050,-5.25,-22.45,1015.28,140.0,-175.0,-52.5
79080,-5.25,-22.45,1015.28,140.0,-157.5,-52.5
79109,-5.37,-22.45,1015.28,122.5,-157.5,-35.0
79138,-5.25,-22.45,1015.28,122.5,-175.0,-35.0
79167,-5.37,-22.45,1015.28,140.0,-192.5,-35.0
79196,-5.37,-22.45,1015.28,122.5,-175.0,-35.0
79226,-5.37,-22.45,1015.28,122.5,-175.0,-35.0
79255,-5.37,-22.45,1015.41,140.0,-175.0,-17.5
79285,-5.25,-22.57,1015.41,122.5,-192.5,-35.0
79314,-5.25,-22.57,1015.41,122.5,-157.5,-35.0
79344,-5.25,-22.45,1015.41,122.5,-175.0,-35.0
79373,-5.12,-22.45,1015.53,122.5,-175.0,-35.0
79403,-5.25,-22.57,1015.41,105.0,-175.0,-35.0
79432,-5.12,-22.45,1015.41,105.0,-175.0,-35.0
79462,-5.25,-22.45,1015.41,122.5,-175.0,-35.0
79491,-5.25,-22.57,1015.28,122.5,-175.0,-35.0
79521,-5.25,-22.45,1015.41,122.5,-175.0,-35.0
79550,-5.25,-22.45,1015.28,105.0,-175.0,-35.0
79579,-5.25,-22.45,1015.28,105.0,-175.0,-35.0
79608,-5.25,-22.45,1015.28,105.0,-175.0,-35.0
79637,-5.25,-22.45,1015.28,105.0,-192.5,-35.0
79667,-5.25,-22.57,1015.28,105.0,-192.5,-17.5
79696,-5.37,-22.45,1015.28,122.5,-175.0,-35.0
79726,-5.25,-22.45,1015.28,122.5,-175.0,-52.5
79755,-5.37,-22.45,1015.28,122.5,-175.0,-17.5
79785,-5.25,-22.45,1015.28,140.0,-175.0,-17.5
79814,-5.25,-22.45,1015.28,122.5,-175.0,-35.0
79844,-5.25,-22.45,1015.28,105.0,-192.5,-35.0
79873,-5.25,-22.45,1015.28,122.5,-175.0,-35.0
79903,-5.25,-22.45,1015.28,140.0,-192.5,-17.5
79932,-5.25,-22.45,1015.28,122.5,-175.0,-35.0
79962,-5.25,-22.45,1015.28,122.5,-175.0,-17.5
79991,-5.37,-22.45,1015.28,105.0,-157.5,-17.5
80020,-5.37,-22.45,1015.28,105.0,-175.0,-17.5
80049,-5.37,-22.45,1015.28,105.0,-192.5,-35.0
80078,-5.25,-22.45,1015.16,122.5,-175.0,-35.0
80108,-5.37,-22.45,1015.16,122.5,-175.0,-35.0
80137,-5.37,-22.45,1015.28,105.0,-175.0,-17.5
80167,-5.37,-22.45,1015.28,122.5,-175.0,-35.0
80196,-5.37,-22.45,1015.28,122.5,-157.5,-35.0
80226,-5.37,-22.45,1015.28,122.5,-175.0,-35.0
80255,-5.37,-22.45,1015.28,122.5,-192.5,-35.0
80285,-5.25,-22.45,1015.28,105.0,-175.0,-35.0
80314,-5.25,-22.45,1015.28,122.5,-192.5,-17.5
80344,-5.37,-22.45,1015.28,105.0,-192.5,-35.0
80373,-5.37,-22.45,1015.28,105.0,-175.0,-17.5
80403,-5.37,-22.45,1015.28,105.0,-157.5,-17.5
80432,-5.37,-22.45,1015.28,122.5,-175.0,-35.0
80462,-5.37,-22.45,1015.28,122.5,-192.5,-35.0
80491,-5.37,-22.45,1015.28,87.5,-175.0,-35.0
80520,-5.37,-22.45,1015.16,122.5,-175.0,-17.5
80549,-5.37,-22.45,1015.16,105.0,-175.0,-17.5
80578,-5.25,-22.45,1015.04,105.0,-192.5,-17.5
80608,-5.25,-22.45,1015.04,122.5,-192.5,-35.0
80637,-5.25,-22.45,1014.92,122.5,-175.0,-52.5
80667,-5.25,-22.45,1014.92,122.5,-175.0,-52.5
80696,-5.37,-22.45,1014.8,122.5,-175.0,-17.5
80726,-5.37,-22.45,1014.8,105.0,-175.0,-35.0
80755,-5.25,-22.45,1014.8,122.5,-192.5,-35.0
80785,-5.25,-22.45,1014.8,122.5,-175.0,-35.0
80814,-5.37,-22.57,1014.67,122.5,-192.5,-35.0
80844,-5.37,-22.57,1014.67,105.0,-175.0,-35.0
80873,-5.37,-22.57,1014.67,105.0,-175.0,-35.0
80903,-5.37,-22.57,1014.8,105.0,-192.5,-35.0
80932,-5.37,-22.45,1014.8,122.5,-175.0,-17.5
80961,-5.37,-22.45,1014.8,122.5,-175.0,-35.0
80990,-5.37,-22.45,1014.8,122.5,-175.0,-35.0
81019,-5.37,-22.45,1014.67,122.5,-192.5,-35.0
81049,-5.37,-22.45,1014.8,122.5,-192.5,-35.0
81078,-5.37,-22.45,1014.8,122.5,-175.0,-35.0
81108,-5.37,-22.45,1014.8,122.5,-175.0,-17.5
81137,-5.37,-22.45,1014.8,122.5,-192.5,-35.0
81167,-5.37,-22.45,1014.8,140.0,-192.5,-35.0
81196,-5.37,-22.57,1014.8,122.5,-192.5,-35.0
81226,-5.37,-22.45,1014.92,122.5,-175.0,-35.0
81255,-5.37,-22.45,1014.92,122.5,-175.0,-35.0
81285,-5.37,-22.45,1014.92,122.5,-175.0,-35.0
81314,-5.37,-22.45,1015.04,122.5,-175.0,-35.0
81344,-5.25,-22.45,1015.04,105.0,-157.5,-35.0
81373,-5.37,-22.45,1015.04,122.5,-175.0,-17.5
81402,-5.37,-22.45,1015.04,105.0,-175.0,-35.0
81431,-5.37,-22.45,1015.04,122.5,-192.5,-35.0
81460,-5.37,-22.45,1015.04,122.5,-192.5,-35.0
81489,-5.37,-22.45,1014.92,105.0,-175.0,-35.0
81518,-5.37,-22.45,1014.92,105.0,-175.0,-35.0
81548,-5.37,-22.45,1015.04,122.5,-192.5,-35.0
81577,-5.37,-22.45,1015.04,105.0,-175.0,-35.0
81607,-5.37,-22.45,1015.04,105.0,-157.5,-17.5
81636,-5.37,-22.57,1014.92,105.0,-175.0,-35.0
81666,-5.37,-22.57,1014.92,122.5,-157.5,-17.5
81695,-5.37,-22.45,1014.92,122.5,-175.0,-35.0
81725,-5.37,-22.57,1014.92,122.5,-175.0,-35.0
81754,-5.37,-22.57,1015.04,122.5,-175.0,-35.0
81784,-5.37,-22.57,1015.04,157.5,-175.0,-17.5
81813,-5.37,-22.45,1015.04,122.5,-175.0,-17.5
81843,-5.37,-22.45,1015.04,122.5,-175.0,-35.0
81872,-5.37,-22.57,1015.04,140.0,-175.0,-35.0
81901,-5.37,-22.45,1015.04,140.0,-157.5,-17.5
81930,-5.37,-22.45,1015.04,105.0,-175.0,-35.0
81959,-5.37,-22.45,1015.04,122.5,-175.0,-35.0
81988,-5.37,-22.57,1015.04,122.5,-175.0,-17.5
82017,-5.37,-22.45,1015.04,140.0,-175.0,-17.5
82047,-5.37,-22.57,1015.04,122.5,-175.0,-35.0
82076,-5.37,-22.45,1015.04,122.5,-175.0,-35.0
82106,-5.37,-22.57,1015.04,122.5,-175.0,-35.0
82135,-5.37,-22.45,1015.04,122.5,-157.5,-35.0
82165,-5.37,-22.45,1014.92,122.5,-175.0,-52.5
82194,-5.37,-22.57,1014.92,105.0,-175.0,-35.0
82224,-5.37,-22.57,1014.92,105.0,-175.0,-52.5
82253,-5.37,-22.57,1014.92,105.0,-192.5,-35.0
82283,-5.37,-22.57,1014.92,122.5,-175.0,-35.0
82312,-5.37,-22.57,1015.04,122.5,-175.0,-17.5
82342,-5.37,-22.57,1015.04,122.5,-175.0,-17.5
82371,-5.37,-22.57,1014.92,122.5,-175.0,-17.5
82400,-5.37,-22.57,1015.04,122.5,-175.0,-35.0
82429,-5.37,-22.57,1014.92,105.0,-175.0,-17.5
82458,-5.37,-22.45,1014.92,105.0,-192.5,-35.0
82488,-5.37,-22.45,1015.04,122.5,-157.5,-17.5
82517,-5.37,-22.45,1015.04,122.5,-175.0,-35.0
82547,-5.25,-22.45,1014.92,122.5,-175.0,-35.0
82576,-5.37,-22.45,1015.04,122.5,-175.0,-17.5
82606,-5.37,-22.45,1015.04,122.5,-192.5,-17.5
82635,-5.37,-22.45,1015.04,122.5,-175.0,-17.5
82665,-5.37,-22.57,1015.04,122.5,-157.5,-35.0
82694,-5.37,-22.45,1015.04,122.5,-175.0,-35.0
82724,-5.37,-22.45,1015.04,140.0,-192.5,-35.0
82753,-5.37,-22.57,1015.04,122.5,-175.0,-35.0
82783,-5.37,-22.45,1015.04,122.5,-157.5,-17.5
82812,-5.37,-22.45,1015.04,122.5,-192.5,-17.5
82842,-5.37,-22.45,1015.16,122.5,-175.0,-35.0
82871,-5.37,-22.45,1015.16,122.5,-175.0,-35.0
82900,-5.37,-22.45,1015.16,105.0,-175.0,-35.0
82929,-5.37,-22.45,1015.28,105.0,-175.0,-35.0
82958,-5.37,-22.45,1015.28,122.5,-175.0,-35.0
82988,-5.37,-22.45,1015.28,140.0,-175.0,-17.5
83017,-5.37,-22.45,1015.28,122.5,-157.5,-35.0
83047,-5.37,-22.45,1015.28,140.0,-175.0,-35.0
83076,-5.37,-22.45,1015.28,105.0,-175.0,-35.0
83106,-5.37,-22.45,1015.28,122.5,-175.0,-35.0
83135,-5.37,-22.45,1015.28,122.5,-175.0,-17.5
83165,-5.37,-22.45,1015.28,122.5,-175.0,-17.5
83194,-5.37,-22.45,1015.41,105.0,-175.0,-35.0
83224,-5.37,-22.45,1015.41,122.5,-192.5,-35.0
83253,-5.37,-22.45,1015.41,105.0,-175.0,-35.0
83283,-5.37,-22.45,1015.53,122.5,-192.5,-35.0
83312,-5.37,-22.45,1015.53,105.0,-192.5,-35.0
83341,-5.37,-22.45,1015.53,105.0,-175.0,-35.0
83370,-5.37,-22.45,1015.53,122.5,-175.0,-35.0
83399,-5.37,-22.45,1015.53,105.0,-175.0,-35.0
83429,-5.37,-22.45,1015.53,105.0,-175.0,-52.5
83458,-5.37,-22.45,1015.53,122.5,-175.0,-35.0
83488,-5.37,-22.45,1015.53,105.0,-192.5,-35.0
83517,-5.37,-22.45,1015.53,122.5,-192.5,-35.0
83547,-5.37,-22.45,1015.65,105.0,-175.0,-35.0
83576,-5.37,-22.45,1015.77,122.5,-175.0,-35.0
83606,-5.37,-22.45,1015.77,122.5,-192.5,-35.0
83635,-5.37,-22.45,1015.77,122.5,-175.0,-35.0
83665,-5.37,-22.45,1015.77,105.0,-175.0,-35.0
83694,-5.37,-22.45,1015.77,122.5,-157.5,-35.0
83724,-5.37,-22.45,1015.77,122.5,-157.5,-35.0
83753,-5.37,-22.45,1015.77,105.0,-175.0,-17.5
83782,-5.37,-22.45,1015.77,105.0,-157.5,-35.0
83811,-5.37,-22.45,1015.77,122.5,-175.0,-35.0
83840,-5.37,-22.45,1015.77,122.5,-175.0,-35.0
83870,-5.37,-22.45,1015.77,122.5,-175.0,-17.5
83899,-5.37,-22.45,1015.65,105.0,-192.5,-17.5
83929,-5.37,-22.45,1015.77,140.0,-175.0,-17.5
83958,-5.37,-22.45,1015.77,140.0,-175.0,-35.0
83988,-5.37,-22.45,1015.77,122.5,-175.0,-17.5
84017,-5.37,-22.45,1015.77,122.5,-192.5,-35.0
84047,-5.37,-22.45,1015.77,122.5,-192.5,-52.5
84076,-5.37,-22.57,1015.77,122.5,-175.0,-35.0
84106,-5.37,-22.57,1015.77,105.0,-175.0,-17.5
84135,-5.37,-22.57,1015.77,122.5,-192.5,-17.5
84165,-5.37,-22.45,1015.77,122.5,-192.5,-35.0
84194,-5.37,-22.57,1015.77,105.0,-192.5,-17.5
84223,-5.37,-22.45,1015.65,122.5,-175.0,-35.0
84252,-5.37,-22.45,1015.77,105.0,-157.5,-35.0
84281,-5.37,-22.45,1015.77,122.5,-175.0,-35.0
84311,-5.37,-22.45,1015.65,122.5,-175.0,-35.0
84340,-5.37,-22.45,1015.65,122.5,-175.0,-35.0
84370,-5.37,-22.57,1015.77,140.0,-175.0,-35.0
84399,-5.37,-22.45,1015.65,105.0,-175.0,-35.0
84429,-5.37,-22.45,1015.65,122.5,-175.0,-17.5
84458,-5.37,-22.45,1015.65,140.0,-175.0,-35.0
84488,-5.37,-22.45,1015.65,122.5,-175.0,-35.0
84517,-5.37,-22.45,1015.65,122.5,-175.0,-35.0
84547,-5.37,-22.45,1015.65,122.5,-175.0,-35.0
84576,-5.37,-22.45,1015.65,122.5,-157.5,-35.0
84606,-5.37,-22.45,1015.65,122.5,-175.0,-35.0
84635,-5.37,-22.45,1015.77,122.5,-175.0,-17.5
84665,-5.37,-22.45,1015.65,105.0,-175.0,-35.0
84694,-5.37,-22.45,1015.65,140.0,-157.5,-52.5
84723,-5.37,-22.45,1015.65,122.5,-192.5,-52.5
84752,-5.37,-22.45,1015.65,105.0,-192.5,-17.5
84781,-5.37,-22.45,1015.53,105.0,-175.0,-17.5
84811,-5.37,-22.45,1015.53,122.5,-192.5,-17.5
84840,-5.37,-22.45,1015.53,105.0,-175.0,-17.5
84870,-5.37,-22.45,1015.53,105.0,-175.0,-35.0
84899,-5.37,-22.45,1015.53,122.5,-157.5,-17.5
84929,-5.37,-22.45,1015.53,122.5,-175.0,-35.0
84958,-5.37,-22.57,1015.53,105.0,-175.0,-35.0
84988,-5.37,-22.57,1015.53,122.5,-175.0,-35.0
85017,-5.37,-22.57,1015.53,122.5,-175.0,-17.5
85047,-5.37,-22.45,1015.53,105.0,-175.0,-17.5
85076,-5.37,-22.45,1015.53,122.5,-175.0,-17.5
85106,-5.37,-22.45,1015.53,105.0,-175.0,-17.5
85135,-5.37,-22.57,1015.53,105.0,-175.0,-17.5
85165,-5.37,-22.45,1015.53,105.0,-157.5,-17.5
85194,-5.37,-22.45,1015.53,122.5,-157.5,-35.0
85223,-5.37,-22.45,1015.53,122.5,-157.5,-35.0
85252,-5.37,-22.45,1015.53,105.0,-175.0,-35.0
85281,-5.37,-22.45,1015.53,122.5,-175.0,-35.0
85311,-5.37,-22.45,1015.53,122.5,-157.5,-35.0
85340,-5.37,-22.45,1015.53,122.5,-175.0,-17.5
85370,-5.37,-22.45,1015.53,105.0,-175.0,-17.5
85399,-5.37,-22.45,1015.53,140.0,-192.5,-35.0
85429,-5.37,-22.45,1015.53,140.0,-192.5,-35.0
85458,-5.37,-22.45,1015.53,122.5,-175.0,-17.5
85488,-5.37,-22.45,1015.53,122.5,-175.0,-35.0
85517,-5.37,-22.45,1015.53,105.0,-175.0,-17.5
85547,-5.37,-22.45,1015.53,122.5,-192.5,-17.5
85576,-5.37,-22.45,1015.53,105.0,-175.0,-17.5
85606,-5.37,-22.45,1015.53,105.0,-192.5,-35.0
85635,-5.37,-22.45,1015.53,122.5,-192.5,-35.0
85664,-5.37,-22.45,1015.53,105.0,-175.0,-35.0
85693,-5.37,-22.45,1015.53,122.5,-192.5,-35.0
85722,-5.37,-22.45,1015.53,105.0,-192.5,-35.0
85751,-5.37,-22.45,1015.53,105.0,-175.0,-35.0
85780,-5.37,-22.45,1015.53,122.5,-175.0,-35.0
85810,-5.37,-22.45,1015.53,122.5,-175.0,-35.0
85839,-5.37,-22.45,1015.53,122.5,-175.0,-35.0
85869,-5.37,-22.45,1015.53,105.0,-192.5,-35.0
85898,-5.37,-22.45,1015.65,122.5,-175.0,-35.0
85928,-5.37,-22.45,1015.65,122.5,-157.5,-35.0
85957,-5.37,-22.45,1015.65,122.5,-157.5,-35.0
85987,-5.37,-22.45,1015.65,122.5,-175.0,-17.5
86016,-5.37,-22.45,1015.65,122.5,-192.5,-35.0
86046,-5.25,-22.45,1015.65,122.5,-175.0,-35.0
86075,-5.25,-22.45,1015.65,105.0,-192.5,-35.0
86104,-5.37,-22.45,1015.53,122.5,-192.5,-35.0
86133,-5.25,-22.45,1015.53,122.5,-175.0,-35.0
86162,-5.25,-22.45,1015.53,140.0,-175.0,-17.5
86192,-5.25,-22.45,1015.53,140.0,-175.0,-17.5
86221,-5.12,-22.45,1015.53,105.0,-157.5,-17.5
86251,-5.12,-22.45,1015.53,105.0,-157.5,-17.5
86280,-5.25,-22.45,1015.53,105.0,-157.5,-17.5
86310,-5.12,-22.45,1015.53,122.5,-175.0,-17.5
86339,-5.25,-22.45,1015.53,122.5,-175.0,-35.0
86369,-5.25,-22.45,1015.65,122.5,-192.5,-35.0
86398,-5.25,-22.45,1015.65,122.5,-192.5,-52.5
86428,-5.25,-22.45,1015.65,105.0,-175.0,-35.0
86457,-5.25,-22.45,1015.65,105.0,-175.0,-35.0
86487,-5.25,-22.45,1015.65,105.0,-175.0,-35.0
86516,-5.25,-22.45,1015.65,105.0,-175.0,-35.0
86545,-5.25,-22.45,1015.65,122.5,-192.5,-35.0
86574,-5.25,-22.45,1015.65,122.5,-175.0,-35.0
86603,-5.25,-22.45,1015.65,140.0,-175.0,-35.0
86633,-5.37,-22.45,1015.65,122.5,-157.5,-17.5
86662,-5.25,-22.45,1015.65,122.5,-157.5,-17.5
86692,-5.37,-22.45,1015.65,122.5,-175.0,-35.0
86721,-5.37,-22.45,1015.53,122.5,-175.0,-35.0
86751,-5.37,-22.45,1015.53,122.5,-192.5,-35.0
86780,-5.37,-22.45,1015.53,105.0,-175.0,-35.0
86810,-5.37,-22.45,1015.53,105.0,-175.0,-35.0
86839,-5.37,-22.45,1015.53,122.5,-175.0,-35.0
86869,-5.37,-22.45,1015.65,122.5,-175.0,-35.0
86898,-5.37,-22.45,1015.65,122.5,-175.0,-35.0
86928,-5.37,-22.45,1015.53,122.5,-192.5,-35.0
86957,-5.37,-22.45,1015.53,105.0,-175.0,-17.5
86986,-5.37,-22.45,1015.53,122.5,-157.5,-35.0
87015,-5.37,-22.45,1015.65,105.0,-157.5,-35.0
87044,-5.37,-22.33,1015.65,122.5,-175.0,-35.0
87074,-5.37,-22.33,1015.65,140.0,-192.5,-35.0
87103,-5.37,-22.33,1015.53,105.0,-192.5,-52.5
87133,-5.37,-22.33,1015.53,105.0,-175.0,-35.0
87162,-5.37,-22.45,1015.53,122.5,-175.0,-35.0
87192,-5.37,-22.45,1015.53,122.5,-175.0,-17.5
87221,-5.37,-22.45,1015.53,105.0,-175.0,-35.0
87251,-5.37,-22.45,1015.53,122.5,-175.0,-17.5
87280,-5.37,-22.45,1015.53,105.0,-192.5,-17.5
87310,-5.37,-22.45,1015.53,122.5,-175.0,-35.0
87339,-5.25,-22.45,1015.53,122.5,-175.0,-17.5
87369,-5.25,-22.45,1015.53,105.0,-175.0,-35.0
87398,-5.37,-22.45,1015.53,105.0,-192.5,-35.0
87427,-5.37,-22.45,1015.53,105.0,-175.0,-17.5
87456,-5.37,-22.45,1015.53,105.0,-192.5,-17.5
87485,-5.37,-22.45,1015.53,122.5,-175.0,-17.5
87515,-5.37,-22.45,1015.53,122.5,-175.0,-35.0
87544,-5.37,-22.33,1015.53,122.5,-175.0,-17.5
87574,-5.37,-22.33,1015.53,140.0,-175.0,-17.5
87603,-5.25,-22.33,1015.65,122.5,-175.0,-17.5
87633,-5.25,-22.33,1015.65,122.5,-192.5,-35.0
87662,-5.25,-22.33,1015.65,105.0,-175.0,-52.5
87692,-5.25,-22.33,1015.65,122.5,-175.0,-35.0
87721,-5.25,-22.33,1015.65,122.5,-175.0,-17.5
87751,-5.37,-22.33,1015.65,140.0,-175.0,-35.0
87780,-5.25,-22.33,1015.65,122.5,-192.5,-35.0
87810,-5.37,-22.45,1015.65,140.0,-192.5,-17.5
87839,-5.25,-22.45,1015.65,122.5,-192.5,-17.5
87868,-5.37,-22.33,1015.65,122.5,-175.0,-17.5
87897,-5.37,-22.33,1015.65,122.5,-175.0,-17.5
87926,-5.37,-22.45,1015.77,122.5,-175.0,-17.5
87956,-5.37,-22.45,1015.65,122.5,-175.0,-35.0
87985,-5.25,-22.45,1015.65,105.0,-175.0,-35.0
88015,-5.25,-22.45,1015.65,122.5,-175.0,-35.0
88044,-5.37,-22.45,1015.65,122.5,-192.5,-35.0
88074,-5.37,-22.45,1015.53,122.5,-175.0,-35.0
88103,-5.37,-22.45,1015.53,122.5,-175.0,-17.5
88133,-5.37,-22.45,1015.53,122.5,-175.0,-17.5
88162,-5.25,-22.45,1015.65,122.5,-192.5,-17.5
88192,-5.25,-22.45,1015.53,122.5,-175.0,-35.0
88221,-5.25,-22.45,1015.53,105.0,-157.5,-35.0
88251,-5.37,-22.45,1015.53,122.5,-192.5,-35.0
88280,-5.37,-22.45,1015.53,122.5,-175.0,-35.0
88309,-5.37,-22.45,1015.53,122.5,-192.5,-35.0
88338,-5.25,-22.45,1015.53,105.0,-175.0,-17.5
88367,-5.25,-22.45,1015.53,122.5,-175.0,-35.0
88397,-5.25,-22.45,1015.53,122.5,-192.5,-17.5
88426,-5.25,-22.45,1015.53,105.0,-157.5,-35.0
88456,-5.25,-22.45,1015.53,105.0,-175.0,-35.0
88485,-5.25,-22.45,1015.53,105.0,-192.5,-35.0
88515,-5.25,-22.45,1015.53,122.5,-192.5,-17.5
88544,-5.25,-22.45,1015.53,105.0,-175.0,-17.5
88574,-5.25,-22.45,1015.53,122.5,-175.0,-35.0
88603,-5.25,-22.45,1015.53,140.0,-175.0,-35.0
88633,-5.25,-22.45,1015.41,122.5,-175.0,-35.0
88662,-5.25,-22.45,1015.28,140.0,-175.0,-35.0
88692,-5.25,-22.45,1015.28,122.5,-175.0,-35.0
88721,-5.37,-22.45,1015.16,122.5,-175.0,-35.0
88750,-5.37,-22.45,1015.16,122.5,-175.0,-35.0
88779,-5.37,-22.45,1015.16,105.0,-157.5,-35.0
88808,-5.37,-22.45,1015.04,105.0,-157.5,-35.0
88838,-5.25,-22.45,1015.04,122.5,-175.0,-35.0
88867,-5.37,-22.45,1015.04,122.5,-175.0,-35.0
88897,-5.37,-22.57,1015.04,105.0,-175.0,-17.5
88926,-5.37,-22.45,1015.04,105.0,-192.5,-17.5
88956,-5.37,-22.57,1014.92,87.5,-192.5,-35.0
88985,-5.37,-22.45,1014.92,122.5,-192.5,-35.0
89015,-5.37,-22.57,1014.92,122.5,-157.5,-17.5
89044,-5.37,-22.45,1014.92,105.0,-157.5,-17.5
89074,-5.37,-22.45,1014.92,122.5,-175.0,-35.0
89103,-5.37,-22.45,1014.92,122.5,-175.0,-35.0
89132,-5.37,-22.45,1014.92,140.0,-175.0,-17.5
89161,-5.37,-22.45,1014.92,122.5,-157.5,-35.0
89190,-5.37,-22.45,1014.92,122.5,-157.5,-35.0
89220,-5.37,-22.45,1014.8,122.5,-175.0,-17.5
89249,-5.37,-22.45,1014.8,122.5,-192.5,-17.5
89279,-5.37,-22.45,1014.8,105.0,-192.5,-35.0
89308,-5.37,-22.45,1014.8,105.0,-175.0,-35.0
89338,-5.37,-22.45,1014.8,105.0,-175.0,-35.0
89367,-5.37,-22.45,1014.8,105.0,-175.0,-35.0
89397,-5.37,-22.45,1014.8,105.0,-175.0,-35.0
89426,-5.37,-22.45,1014.92,122.5,-175.0,-17.5
89456,-5.37,-22.45,1014.92,122.5,-175.0,-35.0
89485,-5.49,-22.45,1015.04,122.5,-175.0,-35.0
89515,-5.37,-22.45,1015.04,105.0,-175.0,-17.5
89544,-5.37,-22.45,1015.04,122.5,-192.5,-17.5
89573,-5.37,-22.45,1015.04,122.5,-175.0,-35.0
89602,-5.37,-22.45,1015.04,122.5,-175.0,-17.5
89631,-5.37,-22.45,1015.16,122.5,-175.0,-17.5
89661,-5.37,-22.45,1015.16,105.0,-175.0,-35.0
89690,-5.37,-22.45,1015.16,122.5,-192.5,-35.0
89720,-5.37,-22.45,1015.16,122.5,-192.5,-35.0
89749,-5.37,-22.45,1015.16,122.5,-192.5,-35.0
89779,-5.37,-22.45,1015.16,140.0,-175.0,-35.0
89808,-5.37,-22.45,1015.28,105.0,-175.0,-35.0
89838,-5.37,-22.45,1015.28,122.5,-175.0,-17.5
89867,-5.37,-22.45,1015.28,122.5,-192.5,-52.5
89897,-5.37,-22.45,1015.28,122.5,-192.5,-35.0
89926,-5.37,-22.45,1015.28,105.0,-175.0,-17.5
89956,-5.37,-22.45,1015.28,87.5,-175.0,-35.0
89985,-5.37,-22.57,1015.28,122.5,-175.0,-17.5
90014,-5.37,-22.57,1015.28,122.5,-175.0,-35.0
90043,-5.37,-22.57,1015.28,122.5,-192.5,-17.5
90072,-5.37,-22.45,1015.28,122.5,-192.5,-35.0
90102,-5.37,-22.45,1015.28,105.0,-175.0,-35.0
90131,-5.37,-22.45,1015.28,122.5,-157.5,-17.5
90161,-5.37,-22.45,1015.28,140.0,-157.5,-35.0
90190,-5.37,-22.57,1015.28,105.0,-175.0,-35.0
90220,-5.37,-22.45,1015.28,122.5,-175.0,-35.0
90249,-5.37,-22.45,1015.28,105.0,-192.5,-35.0
90279,-5.37,-22.45,1015.28,122.5,-192.5,-35.0
90308,-5.37,-22.45,1015.28,122.5,-192.5,-17.5
90338,-5.37,-22.45,1015.41,105.0,-210.0,-17.5
90367,-5.37,-22.45,1015.41,122.5,-175.0,-17.5
90397,-5.37,-22.45,1015.41,105.0,-192.5,-35.0
90426,-5.37,-22.45,1015.41,122.5,-192.5,-35.0
90455,-5.37,-22.45,1015.41,122.5,-175.0,-35.0
90484,-5.37,-22.45,1015.41,122.5,-192.5,-35.0
90513,-5.37,-22.45,1015.41,105.0,-157.5,-35.0
90542,-5.37,-22.45,1015.41,122.5,-175.0,-35.0
90571,-5.37,-22.45,1015.41,105.0,-192.5,-35.0
90601,-5.37,-22.45,1015.53,105.0,-175.0,-17.5
90630,-5.37,-22.45,1015.53,105.0,-157.5,-35.0
90660,-5.37,-22.45,1015.53,105.0,-175.0,-35.0
90689,-5.37,-22.45,1015.53,122.5,-175.0,-17.5
90719,-5.37,-22.45,1015.41,122.5,-175.0,-35.0
90748,-5.37,-22.45,1015.53,122.5,-175.0,-35.0
90778,-5.37,-22.45,1015.53,105.0,-157.5,-17.5
90807,-5.37,-22.57,1015.53,105.0,-157.5,-17.5
90837,-5.37,-22.45,1015.53,105.0,-175.0,-17.5
90866,-5.37,-22.45,1015.53,105.0,-175.0,-35.0
90895,-5.37,-22.45,1015.53,122.5,-175.0,-17.5
90924,-5.37,-22.45,1015.53,122.5,-192.5,-35.0
90953,-5.37,-22.45,1015.53,122.5,-175.0,-35.0
90983,-5.37,-22.45,1015.53,122.5,-192.5,-35.0
91012,-5.37,-22.57,1015.53,122.5,-192.5,-35.0
91042,-5.37,-22.45,1015.53,122.5,-175.0,-35.0
91071,-5.37,-22.45,1015.53,105.0,-192.5,-52.5
91101,-5.37,-22.45,1015.53,122.5,-175.0,-35.0
91130,-5.37,-22.45,1015.53,105.0,-192.5,-35.0
91160,-5.37,-22.57,1015.53,122.5,-192.5,-35.0
91189,-5.37,-22.45,1015.53,105.0,-157.5,-35.0
91219,-5.37,-22.57,1015.65,105.0,-175.0,-35.0
91248,-5.37,-22.45,1015.65,122.5,-175.0,-17.5
91278,-5.37,-22.57,1015.65,122.5,-192.5,0.0
91308,-5.37,-22.57,1015.77,122.5,-175.0,-35.0
91337,-5.37,-22.57,1015.77,122.5,-192.5,-35.0
91366,-5.37,-22.57,1015.77,105.0,-175.0,-35.0
91395,-5.37,-22.45,1015.77,105.0,-175.0,-35.0
91424,-5.37,-22.57,1015.65,105.0,-175.0,-35.0
91453,-5.37,-22.45,1015.65,105.0,-175.0,0.0
91483,-5.37,-22.45,1015.65,122.5,-175.0,-17.5
91512,-5.37,-22.45,1015.65,122.5,-175.0,-35.0
91542,-5.37,-22.57,1015.53,122.5,-192.5,-17.5
91571,-5.37,-22.45,1015.53,122.5,-192.5,-35.0
91601,-5.37,-22.45,1015.53,105.0,-192.5,-35.0
91630,-5.25,-22.57,1015.53,122.5,-192.5,-17.5
91660,-5.25,-22.45,1015.53,122.5,-175.0,-52.5
91689,-5.25,-22.45,1015.53,122.5,-157.5,-35.0
91719,-5.25,-22.57,1015.53,105.0,-157.5,-17.5
91748,-5.25,-22.45,1015.53,140.0,-175.0,-35.0
91778,-5.25,-22.45,1015.53,140.0,-175.0,-35.0
91807,-5.37,-22.57,1015.53,122.5,-175.0,-35.0
91836,-5.37,-22.45,1015.53,122.5,-175.0,-17.5
91865,-5.37,-22.45,1015.53,105.0,-175.0,-17.5
91894,-5.37,-22.45,1015.65,122.5,-175.0,-17.5
91924,-5.37,-22.45,1015.65,105.0,-175.0,-17.5
91953,-5.37,-22.45,1015.65,105.0,-157.5,-17.5
91983,-5.37,-22.45,1015.65,105.0,-175.0,-17.5
92012,-5.37,-22.57,1015.65,105.0,-175.0,-35.0
92042,-5.37,-22.45,1015.65,105.0,-175.0,-17.5
92071,-5.37,-22.57,1015.65,140.0,-175.0,-35.0
92101,-5.37,-22.45,1015.65,122.5,-192.5,-52.5
92130,-5.37,-22.45,1015.65,122.5,-175.0,-17.5
92160,-5.37,-22.45,1015.65,87.5,-157.5,-17.5
92189,-5.37,-22.45,1015.77,87.5,-175.0,-17.5
92219,-5.37,-22.45,1015.65,105.0,-192.5,-17.5
92248,-5.37,-22.45,1015.65,105.0,-175.0,-17.5
92278,-5.37,-22.45,1015.65,105.0,-175.0,-35.0
92307,-5.37,-22.45,1015.65,122.5,-175.0,-17.5
92336,-5.37,-22.45,1015.65,122.5,-157.5,-35.0
92365,-5.37,-22.45,1015.65,105.0,-157.5,-35.0
92394,-5.37,-22.45,1015.65,105.0,-175.0,-17.5
92424,-5.37,-22.45,1015.65,122.5,-175.0,-35.0
92453,-5.37,-22.45,1015.65,105.0,-192.5,-17.5
92483,-5.37,-22.45,1015.65,122.5,-175.0,-35.0
92512,-5.37,-22.45,1015.65,105.0,-175.0,-17.5
92542,-5.37,-22.45,1015.65,105.0,-175.0,-35.0
92571,-5.37,-22.45,1015.65,122.5,-192.5,-17.5
92601,-5.37,-22.45,1015.65,122.5,-175.0,-17.5
92630,-5.37,-22.45,1015.53,122.5,-175.0,-35.0
92660,-5.37,-22.45,1015.53,122.5,-157.5,-35.0
92689,-5.37,-22.45,1015.53,122.5,-175.0,-35.0
92719,-5.37,-22.45,1015.53,122.5,-192.5,-35.0
92748,-5.37,-22.45,1015.53,122.5,-192.5,-17.5
92778,-5.37,-22.45,1015.53,122.5,-157.5,-35.0
92807,-5.37,-22.45,1015.53,122.5,-175.0,-35.0
92836,-5.37,-22.45,1015.53,105.0,-175.0,-35.0
92865,-5.37,-22.45,1015.53,105.0,-192.5,-35.0
92894,-5.37,-22.45,1015.53,122.5,-175.0,-35.0
92924,-5.37,-22.45,1015.53,105.0,-175.0,-35.0
92953,-5.37,-22.45,1015.53,122.5,-175.0,-35.0
92983,-5.25,-22.45,1015.53,122.5,-175.0,-35.0
93012,-5.25,-22.45,1015.53,122.5,-192.5,-17.5
93042,-5.25,-22.45,1015.53,122.5,-175.0,-35.0
93071,-5.25,-22.45,1015.53,140.0,-175.0,-35.0
93101,-5.25,-22.45,1015.53,105.0,-175.0,-17.5
93130,-5.25,-22.45,1015.53,122.5,-175.0,-35.0
93160,-5.25,-22.45,1015.53,122.5,-192.5,-35.0
93189,-5.25,-22.45,1015.53,122.5,-192.5,-35.0
93219,-5.25,-22.45,1015.53,140.0,-192.5,-17.5
93248,-5.25,-22.45,1015.53,122.5,-192.5,-35.0
93277,-5.25,-22.45,1015.53,122.5,-175.0,-35.0
93306,-5.25,-22.45,1015.53,122.5,-175.0,-35.0
93335,-5.25,-22.45,1015.65,122.5,-192.5,-35.0
93365,-5.25,-22.45,1015.65,105.0,-175.0,-35.0
93394,-5.25,-22.45,1015.65,105.0,-157.5,-35.0
93424,-5.25,-22.45,1015.65,105.0,-175.0,-35.0
93453,-5.25,-22.45,1015.65,140.0,-192.5,-35.0
93483,-5.25,-22.45,1015.65,140.0,-175.0,-35.0
93512,-5.25,-22.45,1015.65,122.5,-175.0,-35.0
93542,-5.37,-22.45,1015.65,140.0,-175.0,-35.0
93571,-5.37,-22.45,1015.65,122.5,-192.5,-17.5
93601,-5.25,-22.45,1015.65,122.5,-157.5,-17.5
93630,-5.25,-22.45,1015.65,122.5,-157.5,-17.5
93660,-5.25,-22.45,1015.65,105.0,-175.0,-35.0
93689,-5.25,-22.45,1015.65,122.5,-175.0,-35.0
93719,-5.25,-22.45,1015.65,140.0,-175.0,-17.5
93748,-5.25,-22.45,1015.77,122.5,-192.5,-17.5
93777,-5.25,-22.45,1015.65,105.0,-175.0,-35.0
93806,-5.37,-22.45,1015.77,105.0,-175.0,-17.5
93835,-5.37,-22.45,1015.77,122.5,-175.0,-17.5
93865,-5.37,-22.45,1015.65,105.0,-192.5,-35.0
93894,-5.37,-22.45,1015.65,122.5,-175.0,-17.5
93924,-5.37,-22.57,1015.65,122.5,-157.5,-17.5
93953,-5.37,-22.45,1015.65,105.0,-175.0,-17.5
93983,-5.37,-22.45,1015.65,122.5,-175.0,-35.0
94012,-5.37,-22.45,1015.65,140.0,-175.0,-35.0
94042,-5.37,-22.45,1015.65,105.0,-175.0,-17.5
94071,-5.37,-22.45,1015.65,105.0,-192.5,-52.5
94101,-5.37,-22.57,1015.65,122.5,-175.0,-17.5
94130,-5.37,-22.45,1015.65,122.5,-175.0,-17.5
94160,-5.25,-22.45,1015.65,122.5,-175.0,-17.5
94189,-5.37,-22.45,1015.65,122.5,-192.5,-35.0
94218,-5.25,-22.45,1015.65,105.0,-192.5,-35.0
94247,-5.37,-22.45,1015.65,122.5,-175.0,-35.0
94276,-5.25,-22.45,1015.53,122.5,-175.0,-35.0
94306,-5.25,-22.45,1015.53,105.0,-175.0,-35.0
94335,-5.25,-22.45,1015.53,122.5,-157.5,-17.5
94365,-5.25,-22.45,1015.53,122.5,-175.0,-35.0
94394,-5.25,-22.45,1015.53,122.5,-175.0,-35.0
94424,-5.25,-22.45,1015.53,122.5,-175.0,-35.0
94453,-5.25,-22.45,1015.53,105.0,-175.0,-35.0
94483,-5.25,-22.45,1015.53,87.5,-175.0,-35.0
94512,-5.25,-22.45,1015.53,87.5,-175.0,-17.5
94542,-5.25,-22.45,1015.65,140.0,-192.5,-17.5
94571,-5.25,-22.45,1015.53,122.5,-192.5,-35.0
94601,-5.25,-22.45,1015.53,122.5,-175.0,-35.0
94630,-5.37,-22.45,1015.65,122.5,-175.0,-35.0
94659,-5.37,-22.45,1015.65,122.5,-192.5,-35.0
94688,-5.37,-22.45,1015.65,105.0,-157.5,-35.0
94717,-5.37,-22.45,1015.65,105.0,-157.5,-17.5
94747,-5.37,-22.45,1015.65,105.0,-175.0,-17.5
94776,-5.37,-22.45,1015.65,122.5,-175.0,-17.5
94806,-5.37,-22.45,1015.65,122.5,-175.0,-17.5
94835,-5.37,-22.45,1015.65,105.0,-175.0,-17.5
94865,-5.37,-22.45,1015.65,122.5,-175.0,-17.5
94894,-5.37,-22.45,1015.53,122.5,-175.0,-35.0
94924,-5.37,-22.45,1015.53,122.5,-175.0,-35.0
94953,-5.37,-22.45,1015.53,122.5,-175.0,-35.0
94983,-5.37,-22.45,1015.53,105.0,-175.0,-35.0
95012,-5.37,-22.45,1015.53,122.5,-192.5,-35.0
95042,-5.37,-22.45,1015.53,122.5,-175.0,-35.0
95071,-5.37,-22.45,1015.53,105.0,-175.0,-35.0
95101,-5.37,-22.45,1015.41,122.5,-192.5,-35.0
95130,-5.37,-22.45,1015.53,105.0,-175.0,-35.0
95159,-5.37,-22.45,1015.41,122.5,-175.0,-17.5
95188,-5.37,-22.45,1015.41,122.5,-175.0,-17.5
95217,-5.37,-22.45,1015.41,122.5,-175.0,-35.0
95247,-5.37,-22.45,1015.41,122.5,-175.0,-35.0
95276,-5.37,-22.45,1015.28,122.5,-175.0,-17.5
95306,-5.37,-22.45,1015.28,105.0,-175.0,-35.0
95335,-5.37,-22.45,1015.28,122.5,-175.0,-35.0
95365,-5.37,-22.45,1015.16,140.0,-175.0,-35.0
95394,-5.37,-22.45,1015.16,122.5,-175.0,-17.5
95424,-5.37,-22.45,1015.16,122.5,-175.0,-17.5
95453,-5.37,-22.45,1015.04,122.5,-175.0,-35.0
95483,-5.37,-22.45,1015.04,87.5,-175.0,-17.5
95512,-5.37,-22.45,1015.04,105.0,-175.0,-17.5
95542,-5.37,-22.45,1015.04,87.5,-192.5,-17.5
95571,-5.37,-22.57,1015.04,87.5,-175.0,-17.5
95601,-5.37,-22.57,1015.04,105.0,-175.0,-17.5
95630,-5.37,-22.45,1015.04,105.0,-192.5,-35.0
95659,-5.37,-22.57,1014.92,105.0,-192.5,-17.5
95688,-5.37,-22.45,1014.92,122.5,-192.5,-35.0
95717,-5.37,-22.45,1014.92,105.0,-175.0,-35.0
95747,-5.37,-22.45,1014.8,105.0,-175.0,-17.5
95776,-5.37,-22.45,1014.8,122.5,-157.5,-17.5
95806,-5.37,-22.45,1014.8,105.0,-175.0,-17.5
95835,-5.37,-22.45,1014.8,122.5,-157.5,-17.5
95865,-5.37,-22.45,1014.8,122.5,-175.0,-35.0
95894,-5.37,-22.45,1014.8,122.5,-175.0,-35.0
95924,-5.37,-22.45,1014.8,105.0,-175.0,-35.0
95953,-5.37,-22.45,1014.92,105.0,-175.0,-35.0
95983,-5.37,-22.45,1014.92,105.0,-175.0,-35.0
96012,-5.37,-22.45,1014.92,122.5,-192.5,-35.0
96042,-5.37,-22.45,1015.04,122.5,-192.5,-35.0
96071,-5.37,-22.45,1015.04,122.5,-175.0,-52.5
96100,-5.37,-22.45,1015.04,105.0,-175.0,-17.5
96129,-5.25,-22.45,1015.04,122.5,-175.0,-35.0
96158,-5.37,-22.45,1015.04,122.5,-175.0,-17.5
96188,-5.25,-22.45,1015.04,105.0,-175.0,-35.0
96217,-5.37,-22.45,1015.04,105.0,-175.0,-35.0
96247,-5.37,-22.33,1015.04,122.5,-175.0,-17.5
96276,-5.37,-22.45,1015.04,122.5,-175.0,-35.0
96306,-5.37,-22.45,1015.04,105.0,-157.5,-35.0
96335,-5.37,-22.45,1015.04,105.0,-157.5,-52.5
96365,-5.37,-22.45,1015.04,105.0,-175.0,-17.5
96394,-5.37,-22.45,1014.92,122.5,-175.0,-17.5
96424,-5.37,-22.45,1015.04,122.5,-175.0,-35.0
96453,-5.37,-22.45,1014.92,122.5,-192.5,-17.5
96483,-5.37,-22.45,1015.04,122.5,-175.0,0.0
96513,-5.37,-22.45,1014.92,122.5,-175.0,-17.5
96542,-5.37,-22.45,1015.04,122.5,-175.0,-17.5
96571,-5.37,-22.45,1015.04,140.0,-192.5,-17.5
96600,-5.37,-22.45,1015.04,122.5,-192.5,-35.0
96630,-5.37,-22.45,1015.04,87.5,-175.0,-52.5
96659,-5.37,-22.45,1015.04,122.5,-175.0,-52.5
96689,-5.37,-22.45,1015.04,122.5,-175.0,-17.5
96718,-5.37,-22.45,1015.16,122.5,-192.5,-35.0
96748,-5.37,-22.45,1015.16,105.0,-157.5,-52.5
96777,-5.37,-22.45,1015.16,105.0,-175.0,-17.5
96807,-5.37,-22.45,1015.16,122.5,-192.5,-35.0
96836,-5.37,-22.45,1015.16,122.5,-175.0,-17.5
96866,-5.37,-22.45,1015.04,122.5,-175.0,-17.5
96895,-5.37,-22.45,1015.04,140.0,-175.0,-35.0
96925,-5.37,-22.45,1015.04,122.5,-157.5,-35.0
96954,-5.37,-22.45,1015.04,105.0,-157.5,-35.0
96983,-5.37,-22.45,1015.04,105.0,-175.0,-35.0
97012,-5.37,-22.45,1015.04,105.0,-175.0,-52.5
97041,-5.37,-22.45,1015.04,140.0,-175.0,-52.5
97070,-5.37,-22.45,1015.04,122.5,-192.5,-35.0
97099,-5.37,-22.45,1015.04,105.0,-175.0,-35.0
97129,-5.37,-22.45,1015.04,122.5,-192.5,-35.0
97158,-5.37,-22.45,1015.04,122.5,-175.0,-35.0
97188,-5.37,-22.45,1015.04,122.5,-192.5,-35.0
97217,-5.37,-22.57,1015.04,105.0,-192.5,-35.0
97247,-5.37,-22.45,1014.92,122.5,-175.0,-52.5
97276,-5.37,-22.57,1014.92,105.0,-175.0,-35.0
97306,-5.37,-22.45,1014.92,105.0,-175.0,-17.5
97335,-5.37,-22.45,1014.92,105.0,-192.5,-17.5
97365,-5.37,-22.57,1014.92,122.5,-175.0,-17.5
97394,-5.37,-22.57,1014.8,122.5,-175.0,-35.0
97424,-5.37,-22.57,1014.8,105.0,-175.0,-35.0
97453,-5.37,-22.57,1014.8,122.5,-175.0,-17.5
97482,-5.37,-22.57,1014.8,105.0,-175.0,-35.0
97511,-5.37,-22.57,1014.8,122.5,-157.5,-35.0
97540,-5.37,-22.57,1014.8,122.5,-175.0,-35.0
97570,-5.37,-22.57,1014.8,122.5,-192.5,-35.0
97599,-5.37,-22.57,1014.8,122.5,-175.0,-35.0
97629,-5.37,-22.57,1014.8,122.5,-157.5,-35.0
97658,-5.37,-22.57,1014.8,122.5,-175.0,-52.5
97688,-5.37,-22.57,1014.8,122.5,-175.0,-52.5
97717,-5.37,-22.57,1014.8,122.5,-175.0,-35.0
97747,-5.37,-22.45,1014.8,122.5,-175.0,-35.0
97776,-5.37,-22.57,1014.8,122.5,-175.0,-35.0
97806,-5.37,-22.57,1014.8,105.0,-192.5,-17.5
97835,-5.37,-22.45,1014.8,122.5,-192.5,-35.0
97865,-5.37,-22.45,1014.8,105.0,-175.0,-35.0
97894,-5.37,-22.45,1014.92,140.0,-192.5,-35.0
97923,-5.37,-22.45,1014.92,122.5,-192.5,-35.0
97952,-5.37,-22.45,1014.8,140.0,-192.5,-35.0
97981,-5.37,-22.45,1014.8,105.0,-175.0,-35.0
98011,-5.37,-22.57,1014.8,105.0,-175.0,-35.0
98040,-5.37,-22.57,1014.8,122.5,-192.5,-35.0
98070,-5.37,-22.45,1014.8,105.0,-175.0,-17.5
98099,-5.37,-22.45,1014.8,105.0,-175.0,-17.5
98129,-5.37,-22.45,1014.8,122.5,-192.5,-17.5
98158,-5.37,-22.45,1014.8,122.5,-175.0,-35.0
98188,-5.37,-22.45,1014.8,122.5,-175.0,-35.0
98217,-5.37,-22.45,1014.8,122.5,-192.5,-35.0
98247,-5.37,-22.45,1014.8,122.5,-192.5,-35.0
98276,-5.37,-22.45,1014.67,122.5,-175.0,-52.5
98305,-5.37,-22.45,1014.67,122.5,-175.0,-35.0
98334,-5.37,-22.57,1014.67,122.5,-192.5,-17.5
98363,-5.37,-22.45,1014.67,122.5,-175.0,-17.5
98392,-5.37,-22.45,1014.8,122.5,-157.5,-35.0
98421,-5.37,-22.45,1014.67,122.5,-175.0,-35.0
98451,-5.37,-22.45,1014.8,105.0,-175.0,-52.5
98480,-5.37,-22.45,1014.8,122.5,-157.5,-35.0
98510,-5.37,-22.45,1014.8,140.0,-175.0,-35.0
98539,-5.37,-22.45,1014.8,122.5,-175.0,-35.0
98569,-5.37,-22.45,1014.8,122.5,-192.5,-52.5
98598,-5.37,-22.45,1014.8,122.5,-175.0,-35.0
98628,-5.37,-22.45,1014.8,140.0,-175.0,-35.0
98657,-5.25,-22.45,1014.8,105.0,-175.0,-35.0
98687,-5.37,-22.45,1014.8,105.0,-192.5,-35.0
98716,-5.37,-22.45,1014.92,122.5,-175.0,-35.0
98745,-5.37,-22.45,1014.92,122.5,-175.0,-35.0
98774,-5.37,-22.45,1014.92,122.5,-175.0,-17.5
98803,-5.37,-22.45,1015.04,122.5,-175.0,-17.5
98833,-5.37,-22.45,1015.04,105.0,-175.0,-35.0
98862,-5.37,-22.45,1015.04,105.0,-175.0,-35.0
98892,-5.37,-22.45,1015.04,122.5,-175.0,-35.0
98921,-5.37,-22.45,1015.04,122.5,-175.0,-17.5
98951,-5.37,-22.45,1015.04,140.0,-175.0,-17.5
98980,-5.37,-22.45,1015.16,122.5,-175.0,-35.0
99010,-5.25,-22.45,1015.16,122.5,-192.5,-17.5
99039,-5.25,-22.45,1015.16,105.0,-175.0,-17.5
99069,-5.25,-22.45,1015.16,122.5,-175.0,-35.0
99098,-5.25,-22.45,1015.16,122.5,-175.0,-35.0
99128,-5.25,-22.45,1015.16,122.5,-175.0,-35.0
99157,-5.25,-22.45,1015.28,122.5,-192.5,-52.5
99186,-5.25,-22.45,1015.28,122.5,-175.0,-52.5
99215,-5.25,-22.45,1015.28,105.0,-175.0,-35.0
99244,-5.25,-22.45,1015.28,105.0,-175.0,-17.5
99274,-5.25,-22.45,1015.28,105.0,-175.0,-17.5
99303,-5.25,-22.45,1015.28,105.0,-192.5,-35.0
99333,-5.25,-22.45,1015.28,122.5,-192.5,-35.0
99362,-5.25,-22.45,1015.28,122.5,-192.5,-17.5
99392,-5.25,-22.45,1015.28,140.0,-192.5,-17.5
99421,-5.25,-22.45,1015.28,140.0,-175.0,-35.0
99451,-5.25,-22.45,1015.28,122.5,-175.0,-35.0
99480,-5.25,-22.45,1015.28,105.0,-175.0,-35.0
99510,-5.25,-22.45,1015.28,122.5,-175.0,-35.0
99539,-5.25,-22.45,1015.28,122.5,-175.0,-35.0
99569,-5.25,-22.45,1015.28,105.0,-175.0,-35.0
99598,-5.25,-22.45,1015.16,122.5,-175.0,-52.5
99627,-5.25,-22.45,1015.16,140.0,-192.5,-35.0
99656,-5.25,-22.45,1015.16,105.0,-175.0,-17.5
99685,-5.25,-22.45,1015.16,122.5,-175.0,-17.5
99715,-5.25,-22.45,1015.16,122.5,-175.0,-35.0
99744,-5.25,-22.45,1015.16,122.5,-157.5,-35.0
99774,-5.12,-22.45,1015.16,122.5,-192.5,-17.5
99803,-5.25,-22.45,1015.16,122.5,-175.0,-35.0
99833,-5.25,-22.45,1015.04,122.5,-175.0,-17.5
99862,-5.12,-22.45,1015.16,122.5,-192.5,-17.5
99892,-5.12,-22.45,1015.16,122.5,-192.5,-17.5
99921,-5.25,-22.45,1015.16,122.5,-192.5,-35.0
99951,-5.12,-22.45,1015.28,140.0,-175.0,-17.5
99980,-5.25,-22.45,1015.28,122.5,-192.5,-17.5
100010,-5.25,-22.45,1015.28,140.0,-175.0,-17.5
100039,-5.25,-22.45,1015.28,122.5,-175.0,-35.0
100068,-5.25,-22.45,1015.28,140.0,-175.0,-35.0
100097,-5.25,-22.45,1015.28,122.5,-175.0,-35.0
100126,-5.25,-22.45,1015.28,122.5,-175.0,-35.0
100155,-5.25,-22.45,1015.28,122.5,-175.0,-35.0
100184,-5.25,-22.45,1015.28,105.0,-175.0,-35.0
100214,-5.25,-22.45,1015.28,122.5,-175.0,-17.5
100243,-5.25,-22.45,1015.41,105.0,-175.0,-17.5
100273,-5.25,-22.45,1015.41,122.5,-157.5,-17.5
100302,-5.25,-22.45,1015.41,140.0,-175.0,-35.0
100332,-5.25,-22.45,1015.41,122.5,-175.0,-35.0
100361,-5.25,-22.45,1015.53,122.5,-192.5,-35.0
100391,-5.25,-22.45,1015.53,122.5,-192.5,-35.0
100420,-5.25,-22.45,1015.53,122.5,-175.0,-52.5
100450,-5.25,-22.45,1015.53,122.5,-175.0,-52.5
100479,-5.25,-22.45,1015.53,105.0,-175.0,-35.0
100508,-5.25,-22.45,1015.53,122.5,-175.0,-35.0
100537,-5.25,-22.45,1015.53,105.0,-192.5,-17.5
100566,-5.25,-22.45,1015.53,122.5,-192.5,-17.5
100595,-5.25,-22.45,1015.53,105.0,-192.5,-17.5
100624,-5.25,-22.45,1015.53,122.5,-192.5,-17.5
100654,-5.25,-22.45,1015.53,122.5,-192.5,-35.0
100683,-5.37,-22.45,1015.65,122.5,-192.5,-35.0
100713,-5.37,-22.45,1015.65,122.5,-175.0,-35.0
100742,-5.25,-22.45,1015.77,105.0,-175.0,-35.0
100772,-5.37,-22.45,1015.77,105.0,-175.0,-35.0
100801,-5.37,-22.45,1015.77,122.5,-175.0,-35.0
100831,-5.37,-22.45,1015.77,105.0,-175.0,-35.0
100860,-5.37,-22.45,1015.77,122.5,-192.5,-35.0
100889,-5.37,-22.45,1015.77,122.5,-175.0,-17.5
100918,-5.37,-22.45,1015.77,122.5,-175.0,-17.5
100947,-5.37,-22.45,1015.77,122.5,-175.0,-35.0
100976,-5.37,-22.45,1015.77,122.5,-192.5,-35.0
101005,-5.37,-22.45,1015.77,122.5,-175.0,-35.0
101034,-5.37,-22.45,1015.77,105.0,-192.5,-35.0
101063,-5.25,-22.45,1015.77,105.0,-192.5,-35.0
101093,-5.25,-22.45,1015.77,122.5,-175.0,-35.0
101122,-5.37,-22.45,1015.77,122.5,-192.5,-17.5
101152,-5.37,-22.45,1015.77,122.5,-175.0,-35.0
101181,-5.37,-22.45,1015.65,122.5,-175.0,-35.0
101211,-5.25,-22.45,1015.77,122.5,-175.0,-35.0
101240,-5.25,-22.45,1015.77,122.5,-157.5,-35.0
101270,-5.37,-22.45,1015.77,122.5,-175.0,-17.5
101299,-5.37,-22.45,1015.77,105.0,-192.5,-17.5
101328,-5.37,-22.45,1015.77,105.0,-175.0,-35.0
101357,-5.37,-22.45,1015.77,122.5,-175.0,-17.5
101386,-5.37,-22.45,1015.77,122.5,-175.0,-17.5
101415,-5.37,-22.45,1015.77,122.5,-175.0,-35.0
101444,-5.37,-22.45,1015.77,122.5,-175.0,-35.0
101473,-5.37,-22.45,1015.77,122.5,-175.0,-17.5
101502,-5.37,-22.45,1015.77,105.0,-175.0,-35.0
101532,-5.37,-22.45,1015.77,105.0,-175.0,-17.5
101561,-5.37,-22.45,1015.77,105.0,-157.5,-35.0
101591,-5.37,-22.45,1015.77,105.0,-175.0,-17.5
101620,-5.37,-22.45,1015.77,105.0,-175.0,-17.5
101650,-5.37,-22.45,1015.65,105.0,-175.0,-35.0
101679,-5.37,-22.45,1015.77,122.5,-192.5,-35.0
101709,-5.37,-22.45,1015.77,140.0,-192.5,-35.0
101738,-5.37,-22.45,1015.77,122.5,-175.0,-17.5
101767,-5.25,-22.45,1015.65,122.5,-175.0,-17.5
101796,-5.25,-22.45,1015.65,122.5,-175.0,-17.5
101825,-5.37,-22.45,1015.77,122.5,-192.5,-17.5
101854,-5.37,-22.45,1015.77,122.5,-175.0,-52.5
101883,-5.37,-22.45,1015.77,105.0,-192.5,-35.0
101913,-5.37,-22.45,1015.77,122.5,-175.0,-35.0
101942,-5.37,-22.45,1015.77,122.5,-192.5,-35.0
101972,-5.37,-22.45,1015.77,122.5,-192.5,-35.0
102001,-5.37,-22.45,1015.77,140.0,-175.0,-35.0
102031,-5.37,-22.45,1015.65,122.5,-175.0,-35.0
102060,-5.37,-22.45,1015.53,105.0,-175.0,-35.0
102090,-5.37,-22.45,1015.53,122.5,-175.0,-35.0
102119,-5.37,-22.45,1015.53,105.0,-192.5,-35.0
102148,-5.37,-22.45,1015.41,122.5,-175.0,-35.0
102177,-5.37,-22.45,1015.41,122.5,-175.0,-17.5
102206,-5.37,-22.45,1015.41,122.5,-175.0,-17.5
102235,-5.37,-22.45,1015.41,122.5,-175.0,-35.0
102264,-5.37,-22.45,1015.41,122.5,-192.5,-35.0
102293,-5.37,-22.45,1015.41,105.0,-175.0,-17.5
102322,-5.25,-22.45,1015.28,105.0,-192.5,-35.0
102352,-5.37,-22.45,1015.28,122.5,-175.0,-35.0
102381,-5.37,-22.45,1015.28,122.5,-175.0,-35.0
102411,-5.37,-22.45,1015.28,105.0,-175.0,-35.0
102440,-5.37,-22.45,1015.28,122.5,-192.5,-52.5
102470,-5.37,-22.45,1015.16,122.5,-192.5,-35.0
102499,-5.37,-22.57,1015.16,122.5,-175.0,-35.0
102529,-5.37,-22.57,1015.16,122.5,-192.5,-17.5
102558,-5.37,-22.45,1015.16,122.5,-192.5,-17.5
102587,-5.37,-22.57,1015.16,105.0,-175.0,-17.5
102616,-5.37,-22.45,1015.16,87.5,-157.5,-35.0
102645,-5.37,-22.45,1015.16,122.5,-175.0,-35.0
102674,-5.37,-22.45,1015.16,122.5,-175.0,-35.0
102703,-5.25,-22.45,1015.16,122.5,-157.5,-17.5
102732,-5.37,-22.45,1015.16,122.5,-175.0,-35.0
102761,-5.25,-22.45,1015.16,105.0,-175.0,-17.5
102791,-5.37,-22.45,1015.16,122.5,-175.0,-35.0
102820,-5.25,-22.45,1015.16,122.5,-192.5,-35.0
102850,-5.37,-22.45,1015.28,122.5,-192.5,-35.0
102879,-5.37,-22.45,1015.28,105.0,-192.5,-35.0
102909,-5.37,-22.45,1015.16,105.0,-192.5,-35.0
102938,-5.37,-22.45,1015.16,140.0,-175.0,-17.5
102968,-5.37,-22.45,1015.16,122.5,-192.5,-17.5
102997,-5.25,-22.45,1015.16,122.5,-175.0,-17.5
103026,-5.25,-22.45,1015.16,122.5,-175.0,-35.0
103055,-5.37,-22.45,1015.16,140.0,-175.0,-35.0
103084,-5.25,-22.45,1015.16,122.5,-157.5,-35.0
103113,-5.37,-22.45,1015.16,105.0,-140.0,-35.0
103142,-5.37,-22.33,1015.16,122.5,-175.0,-35.0
103172,-5.37,-22.33,1015.04,122.5,-175.0,-35.0
103201,-5.37,-22.33,1015.04,122.5,-192.5,-35.0
103231,-5.37,-22.33,1015.04,122.5,-157.5,-35.0
103260,-5.37,-22.45,1014.92,105.0,-175.0,-17.5
103290,-5.37,-22.45,1014.92,122.5,-192.5,-17.5
103319,-5.25,-22.45,1014.8,140.0,-192.5,-35.0
103349,-5.25,-22.45,1014.8,105.0,-175.0,-35.0
103378,-5.25,-22.45,1014.8,122.5,-175.0,-35.0
103408,-5.37,-22.33,1014.8,122.5,-157.5,-35.0
103437,-5.37,-22.45,1014.8,122.5,-175.0,-17.5
103466,-5.37,-22.45,1014.8,122.5,-175.0,-17.5
103495,-5.25,-22.45,1014.8,122.5,-175.0,-17.5
103524,-5.37,-22.45,1014.8,105.0,-157.5,-35.0
103553,-5.37,-22.45,1014.8,122.5,-175.0,-35.0
103582,-5.37,-22.45,1014.8,122.5,-192.5,-35.0
103612,-5.37,-22.45,1014.8,122.5,-175.0,-35.0
103641,-5.25,-22.45,1014.8,140.0,-175.0,-35.0
103671,-5.25,-22.45,1014.8,140.0,-175.0,-35.0
103700,-5.25,-22.45,1014.8,122.5,-157.5,-35.0
103730,-5.25,-22.33,1014.8,122.5,-175.0,-35.0
103759,-5.25,-22.33,1014.8,122.5,-175.0,-35.0
103789,-5.25,-22.45,1014.8,122.5,-175.0,-17.5
103818,-5.12,-22.33,1014.8,105.0,-175.0,-17.5
103847,-5.12,-22.33,1014.92,122.5,-175.0,-17.5
103876,-5.12,-22.33,1014.92,122.5,-175.0,-35.0
103905,-5.12,-22.33,1015.04,122.5,-157.5,-35.0
103934,-5.12,-22.33,1015.04,122.5,-175.0,-52.5
103963,-5.12,-22.33,1015.04,122.5,-175.0,-35.0
103992,-5.12,-22.33,1015.04,140.0,-157.5,-17.5
104021,-5.12,-22.33,1015.04,105.0,-157.5,-17.5
104051,-5.25,-22.33,1015.04,122.5,-157.5,-17.5
104080,-5.12,-22.33,1015.04,140.0,-175.0,-17.5
104110,-5.25,-22.33,1015.04,122.5,-175.0,-17.5
104139,-5.12,-22.33,1015.04,105.0,-175.0,-35.0
104169,-5.12,-22.33,1015.04,140.0,-210.0,-35.0
104198,-5.12,-22.33,1015.04,122.5,-175.0,-17.5
104228,-5.12,-22.33,1015.04,122.5,-175.0,-35.0
104257,-5.12,-22.33,1014.92,122.5,-175.0,-35.0
104286,-5.12,-22.33,1014.92,122.5,-157.5,-35.0
104315,-5.12,-22.33,1015.04,122.5,-175.0,-35.0
104344,-5.12,-22.45,1014.92,140.0,-175.0,-35.0
104373,-5.12,-22.45,1014.92,122.5,-175.0,-35.0
104402,-5.25,-22.45,1014.92,122.5,-175.0,-35.0
104432,-5.12,-22.45,1014.92,122.5,-192.5,-35.0
104461,-5.25,-22.45,1014.92,122.5,-192.5,-35.0
104491,-5.25,-22.45,1014.92,105.0,-175.0,-35.0
104520,-5.25,-22.45,1014.92,122.5,-175.0,-17.5
104550,-5.25,-22.45,1014.92,140.0,-175.0,-17.5
104579,-5.25,-22.45,1015.04,122.5,-175.0,-17.5
104609,-5.25,-22.45,1014.92,122.5,-175.0,-17.5
104638,-5.25,-22.45,1014.92,140.0,-192.5,-35.0
104668,-5.25,-22.45,1014.92,105.0,-192.5,-35.0
104697,-5.25,-22.45,1014.92,105.0,-175.0,-35.0
104726,-5.25,-22.45,1015.04,105.0,-175.0,-35.0
104755,-5.25,-22.45,1014.92,105.0,-175.0,-35.0
104784,-5.12,-22.45,1015.04,122.5,-175.0,-35.0
104813,-5.25,-22.45,1015.04,122.5,-175.0,-35.0
104842,-5.25,-22.45,1015.04,122.5,-175.0,-35.0
104872,-5.25,-22.45,1014.92,122.5,-192.5,-17.5
104901,-5.25,-22.45,1015.04,140.0,-192.5,-35.0
104931,-5.25,-22.45,1015.04,122.5,-175.0,-35.0
104960,-5.25,-22.45,1015.04,122.5,-175.0,-35.0
104990,-5.25,-22.45,1015.04,105.0,-175.0,-35.0
105019,-5.25,-22.45,1015.04,122.5,-192.5,-35.0
105049,-5.25,-22.45,1015.04,122.5,-175.0,-35.0
105078,-5.12,-22.45,1015.04,122.5,-175.0,-17.5
105108,-5.12,-22.45,1015.16,105.0,-192.5,-35.0
105137,-5.25,-22.45,1015.16,105.0,-192.5,-17.5
105166,-5.25,-22.45,1015.16,122.5,-175.0,-17.5
105195,-5.25,-22.45,1015.28,122.5,-175.0,-35.0
105224,-5.25,-22.45,1015.28,122.5,-175.0,-17.5
105253,-5.25,-22.45,1015.16,140.0,-175.0,-35.0
105282,-5.25,-22.45,1015.28,140.0,-192.5,-35.0
105312,-5.25,-22.33,1015.28,122.5,-192.5,-17.5
105341,-5.25,-22.45,1015.28,105.0,-175.0,-17.5
105371,-5.37,-22.45,1015.16,105.0,-192.5,-35.0
105400,-5.37,-22.45,1015.16,122.5,-175.0,-52.5
105430,-5.37,-22.45,1015.28,105.0,-175.0,-52.5
105459,-5.25,-22.45,1015.28,122.5,-175.0,-17.5
105489,-5.37,-22.45,1015.28,140.0,-175.0,-35.0
105518,-5.37,-22.45,1015.28,122.5,-175.0,-35.0
105548,-5.37,-22.45,1015.28,105.0,-192.5,-35.0
105577,-5.37,-22.45,1015.28,105.0,-157.5,-17.5
105606,-5.25,-22.45,1015.28,105.0,-175.0,-35.0
105635,-5.25,-22.45,1015.28,105.0,-175.0,-35.0
105664,-5.25,-22.45,1015.28,105.0,-175.0,-35.0
105693,-5.25,-22.33,1015.28,140.0,-175.0,-35.0
105722,-5.25,-22.33,1015.41,122.5,-192.5,-35.0
105752,-5.25,-22.33,1015.28,122.5,-157.5,-35.0
105781,-5.25,-22.33,1015.41,140.0,-175.0,-35.0
105811,-5.25,-22.33,1015.41,140.0,-192.5,-17.5
105840,-5.25,-22.33,1015.41,122.5,-175.0,-17.5
105870,-5.25,-22.33,1015.41,105.0,-175.0,-35.0
105899,-5.25,-22.33,1015.41,122.5,-157.5,-35.0
105929,-5.25,-22.33,1015.41,122.5,-175.0,-35.0
105958,-5.25,-22.33,1015.41,122.5,-192.5,-35.0
105987,-5.12,-22.33,1015.41,140.0,-192.5,-35.0
106016,-5.25,-22.33,1015.41,122.5,-192.5,-35.0
106045,-5.12,-22.33,1015.41,105.0,-175.0,-35.0
106074,-5.25,-22.33,1015.28,105.0,-192.5,-17.5
106103,-5.25,-22.33,1015.28,122.5,-175.0,-17.5
106132,-5.12,-22.33,1015.28,105.0,-192.5,-35.0
106161,-5.25,-22.33,1015.28,105.0,-175.0,-35.0
106191,-5.25,-22.33,1015.28,122.5,-175.0,-17.5
106220,-5.12,-22.33,1015.28,105.0,-175.0,-35.0
106250,-5.12,-22.33,1015.28,105.0,-175.0,-17.5
106279,-5.12,-22.33,1015.28,140.0,-192.5,-35.0
106309,-5.12,-22.33,1015.28,122.5,-192.5,-52.5
106338,-5.12,-22.33,1015.16,122.5,-192.5,-35.0
106368,-5.12,-22.33,1015.16,122.5,-175.0,-35.0
106397,-5.12,-22.33,1015.16,122.5,-157.5,-52.5
106426,-5.12,-22.33,1015.28,105.0,-175.0,-17.5
106455,-5.25,-22.33,1015.28,122.5,-192.5,-17.5
106484,-5.25,-22.33,1015.28,122.5,-192.5,-35.0
106513,-5.12,-22.33,1015.16,122.5,-175.0,-35.0
106542,-5.12,-22.33,1015.16,122.5,-175.0,-35.0
106572,-5.25,-22.33,1015.16,122.5,-175.0,-17.5
106601,-5.25,-22.33,1015.16,140.0,-175.0,-35.0
106631,-5.25,-22.33,1015.16,122.5,-192.5,-17.5
106660,-5.25,-22.33,1015.16,105.0,-175.0,-17.5
106690,-5.25,-22.33,1015.16,122.5,-192.5,-35.0
106719,-5.25,-22.33,1015.16,157.5,-175.0,-17.5
106749,-5.25,-22.33,1015.16,122.5,-175.0,-35.0
106778,-5.25,-22.33,1015.28,105.0,-192.5,-17.5
106808,-5.25,-22.33,1015.16,105.0,-175.0,-35.0
106837,-5.25,-22.33,1015.28,122.5,-175.0,-35.0
106866,-5.25,-22.33,1015.28,122.5,-192.5,-52.5
106895,-5.25,-22.33,1015.28,105.0,-192.5,-35.0
106924,-5.12,-22.33,1015.28,122.5,-175.0,-35.0
106953,-5.12,-22.33,1015.28,122.5,-175.0,-35.0
106982,-5.25,-22.33,1015.28,122.5,-175.0,-35.0
107012,-5.12,-22.33,1015.16,122.5,-175.0,-35.0
107041,-5.12,-22.33,1015.28,122.5,-157.5,-35.0
107071,-5.25,-22.2,1015.28,140.0,-175.0,-17.5
107100,-5.25,-22.2,1015.28,105.0,-192.5,-35.0
107130,-5.25,-22.33,1015.28,122.5,-175.0,-35.0
107159,-5.25,-22.2,1015.28,140.0,-175.0,-35.0
107189,-5.25,-22.2,1015.28,122.5,-192.5,-17.5
107218,-5.25,-22.33,1015.28,105.0,-175.0,-35.0
107248,-5.12,-22.2,1015.28,87.5,-175.0,-35.0
107277,-5.25,-22.2,1015.28,105.0,-192.5,-35.0
107306,-5.25,-22.33,1015.41,140.0,-175.0,-35.0
107335,-5.25,-22.33,1015.41,122.5,-175.0,-17.5
107364,-5.12,-22.33,1015.41,122.5,-175.0,-35.0
107393,-5.12,-22.33,1015.41,122.5,-175.0,-35.0
107422,-5.25,-22.33,1015.41,105.0,-175.0,-35.0
107452,-5.12,-22.33,1015.53,105.0,-175.0,-17.5
107481,-5.12,-22.33,1015.41,122.5,-175.0,-17.5
107511,-5.12,-22.33,1015.53,122.5,-175.0,-17.5
107540,-5.12,-22.33,1015.53,122.5,-192.5,-35.0
107570,-5.12,-22.33,1015.41,122.5,-175.0,-35.0
107599,-5.12,-22.33,1015.53,122.5,-175.0,-17.5
107629,-5.12,-22.33,1015.41,105.0,-175.0,-17.5
107658,-5.25,-22.33,1015.41,122.5,-192.5,-35.0
107688,-5.12,-22.33,1015.53,105.0,-175.0,-35.0
107717,-5.12,-22.45,1015.41,122.5,-175.0,-35.0
107746,-5.12,-22.45,1015.53,140.0,-175.0,-17.5
107775,-5.12,-22.45,1015.41,122.5,-192.5,-17.5
107804,-5.25,-22.45,1015.41,105.0,-175.0,-17.5
107833,-5.12,-22.45,1015.41,105.0,-175.0,-17.5
107862,-5.12,-22.45,1015.41,105.0,-157.5,-35.0
107892,-5.25,-22.33,1015.41,122.5,-175.0,-35.0
107921,-5.25,-22.33,1015.53,122.5,-175.0,-17.5
107951,-5.25,-22.33,1015.53,122.5,-210.0,-17.5
107980,-5.25,-22.33,1015.53,105.0,-175.0,-35.0
108010,-5.25,-22.45,1015.41,105.0,-175.0,-35.0
108039,-5.25,-22.45,1015.53,122.5,-157.5,-35.0
108069,-5.25,-22.45,1015.53,105.0,-192.5,-35.0
108098,-5.25,-22.33,1015.53,122.5,-175.0,-52.5
108128,-5.25,-22.45,1015.53,140.0,-192.5,-35.0
108157,-5.25,-22.33,1015.41,122.5,-192.5,-17.5
108186,-5.37,-22.33,1015.53,105.0,-192.5,-35.0
108215,-5.37,-22.33,1015.41,122.5,-157.5,-35.0
108244,-5.37,-22.33,1015.53,105.0,-157.5,-35.0
108273,-5.37,-22.33,1015.41,122.5,-175.0,-35.0
108302,-5.37,-22.33,1015.41,122.5,-157.5,-17.5
108332,-5.37,-22.33,1015.53,105.0,-175.0,-35.0
108361,-5.37,-22.33,1015.53,140.0,-157.5,-17.5
108391,-5.37,-22.45,1015.41,122.5,-157.5,-35.0
108420,-5.37,-22.45,1015.53,105.0,-175.0,-35.0
108450,-5.37,-22.45,1015.53,105.0,-175.0,-35.0
108479,-5.37,-22.45,1015.53,122.5,-175.0,-17.5
108509,-5.37,-22.45,1015.53,122.5,-175.0,-35.0
108538,-5.37,-22.45,1015.53,140.0,-175.0,-35.0
108567,-5.37,-22.45,1015.53,122.5,-175.0,-35.0
108596,-5.37,-22.45,1015.53,122.5,-175.0,-35.0
108625,-5.25,-22.45,1015.53,122.5,-157.5,-35.0
108654,-5.37,-22.45,1015.53,122.5,-175.0,-35.0
108683,-5.37,-22.45,1015.53,140.0,-157.5,-17.5
108712,-5.37,-22.45,1015.53,122.5,-175.0,-17.5
108741,-5.37,-22.45,1015.53,122.5,-175.0,-35.0
108771,-5.37,-22.45,1015.65,122.5,-175.0,-35.0
108800,-5.37,-22.45,1015.65,122.5,-192.5,-17.5
108830,-5.25,-22.45,1015.77,105.0,-175.0,-17.5
108859,-5.25,-22.45,1015.77,140.0,-175.0,-35.0
108889,-5.25,-22.45,1015.77,105.0,-175.0,-35.0
108918,-5.25,-22.45,1015.65,122.5,-175.0,-17.5
108948,-5.25,-22.45,1015.77,122.5,-192.5,-52.5
108977,-5.25,-22.33,1015.77,122.5,-175.0,-52.5
109007,-5.25,-22.45,1015.77,122.5,-157.5,-52.5
109036,-5.25,-22.45,1015.77,105.0,-175.0,-35.0
109065,-5.25,-22.45,1015.77,105.0,-175.0,-35.0
109094,-5.25,-22.45,1015.77,122.5,-175.0,-17.5
109123,-5.25,-22.33,1015.77,122.5,-175.0,-17.5
109152,-5.25,-22.33,1015.89,122.5,-175.0,-17.5
109181,-5.25,-22.33,1015.89,122.5,-175.0,-17.5
109211,-5.25,-22.33,1015.89,122.5,-175.0,-35.0
109240,-5.25,-22.33,1015.89,140.0,-175.0,-35.0
109270,-5.25,-22.33,1015.89,122.5,-175.0,-35.0
109299,-5.25,-22.2,1016.02,122.5,-175.0,-17.5
109329,-5.25,-22.33,1016.02,105.0,-175.0,-17.5
109358,-5.25,-22.33,1016.02,122.5,-175.0,-17.5
109388,-5.25,-22.33,1016.02,122.5,-175.0,-35.0
109417,-5.25,-22.45,1016.02,122.5,-175.0,-35.0
109447,-5.25,-22.45,1016.02,140.0,-175.0,-35.0
109476,-5.25,-22.33,1016.02,122.5,-192.5,-17.5
109505,-5.25,-22.33,1016.02,122.5,-175.0,-17.5
109534,-5.25,-22.33,1016.02,105.0,-175.0,-35.0
109563,-5.25,-22.33,1016.02,122.5,-175.0,-35.0
109592,-5.25,-22.33,1016.02,122.5,-175.0,-35.0
109621,-5.25,-22.33,1016.02,122.5,-192.5,-35.0
109651,-5.25,-22.33,1016.02,122.5,-175.0,-17.5
109680,-5.25,-22.33,1016.02,122.5,-175.0,-35.0
109710,-5.25,-22.33,1016.02,122.5,-175.0,-17.5
109739,-5.25,-22.33,1016.02,157.5,-175.0,-35.0
109769,-5.25,-22.33,1016.02,140.0,-175.0,-35.0
109798,-5.12,-22.33,1016.02,122.5,-192.5,-52.5
109828,-5.25,-22.45,1016.02,105.0,-175.0,-35.0
109857,-5.12,-22.33,1016.02,122.5,-175.0,-35.0
109887,-5.25,-22.33,1016.02,105.0,-175.0,-35.0
109916,-5.25,-22.33,1016.02,122.5,-175.0,-17.5
109946,-5.25,-22.45,1016.02,105.0,-192.5,-35.0
109975,-5.25,-22.45,1016.02,105.0,-192.5,-35.0
110004,-5.25,-22.45,1016.02,122.5,-175.0,-35.0
110033,-5.25,-22.45,1015.89,122.5,-175.0,-17.5
110062,-5.25,-22.45,1016.02,122.5,-175.0,-17.5
110091,-5.25,-22.45,1015.89,140.0,-175.0,-35.0
110120,-5.25,-22.45,1015.89,140.0,-175.0,-35.0
110150,-5.25,-22.45,1015.89,122.5,-175.0,-17.5
110179,-5.25,-22.45,1015.89,122.5,-192.5,-35.0
110209,-5.25,-22.33,1015.89,105.0,-175.0,-17.5
110238,-5.25,-22.33,1015.89,122.5,-175.0,-35.0
110268,-5.37,-22.33,1015.89,122.5,-175.0,-35.0
110297,-5.37,-22.33,1015.77,122.5,-175.0,-35.0
110327,-5.37,-22.45,1015.77,105.0,-175.0,-17.5
110356,-5.37,-22.45,1015.65,122.5,-175.0,-17.5
110386,-5.37,-22.45,1015.65,122.5,-175.0,-35.0
110415,-5.37,-22.45,1015.65,122.5,-192.5,-35.0
110444,-5.37,-22.45,1015.65,105.0,-192.5,-17.5
110473,-5.37,-22.45,1015.65,105.0,-192.5,-35.0
110502,-5.25,-22.33,1015.65,122.5,-175.0,-35.0
110531,-5.37,-22.33,1015.65,140.0,-157.5,-35.0
110560,-5.37,-22.45,1015.65,140.0,-192.5,-35.0
110589,-5.37,-22.45,1015.65,105.0,-175.0,-35.0
110618,-5.25,-22.45,1015.65,105.0,-175.0,-35.0
110648,-5.37,-22.45,1015.65,105.0,-192.5,-17.5
110677,-5.37,-22.33,1015.65,122.5,-175.0,-35.0
110707,-5.37,-22.45,1015.53,105.0,-175.0,-35.0
110736,-5.37,-22.45,1015.53,122.5,-175.0,-35.0
110766,-5.37,-22.45,1015.53,122.5,-175.0,-35.0
110795,-5.37,-22.45,1015.53,122.5,-192.5,-17.5
110825,-5.37,-22.45,1015.53,140.0,-192.5,-35.0
110854,-5.37,-22.45,1015.53,122.5,-157.5,-35.0
110884,-5.37,-22.45,1015.53,122.5,-192.5,-17.5
110913,-5.37,-22.45,1015.53,140.0,-192.5,-17.5
110942,-5.37,-22.45,1015.65,122.5,-192.5,-35.0
110971,-5.37,-22.45,1015.65,105.0,-175.0,-17.5
111000,-5.37,-22.45,1015.65,105.0,-175.0,-35.0
111029,-5.37,-22.45,1015.65,122.5,-175.0,-35.0
111058,-5.25,-22.45,1015.65,122.5,-175.0,-35.0
111088,-5.25,-22.45,1015.65,122.5,-175.0,-35.0
111117,-5.25,-22.45,1015.65,122.5,-175.0,-35.0
111147,-5.25,-22.45,1015.65,122.5,-175.0,-35.0
111176,-5.37,-22.45,1015.53,122.5,-175.0,-35.0
111206,-5.37,-22.45,1015.53,105.0,-175.0,-35.0
111235,-5.25,-22.45,1015.53,122.5,-192.5,-35.0
111265,-5.37,-22.45,1015.53,122.5,-192.5,-35.0
111294,-5.37,-22.45,1015.53,122.5,-192.5,-17.5
111324,-5.37,-22.45,1015.41,122.5,-192.5,-35.0
111353,-5.37,-22.45,1015.41,105.0,-175.0,-35.0
111382,-5.37,-22.45,1015.41,122.5,-175.0,-35.0
111411,-5.37,-22.45,1015.41,122.5,-192.5,-35.0
111440,-5.25,-22.45,1015.41,122.5,-175.0,-17.5
111469,-5.25,-22.45,1015.41,122.5,-175.0,-35.0
111498,-5.25,-22.45,1015.28,140.0,-192.5,-35.0
111527,-5.25,-22.45,1015.28,122.5,-175.0,-35.0
111556,-5.25,-22.45,1015.28,140.0,-175.0,-35.0
111586,-5.37,-22.45,1015.28,122.5,-175.0,-35.0
111615,-5.37,-22.57,1015.41,122.5,-157.5,-35.0
111645,-5.37,-22.45,1015.41,140.0,-175.0,-17.5
111674,-5.37,-22.45,1015.41,122.5,-175.0,-35.0
111704,-5.37,-22.45,1015.41,122.5,-192.5,-17.5
111733,-5.37,-22.45,1015.41,122.5,-175.0,-35.0
111763,-5.37,-22.45,1015.41,122.5,-175.0,-35.0
111792,-5.37,-22.45,1015.41,122.5,-175.0,-35.0
111822,-5.37,-22.45,1015.41,105.0,-157.5,-35.0
111851,-5.37,-22.45,1015.41,122.5,-175.0,-35.0
111881,-5.37,-22.45,1015.41,122.5,-175.0,-35.0
111910,-5.37,-22.45,1015.28,122.5,-157.5,-35.0
111939,-5.37,-22.45,1015.28,122.5,-175.0,-35.0
111968,-5.37,-22.45,1015.28,122.5,-175.0,-17.5
111997,-5.37,-22.45,1015.28,122.5,-175.0,-35.0
112026,-5.37,-22.45,1015.28,105.0,-175.0,-35.0
112055,-5.37,-22.45,1015.28,105.0,-175.0,-35.0
112085,-5.37,-22.45,1015.16,122.5,-175.0,-35.0
112114,-5.37,-22.45,1015.28,122.5,-175.0,-35.0
112144,-5.37,-22.45,1015.28,122.5,-157.5,-35.0
112173,-5.37,-22.45,1015.28,122.5,-175.0,-17.5
112203,-5.37,-22.45,1015.16,122.5,-175.0,-17.5
112232,-5.37,-22.45,1015.28,122.5,-175.0,-35.0
112262,-5.37,-22.45,1015.28,105.0,-175.0,-35.0
112291,-5.37,-22.45,1015.28,105.0,-192.5,-35.0
112321,-5.37,-22.45,1015.28,105.0,-192.5,-35.0
112350,-5.37,-22.45,1015.16,140.0,-192.5,-17.5
112380,-5.37,-22.45,1015.16,122.5,-157.5,-35.0
112409,-5.37,-22.45,1015.28,122.5,-157.5,-35.0
112438,-5.37,-22.45,1015.16,122.5,-175.0,-17.5
112467,-5.37,-22.45,1015.16,105.0,-175.0,-17.5
112496,-5.37,-22.45,1015.16,105.0,-175.0,-35.0
112525,-5.37,-22.45,1015.28,122.5,-175.0,-17.5
112554,-5.37,-22.45,1015.28,105.0,-175.0,-35.0
112584,-5.37,-22.45,1015.28,122.5,-175.0,-17.5
112613,-5.37,-22.45,1015.28,140.0,-157.5,-35.0
112643,-5.37,-22.45,1015.28,105.0,-175.0,-17.5
112672,-5.37,-22.45,1015.28,105.0,-175.0,-17.5
112702,-5.37,-22.45,1015.28,105.0,-175.0,-17.5
112731,-5.37,-22.45,1015.28,87.5,-175.0,0.0
112761,-5.37,-22.45,1015.28,122.5,-175.0,-35.0
112790,-5.37,-22.45,1015.28,105.0,-157.5,-17.5
112820,-5.37,-22.45,1015.28,105.0,-157.5,-35.0
112849,-5.37,-22.45,1015.28,105.0,-192.5,-35.0
112879,-5.37,-22.45,1015.28,105.0,-175.0,-35.0
112908,-5.37,-22.45,1015.28,122.5,-175.0,-35.0
112937,-5.37,-22.45,1015.28,105.0,-175.0,-35.0
112966,-5.37,-22.45,1015.28,105.0,-175.0,-35.0
112995,-5.37,-22.45,1015.28,122.5,-192.5,-17.5
113024,-5.37,-22.45,1015.28,105.0,-175.0,-17.5
113053,-5.37,-22.45,1015.28,105.0,-175.0,-35.0
113083,-5.37,-22.45,1015.28,105.0,-192.5,-35.0
113112,-5.37,-22.45,1015.28,105.0,-192.5,-35.0
113142,-5.37,-22.45,1015.28,122.5,-192.5,-35.0
113171,-5.37,-22.45,1015.28,122.5,-192.5,-35.0
113201,-5.37,-22.45,1015.28,105.0,-175.0,-35.0
113230,-5.37,-22.45,1015.28,105.0,-157.5,-35.0
113260,-5.37,-22.45,1015.28,105.0,-175.0,-35.0
113289,-5.37,-22.45,1015.28,122.5,-175.0,-52.5
113319,-5.37,-22.33,1015.28,122.5,-192.5,-17.5
113348,-5.37,-22.45,1015.28,122.5,-175.0,-17.5
113378,-5.37,-22.45,1015.28,105.0,-175.0,-35.0
113407,-5.37,-22.45,1015.28,105.0,-192.5,-35.0
113436,-5.37,-22.45,1015.28,122.5,-192.5,-17.5
113465,-5.37,-22.45,1015.41,122.5,-175.0,-35.0
113494,-5.37,-22.33,1015.41,122.5,-157.5,-35.0
113523,-5.37,-22.33,1015.41,122.5,-175.0,-35.0
113552,-5.37,-22.33,1015.28,122.5,-157.5,-35.0
113581,-5.37,-22.33,1015.41,140.0,-157.5,-35.0
113610,-5.37,-22.33,1015.41,122.5,-157.5,-35.0
113640,-5.37,-22.33,1015.41,140.0,-175.0,-35.0
113669,-5.37,-22.33,1015.41,122.5,-175.0,-35.0
113699,-5.37,-22.45,1015.41,122.5,-175.0,-35.0
113728,-5.37,-22.45,1015.41,122.5,-175.0,-17.5
113758,-5.37,-22.45,1015.41,105.0,-157.5,-35.0
113787,-5.37,-22.45,1015.41,122.5,-175.0,-35.0
113817,-5.25,-22.33,1015.41,122.5,-175.0,-35.0
113846,-5.25,-22.33,1015.53,140.0,-175.0,-35.0
113876,-5.25,-22.33,1015.53,122.5,-192.5,-17.5
113905,-5.25,-22.33,1015.53,122.5,-192.5,-17.5
113934,-5.25,-22.33,1015.53,105.0,-175.0,-35.0
113963,-5.25,-22.33,1015.53,105.0,-175.0,-17.5
113992,-5.25,-22.33,1015.53,122.5,-175.0,-35.0
114021,-5.25,-22.33,1015.53,122.5,-175.0,-35.0
114050,-5.25,-22.45,1015.53,122.5,-175.0,-35.0
114079,-5.25,-22.33,1015.53,122.5,-175.0,-35.0
114108,-5.25,-22.33,1015.41,122.5,-175.0,-17.5
114138,-5.25,-22.45,1015.53,140.0,-175.0,-35.0
114167,-5.25,-22.45,1015.53,105.0,-157.5,-35.0
114197,-5.25,-22.45,1015.53,122.5,-192.5,-17.5
114226,-5.25,-22.45,1015.41,140.0,-192.5,-35.0
114256,-5.25,-22.33,1015.53,122.5,-192.5,-35.0
114285,-5.25,-22.45,1015.53,122.5,-175.0,-35.0
114315,-5.25,-22.33,1015.53,122.5,-192.5,-35.0
114344,-5.25,-22.33,1015.53,122.5,-175.0,-17.5
114374,-5.25,-22.45,1015.53,122.5,-175.0,-35.0
114403,-5.25,-22.45,1015.53,140.0,-175.0,-35.0
114432,-5.25,-22.45,1015.53,122.5,-175.0,-17.5
114461,-5.25,-22.33,1015.53,105.0,-175.0,-17.5
114490,-5.25,-22.33,1015.53,105.0,-175.0,-17.5
114519,-5.25,-22.33,1015.53,105.0,-175.0,-35.0
114548,-5.25,-22.45,1015.53,105.0,-192.5,-35.0
114577,-5.25,-22.33,1015.53,122.5,-175.0,-17.5
114606,-5.25,-22.45,1015.53,105.0,-192.5,-35.0
114636,-5.12,-22.33,1015.53,105.0,-175.0,-35.0
114665,-5.25,-22.33,1015.53,140.0,-157.5,-35.0
114695,-5.25,-22.33,1015.53,122.5,-175.0,-35.0
114724,-5.25,-22.33,1015.53,122.5,-175.0,-35.0
114754,-5.25,-22.45,1015.53,122.5,-175.0,-35.0
114783,-5.25,-22.45,1015.53,122.5,-157.5,-17.5
114813,-5.25,-22.45,1015.53,105.0,-192.5,-35.0
114842,-5.25,-22.45,1015.53,122.5,-175.0,-17.5
114872,-5.25,-22.45,1015.53,140.0,-157.5,-35.0
114901,-5.25,-22.33,1015.65,122.5,-157.5,-35.0
114930,-5.25,-22.45,1015.65,122.5,-157.5,-17.5
114959,-5.25,-22.45,1015.65,122.5,-175.0,-35.0
114988,-5.37,-22.45,1015.65,122.5,-175.0,-35.0
115017,-5.37,-22.33,1015.77,105.0,-175.0,-17.5
115046,-5.37,-22.45,1015.77,105.0,-192.5,-35.0
115075,-5.37,-22.45,1015.65,122.5,-192.5,-35.0
115104,-5.37,-22.45,1015.77,105.0,-157.5,-17.5
115134,-5.25,-22.45,1015.77,122.5,-175.0,-35.0
115163,-5.25,-22.45,1015.77,122.5,-175.0,-35.0
115193,-5.25,-22.45,1015.77,105.0,-175.0,-35.0
115222,-5.25,-22.45,1015.77,105.0,-175.0,-17.5
115252,-5.25,-22.45,1015.77,122.5,-175.0,-35.0
115281,-5.25,-22.45,1015.77,122.5,-175.0,-35.0
115311,-5.25,-22.45,1015.77,122.5,-175.0,-17.5
115340,-5.37,-22.45,1015.77,122.5,-175.0,-35.0
115370,-5.25,-22.45,1015.77,122.5,-175.0,-17.5
115399,-5.25,-22.45,1015.77,122.5,-175.0,-17.5
115428,-5.25,-22.45,1015.77,140.0,-175.0,-17.5
115457,-5.37,-22.45,1015.89,140.0,-175.0,-35.0
115486,-5.25,-22.45,1015.89,122.5,-175.0,-17.5
115515,-5.25,-22.45,1015.77,140.0,-175.0,-17.5
115544,-5.25,-22.45,1015.77,122.5,-175.0,-17.5
115574,-5.25,-22.45,1015.77,122.5,-175.0,-17.5
115603,-5.25,-22.45,1015.77,140.0,-192.5,-17.5
115633,-5.37,-22.45,1015.77,122.5,-175.0,-35.0
115662,-5.37,-22.45,1015.77,122.5,-175.0,-17.5
115692,-5.25,-22.45,1015.77,122.5,-175.0,-17.5
115721,-5.37,-22.45,1015.77,122.5,-175.0,-17.5
115751,-5.37,-22.45,1015.77,122.5,-192.5,-35.0
115780,-5.25,-22.45,1015.77,122.5,-175.0,-35.0
115810,-5.25,-22.45,1015.77,122.5,-192.5,-35.0
115839,-5.25,-22.45,1015.89,105.0,-175.0,-35.0
115869,-5.37,-22.45,1015.89,105.0,-175.0,-35.0
115898,-5.25,-22.45,1015.89,105.0,-175.0,-17.5
115927,-5.25,-22.45,1015.89,105.0,-175.0,-17.5
115956,-5.25,-22.45,1015.89,105.0,-175.0,-35.0
115985,-5.37,-22.45,1015.89,87.5,-175.0,-17.5
116015,-5.25,-22.33,1015.89,105.0,-175.0,-17.5
116044,-5.25,-22.33,1015.89,122.5,-192.5,-17.5
116074,-5.25,-22.33,1015.89,122.5,-192.5,-17.5
116103,-5.25,-22.45,1015.89,105.0,-175.0,-17.5
116133,-5.25,-22.45,1015.89,122.5,-192.5,-17.5
116162,-5.25,-22.45,1015.89,122.5,-192.5,-35.0
116192,-5.25,-22.45,1015.89,122.5,-175.0,-35.0
116221,-5.25,-22.45,1016.02,122.5,-175.0,-35.0
116251,-5.25,-22.45,1016.02,122.5,-175.0,-35.0
116280,-5.25,-22.45,1015.89,122.5,-175.0,-35.0
116310,-5.25,-22.45,1015.89,122.5,-175.0,-35.0
116339,-5.25,-22.45,1015.89,140.0,-175.0,-35.0
116369,-5.25,-22.45,1015.89,122.5,-175.0,-52.5
116398,-5.25,-22.45,1015.89,122.5,-175.0,-35.0
116427,-5.25,-22.45,1015.77,105.0,-175.0,-17.5
116456,-5.37,-22.45,1015.77,105.0,-175.0,-17.5
116485,-5.37,-22.45,1015.77,122.5,-192.5,-17.5
116514,-5.37,-22.45,1015.65,105.0,-175.0,-35.0
116543,-5.37,-22.45,1015.65,122.5,-175.0,-35.0
116573,-5.37,-22.45,1015.53,140.0,-175.0,-17.5
116602,-5.37,-22.45,1015.53,122.5,-175.0,-35.0
116632,-5.37,-22.45,1015.53,105.0,-175.0,-35.0
116661,-5.37,-22.45,1015.53,105.0,-175.0,-35.0
116691,-5.37,-22.45,1015.41,122.5,-175.0,-17.5
116720,-5.37,-22.45,1015.41,140.0,-192.5,-35.0
116750,-5.37,-22.45,1015.41,122.5,-192.5,-17.5
116779,-5.37,-22.45,1015.41,122.5,-175.0,-35.0
116809,-5.37,-22.45,1015.28,105.0,-192.5,-35.0
116838,-5.37,-22.45,1015.41,140.0,-192.5,-35.0
116867,-5.37,-22.45,1015.41,122.5,-157.5,-35.0
116896,-5.37,-22.45,1015.41,122.5,-157.5,-35.0
116925,-5.37,-22.45,1015.41,105.0,-175.0,-35.0
116954,-5.37,-22.45,1015.41,122.5,-192.5,-35.0
116983,-5.37,-22.45,1015.41,140.0,-175.0,-17.5
117012,-5.37,-22.45,1015.41,105.0,-175.0,-35.0
117041,-5.37,-22.45,1015.41,105.0,-175.0,-35.0
117071,-5.37,-22.45,1015.41,122.5,-175.0,-35.0
117100,-5.37,-22.45,1015.41,122.5,-175.0,-35.0
117130,-5.37,-22.45,1015.53,122.5,-175.0,-35.0
117159,-5.37,-22.45,1015.53,122.5,-175.0,-35.0
117189,-5.37,-22.45,1015.53,122.5,-175.0,-52.5
117218,-5.37,-22.45,1015.53,122.5,-175.0,-35.0
117248,-5.37,-22.45,1015.53,105.0,-175.0,-17.5
117277,-5.37,-22.45,1015.53,105.0,-192.5,-17.5
117307,-5.37,-22.33,1015.53,105.0,-192.5,-17.5
117336,-5.37,-22.45,1015.53,122.5,-175.0,-35.0
117365,-5.37,-22.33,1015.53,105.0,-192.5,-35.0
117394,-5.37,-22.33,1015.53,105.0,-175.0,-35.0
117423,-5.37,-22.33,1015.65,87.5,-192.5,-17.5
117453,-5.37,-22.33,1015.65,105.0,-175.0,-17.5
117482,-5.25,-22.33,1015.65,122.5,-157.5,0.0
117512,-5.25,-22.45,1015.65,105.0,-175.0,-17.5
117541,-5.25,-22.45,1015.65,87.5,-192.5,-35.0
117571,-5.25,-22.33,1015.65,105.0,-175.0,-17.5
117600,-5.25,-22.33,1015.65,105.0,-175.0,-17.5
117630,-5.25,-22.33,1015.77,105.0,-175.0,-35.0
117659,-5.25,-22.33,1015.77,105.0,-157.5,-17.5
117689,-5.25,-22.33,1015.77,122.5,-175.0,-17.5
117718,-5.37,-22.33,1015.77,122.5,-175.0,-17.5
117748,-5.37,-22.33,1015.77,122.5,-175.0,-17.5
117777,-5.25,-22.33,1015.77,122.5,-192.5,-35.0
117807,-5.25,-22.33,1015.77,140.0,-192.5,-35.0
117836,-5.37,-22.33,1015.77,105.0,-192.5,-35.0
117865,-5.37,-22.33,1015.77,87.5,-175.0,-17.5
117894,-5.25,-22.45,1015.77,105.0,-175.0,-35.0
117923,-5.25,-22.45,1015.77,105.0,-175.0,-35.0
117952,-5.37,-22.33,1015.77,122.5,-175.0,-17.5
117981,-5.37,-22.33,1015.77,122.5,-175.0,-35.0
118011,-5.25,-22.33,1015.77,122.5,-175.0,-17.5
118040,-5.25,-22.33,1015.89,122.5,-175.0,-17.5
118070,-5.25,-22.33,1015.89,122.5,-175.0,-35.0
118099,-5.25,-22.33,1015.89,140.0,-192.5,-52.5
118129,-5.37,-22.33,1015.89,122.5,-192.5,-35.0
118158,-5.37,-22.45,1016.02,122.5,-192.5,-35.0
118188,-5.37,-22.45,1015.89,122.5,-175.0,-35.0
118217,-5.37,-22.33,1016.02,122.5,-175.0,-35.0
118247,-5.37,-22.33,1015.89,105.0,-192.5,-35.0
118276,-5.37,-22.33,1016.02,122.5,-192.5,-35.0
118306,-5.37,-22.33,1016.02,122.5,-175.0,-35.0
118335,-5.37,-22.33,1016.02,122.5,-175.0,-17.5
118364,-5.37,-22.33,1016.02,105.0,-192.5,-17.5
118393,-5.37,-22.33,1016.02,105.0,-175.0,-17.5
118422,-5.37,-22.33,1016.02,122.5,-175.0,-35.0
118451,-5.37,-22.45,1016.02,105.0,-175.0,-17.5
118480,-5.37,-22.45,1016.02,105.0,-157.5,-17.5
118509,-5.37,-22.45,1016.02,105.0,-175.0,-35.0
118538,-5.37,-22.45,1016.02,122.5,-175.0,-17.5
118568,-5.37,-22.33,1016.02,122.5,-175.0,-35.0
118597,-5.37,-22.33,1016.02,105.0,-175.0,-35.0
118627,-5.37,-22.45,1016.02,122.5,-175.0,-35.0
118656,-5.37,-22.45,1016.02,105.0,-175.0,-35.0
118686,-5.37,-22.33,1016.02,122.5,-175.0,-35.0
118715,-5.37,-22.33,1016.02,122.5,-157.5,-17.5
118745,-5.37,-22.33,1016.02,105.0,-175.0,-17.5
118774,-5.37,-22.33,1016.02,105.0,-175.0,-35.0
118804,-5.37,-22.33,1016.02,122.5,-175.0,-17.5
118833,-5.37,-22.33,1016.02,122.5,-157.5,-35.0
118863,-5.37,-22.45,1016.02,105.0,-157.5,-35.0
118892,-5.37,-22.45,1016.02,105.0,-175.0,-35.0
118921,-5.37,-22.45,1016.02,105.0,-175.0,-35.0
118950,-5.37,-22.33,1016.02,87.5,-175.0,-17.5
118979,-5.37,-22.33,1016.02,87.5,-175.0,-17.5
119009,-5.37,-22.45,1016.02,105.0,-175.0,-17.5
119038,-5.37,-22.45,1016.02,105.0,-175.0,-17.5
119068,-5.37,-22.45,1016.02,105.0,-175.0,-17.5
119097,-5.37,-22.33,1016.02,105.0,-175.0,-17.5
119127,-5.37,-22.33,1016.02,122.5,-192.5,-17.5
119156,-5.37,-22.33,1016.02,105.0,-175.0,-17.5
119186,-5.37,-22.33,1016.02,87.5,-175.0,-17.5
119215,-5.37,-22.45,1016.02,105.0,-192.5,-35.0
119245,-5.37,-22.45,1016.02,122.5,-175.0,-17.5
119274,-5.37,-22.33,1015.89,105.0,-157.5,-17.5
119304,-5.37,-22.45,1015.89,122.5,-175.0,-35.0
119333,-5.37,-22.45,1015.89,122.5,-175.0,-35.0
119363,-5.37,-22.45,1015.89,122.5,-175.0,-35.0
119392,-5.25,-22.45,1015.89,122.5,-192.5,-35.0
119421,-5.25,-22.33,1015.89,122.5,-175.0,-35.0
119450,-5.37,-22.33,1015.89,122.5,-192.5,-17.5
119479,-5.37,-22.33,1015.89,122.5,-192.5,-17.5
119508,-5.37,-22.33,1015.89,122.5,-192.5,-35.0
119537,-5.37,-22.33,1015.77,122.5,-192.5,-35.0
119566,-5.37,-22.33,1015.89,122.5,-175.0,-35.0
119595,-5.37,-22.33,1015.89,122.5,-175.0,-17.5
119625,-5.37,-22.33,1015.89,105.0,-175.0,-17.5
119654,-5.37,-22.33,1015.89,122.5,-175.0,-35.0
119684,-5.37,-22.45,1015.89,140.0,-175.0,-35.0
119713,-5.37,-22.33,1016.02,140.0,-175.0,-35.0
119743,-5.37,-22.45,1016.02,105.0,-175.0,-17.5
119772,-5.37,-22.45,1016.02,122.5,-192.5,-35.0
119802,-5.37,-22.45,1015.89,122.5,-157.5,-35.0
119831,-5.37,-22.33,1016.02,105.0,-175.0,-17.5
119861,-5.37,-22.33,1015.89,122.5,-175.0,-17.5
119890,-5.37,-22.33,1015.89,122.5,-192.5,-17.5
119919,-5.37,-22.33,1015.89,140.0,-175.0,-17.5
119948,-5.37,-22.33,1015.89,122.5,-175.0,-17.5
119977,-5.37,-22.45,1015.77,105.0,-175.0,-35.0
120006,-5.37,-22.45,1015.77,140.0,-175.0,-35.0
120035,-5.37,-22.45,1015.77,122.5,-175.0,-35.0
120064,-5.37,-22.33,1015.65,105.0,-175.0,-35.0
120093,-5.37,-22.45,1015.65,122.5,-175.0,-17.5
120123,-5.37,-22.45,1015.53,140.0,-175.0,-17.5
120152,-5.37,-22.45,1015.53,140.0,-175.0,-17.5
120182,-5.37,-22.45,1015.53,140.0,-175.0,-17.5
120211,-5.37,-22.45,1015.53,122.5,-175.0,-35.0
120241,-5.37,-22.45,1015.53,122.5,-175.0,-35.0
120270,-5.37,-22.45,1015.53,105.0,-192.5,-35.0
120300,-5.37,-22.45,1015.53,122.5,-192.5,-17.5
120329,-5.37,-22.45,1015.53,122.5,-175.0,-17.5
120359,-5.37,-22.45,1015.41,122.5,-175.0,-17.5
120388,-5.37,-22.45,1015.41,105.0,-175.0,-17.5
120417,-5.37,-22.45,1015.41,105.0,-175.0,-35.0
120446,-5.37,-22.33,1015.41,122.5,-192.5,-35.0
120475,-5.37,-22.45,1015.41,122.5,-175.0,-17.5
120504,-5.37,-22.45,1015.28,105.0,-175.0,-17.5
120533,-5.37,-22.33,1015.28,122.5,-157.5,-35.0
120562,-5.37,-22.33,1015.28,122.5,-175.0,-17.5
120591,-5.37,-22.45,1015.28,122.5,-210.0,-35.0
120621,-5.37,-22.45,1015.28,122.5,-192.5,-35.0
120650,-5.37,-22.33,1015.28,105.0,-175.0,-35.0
120680,-5.37,-22.33,1015.28,122.5,-157.5,-17.5
120709,-5.37,-22.33,1015.28,105.0,-157.5,-17.5
120739,-5.37,-22.45,1015.28,87.5,-175.0,-17.5
120768,-5.37,-22.45,1015.28,105.0,-175.0,-17.5
120798,-5.37,-22.45,1015.41,122.5,-192.5,-17.5
120827,-5.37,-22.45,1015.41,140.0,-175.0,-17.5
120857,-5.37,-22.45,1015.53,122.5,-175.0,-35.0
120886,-5.37,-22.45,1015.53,105.0,-175.0,-35.0
120916,-5.37,-22.45,1015.53,122.5,-175.0,-17.5
120945,-5.37,-22.45,1015.53,157.5,-175.0,-17.5
120974,-5.37,-22.45,1015.53,122.5,-157.5,-17.5
121003,-5.37,-22.45,1015.53,122.5,-175.0,-17.5
121032,-5.37,-22.45,1015.53,122.5,-175.0,-35.0
121061,-5.37,-22.45,1015.53,122.5,-175.0,-17.5
121090,-5.37,-22.45,1015.65,105.0,-175.0,-17.5
121120,-5.37,-22.45,1015.65,122.5,-175.0,-35.0
121149,-5.37,-22.45,1015.65,140.0,-192.5,-35.0
121179,-5.37,-22.45,1015.65,122.5,-192.5,-35.0
121208,-5.37,-22.45,1015.65,122.5,-175.0,-35.0
121238,-5.25,-22.45,1015.65,105.0,-175.0,-35.0
121267,-5.25,-22.45,1015.65,105.0,-175.0,-35.0
121297,-5.25,-22.45,1015.65,105.0,-175.0,-35.0
121326,-5.25,-22.45,1015.65,105.0,-192.5,-35.0
121356,-5.37,-22.45,1015.65,122.5,-175.0,-35.0
121385,-5.25,-22.45,1015.77,122.5,-175.0,-17.5
121414,-5.25,-22.45,1015.77,140.0,-175.0,-35.0
121443,-5.25,-22.33,1015.65,122.5,-175.0,-35.0
121472,-5.25,-22.45,1015.65,122.5,-175.0,-35.0
121501,-5.25,-22.45,1015.65,122.5,-192.5,-17.5
121530,-5.25,-22.45,1015.65,122.5,-175.0,-35.0
121559,-5.25,-22.45,1015.65,105.0,-175.0,-52.5
121588,-5.25,-22.45,1015.65,122.5,-192.5,-35.0
121618,-5.25,-22.45,1015.65,105.0,-192.5,-35.0
121647,-5.25,-22.45,1015.65,122.5,-175.0,-52.5
121677,-5.25,-22.45,1015.65,105.0,-175.0,-52.5
121706,-5.25,-22.45,1015.65,105.0,-175.0,-52.5
121736,-5.25,-22.45,1015.65,105.0,-175.0,-35.0
121765,-5.25,-22.45,1015.77,105.0,-175.0,-35.0
121795,-5.25,-22.45,1015.77,105.0,-175.0,-52.5
121824,-5.25,-22.45,1015.77,105.0,-175.0,-35.0
121854,-5.25,-22.45,1015.65,105.0,-157.5,-35.0
121883,-5.25,-22.45,1015.65,105.0,-192.5,-35.0
121913,-5.25,-22.45,1015.65,122.5,-192.5,-17.5
121942,-5.12,-22.45,1015.65,105.0,-192.5,-35.0
121971,-5.25,-22.45,1015.65,105.0,-192.5,-35.0
122000,-5.25,-22.33,1015.65,105.0,-192.5,-35.0
122029,-5.25,-22.33,1015.65,140.0,-175.0,-35.0
122058,-5.25,-22.33,1015.65,140.0,-192.5,-35.0
122087,-5.25,-22.33,1015.65,122.5,-175.0,-35.0
122117,-5.25,-22.33,1015.65,122.5,-175.0,-35.0
122146,-5.12,-22.33,1015.65,122.5,-175.0,-35.0
122176,-5.25,-22.33,1015.65,105.0,-175.0,-35.0
122205,-5.25,-22.33,1015.77,105.0,-175.0,-52.5
122235,-5.25,-22.33,1015.65,122.5,-175.0,-35.0
122264,-5.25,-22.33,1015.65,140.0,-175.0,-35.0
122294,-5.25,-22.33,1015.65,140.0,-175.0,-17.5
122323,-5.25,-22.2,1015.65,122.5,-175.0,-35.0
122353,-5.25,-22.2,1015.65,105.0,-175.0,-35.0
122382,-5.25,-22.33,1015.65,122.5,-175.0,-35.0
122412,-5.12,-22.33,1015.65,105.0,-175.0,-17.5
122441,-5.12,-22.33,1015.65,122.5,-175.0,-17.5
122470,-5.12,-22.33,1015.65,122.5,-175.0,-35.0
122499,-5.12,-22.2,1015.53,87.5,-175.0,-17.5
122528,-5.25,-22.33,1015.53,105.0,-192.5,-17.5
122557,-5.12,-22.2,1015.53,122.5,-192.5,-35.0
122586,-5.12,-22.2,1015.53,122.5,-175.0,-35.0
122616,-5.25,-22.33,1015.53,122.5,-175.0,-35.0
122645,-5.12,-22.33,1015.65,122.5,-175.0,-17.5
122675,-5.12,-22.33,1015.53,122.5,-192.5,-35.0
122704,-5.12,-22.33,1015.65,122.5,-192.5,-35.0
122734,-5.12,-22.33,1015.53,140.0,-192.5,-17.5
122763,-5.12,-22.33,1015.53,122.5,-192.5,-17.5
122793,-5.25,-22.33,1015.65,105.0,-175.0,-52.5
122822,-5.12,-22.33,1015.65,122.5,-175.0,-17.5
122852,-5.25,-22.33,1015.65,105.0,-192.5,-17.5
122881,-5.25,-22.2,1015.65,122.5,-175.0,-35.0
122910,-5.25,-22.2,1015.65,105.0,-175.0,-35.0
122939,-5.25,-22.2,1015.65,122.5,-175.0,-35.0
122968,-5.25,-22.33,1015.53,122.5,-192.5,-35.0
122997,-5.25,-22.33,1015.53,122.5,-175.0,-35.0
123026,-5.37,-22.33,1015.53,140.0,-175.0,-17.5
123055,-5.25,-22.33,1015.53,105.0,-175.0,-17.5
123084,-5.37,-22.33,1015.41,122.5,-175.0,-35.0
123114,-5.37,-22.33,1015.53,122.5,-175.0,-17.5
123143,-5.37,-22.45,1015.41,122.5,-175.0,-17.5
123173,-5.25,-22.45,1015.41,122.5,-157.5,-35.0
123202,-5.25,-22.45,1015.41,122.5,-175.0,-17.5
123232,-5.25,-22.45,1015.41,105.0,-175.0,-17.5
123261,-5.25,-22.45,1015.41,122.5,-192.5,-17.5
123291,-5.25,-22.45,1015.41,87.5,-175.0,-17.5
123320,-5.25,-22.45,1015.41,105.0,-175.0,-35.0
123350,-5.25,-22.45,1015.41,122.5,-175.0,-35.0
123379,-5.37,-22.45,1015.41,122.5,-192.5,-35.0
123408,-5.37,-22.45,1015.28,140.0,-192.5,-35.0
123437,-5.37,-22.45,1015.28,122.5,-175.0,-35.0
123466,-5.37,-22.45,1015.28,140.0,-175.0,-35.0
123495,-5.37,-22.45,1015.28,122.5,-175.0,-35.0
123524,-5.37,-22.45,1015.28,122.5,-175.0,-35.0
123553,-5.37,-22.45,1015.28,105.0,-175.0,-35.0
123582,-5.37,-22.45,1015.28,122.5,-175.0,-35.0
123612,-5.25,-22.45,1015.28,122.5,-175.0,-17.5
123641,-5.25,-22.45,1015.28,140.0,-175.0,-17.5
123671,-5.25,-22.45,1015.28,122.5,-175.0,-17.5
123700,-5.12,-22.45,1015.28,122.5,-175.0,-17.5
123730,-5.25,-22.45,1015.28,122.5,-175.0,-17.5
123759,-5.12,-22.33,1015.28,105.0,-175.0,-35.0
123789,-5.12,-22.33,1015.28,122.5,-175.0,-35.0
123818,-5.12,-22.33,1015.28,105.0,-175.0,-35.0
123848,-5.12,-22.33,1015.41,122.5,-175.0,-35.0
123877,-5.25,-22.33,1015.41,140.0,-175.0,-35.0
123906,-5.25,-22.33,1015.41,122.5,-175.0,-35.0
123935,-5.25,-22.45,1015.41,122.5,-157.5,-35.0
123964,-5.12,-22.45,1015.41,122.5,-175.0,-35.0
123993,-5.25,-22.33,1015.53,140.0,-175.0,-35.0
124022,-5.12,-22.33,1015.53,105.0,-192.5,-17.5
124052,-5.25,-22.33,1015.41,122.5,-175.0,-17.5
124081,-5.25,-22.33,1015.53,140.0,-175.0,-35.0
124111,-5.25,-22.45,1015.53,122.5,-175.0,-35.0
124140,-5.25,-22.33,1015.53,122.5,-192.5,-17.5
124170,-5.25,-22.33,1015.53,105.0,-192.5,-17.5
124199,-5.25,-22.33,1015.53,122.5,-192.5,-35.0
124229,-5.25,-22.33,1015.53,105.0,-192.5,-35.0
124258,-5.25,-22.33,1015.53,122.5,-192.5,-17.5
124288,-5.25,-22.33,1015.53,122.5,-175.0,-17.5
124317,-5.37,-22.33,1015.53,105.0,-175.0,-17.5
124347,-5.37,-22.33,1015.53,122.5,-175.0,-35.0
124376,-5.25,-22.33,1015.53,122.5,-157.5,-17.5
124405,-5.25,-22.33,1015.53,140.0,-175.0,-17.5
124434,-5.25,-22.33,1015.53,122.5,-192.5,-35.0
124463,-5.25,-22.33,1015.53,122.5,-175.0,-35.0
124492,-5.25,-22.33,1015.53,122.5,-175.0,-35.0
124521,-5.25,-22.33,1015.65,140.0,-192.5,-17.5
124551,-5.12,-22.2,1015.65,105.0,-192.5,-35.0
124580,-5.25,-22.2,1015.65,105.0,-175.0,-35.0
124610,-5.12,-22.33,1015.65,105.0,-175.0,-35.0
124639,-5.25,-22.2,1015.77,122.5,-175.0,-17.5
124669,-5.25,-22.33,1015.65,122.5,-175.0,-35.0
124698,-5.25,-22.33,1015.77,122.5,-157.5,-35.0
124728,-5.25,-22.33,1015.77,105.0,-157.5,-35.0
124757,-5.25,-22.33,1015.77,105.0,-175.0,-35.0
124787,-5.25,-22.33,1015.77,105.0,-157.5,-35.0
124816,-5.25,-22.33,1015.77,122.5,-175.0,-35.0
124845,-5.25,-22.33,1015.77,122.5,-175.0,-35.0
124874,-5.25,-22.2,1015.77,105.0,-175.0,-35.0
124903,-5.25,-22.33,1015.77,122.5,-175.0,-35.0
124932,-5.37,-22.2,1015.77,105.0,-192.5,-35.0
124961,-5.37,-22.33,1015.77,122.5,-175.0,-35.0
124990,-5.25,-22.33,1015.77,122.5,-175.0,-35.0
125019,-5.25,-22.33,1015.77,105.0,-175.0,-35.0
125049,-5.25,-22.33,1015.77,122.5,-175.0,-17.5
125078,-5.37,-22.33,1015.77,157.5,-175.0,-35.0
125108,-5.37,-22.33,1015.77,140.0,-175.0,-35.0
125137,-5.37,-22.33,1015.77,122.5,-175.0,-17.5
125167,-5.37,-22.33,1015.77,122.5,-175.0,-35.0
125196,-5.37,-22.33,1015.77,122.5,-175.0,-35.0
125226,-5.37,-22.33,1015.77,122.5,-175.0,-35.0
125255,-5.37,-22.33,1015.77,122.5,-175.0,-52.5
125285,-5.37,-22.33,1015.77,122.5,-192.5,-35.0
125314,-5.37,-22.33,1015.89,105.0,-175.0,-35.0
125343,-5.37,-22.33,1015.89,105.0,-175.0,-17.5
125372,-5.37,-22.33,1015.89,87.5,-175.0,-17.5
125401,-5.37,-22.33,1015.89,87.5,-192.5,-17.5
125431,-5.37,-22.33,1015.89,122.5,-175.0,-35.0
125460,-5.37,-22.33,1015.89,122.5,-175.0,-35.0
125489,-5.25,-22.33,1015.89,140.0,-175.0,-35.0
125518,-5.37,-22.33,1015.89,122.5,-157.5,-35.0
125548,-5.25,-22.33,1015.89,122.5,-175.0,-17.5
125577,-5.25,-22.33,1015.89,122.5,-175.0,-35.0
125607,-5.25,-22.33,1015.89,122.5,-175.0,-17.5
125636,-5.25,-22.33,1016.02,122.5,-192.5,-17.5
125666,-5.25,-22.33,1016.02,122.5,-175.0,-17.5
125695,-5.37,-22.33,1016.02,105.0,-175.0,-17.5
125725,-5.25,-22.33,1015.89,122.5,-175.0,-35.0
125754,-5.25,-22.33,1016.02,105.0,-175.0,-17.5
125784,-5.25,-22.33,1016.02,140.0,-175.0,-17.5
125813,-5.25,-22.33,1015.89,122.5,-175.0,-17.5
125842,-5.25,-22.45,1015.89,105.0,-157.5,-35.0
125871,-5.25,-22.45,1015.89,105.0,-175.0,-17.5
125900,-5.37,-22.45,1016.02,105.0,-192.5,-17.5
125929,-5.37,-22.45,1016.02,122.5,-192.5,-35.0
125958,-5.37,-22.45,1016.02,122.5,-175.0,-35.0
125987,-5.37,-22.45,1016.02,122.5,-175.0,-17.5
126016,-5.37,-22.45,1016.02,140.0,-175.0,-17.5
126046,-5.37,-22.45,1015.89,122.5,-192.5,-35.0
126075,-5.37,-22.45,1016.02,122.5,-175.0,-35.0
126105,-5.37,-22.45,1016.02,122.5,-175.0,-35.0
126134,-5.37,-22.45,1015.89,105.0,-175.0,-35.0
126164,-5.37,-22.45,1015.89,122.5,-192.5,-17.5
126193,-5.37,-22.45,1016.02,122.5,-175.0,-35.0
126223,-5.37,-22.45,1015.89,122.5,-175.0,-35.0
126252,-5.37,-22.45,1016.02,122.5,-192.5,-35.0
126282,-5.37,-22.45,1015.89,140.0,-192.5,-17.5
126311,-5.37,-22.45,1016.02,122.5,-192.5,-35.0
126340,-5.37,-22.45,1016.02,105.0,-192.5,-35.0
126369,-5.37,-22.45,1016.02,122.5,-175.0,-35.0
126398,-5.37,-22.45,1016.02,122.5,-192.5,-35.0
126427,-5.37,-22.45,1016.02,105.0,-175.0,-35.0
126456,-5.37,-22.33,1016.02,105.0,-157.5,-17.5
126485,-5.37,-22.45,1016.02,105.0,-175.0,-35.0
126514,-5.37,-22.33,1016.02,87.5,-175.0,-17.5
126544,-5.37,-22.33,1016.02,122.5,-192.5,-17.5
126573,-5.37,-22.33,1016.02,122.5,-192.5,-17.5
126603,-5.37,-22.2,1016.02,105.0,-175.0,-17.5
126632,-5.37,-22.2,1016.02,122.5,-175.0,-17.5
126662,-5.37,-22.33,1016.02,122.5,-175.0,-35.0
126691,-5.37,-22.2,1016.02,105.0,-175.0,-35.0
126721,-5.37,-22.2,1016.02,105.0,-175.0,-35.0
126750,-5.37,-22.33,1016.02,122.5,-175.0,-52.5
126780,-5.37,-22.33,1016.02,122.5,-175.0,-35.0
126809,-5.37,-22.2,1016.02,105.0,-175.0,-35.0
126838,-5.37,-22.2,1016.02,122.5,-157.5,-17.5
126867,-5.37,-22.2,1016.02,122.5,-175.0,-35.0
126896,-5.37,-22.2,1016.02,105.0,-192.5,-35.0
126925,-5.37,-22.2,1016.02,122.5,-192.5,-35.0
126954,-5.37,-22.2,1016.02,122.5,-175.0,-35.0
126984,-5.37,-22.2,1016.02,105.0,-157.5,-17.5
127013,-5.25,-22.33,1016.02,122.5,-157.5,-17.5
127043,-5.25,-22.2,1016.02,122.5,-192.5,-35.0
127072,-5.25,-22.33,1016.02,122.5,-175.0,-35.0
127102,-5.25,-22.33,1016.02,105.0,-175.0,-35.0
127131,-5.25,-22.33,1016.02,140.0,-175.0,-35.0
127161,-5.25,-22.33,1016.02,105.0,-192.5,-17.5
127190,-5.37,-22.33,1016.02,122.5,-175.0,-17.5
127220,-5.37,-22.33,1016.02,140.0,-175.0,-35.0
127249,-5.37,-22.33,1016.02,122.5,-175.0,-17.5
127278,-5.37,-22.33,1016.02,122.5,-175.0,-17.5
127307,-5.37,-22.33,1016.02,105.0,-192.5,-17.5
127336,-5.37,-22.33,1016.02,122.5,-192.5,-35.0
127365,-5.37,-22.33,1016.02,122.5,-175.0,-35.0
127394,-5.37,-22.33,1016.02,105.0,-192.5,-17.5
127424,-5.37,-22.33,1016.02,122.5,-175.0,-17.5
127453,-5.37,-22.33,1016.02,122.5,-175.0,-17.5
127483,-5.37,-22.45,1016.02,122.5,-175.0,-35.0
127512,-5.37,-22.45,1016.02,122.5,-192.5,-17.5
127542,-5.37,-22.45,1016.02,140.0,-175.0,-35.0
127571,-5.37,-22.45,1016.02,105.0,-157.5,-35.0
127601,-5.37,-22.45,1016.02,105.0,-175.0,-35.0
127630,-5.37,-22.33,1016.02,122.5,-175.0,-17.5
127660,-5.25,-22.33,1016.02,122.5,-175.0,-35.0
127689,-5.25,-22.33,1016.02,122.5,-175.0,-17.5
127718,-5.25,-22.33,1016.02,122.5,-175.0,-17.5
127747,-5.37,-22.33,1016.02,122.5,-175.0,-35.0
127776,-5.37,-22.33,1016.02,122.5,-175.0,-35.0
127805,-5.37,-22.33,1016.02,122.5,-175.0,-17.5
127834,-5.37,-22.33,1016.02,122.5,-175.0,-17.5
127863,-5.37,-22.33,1016.02,122.5,-192.5,-17.5
127892,-5.37,-22.33,1016.02,122.5,-192.5,-17.5
127922,-5.25,-22.45,1016.02,122.5,-192.5,-17.5
127951,-5.37,-22.45,1016.02,122.5,-175.0,-17.5
127981,-5.37,-22.45,1015.89,122.5,-175.0,-17.5
128010,-5.37,-22.45,1015.89,122.5,-175.0,-17.5
128040,-5.37,-22.33,1015.89,105.0,-175.0,-17.5
128069,-5.37,-22.33,1015.77,122.5,-175.0,-35.0
128099,-5.37,-22.33,1015.77,122.5,-175.0,-35.0
128128,-5.37,-22.33,1015.77,122.5,-175.0,-35.0
128158,-5.37,-22.33,1015.77,105.0,-175.0,-35.0
128187,-5.37,-22.45,1015.77,105.0,-175.0,-17.5
128216,-5.37,-22.45,1015.77,105.0,-192.5,-17.5
128245,-5.37,-22.33,1015.77,122.5,-192.5,-17.5
128274,-5.37,-22.33,1015.65,122.5,-192.5,-17.5
128303,-5.37,-22.33,1015.65,122.5,-192.5,-17.5
128332,-5.37,-22.33,1015.77,105.0,-175.0,-35.0
128361,-5.37,-22.33,1015.77,122.5,-175.0,-35.0
128390,-5.37,-22.45,1015.77,122.5,-192.5,-35.0
128420,-5.37,-22.45,1015.77,122.5,-192.5,-35.0
128449,-5.37,-22.45,1015.77,122.5,-175.0,-17.5
128479,-5.37,-22.33,1015.77,122.5,-175.0,-17.5
128508,-5.37,-22.33,1015.77,122.5,-175.0,-35.0
128538,-5.37,-22.33,1015.77,105.0,-175.0,-35.0
128567,-5.37,-22.33,1015.77,105.0,-175.0,-17.5
128597,-5.37,-22.33,1015.77,122.5,-192.5,-17.5
128626,-5.37,-22.33,1015.77,140.0,-175.0,-35.0
128656,-5.37,-22.33,1015.77,122.5,-175.0,-35.0
128685,-5.37,-22.33,1015.77,140.0,-175.0,-35.0
128714,-5.37,-22.33,1015.77,105.0,-157.5,-35.0
128743,-5.37,-22.33,1015.77,122.5,-157.5,-17.5
128772,-5.37,-22.33,1015.89,122.5,-175.0,-35.0
128801,-5.37,-22.33,1015.77,122.5,-157.5,-17.5
128830,-5.37,-22.33,1015.89,105.0,-175.0,-35.0
128859,-5.37,-22.33,1015.77,87.5,-175.0,-35.0
128888,-5.37,-22.33,1015.77,105.0,-175.0,-17.5
128918,-5.25,-22.33,1015.77,122.5,-175.0,-35.0
128947,-5.25,-22.33,1015.77,122.5,-192.5,-35.0
128977,-5.25,-22.33,1015.77,122.5,-175.0,-17.5
129006,-5.25,-22.33,1015.77,122.5,-175.0,-17.5
129036,-5.25,-22.33,1015.77,140.0,-175.0,-35.0
129065,-5.25,-22.33,1015.77,122.5,-175.0,-17.5
129095,-5.25,-22.33,1015.77,140.0,-157.5,-17.5
129124,-5.25,-22.33,1015.65,122.5,-175.0,-35.0
129154,-5.25,-22.33,1015.65,140.0,-175.0,-17.5
129183,-5.25,-22.45,1015.65,122.5,-192.5,-35.0
129212,-5.25,-22.33,1015.65,122.5,-175.0,-35.0
129241,-5.25,-22.45,1015.77,105.0,-175.0,-17.5
129270,-5.37,-22.33,1015.77,105.0,-175.0,-17.5
129299,-5.37,-22.33,1015.77,105.0,-175.0,-17.5
129328,-5.37,-22.33,1015.65,122.5,-192.5,-17.5
129357,-5.37,-22.33,1015.77,122.5,-157.5,-17.5
129386,-5.37,-22.33,1015.77,105.0,-175.0,-35.0
129416,-5.25,-22.45,1015.65,122.5,-175.0,-35.0
129445,-5.37,-22.45,1015.65,122.5,-192.5,-17.5
129475,-5.37,-22.45,1015.65,122.5,-192.5,-17.5
129504,-5.37,-22.33,1015.65,105.0,-192.5,-17.5
129534,-5.37,-22.33,1015.53,105.0,-175.0,-17.5
129563,-5.37,-22.33,1015.53,105.0,-175.0,-35.0
129593,-5.37,-22.33,1015.53,105.0,-192.5,-35.0
129622,-5.37,-22.45,1015.53,87.5,-175.0,-17.5
129652,-5.37,-22.33,1015.53,105.0,-157.5,-35.0
129681,-5.37,-22.45,1015.53,105.0,-175.0,-17.5
129710,-5.37,-22.45,1015.53,122.5,-175.0,-35.0
129739,-5.37,-22.45,1015.53,105.0,-192.5,-17.5
129768,-5.37,-22.45,1015.53,122.5,-175.0,-35.0
129797,-5.37,-22.45,1015.53,140.0,-175.0,-17.5
129826,-5.25,-22.45,1015.53,140.0,-175.0,-35.0
129856,-5.25,-22.45,1015.53,105.0,-175.0,-17.5
129885,-5.25,-22.45,1015.53,105.0,-175.0,-35.0
129915,-5.37,-22.45,1015.53,122.5,-175.0,-17.5
129944,-5.25,-22.33,1015.53,122.5,-175.0,-35.0
129974,-5.37,-22.45,1015.53,122.5,-175.0,-35.0
130003,-5.37,-22.33,1015.53,122.5,-175.0,-35.0
130033,-5.25,-22.33,1015.53,122.5,-175.0,-17.5
130062,-5.25,-22.33,1015.53,122.5,-192.5,-35.0
130092,-5.25,-22.33,1015.41,122.5,-192.5,-35.0
130121,-5.25,-22.33,1015.53,122.5,-192.5,-35.0
130150,-5.37,-22.33,1015.41,122.5,-175.0,-17.5
130179,-5.37,-22.45,1015.41,122.5,-175.0,-17.5
130208,-5.37,-22.45,1015.41,105.0,-175.0,-35.0
130237,-5.37,-22.45,1015.41,122.5,-175.0,-35.0
130266,-5.37,-22.45,1015.41,105.0,-175.0,-17.5
130295,-5.37,-22.45,1015.41,87.5,-175.0,-17.5
130324,-5.37,-22.45,1015.41,105.0,-175.0,-35.0
130354,-5.25,-22.45,1015.41,105.0,-192.5,-17.5
130383,-5.37,-22.45,1015.41,105.0,-175.0,-17.5
130413,-5.25,-22.45,1015.41,122.5,-175.0,-17.5
130442,-5.37,-22.45,1015.41,105.0,-175.0,-35.0
130472,-5.37,-22.45,1015.41,105.0,-175.0,-17.5
130501,-5.37,-22.45,1015.28,122.5,-175.0,-17.5
130531,-5.37,-22.45,1015.28,122.5,-175.0,-17.5
130560,-5.37,-22.45,1015.28,105.0,-175.0,-35.0
130590,-5.37,-22.45,1015.28,105.0,-175.0,-35.0
130619,-5.37,-22.45,1015.16,122.5,-175.0,-35.0
130649,-5.37,-22.45,1015.16,122.5,-175.0,-35.0
130678,-5.37,-22.45,1015.16,105.0,-157.5,-35.0
130707,-5.37,-22.45,1015.04,122.5,-175.0,-17.5
130736,-5.37,-22.45,1015.04,122.5,-175.0,-35.0
130765,-5.25,-22.45,1015.04,105.0,-175.0,-35.0
130794,-5.25,-22.45,1015.04,122.5,-175.0,-35.0
130823,-5.37,-22.45,1015.04,105.0,-175.0,-17.5
130853,-5.37,-22.45,1015.04,122.5,-175.0,-35.0
130882,-5.37,-22.45,1015.04,105.0,-192.5,-17.5
130912,-5.37,-22.45,1015.04,122.5,-175.0,-17.5
130941,-5.37,-22.45,1014.92,105.0,-157.5,-35.0
130971,-5.37,-22.45,1015.04,122.5,-175.0,-17.5
131000,-5.37,-22.45,1015.04,122.5,-175.0,-17.5
131030,-5.37,-22.45,1014.92,105.0,-175.0,-35.0
131059,-5.37,-22.45,1014.92,122.5,-175.0,-17.5
131089,-5.37,-22.45,1014.92,105.0,-175.0,-35.0
131118,-5.37,-22.45,1014.92,122.5,-175.0,-35.0
131148,-5.37,-22.45,1014.8,122.5,-175.0,-35.0
131177,-5.37,-22.45,1014.8,122.5,-175.0,-35.0
131206,-5.25,-22.45,1014.8,122.5,-175.0,-35.0
131235,-5.25,-22.45,1014.8,122.5,-175.0,-35.0
131264,-5.25,-22.45,1014.92,105.0,-175.0,-35.0
131293,-5.25,-22.45,1014.8,122.5,-192.5,-35.0
131322,-5.25,-22.45,1014.8,122.5,-175.0,-35.0
131351,-5.25,-22.45,1014.8,105.0,-157.5,-17.5
131380,-5.25,-22.45,1014.92,105.0,-175.0,-35.0
131410,-5.25,-22.45,1014.92,122.5,-175.0,-35.0
131439,-5.12,-22.45,1014.92,105.0,-192.5,-35.0
131469,-5.25,-22.33,1015.04,122.5,-192.5,-17.5
131498,-5.12,-22.33,1015.04,122.5,-192.5,-17.5
131528,-5.12,-22.45,1015.04,122.5,-210.0,-35.0
131557,-5.12,-22.45,1015.04,105.0,-192.5,-35.0
131587,-5.25,-22.33,1015.04,122.5,-192.5,-35.0
131616,-5.25,-22.33,1015.04,140.0,-175.0,-35.0
131646,-5.25,-22.33,1015.04,105.0,-175.0,-35.0
131675,-5.25,-22.33,1015.04,122.5,-192.5,-35.0
131705,-5.25,-22.33,1015.04,105.0,-157.5,-17.5
131734,-5.25,-22.33,1014.92,140.0,-175.0,-35.0
131763,-5.25,-22.33,1014.92,122.5,-175.0,-17.5
131792,-5.25,-22.33,1014.8,105.0,-175.0,-17.5
131821,-5.25,-22.33,1014.8,105.0,-175.0,-17.5
131850,-5.25,-22.45,1014.8,105.0,-175.0,-17.5
131879,-5.25,-22.45,1014.67,122.5,-175.0,-17.5
131908,-5.25,-22.45,1014.67,122.5,-175.0,-35.0
131937,-5.25,-22.45,1014.67,122.5,-175.0,-35.0
131967,-5.37,-22.45,1014.67,105.0,-192.5,-35.0
131996,-5.25,-22.45,1014.67,105.0,-175.0,-35.0
132026,-5.25,-22.45,1014.67,122.5,-175.0,-35.0
132055,-5.37,-22.45,1014.67,122.5,-175.0,-35.0
132085,-5.25,-22.45,1014.67,122.5,-175.0,-17.5
132114,-5.37,-22.45,1014.8,122.5,-175.0,-35.0
132144,-5.37,-22.45,1014.67,105.0,-157.5,-35.0
132173,-5.37,-22.45,1014.8,122.5,-192.5,-35.0
132203,-5.37,-22.45,1014.8,140.0,-192.5,-35.0
132232,-5.37,-22.45,1014.8,140.0,-175.0,-35.0
132261,-5.25,-22.45,1014.8,140.0,-175.0,-35.0
132290,-5.25,-22.45,1014.8,140.0,-175.0,-17.5
132319,-5.25,-22.45,1014.8,122.5,-175.0,-17.5
132348,-5.25,-22.45,1014.8,105.0,-175.0,-35.0
132377,-5.37,-22.45,1014.8,105.0,-157.5,-35.0
132406,-5.37,-22.45,1014.8,105.0,-157.5,-17.5
132435,-5.37,-22.45,1014.8,122.5,-157.5,-35.0
132465,-5.37,-22.45,1014.67,105.0,-175.0,-35.0
132494,-5.37,-22.45,1014.67,122.5,-192.5,-35.0
132524,-5.37,-22.57,1014.67,122.5,-175.0,-17.5
132553,-5.37,-22.45,1014.67,140.0,-192.5,-17.5
132583,-5.37,-22.45,1014.67,140.0,-175.0,-35.0
132612,-5.37,-22.45,1014.67,105.0,-175.0,-35.0
132642,-5.37,-22.57,1014.67,105.0,-192.5,-17.5
132671,-5.37,-22.45,1014.67,122.5,-175.0,-17.5
132701,-5.37,-22.45,1014.67,105.0,-192.5,-17.5
132730,-5.37,-22.57,1014.67,122.5,-192.5,-17.5
132760,-5.37,-22.45,1014.55,122.5,-175.0,-35.0
132789,-5.37,-22.45,1014.55,122.5,-175.0,-35.0
132818,-5.37,-22.45,1014.55,122.5,-175.0,-35.0
132847,-5.37,-22.45,1014.55,122.5,-175.0,-35.0
132876,-5.37,-22.45,1014.55,140.0,-175.0,-35.0
132905,-5.37,-22.57,1014.55,140.0,-192.5,-35.0
132934,-5.37,-22.45,1014.55,122.5,-175.0,-35.0
132964,-5.37,-22.57,1014.55,122.5,-157.5,-35.0
132993,-5.37,-22.45,1014.55,122.5,-175.0,-35.0
133023,-5.37,-22.45,1014.55,122.5,-157.5,-35.0
133052,-5.37,-22.45,1014.67,122.5,-175.0,-35.0
133082,-5.37,-22.45,1014.67,122.5,-175.0,-52.5
133111,-5.37,-22.57,1014.67,122.5,-157.5,-35.0
133141,-5.37,-22.45,1014.8,122.5,-175.0,-35.0
133170,-5.37,-22.45,1014.8,122.5,-175.0,-35.0
133200,-5.37,-22.45,1014.8,122.5,-175.0,-35.0
133229,-5.37,-22.45,1014.8,122.5,-175.0,-35.0
133259,-5.37,-22.45,1014.8,122.5,-157.5,-35.0
133288,-5.37,-22.45,1014.92,122.5,-192.5,-35.0
133317,-5.37,-22.45,1015.04,122.5,-157.5,-35.0
133346,-5.37,-22.45,1015.04,122.5,-157.5,-17.5
133375,-5.37,-22.45,1015.04,122.5,-175.0,-35.0
133404,-5.37,-22.45,1015.04,140.0,-175.0,-35.0
133433,-5.37,-22.45,1015.04,140.0,-175.0,-35.0
133462,-5.37,-22.45,1015.04,122.5,-192.5,-35.0
133491,-5.37,-22.45,1015.04,140.0,-175.0,-35.0
133521,-5.37,-22.45,1015.04,122.5,-175.0,-35.0
133550,-5.37,-22.45,1015.16,122.5,-175.0,-35.0
133580,-5.37,-22.57,1015.04,122.5,-175.0,-17.5
133609,-5.37,-22.45,1015.04,122.5,-157.5,-35.0
133639,-5.37,-22.45,1015.04,105.0,-157.5,-17.5
133668,-5.37,-22.45,1015.04,122.5,-157.5,-35.0
133698,-5.37,-22.45,1015.16,105.0,-175.0,-35.0
133727,-5.37,-22.45,1015.04,105.0,-175.0,-17.5
133756,-5.37,-22.45,1015.16,105.0,-192.5,-17.5
133785,-5.37,-22.45,1015.16,122.5,-175.0,-35.0
133814,-5.37,-22.45,1015.16,122.5,-157.5,-52.5
133843,-5.25,-22.45,1015.28,122.5,-175.0,-35.0
133872,-5.25,-22.45,1015.28,122.5,-192.5,-35.0
133901,-5.25,-22.45,1015.28,122.5,-175.0,-17.5
133930,-5.25,-22.45,1015.28,105.0,-175.0,-35.0
133960,-5.25,-22.45,1015.28,87.5,-192.5,-17.5
133989,-5.25,-22.45,1015.28,105.0,-175.0,0.0
134019,-5.25,-22.45,1015.28,122.5,-175.0,-17.5
134048,-5.25,-22.45,1015.28,122.5,-175.0,-35.0
134078,-5.25,-22.45,1015.28,122.5,-192.5,-35.0
134107,-5.25,-22.45,1015.28,122.5,-175.0,-35.0
134137,-5.12,-22.45,1015.28,122.5,-175.0,-17.5
134166,-5.12,-22.45,1015.28,122.5,-157.5,-35.0
134196,-5.25,-22.45,1015.28,105.0,-175.0,-35.0
134225,-5.12,-22.45,1015.28,122.5,-175.0,-17.5
134254,-5.12,-22.45,1015.28,122.5,-157.5,-35.0
134283,-5.12,-22.45,1015.28,122.5,-175.0,-35.0
134312,-5.25,-22.45,1015.28,122.5,-175.0,-35.0
134341,-5.12,-22.45,1015.28,122.5,-175.0,-35.0
134370,-5.12,-22.45,1015.16,122.5,-192.5,-17.5
134399,-5.12,-22.45,1015.28,105.0,-175.0,-17.5
134428,-5.12,-22.45,1015.28,122.5,-157.5,-35.0
134458,-5.25,-22.45,1015.28,122.5,-175.0,-35.0
134487,-5.12,-22.45,1015.28,140.0,-175.0,-17.5
134517,-5.12,-22.45,1015.28,122.5,-175.0,-17.5
134546,-5.25,-22.45,1015.28,105.0,-175.0,-17.5
134576,-5.12,-22.45,1015.28,105.0,-157.5,-52.5
134605,-5.25,-22.45,1015.28,105.0,-175.0,-52.5
134635,-5.12,-22.33,1015.41,140.0,-192.5,-17.5
134664,-5.12,-22.45,1015.41,122.5,-175.0,-17.5
134694,-5.12,-22.33,1015.53,122.5,-175.0,-35.0
134723,-5.25,-22.45,1015.53,122.5,-192.5,-35.0
134752,-5.25,-22.45,1015.41,122.5,-192.5,-35.0
134781,-5.25,-22.45,1015.53,122.5,-175.0,-17.5
134810,-5.25,-22.45,1015.41,122.5,-175.0,-35.0
134839,-5.25,-22.45,1015.41,122.5,-157.5,-35.0
134868,-5.25,-22.45,1015.41,140.0,-192.5,-17.5
134898,-5.25,-22.45,1015.41,122.5,-192.5,-35.0
134927,-5.25,-22.45,1015.53,122.5,-175.0,-52.5
134957,-5.25,-22.45,1015.41,122.5,-192.5,-35.0
134986,-5.25,-22.45,1015.41,122.5,-175.0,-35.0
135016,-5.25,-22.45,1015.41,122.5,-175.0,-35.0
135045,-5.25,-22.45,1015.41,105.0,-157.5,-35.0
135075,-5.25,-22.45,1015.41,122.5,-175.0,-17.5
135104,-5.25,-22.45,1015.41,122.5,-210.0,-17.5
135134,-5.25,-22.33,1015.41,122.5,-192.5,-35.0
135163,-5.25,-22.33,1015.41,122.5,-175.0,-35.0
135192,-5.25,-22.33,1015.41,105.0,-157.5,-35.0
135221,-5.25,-22.33,1015.53,122.5,-175.0,-35.0
135250,-5.25,-22.33,1015.53,122.5,-175.0,-35.0
135279,-5.25,-22.45,1015.53,122.5,-175.0,-35.0
135308,-5.25,-22.33,1015.53,105.0,-175.0,-35.0
135337,-5.25,-22.33,1015.53,122.5,-175.0,-35.0
135366,-5.25,-22.45,1015.53,122.5,-175.0,-17.5
135396,-5.25,-22.45,1015.53,122.5,-175.0,-17.5
135425,-5.37,-22.45,1015.53,122.5,-192.5,-35.0
135455,-5.25,-22.45,1015.53,105.0,-175.0,-17.5
135484,-5.25,-22.45,1015.53,122.5,-175.0,-35.0
135514,-5.25,-22.45,1015.53,122.5,-157.5,-35.0
135543,-5.37,-22.45,1015.41,122.5,-175.0,-17.5
135573,-5.37,-22.45,1015.41,122.5,-175.0,-17.5
135602,-5.37,-22.45,1015.41,122.5,-175.0,-35.0
135632,-5.37,-22.45,1015.41,122.5,-157.5,-35.0
135661,-5.37,-22.45,1015.28,122.5,-175.0,-35.0
135690,-5.37,-22.45,1015.28,122.5,-175.0,-17.5
135719,-5.37,-22.45,1015.28,122.5,-175.0,-17.5
135748,-5.37,-22.45,1015.28,105.0,-192.5,-35.0
135777,-5.37,-22.45,1015.28,105.0,-192.5,-52.5
135806,-5.37,-22.45,1015.28,122.5,-175.0,-35.0
135835,-5.37,-22.45,1015.16,140.0,-175.0,-35.0
135864,-5.37,-22.45,1015.16,140.0,-175.0,-35.0
135894,-5.37,-22.45,1015.04,122.5,-175.0,-35.0
135923,-5.37,-22.45,1015.04,122.5,-175.0,-17.5
135953,-5.37,-22.45,1015.04,140.0,-175.0,-35.0
135982,-5.37,-22.45,1014.92,105.0,-175.0,-35.0
136012,-5.37,-22.45,1014.92,122.5,-175.0,-35.0
136041,-5.37,-22.45,1014.8,122.5,-192.5,-17.5
136071,-5.37,-22.45,1014.8,122.5,-175.0,-17.5
136100,-5.37,-22.45,1014.67,105.0,-157.5,-35.0
136130,-5.37,-22.45,1014.67,105.0,-157.5,-35.0
136159,-5.37,-22.45,1014.67,105.0,-175.0,-17.5
136188,-5.37,-22.45,1014.67,105.0,-175.0,-35.0
136217,-5.37,-22.45,1014.67,122.5,-157.5,-17.5
136246,-5.37,-22.45,1014.67,122.5,-175.0,-17.5
136275,-5.37,-22.45,1014.67,122.5,-175.0,-17.5
136304,-5.37,-22.45,1014.67,140.0,-175.0,-17.5
136333,-5.37,-22.45,1014.8,105.0,-157.5,-35.0
136362,-5.37,-22.45,1014.8,122.5,-192.5,-35.0
136392,-5.37,-22.45,1014.8,122.5,-175.0,-35.0
136421,-5.37,-22.45,1014.8,140.0,-157.5,-35.0
136451,-5.37,-22.45,1014.8,122.5,-175.0,-35.0
136480,-5.37,-22.45,1014.8,122.5,-175.0,-35.0
136510,-5.37,-22.45,1014.8,105.0,-157.5,-35.0
136539,-5.37,-22.45,1014.8,105.0,-175.0,-17.5
136569,-5.37,-22.45,1014.8,122.5,-175.0,-17.5
136598,-5.37,-22.45,1014.8,122.5,-175.0,-35.0
136628,-5.37,-22.45,1014.8,122.5,-175.0,-35.0
136657,-5.37,-22.45,1014.92,122.5,-175.0,-35.0
136687,-5.37,-22.45,1015.04,87.5,-175.0,-17.5
136716,-5.37,-22.45,1015.04,105.0,-192.5,-35.0
136745,-5.37,-22.45,1015.04,122.5,-175.0,-17.5
136774,-5.37,-22.45,1015.04,122.5,-175.0,-35.0
136803,-5.37,-22.45,1015.04,122.5,-175.0,-35.0
136832,-5.37,-22.33,1015.04,122.5,-175.0,-17.5
136861,-5.37,-22.33,1015.04,140.0,-175.0,-35.0
136891,-5.37,-22.33,1015.04,105.0,-175.0,-35.0
136920,-5.37,-22.33,1015.04,122.5,-175.0,-35.0
136950,-5.37,-22.33,1015.16,122.5,-175.0,-17.5
136979,-5.25,-22.33,1015.16,122.5,-175.0,-35.0
137009,-5.25,-22.33,1015.16,122.5,-192.5,-35.0
137038,-5.25,-22.45,1015.16,105.0,-175.0,-35.0
137068,-5.25,-22.45,1015.16,122.5,-175.0,-35.0
137097,-5.25,-22.33,1015.28,105.0,-175.0,-35.0
137127,-5.25,-22.45,1015.28,122.5,-175.0,-35.0
137156,-5.25,-22.45,1015.28,105.0,-157.5,-35.0
137186,-5.25,-22.33,1015.16,122.5,-175.0,-17.5
137215,-5.25,-22.45,1015.16,122.5,-175.0,-35.0
137244,-5.25,-22.45,1015.28,122.5,-175.0,-35.0
137273,-5.25,-22.45,1015.28,122.5,-192.5,-35.0
137302,-5.25,-22.45,1015.28,122.5,-175.0,-17.5
137331,-5.25,-22.45,1015.28,105.0,-192.5,-17.5
137360,-5.25,-22.45,1015.28,122.5,-175.0,-35.0
137389,-5.25,-22.33,1015.28,140.0,-157.5,-35.0
137418,-5.37,-22.33,1015.28,122.5,-175.0,-35.0
137448,-5.37,-22.33,1015.28,105.0,-192.5,-35.0
137477,-5.37,-22.33,1015.28,122.5,-175.0,-35.0
137507,-5.25,-22.33,1015.28,122.5,-157.5,-35.0
137536,-5.37,-22.33,1015.41,140.0,-175.0,-17.5
137566,-5.25,-22.33,1015.41,122.5,-157.5,-17.5
137595,-5.25,-22.33,1015.41,122.5,-175.0,-35.0
137625,-5.37,-22.33,1015.53,140.0,-175.0,-35.0
137654,-5.37,-22.33,1015.53,122.5,-175.0,-35.0
137684,-5.37,-22.33,1015.53,140.0,-175.0,-35.0
137713,-5.25,-22.33,1015.53,122.5,-192.5,-35.0
137743,-5.25,-22.33,1015.53,122.5,-175.0,-35.0
137772,-5.25,-22.33,1015.53,122.5,-192.5,-35.0
137801,-5.25,-22.33,1015.53,105.0,-175.0,-35.0
137830,-5.37,-22.33,1015.53,105.0,-175.0,-35.0
137859,-5.37,-22.33,1015.65,122.5,-175.0,-35.0
137888,-5.37,-22.33,1015.65,122.5,-175.0,-35.0
137917,-5.37,-22.33,1015.65,105.0,-175.0,-17.5
137947,-5.37,-22.45,1015.65,122.5,-175.0,-35.0
137976,-5.37,-22.45,1015.77,105.0,-175.0,-35.0
138006,-5.25,-22.45,1015.77,105.0,-175.0,-52.5
138035,-5.37,-22.45,1015.77,122.5,-192.5,-17.5
138065,-5.25,-22.45,1015.77,105.0,-192.5,-52.5
138094,-5.25,-22.45,1015.77,122.5,-175.0,-52.5
138124,-5.25,-22.45,1015.77,122.5,-175.0,-35.0
138153,-5.25,-22.45,1015.77,140.0,-192.5,-35.0
138183,-5.25,-22.45,1015.89,122.5,-175.0,-17.5
138212,-5.25,-22.45,1015.89,105.0,-175.0,-17.5
138242,-5.37,-22.45,1016.02,122.5,-175.0,-17.5
138271,-5.37,-22.45,1016.02,122.5,-157.5,-35.0
138300,-5.37,-22.45,1016.02,122.5,-175.0,-35.0
138329,-5.37,-22.45,1016.02,140.0,-175.0,-35.0
138358,-5.37,-22.45,1016.02,122.5,-175.0,-35.0
138387,-5.37,-22.45,1015.89,140.0,-192.5,-35.0
138416,-5.37,-22.45,1015.89,105.0,-175.0,-17.5
138445,-5.37,-22.45,1015.89,105.0,-175.0,-17.5
138474,-5.37,-22.45,1015.89,140.0,-175.0,-17.5
138504,-5.37,-22.45,1015.89,157.5,-192.5,-35.0
138533,-5.37,-22.45,1015.89,122.5,-175.0,-35.0
138563,-5.37,-22.45,1015.77,122.5,-192.5,-35.0
138592,-5.37,-22.45,1015.77,122.5,-157.5,-17.5
138622,-5.25,-22.45,1015.89,122.5,-175.0,-35.0
138651,-5.25,-22.45,1015.77,122.5,-175.0,-35.0
138681,-5.25,-22.33,1015.77,140.0,-175.0,-17.5
138710,-5.25,-22.33,1015.77,140.0,-175.0,-35.0
138740,-5.25,-22.45,1015.65,105.0,-175.0,-35.0
138769,-5.25,-22.33,1015.65,122.5,-192.5,-17.5
138798,-5.25,-22.33,1015.53,140.0,-192.5,-17.5
138827,-5.25,-22.45,1015.53,140.0,-192.5,-52.5
138856,-5.12,-22.45,1015.41,140.0,-175.0,-17.5
138885,-5.25,-22.45,1015.28,122.5,-175.0,-35.0
138914,-5.25,-22.45,1015.28,122.5,-175.0,-35.0
138943,-5.25,-22.45,1015.28,122.5,-175.0,-17.5
138972,-5.25,-22.45,1015.16,105.0,-157.5,-17.5
139002,-5.12,-22.45,1015.16,105.0,-175.0,-35.0
139031,-5.12,-22.45,1015.04,122.5,-192.5,-35.0
139061,-5.12,-22.45,1015.04,122.5,-175.0,-35.0
139090,-5.12,-22.45,1015.04,122.5,-175.0,-17.5
139120,-5.12,-22.33,1015.04,122.5,-192.5,-17.5
139149,-5.25,-22.45,1015.04,105.0,-175.0,-17.5
139179,-5.25,-22.45,1015.04,140.0,-157.5,-35.0
139208,-5.25,-22.45,1015.04,105.0,-175.0,-35.0
139238,-5.25,-22.45,1015.04,105.0,-175.0,-35.0
139267,-5.12,-22.45,1015.04,105.0,-192.5,-35.0
139296,-5.25,-22.45,1015.04,122.5,-192.5,-17.5
139325,-5.25,-22.45,1015.16,140.0,-175.0,-17.5
139354,-5.25,-22.45,1015.04,105.0,-175.0,-17.5
139383,-5.25,-22.45,1015.04,105.0,-175.0,-17.5
139412,-5.25,-22.45,1015.16,122.5,-175.0,-17.5
139441,-5.25,-22.45,1015.16,122.5,-175.0,-35.0
139470,-5.25,-22.45,1015.16,140.0,-192.5,-35.0
139500,-5.25,-22.45,1015.16,122.5,-175.0,-35.0
139529,-5.25,-22.45,1015.28,122.5,-175.0,-52.5
139559,-5.25,-22.45,1015.28,122.5,-175.0,-17.5
139588,-5.25,-22.45,1015.28,122.5,-175.0,-35.0
139618,-5.25,-22.45,1015.28,122.5,-175.0,-17.5
139647,-5.25,-22.45,1015.28,122.5,-192.5,-17.5
139677,-5.12,-22.45,1015.28,122.5,-192.5,-17.5
139706,-5.25,-22.33,1015.28,122.5,-175.0,-35.0
139736,-5.25,-22.33,1015.28,122.5,-157.5,-35.0
139765,-5.25,-22.45,1015.28,122.5,-157.5,-17.5
139794,-5.25,-22.45,1015.28,122.5,-175.0,-17.5
139823,-5.25,-22.45,1015.28,122.5,-175.0,-17.5
139852,-5.25,-22.45,1015.28,122.5,-157.5,-35.0
139881,-5.25,-22.45,1015.28,122.5,-175.0,-17.5
139910,-5.25,-22.45,1015.28,122.5,-175.0,-35.0
139939,-5.25,-22.45,1015.28,105.0,-175.0,-35.0
139968,-5.25,-22.45,1015.41,122.5,-175.0,-35.0
139998,-5.25,-22.45,1015.41,140.0,-175.0,-35.0
140027,-5.25,-22.45,1015.41,122.5,-210.0,-17.5
140057,-5.25,-22.33,1015.41,122.5,-175.0,-35.0
140086,-5.12,-22.33,1015.41,122.5,-175.0,-35.0
140116,-5.12,-22.45,1015.41,140.0,-192.5,-35.0
140145,-5.12,-22.45,1015.41,122.5,-175.0,-35.0
140175,-5.25,-22.45,1015.41,105.0,-175.0,-17.5
140204,-5.25,-22.45,1015.41,122.5,-175.0,-17.5
140234,-5.25,-22.45,1015.41,122.5,-157.5,-17.5
140263,-5.25,-22.33,1015.28,140.0,-175.0,-35.0
140292,-5.25,-22.33,1015.28,122.5,-175.0,-35.0
140321,-5.25,-22.33,1015.28,122.5,-175.0,-17.5
140350,-5.25,-22.33,1015.28,122.5,-157.5,-17.5
140379,-5.25,-22.33,1015.28,122.5,-157.5,-35.0
140408,-5.12,-22.33,1015.28,105.0,-175.0,-17.5
140437,-5.12,-22.33,1015.28,105.0,-175.0,-17.5
140466,-5.12,-22.33,1015.28,105.0,-192.5,-17.5
140496,-5.12,-22.45,1015.28,122.5,-192.5,-17.5
140525,-5.25,-22.45,1015.28,105.0,-192.5,-35.0
140555,-5.12,-22.45,1015.28,105.0,-192.5,-35.0
140584,-5.12,-22.33,1015.28,140.0,-175.0,-17.5
140614,-5.12,-22.33,1015.41,122.5,-157.5,-35.0
140643,-5.12,-22.33,1015.41,122.5,-175.0,-35.0
140673,-5.12,-22.45,1015.41,105.0,-175.0,-35.0
140702,-5.12,-22.45,1015.41,122.5,-175.0,-35.0
140732,-5.12,-22.33,1015.41,122.5,-175.0,-35.0
140761,-5.12,-22.33,1015.41,140.0,-175.0,-17.5
140791,-5.12,-22.33,1015.41,140.0,-175.0,-17.5
140820,-5.12,-22.33,1015.41,122.5,-175.0,-35.0
140849,-5.25,-22.33,1015.41,122.5,-175.0,-17.5
140878,-5.12,-22.33,1015.41,105.0,-192.5,-35.0
140907,-5.25,-22.33,1015.53,122.5,-157.5,-35.0
140936,-5.25,-22.33,1015.53,140.0,-175.0,-35.0
140965,-5.25,-22.33,1015.53,105.0,-175.0,-35.0
140994,-5.12,-22.33,1015.53,122.5,-175.0,-35.0
141023,-5.12,-22.2,1015.53,140.0,-175.0,-35.0
141053,-5.12,-22.33,1015.53,122.5,-175.0,-35.0
141082,-5.25,-22.33,1015.53,105.0,-175.0,-52.5
141112,-5.25,-22.2,1015.53,105.0,-175.0,-35.0
141141,-5.12,-22.2,1015.53,105.0,-157.5,-35.0
141171,-5.12,-22.33,1015.53,122.5,-175.0,-35.0
141200,-5.25,-22.33,1015.53,122.5,-175.0,-35.0
141230,-5.25,-22.33,1015.53,122.5,-175.0,-35.0
141259,-5.25,-22.33,1015.41,122.5,-175.0,-35.0
141289,-5.12,-22.33,1015.53,122.5,-175.0,-17.5
141318,-5.12,-22.33,1015.53,140.0,-175.0,-17.5
141347,-5.12,-22.33,1015.53,122.5,-175.0,-17.5
141376,-5.12,-22.33,1015.53,122.5,-175.0,-17.5
141405,-5.25,-22.33,1015.53,140.0,-175.0,-35.0
141434,-5.25,-22.33,1015.53,122.5,-175.0,-35.0
141463,-5.25,-22.33,1015.53,105.0,-175.0,-35.0
141493,-5.25,-22.33,1015.53,122.5,-192.5,-17.5
141522,-5.25,-22.33,1015.53,122.5,-175.0,-17.5
141552,-5.25,-22.2,1015.53,122.5,-175.0,-17.5
141581,-5.25,-22.33,1015.53,105.0,-175.0,-35.0
141611,-5.25,-22.33,1015.53,105.0,-175.0,-17.5
141640,-5.25,-22.33,1015.53,140.0,-175.0,-17.5
141670,-5.25,-22.33,1015.41,122.5,-175.0,-17.5
141699,-5.37,-22.45,1015.28,105.0,-157.5,-52.5
141729,-5.25,-22.45,1015.28,122.5,-157.5,-52.5
141758,-5.37,-22.45,1015.16,122.5,-157.5,-35.0
141787,-5.37,-22.45,1015.16,105.0,-175.0,-17.5
141816,-5.37,-22.45,1015.04,105.0,-175.0,-35.0
141845,-5.37,-22.45,1015.04,122.5,-175.0,-17.5
141874,-5.37,-22.45,1015.04,122.5,-175.0,-35.0
141903,-5.37,-22.45,1015.04,105.0,-175.0,-35.0
141932,-5.37,-22.45,1014.92,105.0,-157.5,-52.5
141961,-5.37,-22.45,1014.92,122.5,-192.5,-35.0
141991,-5.37,-22.45,1014.92,105.0,-175.0,-35.0
142020,-5.25,-22.45,1015.04,122.5,-175.0,-35.0
142050,-5.25,-22.45,1015.04,140.0,-175.0,-35.0
142079,-5.25,-22.45,1015.04,122.5,-175.0,-35.0
142109,-5.25,-22.45,1015.04,122.5,-192.5,-35.0
142138,-5.37,-22.45,1014.92,122.5,-192.5,-17.5
142168,-5.25,-22.45,1015.04,122.5,-192.5,-17.5
142197,-5.25,-22.45,1015.04,122.5,-157.5,-35.0
142227,-5.25,-22.45,1015.04,105.0,-175.0,0.0
142256,-5.25,-22.45,1015.04,105.0,-175.0,-17.5
142286,-5.25,-22.45,1015.04,105.0,-175.0,-35.0
142315,-5.25,-22.45,1015.04,105.0,-192.5,-17.5
142344,-5.25,-22.33,1015.04,122.5,-157.5,-17.5
142373,-5.25,-22.33,1015.16,105.0,-192.5,-17.5
142402,-5.25,-22.33,1015.16,105.0,-175.0,-35.0
142431,-5.25,-22.33,1015.16,122.5,-175.0,-35.0
142460,-5.37,-22.33,1015.16,122.5,-175.0,-17.5
142490,-5.37,-22.33,1015.16,122.5,-157.5,-35.0
142519,-5.37,-22.33,1015.28,105.0,-157.5,-35.0
142549,-5.37,-22.33,1015.16,122.5,-175.0,-17.5
142578,-5.37,-22.33,1015.28,105.0,-175.0,-35.0
142608,-5.37,-22.33,1015.16,105.0,-175.0,-35.0
142637,-5.37,-22.33,1015.16,105.0,-175.0,-35.0
142667,-5.37,-22.33,1015.16,122.5,-175.0,-35.0
142696,-5.37,-22.33,1015.16,122.5,-157.5,-35.0
142726,-5.37,-22.33,1015.16,122.5,-175.0,-35.0
142755,-5.37,-22.33,1015.28,122.5,-175.0,-35.0
142785,-5.25,-22.2,1015.28,122.5,-157.5,-35.0
142814,-5.25,-22.2,1015.28,140.0,-175.0,-17.5
142843,-5.25,-22.33,1015.28,122.5,-175.0,-35.0
142872,-5.25,-22.33,1015.28,140.0,-175.0,-35.0
142901,-5.25,-22.33,1015.28,122.5,-175.0,-35.0
142930,-5.25,-22.33,1015.28,122.5,-157.5,-35.0
142959,-5.37,-22.33,1015.28,105.0,-192.5,-17.5
142988,-5.37,-22.33,1015.28,122.5,-175.0,-35.0
143017,-5.37,-22.33,1015.28,122.5,-175.0,-35.0
143047,-5.25,-22.33,1015.28,140.0,-175.0,-35.0
143076,-5.25,-22.33,1015.28,140.0,-175.0,-17.5
143106,-5.25,-22.33,1015.28,140.0,-192.5,-17.5
143135,-5.25,-22.33,1015.28,122.5,-175.0,-17.5
143165,-5.25,-22.45,1015.28,122.5,-175.0,-17.5
143194,-5.25,-22.33,1015.28,122.5,-157.5,-17.5
143224,-5.25,-22.33,1015.28,122.5,-157.5,-35.0
143253,-5.25,-22.33,1015.28,105.0,-175.0,-17.5
143283,-5.25,-22.33,1015.28,105.0,-175.0,-35.0
143312,-5.25,-22.33,1015.28,122.5,-175.0,-35.0
143341,-5.25,-22.33,1015.28,122.5,-175.0,-35.0
143370,-5.25,-22.45,1015.28,140.0,-175.0,-17.5
143399,-5.25,-22.45,1015.28,122.5,-175.0,-35.0
143428,-5.25,-22.45,1015.28,122.5,-175.0,-35.0
143457,-5.25,-22.45,1015.28,122.5,-175.0,-35.0
143486,-5.25,-22.45,1015.16,122.5,-192.5,-17.5
143515,-5.25,-22.45,1015.28,122.5,-192.5,-17.5
143545,-5.12,-22.45,1015.16,122.5,-175.0,-17.5
143574,-5.12,-22.45,1015.16,105.0,-157.5,-52.5
143604,-5.25,-22.45,1015.16,105.0,-175.0,-17.5
143633,-5.25,-22.45,1015.16,122.5,-192.5,-35.0
143663,-5.25,-22.45,1015.04,122.5,-157.5,-17.5
143692,-5.25,-22.45,1015.04,122.5,-157.5,-17.5
143722,-5.12,-22.45,1015.04,105.0,-175.0,-35.0
143751,-5.25,-22.45,1014.92,105.0,-175.0,-35.0
143781,-5.12,-22.45,1015.04,122.5,-175.0,-35.0
143810,-5.12,-22.45,1015.04,105.0,-175.0,-17.5
143839,-5.25,-22.45,1015.04,122.5,-175.0,-17.5
143868,-5.25,-22.45,1015.04,105.0,-175.0,-35.0
143897,-5.25,-22.45,1015.04,105.0,-175.0,-35.0
143926,-5.12,-22.45,1015.04,122.5,-175.0,-35.0
143955,-5.25,-22.45,1015.04,140.0,-175.0,-35.0
143984,-5.12,-22.45,1015.04,122.5,-192.5,-35.0
144013,-5.25,-22.45,1015.04,122.5,-175.0,-35.0
144043,-5.25,-22.45,1015.04,122.5,-157.5,-35.0
144072,-5.25,-22.45,1015.04,122.5,-157.5,-17.5
144102,-5.25,-22.45,1015.04,105.0,-175.0,-17.5
144131,-5.25,-22.45,1015.04,122.5,-192.5,-35.0
144161,-5.12,-22.45,1015.04,140.0,-192.5,-35.0
144190,-5.25,-22.45,1015.04,122.5,-175.0,-35.0
144220,-5.12,-22.45,1015.04,122.5,-175.0,-35.0
144249,-5.12,-22.45,1015.04,87.5,-175.0,-17.5
144279,-5.25,-22.45,1015.04,87.5,-192.5,-17.5
144308,-5.25,-22.45,1015.04,105.0,-192.5,-17.5
144338,-5.25,-22.45,1015.04,105.0,-192.5,-35.0
144367,-5.25,-22.45,1015.04,122.5,-192.5,-17.5
144396,-5.25,-22.33,1015.04,105.0,-192.5,-17.5
144425,-5.25,-22.33,1015.04,122.5,-157.5,-17.5
144454,-5.12,-22.45,1015.04,105.0,-175.0,-35.0
144483,-5.12,-22.45,1015.04,105.0,-192.5,-35.0
144512,-5.25,-22.45,1015.04,122.5,-192.5,-35.0
144542,-5.12,-22.45,1015.04,122.5,-175.0,-35.0
144571,-5.25,-22.45,1015.04,140.0,-175.0,-35.0
144601,-5.25,-22.45,1015.16,140.0,-175.0,-17.5
144630,-5.25,-22.33,1015.16,122.5,-175.0,-17.5
144660,-5.25,-22.33,1015.28,122.5,-175.0,-35.0
144689,-5.25,-22.33,1015.28,122.5,-175.0,-35.0
144719,-5.25,-22.33,1015.28,122.5,-192.5,-35.0
144748,-5.25,-22.33,1015.28,122.5,-192.5,-35.0
144778,-5.25,-22.33,1015.28,140.0,-175.0,-35.0
144807,-5.25,-22.33,1015.28,122.5,-175.0,-35.0
144837,-5.25,-22.33,1015.41,140.0,-175.0,-35.0
144866,-5.25,-22.33,1015.41,122.5,-175.0,-35.0
144895,-5.25,-22.33,1015.41,105.0,-175.0,-35.0
144924,-5.25,-22.33,1015.53,122.5,-175.0,-17.5
144953,-5.25,-22.33,1015.53,122.5,-175.0,-35.0
144982,-5.25,-22.33,1015.53,122.5,-192.5,-35.0
145011,-5.25,-22.33,1015.53,122.5,-175.0,-17.5
145040,-5.25,-22.33,1015.53,122.5,-192.5,-35.0
145069,-5.25,-22.45,1015.53,122.5,-192.5,-35.0
145099,-5.37,-22.45,1015.53,122.5,-175.0,-35.0
145128,-5.37,-22.33,1015.53,105.0,-192.5,-52.5
145158,-5.25,-22.33,1015.53,105.0,-192.5,-52.5
145187,-5.25,-22.33,1015.53,122.5,-175.0,-35.0
145217,-5.25,-22.33,1015.53,122.5,-192.5,-52.5
145246,-5.25,-22.33,1015.53,122.5,-175.0,-35.0
145276,-5.12,-22.33,1015.53,122.5,-175.0,-35.0
145305,-5.12,-22.33,1015.53,122.5,-192.5,-17.5
145335,-5.25,-22.33,1015.53,105.0,-192.5,-35.0
145364,-5.25,-22.45,1015.41,122.5,-175.0,-35.0
145393,-5.25,-22.45,1015.41,122.5,-175.0,-35.0
145422,-5.12,-22.33,1015.41,122.5,-192.5,-35.0
145451,-5.12,-22.33,1015.41,105.0,-192.5,-17.5
145480,-5.12,-22.33,1015.41,122.5,-175.0,-17.5
145509,-5.12,-22.45,1015.41,122.5,-175.0,-35.0
145539,-5.12,-22.33,1015.41,122.5,-175.0,-35.0
145568,-5.12,-22.33,1015.53,105.0,-175.0,-17.5
145598,-5.12,-22.33,1015.53,105.0,-175.0,-35.0
145627,-5.12,-22.33,1015.41,105.0,-175.0,-17.5
145657,-5.12,-22.33,1015.53,122.5,-192.5,-35.0
145686,-5.12,-22.33,1015.41,122.5,-157.5,-35.0
145716,-5.12,-22.2,1015.41,122.5,-175.0,-35.0
145745,-5.12,-22.33,1015.41,140.0,-175.0,-35.0
145775,-5.12,-22.33,1015.41,122.5,-175.0,-17.5
145804,-5.12,-22.33,1015.53,122.5,-175.0,-17.5
145833,-5.12,-22.33,1015.53,122.5,-192.5,-35.0
145862,-5.25,-22.33,1015.53,140.0,-175.0,-35.0
145891,-5.12,-22.33,1015.53,122.5,-175.0,-35.0
145920,-5.12,-22.2,1015.53,122.5,-192.5,-17.5
145949,-5.12,-22.2,1015.53,122.5,-175.0,-17.5
145978,-5.12,-22.2,1015.53,122.5,-175.0,-17.5
146007,-5.12,-22.2,1015.53,140.0,-157.5,-35.0
146037,-5.12,-22.2,1015.53,105.0,-175.0,-17.5
146066,-5.12,-22.2,1015.53,105.0,-175.0,-35.0
146096,-5.25,-22.2,1015.53,122.5,-175.0,-35.0
146125,-5.12,-22.2,1015.53,140.0,-192.5,-17.5
146155,-5.12,-22.2,1015.53,105.0,-192.5,-17.5
146184,-5.12,-22.2,1015.53,105.0,-175.0,-35.0
146214,-5.12,-22.2,1015.65,122.5,-175.0,-35.0
146243,-5.12,-22.2,1015.65,105.0,-192.5,-17.5
146273,-5.12,-22.33,1015.65,140.0,-192.5,-35.0
146302,-5.12,-22.33,1015.65,122.5,-192.5,-35.0
146331,-5.12,-22.2,1015.65,122.5,-175.0,-35.0
146360,-5.25,-22.2,1015.65,105.0,-192.5,-17.5
146389,-5.12,-22.2,1015.65,87.5,-192.5,-17.5
146419,-5.12,-22.2,1015.77,87.5,-192.5,-17.5
146448,-5.12,-22.2,1015.65,105.0,-192.5,-17.5
146477,-5.25,-22.2,1015.65,105.0,-175.0,-35.0
146506,-5.25,-22.2,1015.65,105.0,-175.0,-35.0
146536,-5.25,-22.2,1015.65,105.0,-175.0,-17.5
146565,-5.25,-22.2,1015.53,105.0,-175.0,-35.0
146595,-5.25,-22.2,1015.53,105.0,-175.0,-35.0
146624,-5.25,-22.33,1015.53,105.0,-175.0,-35.0
146654,-5.25,-22.2,1015.53,105.0,-175.0,-35.0
146683,-5.25,-22.2,1015.53,122.5,-175.0,-35.0
146713,-5.25,-22.2,1015.53,122.5,-175.0,-35.0
146742,-5.25,-22.2,1015.53,105.0,-175.0,-35.0
146772,-5.25,-22.2,1015.53,122.5,-192.5,-35.0
146801,-5.25,-22.2,1015.53,105.0,-175.0,-17.5
146830,-5.25,-22.33,1015.53,105.0,-175.0,-35.0
146859,-5.25,-22.2,1015.53,122.5,-192.5,-35.0
146888,-5.25,-22.2,1015.53,122.5,-175.0,0.0
146918,-5.25,-22.2,1015.53,140.0,-175.0,-35.0
146947,-5.25,-22.2,1015.53,140.0,-175.0,-17.5
146977,-5.25,-22.2,1015.53,122.5,-175.0,-35.0
147006,-5.25,-22.33,1015.53,140.0,-175.0,-35.0
147036,-5.25,-22.2,1015.53,122.5,-175.0,-35.0
147065,-5.25,-22.2,1015.53,122.5,-192.5,-35.0
147095,-5.25,-22.2,1015.53,140.0,-175.0,-35.0
147124,-5.25,-22.33,1015.53,122.5,-175.0,-17.5
147154,-5.25,-22.2,1015.53,105.0,-175.0,-17.5
147183,-5.25,-22.2,1015.53,105.0,-175.0,-17.5
147213,-5.37,-22.2,1015.53,105.0,-157.5,-17.5
147242,-5.37,-22.33,1015.53,140.0,-175.0,-35.0
147271,-5.37,-22.2,1015.53,122.5,-175.0,-17.5
147300,-5.25,-22.2,1015.53,122.5,-192.5,-35.0
147329,-5.37,-22.2,1015.53,140.0,-175.0,-35.0
147358,-5.25,-22.2,1015.65,105.0,-175.0,-17.5
147387,-5.37,-22.2,1015.53,122.5,-175.0,-35.0
147417,-5.37,-22.33,1015.65,122.5,-175.0,-35.0
147446,-5.37,-22.2,1015.65,122.5,-175.0,-35.0
147476,-5.37,-22.2,1015.65,122.5,-175.0,-35.0
147505,-5.25,-22.2,1015.65,122.5,-175.0,-35.0
147535,-5.25,-22.2,1015.77,105.0,-157.5,-35.0
147564,-5.25,-22.33,1015.77,122.5,-175.0,-17.5
147594,-5.25,-22.2,1015.77,105.0,-175.0,-17.5
147623,-5.25,-22.33,1015.77,105.0,-175.0,-35.0
147653,-5.25,-22.2,1015.77,122.5,-175.0,-17.5
147682,-5.25,-22.2,1015.77,122.5,-192.5,-17.5
147711,-5.25,-22.33,1015.77,105.0,-192.5,-17.5
147740,-5.25,-22.33,1015.77,122.5,-175.0,-35.0
147769,-5.25,-22.2,1015.77,122.5,-175.0,-35.0
147798,-5.25,-22.33,1015.77,122.5,-157.5,-35.0
147827,-5.37,-22.33,1015.77,122.5,-192.5,-35.0
147857,-5.37,-22.33,1015.77,140.0,-192.5,-17.5
147886,-5.37,-22.33,1015.77,122.5,-157.5,-35.0
147916,-5.37,-22.33,1015.77,122.5,-175.0,-17.5
147945,-5.37,-22.33,1015.77,105.0,-175.0,-17.5
147975,-5.37,-22.33,1015.77,122.5,-175.0,-35.0
148004,-5.37,-22.2,1015.77,105.0,-175.0,-17.5
148034,-5.37,-22.33,1015.77,122.5,-192.5,-35.0
148063,-5.37,-22.33,1015.77,105.0,-192.5,-35.0
148093,-5.37,-22.33,1015.77,105.0,-192.5,-35.0
148122,-5.37,-22.33,1015.77,122.5,-192.5,-35.0
148151,-5.37,-22.33,1015.77,122.5,-175.0,-17.5
148180,-5.37,-22.33,1015.65,140.0,-175.0,-35.0
148209,-5.37,-22.33,1015.53,122.5,-175.0,-17.5
148238,-5.37,-22.33,1015.53,122.5,-192.5,-17.5
148267,-5.37,-22.33,1015.53,140.0,-175.0,-35.0
148296,-5.37,-22.45,1015.41,140.0,-175.0,-17.5
148325,-5.37,-22.45,1015.41,122.5,-175.0,-17.5
148355,-5.37,-22.45,1015.41,122.5,-175.0,-17.5
148384,-5.25,-22.45,1015.28,122.5,-157.5,-35.0
148414,-5.25,-22.45,1015.28,122.5,-175.0,-35.0
148443,-5.37,-22.45,1015.16,122.5,-175.0,-17.5
148473,-5.37,-22.45,1015.16,105.0,-175.0,-35.0
148502,-5.25,-22.45,1015.16,122.5,-175.0,-35.0
148532,-5.25,-22.45,1015.04,105.0,-157.5,-35.0
148561,-5.25,-22.45,1015.04,105.0,-175.0,-17.5
148590,-5.25,-22.45,1015.04,105.0,-175.0,-35.0
148619,-5.25,-22.45,1015.04,105.0,-175.0,-52.5
148648,-5.25,-22.45,1014.92,122.5,-175.0,-17.5
148677,-5.25,-22.45,1014.92,122.5,-175.0,-17.5
148706,-5.25,-22.45,1014.92,122.5,-175.0,-35.0
148735,-5.25,-22.45,1014.8,87.5,-175.0,-35.0
148764,-5.25,-22.45,1014.8,122.5,-175.0,-52.5
148794,-5.25,-22.45,1014.8,122.5,-175.0,-35.0
148823,-5.12,-22.45,1014.8,105.0,-192.5,-35.0
148853,-5.12,-22.45,1014.8,122.5,-175.0,-35.0
148882,-5.12,-22.45,1014.8,122.5,-175.0,-35.0
148912,-5.25,-22.33,1014.8,122.5,-175.0,-17.5
148941,-5.25,-22.45,1014.8,105.0,-175.0,-35.0
148971,-5.25,-22.45,1014.67,122.5,-175.0,-35.0
149000,-5.25,-22.45,1014.8,105.0,-175.0,-17.5
149030,-5.12,-22.45,1014.67,122.5,-175.0,-35.0
149059,-5.12,-22.45,1014.67,122.5,-175.0,-35.0
149088,-5.25,-22.45,1014.67,122.5,-157.5,-17.5
149117,-5.25,-22.33,1014.67,122.5,-157.5,-17.5
149146,-5.25,-22.45,1014.67,140.0,-157.5,-35.0
149175,-5.25,-22.33,1014.67,122.5,-175.0,-35.0
149204,-5.12,-22.33,1014.8,122.5,-175.0,-35.0
149234,-5.12,-22.45,1014.8,122.5,-175.0,-17.5
149263,-5.25,-22.45,1014.8,122.5,-157.5,-35.0
149293,-5.12,-22.45,1014.8,105.0,-175.0,-35.0
149322,-5.25,-22.45,1014.8,122.5,-157.5,-17.5
149352,-5.12,-22.33,1014.8,122.5,-175.0,-17.5
149381,-5.12,-22.33,1014.8,122.5,-175.0,-17.5
149411,-5.25,-22.33,1014.92,105.0,-175.0,-17.5
149440,-5.25,-22.33,1014.92,122.5,-175.0,-35.0
149470,-5.25,-22.33,1015.04,122.5,-175.0,-35.0
149499,-5.25,-22.33,1015.04,122.5,-175.0,-35.0
149528,-5.25,-22.33,1015.04,140.0,-192.5,-17.5
149557,-5.25,-22.2,1015.04,122.5,-175.0,-17.5
149586,-5.25,-22.33,1015.04,105.0,-175.0,-35.0
149615,-5.12,-22.33,1015.04,122.5,-175.0,-35.0
149644,-5.25,-22.2,1015.16,122.5,-175.0,-17.5
149673,-5.12,-22.33,1015.16,122.5,-157.5,-35.0
149702,-5.12,-22.33,1015.28,105.0,-175.0,-17.5
149732,-5.12,-22.33,1015.28,105.0,-175.0,-17.5
149761,-5.25,-22.33,1015.28,140.0,-175.0,-35.0
149791,-5.12,-22.33,1015.28,122.5,-175.0,-35.0
149820,-5.12,-22.33,1015.28,122.5,-175.0,-17.5
149850,-5.25,-22.33,1015.41,122.5,-157.5,-17.5
149879,-5.12,-22.33,1015.28,122.5,-175.0,-17.5
149909,-5.25,-22.33,1015.41,122.5,-175.0,-17.5
149938,-5.25,-22.33,1015.41,105.0,-157.5,-17.5
149968,-5.25,-22.2,1015.41,122.5,-175.0,-17.5
149997,-5.25,-22.2,1015.41,140.0,-175.0,-17.5
150026,-5.25,-22.2,1015.41,122.5,-175.0,-17.5
150055,-5.25,-22.2,1015.41,122.5,-175.0,-17.5
150084,-5.25,-22.2,1015.41,122.5,-157.5,-17.5
150113,-5.25,-22.33,1015.41,122.5,-175.0,-35.0
150142,-5.25,-22.33,1015.41,140.0,-192.5,-35.0
150172,-5.12,-22.2,1015.41,122.5,-192.5,-35.0
150201,-5.12,-22.33,1015.41,122.5,-175.0,-17.5
150231,-5.25,-22.33,1015.41,122.5,-175.0,-17.5
150260,-5.12,-22.2,1015.41,122.5,-175.0,-35.0
150290,-5.12,-22.33,1015.41,122.5,-175.0,-35.0
150319,-5.25,-22.33,1015.28,122.5,-157.5,-17.5
150349,-5.25,-22.33,1015.28,140.0,-175.0,-17.5
150378,-5.25,-22.33,1015.28,105.0,-175.0,-35.0
150407,-5.12,-22.33,1015.16,122.5,-175.0,-35.0
150436,-5.12,-22.33,1015.16,122.5,-175.0,-17.5
150465,-5.12,-22.2,1015.16,122.5,-175.0,-17.5
150494,-5.25,-22.33,1015.16,105.0,-157.5,-35.0
150523,-5.25,-22.33,1015.04,122.5,-157.5,-35.0
150552,-5.25,-22.33,1015.04,122.5,-175.0,-35.0
150581,-5.25,-22.33,1015.04,105.0,-192.5,-35.0
150611,-5.25,-22.33,1015.04,122.5,-175.0,-35.0
150640,-5.25,-22.33,1014.92,122.5,-157.5,-17.5
150670,-5.25,-22.33,1014.92,122.5,-175.0,-52.5
150699,-5.25,-22.33,1014.92,122.5,-175.0,-35.0
150729,-5.25,-22.2,1014.92,105.0,-192.5,-35.0
150758,-5.25,-22.33,1014.92,105.0,-192.5,-35.0
150788,-5.12,-22.33,1014.8,122.5,-175.0,-35.0
150817,-5.12,-22.33,1014.8,140.0,-175.0,-17.5
150846,-5.12,-22.33,1014.92,122.5,-157.5,-52.5
150875,-5.12,-22.33,1014.92,122.5,-175.0,-35.0
150904,-5.12,-22.33,1014.92,122.5,-192.5,-35.0
150933,-5.12,-22.33,1014.92,122.5,-175.0,-35.0
150962,-5.12,-22.33,1014.92,122.5,-192.5,-35.0
150992,-5.25,-22.33,1014.8,122.5,-192.5,-35.0
151021,-5.25,-22.33,1014.8,105.0,-192.5,-35.0
151051,-5.25,-22.33,1014.8,122.5,-192.5,-17.5
151080,-5.12,-22.33,1014.92,122.5,-192.5,-35.0
151110,-5.12,-22.33,1014.92,122.5,-192.5,-35.0
151139,-5.12,-22.33,1014.92,122.5,-175.0,-35.0
151169,-5.12,-22.33,1014.92,122.5,-192.5,-35.0
151198,-5.12,-22.33,1015.04,105.0,-175.0,-35.0
151228,-5.25,-22.45,1014.92,105.0,-192.5,-35.0
151257,-5.25,-22.45,1014.92,122.5,-192.5,-17.5
151286,-5.12,-22.45,1014.92,105.0,-175.0,-35.0
151315,-5.25,-22.45,1014.92,87.5,-175.0,-17.5
151344,-5.25,-22.45,1014.92,105.0,-175.0,-35.0
151373,-5.25,-22.45,1014.92,122.5,-175.0,-35.0
151402,-5.25,-22.45,1014.92,122.5,-175.0,-35.0
151432,-5.25,-22.45,1015.04,140.0,-192.5,-17.5
151461,-5.25,-22.33,1014.92,105.0,-192.5,-35.0
151491,-5.25,-22.45,1014.92,140.0,-192.5,-35.0
151520,-5.25,-22.45,1014.92,122.5,-175.0,-35.0
151550,-5.25,-22.45,1014.92,105.0,-175.0,-17.5
151579,-5.25,-22.45,1014.92,140.0,-175.0,-35.0
151609,-5.25,-22.45,1015.04,122.5,-157.5,-35.0
151638,-5.25,-22.45,1014.92,122.5,-175.0,-35.0
151668,-5.25,-22.45,1015.04,105.0,-175.0,-35.0
151697,-5.25,-22.45,1014.92,122.5,-175.0,-35.0
151726,-5.37,-22.45,1014.92,122.5,-192.5,-35.0
151755,-5.25,-22.45,1015.04,105.0,-175.0,-35.0
151784,-5.37,-22.45,1015.04,122.5,-192.5,-17.5
151813,-5.37,-22.45,1015.04,140.0,-175.0,-35.0
151842,-5.25,-22.45,1015.04,122.5,-175.0,-35.0
151872,-5.25,-22.45,1014.92,122.5,-175.0,-17.5
151901,-5.37,-22.45,1015.04,122.5,-175.0,-35.0
151931,-5.25,-22.45,1014.92,122.5,-175.0,-17.5
151960,-5.25,-22.45,1015.04,105.0,-175.0,-17.5
151990,-5.25,-22.45,1014.92,105.0,-175.0,-35.0
152019,-5.25,-22.45,1014.92,105.0,-192.5,-35.0
152049,-5.25,-22.45,1014.92,105.0,-192.5,0.0
152078,-5.25,-22.45,1014.92,105.0,-175.0,-17.5
152107,-5.25,-22.45,1014.92,122.5,-175.0,-17.5
152136,-5.25,-22.45,1015.04,105.0,-157.5,-17.5
152165,-5.25,-22.45,1015.04,87.5,-175.0,-35.0
152195,-5.37,-22.45,1015.04,105.0,-192.5,-17.5
152224,-5.37,-22.45,1015.04,87.5,-192.5,-17.5
152254,-5.37,-22.45,1014.92,87.5,-175.0,-17.5
152283,-5.25,-22.45,1014.92,87.5,-157.5,-17.5
152313,-5.25,-22.45,1015.04,87.5,-175.0,-17.5
152342,-5.37,-22.45,1015.04,105.0,-175.0,-35.0
152372,-5.37,-22.45,1014.92,105.0,-192.5,-17.5
152401,-5.37,-22.45,1015.04,122.5,-192.5,-17.5
152431,-5.25,-22.45,1015.04,122.5,-175.0,-17.5
152460,-5.37,-22.45,1015.04,122.5,-175.0,-35.0
152490,-5.37,-22.45,1015.04,122.5,-157.5,-35.0
152519,-5.37,-22.45,1014.92,140.0,-175.0,-35.0
152548,-5.37,-22.45,1015.04,105.0,-175.0,-17.5
152577,-5.37,-22.45,1015.04,122.5,-175.0,-35.0
152606,-5.37,-22.45,1014.92,140.0,-157.5,-52.5
152635,-5.37,-22.45,1015.04,122.5,-175.0,-17.5
152664,-5.37,-22.45,1015.04,122.5,-175.0,-35.0
152694,-5.37,-22.45,1015.04,122.5,-192.5,-35.0
152723,-5.37,-22.45,1015.04,105.0,-175.0,-17.5
152753,-5.37,-22.45,1015.04,122.5,-175.0,-17.5
152782,-5.37,-22.33,1015.04,140.0,-175.0,-17.5
152812,-5.37,-22.45,1015.16,122.5,-175.0,-35.0
152841,-5.37,-22.33,1015.16,122.5,-175.0,-35.0
152871,-5.37,-22.33,1015.16,140.0,-157.5,-35.0
152900,-5.37,-22.33,1015.28,122.5,-192.5,-35.0
152929,-5.37,-22.33,1015.28,122.5,-157.5,-52.5
152958,-5.37,-22.33,1015.28,122.5,-175.0,-35.0
152987,-5.37,-22.33,1015.28,122.5,-175.0,-35.0
153016,-5.37,-22.33,1015.28,122.5,-175.0,-35.0
153045,-5.37,-22.33,1015.28,140.0,-175.0,-17.5
153074,-5.37,-22.33,1015.28,122.5,-175.0,-35.0
153103,-5.37,-22.33,1015.28,122.5,-175.0,-35.0
153133,-5.37,-22.33,1015.28,105.0,-157.5,-17.5
153162,-5.37,-22.33,1015.41,122.5,-175.0,-35.0
153192,-5.37,-22.33,1015.53,140.0,-210.0,-35.0
153221,-5.37,-22.2,1015.41,140.0,-192.5,-35.0
153251,-5.37,-22.2,1015.53,122.5,-175.0,-17.5
153280,-5.25,-22.33,1015.53,105.0,-192.5,-35.0
153310,-5.37,-22.2,1015.53,105.0,-192.5,-35.0
153339,-5.37,-22.2,1015.53,122.5,-175.0,-17.5
153368,-5.37,-22.33,1015.53,122.5,-157.5,-17.5
153397,-5.25,-22.33,1015.53,105.0,-157.5,-35.0
153426,-5.25,-22.33,1015.53,105.0,-175.0,-35.0
153455,-5.25,-22.33,1015.53,122.5,-175.0,-35.0
153484,-5.25,-22.33,1015.53,122.5,-192.5,-17.5
153513,-5.25,-22.33,1015.53,122.5,-192.5,-35.0
153542,-5.25,-22.33,1015.53,122.5,-192.5,-17.5
153572,-5.25,-22.33,1015.53,105.0,-175.0,-35.0
153601,-5.25,-22.33,1015.65,122.5,-175.0,-17.5
153631,-5.37,-22.33,1015.65,105.0,-175.0,-35.0
153660,-5.37,-22.33,1015.65,105.0,-192.5,-35.0
153690,-5.25,-22.33,1015.53,105.0,-175.0,-35.0
153719,-5.25,-22.33,1015.65,122.5,-175.0,-35.0
153749,-5.37,-22.33,1015.53,105.0,-175.0,-35.0
153778,-5.37,-22.33,1015.65,105.0,-175.0,-35.0
153807,-5.37,-22.33,1015.53,105.0,-157.5,-35.0
153836,-5.37,-22.33,1015.53,122.5,-175.0,-35.0
153865,-5.37,-22.33,1015.53,122.5,-175.0,-35.0
153894,-5.37,-22.33,1015.53,87.5,-175.0,-35.0
153923,-5.37,-22.33,1015.53,105.0,-192.5,-17.5
153953,-5.37,-22.33,1015.53,105.0,-175.0,-17.5
153982,-5.37,-22.33,1015.53,105.0,-192.5,-17.5
154012,-5.37,-22.33,1015.53,87.5,-175.0,0.0
154041,-5.37,-22.33,1015.53,105.0,-175.0,-17.5
154071,-5.37,-22.33,1015.53,105.0,-175.0,-17.5
154100,-5.37,-22.33,1015.53,105.0,-157.5,-35.0
154130,-5.37,-22.33,1015.53,122.5,-175.0,-35.0
154159,-5.37,-22.33,1015.53,122.5,-157.5,-35.0
154188,-5.37,-22.33,1015.53,122.5,-157.5,-35.0
154217,-5.37,-22.45,1015.53,122.5,-157.5,-17.5
154246,-5.37,-22.33,1015.53,140.0,-157.5,-35.0
154275,-5.37,-22.45,1015.53,122.5,-175.0,-52.5
154304,-5.37,-22.45,1015.53,105.0,-175.0,-35.0
154333,-5.37,-22.45,1015.53,122.5,-192.5,-35.0
154362,-5.37,-22.45,1015.65,105.0,-192.5,-35.0
154392,-5.25,-22.45,1015.65,122.5,-192.5,-35.0
154421,-5.25,-22.45,1015.65,122.5,-157.5,-35.0
154451,-5.25,-22.45,1015.65,105.0,-175.0,-35.0
154480,-5.25,-22.45,1015.65,122.5,-175.0,-35.0
154510,-5.25,-22.45,1015.65,122.5,-175.0,-35.0
154539,-5.37,-22.45,1015.65,105.0,-157.5,-35.0
154569,-5.37,-22.45,1015.65,105.0,-157.5,-35.0
154598,-5.37,-22.45,1015.65,105.0,-192.5,-17.5
154627,-5.37,-22.45,1015.53,122.5,-175.0,0.0
154657,-5.37,-22.45,1015.53,105.0,-175.0,-35.0
154686,-5.37,-22.45,1015.53,122.5,-175.0,-35.0
154715,-5.37,-22.45,1015.41,122.5,-175.0,-17.5
154744,-5.37,-22.45,1015.53,122.5,-175.0,-17.5
154774,-5.37,-22.45,1015.53,122.5,-175.0,-35.0
154803,-5.37,-22.45,1015.41,122.5,-175.0,-35.0
154833,-5.37,-22.45,1015.41,122.5,-175.0,-35.0
154862,-5.37,-22.45,1015.41,122.5,-175.0,-35.0
154892,-5.37,-22.45,1015.41,122.5,-175.0,-17.5
154921,-5.37,-22.45,1015.41,105.0,-175.0,-35.0
154951,-5.37,-22.45,1015.41,122.5,-157.5,-17.5
154980,-5.37,-22.45,1015.41,140.0,-157.5,-35.0
155010,-5.37,-22.45,1015.41,140.0,-175.0,-17.5
155039,-5.37,-22.45,1015.41,140.0,-175.0,-17.5
155068,-5.37,-22.45,1015.41,105.0,-192.5,-35.0
155097,-5.37,-22.45,1015.41,105.0,-175.0,-17.5
155126,-5.37,-22.33,1015.28,105.0,-175.0,-17.5
155155,-5.37,-22.33,1015.28,122.5,-175.0,-35.0
155184,-5.25,-22.45,1015.28,122.5,-157.5,-35.0
155214,-5.25,-22.45,1015.28,87.5,-157.5,-35.0
155243,-5.25,-22.45,1015.41,87.5,-157.5,-35.0
155273,-5.25,-22.45,1015.41,105.0,-192.5,-35.0
155302,-5.25,-22.33,1015.41,87.5,-175.0,-17.5
155332,-5.25,-22.33,1015.41,105.0,-175.0,-35.0
155361,-5.25,-22.33,1015.28,87.5,-175.0,-17.5
155391,-5.25,-22.33,1015.41,105.0,-175.0,-17.5
155420,-5.25,-22.33,1015.41,105.0,-175.0,-17.5
155450,-5.25,-22.33,1015.41,122.5,-157.5,-17.5
155479,-5.25,-22.33,1015.41,105.0,-175.0,-17.5
155508,-5.37,-22.33,1015.53,122.5,-192.5,-17.5
155537,-5.37,-22.33,1015.53,122.5,-175.0,-17.5
155566,-5.37,-22.33,1015.53,140.0,-175.0,-35.0
155595,-5.37,-22.33,1015.53,140.0,-192.5,-17.5
155624,-5.37,-22.33,1015.53,140.0,-175.0,-17.5
155654,-5.37,-22.33,1015.53,122.5,-157.5,-17.5
155683,-5.37,-22.33,1015.53,122.5,-175.0,-35.0
155713,-5.37,-22.33,1015.53,122.5,-175.0,-35.0
155742,-5.37,-22.33,1015.53,122.5,-175.0,-35.0
155772,-5.37,-22.33,1015.53,122.5,-192.5,-17.5
155801,-5.37,-22.33,1015.53,140.0,-175.0,-35.0
155831,-5.37,-22.33,1015.65,105.0,-175.0,-35.0
155860,-5.37,-22.2,1015.65,122.5,-175.0,-17.5
155890,-5.25,-22.2,1015.77,122.5,-175.0,-35.0
155919,-5.25,-22.2,1015.77,105.0,-175.0,-17.5
155948,-5.25,-22.2,1015.77,122.5,-175.0,-35.0
155977,-5.25,-22.2,1015.77,122.5,-192.5,-35.0
156006,-5.25,-22.2,1015.77,122.5,-175.0,-52.5
156035,-5.25,-22.2,1015.77,122.5,-175.0,-35.0
156064,-5.25,-22.2,1015.77,140.0,-192.5,-35.0
156094,-5.25,-22.33,1015.65,122.5,-175.0,-35.0
156123,-5.25,-22.33,1015.65,105.0,-157.5,-35.0
156153,-5.25,-22.33,1015.65,140.0,-175.0,-35.0
156182,-5.25,-22.2,1015.65,122.5,-192.5,-17.5
156212,-5.12,-22.2,1015.65,122.5,-175.0,-35.0
156241,-5.25,-22.33,1015.65,122.5,-175.0,-35.0
156271,-5.25,-22.33,1015.65,122.5,-175.0,-17.5
156300,-5.25,-22.33,1015.65,105.0,-175.0,-35.0
156330,-5.25,-22.33,1015.53,105.0,-175.0,-17.5
156359,-5.25,-22.33,1015.53,122.5,-175.0,-17.5
156388,-5.25,-22.33,1015.53,122.5,-175.0,-35.0
156417,-5.25,-22.45,1015.41,105.0,-175.0,-35.0
156446,-5.25,-22.45,1015.41,122.5,-175.0,-35.0
156475,-5.25,-22.45,1015.41,122.5,-175.0,-35.0
156504,-5.25,-22.45,1015.41,122.5,-175.0,-35.0
156534,-5.25,-22.45,1015.41,122.5,-192.5,-17.5
156563,-5.37,-22.45,1015.41,140.0,-192.5,-35.0
156593,-5.37,-22.45,1015.41,122.5,-192.5,-35.0
156622,-5.37,-22.45,1015.41,105.0,-192.5,-35.0
156652,-5.37,-22.45,1015.41,122.5,-175.0,-35.0
156681,-5.37,-22.45,1015.28,122.5,-175.0,-35.0
156711,-5.37,-22.45,1015.41,122.5,-175.0,-35.0
156740,-5.37,-22.45,1015.41,122.5,-192.5,-35.0
156769,-5.37,-22.45,1015.41,122.5,-175.0,-35.0
156798,-5.37,-22.45,1015.41,122.5,-175.0,-35.0
156827,-5.37,-22.45,1015.41,122.5,-175.0,-35.0
156856,-5.37,-22.45,1015.41,122.5,-175.0,-35.0
156885,-5.37,-22.45,1015.41,122.5,-175.0,-35.0
156914,-5.37,-22.45,1015.41,122.5,-175.0,-35.0
156943,-5.37,-22.45,1015.41,105.0,-175.0,-35.0
156973,-5.37,-22.45,1015.41,122.5,-175.0,-35.0
157002,-5.37,-22.45,1015.41,122.5,-175.0,-17.5
157032,-5.37,-22.45,1015.41,122.5,-192.5,-35.0
157061,-5.37,-22.45,1015.41,122.5,-175.0,-35.0
157091,-5.37,-22.45,1015.41,122.5,-175.0,-35.0
157120,-5.37,-22.45,1015.41,140.0,-175.0,-17.5
157150,-5.37,-22.45,1015.53,140.0,-175.0,-35.0
157179,-5.37,-22.45,1015.41,105.0,-175.0,-35.0
157208,-5.37,-22.45,1015.53,105.0,-192.5,-35.0
157237,-5.37,-22.45,1015.53,122.5,-175.0,-35.0
157266,-5.37,-22.45,1015.41,122.5,-175.0,-35.0
157295,-5.37,-22.45,1015.53,105.0,-192.5,-35.0
157324,-5.37,-22.45,1015.53,122.5,-192.5,-35.0
157353,-5.37,-22.45,1015.53,122.5,-175.0,-52.5
157382,-5.37,-22.45,1015.53,140.0,-175.0,-17.5
157412,-5.37,-22.45,1015.41,105.0,-175.0,-17.5
157441,-5.37,-22.45,1015.41,122.5,-175.0,-35.0
157471,-5.37,-22.45,1015.41,122.5,-175.0,-35.0
157500,-5.37,-22.45,1015.41,105.0,-175.0,-35.0
157530,-5.37,-22.45,1015.41,122.5,-175.0,-35.0
157559,-5.37,-22.45,1015.41,122.5,-157.5,-35.0
157589,-5.37,-22.45,1015.41,122.5,-175.0,-35.0
157618,-5.37,-22.45,1015.41,140.0,-175.0,-35.0
157648,-5.37,-22.45,1015.41,140.0,-157.5,-35.0
157677,-5.37,-22.45,1015.41,122.5,-175.0,-35.0
157706,-5.37,-22.45,1015.41,105.0,-157.5,-35.0
157735,-5.37,-22.45,1015.41,122.5,-175.0,-17.5
157764,-5.37,-22.45,1015.41,105.0,-192.5,-17.5
157793,-5.37,-22.33,1015.53,87.5,-175.0,-17.5
157822,-5.37,-22.33,1015.41,122.5,-192.5,-35.0
157852,-5.49,-22.45,1015.41,122.5,-175.0,-17.5
157881,-5.37,-22.33,1015.41,122.5,-175.0,-17.5
157911,-5.37,-22.45,1015.28,105.0,-175.0,-17.5
157940,-5.37,-22.45,1015.28,122.5,-175.0,-35.0
157970,-5.37,-22.45,1015.28,122.5,-175.0,-35.0
157999,-5.37,-22.45,1015.28,122.5,-192.5,-17.5
158029,-5.37,-22.45,1015.28,140.0,-175.0,-17.5
158058,-5.37,-22.45,1015.28,122.5,-175.0,-35.0
158088,-5.37,-22.45,1015.28,140.0,-175.0,-35.0
158117,-5.37,-22.45,1015.28,122.5,-175.0,-35.0
158146,-5.37,-22.45,1015.28,140.0,-175.0,-17.5
158175,-5.37,-22.45,1015.41,122.5,-175.0,-35.0
158204,-5.37,-22.45,1015.41,122.5,-175.0,-35.0
158233,-5.37,-22.45,1015.41,140.0,-157.5,-35.0
158262,-5.37,-22.45,1015.41,105.0,-175.0,-35.0
158291,-5.37,-22.45,1015.41,122.5,-192.5,-35.0
158320,-5.49,-22.57,1015.53,122.5,-192.5,-17.5
158350,-5.37,-22.45,1015.41,122.5,-175.0,-35.0
158379,-5.37,-22.45,1015.41,122.5,-175.0,-17.5
158409,-5.37,-22.45,1015.53,122.5,-175.0,-35.0
158438,-5.37,-22.45,1015.53,122.5,-192.5,-35.0
158468,-5.37,-22.45,1015.41,122.5,-175.0,-17.5
158497,-5.37,-22.45,1015.53,122.5,-175.0,-35.0
158527,-5.37,-22.45,1015.53,105.0,-175.0,-17.5
158556,-5.37,-22.57,1015.53,122.5,-175.0,-35.0
158586,-5.37,-22.57,1015.53,122.5,-175.0,-17.5
158615,-5.37,-22.45,1015.53,140.0,-175.0,-35.0
158644,-5.37,-22.45,1015.41,122.5,-175.0,-35.0
158673,-5.37,-22.57,1015.41,122.5,-175.0,-35.0
158702,-5.37,-22.45,1015.28,122.5,-192.5,-17.5
158731,-5.37,-22.57,1015.28,122.5,-192.5,-17.5
158760,-5.37,-22.57,1015.28,122.5,-175.0,-35.0
158790,-5.37,-22.45,1015.28,122.5,-175.0,-17.5
158819,-5.37,-22.45,1015.28,105.0,-175.0,-35.0
158849,-5.37,-22.45,1015.28,122.5,-175.0,-35.0
158878,-5.37,-22.45,1015.28,122.5,-192.5,-17.5
158908,-5.37,-22.45,1015.28,122.5,-175.0,-17.5
158937,-5.49,-22.45,1015.28,122.5,-175.0,-35.0
158967,-5.49,-22.57,1015.28,122.5,-210.0,-35.0
158996,-5.37,-22.57,1015.28,140.0,-157.5,-17.5
159026,-5.37,-22.57,1015.28,140.0,-175.0,-17.5
159055,-5.37,-22.45,1015.41,122.5,-157.5,-35.0
159084,-5.37,-22.45,1015.41,140.0,-192.5,-35.0
159113,-5.37,-22.45,1015.53,140.0,-175.0,-35.0
159142,-5.37,-22.45,1015.53,105.0,-175.0,-52.5
159171,-5.37,-22.57,1015.53,105.0,-175.0,-17.5
159200,-5.37,-22.45,1015.53,122.5,-157.5,-35.0
159230,-5.37,-22.45,1015.53,122.5,-175.0,-17.5
159259,-5.37,-22.45,1015.53,122.5,-175.0,-17.5
159289,-5.37,-22.45,1015.53,122.5,-157.5,-35.0
159318,-5.37,-22.45,1015.53,122.5,-175.0,-35.0
159348,-5.37,-22.45,1015.53,122.5,-175.0,-17.5
159377,-5.37,-22.45,1015.53,122.5,-175.0,-17.5
159407,-5.37,-22.45,1015.53,122.5,-175.0,-35.0
159436,-5.37,-22.45,1015.53,122.5,-192.5,-35.0
159466,-5.37,-22.45,1015.53,122.5,-210.0,-17.5
159495,-5.37,-22.45,1015.53,105.0,-192.5,-35.0
159524,-5.37,-22.45,1015.53,105.0,-175.0,-35.0
159553,-5.37,-22.45,1015.53,105.0,-175.0,-35.0
159582,-5.37,-22.45,1015.65,122.5,-192.5,-17.5
159611,-5.37,-22.45,1015.65,122.5,-192.5,-17.5
159640,-5.37,-22.45,1015.65,122.5,-175.0,-17.5
159669,-5.37,-22.45,1015.65,122.5,-175.0,-17.5
159698,-5.37,-22.45,1015.65,122.5,-175.0,-17.5
159728,-5.37,-22.45,1015.65,105.0,-192.5,-17.5
159757,-5.49,-22.45,1015.65,105.0,-175.0,-35.0
159787,-5.37,-22.45,1015.65,105.0,-175.0,-17.5
159816,-5.49,-22.45,1015.53,105.0,-192.5,-35.0
159846,-5.37,-22.45,1015.53,122.5,-175.0,-35.0
159875,-5.49,-22.45,1015.53,122.5,-175.0,-35.0
159905,-5.37,-22.45,1015.53,122.5,-175.0,-35.0
159934,-5.49,-22.45,1015.53,122.5,-175.0,-17.5
159964,-5.37,-22.45,1015.53,105.0,-192.5,-17.5
159993,-5.49,-22.45,1015.41,122.5,-175.0,-35.0
160022,-5.49,-22.45,1015.53,105.0,-175.0,-35.0
160051,-5.49,-22.45,1015.53,122.5,-192.5,-17.5
160080,-5.37,-22.45,1015.53,105.0,-175.0,-35.0
160109,-5.37,-22.45,1015.53,122.5,-175.0,-35.0
160138,-5.37,-22.45,1015.53,140.0,-175.0,-17.5
160167,-5.37,-22.45,1015.53,122.5,-192.5,-17.5
160196,-5.37,-22.45,1015.53,122.5,-175.0,-35.0
160226,-5.37,-22.45,1015.53,122.5,-175.0,-17.5
160255,-5.37,-22.45,1015.53,122.5,-175.0,-35.0
160285,-5.37,-22.45,1015.53,105.0,-175.0,-17.5
160314,-5.37,-22.45,1015.53,122.5,-192.5,-17.5
160344,-5.37,-22.45,1015.41,122.5,-175.0,-35.0
160373,-5.37,-22.45,1015.41,105.0,-175.0,-17.5
160403,-5.37,-22.45,1015.41,122.5,-175.0,-35.0
160432,-5.37,-22.45,1015.41,122.5,-175.0,-35.0
160462,-5.37,-22.45,1015.41,122.5,-192.5,-17.5
160491,-5.37,-22.45,1015.53,105.0,-192.5,0.0
160520,-5.37,-22.45,1015.53,87.5,-175.0,-17.5
160549,-5.37,-22.45,1015.53,105.0,-175.0,-35.0
160578,-5.37,-22.45,1015.53,122.5,-192.5,-35.0
160607,-5.37,-22.45,1015.53,140.0,-175.0,-35.0
160636,-5.37,-22.57,1015.53,122.5,-175.0,-35.0
160665,-5.37,-22.57,1015.53,122.5,-175.0,-35.0
160694,-5.37,-22.57,1015.53,122.5,-175.0,-35.0
160724,-5.37,-22.57,1015.53,140.0,-175.0,-17.5
160753,-5.37,-22.45,1015.53,122.5,-175.0,-17.5
160783,-5.37,-22.45,1015.53,122.5,-175.0,-35.0
160812,-5.37,-22.45,1015.53,105.0,-175.0,-35.0
160842,-5.37,-22.57,1015.53,122.5,-175.0,-35.0
160871,-5.37,-22.45,1015.53,105.0,-175.0,-35.0
160901,-5.37,-22.45,1015.65,105.0,-157.5,-35.0
160930,-5.37,-22.57,1015.65,122.5,-175.0,-35.0
160960,-5.37,-22.57,1015.65,122.5,-175.0,-17.5
160989,-5.37,-22.45,1015.65,105.0,-175.0,-35.0
161018,-5.37,-22.57,1015.53,122.5,-192.5,-35.0
161047,-5.37,-22.57,1015.53,122.5,-175.0,-35.0
161076,-5.37,-22.45,1015.53,122.5,-175.0,-35.0
161105,-5.37,-22.57,1015.53,122.5,-175.0,-35.0
161134,-5.37,-22.57,1015.65,105.0,-175.0,-35.0
161163,-5.37,-22.57,1015.65,122.5,-192.5,-35.0
161192,-5.37,-22.57,1015.65,122.5,-175.0,-35.0
161222,-5.37,-22.57,1015.65,105.0,-192.5,-17.5
161251,-5.37,-22.57,1015.65,122.5,-175.0,-17.5
161281,-5.37,-22.57,1015.65,122.5,-157.5,-35.0
161310,-5.37,-22.57,1015.65,122.5,-175.0,-35.0
161340,-5.37,-22.45,1015.65,122.5,-175.0,-35.0
161369,-5.37,-22.45,1015.53,105.0,-175.0,-35.0
161399,-5.37,-22.45,1015.53,122.5,-175.0,-35.0
161428,-5.37,-22.45,1015.53,122.5,-175.0,-35.0
161458,-5.37,-22.45,1015.53,140.0,-175.0,-17.5
161487,-5.37,-22.45,1015.53,140.0,-192.5,-35.0
161516,-5.37,-22.45,1015.53,122.5,-192.5,-35.0
161545,-5.37,-22.45,1015.53,122.5,-175.0,-35.0
161574,-5.37,-22.45,1015.53,105.0,-175.0,-35.0
161603,-5.37,-22.45,1015.53,122.5,-192.5,-35.0
161632,-5.37,-22.45,1015.53,105.0,-192.5,-52.5
161661,-5.37,-22.45,1015.53,122.5,-175.0,-17.5
161690,-5.25,-22.45,1015.53,122.5,-175.0,-35.0
161720,-5.37,-22.45,1015.53,122.5,-175.0,-17.5
161749,-5.25,-22.45,1015.53,122.5,-175.0,-35.0
161779,-5.25,-22.45,1015.53,122.5,-175.0,-35.0
161808,-5.25,-22.45,1015.53,122.5,-175.0,-35.0
161838,-5.25,-22.45,1015.53,105.0,-192.5,-35.0
161867,-5.25,-22.45,1015.53,122.5,-175.0,-35.0
161897,-5.25,-22.45,1015.53,105.0,-175.0,-35.0
161926,-5.25,-22.45,1015.53,122.5,-175.0,-35.0
161956,-5.25,-22.45,1015.53,105.0,-175.0,-35.0
161985,-5.25,-22.45,1015.53,122.5,-175.0,-35.0
162014,-5.25,-22.45,1015.53,105.0,-175.0,-35.0
162043,-5.25,-22.45,1015.53,105.0,-175.0,-35.0
162072,-5.25,-22.45,1015.53,105.0,-175.0,-35.0
162101,-5.37,-22.45,1015.53,140.0,-192.5,-35.0
162130,-5.37,-22.45,1015.53,105.0,-175.0,-35.0
162160,-5.37,-22.45,1015.53,87.5,-157.5,-35.0
162189,-5.37,-22.45,1015.53,105.0,-175.0,-35.0
162219,-5.37,-22.45,1015.53,122.5,-192.5,-35.0
162248,-5.37,-22.45,1015.53,105.0,-192.5,-17.5
162278,-5.37,-22.45,1015.53,105.0,-175.0,-17.5
162307,-5.37,-22.45,1015.53,122.5,-175.0,-17.5
162337,-5.37,-22.45,1015.41,105.0,-175.0,-17.5
162366,-5.37,-22.45,1015.41,105.0,-175.0,-35.0
162396,-5.37,-22.45,1015.41,105.0,-192.5,-35.0
162425,-5.37,-22.45,1015.28,105.0,-175.0,-35.0
162455,-5.37,-22.45,1015.28,122.5,-192.5,-35.0
162484,-5.37,-22.45,1015.28,122.5,-192.5,-35.0
162513,-5.37,-22.45,1015.28,122.5,-175.0,-35.0
162542,-5.37,-22.45,1015.28,105.0,-175.0,-35.0
162571,-5.37,-22.45,1015.28,122.5,-175.0,-35.0
162600,-5.37,-22.45,1015.28,122.5,-175.0,-35.0
162629,-5.37,-22.33,1015.28,122.5,-157.5,-35.0
162658,-5.37,-22.45,1015.28,140.0,-175.0,-35.0
162687,-5.37,-22.45,1015.28,122.5,-192.5,-35.0
162717,-5.37,-22.33,1015.28,105.0,-175.0,-17.5
162746,-5.37,-22.33,1015.28,122.5,-192.5,-17.5
162776,-5.37,-22.33,1015.41,105.0,-175.0,-35.0
162805,-5.37,-22.33,1015.28,105.0,-192.5,-35.0
162835,-5.37,-22.33,1015.28,122.5,-175.0,-35.0
162864,-5.37,-22.33,1015.41,105.0,-157.5,-35.0
162894,-5.37,-22.2,1015.41,122.5,-175.0,-52.5
162923,-5.37,-22.33,1015.53,122.5,-192.5,-35.0
162953,-5.37,-22.33,1015.53,122.5,-175.0,-35.0
162982,-5.37,-22.33,1015.53,87.5,-175.0,-17.5
163011,-5.37,-22.2,1015.41,105.0,-175.0,-17.5
163040,-5.37,-22.2,1015.41,122.5,-175.0,-17.5
163069,-5.37,-22.2,1015.53,122.5,-175.0,-35.0
163098,-5.37,-22.33,1015.53,122.5,-157.5,-35.0
163127,-5.37,-22.33,1015.41,105.0,-157.5,-35.0
163156,-5.37,-22.33,1015.53,140.0,-175.0,-17.5
163185,-5.37,-22.2,1015.53,105.0,-175.0,-17.5
163215,-5.37,-22.2,1015.41,122.5,-157.5,-35.0
163244,-5.37,-22.33,1015.41,105.0,-175.0,-17.5
163274,-5.37,-22.33,1015.41,105.0,-175.0,-35.0
163303,-5.37,-22.33,1015.41,122.5,-175.0,-35.0
163333,-5.49,-22.33,1015.41,122.5,-175.0,-35.0
163362,-5.37,-22.33,1015.28,122.5,-175.0,-35.0
163392,-5.37,-22.33,1015.28,122.5,-175.0,-17.5
163421,-5.37,-22.33,1015.28,105.0,-175.0,-35.0
163451,-5.37,-22.33,1015.28,122.5,-192.5,-35.0
163480,-5.37,-22.33,1015.28,105.0,-175.0,-17.5
163509,-5.37,-22.33,1015.28,122.5,-175.0,-35.0
163538,-5.37,-22.33,1015.28,105.0,-175.0,-52.5
163567,-5.37,-22.45,1015.28,105.0,-192.5,-35.0
163596,-5.37,-22.33,1015.28,105.0,-175.0,-17.5
163625,-5.37,-22.33,1015.28,122.5,-175.0,-17.5
163655,-5.37,-22.33,1015.28,122.5,-175.0,-35.0
163684,-5.37,-22.33,1015.28,122.5,-175.0,-35.0
163714,-5.37,-22.33,1015.28,122.5,-175.0,-35.0
163743,-5.25,-22.33,1015.41,122.5,-175.0,-17.5
163773,-5.25,-22.33,1015.41,122.5,-192.5,-52.5
163802,-5.25,-22.33,1015.41,122.5,-175.0,-17.5
163832,-5.25,-22.33,1015.41,122.5,-175.0,-17.5
163861,-5.25,-22.33,1015.41,105.0,-175.0,-17.5
163891,-5.25,-22.33,1015.28,122.5,-192.5,-35.0
163920,-5.25,-22.33,1015.28,122.5,-192.5,-35.0
163950,-5.25,-22.45,1015.28,105.0,-157.5,-35.0
163979,-5.25,-22.45,1015.28,105.0,-175.0,-35.0
164008,-5.25,-22.33,1015.28,122.5,-175.0,-17.5
164037,-5.25,-22.45,1015.28,122.5,-175.0,-35.0
164066,-5.25,-22.45,1015.28,122.5,-175.0,-52.5
164095,-5.25,-22.45,1015.28,122.5,-192.5,-35.0
164124,-5.25,-22.45,1015.28,122.5,-192.5,-17.5
164154,-5.25,-22.45,1015.28,140.0,-192.5,-17.5
164183,-5.37,-22.45,1015.28,122.5,-175.0,-17.5
164213,-5.37,-22.45,1015.28,105.0,-175.0,-35.0
164242,-5.37,-22.45,1015.16,105.0,-175.0,-35.0
164272,-5.37,-22.45,1015.16,122.5,-192.5,-35.0
164301,-5.37,-22.45,1015.16,122.5,-192.5,-52.5
164331,-5.37,-22.45,1015.16,122.5,-175.0,-35.0
164360,-5.37,-22.45,1015.16,105.0,-192.5,-17.5
164390,-5.37,-22.45,1015.04,122.5,-175.0,-17.5
164419,-5.37,-22.45,1015.04,122.5,-157.5,-17.5
164449,-5.37,-22.45,1015.16,105.0,-175.0,-17.5
164478,-5.37,-22.45,1015.04,122.5,-175.0,-17.5
164507,-5.37,-22.45,1015.04,105.0,-175.0,-17.5
164536,-5.37,-22.45,1015.04,122.5,-192.5,-35.0
164565,-5.37,-22.45,1015.04,140.0,-175.0,-35.0
164594,-5.37,-22.45,1015.04,105.0,-175.0,-35.0
164623,-5.37,-22.45,1015.04,105.0,-192.5,-17.5
164653,-5.37,-22.45,1015.04,105.0,-192.5,-35.0
164682,-5.37,-22.45,1015.04,122.5,-192.5,-35.0
164712,-5.37,-22.45,1015.04,122.5,-192.5,-35.0
164741,-5.37,-22.45,1015.04,122.5,-175.0,-35.0
164771,-5.37,-22.45,1015.04,105.0,-175.0,-35.0
164800,-5.37,-22.45,1014.92,122.5,-175.0,-35.0
164830,-5.37,-22.45,1014.92,122.5,-175.0,-35.0
164859,-5.37,-22.45,1014.92,122.5,-175.0,-17.5
164889,-5.37,-22.45,1014.92,122.5,-175.0,-35.0
164918,-5.37,-22.45,1015.04,105.0,-175.0,-35.0
164947,-5.37,-22.45,1015.04,122.5,-175.0,-35.0
164976,-5.37,-22.45,1015.04,122.5,-175.0,-35.0
165005,-5.37,-22.45,1015.04,122.5,-192.5,-35.0
165034,-5.37,-22.45,1014.92,122.5,-175.0,-17.5
165063,-5.37,-22.45,1014.92,122.5,-175.0,-35.0
165092,-5.37,-22.45,1014.92,122.5,-175.0,-35.0
165121,-5.37,-22.45,1014.92,122.5,-192.5,-35.0
165151,-5.37,-22.45,1014.92,140.0,-192.5,-35.0
165180,-5.37,-22.45,1014.8,122.5,-192.5,-35.0
165210,-5.37,-22.45,1014.8,105.0,-192.5,-35.0
165239,-5.37,-22.45,1014.92,105.0,-192.5,-17.5
165269,-5.37,-22.45,1014.92,105.0,-192.5,-17.5
165298,-5.37,-22.45,1014.8,105.0,-192.5,-17.5
165328,-5.37,-22.45,1014.8,122.5,-175.0,-35.0
165357,-5.37,-22.45,1014.8,122.5,-192.5,-17.5
165387,-5.37,-22.45,1014.8,105.0,-192.5,-17.5
165416,-5.37,-22.45,1014.67,122.5,-175.0,-17.5
165445,-5.37,-22.45,1014.67,122.5,-175.0,-35.0
165474,-5.37,-22.45,1014.67,122.5,-175.0,-17.5
165503,-5.37,-22.45,1014.67,122.5,-175.0,-35.0
165532,-5.37,-22.45,1014.67,140.0,-157.5,-35.0
165561,-5.37,-22.45,1014.67,122.5,-175.0,-35.0
165590,-5.37,-22.45,1014.8,122.5,-192.5,-17.5
165619,-5.37,-22.45,1014.8,122.5,-175.0,-35.0
165649,-5.37,-22.45,1014.8,122.5,-175.0,-35.0
165678,-5.37,-22.45,1014.8,140.0,-175.0,-35.0
165708,-5.37,-22.45,1014.67,122.5,-175.0,-35.0
165737,-5.37,-22.45,1014.67,122.5,-175.0,-35.0
165767,-5.25,-22.45,1014.67,122.5,-175.0,-35.0
165796,-5.37,-22.45,1014.8,122.5,-175.0,-35.0
165826,-5.37,-22.45,1014.8,122.5,-192.5,-17.5
165855,-5.25,-22.45,1014.8,122.5,-192.5,-35.0
165885,-5.37,-22.45,1014.8,122.5,-175.0,-35.0
165914,-5.37,-22.45,1014.8,122.5,-192.5,-17.5
165943,-5.37,-22.45,1014.8,105.0,-192.5,-17.5
165972,-5.25,-22.45,1014.8,105.0,-175.0,-35.0
166001,-5.25,-22.45,1014.8,122.5,-175.0,-35.0
166030,-5.25,-22.45,1014.8,122.5,-175.0,-35.0
166059,-5.25,-22.45,1014.8,122.5,-175.0,-17.5
166088,-5.25,-22.45,1014.67,105.0,-175.0,-17.5
166117,-5.25,-22.45,1014.8,122.5,-175.0,-17.5
166147,-5.25,-22.45,1014.8,122.5,-192.5,-17.5
166176,-5.25,-22.45,1014.8,122.5,-175.0,-35.0
166206,-5.25,-22.45,1014.8,122.5,-192.5,-35.0
166235,-5.25,-22.45,1014.8,122.5,-175.0,-35.0
166265,-5.25,-22.45,1014.67,122.5,-157.5,-17.5
166294,-5.25,-22.45,1014.67,122.5,-157.5,-17.5
166324,-5.37,-22.45,1014.67,122.5,-175.0,-35.0
166353,-5.37,-22.45,1014.67,122.5,-175.0,-35.0
166383,-5.37,-22.45,1014.67,122.5,-175.0,-35.0
166412,-5.37,-22.45,1014.8,140.0,-175.0,-17.5
166441,-5.37,-22.45,1014.8,122.5,-192.5,-17.5
166470,-5.37,-22.45,1014.67,122.5,-157.5,-17.5
166499,-5.37,-22.45,1014.8,122.5,-157.5,-35.0
166528,-5.37,-22.45,1014.8,122.5,-175.0,-35.0
166557,-5.37,-22.45,1014.8,105.0,-175.0,-35.0
166586,-5.37,-22.45,1014.8,122.5,-175.0,-35.0
166615,-5.37,-22.45,1014.8,122.5,-175.0,-35.0
166645,-5.37,-22.45,1014.8,122.5,-175.0,-35.0
166674,-5.37,-22.45,1014.8,105.0,-157.5,-35.0
166704,-5.37,-22.45,1014.8,105.0,-192.5,-17.5
166733,-5.37,-22.45,1014.8,122.5,-192.5,-35.0
166763,-5.37,-22.45,1014.8,122.5,-175.0,-35.0
166792,-5.25,-22.45,1014.8,140.0,-175.0,-35.0
166822,-5.25,-22.45,1014.8,122.5,-157.5,-35.0
166851,-5.25,-22.45,1014.8,140.0,-157.5,-35.0
166881,-5.25,-22.45,1014.8,140.0,-175.0,-17.5
166910,-5.25,-22.45,1014.8,122.5,-175.0,-35.0
166940,-5.25,-22.45,1014.8,122.5,-175.0,-35.0
166969,-5.25,-22.45,1014.8,122.5,-192.5,-17.5
166998,-5.25,-22.45,1014.8,122.5,-157.5,-17.5
167027,-5.25,-22.45,1014.8,122.5,-175.0,-35.0
167056,-5.25,-22.45,1014.67,105.0,-192.5,-17.5
167085,-5.25,-22.45,1014.67,105.0,-175.0,-17.5
167114,-5.25,-22.45,1014.67,105.0,-175.0,-35.0
167143,-5.37,-22.45,1014.67,122.5,-175.0,-17.5
167172,-5.37,-22.45,1014.67,122.5,-157.5,-35.0
167202,-5.25,-22.45,1014.67,122.5,-175.0,-17.5
167231,-5.37,-22.45,1014.67,122.5,-175.0,-17.5
167261,-5.37,-22.45,1014.67,122.5,-192.5,-17.5
167290,-5.37,-22.45,1014.67,122.5,-192.5,-35.0
167320,-5.25,-22.45,1014.55,122.5,-192.5,-35.0
167349,-5.25,-22.45,1014.55,122.5,-175.0,-35.0
167379,-5.25,-22.45,1014.55,140.0,-192.5,-17.5
167408,-5.37,-22.45,1014.55,105.0,-192.5,-17.5
167438,-5.25,-22.45,1014.55,122.5,-157.5,-17.5
167467,-5.25,-22.45,1014.55,122.5,-157.5,-35.0
167497,-5.25,-22.45,1014.67,105.0,-175.0,-35.0
167526,-5.25,-22.45,1014.67,105.0,-192.5,-35.0
167555,-5.25,-22.45,1014.67,122.5,-175.0,-35.0
167584,-5.25,-22.45,1014.67,105.0,-175.0,-35.0
167613,-5.25,-22.45,1014.8,105.0,-175.0,-35.0
167642,-5.25,-22.45,1014.8,122.5,-175.0,-52.5
167671,-5.25,-22.45,1014.8,122.5,-175.0,-35.0
167701,-5.25,-22.45,1014.8,122.5,-175.0,-17.5
167730,-5.25,-22.45,1014.8,122.5,-175.0,-35.0
167760,-5.25,-22.45,1014.8,105.0,-175.0,-35.0
167789,-5.25,-22.45,1014.92,140.0,-175.0,-35.0
167819,-5.25,-22.45,1014.92,122.5,-175.0,-35.0
167848,-5.12,-22.45,1014.92,105.0,-175.0,-52.5
167878,-5.25,-22.45,1015.04,140.0,-192.5,-35.0
167907,-5.25,-22.45,1015.04,122.5,-175.0,-17.5
167937,-5.12,-22.45,1014.92,122.5,-175.0,-17.5
167966,-5.25,-22.45,1015.04,122.5,-175.0,-35.0
167995,-5.25,-22.33,1015.04,105.0,-175.0,-35.0
168024,-5.25,-22.33,1015.04,105.0,-157.5,-35.0
168053,-5.25,-22.33,1015.04,122.5,-192.5,-17.5
168082,-5.25,-22.45,1015.04,122.5,-175.0,-35.0
168111,-5.25,-22.45,1015.04,122.5,-192.5,-35.0
168140,-5.25,-22.33,1015.04,140.0,-192.5,-17.5
168169,-5.25,-22.33,1015.04,140.0,-175.0,-35.0
168199,-5.25,-22.33,1015.04,122.5,-157.5,-35.0
168228,-5.25,-22.33,1015.04,105.0,-175.0,-17.5
168258,-5.25,-22.33,1015.04,105.0,-175.0,-35.0
168287,-5.12,-22.33,1015.04,105.0,-175.0,-17.5
168317,-5.25,-22.33,1015.04,140.0,-192.5,-17.5
168346,-5.25,-22.2,1015.16,122.5,-192.5,-17.5
168376,-5.25,-22.33,1015.16,122.5,-175.0,-17.5
168405,-5.12,-22.33,1015.16,122.5,-175.0,-35.0
168435,-5.12,-22.33,1015.16,122.5,-175.0,-35.0
168464,-5.12,-22.33,1015.16,122.5,-175.0,-35.0
168493,-5.25,-22.33,1015.16,122.5,-175.0,-35.0
168522,-5.25,-22.33,1015.16,122.5,-175.0,-35.0
168551,-5.25,-22.33,1015.16,122.5,-175.0,-35.0
168580,-5.25,-22.33,1015.16,122.5,-175.0,-35.0
168609,-5.25,-22.33,1015.28,122.5,-157.5,-17.5
168638,-5.25,-22.33,1015.16,140.0,-157.5,-17.5
168667,-5.25,-22.33,1015.28,122.5,-175.0,-17.5
168697,-5.25,-22.33,1015.28,122.5,-175.0,-35.0
168726,-5.25,-22.33,1015.28,122.5,-175.0,-35.0
168756,-5.25,-22.33,1015.28,122.5,-175.0,-35.0
168785,-5.37,-22.33,1015.28,122.5,-175.0,-17.5
168815,-5.37,-22.33,1015.28,122.5,-175.0,-35.0
168844,-5.37,-22.33,1015.28,122.5,-192.5,-35.0
168874,-5.37,-22.33,1015.28,122.5,-192.5,-35.0
168903,-5.37,-22.33,1015.28,122.5,-192.5,-17.5
168933,-5.37,-22.33,1015.28,105.0,-192.5,-35.0
168962,-5.25,-22.2,1015.28,122.5,-192.5,-17.5
168992,-5.37,-22.2,1015.28,140.0,-192.5,-35.0
169021,-5.37,-22.33,1015.28,105.0,-175.0,-35.0
169050,-5.25,-22.33,1015.41,105.0,-175.0,-52.5
169079,-5.25,-22.33,1015.41,122.5,-192.5,-17.5
169108,-5.25,-22.33,1015.41,122.5,-192.5,-17.5
169137,-5.25,-22.33,1015.41,122.5,-175.0,-35.0
169166,-5.25,-22.33,1015.41,105.0,-157.5,-35.0
169196,-5.25,-22.2,1015.41,122.5,-175.0,-17.5
169225,-5.12,-22.2,1015.41,122.5,-175.0,-35.0
169255,-5.25,-22.2,1015.53,122.5,-175.0,-35.0
169284,-5.25,-22.2,1015.53,140.0,-175.0,-35.0
169314,-5.12,-22.33,1015.53,122.5,-175.0,-17.5
169343,-5.12,-22.2,1015.53,122.5,-175.0,-17.5
169373,-5.12,-22.33,1015.53,140.0,-175.0,-35.0
169402,-5.25,-22.33,1015.53,122.5,-175.0,-35.0
169432,-5.12,-22.2,1015.53,122.5,-175.0,-17.5
169461,-5.12,-22.33,1015.53,122.5,-192.5,-35.0
169491,-5.12,-22.33,1015.53,105.0,-175.0,-17.5
169520,-5.12,-22.33,1015.53,122.5,-157.5,-17.5
169549,-5.12,-22.2,1015.53,105.0,-157.5,-17.5
169578,-5.12,-22.33,1015.53,122.5,-175.0,-35.0
169607,-5.12,-22.2,1015.53,140.0,-175.0,-35.0
169636,-5.12,-22.2,1015.53,122.5,-192.5,-17.5
169665,-5.12,-22.33,1015.65,140.0,-192.5,-35.0
169694,-5.12,-22.2,1015.65,140.0,-175.0,-17.5
169723,-5.12,-22.2,1015.65,122.5,-175.0,-35.0
169753,-5.12,-22.2,1015.77,122.5,-175.0,-17.5
169782,-5.25,-22.2,1015.77,122.5,-175.0,-35.0
169812,-5.25,-22.2,1015.77,122.5,-175.0,-35.0
169841,-5.12,-22.2,1015.77,122.5,-175.0,-35.0
169871,-5.12,-22.2,1015.65,105.0,-157.5,-35.0
169900,-5.12,-22.2,1015.65,122.5,-175.0,-35.0
169930,-5.25,-22.2,1015.65,122.5,-175.0,0.0
169959,-5.25,-22.2,1015.65,122.5,-175.0,-17.5
169989,-5.25,-22.2,1015.53,122.5,-175.0,-35.0
170018,-5.25,-22.2,1015.53,122.5,-192.5,-17.5
170048,-5.25,-22.2,1015.41,122.5,-175.0,-17.5
170077,-5.25,-22.2,1015.41,122.5,-175.0,-17.5
170106,-5.12,-22.2,1015.41,122.5,-192.5,-17.5
170135,-5.12,-22.2,1015.28,105.0,-175.0,-17.5
170164,-5.25,-22.2,1015.28,105.0,-175.0,-17.5
170193,-5.25,-22.2,1015.28,122.5,-175.0,-17.5
170222,-5.25,-22.2,1015.16,105.0,-192.5,-35.0
170251,-5.25,-22.2,1015.16,105.0,-175.0,-17.5
170280,-5.25,-22.2,1015.16,105.0,-157.5,-17.5
170310,-5.25,-22.2,1015.04,105.0,-157.5,-35.0
170339,-5.25,-22.33,1015.04,122.5,-175.0,-35.0
170369,-5.25,-22.33,1015.04,105.0,-175.0,-17.5
170398,-5.25,-22.33,1015.04,122.5,-175.0,-17.5
170428,-5.25,-22.33,1014.92,105.0,-175.0,-17.5
170457,-5.25,-22.33,1014.92,105.0,-175.0,-17.5
170487,-5.12,-22.33,1014.92,105.0,-175.0,-35.0
170516,-5.25,-22.33,1014.92,105.0,-192.5,-17.5
170546,-5.12,-22.33,1014.92,105.0,-192.5,-35.0
170575,-5.25,-22.33,1015.04,122.5,-157.5,-35.0
170605,-5.25,-22.33,1015.04,122.5,-175.0,-17.5
170634,-5.25,-22.33,1015.04,105.0,-192.5,-52.5
170663,-5.25,-22.2,1015.04,140.0,-192.5,-35.0
170692,-5.25,-22.2,1015.04,105.0,-175.0,-52.5
170721,-5.12,-22.33,1015.16,105.0,-175.0,-52.5
170750,-5.25,-22.33,1015.16,122.5,-175.0,-17.5
170779,-5.25,-22.33,1015.04,140.0,-175.0,-17.5
170808,-5.25,-22.33,1015.04,122.5,-175.0,-17.5
170837,-5.25,-22.33,1015.04,122.5,-175.0,-17.5
170866,-5.37,-22.33,1014.92,105.0,-175.0,-17.5
170895,-5.37,-22.2,1014.92,105.0,-175.0,-35.0
170925,-5.25,-22.33,1014.92,122.5,-175.0,-35.0
170954,-5.25,-22.33,1014.8,122.5,-157.5,-35.0
170984,-5.25,-22.33,1014.8,140.0,-192.5,-35.0
171013,-5.12,-22.33,1014.8,140.0,-192.5,-17.5
171043,-5.12,-22.33,1014.8,122.5,-175.0,-35.0
171072,-5.25,-22.33,1014.8,122.5,-175.0,-35.0
171102,-5.12,-22.33,1014.67,122.5,-157.5,-17.5
171131,-5.25,-22.33,1014.8,122.5,-157.5,-35.0
171161,-5.12,-22.33,1014.8,140.0,-192.5,-35.0
171190,-5.25,-22.33,1014.8,140.0,-175.0,-35.0
171220,-5.25,-22.33,1014.8,122.5,-175.0,-17.5
171249,-5.25,-22.33,1014.8,140.0,-175.0,-17.5
171278,-5.25,-22.33,1014.8,122.5,-175.0,-35.0
171307,-5.25,-22.45,1014.8,122.5,-175.0,-35.0
171336,-5.25,-22.45,1014.8,105.0,-157.5,-35.0
171365,-5.25,-22.45,1014.8,122.5,-192.5,-35.0
171394,-5.25,-22.33,1014.8,122.5,-210.0,-35.0
171423,-5.25,-22.33,1014.8,105.0,-192.5,-35.0
171452,-5.25,-22.33,1014.8,122.5,-192.5,-35.0
171482,-5.25,-22.33,1014.8,105.0,-175.0,-17.5
171511,-5.25,-22.33,1014.67,122.5,-175.0,-35.0
171541,-5.25,-22.33,1014.67,105.0,-192.5,-35.0
171570,-5.12,-22.33,1014.67,105.0,-175.0,-35.0
171600,-5.25,-22.33,1014.67,122.5,-192.5,-17.5
171629,-5.25,-22.33,1014.67,122.5,-192.5,-35.0
171659,-5.25,-22.33,1014.67,122.5,-175.0,-17.5
171688,-5.25,-22.45,1014.67,122.5,-175.0,-17.5
171718,-5.25,-22.33,1014.67,122.5,-175.0,-35.0
171747,-5.25,-22.45,1014.67,105.0,-175.0,-35.0
171776,-5.25,-22.45,1014.67,140.0,-175.0,-17.5
171805,-5.37,-22.45,1014.67,122.5,-175.0,-35.0
171834,-5.37,-22.45,1014.67,105.0,-175.0,-35.0
171863,-5.37,-22.45,1014.67,87.5,-175.0,-35.0
171892,-5.37,-22.45,1014.67,105.0,-192.5,-17.5
171921,-5.37,-22.45,1014.8,105.0,-175.0,-17.5
171950,-5.37,-22.45,1014.8,105.0,-175.0,-17.5
171980,-5.37,-22.45,1014.8,105.0,-175.0,-17.5
172009,-5.37,-22.45,1014.8,122.5,-192.5,-17.5
172039,-5.37,-22.45,1014.8,105.0,-192.5,-35.0
172068,-5.37,-22.45,1014.8,87.5,-175.0,-17.5
172098,-5.25,-22.33,1014.8,122.5,-175.0,-35.0
172127,-5.37,-22.33,1014.8,105.0,-175.0,-17.5
172157,-5.25,-22.33,1014.8,122.5,-175.0,-35.0
172186,-5.25,-22.33,1014.92,122.5,-175.0,-35.0
172216,-5.37,-22.33,1014.92,122.5,-175.0,-17.5
172245,-5.25,-22.33,1014.92,122.5,-175.0,-35.0
172274,-5.25,-22.33,1015.04,105.0,-175.0,-17.5
172303,-5.25,-22.33,1015.04,105.0,-157.5,-17.5
172332,-5.25,-22.45,1015.04,105.0,-175.0,-35.0
172361,-5.25,-22.45,1015.04,105.0,-175.0,-35.0
172390,-5.25,-22.45,1015.04,105.0,-175.0,-35.0
172420,-5.25,-22.45,1015.04,140.0,-175.0,-35.0
172449,-5.25,-22.45,1015.04,122.5,-175.0,-17.5
172479,-5.25,-22.45,1015.04,122.5,-192.5,-17.5
172508,-5.37,-22.45,1015.04,105.0,-192.5,-35.0
172538,-5.37,-22.45,1015.04,122.5,-192.5,-35.0
172567,-5.37,-22.45,1015.04,105.0,-175.0,-35.0
172597,-5.37,-22.45,1015.16,122.5,-175.0,-17.5
172626,-5.37,-22.45,1015.16,122.5,-175.0,-35.0
172656,-5.37,-22.45,1015.28,122.5,-175.0,-17.5
172685,-5.37,-22.33,1015.28,122.5,-175.0,-35.0
172714,-5.37,-22.33,1015.28,122.5,-175.0,-35.0
172743,-5.37,-22.33,1015.28,105.0,-175.0,-35.0
172772,-5.37,-22.33,1015.28,105.0,-175.0,-35.0
172801,-5.37,-22.33,1015.28,105.0,-192.5,-35.0
172830,-5.37,-22.33,1015.28,122.5,-192.5,-35.0
172859,-5.37,-22.33,1015.28,140.0,-192.5,-35.0
172888,-5.37,-22.33,1015.28,122.5,-175.0,-17.5
172918,-5.37,-22.33,1015.28,122.5,-192.5,-35.0
172947,-5.37,-22.33,1015.28,140.0,-192.5,-17.5
172977,-5.37,-22.33,1015.41,140.0,-192.5,-35.0
173006,-5.37,-22.33,1015.41,122.5,-175.0,-35.0
173036,-5.37,-22.33,1015.41,122.5,-157.5,-35.0
173065,-5.37,-22.33,1015.28,122.5,-175.0,-35.0
173095,-5.37,-22.33,1015.28,105.0,-192.5,-35.0
173124,-5.37,-22.33,1015.28,122.5,-192.5,-35.0
173154,-5.37,-22.45,1015.16,122.5,-175.0,-35.0
173183,-5.37,-22.45,1015.16,105.0,-175.0,-17.5
173212,-5.25,-22.45,1015.16,122.5,-175.0,-35.0
173241,-5.25,-22.45,1015.04,140.0,-192.5,-35.0
173270,-5.25,-22.45,1015.04,140.0,-175.0,-35.0
173299,-5.37,-22.45,1015.04,122.5,-175.0,-35.0
173328,-5.37,-22.45,1014.92,122.5,-175.0,-17.5
173357,-5.25,-22.45,1014.92,122.5,-175.0,-35.0
173386,-5.25,-22.45,1015.04,122.5,-175.0,-35.0
173416,-5.25,-22.45,1014.92,122.5,-175.0,-17.5
173445,-5.25,-22.45,1014.92,122.5,-175.0,-17.5
173475,-5.25,-22.45,1015.04,122.5,-175.0,-35.0
173504,-5.25,-22.45,1014.92,140.0,-175.0,-35.0
173534,-5.25,-22.45,1015.04,122.5,-175.0,-35.0
173563,-5.25,-22.45,1015.04,122.5,-175.0,-35.0
173593,-5.25,-22.45,1015.04,122.5,-192.5,-35.0
173622,-5.25,-22.45,1015.04,122.5,-175.0,-35.0
173652,-5.25,-22.45,1015.04,122.5,-175.0,-35.0
173681,-5.25,-22.45,1015.04,122.5,-175.0,-35.0
173710,-5.25,-22.45,1015.04,105.0,-175.0,-35.0
173739,-5.37,-22.45,1015.04,122.5,-175.0,-52.5
173768,-5.25,-22.45,1015.04,122.5,-157.5,-35.0
173797,-5.37,-22.45,1015.04,105.0,-175.0,-17.5
173826,-5.37,-22.33,1015.16,122.5,-175.0,-17.5
173855,-5.37,-22.33,1015.16,122.5,-175.0,-17.5
173884,-5.37,-22.33,1015.16,140.0,-192.5,-35.0
173914,-5.37,-22.33,1015.16,140.0,-175.0,-35.0
173943,-5.37,-22.33,1015.28,122.5,-175.0,-35.0
173973,-5.37,-22.45,1015.28,122.5,-192.5,-35.0
174002,-5.37,-22.45,1015.28,122.5,-192.5,-35.0
174032,-5.37,-22.45,1015.28,122.5,-175.0,-35.0
174061,-5.37,-22.45,1015.28,122.5,-175.0,-35.0
174091,-5.25,-22.45,1015.28,122.5,-175.0,-52.5
174120,-5.25,-22.45,1015.28,140.0,-175.0,-35.0
174150,-5.37,-22.45,1015.16,122.5,-157.5,-35.0
174179,-5.37,-22.45,1015.16,105.0,-157.5,-35.0
174208,-5.37,-22.45,1015.16,105.0,-175.0,-35.0
174237,-5.37,-22.45,1015.16,122.5,-157.5,-17.5
174266,-5.37,-22.57,1015.04,105.0,-192.5,-35.0
174295,-5.37,-22.57,1015.04,122.5,-175.0,-35.0
174324,-5.25,-22.57,1015.04,122.5,-175.0,-35.0
174353,-5.25,-22.57,1015.04,122.5,-175.0,-35.0
174382,-5.25,-22.57,1015.04,140.0,-192.5,-52.5
174412,-5.37,-22.45,1015.04,140.0,-157.5,-52.5
174441,-5.37,-22.45,1015.04,140.0,-175.0,-52.5
174471,-5.37,-22.45,1015.04,122.5,-175.0,-35.0
174500,-5.37,-22.45,1015.04,105.0,-175.0,-35.0
174530,-5.37,-22.57,1015.04,105.0,-175.0,-35.0
174559,-5.37,-22.45,1015.04,122.5,-175.0,-17.5
174589,-5.37,-22.45,1015.16,140.0,-175.0,-17.5
174618,-5.37,-22.45,1015.16,122.5,-157.5,-17.5
174648,-5.37,-22.45,1015.16,122.5,-175.0,-35.0
174677,-5.37,-22.45,1015.16,122.5,-192.5,-17.5
174706,-5.37,-22.45,1015.16,105.0,-175.0,-35.0
174735,-5.37,-22.45,1015.16,122.5,-192.5,-35.0
174764,-5.37,-22.45,1015.16,87.5,-175.0,-17.5
174794,-5.25,-22.45,1015.28,105.0,-192.5,-17.5
174823,-5.25,-22.45,1015.28,87.5,-192.5,-35.0
174853,-5.37,-22.45,1015.28,122.5,-175.0,-35.0
174882,-5.37,-22.45,1015.28,122.5,-175.0,-35.0
174912,-5.37,-22.45,1015.28,122.5,-175.0,-35.0
174941,-5.37,-22.45,1015.28,122.5,-192.5,-17.5
174971,-5.37,-22.45,1015.28,122.5,-157.5,-35.0
175000,-5.37,-22.45,1015.28,122.5,-175.0,-17.5
175030,-5.37,-22.45,1015.28,140.0,-157.5,-17.5
175059,-5.37,-22.45,1015.28,122.5,-175.0,-35.0
175089,-5.37,-22.45,1015.28,122.5,-175.0,-35.0
175118,-5.25,-22.45,1015.28,122.5,-175.0,-35.0
175147,-5.25,-22.45,1015.28,122.5,-175.0,-35.0
175176,-5.25,-22.45,1015.28,105.0,-175.0,-35.0
175205,-5.25,-22.45,1015.28,122.5,-175.0,-52.5
175234,-5.25,-22.45,1015.28,122.5,-175.0,-35.0
175263,-5.25,-22.45,1015.28,122.5,-175.0,-35.0
175292,-5.25,-22.45,1015.28,122.5,-175.0,-35.0
175321,-5.25,-22.45,1015.28,122.5,-157.5,-35.0
175351,-5.25,-22.45,1015.28,122.5,-175.0,-35.0
175380,-5.25,-22.45,1015.28,105.0,-175.0,-17.5
175410,-5.25,-22.45,1015.28,122.5,-192.5,-35.0
175439,-5.37,-22.45,1015.28,140.0,-175.0,-17.5
175469,-5.37,-22.45,1015.28,140.0,-192.5,-17.5
175498,-5.37,-22.45,1015.28,140.0,-175.0,-17.5
175528,-5.37,-22.45,1015.41,122.5,-175.0,-35.0
175557,-5.37,-22.45,1015.28,122.5,-192.5,-52.5
175587,-5.37,-22.45,1015.41,122.5,-175.0,-35.0
175616,-5.37,-22.45,1015.28,122.5,-192.5,-35.0
175645,-5.37,-22.45,1015.28,122.5,-175.0,-17.5
175674,-5.37,-22.45,1015.28,105.0,-175.0,-35.0
175703,-5.37,-22.45,1015.28,140.0,-175.0,-35.0
175732,-5.37,-22.57,1015.28,122.5,-192.5,-17.5
175761,-5.37,-22.57,1015.16,105.0,-175.0,-35.0
175791,-5.37,-22.57,1015.16,105.0,-175.0,-35.0
175820,-5.37,-22.45,1015.16,105.0,-157.5,-35.0
175850,-5.37,-22.45,1015.16,140.0,-175.0,-17.5
175879,-5.37,-22.45,1015.16,122.5,-192.5,-35.0
175909,-5.37,-22.57,1015.16,122.5,-192.5,-35.0
175938,-5.37,-22.45,1015.16,140.0,-192.5,-17.5
175968,-5.37,-22.57,1015.04,140.0,-175.0,-17.5
175997,-5.37,-22.45,1015.04,140.0,-175.0,-35.0
176027,-5.37,-22.45,1015.04,122.5,-175.0,-35.0
176056,-5.37,-22.45,1015.04,122.5,-192.5,-17.5
176086,-5.37,-22.57,1015.04,105.0,-175.0,-17.5
176115,-5.37,-22.45,1015.04,105.0,-175.0,-17.5
176144,-5.37,-22.45,1015.04,105.0,-175.0,-17.5
176173,-5.37,-22.45,1015.04,122.5,-175.0,-17.5
176202,-5.37,-22.45,1015.04,140.0,-175.0,-35.0
176231,-5.37,-22.45,1015.04,122.5,-175.0,-35.0
176260,-5.37,-22.45,1015.04,122.5,-192.5,-17.5
176289,-5.37,-22.45,1015.16,122.5,-192.5,-35.0
176318,-5.37,-22.45,1015.16,122.5,-175.0,-17.5
176348,-5.37,-22.45,1015.28,122.5,-192.5,-35.0
176377,-5.37,-22.45,1015.28,122.5,-192.5,-35.0
176407,-5.37,-22.45,1015.28,122.5,-192.5,-17.5
176436,-5.37,-22.45,1015.28,122.5,-192.5,-35.0
176466,-5.37,-22.45,1015.28,122.5,-175.0,-52.5
176495,-5.37,-22.45,1015.28,122.5,-157.5,-35.0
176525,-5.37,-22.45,1015.28,122.5,-175.0,-35.0
176554,-5.37,-22.45,1015.28,122.5,-192.5,-35.0
176584,-5.37,-22.45,1015.28,105.0,-175.0,-17.5
176613,-5.37,-22.45,1015.28,122.5,-175.0,-35.0
176642,-5.37,-22.45,1015.28,122.5,-175.0,-35.0
176671,-5.37,-22.45,1015.28,122.5,-192.5,-35.0
176700,-5.37,-22.45,1015.28,122.5,-192.5,-17.5
176729,-5.37,-22.45,1015.28,122.5,-192.5,-17.5
176758,-5.37,-22.45,1015.28,105.0,-192.5,-35.0
176787,-5.37,-22.45,1015.28,122.5,-175.0,-35.0
176816,-5.37,-22.45,1015.16,122.5,-175.0,-35.0
176846,-5.37,-22.45,1015.28,140.0,-175.0,-17.5
176875,-5.37,-22.45,1015.28,140.0,-175.0,-35.0
176905,-5.37,-22.45,1015.28,122.5,-175.0,-35.0
176934,-5.37,-22.45,1015.16,122.5,-157.5,-35.0
176964,-5.37,-22.45,1015.16,105.0,-175.0,-35.0
176993,-5.37,-22.45,1015.16,105.0,-175.0,-35.0
177023,-5.37,-22.45,1015.16,122.5,-175.0,-35.0
177052,-5.37,-22.45,1015.28,122.5,-175.0,-35.0
177081,-5.37,-22.45,1015.16,105.0,-192.5,-17.5
177110,-5.37,-22.45,1015.16,105.0,-192.5,-35.0
177139,-5.37,-22.45,1015.16,122.5,-175.0,-17.5
177168,-5.37,-22.45,1015.16,122.5,-175.0,-35.0
177197,-5.37,-22.45,1015.16,105.0,-157.5,-52.5
177226,-5.37,-22.45,1015.16,122.5,-175.0,-35.0
177255,-5.37,-22.45,1015.16,122.5,-192.5,-35.0
177285,-5.37,-22.45,1015.16,105.0,-175.0,-17.5
177314,-5.37,-22.45,1015.28,105.0,-175.0,-35.0
177344,-5.37,-22.45,1015.16,122.5,-175.0,-35.0
177373,-5.37,-22.45,1015.16,122.5,-175.0,-35.0
177403,-5.37,-22.45,1015.16,122.5,-157.5,-35.0
177432,-5.37,-22.45,1015.16,122.5,-175.0,-35.0
177462,-5.37,-22.45,1015.16,105.0,-175.0,-35.0
177491,-5.37,-22.45,1015.16,105.0,-175.0,-35.0
177521,-5.37,-22.45,1015.16,122.5,-175.0,-17.5
177550,-5.37,-22.45,1015.16,122.5,-175.0,-35.0
177579,-5.37,-22.45,1015.16,140.0,-175.0,-17.5
177608,-5.37,-22.45,1015.16,122.5,-192.5,-17.5
177637,-5.37,-22.45,1015.28,105.0,-157.5,-35.0
177666,-5.37,-22.45,1015.28,122.5,-175.0,0.0
177695,-5.37,-22.45,1015.28,122.5,-192.5,-17.5
177725,-5.37,-22.45,1015.28,105.0,-192.5,-17.5
177754,-5.37,-22.45,1015.28,122.5,-175.0,-35.0
177784,-5.37,-22.45,1015.28,140.0,-175.0,-17.5
177813,-5.37,-22.45,1015.28,122.5,-175.0,-17.5
177843,-5.37,-22.45,1015.28,122.5,-175.0,-17.5
177872,-5.37,-22.45,1015.28,105.0,-175.0,-35.0
177902,-5.37,-22.45,1015.28,122.5,-175.0,-17.5
177931,-5.25,-22.45,1015.28,122.5,-175.0,-17.5
177961,-5.25,-22.45,1015.41,140.0,-175.0,-35.0
177990,-5.25,-22.45,1015.41,122.5,-175.0,-17.5
178020,-5.25,-22.33,1015.41,105.0,-175.0,-35.0
178049,-5.25,-22.45,1015.41,122.5,-175.0,-17.5
178078,-5.25,-22.45,1015.53,105.0,-175.0,-35.0
178107,-5.25,-22.45,1015.53,105.0,-175.0,-35.0
178136,-5.25,-22.33,1015.53,122.5,-192.5,-35.0
178165,-5.25,-22.33,1015.53,105.0,-175.0,-35.0
178194,-5.25,-22.33,1015.53,140.0,-175.0,-17.5
178224,-5.25,-22.33,1015.53,105.0,-175.0,-35.0
178253,-5.25,-22.33,1015.53,122.5,-175.0,-35.0
178283,-5.12,-22.33,1015.53,105.0,-157.5,-35.0
178312,-5.12,-22.2,1015.53,140.0,-175.0,-17.5
178342,-5.12,-22.2,1015.53,105.0,-157.5,-35.0
178371,-5.12,-22.2,1015.53,105.0,-175.0,-35.0
178401,-5.12,-22.2,1015.53,122.5,-192.5,-52.5
178430,-5.25,-22.33,1015.53,122.5,-192.5,-35.0
178460,-5.25,-22.33,1015.53,105.0,-192.5,-35.0
178489,-5.25,-22.33,1015.53,122.5,-175.0,-35.0
178518,-5.25,-22.33,1015.53,105.0,-175.0,-52.5
178547,-5.25,-22.33,1015.53,122.5,-175.0,-35.0
178576,-5.12,-22.33,1015.53,122.5,-175.0,-17.5
178605,-5.12,-22.33,1015.53,122.5,-192.5,-17.5
178634,-5.25,-22.33,1015.53,105.0,-175.0,-35.0
178663,-5.25,-22.33,1015.53,140.0,-175.0,-35.0
178692,-5.25,-22.33,1015.53,122.5,-175.0,-35.0
178722,-5.25,-22.33,1015.53,122.5,-175.0,-35.0
178751,-5.25,-22.33,1015.53,122.5,-175.0,-35.0
178781,-5.25,-22.33,1015.53,140.0,-175.0,-17.5
178810,-5.25,-22.33,1015.53,122.5,-175.0,-35.0
178840,-5.12,-22.33,1015.53,122.5,-175.0,-35.0
178869,-5.12,-22.45,1015.53,122.5,-175.0,-17.5
178899,-5.25,-22.45,1015.53,105.0,-175.0,-17.5
178928,-5.25,-22.45,1015.41,105.0,-175.0,-35.0
178957,-5.25,-22.45,1015.41,105.0,-175.0,-17.5
178986,-5.12,-22.45,1015.28,105.0,-192.5,-17.5
179015,-5.25,-22.45,1015.28,122.5,-192.5,-35.0
179044,-5.25,-22.45,1015.28,122.5,-192.5,-35.0
179073,-5.25,-22.45,1015.28,105.0,-175.0,-35.0
179102,-5.25,-22.45,1015.16,122.5,-175.0,-17.5
179131,-5.25,-22.45,1015.16,122.5,-192.5,-17.5
179161,-5.25,-22.45,1015.16,122.5,-175.0,-35.0
179190,-5.12,-22.45,1015.04,122.5,-175.0,-17.5
179220,-5.25,-22.45,1015.04,105.0,-192.5,-35.0
179249,-5.25,-22.45,1015.04,122.5,-175.0,-52.5
179279,-5.12,-22.45,1014.92,140.0,-175.0,-17.5
179308,-5.25,-22.45,1014.92,122.5,-175.0,-35.0
179338,-5.25,-22.45,1014.92,122.5,-175.0,-35.0
179367,-5.25,-22.45,1014.92,105.0,-175.0,-35.0
179397,-5.25,-22.45,1014.92,122.5,-192.5,-35.0
179426,-5.25,-22.45,1014.92,122.5,-175.0,-35.0
179455,-5.25,-22.45,1014.92,122.5,-192.5,-35.0
179484,-5.25,-22.45,1014.92,105.0,-175.0,-35.0
179513,-5.25,-22.45,1014.92,122.5,-175.0,-17.5
179542,-5.25,-22.45,1014.92,122.5,-175.0,-35.0
179571,-5.25,-22.45,1014.92,105.0,-175.0,-35.0
179600,-5.25,-22.45,1014.8,105.0,-192.5,-17.5
179629,-5.25,-22.45,1014.8,122.5,-192.5,-17.5
179659,-5.25,-22.45,1014.8,122.5,-175.0,-35.0
179688,-5.25,-22.45,1014.67,105.0,-157.5,-35.0
179718,-5.25,-22.45,1014.67,122.5,-175.0,-35.0
179747,-5.25,-22.45,1014.8,122.5,-175.0,-35.0
179777,-5.25,-22.45,1014.8,122.5,-175.0,-17.5
179806,-5.25,-22.45,1014.8,122.5,-175.0,-17.5
179836,-5.25,-22.45,1014.8,122.5,-175.0,-35.0
179865,-5.25,-22.45,1014.8,122.5,-175.0,-35.0
179895,-5.25,-22.45,1014.8,122.5,-175.0,-17.5
179924,-5.25,-22.45,1014.8,122.5,-175.0,-17.5
179953,-5.25,-22.45,1014.92,122.5,-192.5,-17.5
179982,-5.25,-22.45,1014.92,105.0,-175.0,-35.0
180011,-5.25,-22.45,1015.04,122.5,-175.0,-17.5
180040,-5.25,-22.45,1015.04,105.0,-175.0,-17.5
180069,-5.12,-22.33,1015.04,105.0,-192.5,-35.0
180099,-5.12,-22.45,1014.92,105.0,-175.0,-17.5
180128,-5.25,-22.33,1014.92,122.5,-175.0,-17.5
180158,-5.12,-22.33,1014.92,122.5,-157.5,-35.0
180187,-5.12,-22.33,1015.04,140.0,-192.5,-17.5
180217,-5.12,-22.33,1014.92,122.5,-157.5,-35.0
180246,-5.12,-22.33,1015.04,122.5,-175.0,-17.5
180276,-5.12,-22.33,1014.92,122.5,-175.0,-35.0
180305,-5.12,-22.33,1015.04,122.5,-175.0,-35.0
180335,-5.12,-22.33,1015.04,122.5,-175.0,-35.0
180364,-5.12,-22.33,1015.04,122.5,-175.0,-52.5
180393,-5.12,-22.33,1015.04,140.0,-175.0,-35.0
180422,-5.12,-22.33,1015.04,105.0,-192.5,-35.0
180451,-5.12,-22.33,1015.04,122.5,-175.0,-35.0
180480,-5.25,-22.33,1015.04,122.5,-192.5,-35.0
180509,-5.12,-22.33,1015.04,122.5,-210.0,-35.0
180538,-5.12,-22.33,1015.04,105.0,-175.0,-17.5
180567,-5.12,-22.33,1015.04,122.5,-175.0,-17.5
180597,-5.25,-22.33,1015.04,122.5,-192.5,-35.0
180626,-5.25,-22.33,1015.04,122.5,-192.5,-52.5
180656,-5.25,-22.33,1015.04,122.5,-192.5,-35.0
180685,-5.12,-22.33,1015.04,122.5,-192.5,-35.0
180715,-5.25,-22.33,1015.16,122.5,-175.0,-35.0
180744,-5.25,-22.2,1015.16,105.0,-175.0,-35.0
180774,-5.25,-22.33,1015.16,122.5,-192.5,-17.5
180803,-5.25,-22.33,1015.28,122.5,-175.0,-35.0
180833,-5.12,-22.33,1015.28,122.5,-175.0,-17.5
180862,-5.25,-22.33,1015.16,105.0,-175.0,-17.5
180892,-5.12,-22.33,1015.28,122.5,-192.5,-35.0
180921,-5.25,-22.45,1015.28,122.5,-192.5,-17.5
180950,-5.12,-22.45,1015.28,105.0,-192.5,-17.5
180979,-5.12,-22.45,1015.28,105.0,-175.0,-17.5
181008,-5.25,-22.45,1015.28,122.5,-175.0,-17.5
181037,-5.12,-22.45,1015.28,140.0,-192.5,-35.0
181066,-5.25,-22.45,1015.28,122.5,-175.0,-35.0
181096,-5.12,-22.45,1015.28,122.5,-175.0,-17.5
181125,-5.25,-22.45,1015.16,122.5,-175.0,-17.5
181155,-5.25,-22.45,1015.16,122.5,-175.0,-17.5
181184,-5.25,-22.45,1015.04,122.5,-175.0,-35.0
181214,-5.25,-22.45,1015.04,122.5,-192.5,-17.5
181243,-5.25,-22.45,1014.92,140.0,-157.5,-35.0
181273,-5.25,-22.45,1014.92,140.0,-175.0,-35.0
181302,-5.25,-22.45,1014.92,122.5,-175.0,-17.5
181332,-5.25,-22.45,1014.92,122.5,-192.5,-35.0
181361,-5.25,-22.45,1014.8,105.0,-175.0,-52.5
181391,-5.25,-22.45,1014.8,140.0,-175.0,-35.0
181420,-5.25,-22.45,1014.8,122.5,-192.5,-35.0
181449,-5.25,-22.45,1014.8,105.0,-192.5,-35.0
181478,-5.25,-22.45,1014.92,122.5,-175.0,-35.0
181507,-5.25,-22.45,1014.92,122.5,-175.0,-35.0
181536,-5.25,-22.45,1014.92,122.5,-175.0,-35.0
181565,-5.25,-22.33,1015.04,105.0,-157.5,-35.0
181595,-5.37,-22.33,1015.04,122.5,-175.0,-17.5
181624,-5.37,-22.33,1015.04,105.0,-175.0,-35.0
181654,-5.37,-22.33,1014.92,122.5,-175.0,-35.0
181683,-5.37,-22.33,1015.04,140.0,-192.5,-17.5
181713,-5.37,-22.33,1015.04,140.0,-175.0,-35.0
181742,-5.37,-22.33,1015.04,122.5,-192.5,-35.0
181772,-5.25,-22.33,1015.04,122.5,-192.5,-35.0
181801,-5.37,-22.45,1015.04,122.5,-175.0,-35.0
181831,-5.37,-22.45,1015.04,122.5,-192.5,-35.0
181860,-5.25,-22.45,1015.04,122.5,-192.5,-35.0
181890,-5.25,-22.45,1015.04,122.5,-175.0,-35.0
181919,-5.37,-22.45,1015.04,122.5,-175.0,-35.0
181948,-5.37,-22.45,1015.16,122.5,-175.0,-35.0
181977,-5.25,-22.45,1015.04,122.5,-157.5,-35.0
182006,-5.37,-22.45,1015.04,122.5,-175.0,-35.0
182035,-5.37,-22.45,1015.04,105.0,-192.5,-35.0
182064,-5.37,-22.45,1014.92,105.0,-175.0,-35.0
182093,-5.37,-22.45,1015.04,105.0,-175.0,-35.0
182122,-5.37,-22.45,1014.92,105.0,-175.0,-35.0
182152,-5.37,-22.45,1014.92,122.5,-175.0,-35.0
182181,-5.37,-22.45,1014.92,140.0,-175.0,-35.0
182211,-5.25,-22.45,1015.04,122.5,-175.0,-35.0
182240,-5.25,-22.45,1014.92,105.0,-175.0,-35.0
182270,-5.25,-22.45,1015.04,105.0,-175.0,-35.0
182299,-5.25,-22.45,1015.04,105.0,-175.0,-35.0
182329,-5.25,-22.45,1015.04,122.5,-175.0,-52.5
182358,-5.25,-22.45,1015.04,140.0,-175.0,-35.0
182388,-5.25,-22.45,1015.04,105.0,-192.5,-17.5
182417,-5.12,-22.45,1015.04,122.5,-192.5,-17.5
182447,-5.12,-22.45,1015.04,122.5,-175.0,-35.0
182476,-5.12,-22.33,1015.16,122.5,-157.5,-35.0
182505,-5.25,-22.45,1015.16,122.5,-192.5,-17.5
182534,-5.12,-22.45,1015.28,122.5,-192.5,-35.0
182563,-5.25,-22.33,1015.28,122.5,-175.0,-35.0
182592,-5.12,-22.33,1015.28,105.0,-175.0,-35.0
182621,-5.25,-22.33,1015.28,140.0,-157.5,-35.0
182651,-5.12,-22.33,1015.28,122.5,-192.5,-52.5
182680,-5.25,-22.45,1015.28,122.5,-175.0,-35.0
182710,-5.12,-22.33,1015.28,122.5,-175.0,-17.5
182739,-5.12,-22.33,1015.28,122.5,-175.0,-17.5
182769,-5.12,-22.33,1015.28,122.5,-175.0,-35.0
182798,-5.25,-22.33,1015.28,105.0,-157.5,-35.0
182828,-5.12,-22.33,1015.28,105.0,-157.5,-35.0
182857,-5.25,-22.33,1015.28,122.5,-175.0,-35.0
182887,-5.25,-22.2,1015.41,105.0,-175.0,-35.0
182916,-5.12,-22.2,1015.41,105.0,-175.0,-35.0
182945,-5.25,-22.33,1015.28,105.0,-175.0,-17.5
182974,-5.12,-22.2,1015.28,140.0,-192.5,-17.5
183003,-5.12,-22.2,1015.28,122.5,-192.5,-35.0
183032,-5.25,-22.2,1015.16,122.5,-175.0,-35.0
183061,-5.12,-22.33,1015.16,122.5,-175.0,-35.0
183090,-5.12,-22.33,1015.16,122.5,-192.5,-17.5
183119,-5.12,-22.33,1015.16,140.0,-175.0,-35.0
183149,-5.25,-22.33,1015.28,122.5,-175.0,-17.5
183178,-5.25,-22.2,1015.28,105.0,-157.5,-17.5
183208,-5.12,-22.2,1015.28,87.5,-175.0,-17.5
183237,-5.12,-22.2,1015.28,105.0,-175.0,-17.5
183267,-5.25,-22.2,1015.28,122.5,-175.0,-17.5
183296,-5.12,-22.2,1015.28,122.5,-175.0,-35.0
183326,-5.12,-22.2,1015.28,105.0,-175.0,-35.0
183355,-5.12,-22.2,1015.28,105.0,-175.0,-17.5
183385,-5.12,-22.2,1015.28,105.0,-175.0,-35.0
183414,-5.25,-22.33,1015.28,122.5,-192.5,-35.0
183443,-5.25,-22.2,1015.28,105.0,-175.0,-17.5
183472,-5.12,-22.2,1015.28,122.5,-175.0,-17.5
183501,-5.25,-22.2,1015.28,122.5,-157.5,-17.5
183530,-5.25,-22.2,1015.28,105.0,-175.0,-35.0
183559,-5.25,-22.33,1015.28,122.5,-192.5,-17.5
183589,-5.25,-22.33,1015.28,105.0,-175.0,-35.0
183618,-5.25,-22.33,1015.28,105.0,-175.0,-35.0
183648,-5.25,-22.33,1015.28,105.0,-175.0,-35.0
183677,-5.25,-22.2,1015.16,105.0,-175.0,-35.0
183707,-5.25,-22.33,1015.16,122.5,-175.0,-35.0
183736,-5.25,-22.33,1015.28,122.5,-175.0,-35.0
183766,-5.25,-22.33,1015.16,105.0,-175.0,-35.0
183795,-5.25,-22.2,1015.16,122.5,-175.0,-17.5
183825,-5.25,-22.33,1015.28,122.5,-175.0,-35.0
183854,-5.25,-22.2,1015.16,122.5,-192.5,-17.5
183884,-5.25,-22.2,1015.16,122.5,-157.5,-35.0
183913,-5.12,-22.33,1015.16,105.0,-175.0,-35.0
183942,-5.25,-22.2,1015.16,122.5,-192.5,-35.0
183971,-5.12,-22.33,1015.04,122.5,-175.0,-35.0
184000,-5.12,-22.2,1015.04,105.0,-175.0,-35.0
184029,-5.12,-22.33,1015.04,105.0,-175.0,-35.0
184058,-5.25,-22.33,1015.04,122.5,-157.5,-35.0
184088,-5.12,-22.33,1015.04,105.0,-175.0,-35.0
184117,-5.25,-22.33,1015.04,122.5,-175.0,-35.0
184147,-5.12,-22.33,1015.04,122.5,-175.0,-52.5
184176,-5.25,-22.33,1015.04,105.0,-175.0,-35.0
184206,-5.12,-22.33,1015.04,105.0,-175.0,-35.0
184235,-5.25,-22.33,1015.04,122.5,-175.0,-35.0
184265,-5.12,-22.33,1015.04,122.5,-192.5,-35.0
184294,-5.12,-22.33,1015.04,122.5,-175.0,-35.0
184324,-5.25,-22.33,1015.04,105.0,-157.5,-35.0
184353,-5.12,-22.33,1014.92,122.5,-175.0,-35.0
184383,-5.12,-22.33,1014.92,122.5,-175.0,-17.5
184412,-5.25,-22.33,1014.92,105.0,-175.0,-17.5
184441,-5.12,-22.33,1014.92,122.5,-175.0,-35.0
184470,-5.12,-22.2,1014.92,122.5,-175.0,-35.0
184499,-5.25,-22.33,1014.92,122.5,-175.0,-35.0
184528,-5.12,-22.2,1014.92,122.5,-192.5,-17.5
184557,-5.25,-22.33,1014.92,122.5,-157.5,-17.5
184586,-5.25,-22.33,1014.92,140.0,-175.0,-35.0
184615,-5.25,-22.33,1014.92,122.5,-175.0,-35.0
184645,-5.25,-22.33,1014.92,122.5,-192.5,-35.0
184674,-5.25,-22.33,1014.8,122.5,-157.5,-35.0
184704,-5.25,-22.33,1014.8,105.0,-157.5,-17.5
184733,-5.25,-22.33,1014.8,122.5,-157.5,-17.5
184763,-5.25,-22.33,1014.8,122.5,-175.0,-35.0
184792,-5.25,-22.45,1014.8,122.5,-175.0,-35.0
184822,-5.25,-22.45,1014.67,140.0,-175.0,-35.0
184851,-5.25,-22.45,1014.67,122.5,-175.0,-35.0
184881,-5.25,-22.45,1014.67,122.5,-175.0,-35.0
184910,-5.25,-22.45,1014.67,122.5,-175.0,-35.0
184940,-5.25,-22.45,1014.67,122.5,-175.0,-35.0
184969,-5.25,-22.45,1014.67,122.5,-175.0,-52.5
184998,-5.37,-22.45,1014.8,122.5,-175.0,-17.5
185027,-5.25,-22.45,1014.67,122.5,-175.0,-35.0
185056,-5.37,-22.45,1014.67,122.5,-192.5,-35.0
185085,-5.25,-22.45,1014.55,122.5,-175.0,-17.5
185114,-5.25,-22.45,1014.55,122.5,-175.0,-17.5
185143,-5.25,-22.45,1014.55,122.5,-175.0,-17.5
185172,-5.25,-22.45,1014.55,122.5,-175.0,-35.0
185202,-5.37,-22.45,1014.55,140.0,-175.0,-17.5
185231,-5.25,-22.45,1014.55,140.0,-175.0,-35.0
185261,-5.37,-22.45,1014.55,122.5,-192.5,-35.0
185290,-5.37,-22.45,1014.67,122.5,-175.0,-35.0
185320,-5.37,-22.45,1014.8,122.5,-157.5,-35.0
185349,-5.37,-22.45,1014.8,105.0,-175.0,-17.5
185379,-5.37,-22.45,1014.8,122.5,-175.0,-17.5
185408,-5.37,-22.45,1014.8,140.0,-175.0,-17.5
185438,-5.37,-22.45,1014.8,122.5,-175.0,-35.0
185467,-5.37,-22.45,1014.8,122.5,-175.0,-35.0
185496,-5.37,-22.45,1014.92,140.0,-175.0,-35.0
185525,-5.37,-22.33,1014.92,122.5,-175.0,-17.5
185554,-5.25,-22.33,1015.04,122.5,-157.5,-35.0
185583,-5.25,-22.33,1015.04,122.5,-175.0,-35.0
185612,-5.25,-22.45,1015.04,122.5,-175.0,-17.5
185641,-5.25,-22.45,1014.92,122.5,-175.0,-17.5
185670,-5.25,-22.45,1014.92,122.5,-192.5,-35.0
185700,-5.25,-22.45,1015.04,122.5,-192.5,-35.0
185729,-5.25,-22.45,1015.04,122.5,-175.0,-17.5
185759,-5.25,-22.45,1015.04,122.5,-175.0,-35.0
185788,-5.25,-22.33,1015.04,122.5,-192.5,-35.0
185818,-5.25,-22.33,1015.04,122.5,-175.0,-17.5
185847,-5.25,-22.33,1015.04,122.5,-175.0,-17.5
185877,-5.25,-22.33,1015.04,122.5,-175.0,-35.0
185906,-5.25,-22.33,1015.04,122.5,-175.0,-17.5
185936,-5.25,-22.33,1015.04,122.5,-157.5,-35.0
185965,-5.25,-22.33,1015.04,122.5,-175.0,-17.5
185994,-5.25,-22.33,1015.04,122.5,-192.5,-17.5
186023,-5.12,-22.33,1015.04,140.0,-175.0,-35.0
186052,-5.25,-22.33,1014.92,105.0,-175.0,-52.5
186081,-5.25,-22.33,1014.92,105.0,-175.0,-35.0
186110,-5.25,-22.33,1014.92,105.0,-175.0,-52.5
186140,-5.25,-22.33,1014.92,105.0,-192.5,-17.5
186169,-5.12,-22.33,1014.92,105.0,-175.0,0.0
186199,-5.25,-22.33,1014.92,105.0,-192.5,-35.0
186228,-5.25,-22.33,1014.92,87.5,-157.5,-35.0
186258,-5.25,-22.2,1014.92,122.5,-157.5,-35.0
186287,-5.12,-22.2,1014.92,140.0,-175.0,-35.0
186317,-5.25,-22.2,1015.04,105.0,-175.0,-35.0
186346,-5.12,-22.33,1015.04,105.0,-175.0,-35.0
186376,-5.12,-22.33,1015.04,105.0,-175.0,-35.0
186405,-5.12,-22.2,1015.04,122.5,-192.5,-35.0
186434,-5.12,-22.33,1015.04,122.5,-175.0,-35.0
186463,-5.12,-22.33,1015.04,105.0,-175.0,-17.5
186492,-5.12,-22.33,1015.04,105.0,-175.0,-35.0
186521,-5.12,-22.33,1015.04,122.5,-192.5,-35.0
186550,-5.25,-22.33,1015.04,122.5,-175.0,-35.0
186579,-5.12,-22.33,1015.04,122.5,-157.5,-35.0
186608,-5.12,-22.33,1015.04,122.5,-175.0,-35.0
186638,-5.12,-22.33,1015.04,122.5,-175.0,-35.0
186667,-5.12,-22.33,1015.04,105.0,-175.0,-35.0
186697,-5.12,-22.33,1015.04,122.5,-175.0,-35.0
186726,-5.12,-22.33,1015.04,122.5,-192.5,-35.0
186756,-5.12,-22.33,1015.04,122.5,-192.5,-35.0
186785,-5.12,-22.33,1015.04,105.0,-175.0,-35.0
186815,-5.12,-22.2,1015.04,122.5,-175.0,-35.0
186844,-5.12,-22.33,1015.04,122.5,-175.0,-17.5
186874,-5.12,-22.2,1015.04,122.5,-175.0,-17.5
186903,-5.12,-22.2,1015.04,105.0,-175.0,-35.0
186933,-5.12,-22.33,1015.04,122.5,-175.0,-17.5
186962,-5.12,-22.33,1015.04,122.5,-192.5,-17.5
186991,-5.12,-22.33,1015.04,140.0,-175.0,-17.5
187020,-5.12,-22.33,1015.16,122.5,-175.0,-35.0
187049,-5.12,-22.33,1015.04,122.5,-175.0,-35.0
187078,-5.12,-22.33,1015.04,122.5,-192.5,-35.0
187107,-5.12,-22.33,1015.04,122.5,-175.0,-35.0
187136,-5.12,-22.33,1015.16,122.5,-175.0,-35.0
187165,-5.12,-22.33,1015.16,122.5,-175.0,-35.0
187195,-5.12,-22.33,1015.28,122.5,-175.0,-35.0
187224,-5.12,-22.33,1015.16,122.5,-175.0,-17.5
187254,-5.12,-22.33,1015.16,140.0,-175.0,-17.5
187283,-5.12,-22.33,1015.16,105.0,-157.5,-35.0
187313,-5.25,-22.2,1015.16,122.5,-192.5,-35.0
187342,-5.25,-22.2,1015.04,140.0,-175.0,-35.0
187372,-5.12,-22.2,1015.04,140.0,-175.0,-35.0
187401,-5.12,-22.2,1015.04,140.0,-157.5,-35.0
187431,-5.25,-22.2,1015.04,122.5,-175.0,-35.0
187460,-5.12,-22.33,1015.04,122.5,-175.0,-35.0
187489,-5.12,-22.2,1015.04,122.5,-175.0,-35.0
187518,-5.12,-22.2,1014.92,122.5,-175.0,-17.5
187547,-5.12,-22.2,1014.92,122.5,-175.0,-35.0
187576,-5.12,-22.2,1014.92,140.0,-175.0,-35.0
187605,-5.25,-22.33,1014.92,122.5,-175.0,-35.0
187634,-5.25,-22.2,1014.92,122.5,-175.0,-35.0
187663,-5.12,-22.2,1014.92,122.5,-157.5,-17.5
187692,-5.25,-22.2,1014.8,105.0,-175.0,-35.0
187721,-5.12,-22.33,1014.92,122.5,-175.0,-17.5
187751,-5.12,-22.33,1014.8,122.5,-192.5,-17.5
187780,-5.25,-22.33,1014.8,105.0,-175.0,-17.5
187810,-5.25,-22.33,1014.92,122.5,-157.5,-17.5
187839,-5.25,-22.2,1014.92,122.5,-175.0,-35.0
187869,-5.25,-22.2,1014.92,122.5,-175.0,-17.5
187898,-5.25,-22.2,1015.04,122.5,-175.0,-17.5
187928,-5.25,-22.33,1015.04,122.5,-175.0,-17.5
187957,-5.25,-22.2,1015.04,105.0,-175.0,-35.0
187987,-5.25,-22.33,1015.04,122.5,-175.0,-35.0
188016,-5.25,-22.2,1015.04,122.5,-192.5,-17.5
188045,-5.25,-22.2,1015.04,122.5,-175.0,-35.0
188074,-5.25,-22.2,1015.04,122.5,-157.5,-35.0
188103,-5.25,-22.33,1015.04,105.0,-175.0,-35.0
188132,-5.25,-22.33,1015.04,122.5,-175.0,-17.5
188161,-5.25,-22.33,1015.16,122.5,-192.5,-17.5
188190,-5.25,-22.2,1015.04,122.5,-175.0,-17.5
188219,-5.25,-22.33,1015.04,140.0,-175.0,-17.5
188249,-5.25,-22.33,1015.04,122.5,-175.0,-17.5
188278,-5.25,-22.33,1015.04,122.5,-175.0,-17.5
188308,-5.25,-22.33,1014.92,122.5,-175.0,-35.0
188337,-5.25,-22.33,1014.92,122.5,-175.0,-35.0
188367,-5.25,-22.33,1014.92,122.5,-175.0,-35.0
188396,-5.25,-22.33,1014.92,122.5,-192.5,-35.0
188426,-5.25,-22.33,1014.8,122.5,-175.0,-35.0
188455,-5.25,-22.33,1014.8,122.5,-175.0,-35.0
188485,-5.25,-22.33,1014.8,122.5,-175.0,-35.0
188514,-5.25,-22.45,1014.8,122.5,-175.0,-35.0
188543,-5.25,-22.45,1014.67,105.0,-175.0,-52.5
188572,-5.25,-22.45,1014.67,105.0,-175.0,-35.0
188601,-5.25,-22.45,1014.67,122.5,-175.0,-35.0
188630,-5.25,-22.45,1014.55,122.5,-175.0,-17.5
188659,-5.25,-22.45,1014.55,122.5,-175.0,-17.5
188688,-5.25,-22.45,1014.55,122.5,-192.5,-35.0
188717,-5.37,-22.45,1014.55,140.0,-175.0,-35.0
188747,-5.25,-22.45,1014.55,122.5,-175.0,-35.0
188776,-5.37,-22.45,1014.55,122.5,-175.0,-35.0
188806,-5.25,-22.45,1014.55,122.5,-175.0,-35.0
188835,-5.25,-22.45,1014.55,122.5,-175.0,-35.0
188865,-5.25,-22.45,1014.55,122.5,-192.5,-17.5
188894,-5.25,-22.33,1014.55,122.5,-192.5,-35.0
188924,-5.25,-22.33,1014.55,105.0,-157.5,-35.0
188953,-5.25,-22.33,1014.67,105.0,-175.0,-35.0
188983,-5.25,-22.33,1014.67,122.5,-192.5,-35.0
189012,-5.37,-22.33,1014.67,140.0,-192.5,-35.0
189041,-5.25,-22.33,1014.67,140.0,-175.0,-35.0
189070,-5.25,-22.2,1014.8,122.5,-157.5,-35.0
189099,-5.25,-22.2,1014.8,105.0,-140.0,-35.0
189128,-5.25,-22.2,1014.8,105.0,-157.5,-17.5
189157,-5.25,-22.33,1014.8,122.5,-157.5,-35.0
189186,-5.25,-22.33,1014.8,105.0,-157.5,-35.0
189215,-5.25,-22.33,1014.8,105.0,-175.0,-35.0
189245,-5.25,-22.33,1014.92,122.5,-175.0,-17.5
189274,-5.12,-22.33,1014.92,122.5,-175.0,-17.5
189304,-5.12,-22.2,1015.04,105.0,-157.5,-35.0
189333,-5.12,-22.2,1015.04,122.5,-175.0,-35.0
189363,-5.12,-22.2,1015.04,122.5,-175.0,-35.0
189392,-5.12,-22.33,1015.04,122.5,-192.5,-35.0
189422,-5.12,-22.2,1015.04,122.5,-175.0,-35.0
189451,-5.25,-22.2,1015.04,122.5,-175.0,-35.0
189481,-5.12,-22.2,1015.04,122.5,-175.0,-35.0
189510,-5.25,-22.33,1015.04,105.0,-175.0,-35.0
189540,-5.25,-22.2,1015.04,105.0,-175.0,-17.5
189569,-5.12,-22.33,1015.04,105.0,-175.0,-35.0
189598,-5.25,-22.33,1015.04,122.5,-175.0,-35.0
189627,-5.25,-22.2,1015.04,122.5,-175.0,-35.0
189656,-5.25,-22.2,1015.04,122.5,-192.5,-17.5
189685,-5.12,-22.2,1015.04,105.0,-175.0,-35.0
189714,-5.25,-22.2,1015.04,105.0,-210.0,-35.0
189743,-5.12,-22.2,1015.04,122.5,-192.5,-35.0
189772,-5.12,-22.2,1015.04,105.0,-175.0,-35.0
189802,-5.12,-22.2,1015.04,122.5,-157.5,-35.0
189831,-5.25,-22.2,1015.04,122.5,-175.0,-35.0
189861,-5.12,-22.2,1015.16,122.5,-175.0,-17.5
189890,-5.25,-22.2,1015.04,122.5,-175.0,-35.0
189920,-5.25,-22.2,1015.04,122.5,-175.0,-35.0
189949,-5.25,-22.2,1015.04,122.5,-175.0,-35.0
189979,-5.25,-22.2,1015.04,122.5,-175.0,-17.5
190008,-5.25,-22.2,1015.16,122.5,-175.0,-17.5
190038,-5.25,-22.2,1015.04,122.5,-175.0,-35.0
190067,-5.25,-22.2,1015.04,122.5,-175.0,-17.5
190097,-5.25,-22.2,1015.04,122.5,-175.0,-17.5
190126,-5.25,-22.2,1015.04,105.0,-175.0,-35.0
190155,-5.12,-22.2,1015.04,122.5,-175.0,-52.5
190184,-5.12,-22.2,1015.16,122.5,-175.0,-35.0
190213,-5.25,-22.2,1015.16,122.5,-175.0,-35.0
190242,-5.25,-22.33,1015.16,87.5,-175.0,-52.5
190271,-5.25,-22.2,1015.16,87.5,-175.0,-35.0
190301,-5.12,-22.33,1015.16,122.5,-175.0,-35.0
190330,-5.12,-22.2,1015.16,122.5,-175.0,-52.5
190360,-5.12,-22.2,1015.16,122.5,-175.0,-35.0
190389,-5.12,-22.2,1015.16,122.5,-175.0,-35.0
190419,-5.25,-22.2,1015.16,122.5,-175.0,-35.0
190448,-5.25,-22.2,1015.16,122.5,-175.0,-35.0
190478,-5.12,-22.2,1015.16,122.5,-175.0,-35.0
190507,-5.12,-22.2,1015.16,105.0,-175.0,-35.0
190537,-5.25,-22.2,1015.16,122.5,-175.0,-52.5
190566,-5.25,-22.33,1015.04,105.0,-175.0,-17.5
190596,-5.25,-22.33,1015.04,87.5,-175.0,-17.5
190625,-5.12,-22.33,1015.04,87.5,-192.5,-17.5
190654,-5.12,-22.33,1015.04,105.0,-192.5,-17.5
190683,-5.12,-22.33,1014.92,122.5,-175.0,-17.5
190712,-5.25,-22.33,1014.92,122.5,-175.0,-17.5
190741,-5.25,-22.33,1014.92,122.5,-175.0,-35.0
190770,-5.12,-22.33,1014.92,122.5,-175.0,-35.0
190800,-5.25,-22.33,1014.92,122.5,-192.5,-17.5
190829,-5.25,-22.33,1014.8,122.5,-157.5,-35.0
190859,-5.25,-22.33,1014.8,122.5,-157.5,-35.0
190888,-5.25,-22.33,1014.8,122.5,-175.0,-35.0
190918,-5.25,-22.33,1014.8,122.5,-175.0,-17.5
190947,-5.25,-22.2,1014.8,122.5,-175.0,0.0
190977,-5.25,-22.2,1014.8,105.0,-175.0,-17.5
191006,-5.25,-22.2,1014.8,105.0,-175.0,-35.0
191036,-5.25,-22.33,1014.8,122.5,-175.0,-35.0
191065,-5.25,-22.33,1014.8,105.0,-157.5,-17.5
191095,-5.25,-22.33,1014.67,140.0,-175.0,-35.0
191124,-5.25,-22.33,1014.67,140.0,-175.0,-17.5
191153,-5.25,-22.33,1014.67,140.0,-175.0,-35.0
191182,-5.25,-22.33,1014.67,122.5,-175.0,-35.0
191211,-5.37,-22.33,1014.67,105.0,-175.0,-35.0
191240,-5.37,-22.33,1014.67,122.5,-175.0,-17.5
191269,-5.37,-22.33,1014.67,122.5,-175.0,-17.5
191298,-5.37,-22.33,1014.67,105.0,-175.0,-35.0
191327,-5.37,-22.33,1014.67,122.5,-175.0,-35.0
191357,-5.37,-22.2,1014.67,122.5,-175.0,-17.5
191386,-5.37,-22.2,1014.67,122.5,-175.0,-17.5
191416,-5.37,-22.2,1014.67,122.5,-192.5,-17.5
191445,-5.37,-22.33,1014.67,122.5,-175.0,-35.0
191475,-5.25,-22.33,1014.67,105.0,-175.0,-17.5
191504,-5.37,-22.2,1014.67,122.5,-157.5,-35.0
191534,-5.25,-22.2,1014.67,87.5,-175.0,-35.0
191563,-5.25,-22.33,1014.8,105.0,-175.0,-17.5
191593,-5.25,-22.2,1014.8,122.5,-175.0,-17.5
191622,-5.25,-22.33,1014.8,122.5,-192.5,-35.0
191651,-5.25,-22.2,1014.8,122.5,-175.0,-35.0
191680,-5.25,-22.2,1014.8,105.0,-157.5,-35.0
191709,-5.25,-22.33,1014.8,122.5,-175.0,-35.0
191738,-5.25,-22.2,1014.8,122.5,-175.0,-17.5
191767,-5.25,-22.33,1014.8,122.5,-175.0,-35.0
191796,-5.25,-22.33,1014.8,122.5,-157.5,-35.0
191825,-5.25,-22.2,1014.8,105.0,-175.0,-35.0
191855,-5.25,-22.33,1014.8,105.0,-175.0,-17.5
191884,-5.25,-22.33,1014.8,122.5,-175.0,-35.0
191914,-5.12,-22.33,1014.8,105.0,-192.5,-35.0
191943,-5.12,-22.33,1014.8,105.0,-192.5,-35.0
191973,-5.12,-22.33,1014.8,122.5,-175.0,-17.5
192002,-5.12,-22.33,1014.8,122.5,-175.0,-35.0
192032,-5.25,-22.33,1014.8,122.5,-175.0,-35.0
192061,-5.12,-22.33,1014.8,122.5,-175.0,-35.0
192091,-5.12,-22.33,1014.8,122.5,-175.0,-17.5
192120,-5.12,-22.33,1014.8,122.5,-175.0,-35.0
192149,-5.12,-22.33,1014.8,122.5,-192.5,-35.0
192178,-5.12,-22.33,1014.8,105.0,-192.5,-35.0
192207,-5.25,-22.33,1014.8,122.5,-175.0,-35.0
192236,-5.12,-22.45,1014.8,105.0,-175.0,-17.5
192265,-5.12,-22.33,1014.8,105.0,-175.0,-17.5
192294,-5.12,-22.45,1014.8,122.5,-157.5,-35.0
192323,-5.25,-22.45,1014.8,105.0,-157.5,-35.0
192353,-5.25,-22.45,1014.67,122.5,-192.5,-17.5
192382,-5.25,-22.45,1014.67,122.5,-175.0,-35.0
192412,-5.25,-22.45,1014.67,105.0,-175.0,-35.0
192441,-5.25,-22.45,1014.67,122.5,-192.5,-35.0
192471,-5.25,-22.45,1014.67,122.5,-175.0,-35.0
192500,-5.25,-22.45,1014.67,140.0,-175.0,-17.5
192530,-5.25,-22.45,1014.67,122.5,-192.5,-35.0
192559,-5.25,-22.33,1014.55,122.5,-175.0,-35.0
192589,-5.25,-22.33,1014.55,105.0,-192.5,-35.0
192618,-5.25,-22.33,1014.55,105.0,-175.0,-52.5
192647,-5.25,-22.45,1014.67,105.0,-192.5,-52.5
192676,-5.25,-22.45,1014.67,122.5,-175.0,-17.5
192705,-5.25,-22.45,1014.8,140.0,-175.0,-17.5
192734,-5.25,-22.45,1014.8,122.5,-175.0,-17.5
192763,-5.25,-22.33,1014.8,122.5,-175.0,-35.0
192792,-5.25,-22.33,1014.8,122.5,-192.5,-35.0
192821,-5.25,-22.33,1014.8,122.5,-175.0,-17.5
192851,-5.25,-22.33,1014.8,105.0,-175.0,-35.0
192880,-5.25,-22.33,1014.8,105.0,-175.0,-17.5
192910,-5.25,-22.33,1014.8,122.5,-175.0,-35.0
192939,-5.12,-22.33,1014.92,122.5,-175.0,-35.0
192969,-5.25,-22.33,1014.92,122.5,-192.5,-35.0
192998,-5.12,-22.33,1014.92,140.0,-192.5,-35.0
193028,-5.25,-22.33,1014.92,122.5,-175.0,-35.0
193057,-5.12,-22.33,1015.04,122.5,-192.5,-35.0
193087,-5.25,-22.33,1015.04,122.5,-192.5,-35.0
193116,-5.25,-22.33,1015.04,105.0,-175.0,-35.0
193145,-5.12,-22.33,1015.04,105.0,-157.5,-35.0
193174,-5.12,-22.33,1014.92,105.0,-175.0,-35.0
193203,-5.25,-22.33,1015.04,122.5,-175.0,-35.0
193232,-5.12,-22.33,1015.04,105.0,-192.5,-17.5
193261,-5.12,-22.33,1015.04,105.0,-175.0,-17.5
193290,-5.12,-22.33,1015.04,122.5,-175.0,-17.5
193319,-5.12,-22.33,1015.04,122.5,-175.0,-17.5
193349,-5.25,-22.33,1015.04,122.5,-175.0,-35.0
193378,-5.25,-22.33,1015.04,105.0,-192.5,-35.0
193408,-5.25,-22.33,1015.16,122.5,-192.5,-17.5
193437,-5.25,-22.33,1015.16,105.0,-175.0,-35.0
193467,-5.25,-22.33,1015.16,122.5,-175.0,-35.0
193496,-5.37,-22.33,1015.28,122.5,-175.0,-35.0
193526,-5.37,-22.33,1015.28,122.5,-192.5,-17.5
193555,-5.37,-22.33,1015.28,140.0,-175.0,-17.5
193585,-5.37,-22.33,1015.28,122.5,-175.0,-35.0
193614,-5.25,-22.2,1015.28,122.5,-175.0,-35.0
193643,-5.37,-22.2,1015.28,122.5,-157.5,-35.0
193672,-5.37,-22.33,1015.28,122.5,-175.0,-35.0
193701,-5.25,-22.33,1015.28,122.5,-175.0,-35.0
193730,-5.25,-22.33,1015.28,122.5,-192.5,-35.0
193759,-5.25,-22.2,1015.28,105.0,-175.0,-35.0
193788,-5.25,-22.33,1015.41,105.0,-157.5,-35.0
193817,-5.25,-22.33,1015.41,105.0,-175.0,-52.5
193847,-5.25,-22.33,1015.41,122.5,-175.0,-35.0
193876,-5.25,-22.2,1015.41,140.0,-175.0,-35.0
193906,-5.25,-22.2,1015.28,122.5,-175.0,-17.5
193935,-5.12,-22.2,1015.28,140.0,-157.5,-35.0
193965,-5.25,-22.2,1015.28,122.5,-175.0,-35.0
193994,-5.25,-22.2,1015.28,122.5,-175.0,-35.0
194024,-5.25,-22.2,1015.28,122.5,-192.5,-17.5
194053,-5.25,-22.2,1015.41,105.0,-157.5,-17.5
194083,-5.25,-22.2,1015.41,105.0,-175.0,-35.0
194112,-5.25,-22.2,1015.41,122.5,-175.0,-35.0
194142,-5.25,-22.2,1015.28,122.5,-175.0,-35.0
194171,-5.25,-22.2,1015.28,105.0,-175.0,-17.5
194200,-5.25,-22.2,1015.28,105.0,-157.5,-35.0
194229,-5.25,-22.33,1015.28,122.5,-175.0,-35.0
194258,-5.25,-22.33,1015.28,105.0,-175.0,-35.0
194287,-5.25,-22.33,1015.28,122.5,-157.5,-35.0
194316,-5.25,-22.33,1015.28,105.0,-175.0,-35.0
194345,-5.12,-22.2,1015.16,122.5,-175.0,-35.0
194374,-5.12,-22.33,1015.16,140.0,-192.5,-35.0
194404,-5.12,-22.33,1015.16,122.5,-192.5,-35.0
194433,-5.12,-22.33,1015.16,105.0,-175.0,-35.0
194463,-5.12,-22.33,1015.04,122.5,-175.0,-35.0
194492,-5.12,-22.33,1015.04,105.0,-192.5,-35.0
194522,-5.25,-22.33,1015.04,105.0,-192.5,-17.5
194551,-5.12,-22.33,1015.04,105.0,-175.0,-17.5
194581,-5.25,-22.33,1015.04,105.0,-175.0,-35.0
194610,-5.25,-22.45,1015.04,105.0,-192.5,-17.5
194640,-5.25,-22.33,1015.04,105.0,-192.5,-17.5
194669,-5.25,-22.33,1015.04,105.0,-175.0,-17.5
194699,-5.25,-22.33,1014.92,122.5,-175.0,-35.0
194728,-5.25,-22.45,1015.04,140.0,-157.5,-35.0
194757,-5.37,-22.33,1015.04,122.5,-192.5,-35.0
194786,-5.25,-22.33,1015.04,105.0,-175.0,-35.0
194815,-5.25,-22.33,1015.04,122.5,-175.0,-35.0
194844,-5.25,-22.33,1015.04,122.5,-157.5,-35.0
194873,-5.25,-22.33,1015.04,122.5,-175.0,-17.5
194903,-5.25,-22.33,1015.04,122.5,-192.5,-35.0
194932,-5.25,-22.2,1015.04,122.5,-192.5,-35.0
194962,-5.25,-22.33,1015.04,122.5,-157.5,-35.0
194991,-5.25,-22.2,1015.04,105.0,-192.5,-35.0
195021,-5.25,-22.2,1015.04,105.0,-175.0,-17.5
195050,-5.25,-22.33,1015.04,122.5,-175.0,-17.5
195080,-5.25,-22.33,1015.04,122.5,-175.0,-17.5
195109,-5.25,-22.33,1015.04,105.0,-175.0,-17.5
195139,-5.25,-22.33,1015.04,122.5,-192.5,-17.5
195168,-5.25,-22.33,1015.04,122.5,-175.0,-17.5
195198,-5.25,-22.33,1015.16,105.0,-157.5,-35.0
195227,-5.25,-22.33,1015.16,122.5,-157.5,-35.0
195256,-5.25,-22.2,1015.28,105.0,-175.0,-35.0
195285,-5.25,-22.33,1015.28,105.0,-175.0,-17.5
195314,-5.25,-22.2,1015.28,105.0,-175.0,-35.0
195343,-5.25,-22.33,1015.28,122.5,-157.5,-35.0
195372,-5.25,-22.33,1015.28,122.5,-192.5,-35.0
195402,-5.25,-22.33,1015.28,122.5,-175.0,-35.0
195431,-5.12,-22.33,1015.28,105.0,-175.0,-52.5
195461,-5.12,-22.33,1015.28,105.0,-175.0,-35.0
195490,-5.12,-22.33,1015.28,140.0,-175.0,-17.5
195520,-5.25,-22.2,1015.28,122.5,-192.5,-17.5
195549,-5.25,-22.2,1015.28,122.5,-175.0,-35.0
195579,-5.25,-22.33,1015.28,105.0,-175.0,-35.0
195608,-5.25,-22.2,1015.28,122.5,-175.0,-35.0
195638,-5.12,-22.2,1015.28,140.0,-175.0,-17.5
195667,-5.25,-22.2,1015.28,140.0,-175.0,-17.5
195697,-5.12,-22.33,1015.28,122.5,-175.0,-17.5
195726,-5.12,-22.2,1015.41,122.5,-192.5,-17.5
195756,-5.25,-22.2,1015.41,105.0,-192.5,-35.0
195785,-5.12,-22.33,1015.41,87.5,-175.0,-17.5
195814,-5.12,-22.33,1015.41,122.5,-175.0,-17.5
195843,-5.12,-22.33,1015.41,105.0,-175.0,-35.0
195872,-5.12,-22.33,1015.41,122.5,-175.0,-17.5
195901,-5.12,-22.33,1015.41,105.0,-192.5,-35.0
195930,-5.12,-22.33,1015.41,122.5,-192.5,-35.0
195959,-5.12,-22.33,1015.28,122.5,-175.0,-35.0
195988,-5.12,-22.33,1015.41,122.5,-175.0,-35.0
196018,-5.12,-22.33,1015.41,122.5,-175.0,-35.0
196047,-5.12,-22.33,1015.28,105.0,-175.0,-17.5
196077,-5.12,-22.33,1015.28,105.0,-175.0,-17.5
196106,-5.12,-22.33,1015.41,122.5,-175.0,-17.5
196136,-5.12,-22.33,1015.28,122.5,-192.5,-35.0
196165,-5.12,-22.33,1015.41,122.5,-192.5,-35.0
196195,-5.25,-22.33,1015.28,105.0,-192.5,-35.0
196224,-5.12,-22.33,1015.28,105.0,-175.0,-17.5
196254,-5.25,-22.33,1015.28,140.0,-175.0,-17.5
196283,-5.25,-22.33,1015.28,122.5,-175.0,-35.0
196312,-5.25,-22.33,1015.41,105.0,-175.0,-17.5
196341,-5.12,-22.2,1015.41,122.5,-175.0,-35.0
196370,-5.12,-22.2,1015.41,122.5,-175.0,-35.0
196399,-5.12,-22.33,1015.28,122.5,-175.0,-35.0
196428,-5.12,-22.2,1015.41,105.0,-175.0,-35.0
196457,-5.12,-22.33,1015.41,122.5,-175.0,-17.5
196486,-5.12,-22.2,1015.53,140.0,-175.0,-17.5
196516,-5.12,-22.2,1015.53,140.0,-175.0,-35.0
196545,-5.12,-22.2,1015.53,105.0,-175.0,-35.0
196575,-5.12,-22.2,1015.53,122.5,-175.0,-17.5
196604,-5.12,-22.2,1015.53,105.0,-157.5,-35.0
196634,-5.12,-22.2,1015.53,140.0,-175.0,-17.5
196663,-5.12,-22.2,1015.53,122.5,-175.0,-17.5
196693,-5.12,-22.2,1015.53,140.0,-157.5,-35.0
196722,-5.12,-22.2,1015.53,122.5,-157.5,-35.0
196752,-5.12,-22.2,1015.53,105.0,-157.5,-35.0
196781,-5.12,-22.2,1015.65,105.0,-157.5,-35.0
196811,-5.12,-22.2,1015.65,122.5,-175.0,-35.0
196840,-5.12,-22.2,1015.65,122.5,-192.5,-35.0
196869,-5.12,-22.2,1015.65,122.5,-175.0,-52.5
196898,-5.12,-22.2,1015.65,87.5,-175.0,-17.5
196927,-5.12,-22.2,1015.65,105.0,-175.0,-35.0
196956,-5.12,-22.2,1015.65,105.0,-175.0,-17.5
196985,-5.12,-22.2,1015.53,105.0,-157.5,-17.5
197014,-5.12,-22.2,1015.53,105.0,-175.0,-35.0
197043,-5.12,-22.2,1015.53,105.0,-175.0,-17.5
197073,-5.12,-22.2,1015.53,105.0,-175.0,-17.5
197102,-5.12,-22.2,1015.53,105.0,-175.0,-35.0
197132,-5.12,-22.2,1015.53,122.5,-175.0,-35.0
197161,-5.12,-22.2,1015.41,122.5,-192.5,-35.0
197191,-5.12,-22.2,1015.53,122.5,-192.5,-35.0
197220,-5.12,-22.2,1015.53,105.0,-175.0,-35.0
197250,-5.12,-22.2,1015.41,122.5,-175.0,-17.5
197279,-5.12,-22.2,1015.41,122.5,-175.0,-35.0
197309,-5.12,-22.2,1015.53,122.5,-192.5,-35.0
197338,-5.12,-22.2,1015.53,122.5,-175.0,-17.5
197368,-5.12,-22.2,1015.41,105.0,-175.0,-17.5
197397,-5.12,-22.2,1015.53,140.0,-175.0,-17.5
197426,-5.12,-22.2,1015.53,140.0,-192.5,-35.0
197455,-5.12,-22.2,1015.53,122.5,-175.0,-17.5
197484,-5.12,-22.2,1015.41,105.0,-157.5,-17.5
197513,-5.12,-22.2,1015.53,122.5,-175.0,-35.0
197542,-5.12,-22.2,1015.41,122.5,-175.0,-17.5
197572,-5.12,-22.2,1015.41,122.5,-192.5,-35.0
197601,-5.12,-22.2,1015.41,122.5,-175.0,-52.5
197631,-5.12,-22.2,1015.41,122.5,-175.0,-35.0
197660,-5.12,-22.2,1015.41,122.5,-175.0,-35.0
197690,-5.12,-22.2,1015.41,122.5,-192.5,-35.0
197719,-5.12,-22.2,1015.41,122.5,-175.0,-17.5
197749,-5.12,-22.2,1015.41,122.5,-175.0,-35.0
197778,-5.12,-22.2,1015.41,122.5,-175.0,-35.0
197808,-5.12,-22.2,1015.28,122.5,-175.0,-17.5
197837,-5.12,-22.2,1015.28,105.0,-175.0,-35.0
197867,-5.12,-22.2,1015.28,105.0,-175.0,-35.0
197896,-5.12,-22.2,1015.28,105.0,-175.0,-17.5
197925,-5.12,-22.2,1015.28,105.0,-175.0,-35.0
197954,-5.12,-22.2,1015.28,122.5,-175.0,-35.0
197983,-5.12,-22.2,1015.28,122.5,-192.5,-35.0
198012,-5.12,-22.2,1015.41,122.5,-175.0,-35.0
198041,-5.12,-22.2,1015.41,140.0,-175.0,-35.0
198070,-5.12,-22.2,1015.41,122.5,-192.5,-35.0
198099,-5.12,-22.33,1015.41,122.5,-175.0,-35.0
198129,-5.12,-22.33,1015.53,122.5,-175.0,-35.0
198158,-5.12,-22.33,1015.53,122.5,-175.0,-17.5
198188,-5.12,-22.2,1015.53,122.5,-192.5,-17.5
198217,-5.25,-22.2,1015.53,122.5,-175.0,-35.0
198247,-5.25,-22.2,1015.53,122.5,-175.0,-35.0
198276,-5.12,-22.33,1015.53,122.5,-175.0,-35.0
198306,-5.12,-22.33,1015.41,122.5,-175.0,-35.0
198335,-5.12,-22.33,1015.41,122.5,-192.5,-35.0
198365,-5.12,-22.2,1015.41,122.5,-175.0,-35.0
198394,-5.12,-22.2,1015.41,122.5,-175.0,-17.5
198423,-5.12,-22.2,1015.41,122.5,-157.5,-35.0
198452,-5.12,-22.33,1015.41,105.0,-175.0,-35.0
198481,-5.12,-22.33,1015.41,122.5,-192.5,-17.5
198510,-5.25,-22.2,1015.28,122.5,-175.0,-35.0
198539,-5.12,-22.2,1015.28,140.0,-157.5,-35.0
198568,-5.25,-22.33,1015.28,122.5,-175.0,-17.5
198597,-5.25,-22.2,1015.28,122.5,-175.0,-35.0
198627,-5.25,-22.33,1015.28,122.5,-192.5,-17.5
198656,-5.12,-22.33,1015.28,122.5,-192.5,-17.5
198686,-5.12,-22.33,1015.28,105.0,-157.5,-35.0
198715,-5.12,-22.33,1015.16,105.0,-175.0,-35.0
198745,-5.12,-22.33,1015.16,105.0,-175.0,-17.5
198774,-5.12,-22.33,1015.16,122.5,-175.0,-17.5
198804,-5.25,-22.45,1015.28,105.0,-175.0,-17.5
198833,-5.12,-22.33,1015.16,105.0,-175.0,-35.0
198863,-5.12,-22.33,1015.16,105.0,-175.0,-17.5
198892,-5.12,-22.33,1015.16,140.0,-175.0,-17.5
198922,-5.12,-22.45,1015.04,122.5,-192.5,-35.0
198951,-5.25,-22.45,1015.04,105.0,-175.0,-35.0
198980,-5.25,-22.45,1015.04,122.5,-175.0,-35.0
199009,-5.25,-22.45,1015.04,122.5,-175.0,-17.5
199038,-5.25,-22.45,1015.04,122.5,-175.0,-35.0
199067,-5.12,-22.45,1015.04,122.5,-192.5,-35.0
199096,-5.12,-22.33,1015.04,122.5,-175.0,-52.5
199126,-5.25,-22.45,1015.16,122.5,-175.0,-35.0
199155,-5.25,-22.33,1015.16,140.0,-175.0,-35.0
199185,-5.25,-22.33,1015.28,122.5,-157.5,-17.5
199214,-5.25,-22.33,1015.28,122.5,-192.5,-17.5
199244,-5.25,-22.33,1015.28,122.5,-175.0,-17.5
199273,-5.12,-22.33,1015.28,122.5,-175.0,-17.5
199303,-5.25,-22.33,1015.28,122.5,-175.0,-17.5
199332,-5.25,-22.2,1015.28,105.0,-175.0,-35.0
199362,-5.25,-22.2,1015.28,122.5,-175.0,-35.0
199391,-5.12,-22.2,1015.28,122.5,-192.5,-17.5
199421,-5.12,-22.33,1015.28,122.5,-175.0,-17.5
199450,-5.25,-22.33,1015.28,122.5,-175.0,-35.0
199479,-5.12,-22.33,1015.16,105.0,-175.0,-35.0
199508,-5.12,-22.33,1015.16,122.5,-175.0,-35.0
199537,-5.25,-22.33,1015.16,122.5,-175.0,-35.0
199566,-5.12,-22.33,1015.16,122.5,-175.0,-35.0
199595,-5.25,-22.33,1015.04,105.0,-175.0,-52.5
199625,-5.25,-22.33,1015.04,122.5,-175.0,-35.0
199654,-5.25,-22.33,1015.04,122.5,-175.0,-52.5
199684,-5.25,-22.33,1014.92,140.0,-175.0,-35.0
199713,-5.25,-22.33,1014.92,122.5,-175.0,-17.5
199743,-5.25,-22.33,1014.92,105.0,-175.0,-35.0
199772,-5.25,-22.45,1014.8,122.5,-157.5,-17.5
199802,-5.25,-22.33,1014.8,105.0,-175.0,-35.0
199831,-5.25,-22.33,1014.8,122.5,-175.0,-35.0
199861,-5.25,-22.33,1014.8,105.0,-175.0,-17.5
199890,-5.25,-22.33,1014.8,122.5,-175.0,-17.5
199920,-5.25,-22.33,1014.8,122.5,-175.0,-35.0
199949,-5.12,-22.33,1014.8,105.0,-192.5,-35.0
199978,-5.12,-22.2,1014.8,105.0,-175.0,-35.0
200007,-5.12,-22.33,1014.8,105.0,-175.0,-35.0
200036,-5.25,-22.2,1014.8,105.0,-175.0,-35.0
200065,-5.12,-22.33,1014.92,122.5,-175.0,-35.0
200094,-5.25,-22.33,1014.92,140.0,-175.0,-35.0
200124,-5.25,-22.2,1014.92,122.5,-175.0,-35.0
200153,-5.12,-22.33,1015.04,122.5,-175.0,-35.0
200183,-5.25,-22.33,1015.04,122.5,-175.0,-35.0
200212,-5.12,-22.2,1015.04,122.5,-175.0,-35.0
200242,-5.25,-22.2,1015.04,105.0,-175.0,-35.0
200271,-5.25,-22.33,1015.04,140.0,-175.0,-35.0
200301,-5.25,-22.33,1015.04,122.5,-175.0,-35.0
200330,-5.25,-22.2,1015.04,140.0,-175.0,-35.0
200360,-5.25,-22.2,1015.04,122.5,-192.5,-35.0
200389,-5.25,-22.2,1015.04,122.5,-175.0,-17.5
200419,-5.12,-22.2,1015.04,122.5,-175.0,-35.0
200448,-5.12,-22.2,1015.16,122.5,-157.5,-35.0
200477,-5.12,-22.2,1015.16,122.5,-175.0,-35.0
200506,-5.12,-22.2,1015.16,105.0,-192.5,-35.0
200535,-5.25,-22.2,1015.16,122.5,-175.0,-35.0
200564,-5.12,-22.2,1015.16,122.5,-175.0,-35.0
200593,-5.12,-22.33,1015.16,105.0,-175.0,-35.0
200622,-5.25,-22.2,1015.16,122.5,-175.0,-35.0
200651,-5.12,-22.33,1015.16,122.5,-192.5,-35.0
200681,-5.12,-22.33,1015.16,122.5,-175.0,-35.0
200710,-5.12,-22.33,1015.16,140.0,-192.5,-35.0
200740,-5.25,-22.33,1015.04,122.5,-175.0,-35.0
200769,-5.12,-22.33,1015.04,122.5,-175.0,-52.5
200799,-5.25,-22.2,1015.04,105.0,-175.0,-35.0
200828,-5.12,-22.2,1015.04,122.5,-175.0,-35.0
200858,-5.25,-22.2,1015.04,105.0,-157.5,-52.5
200887,-5.25,-22.2,1015.04,122.5,-175.0,-52.5
200917,-5.12,-22.2,1015.04,122.5,-175.0,-35.0
200946,-5.25,-22.2,1015.04,122.5,-175.0,-35.0
200975,-5.25,-22.2,1015.04,140.0,-175.0,-17.5
201004,-5.12,-22.2,1015.04,122.5,-175.0,-17.5
201033,-5.12,-22.2,1015.04,122.5,-192.5,-35.0
201062,-5.12,-22.2,1015.04,122.5,-192.5,-35.0
201091,-5.25,-22.2,1015.04,122.5,-175.0,-35.0
201120,-5.25,-22.2,1015.04,122.5,-175.0,-35.0
201149,-5.25,-22.2,1015.04,122.5,-175.0,-17.5
201179,-5.12,-22.2,1015.04,105.0,-210.0,-17.5
201208,-5.12,-22.2,1015.04,105.0,-175.0,-17.5
201238,-5.12,-22.2,1015.04,105.0,-175.0,-35.0
201267,-5.12,-22.2,1015.04,122.5,-157.5,-35.0
201297,-5.12,-22.2,1015.04,105.0,-175.0,-17.5
201326,-5.12,-22.2,1015.04,105.0,-192.5,-17.5
201356,-5.12,-22.2,1015.16,122.5,-157.5,-52.5
201385,-5.12,-22.2,1015.16,122.5,-175.0,-52.5
201415,-5.25,-22.2,1015.28,140.0,-175.0,-35.0
201444,-5.12,-22.2,1015.28,105.0,-192.5,-35.0
201473,-5.12,-22.2,1015.28,122.5,-192.5,-35.0
201502,-5.12,-22.2,1015.28,140.0,-175.0,-17.5
201531,-5.25,-22.2,1015.41,122.5,-157.5,-17.5
201560,-5.25,-22.2,1015.41,122.5,-192.5,-35.0
201589,-5.12,-22.2,1015.41,140.0,-175.0,-35.0
201618,-5.12,-22.2,1015.41,122.5,-175.0,-17.5
201647,-5.12,-22.2,1015.41,122.5,-192.5,-35.0
201677,-5.12,-22.2,1015.41,140.0,-175.0,-17.5
201706,-5.12,-22.2,1015.41,122.5,-157.5,-35.0
201736,-5.12,-22.2,1015.53,122.5,-157.5,-17.5
201765,-5.12,-22.2,1015.53,122.5,-175.0,-35.0
201795,-5.12,-22.2,1015.53,122.5,-175.0,-17.5
201824,-5.12,-22.2,1015.53,122.5,-157.5,-35.0
201854,-5.12,-22.2,1015.53,122.5,-175.0,-17.5
201883,-5.12,-22.2,1015.53,105.0,-175.0,-35.0
201913,-5.12,-22.2,1015.53,122.5,-175.0,-35.0
201942,-5.12,-22.2,1015.53,122.5,-192.5,-35.0
201972,-5.12,-22.2,1015.53,122.5,-192.5,-35.0
202001,-5.12,-22.2,1015.53,105.0,-175.0,-35.0
202030,-5.12,-22.2,1015.41,105.0,-175.0,-35.0
202059,-5.12,-22.2,1015.53,105.0,-175.0,-35.0
202088,-5.12,-22.08,1015.41,140.0,-157.5,-17.5
202117,-5.12,-22.08,1015.41,140.0,-175.0,-17.5
202146,-5.12,-22.08,1015.53,105.0,-192.5,-17.5
202175,-5.12,-22.08,1015.41,105.0,-175.0,-35.0
202204,-5.12,-22.08,1015.41,122.5,-157.5,-35.0
202234,-5.12,-22.08,1015.41,122.5,-175.0,-35.0
202263,-5.12,-22.08,1015.53,140.0,-175.0,-35.0
202293,-5.12,-22.08,1015.53,140.0,-192.5,-35.0
202322,-5.12,-22.08,1015.41,122.5,-175.0,-17.5
202352,-5.12,-22.08,1015.53,122.5,-175.0,-35.0
202381,-5.12,-22.2,1015.53,122.5,-175.0,-17.5
202411,-5.12,-22.2,1015.41,140.0,-175.0,-35.0
202440,-5.12,-22.2,1015.41,87.5,-175.0,-35.0
202470,-5.12,-22.2,1015.41,105.0,-175.0,-17.5
202499,-5.12,-22.2,1015.41,140.0,-175.0,-17.5
202528,-5.12,-22.2,1015.41,105.0,-175.0,-17.5
202557,-5.12,-22.2,1015.41,122.5,-175.0,-35.0
202586,-5.12,-22.2,1015.41,122.5,-175.0,-35.0
202615,-5.12,-22.2,1015.41,105.0,-175.0,-17.5
202644,-5.12,-22.2,1015.28,122.5,-175.0,-35.0
202673,-5.12,-22.2,1015.28,122.5,-157.5,-35.0
202702,-5.12,-22.2,1015.41,122.5,-175.0,-17.5
202732,-5.12,-22.2,1015.41,105.0,-175.0,-17.5
202761,-5.25,-22.2,1015.41,105.0,-175.0,-17.5
202791,-5.25,-22.2,1015.41,122.5,-175.0,-35.0
202820,-5.12,-22.2,1015.41,105.0,-175.0,-35.0
202850,-5.12,-22.2,1015.41,105.0,-175.0,-17.5
202879,-5.12,-22.2,1015.41,105.0,-192.5,-17.5
202909,-5.12,-22.2,1015.41,105.0,-192.5,-17.5
202938,-5.12,-22.2,1015.41,105.0,-192.5,-35.0
202968,-5.12,-22.2,1015.41,122.5,-157.5,-35.0
202997,-5.25,-22.2,1015.41,122.5,-175.0,-17.5
203027,-5.25,-22.2,1015.41,122.5,-175.0,-35.0
203056,-5.12,-22.2,1015.41,122.5,-175.0,-35.0
203085,-5.25,-22.2,1015.41,122.5,-175.0,-35.0
203114,-5.25,-22.2,1015.41,105.0,-175.0,-35.0
203143,-5.25,-22.2,1015.41,122.5,-175.0,-35.0
203172,-5.25,-22.2,1015.28,105.0,-175.0,-35.0
203201,-5.25,-22.2,1015.28,122.5,-175.0,-35.0
203230,-5.12,-22.2,1015.28,122.5,-192.5,-35.0
203259,-5.25,-22.2,1015.28,122.5,-192.5,-35.0
203289,-5.25,-22.2,1015.28,122.5,-175.0,-35.0
203318,-5.25,-22.2,1015.28,87.5,-175.0,-17.5
203348,-5.25,-22.2,1015.28,105.0,-175.0,-17.5
203377,-5.25,-22.2,1015.28,122.5,-175.0,-17.5
203407,-5.25,-22.2,1015.28,122.5,-175.0,-17.5
203436,-5.25,-22.2,1015.28,122.5,-175.0,-17.5
203466,-5.25,-22.2,1015.28,122.5,-157.5,-35.0
203495,-5.25,-22.33,1015.16,105.0,-192.5,-35.0
203525,-5.25,-22.2,1015.28,105.0,-175.0,-35.0
203554,-5.25,-22.2,1015.28,105.0,-175.0,-35.0
203584,-5.25,-22.2,1015.28,122.5,-175.0,-35.0
203613,-5.25,-22.2,1015.16,140.0,-175.0,-35.0
203642,-5.25,-22.2,1015.16,122.5,-175.0,-35.0
203671,-5.25,-22.2,1015.16,122.5,-175.0,-35.0
203700,-5.12,-22.2,1015.16,105.0,-175.0,-35.0
203729,-5.12,-22.2,1015.16,122.5,-175.0,-17.5
203758,-5.12,-22.2,1015.04,122.5,-157.5,-35.0
203787,-5.12,-22.2,1015.04,122.5,-175.0,-17.5
203816,-5.12,-22.2,1015.04,122.5,-175.0,-35.0
203846,-5.12,-22.2,1015.16,140.0,-175.0,-35.0
203875,-5.12,-22.2,1015.16,122.5,-175.0,-35.0
203905,-5.12,-22.2,1015.16,105.0,-175.0,-35.0
203934,-5.12,-22.2,1015.16,105.0,-157.5,-35.0
203964,-5.12,-22.2,1015.16,122.5,-175.0,-35.0
203993,-5.12,-22.2,1015.16,122.5,-192.5,-17.5
204023,-5.12,-22.2,1015.16,122.5,-175.0,-17.5
204052,-5.12,-22.2,1015.28,105.0,-175.0,-35.0
204082,-5.12,-22.2,1015.28,122.5,-175.0,-35.0
204111,-5.12,-22.2,1015.28,122.5,-175.0,-35.0
204141,-5.12,-22.2,1015.28,105.0,-175.0,-35.0
204170,-5.12,-22.2,1015.28,122.5,-175.0,-17.5
204199,-5.12,-22.2,1015.28,140.0,-175.0,-35.0
204228,-5.12,-22.2,1015.28,140.0,-175.0,-35.0
204257,-5.12,-22.2,1015.28,122.5,-175.0,-35.0
204286,-5.0,-22.2,1015.28,122.5,-175.0,-17.5
204315,-5.0,-22.08,1015.28,105.0,-192.5,-35.0
204344,-5.0,-22.2,1015.28,105.0,-157.5,-35.0
204373,-5.0,-22.08,1015.28,140.0,-175.0,-35.0
204403,-5.0,-22.2,1015.28,122.5,-175.0,-17.5
204432,-5.12,-22.2,1015.28,122.5,-175.0,-35.0
204462,-5.12,-22.2,1015.28,140.0,-175.0,-35.0
204491,-5.0,-22.08,1015.28,122.5,-175.0,-17.5
204521,-5.0,-22.2,1015.28,122.5,-175.0,-17.5
204550,-5.0,-22.08,1015.28,140.0,-192.5,-17.5
204580,-5.12,-22.08,1015.41,122.5,-157.5,-35.0
204609,-5.0,-22.08,1015.41,140.0,-175.0,-35.0
204639,-5.0,-22.08,1015.41,122.5,-175.0,-17.5
204668,-5.0,-22.2,1015.41,122.5,-175.0,-17.5
204697,-5.12,-22.08,1015.41,105.0,-157.5,-35.0
204726,-5.12,-22.08,1015.41,105.0,-157.5,-35.0
204755,-5.12,-22.08,1015.41,122.5,-175.0,-17.5
204784,-5.12,-22.08,1015.41,122.5,-157.5,-35.0
204813,-5.12,-22.2,1015.41,140.0,-192.5,-17.5
204842,-5.12,-22.2,1015.41,122.5,-192.5,-17.5
204871,-5.12,-22.08,1015.41,140.0,-175.0,-35.0
204901,-5.12,-22.2,1015.41,105.0,-175.0,-35.0
204930,-5.12,-22.2,1015.41,122.5,-192.5,-35.0
204960,-5.12,-22.08,1015.41,122.5,-175.0,-17.5
204989,-5.12,-22.2,1015.41,105.0,-192.5,-17.5
205019,-5.12,-22.08,1015.41,105.0,-175.0,-17.5
205048,-5.12,-22.08,1015.41,122.5,-175.0,-17.5
205078,-5.12,-22.08,1015.41,122.5,-175.0,-35.0
205107,-5.12,-22.08,1015.41,122.5,-175.0,-35.0
205137,-5.12,-22.08,1015.41,122.5,-175.0,-35.0
205166,-5.12,-22.08,1015.41,140.0,-192.5,-35.0
205195,-5.12,-21.96,1015.53,105.0,-192.5,-35.0
205224,-5.12,-21.96,1015.53,122.5,-192.5,-35.0
205253,-5.12,-22.08,1015.53,122.5,-175.0,-35.0
205282,-5.12,-22.08,1015.53,122.5,-175.0,-35.0
205311,-5.12,-22.08,1015.53,105.0,-175.0,-35.0
205340,-5.12,-22.08,1015.53,105.0,-175.0,-17.5
205369,-5.12,-22.08,1015.53,105.0,-157.5,-35.0
205399,-5.12,-22.08,1015.53,105.0,-175.0,-35.0
205428,-5.12,-22.2,1015.53,122.5,-157.5,-17.5
205458,-5.12,-22.2,1015.41,122.5,-175.0,-35.0
205487,-5.12,-22.2,1015.41,140.0,-175.0,-35.0
205517,-5.12,-22.08,1015.41,122.5,-157.5,-35.0
205546,-5.12,-22.08,1015.41,122.5,-175.0,-35.0
205576,-5.12,-22.2,1015.28,105.0,-175.0,-17.5
205605,-5.12,-22.2,1015.28,105.0,-192.5,-17.5
205635,-5.12,-22.2,1015.28,122.5,-175.0,-35.0
205664,-5.12,-22.2,1015.28,122.5,-192.5,-35.0
205693,-5.12,-22.2,1015.16,105.0,-175.0,-35.0
205722,-5.12,-22.2,1015.16,122.5,-175.0,-17.5
205751,-5.12,-22.2,1015.28,140.0,-175.0,-35.0
205780,-5.12,-22.2,1015.16,122.5,-175.0,-35.0
205809,-5.12,-22.2,1015.16,122.5,-175.0,-35.0
205838,-5.12,-22.2,1015.16,105.0,-175.0,-35.0
205867,-5.12,-22.2,1015.16,105.0,-192.5,-35.0
205897,-5.25,-22.2,1015.28,105.0,-192.5,-17.5
205926,-5.12,-22.2,1015.28,122.5,-175.0,-17.5
205956,-5.12,-22.2,1015.28,140.0,-157.5,-17.5
205985,-5.25,-22.2,1015.28,105.0,-157.5,-17.5
206015,-5.25,-22.2,1015.28,122.5,-175.0,-35.0
206044,-5.12,-22.2,1015.28,122.5,-175.0,-17.5
206074,-5.12,-22.2,1015.28,122.5,-175.0,-17.5
206103,-5.25,-22.2,1015.28,122.5,-175.0,-35.0
206133,-5.12,-22.2,1015.28,122.5,-175.0,-35.0
206162,-5.12,-22.2,1015.28,122.5,-175.0,-17.5
206191,-5.12,-22.2,1015.28,122.5,-175.0,-17.5
206220,-5.12,-22.2,1015.28,122.5,-192.5,-35.0
206249,-5.12,-22.2,1015.41,122.5,-175.0,-35.0
206278,-5.25,-22.2,1015.41,122.5,-175.0,-17.5
206307,-5.25,-22.2,1015.28,122.5,-175.0,-35.0
206336,-5.12,-22.2,1015.28,122.5,-175.0,-35.0
206365,-5.12,-22.2,1015.28,122.5,-192.5,-35.0
206395,-5.12,-22.2,1015.28,122.5,-175.0,-17.5
206424,-5.12,-22.2,1015.28,105.0,-175.0,-35.0
206454,-5.12,-22.2,1015.28,122.5,-192.5,-35.0
206483,-5.12,-22.2,1015.28,122.5,-175.0,-17.5
206513,-5.12,-22.2,1015.28,105.0,-175.0,-17.5
206542,-5.12,-22.2,1015.16,122.5,-175.0,-35.0
206572,-5.12,-22.2,1015.16,122.5,-175.0,-17.5
206601,-5.12,-22.2,1015.16,105.0,-157.5,-35.0
206631,-5.12,-22.2,1015.04,105.0,-175.0,-35.0
206660,-5.25,-22.2,1015.04,122.5,-175.0,-17.5
206689,-5.25,-22.2,1014.92,122.5,-157.5,-17.5
206718,-5.25,-22.33,1014.92,122.5,-157.5,-17.5
206747,-5.12,-22.2,1014.92,122.5,-175.0,-17.5
206776,-5.12,-22.2,1014.8,122.5,-157.5,-17.5
206805,-5.25,-22.2,1014.8,87.5,-175.0,-35.0
206835,-5.12,-22.2,1014.8,122.5,-192.5,-35.0
206864,-5.12,-22.2,1014.8,122.5,-175.0,-17.5
206894,-5.25,-22.2,1014.8,140.0,-175.0,-35.0
206923,-5.12,-22.2,1014.8,122.5,-175.0,-35.0
206953,-5.12,-22.2,1014.8,122.5,-175.0,-35.0
206982,-5.12,-22.2,1014.8,105.0,-175.0,-35.0
207012,-5.12,-22.2,1014.8,122.5,-175.0,-35.0
207041,-5.12,-22.2,1014.8,140.0,-175.0,-35.0
207071,-5.12,-22.2,1014.92,122.5,-175.0,-17.5
207100,-5.12,-22.2,1014.92,122.5,-157.5,-35.0
207130,-5.12,-22.2,1014.92,122.5,-175.0,-35.0
207159,-5.12,-22.2,1015.04,122.5,-175.0,-17.5
207188,-5.12,-22.2,1015.04,122.5,-175.0,-35.0
207217,-5.12,-22.2,1015.04,122.5,-175.0,-35.0
207246,-5.12,-22.2,1015.04,122.5,-157.5,-17.5
207275,-5.12,-22.2,1015.04,122.5,-175.0,-17.5
207304,-5.12,-22.2,1015.04,122.5,-175.0,-17.5
207334,-5.25,-22.2,1015.04,140.0,-175.0,-17.5
207363,-5.25,-22.33,1015.04,122.5,-192.5,-17.5
207393,-5.12,-22.2,1015.16,105.0,-175.0,-35.0
207422,-5.25,-22.2,1015.16,140.0,-175.0,-17.5
207452,-5.25,-22.2,1015.28,122.5,-175.0,-35.0
207481,-5.12,-22.2,1015.28,140.0,-175.0,-35.0
207511,-5.12,-22.2,1015.28,140.0,-175.0,-17.5
207540,-5.12,-22.2,1015.28,122.5,-175.0,-35.0
207570,-5.25,-22.2,1015.28,122.5,-192.5,-35.0
207599,-5.12,-22.2,1015.28,122.5,-175.0,-35.0
207628,-5.12,-22.2,1015.28,122.5,-175.0,-17.5
207657,-5.12,-22.2,1015.28,122.5,-175.0,-35.0
207686,-5.25,-22.2,1015.28,140.0,-192.5,-17.5
207715,-5.12,-22.2,1015.28,122.5,-192.5,-35.0
207744,-5.12,-22.2,1015.41,140.0,-192.5,-35.0
207773,-5.12,-22.2,1015.41,140.0,-175.0,-35.0
207802,-5.12,-22.2,1015.41,122.5,-175.0,-35.0
207832,-5.12,-22.33,1015.28,122.5,-175.0,-17.5
207861,-5.25,-22.33,1015.28,122.5,-175.0,-35.0
207891,-5.12,-22.2,1015.28,122.5,-175.0,-17.5
207920,-5.12,-22.2,1015.28,122.5,-175.0,-35.0
207950,-5.12,-22.2,1015.28,122.5,-192.5,-35.0
207979,-5.12,-22.2,1015.28,122.5,-192.5,-17.5
208009,-5.12,-22.2,1015.28,105.0,-157.5,-17.5
208038,-5.25,-22.2,1015.28,122.5,-175.0,-17.5
208067,-5.12,-22.2,1015.28,122.5,-175.0,-17.5
208096,-5.25,-22.2,1015.28,87.5,-157.5,-35.0
208125,-5.25,-22.2,1015.28,87.5,-175.0,-17.5
208155,-5.12,-22.2,1015.28,105.0,-175.0,-17.5
208184,-5.12,-22.2,1015.28,105.0,-175.0,-17.5
208213,-5.12,-22.2,1015.28,105.0,-157.5,-17.5
208242,-5.12,-22.2,1015.28,105.0,-175.0,-17.5
208272,-5.12,-22.2,1015.41,105.0,-175.0,-17.5
208301,-5.12,-22.2,1015.41,122.5,-175.0,-52.5
208331,-5.12,-22.2,1015.41,122.5,-192.5,-35.0
208360,-5.12,-22.2,1015.53,122.5,-192.5,-17.5
208390,-5.12,-22.2,1015.41,105.0,-192.5,-35.0
208419,-5.12,-22.2,1015.41,105.0,-192.5,-35.0
208449,-5.12,-22.2,1015.41,105.0,-175.0,-35.0
208478,-5.12,-22.2,1015.28,122.5,-157.5,-17.5
208508,-5.12,-22.33,1015.28,140.0,-175.0,-17.5
208537,-5.12,-22.2,1015.28,122.5,-175.0,-17.5
208566,-5.12,-22.33,1015.28,105.0,-175.0,-35.0
208595,-5.12,-22.33,1015.16,105.0,-157.5,-35.0
208624,-5.12,-22.33,1015.16,105.0,-175.0,-35.0
208653,-5.12,-22.2,1015.16,122.5,-175.0,-17.5
208682,-5.12,-22.2,1015.16,122.5,-157.5,-35.0
208711,-5.12,-22.33,1015.04,122.5,-157.5,-17.5
208740,-5.12,-22.33,1015.04,105.0,-192.5,-17.5
208770,-5.12,-22.33,1015.04,122.5,-175.0,-17.5
208799,-5.12,-22.2,1014.92,140.0,-175.0,-17.5
208829,-5.12,-22.2,1014.92,122.5,-175.0,-35.0
208858,-5.12,-22.2,1014.92,122.5,-157.5,-35.0
208888,-5.12,-22.2,1014.92,122.5,-175.0,-35.0
208917,-5.25,-22.33,1014.92,105.0,-157.5,-35.0
208947,-5.12,-22.33,1014.92,122.5,-175.0,-35.0
208976,-5.25,-22.2,1014.92,105.0,-192.5,-35.0
209006,-5.25,-22.33,1014.92,122.5,-175.0,-17.5
209035,-5.25,-22.2,1014.92,122.5,-175.0,-17.5
209065,-5.25,-22.2,1014.92,122.5,-192.5,-35.0
209094,-5.25,-22.2,1014.92,122.5,-175.0,-17.5
209123,-5.25,-22.2,1014.92,122.5,-157.5,-17.5
209152,-5.25,-22.2,1014.92,122.5,-192.5,-35.0
209181,-5.12,-22.2,1014.92,105.0,-192.5,-17.5
209210,-5.12,-22.2,1014.92,105.0,-192.5,-35.0
209239,-5.25,-22.2,1014.92,122.5,-192.5,-35.0
209268,-5.25,-22.2,1014.92,122.5,-192.5,-35.0
209297,-5.12,-22.2,1015.04,122.5,-192.5,-17.5
209327,-5.25,-22.2,1014.92,122.5,-175.0,-35.0
209356,-5.12,-22.2,1015.04,105.0,-175.0,-35.0
209386,-5.25,-22.2,1014.92,122.5,-175.0,-35.0
209415,-5.25,-22.2,1014.92,122.5,-175.0,-35.0
209445,-5.25,-22.33,1015.04,122.5,-192.5,-35.0
209474,-5.25,-22.33,1015.04,140.0,-175.0,-35.0
209504,-5.25,-22.33,1015.04,105.0,-175.0,-35.0
209533,-5.25,-22.2,1015.04,105.0,-157.5,-35.0
209563,-5.25,-22.33,1015.04,122.5,-175.0,-35.0
209592,-5.37,-22.33,1015.04,105.0,-175.0,-17.5
209622,-5.37,-22.33,1014.92,122.5,-175.0,-17.5
209651,-5.37,-22.33,1014.8,122.5,-175.0,-35.0
209680,-5.37,-22.33,1014.8,105.0,-175.0,-35.0
209709,-5.37,-22.45,1014.67,122.5,-175.0,-17.5
209738,-5.37,-22.33,1014.67,105.0,-175.0,-35.0
209767,-5.37,-22.45,1014.67,105.0,-192.5,-35.0
209796,-5.37,-22.45,1014.67,140.0,-175.0,-35.0
209826,-5.25,-22.45,1014.55,122.5,-175.0,-35.0
209855,-5.25,-22.45,1014.55,105.0,-175.0,-17.5
209885,-5.25,-22.45,1014.55,105.0,-175.0,-35.0
209914,-5.37,-22.45,1014.43,122.5,-175.0,-35.0
209944,-5.25,-22.45,1014.43,140.0,-175.0,-17.5
209973,-5.25,-22.45,1014.43,122.5,-175.0,-17.5
210003,-5.25,-22.45,1014.43,105.0,-175.0,-17.5
210032,-5.25,-22.45,1014.43,105.0,-175.0,-35.0
210062,-5.25,-22.45,1014.43,122.5,-175.0,-17.5
210091,-5.25,-22.45,1014.43,122.5,-175.0,-35.0
210120,-5.25,-22.45,1014.43,122.5,-157.5,-35.0
210149,-5.25,-22.45,1014.43,122.5,-175.0,-35.0
210178,-5.25,-22.45,1014.43,105.0,-192.5,-17.5
210207,-5.25,-22.45,1014.43,122.5,-175.0,-35.0
210236,-5.12,-22.45,1014.43,122.5,-175.0,-35.0
210265,-5.25,-22.45,1014.43,122.5,-192.5,-35.0
210294,-5.12,-22.45,1014.43,122.5,-175.0,-35.0
210324,-5.25,-22.45,1014.43,122.5,-175.0,-35.0
210353,-5.12,-22.45,1014.43,122.5,-175.0,-35.0
210383,-5.25,-22.45,1014.43,140.0,-192.5,-17.5
210412,-5.25,-22.45,1014.43,122.5,-175.0,-35.0
210442,-5.25,-22.45,1014.43,122.5,-175.0,-52.5
210471,-5.25,-22.45,1014.43,140.0,-175.0,-35.0
210501,-5.25,-22.45,1014.55,140.0,-175.0,-17.5
210530,-5.25,-22.45,1014.55,105.0,-175.0,-17.5
210560,-5.25,-22.45,1014.55,122.5,-175.0,-17.5
210589,-5.25,-22.45,1014.55,122.5,-192.5,-17.5
210619,-5.25,-22.45,1014.55,122.5,-192.5,-17.5
210648,-5.25,-22.45,1014.55,122.5,-157.5,-35.0
210677,-5.25,-22.33,1014.55,140.0,-175.0,-17.5
210706,-5.25,-22.33,1014.55,122.5,-175.0,-35.0
210735,-5.25,-22.45,1014.55,122.5,-175.0,-35.0
210764,-5.25,-22.45,1014.55,122.5,-157.5,-17.5
210793,-5.25,-22.45,1014.55,105.0,-192.5,-35.0
210823,-5.25,-22.45,1014.55,122.5,-175.0,-17.5
210852,-5.25,-22.45,1014.55,105.0,-175.0,-17.5
210882,-5.25,-22.33,1014.67,122.5,-175.0,-35.0
210911,-5.25,-22.33,1014.67,122.5,-175.0,-17.5
210941,-5.25,-22.45,1014.67,140.0,-175.0,-17.5
210970,-5.25,-22.33,1014.8,140.0,-175.0,-17.5
211000,-5.12,-22.33,1014.67,122.5,-175.0,-35.0
211029,-5.25,-22.33,1014.67,105.0,-175.0,-35.0
211059,-5.25,-22.33,1014.67,140.0,-157.5,-52.5
211088,-5.25,-22.33,1014.67,122.5,-175.0,-35.0
211118,-5.25,-22.33,1014.67,122.5,-192.5,-35.0
211147,-5.25,-22.33,1014.67,122.5,-175.0,-17.5
211176,-5.25,-22.33,1014.67,105.0,-175.0,-17.5
211205,-5.37,-22.33,1014.55,122.5,-175.0,-35.0
211234,-5.37,-22.33,1014.55,105.0,-175.0,-17.5
211263,-5.37,-22.33,1014.55,122.5,-175.0,-17.5
211292,-5.25,-22.33,1014.55,122.5,-175.0,-35.0
211321,-5.37,-22.33,1014.55,122.5,-175.0,-35.0
211350,-5.37,-22.33,1014.55,105.0,-192.5,-35.0
211380,-5.37,-22.33,1014.55,105.0,-192.5,-35.0
211409,-5.37,-22.33,1014.55,140.0,-175.0,-35.0
211439,-5.37,-22.33,1014.55,122.5,-192.5,-35.0
211468,-5.37,-22.33,1014.43,105.0,-175.0,-17.5
211498,-5.37,-22.33,1014.55,122.5,-175.0,-35.0
211527,-5.37,-22.33,1014.43,122.5,-175.0,-35.0
211557,-5.37,-22.33,1014.55,122.5,-175.0,-35.0
211586,-5.37,-22.33,1014.55,122.5,-192.5,-35.0
211616,-5.37,-22.45,1014.55,105.0,-192.5,-35.0
211645,-5.37,-22.45,1014.55,105.0,-192.5,-17.5
211674,-5.37,-22.45,1014.55,122.5,-192.5,-17.5
211703,-5.37,-22.45,1014.55,122.5,-175.0,-17.5
211732,-5.37,-22.45,1014.55,122.5,-175.0,-17.5
211761,-5.37,-22.45,1014.55,122.5,-175.0,-35.0
211790,-5.37,-22.45,1014.67,105.0,-157.5,-35.0
211819,-5.37,-22.45,1014.67,122.5,-175.0,-35.0
211848,-5.37,-22.45,1014.8,122.5,-175.0,-35.0
211878,-5.37,-22.45,1014.8,122.5,-175.0,-35.0
211907,-5.37,-22.33,1014.8,122.5,-175.0,-35.0
211937,-5.37,-22.33,1014.8,122.5,-192.5,-17.5
211966,-5.37,-22.33,1014.8,122.5,-175.0,-35.0
211996,-5.37,-22.33,1014.8,122.5,-175.0,-35.0
212025,-5.37,-22.33,1014.92,122.5,-157.5,-17.5
212055,-5.37,-22.33,1014.92,122.5,-175.0,-35.0
212084,-5.37,-22.33,1014.92,122.5,-175.0,-17.5
212114,-5.37,-22.33,1014.92,105.0,-175.0,-17.5
212143,-5.37,-22.33,1014.92,105.0,-175.0,-35.0
212173,-5.37,-22.33,1014.92,105.0,-175.0,-35.0
212202,-5.37,-22.33,1015.04,122.5,-175.0,-35.0
212231,-5.37,-22.33,1015.04,122.5,-175.0,-35.0
212260,-5.37,-22.33,1015.04,122.5,-192.5,-17.5
212289,-5.37,-22.33,1015.04,122.5,-192.5,-35.0
212318,-5.37,-22.33,1015.04,105.0,-192.5,-35.0
212347,-5.37,-22.33,1015.04,105.0,-175.0,-35.0
212376,-5.37,-22.33,1015.04,122.5,-175.0,-35.0
212405,-5.37,-22.33,1015.04,122.5,-175.0,-35.0
212435,-5.37,-22.33,1015.16,122.5,-175.0,-35.0
212464,-5.37,-22.2,1015.16,122.5,-175.0,-35.0
212494,-5.37,-22.33,1015.16,140.0,-157.5,-17.5
212523,-5.37,-22.33,1015.16,122.5,-157.5,-35.0
212553,-5.37,-22.2,1015.28,122.5,-175.0,-35.0
212582,-5.37,-22.33,1015.28,122.5,-157.5,-35.0
212612,-5.37,-22.33,1015.28,122.5,-175.0,-35.0
212641,-5.37,-22.33,1015.16,122.5,-175.0,-17.5
212671,-5.37,-22.33,1015.16,105.0,-175.0,-35.0
212700,-5.37,-22.33,1015.16,122.5,-192.5,-35.0
212729,-5.37,-22.33,1015.16,140.0,-192.5,-35.0
212758,-5.37,-22.33,1015.16,122.5,-175.0,-35.0
212787,-5.37,-22.33,1015.04,122.5,-175.0,-35.0
212816,-5.37,-22.33,1015.04,105.0,-175.0,-17.5
212845,-5.37,-22.33,1015.04,105.0,-192.5,-35.0
212874,-5.37,-22.33,1015.04,122.5,-175.0,-35.0
212903,-5.37,-22.33,1015.16,122.5,-175.0,-17.5
212933,-5.37,-22.33,1015.16,122.5,-192.5,-17.5
212962,-5.37,-22.33,1015.16,122.5,-175.0,-35.0
212992,-5.37,-22.33,1015.16,122.5,-175.0,-35.0
213021,-5.37,-22.2,1015.28,105.0,-175.0,-35.0
213051,-5.37,-22.2,1015.28,105.0,-175.0,-52.5
213080,-5.37,-22.33,1015.28,105.0,-175.0,-35.0
213110,-5.37,-22.33,1015.28,122.5,-175.0,-35.0
213139,-5.37,-22.33,1015.28,122.5,-192.5,-35.0
213169,-5.37,-22.33,1015.28,122.5,-175.0,-52.5
213198,-5.37,-22.33,1015.28,122.5,-192.5,-52.5
213227,-5.37,-22.33,1015.28,122.5,-175.0,-35.0
213256,-5.37,-22.33,1015.28,122.5,-175.0,-35.0
213285,-5.37,-22.33,1015.28,122.5,-157.5,-17.5
213314,-5.37,-22.33,1015.28,122.5,-175.0,-35.0
213343,-5.37,-22.33,1015.28,105.0,-175.0,-35.0
213372,-5.37,-22.33,1015.28,122.5,-175.0,-17.5
213401,-5.37,-22.33,1015.28,140.0,-175.0,-17.5
213431,-5.37,-22.33,1015.28,122.5,-175.0,-35.0
213460,-5.37,-22.33,1015.28,122.5,-175.0,-17.5
213490,-5.37,-22.33,1015.28,122.5,-192.5,-35.0
213519,-5.37,-22.2,1015.28,122.5,-175.0,-17.5
213549,-5.25,-22.2,1015.28,122.5,-175.0,-35.0
213578,-5.25,-22.2,1015.28,122.5,-175.0,-35.0
213608,-5.12,-22.33,1015.28,105.0,-175.0,-17.5
213637,-5.12,-22.2,1015.28,122.5,-192.5,-17.5
213667,-5.25,-22.33,1015.28,122.5,-175.0,-35.0
213696,-5.25,-22.2,1015.28,122.5,-175.0,-35.0
213725,-5.25,-22.2,1015.28,122.5,-175.0,-35.0
213754,-5.25,-22.2,1015.28,140.0,-175.0,-35.0
213783,-5.25,-22.2,1015.28,122.5,-157.5,-35.0
213812,-5.25,-22.2,1015.28,105.0,-175.0,-35.0
213841,-5.25,-22.2,1015.41,122.5,-175.0,-35.0
213871,-5.25,-22.2,1015.41,105.0,-175.0,-35.0
213900,-5.12,-22.2,1015.41,105.0,-192.5,-35.0
213930,-5.12,-22.2,1015.41,105.0,-175.0,-17.5
213959,-5.12,-22.33,1015.53,122.5,-175.0,-17.5
213989,-5.12,-22.33,1015.53,122.5,-175.0,-35.0
214018,-5.25,-22.33,1015.53,122.5,-175.0,-35.0
214048,-5.25,-22.2,1015.53,122.5,-157.5,-17.5
214077,-5.25,-22.2,1015.53,122.5,-175.0,-35.0
214107,-5.25,-22.33,1015.53,122.5,-192.5,-35.0
214136,-5.25,-22.33,1015.53,105.0,-175.0,-17.5
214165,-5.25,-22.33,1015.53,122.5,-175.0,-35.0
214194,-5.25,-22.2,1015.53,105.0,-175.0,-17.5
214223,-5.25,-22.33,1015.53,105.0,-175.0,-35.0
214252,-5.25,-22.33,1015.53,105.0,-157.5,-35.0
214281,-5.12,-22.2,1015.53,122.5,-175.0,-35.0
214310,-5.25,-22.2,1015.53,122.5,-175.0,-35.0
214339,-5.25,-22.33,1015.53,122.5,-157.5,-35.0
214369,-5.25,-22.33,1015.53,140.0,-192.5,-35.0
214398,-5.25,-22.33,1015.53,122.5,-192.5,-35.0
214428,-5.25,-22.33,1015.53,140.0,-192.5,-17.5
214457,-5.25,-22.2,1015.53,140.0,-175.0,-35.0
214487,-5.37,-22.2,1015.53,140.0,-192.5,-35.0
214516,-5.37,-22.2,1015.53,105.0,-175.0,-35.0
214546,-5.37,-22.33,1015.41,122.5,-175.0,-17.5
214575,-5.37,-22.33,1015.41,122.5,-175.0,-35.0
214605,-5.37,-22.33,1015.41,122.5,-192.5,-35.0
214634,-5.37,-22.33,1015.41,122.5,-175.0,-35.0
214663,-5.37,-22.33,1015.41,105.0,-175.0,-35.0
214692,-5.37,-22.33,1015.41,105.0,-157.5,-35.0
214721,-5.37,-22.33,1015.41,122.5,-175.0,-17.5
214750,-5.37,-22.33,1015.41,122.5,-175.0,-35.0
214779,-5.37,-22.33,1015.41,105.0,-175.0,-17.5
214809,-5.37,-22.33,1015.41,105.0,-175.0,-17.5
214838,-5.37,-22.33,1015.41,105.0,-175.0,-35.0
214868,-5.25,-22.33,1015.41,122.5,-157.5,-35.0
214897,-5.25,-22.33,1015.41,105.0,-157.5,-35.0
214927,-5.25,-22.33,1015.28,122.5,-175.0,-35.0
214956,-5.25,-22.33,1015.28,140.0,-175.0,-35.0
214986,-5.25,-22.33,1015.28,122.5,-192.5,-52.5
215015,-5.12,-22.33,1015.28,122.5,-175.0,-35.0
215045,-5.12,-22.33,1015.28,105.0,-175.0,-52.5
215074,-5.25,-22.33,1015.41,105.0,-175.0,-35.0
215104,-5.25,-22.33,1015.41,122.5,-175.0,-35.0
215133,-5.25,-22.33,1015.41,122.5,-157.5,-35.0
215162,-5.25,-22.45,1015.41,105.0,-157.5,-17.5
215191,-5.12,-22.45,1015.28,122.5,-192.5,-35.0
215220,-5.25,-22.45,1015.28,105.0,-175.0,-35.0
215249,-5.12,-22.45,1015.28,122.5,-192.5,-35.0
215278,-5.12,-22.45,1015.28,105.0,-192.5,-35.0
215307,-5.12,-22.45,1015.28,122.5,-175.0,-35.0
215336,-5.12,-22.45,1015.28,122.5,-157.5,-17.5
215366,-5.25,-22.45,1015.28,140.0,-175.0,-17.5
215395,-5.25,-22.45,1015.28,140.0,-175.0,-35.0
215425,-5.25,-22.45,1015.28,105.0,-192.5,-35.0
215454,-5.25,-22.33,1015.28,122.5,-175.0,-35.0
215484,-5.25,-22.33,1015.28,122.5,-175.0,-17.5
215513,-5.25,-22.33,1015.28,105.0,-175.0,-17.5
215543,-5.25,-22.33,1015.28,105.0,-175.0,-35.0
215572,-5.25,-22.33,1015.28,105.0,-175.0,-35.0
215602,-5.25,-22.33,1015.28,122.5,-175.0,-17.5
215631,-5.25,-22.33,1015.28,105.0,-175.0,-17.5
215661,-5.25,-22.33,1015.28,122.5,-175.0,-17.5
215690,-5.37,-22.33,1015.28,122.5,-175.0,-17.5
215719,-5.25,-22.33,1015.28,122.5,-175.0,-35.0
215748,-5.37,-22.33,1015.28,122.5,-175.0,-35.0
215777,-5.25,-22.33,1015.41,122.5,-192.5,-17.5
215806,-5.37,-22.45,1015.41,122.5,-192.5,-35.0
215835,-5.37,-22.33,1015.41,122.5,-175.0,-35.0
215864,-5.37,-22.45,1015.41,140.0,-157.5,-52.5
215893,-5.37,-22.45,1015.41,140.0,-175.0,-35.0
215923,-5.37,-22.33,1015.41,105.0,-175.0,-35.0
215952,-5.25,-22.33,1015.41,122.5,-175.0,-35.0
215982,-5.25,-22.33,1015.53,122.5,-175.0,-35.0
216011,-5.25,-22.33,1015.53,122.5,-175.0,-35.0
216041,-5.25,-22.33,1015.53,105.0,-175.0,-17.5
216070,-5.25,-22.2,1015.53,122.5,-157.5,-17.5
216100,-5.25,-22.33,1015.53,122.5,-192.5,-35.0
216129,-5.25,-22.33,1015.53,122.5,-175.0,-17.5
216159,-5.25,-22.33,1015.65,140.0,-175.0,-17.5
216188,-5.25,-22.33,1015.65,140.0,-175.0,-17.5
216217,-5.25,-22.33,1015.65,105.0,-175.0,-17.5
216246,-5.25,-22.2,1015.65,105.0,-175.0,-17.5
216275,-5.25,-22.2,1015.65,122.5,-175.0,-35.0
216304,-5.25,-22.2,1015.65,122.5,-175.0,-35.0
216333,-5.25,-22.33,1015.65,122.5,-192.5,-17.5
216362,-5.12,-22.2,1015.65,105.0,-192.5,-17.5
216391,-5.25,-22.2,1015.65,122.5,-175.0,-17.5
216421,-5.12,-22.33,1015.65,105.0,-175.0,-35.0
216450,-5.12,-22.33,1015.65,122.5,-175.0,-35.0
216480,-5.25,-22.33,1015.77,105.0,-157.5,-35.0
216509,-5.25,-22.33,1015.77,122.5,-175.0,-35.0
216539,-5.25,-22.33,1015.65,140.0,-192.5,-35.0
216568,-5.25,-22.33,1015.65,122.5,-175.0,-35.0
216598,-5.12,-22.33,1015.65,140.0,-175.0,-35.0
216627,-5.25,-22.33,1015.65,122.5,-175.0,-35.0
216657,-5.25,-22.33,1015.53,122.5,-175.0,-52.5
216686,-5.25,-22.33,1015.53,122.5,-175.0,-35.0
216716,-5.25,-22.33,1015.53,122.5,-192.5,-17.5
216745,-5.25,-22.33,1015.53,140.0,-192.5,-35.0
216774,-5.25,-22.33,1015.53,122.5,-192.5,-35.0
216803,-5.25,-22.33,1015.53,140.0,-192.5,-35.0
216832,-5.25,-22.33,1015.53,140.0,-192.5,-35.0
216861,-5.12,-22.33,1015.41,140.0,-192.5,-35.0
216890,-5.12,-22.33,1015.53,122.5,-192.5,-35.0
216919,-5.25,-22.33,1015.53,122.5,-175.0,-35.0
216948,-5.25,-22.33,1015.53,140.0,-175.0,-35.0
216978,-5.25,-22.33,1015.53,122.5,-175.0,-35.0
217007,-5.25,-22.33,1015.53,122.5,-192.5,-35.0
217037,-5.25,-22.33,1015.53,122.5,-175.0,-17.5
217066,-5.25,-22.33,1015.53,122.5,-175.0,-35.0
217096,-5.25,-22.33,1015.53,122.5,-192.5,-35.0
217125,-5.25,-22.33,1015.53,122.5,-192.5,-17.5
217155,-5.25,-22.33,1015.53,105.0,-192.5,-35.0
217184,-5.25,-22.2,1015.53,122.5,-192.5,-17.5
217214,-5.25,-22.33,1015.53,122.5,-175.0,-35.0
217243,-5.25,-22.33,1015.41,105.0,-175.0,-35.0
217272,-5.25,-22.33,1015.41,105.0,-175.0,-35.0
217301,-5.25,-22.33,1015.53,105.0,-175.0,-35.0
217330,-5.25,-22.33,1015.53,105.0,-175.0,-35.0
217359,-5.25,-22.33,1015.53,122.5,-175.0,-35.0
217388,-5.25,-22.33,1015.41,122.5,-175.0,-35.0
217417,-5.25,-22.33,1015.41,122.5,-175.0,-35.0
217446,-5.12,-22.33,1015.28,105.0,-175.0,-35.0
217476,-5.25,-22.33,1015.28,105.0,-192.5,-52.5
217505,-5.12,-22.33,1015.16,122.5,-192.5,-52.5
217535,-5.25,-22.33,1015.16,122.5,-175.0,-35.0
217564,-5.25,-22.33,1015.04,105.0,-175.0,-17.5
217594,-5.25,-22.33,1015.04,122.5,-157.5,-35.0
217623,-5.25,-22.33,1015.04,122.5,-192.5,-35.0
217653,-5.25,-22.33,1015.04,122.5,-192.5,-17.5
217682,-5.25,-22.33,1015.04,122.5,-175.0,-35.0
217712,-5.25,-22.33,1015.04,122.5,-157.5,-35.0
217741,-5.25,-22.33,1015.04,122.5,-175.0,-17.5
217770,-5.25,-22.33,1014.92,140.0,-175.0,-17.5
217799,-5.25,-22.33,1014.92,105.0,-175.0,-35.0
217828,-5.25,-22.33,1014.92,122.5,-192.5,-35.0
217857,-5.25,-22.33,1014.92,122.5,-175.0,-35.0
217886,-5.25,-22.33,1015.04,105.0,-175.0,-17.5
217915,-5.12,-22.33,1015.04,105.0,-175.0,-17.5
217944,-5.12,-22.33,1015.04,105.0,-175.0,-35.0
217974,-5.12,-22.33,1015.04,122.5,-192.5,-35.0
218003,-5.12,-22.33,1015.04,105.0,-192.5,-35.0
218033,-5.12,-22.2,1015.04,105.0,-192.5,-17.5
218062,-5.12,-22.2,1015.04,122.5,-192.5,-17.5
218092,-5.12,-22.2,1014.92,122.5,-192.5,-17.5
218121,-5.12,-22.33,1015.04,122.5,-175.0,-17.5
218151,-5.12,-22.33,1014.92,122.5,-175.0,-35.0
218180,-5.12,-22.33,1014.92,122.5,-192.5,-35.0
218210,-5.25,-22.33,1014.92,122.5,-157.5,-17.5
218239,-5.25,-22.33,1014.92,105.0,-157.5,-35.0
218269,-5.25,-22.2,1014.92,105.0,-175.0,-35.0
218298,-5.25,-22.33,1014.92,122.5,-192.5,-35.0
218327,-5.25,-22.33,1014.92,122.5,-192.5,-35.0
218356,-5.25,-22.33,1014.8,105.0,-175.0,-52.5
218385,-5.25,-22.33,1014.8,122.5,-175.0,-17.5
218414,-5.25,-22.33,1014.8,140.0,-175.0,-35.0
218443,-5.25,-22.33,1014.67,122.5,-175.0,-35.0
218472,-5.12,-22.33,1014.67,122.5,-192.5,-35.0
218501,-5.12,-22.33,1014.8,122.5,-157.5,-17.5
218531,-5.12,-22.33,1014.67,122.5,-175.0,-17.5
218560,-5.25,-22.45,1014.67,105.0,-175.0,-17.5
218590,-5.12,-22.33,1014.8,105.0,-192.5,0.0
218619,-5.12,-22.33,1014.67,122.5,-175.0,-17.5
218649,-5.25,-22.33,1014.67,105.0,-175.0,-35.0
218678,-5.12,-22.33,1014.67,105.0,-175.0,-35.0
218708,-5.25,-22.33,1014.8,87.5,-175.0,-17.5
218737,-5.25,-22.45,1014.67,105.0,-175.0,-17.5
218767,-5.12,-22.33,1014.67,105.0,-175.0,-17.5
218796,-5.12,-22.33,1014.8,105.0,-157.5,-17.5
218826,-5.25,-22.33,1014.67,87.5,-175.0,-17.5
218855,-5.25,-22.33,1014.8,105.0,-175.0,-35.0
218884,-5.25,-22.33,1014.8,105.0,-175.0,-35.0
218913,-5.25,-22.33,1014.8,105.0,-157.5,-35.0
218942,-5.25,-22.33,1014.8,105.0,-175.0,-17.5
218971,-5.25,-22.33,1014.92,105.0,-192.5,-17.5
219000,-5.12,-22.2,1014.92,105.0,-175.0,-17.5
219029,-5.12,-22.2,1014.92,87.5,-192.5,-35.0
219058,-5.12,-22.2,1015.04,105.0,-175.0,-17.5
219088,-5.12,-22.2,1015.04,122.5,-192.5,-17.5
219117,-5.25,-22.2,1015.04,122.5,-192.5,-35.0
219147,-5.25,-22.2,1015.04,140.0,-175.0,-35.0
219176,-5.12,-22.2,1015.04,122.5,-175.0,-35.0
219206,-5.25,-22.2,1014.92,122.5,-175.0,-17.5
219235,-5.25,-22.33,1014.8,105.0,-175.0,-17.5
219265,-5.25,-22.33,1014.8,105.0,-175.0,-17.5
219294,-5.25,-22.33,1014.8,105.0,-175.0,-17.5
219324,-5.25,-22.33,1014.67,105.0,-175.0,-17.5
219353,-5.25,-22.33,1014.67,140.0,-192.5,-35.0
219382,-5.25,-22.33,1014.67,122.5,-192.5,-35.0
219411,-5.25,-22.2,1014.55,105.0,-210.0,-52.5
219440,-5.25,-22.2,1014.55,105.0,-175.0,-52.5
219469,-5.25,-22.2,1014.43,122.5,-175.0,-35.0
219498,-5.25,-22.33,1014.55,122.5,-175.0,-17.5
219527,-5.12,-22.2,1014.55,122.5,-192.5,-17.5
219556,-5.25,-22.2,1014.55,122.5,-192.5,-35.0
219586,-5.12,-22.2,1014.55,105.0,-175.0,-35.0
219615,-5.25,-22.2,1014.55,122.5,-192.5,-17.5
219645,-5.12,-22.2,1014.55,122.5,-157.5,-17.5
219674,-5.25,-22.2,1014.55,122.5,-175.0,-17.5
219704,-5.25,-22.2,1014.55,122.5,-175.0,-17.5
219733,-5.12,-22.2,1014.55,122.5,-192.5,-17.5
219763,-5.12,-22.2,1014.55,140.0,-175.0,-35.0
219792,-5.25,-22.2,1014.55,122.5,-175.0,-35.0
219822,-5.25,-22.2,1014.67,105.0,-175.0,-35.0
219851,-5.12,-22.2,1014.67,122.5,-175.0,-17.5
219880,-5.12,-22.2,1014.67,122.5,-175.0,-35.0
219909,-5.12,-22.2,1014.67,122.5,-192.5,-35.0
219938,-5.12,-22.2,1014.67,122.5,-175.0,-17.5
219967,-5.12,-22.2,1014.67,105.0,-175.0,-17.5
219996,-5.12,-22.2,1014.8,122.5,-192.5,-35.0
220025,-5.12,-22.2,1014.67,122.5,-175.0,-17.5
220054,-5.12,-22.2,1014.67,122.5,-175.0,-17.5
220084,-5.12,-22.2,1014.67,122.5,-175.0,-35.0
220113,-5.12,-22.2,1014.67,122.5,-175.0,-17.5
220143,-5.12,-22.2,1014.67,140.0,-175.0,-17.5
220172,-5.12,-22.2,1014.67,122.5,-175.0,-17.5
220202,-5.12,-22.2,1014.67,122.5,-175.0,-17.5
220231,-5.12,-22.2,1014.8,122.5,-175.0,-17.5
220261,-5.12,-22.2,1014.8,105.0,-175.0,-35.0
220290,-5.12,-22.2,1014.8,122.5,-175.0,-35.0
220320,-5.12,-22.2,1014.67,105.0,-175.0,-35.0
220349,-5.12,-22.2,1014.8,122.5,-175.0,-35.0
220379,-5.12,-22.2,1014.8,122.5,-192.5,-35.0
220408,-5.12,-22.2,1014.67,122.5,-175.0,-35.0
220437,-5.12,-22.2,1014.8,105.0,-175.0,-17.5
220466,-5.12,-22.2,1014.8,140.0,-175.0,-17.5
220495,-5.12,-22.2,1014.8,140.0,-192.5,-35.0
220524,-5.12,-22.2,1014.8,122.5,-175.0,0.0
220553,-5.12,-22.2,1014.8,122.5,-175.0,-17.5
220583,-5.12,-22.2,1014.8,105.0,-175.0,-17.5
220612,-5.12,-22.2,1014.92,105.0,-175.0,-17.5
220642,-5.12,-22.2,1014.92,122.5,-192.5,-35.0
220671,-5.12,-22.2,1014.92,122.5,-192.5,-35.0
220701,-5.25,-22.2,1014.92,122.5,-175.0,-35.0
220730,-5.25,-22.33,1014.92,140.0,-175.0,-17.5
220760,-5.12,-22.33,1015.04,122.5,-175.0,-35.0
220789,-5.12,-22.33,1015.04,122.5,-192.5,-35.0
220819,-5.25,-22.33,1015.04,122.5,-175.0,-35.0
220848,-5.12,-22.33,1014.92,122.5,-175.0,-35.0
220878,-5.12,-22.33,1014.92,122.5,-192.5,-17.5
220907,-5.12,-22.33,1014.92,122.5,-175.0,-17.5
220936,-5.12,-22.33,1014.92,140.0,-175.0,-35.0
220965,-5.25,-22.45,1014.92,122.5,-175.0,-35.0
220994,-5.25,-22.45,1014.8,122.5,-157.5,-52.5
221023,-5.25,-22.45,1014.8,105.0,-175.0,-35.0
221052,-5.25,-22.45,1014.8,105.0,-175.0,-17.5
221081,-5.25,-22.45,1014.8,105.0,-192.5,-35.0
221110,-5.12,-22.45,1014.8,105.0,-192.5,-17.5
221140,-5.25,-22.45,1014.8,105.0,-157.5,-35.0
221169,-5.25,-22.33,1014.8,122.5,-175.0,-17.5
221199,-5.25,-22.33,1014.8,122.5,-192.5,-35.0
221228,-5.25,-22.33,1014.92,105.0,-175.0,-35.0
221258,-5.25,-22.33,1014.92,140.0,-192.5,-35.0
221287,-5.25,-22.33,1014.92,105.0,-175.0,-17.5
221317,-5.25,-22.33,1015.04,122.5,-175.0,-35.0
221346,-5.25,-22.33,1015.04,122.5,-192.5,-35.0
221376,-5.25,-22.2,1015.04,122.5,-175.0,-35.0
221405,-5.25,-22.2,1015.04,122.5,-175.0,-35.0
221434,-5.25,-22.2,1015.04,105.0,-175.0,-35.0
221463,-5.25,-22.2,1014.92,140.0,-175.0,-17.5
221492,-5.25,-22.2,1014.92,122.5,-175.0,-17.5
221521,-5.25,-22.33,1014.92,122.5,-175.0,-35.0
221550,-5.12,-22.33,1015.04,105.0,-175.0,-35.0
221579,-5.25,-22.33,1014.92,105.0,-192.5,-35.0
221608,-5.12,-22.2,1015.04,105.0,-175.0,-17.5
221638,-5.25,-22.33,1015.04,122.5,-175.0,-17.5
221667,-5.25,-22.33,1014.92,105.0,-157.5,-35.0
221697,-5.25,-22.33,1015.04,122.5,-175.0,-52.5
221726,-5.12,-22.33,1014.92,122.5,-192.5,-17.5
221756,-5.12,-22.2,1014.92,122.5,-175.0,-17.5
221785,-5.12,-22.2,1014.92,122.5,-175.0,-17.5
221815,-5.25,-22.33,1014.92,122.5,-175.0,-17.5
221844,-5.12,-22.2,1014.92,105.0,-157.5,-35.0
221874,-5.12,-22.2,1014.92,122.5,-175.0,-35.0
221903,-5.25,-22.33,1014.92,105.0,-175.0,-35.0
221932,-5.25,-22.33,1014.92,105.0,-175.0,-17.5
221961,-5.12,-22.2,1014.92,105.0,-175.0,-17.5
221990,-5.25,-22.2,1014.92,122.5,-192.5,-35.0
222019,-5.12,-22.2,1015.04,122.5,-175.0,-17.5
222048,-5.12,-22.2,1015.04,122.5,-192.5,-35.0
222077,-5.12,-22.2,1014.92,122.5,-192.5,-17.5
222106,-5.25,-22.2,1015.04,122.5,-175.0,-35.0
222136,-5.25,-22.2,1015.04,122.5,-175.0,-35.0
222165,-5.25,-22.2,1015.04,122.5,-175.0,-35.0
222195,-5.25,-22.2,1015.04,122.5,-175.0,-17.5
222224,-5.12,-22.2,1015.04,122.5,-175.0,-17.5
222254,-5.12,-22.2,1015.04,105.0,-175.0,-35.0
222283,-5.25,-22.2,1015.04,122.5,-175.0,-35.0
222313,-5.25,-22.2,1015.04,105.0,-175.0,-35.0
222342,-5.12,-22.2,1015.04,105.0,-192.5,-35.0
222372,-5.12,-22.2,1015.04,122.5,-175.0,-35.0
222401,-5.25,-22.2,1015.04,122.5,-175.0,-17.5
222430,-5.25,-22.33,1015.04,122.5,-175.0,-35.0
222459,-5.12,-22.2,1015.04,122.5,-192.5,-35.0
222488,-5.12,-22.33,1015.04,122.5,-192.5,-35.0
222517,-5.12,-22.33,1014.92,122.5,-192.5,-17.5
222546,-5.25,-22.33,1014.92,122.5,-192.5,-17.5
222575,-5.12,-22.33,1015.04,122.5,-157.5,-35.0
222604,-5.25,-22.33,1014.92,105.0,-175.0,-17.5
222634,-5.25,-22.33,1015.04,105.0,-192.5,-17.5
222663,-5.12,-22.33,1014.92,105.0,-175.0,-17.5
222693,-5.12,-22.33,1014.92,105.0,-175.0,-35.0
222722,-5.12,-22.2,1014.92,122.5,-175.0,-52.5
222752,-5.12,-22.2,1014.92,122.5,-175.0,-35.0
222781,-5.12,-22.2,1014.92,122.5,-175.0,-35.0
222811,-5.12,-22.2,1014.92,122.5,-175.0,-35.0
222840,-5.12,-22.2,1014.92,105.0,-175.0,-35.0
222870,-5.12,-22.2,1014.92,105.0,-175.0,-17.5
222899,-5.12,-22.2,1014.92,122.5,-192.5,-17.5
222928,-5.12,-22.2,1014.92,105.0,-192.5,-17.5
222957,-5.12,-22.2,1014.92,122.5,-175.0,-17.5
222986,-5.12,-22.2,1014.8,122.5,-175.0,-17.5
223015,-5.12,-22.2,1014.92,122.5,-140.0,-17.5
223044,-5.12,-22.33,1014.92,122.5,-157.5,-17.5
223073,-5.12,-22.33,1014.92,122.5,-157.5,-35.0
223102,-5.12,-22.33,1014.92,105.0,-175.0,-35.0
223132,-5.12,-22.33,1014.92,122.5,-175.0,-35.0
223161,-5.12,-22.33,1014.92,122.5,-175.0,-35.0
223191,-5.12,-22.2,1014.92,122.5,-175.0,-17.5
223220,-5.12,-22.2,1014.92,122.5,-175.0,-35.0
223250,-5.12,-22.2,1014.92,122.5,-175.0,-35.0
223279,-5.12,-22.33,1014.92,122.5,-175.0,-35.0
223309,-5.12,-22.2,1014.92,105.0,-175.0,-17.5
223338,-5.12,-22.2,1014.92,105.0,-192.5,-35.0
223368,-5.12,-22.2,1014.92,87.5,-175.0,-35.0
223397,-5.12,-22.2,1014.8,122.5,-175.0,-35.0
223426,-5.12,-22.2,1014.92,122.5,-175.0,-17.5
223455,-5.12,-22.33,1014.8,122.5,-175.0,-35.0
223484,-5.12,-22.2,1014.8,122.5,-175.0,-35.0
223513,-5.12,-22.2,1014.92,122.5,-157.5,-17.5
223542,-5.12,-22.2,1014.92,122.5,-175.0,-17.5
223571,-5.12,-22.2,1014.92,122.5,-175.0,-35.0
223600,-5.12,-22.2,1015.04,122.5,-175.0,-35.0
223630,-5.12,-22.2,1014.92,122.5,-157.5,-35.0
223659,-5.12,-22.2,1015.04,105.0,-157.5,-35.0
223689,-5.12,-22.2,1015.04,122.5,-175.0,-35.0
223718,-5.12,-22.2,1015.04,105.0,-192.5,-35.0
223748,-5.25,-22.2,1015.04,105.0,-192.5,-17.5
223777,-5.12,-22.2,1015.04,122.5,-175.0,-35.0
223807,-5.12,-22.2,1015.04,140.0,-175.0,-35.0
223836,-5.12,-22.2,1015.16,122.5,-192.5,-35.0
223866,-5.12,-22.2,1015.16,122.5,-192.5,-35.0
223895,-5.12,-22.33,1015.28,122.5,-175.0,-35.0
223924,-5.12,-22.33,1015.28,105.0,-175.0,-35.0
223953,-5.12,-22.33,1015.28,105.0,-175.0,-35.0
223982,-5.12,-22.33,1015.28,122.5,-192.5,-17.5
224011,-5.12,-22.2,1015.28,122.5,-175.0,-17.5
224040,-5.25,-22.2,1015.28,122.5,-192.5,-35.0
224069,-5.25,-22.33,1015.28,122.5,-175.0,-35.0
224098,-5.12,-22.33,1015.28,105.0,-175.0,-17.5
224128,-5.25,-22.33,1015.28,122.5,-192.5,-35.0
224157,-5.12,-22.2,1015.28,122.5,-192.5,-17.5
224187,-5.25,-22.33,1015.28,122.5,-175.0,-35.0
224216,-5.25,-22.33,1015.28,122.5,-192.5,-35.0
224246,-5.25,-22.33,1015.28,122.5,-175.0,-17.5
224275,-5.25,-22.2,1015.28,122.5,-157.5,-17.5
224305,-5.12,-22.2,1015.28,122.5,-175.0,-17.5
224334,-5.25,-22.33,1015.28,105.0,-175.0,-17.5
224364,-5.12,-22.33,1015.16,122.5,-175.0,-35.0
224393,-5.12,-22.33,1015.16,122.5,-175.0,-17.5
224422,-5.12,-22.33,1015.16,105.0,-192.5,-52.5
224451,-5.12,-22.33,1015.16,105.0,-175.0,-52.5
224480,-5.12,-22.33,1015.04,140.0,-175.0,-17.5
224509,-5.12,-22.33,1015.04,122.5,-192.5,-35.0
224538,-5.25,-22.33,1015.04,140.0,-175.0,-35.0
224568,-5.12,-22.33,1014.92,140.0,-192.5,-17.5
224597,-5.25,-22.33,1014.92,105.0,-175.0,-35.0
224627,-5.12,-22.33,1014.92,122.5,-157.5,-35.0
224656,-5.25,-22.33,1014.92,122.5,-157.5,-35.0
224686,-5.25,-22.33,1014.92,140.0,-192.5,-35.0
224715,-5.25,-22.33,1015.04,140.0,-175.0,-35.0
224745,-5.25,-22.33,1015.04,140.0,-175.0,-17.5
224774,-5.25,-22.33,1015.04,140.0,-175.0,-35.0
224804,-5.25,-22.33,1015.04,122.5,-192.5,-17.5
224833,-5.25,-22.33,1015.04,122.5,-175.0,-17.5
224862,-5.25,-22.33,1015.04,122.5,-175.0,-17.5
224891,-5.25,-22.33,1015.04,122.5,-175.0,-35.0
224920,-5.25,-22.33,1015.04,122.5,-175.0,-35.0
224949,-5.12,-22.33,1014.92,140.0,-192.5,-17.5
224978,-5.12,-22.33,1014.92,122.5,-175.0,-35.0
225007,-5.12,-22.33,1014.92,105.0,-157.5,-35.0
225036,-5.25,-22.33,1014.92,105.0,-157.5,-17.5
225066,-5.25,-22.33,1014.92,140.0,-175.0,-35.0
225095,-5.25,-22.33,1014.92,122.5,-175.0,-52.5
225125,-5.25,-22.33,1014.92,122.5,-175.0,-35.0
225154,-5.12,-22.33,1014.92,122.5,-175.0,-35.0
225184,-5.12,-22.33,1014.92,105.0,-192.5,-17.5
225213,-5.12,-22.33,1014.92,122.5,-192.5,-17.5
225243,-5.25,-22.33,1014.92,122.5,-175.0,-35.0
225272,-5.25,-22.33,1014.92,122.5,-175.0,-35.0
225302,-5.12,-22.2,1014.92,105.0,-192.5,-35.0
225331,-5.12,-22.33,1014.92,122.5,-192.5,-17.5
225361,-5.12,-22.33,1015.04,122.5,-192.5,-17.5
225390,-5.12,-22.33,1015.04,122.5,-192.5,-35.0
225419,-5.12,-22.33,1015.04,122.5,-175.0,-17.5
225448,-5.25,-22.33,1015.04,122.5,-192.5,-17.5
225477,-5.12,-22.33,1015.04,105.0,-192.5,-17.5
225506,-5.12,-22.33,1015.04,105.0,-175.0,-35.0
225535,-5.25,-22.33,1015.04,105.0,-157.5,-35.0
225564,-5.25,-22.33,1015.04,105.0,-175.0,-35.0
225593,-5.25,-22.33,1015.16,105.0,-192.5,-35.0
225623,-5.12,-22.33,1015.16,122.5,-175.0,-17.5
225652,-5.25,-22.33,1015.16,105.0,-175.0,-35.0
225682,-5.12,-22.33,1015.16,105.0,-175.0,-17.5
225711,-5.25,-22.33,1015.16,122.5,-157.5,-17.5
225741,-5.25,-22.2,1015.16,122.5,-175.0,-17.5
225770,-5.25,-22.33,1015.28,122.5,-175.0,-35.0
225800,-5.25,-22.33,1015.16,105.0,-157.5,-35.0
225829,-5.25,-22.33,1015.28,122.5,-175.0,-35.0
225859,-5.25,-22.33,1015.28,122.5,-175.0,-35.0
225888,-5.25,-22.33,1015.28,122.5,-175.0,-35.0
225917,-5.25,-22.2,1015.28,122.5,-175.0,-17.5
225946,-5.25,-22.2,1015.28,105.0,-175.0,-35.0
225975,-5.25,-22.2,1015.28,140.0,-157.5,-35.0
226004,-5.25,-22.2,1015.28,122.5,-192.5,-17.5
226033,-5.25,-22.33,1015.28,122.5,-175.0,-35.0
226062,-5.25,-22.2,1015.28,105.0,-175.0,-17.5
226091,-5.25,-22.2,1015.28,105.0,-175.0,-35.0
226121,-5.25,-22.2,1015.41,105.0,-175.0,-35.0
226150,-5.25,-22.2,1015.41,140.0,-175.0,-17.5
226180,-5.25,-22.2,1015.41,140.0,-175.0,-35.0
226209,-5.25,-22.2,1015.53,122.5,-192.5,-35.0
226239,-5.25,-22.2,1015.53,122.5,-175.0,-35.0
226268,-5.25,-22.2,1015.53,140.0,-175.0,-35.0
226298,-5.25,-22.2,1015.53,122.5,-175.0,-17.5
226327,-5.25,-22.2,1015.53,105.0,-175.0,-17.5
226357,-5.25,-22.33,1015.53,122.5,-192.5,-35.0
226386,-5.25,-22.33,1015.53,122.5,-175.0,-17.5
226416,-5.25,-22.33,1015.53,122.5,-175.0,-17.5
226445,-5.25,-22.33,1015.65,122.5,-192.5,-35.0
226474,-5.25,-22.33,1015.65,122.5,-175.0,-35.0
226503,-5.25,-22.33,1015.65,140.0,-175.0,-35.0
226532,-5.25,-22.33,1015.65,122.5,-175.0,-35.0
226561,-5.25,-22.33,1015.65,122.5,-175.0,-17.5
226590,-5.25,-22.33,1015.65,105.0,-175.0,-35.0
226620,-5.25,-22.33,1015.65,122.5,-192.5,-17.5
226649,-5.25,-22.33,1015.65,140.0,-175.0,-35.0
226679,-5.25,-22.33,1015.65,122.5,-175.0,-35.0
226708,-5.25,-22.33,1015.65,140.0,-175.0,-17.5
226738,-5.25,-22.33,1015.53,122.5,-175.0,-35.0
226767,-5.25,-22.33,1015.53,140.0,-175.0,-17.5
226797,-5.25,-22.33,1015.53,105.0,-175.0,-17.5
226826,-5.25,-22.33,1015.41,122.5,-192.5,-17.5
226856,-5.25,-22.33,1015.41,122.5,-175.0,-35.0
226885,-5.25,-22.2,1015.41,122.5,-192.5,-17.5
226915,-5.25,-22.33,1015.41,105.0,-175.0,-17.5
226944,-5.25,-22.33,1015.41,122.5,-175.0,-17.5
226973,-5.25,-22.2,1015.41,122.5,-175.0,-17.5
227002,-5.25,-22.33,1015.41,140.0,-175.0,-35.0
227031,-5.25,-22.33,1015.28,140.0,-175.0,-17.5
227060,-5.25,-22.33,1015.28,122.5,-192.5,-35.0
227089,-5.12,-22.33,1015.41,122.5,-192.5,-35.0
227118,-5.12,-22.33,1015.28,122.5,-175.0,-35.0
227147,-5.12,-22.2,1015.28,105.0,-175.0,-35.0
227177,-5.25,-22.33,1015.41,122.5,-175.0,-35.0
227206,-5.12,-22.2,1015.41,122.5,-175.0,-35.0
227236,-5.25,-22.2,1015.41,140.0,-175.0,-35.0
227265,-5.25,-22.33,1015.41,122.5,-175.0,-17.5
227295,-5.12,-22.2,1015.41,105.0,-175.0,-17.5
227324,-5.25,-22.33,1015.53,122.5,-192.5,-35.0
227354,-5.25,-22.2,1015.53,140.0,-192.5,-52.5
227383,-5.12,-22.33,1015.53,122.5,-175.0,-35.0
227413,-5.25,-22.33,1015.53,105.0,-157.5,-35.0
227442,-5.25,-22.33,1015.53,122.5,-175.0,-35.0
227471,-5.12,-22.2,1015.53,122.5,-175.0,-35.0
227500,-5.25,-22.2,1015.53,105.0,-175.0,-35.0
227529,-5.12,-22.2,1015.53,122.5,-175.0,-35.0
227558,-5.12,-22.2,1015.53,140.0,-175.0,-35.0
227587,-5.12,-22.2,1015.41,122.5,-175.0,-35.0
227616,-5.12,-22.33,1015.41,122.5,-175.0,-17.5
227645,-5.25,-22.33,1015.41,122.5,-175.0,-17.5
227675,-5.12,-22.2,1015.41,122.5,-175.0,-35.0
227704,-5.25,-22.2,1015.28,122.5,-175.0,-35.0
227734,-5.12,-22.33,1015.28,122.5,-175.0,-17.5
227763,-5.12,-22.2,1015.28,122.5,-175.0,-35.0
227793,-5.12,-22.33,1015.28,122.5,-175.0,-35.0
227822,-5.12,-22.33,1015.28,140.0,-192.5,-17.5
227852,-5.12,-22.2,1015.28,105.0,-175.0,-17.5
227881,-5.12,-22.33,1015.28,105.0,-192.5,-17.5
227911,-5.25,-22.33,1015.28,122.5,-175.0,-35.0
227940,-5.12,-22.2,1015.28,122.5,-175.0,-35.0
227970,-5.12,-22.33,1015.28,105.0,-175.0,-35.0
227999,-5.25,-22.33,1015.28,105.0,-157.5,-35.0
228028,-5.12,-22.33,1015.28,105.0,-192.5,-17.5
228057,-5.12,-22.33,1015.28,122.5,-175.0,-35.0
228086,-5.12,-22.2,1015.28,105.0,-175.0,-17.5
228115,-5.12,-22.2,1015.28,105.0,-175.0,-35.0
228144,-5.12,-22.33,1015.28,122.5,-175.0,-17.5
228173,-5.12,-22.33,1015.28,122.5,-192.5,-35.0
228202,-5.12,-22.2,1015.41,122.5,-175.0,-35.0
228232,-5.12,-22.2,1015.41,105.0,-175.0,-35.0
228261,-5.12,-22.33,1015.41,122.5,-175.0,-17.5
228291,-5.12,-22.2,1015.53,140.0,-175.0,-35.0
228320,-5.12,-22.33,1015.41,122.5,-157.5,-35.0
228350,-5.12,-22.2,1015.53,122.5,-157.5,-17.5
228379,-5.12,-22.33,1015.53,122.5,-175.0,-35.0
228409,-5.12,-22.2,1015.53,105.0,-175.0,-35.0
228438,-5.12,-22.2,1015.53,140.0,-157.5,-35.0
228468,-5.12,-22.33,1015.53,122.5,-175.0,-35.0
228497,-5.12,-22.2,1015.53,105.0,-175.0,-35.0
228527,-5.12,-22.2,1015.53,105.0,-175.0,-35.0
228556,-5.12,-22.2,1015.65,122.5,-192.5,-35.0
228585,-5.12,-22.2,1015.65,122.5,-192.5,-17.5
228614,-5.12,-22.2,1015.65,122.5,-175.0,-17.5
228643,-5.25,-22.2,1015.65,122.5,-175.0,-35.0
228672,-5.25,-22.2,1015.65,122.5,-192.5,-35.0
228701,-5.25,-22.33,1015.65,105.0,-175.0,-35.0
228730,-5.25,-22.2,1015.65,122.5,-175.0,-17.5
228759,-5.12,-22.2,1015.65,122.5,-175.0,-17.5
228789,-5.12,-22.2,1015.65,122.5,-175.0,-35.0
228818,-5.12,-22.2,1015.65,122.5,-175.0,-35.0
228848,-5.25,-22.2,1015.65,122.5,-175.0,-35.0
228877,-5.25,-22.2,1015.65,140.0,-157.5,-17.5
228907,-5.12,-22.33,1015.65,122.5,-175.0,-35.0
228936,-5.12,-22.33,1015.65,140.0,-175.0,-35.0
228966,-5.12,-22.2,1015.77,140.0,-175.0,-17.5
228995,-5.12,-22.33,1015.77,122.5,-175.0,-17.5
229025,-5.25,-22.33,1015.77,105.0,-175.0,-35.0
229054,-5.25,-22.33,1015.77,105.0,-157.5,-35.0
229083,-5.25,-22.2,1015.77,122.5,-175.0,-35.0
229112,-5.25,-22.2,1015.77,105.0,-192.5,-35.0
229141,-5.25,-22.2,1015.77,122.5,-175.0,-35.0
229170,-5.25,-22.2,1015.77,122.5,-192.5,-35.0
229199,-5.25,-22.2,1015.77,105.0,-192.5,-17.5
229228,-5.25,-22.2,1015.77,122.5,-175.0,-35.0
229257,-5.25,-22.2,1015.77,122.5,-175.0,-35.0
229287,-5.25,-22.2,1015.77,105.0,-175.0,-17.5
229316,-5.25,-22.2,1015.77,105.0,-175.0,-35.0
229346,-5.25,-22.2,1015.77,105.0,-175.0,-35.0
229375,-5.25,-22.2,1015.77,122.5,-175.0,-35.0
229405,-5.12,-22.2,1015.77,122.5,-175.0,-35.0
229434,-5.25,-22.2,1015.77,105.0,-192.5,-17.5
229464,-5.25,-22.2,1015.77,122.5,-175.0,-35.0
229493,-5.25,-22.2,1015.77,122.5,-175.0,-35.0
229523,-5.25,-22.2,1015.77,140.0,-175.0,-35.0
229552,-5.25,-22.2,1015.77,140.0,-175.0,-35.0
229582,-5.12,-22.2,1015.77,122.5,-175.0,-17.5
229611,-5.25,-22.2,1015.77,122.5,-175.0,-17.5
229640,-5.12,-22.2,1015.77,122.5,-157.5,-35.0
229669,-5.25,-22.2,1015.77,105.0,-175.0,-35.0
229698,-5.12,-22.2,1015.77,122.5,-157.5,-17.5
229727,-5.25,-22.2,1015.77,122.5,-157.5,-17.5
229756,-5.25,-22.2,1015.77,122.5,-157.5,-35.0
229785,-5.12,-22.2,1015.77,122.5,-175.0,-35.0
229814,-5.25,-22.2,1015.77,105.0,-175.0,-35.0
229844,-5.25,-22.2,1015.77,122.5,-157.5,-17.5
229873,-5.25,-22.2,1015.77,122.5,-175.0,-35.0
229903,-5.25,-22.2,1015.89,122.5,-192.5,-35.0
229932,-5.25,-22.2,1015.77,122.5,-192.5,-35.0
229962,-5.25,-22.2,1015.77,122.5,-192.5,-35.0
229991,-5.25,-22.33,1015.77,122.5,-175.0,-35.0
230021,-5.25,-22.33,1015.89,105.0,-175.0,-35.0
230050,-5.25,-22.33,1015.89,122.5,-175.0,-35.0
230080,-5.25,-22.2,1015.89,105.0,-175.0,-17.5
230109,-5.25,-22.33,1015.89,122.5,-175.0,-35.0
230138,-5.25,-22.33,1015.89,122.5,-175.0,-35.0
230167,-5.25,-22.2,1015.89,105.0,-192.5,-35.0
230196,-5.25,-22.33,1015.89,105.0,-192.5,-35.0
230225,-5.25,-22.33,1015.89,122.5,-192.5,-35.0
230254,-5.25,-22.2,1015.89,122.5,-175.0,-35.0
230283,-5.25,-22.33,1015.89,122.5,-175.0,-35.0
230312,-5.25,-22.33,1015.89,122.5,-175.0,-35.0
230342,-5.25,-22.2,1015.89,140.0,-175.0,-35.0
230371,-5.25,-22.33,1015.89,140.0,-157.5,-17.5
230401,-5.25,-22.33,1015.89,122.5,-175.0,-17.5
230430,-5.25,-22.33,1015.89,140.0,-175.0,-17.5
230460,-5.37,-22.2,1015.89,140.0,-175.0,-35.0
230489,-5.37,-22.33,1016.02,122.5,-175.0,-17.5
230519,-5.37,-22.33,1016.02,122.5,-175.0,-17.5
230548,-5.25,-22.33,1016.02,87.5,-175.0,-35.0
230578,-5.25,-22.33,1015.89,122.5,-175.0,-35.0
230607,-5.25,-22.2,1015.89,122.5,-175.0,-17.5
230636,-5.25,-22.33,1015.89,105.0,-192.5,-35.0
230665,-5.25,-22.2,1015.89,122.5,-175.0,-17.5
230694,-5.25,-22.2,1015.89,105.0,-175.0,-17.5
230723,-5.25,-22.33,1015.89,122.5,-192.5,-35.0
230752,-5.25,-22.33,1015.89,140.0,-175.0,-17.5
230781,-5.25,-22.33,1015.89,122.5,-175.0,-35.0
230810,-5.25,-22.33,1015.89,122.5,-175.0,-17.5
230840,-5.37,-22.33,1015.89,122.5,-175.0,-17.5
230869,-5.37,-22.33,1015.89,122.5,-192.5,-17.5
230899,-5.37,-22.33,1015.89,122.5,-192.5,-17.5
230928,-5.25,-22.33,1015.89,122.5,-192.5,-17.5
230958,-5.25,-22.33,1015.89,140.0,-175.0,-17.5
230987,-5.25,-22.33,1015.89,122.5,-157.5,-17.5
231017,-5.37,-22.33,1015.89,140.0,-175.0,-35.0
231046,-5.25,-22.33,1015.89,122.5,-175.0,-35.0
231076,-5.37,-22.33,1015.89,122.5,-175.0,-52.5
231105,-5.37,-22.33,1015.89,140.0,-192.5,-35.0
231134,-5.37,-22.33,1015.89,140.0,-175.0,-35.0
231163,-5.25,-22.33,1015.89,140.0,-175.0,-35.0
231192,-5.37,-22.33,1015.89,122.5,-192.5,-17.5
231221,-5.37,-22.33,1015.77,122.5,-175.0,-35.0
231250,-5.37,-22.33,1015.77,105.0,-192.5,-17.5
231279,-5.37,-22.2,1015.77,105.0,-175.0,-17.5
231308,-5.37,-22.33,1015.77,122.5,-175.0,-17.5
231338,-5.37,-22.33,1015.77,122.5,-175.0,-35.0
231367,-5.37,-22.2,1015.77,105.0,-157.5,-35.0
231397,-5.37,-22.2,1015.77,122.5,-175.0,-35.0
231426,-5.37,-22.2,1015.77,105.0,-175.0,-35.0
231456,-5.25,-22.33,1015.77,122.5,-192.5,-52.5
231485,-5.25,-22.33,1015.77,105.0,-175.0,-35.0
231515,-5.25,-22.2,1015.77,122.5,-175.0,-17.5
231544,-5.37,-22.33,1015.77,140.0,-175.0,-35.0
231573,-5.25,-22.2,1015.77,105.0,-175.0,-35.0
231602,-5.25,-22.33,1015.77,105.0,-175.0,-17.5
231631,-5.25,-22.33,1015.77,105.0,-175.0,-35.0
231660,-5.25,-22.33,1015.77,122.5,-175.0,-35.0
231689,-5.25,-22.2,1015.77,140.0,-192.5,-35.0
231718,-5.25,-22.2,1015.77,122.5,-175.0,-35.0
231747,-5.25,-22.2,1015.77,122.5,-192.5,-35.0
231777,-5.25,-22.2,1015.77,122.5,-192.5,-35.0
231806,-5.25,-22.2,1015.77,122.5,-175.0,-35.0
231836,-5.25,-22.2,1015.77,122.5,-192.5,-17.5
231865,-5.25,-22.2,1015.77,122.5,-192.5,-35.0
231895,-5.25,-22.2,1015.77,122.5,-192.5,-17.5
231924,-5.25,-22.2,1015.77,140.0,-175.0,-35.0
231954,-5.25,-22.2,1015.77,122.5,-175.0,-35.0
231983,-5.25,-22.2,1015.77,122.5,-175.0,-17.5
232013,-5.25,-22.2,1015.77,122.5,-175.0,-35.0
232042,-5.25,-22.2,1015.77,122.5,-175.0,-35.0
232072,-5.25,-22.2,1015.77,122.5,-175.0,-35.0
232101,-5.25,-22.2,1015.77,140.0,-192.5,-35.0
232130,-5.25,-22.2,1015.65,122.5,-175.0,-35.0
232159,-5.25,-22.2,1015.77,122.5,-192.5,-35.0
232188,-5.25,-22.33,1015.65,122.5,-175.0,-35.0
232217,-5.37,-22.2,1015.65,122.5,-192.5,-35.0
232246,-5.37,-22.2,1015.77,122.5,-157.5,-17.5
232275,-5.37,-22.2,1015.65,122.5,-175.0,-17.5
232304,-5.37,-22.2,1015.77,122.5,-192.5,-17.5
232334,-5.37,-22.2,1015.77,122.5,-192.5,-35.0
232363,-5.37,-22.2,1015.77,122.5,-192.5,-17.5
232393,-5.25,-22.2,1015.65,122.5,-175.0,-17.5
232422,-5.37,-22.2,1015.77,105.0,-175.0,-17.5
232452,-5.37,-22.33,1015.65,140.0,-175.0,-17.5
232481,-5.37,-22.33,1015.65,157.5,-175.0,-17.5
232511,-5.37,-22.2,1015.53,140.0,-175.0,-35.0
232540,-5.37,-22.2,1015.53,105.0,-175.0,-35.0
232570,-5.25,-22.2,1015.53,105.0,-175.0,-35.0
232599,-5.37,-22.33,1015.53,122.5,-192.5,-35.0
232628,-5.37,-22.2,1015.53,122.5,-192.5,-35.0
232657,-5.37,-22.2,1015.53,122.5,-192.5,-35.0
232686,-5.37,-22.2,1015.53,105.0,-192.5,-17.5
232715,-5.37,-22.2,1015.53,122.5,-157.5,-35.0
232744,-5.37,-22.2,1015.53,105.0,-192.5,-35.0
232773,-5.37,-22.2,1015.41,105.0,-175.0,-35.0
232802,-5.37,-22.33,1015.41,122.5,-175.0,-35.0
232832,-5.37,-22.33,1015.41,122.5,-157.5,-35.0
232861,-5.37,-22.33,1015.28,122.5,-157.5,-35.0
232891,-5.37,-22.33,1015.28,105.0,-175.0,-17.5
232920,-5.37,-22.33,1015.28,122.5,-175.0,-35.0
232950,-5.37,-22.33,1015.28,105.0,-175.0,-35.0
232979,-5.37,-22.33,1015.28,122.5,-175.0,-35.0
233009,-5.37,-22.33,1015.16,122.5,-175.0,-17.5
233038,-5.37,-22.33,1015.16,140.0,-175.0,-35.0
233068,-5.37,-22.33,1015.28,122.5,-175.0,-35.0
233097,-5.37,-22.33,1015.28,105.0,-175.0,-35.0
233127,-5.37,-22.2,1015.16,122.5,-175.0,-35.0
233156,-5.37,-22.33,1015.16,122.5,-157.5,-35.0
233185,-5.25,-22.2,1015.16,122.5,-157.5,-35.0
233214,-5.25,-22.2,1015.16,105.0,-175.0,-35.0
233243,-5.25,-22.33,1015.28,105.0,-157.5,-35.0
233272,-5.25,-22.2,1015.16,122.5,-175.0,-35.0
233301,-5.25,-22.2,1015.16,122.5,-175.0,-17.5
233330,-5.25,-22.33,1015.16,122.5,-175.0,-35.0
233359,-5.25,-22.33,1015.16,105.0,-175.0,-35.0
233389,-5.25,-22.2,1015.04,105.0,-175.0,-35.0
233418,-5.25,-22.33,1015.04,122.5,-175.0,-17.5
233448,-5.25,-22.33,1015.04,122.5,-175.0,-17.5
233477,-5.12,-22.33,1014.92,122.5,-175.0,-35.0
233507,-5.12,-22.2,1014.92,122.5,-175.0,-35.0
233536,-5.25,-22.33,1014.92,122.5,-175.0,-35.0
233566,-5.12,-22.33,1014.92,140.0,-175.0,-35.0
233595,-5.12,-22.33,1014.92,122.5,-175.0,-35.0
233625,-5.25,-22.33,1014.92,122.5,-175.0,-35.0
233654,-5.25,-22.33,1014.8,105.0,-175.0,-17.5
233683,-5.25,-22.33,1014.8,122.5,-192.5,-17.5
233712,-5.12,-22.33,1014.8,140.0,-175.0,-17.5
233741,-5.12,-22.33,1014.8,105.0,-192.5,-17.5
233770,-5.25,-22.33,1014.8,122.5,-192.5,-35.0
233799,-5.12,-22.33,1014.8,122.5,-192.5,-17.5
233828,-5.25,-22.33,1014.67,122.5,-157.5,-17.5
233857,-5.25,-22.33,1014.67,122.5,-157.5,-35.0
233887,-5.25,-22.33,1014.67,122.5,-175.0,-17.5
233916,-5.25,-22.33,1014.67,122.5,-175.0,-17.5
233946,-5.25,-22.33,1014.8,140.0,-175.0,-35.0
233975,-5.25,-22.33,1014.8,122.5,-175.0,-35.0
234005,-5.25,-22.33,1014.8,140.0,-192.5,-35.0
234034,-5.25,-22.33,1014.8,122.5,-175.0,-35.0
234064,-5.25,-22.33,1014.8,105.0,-175.0,-17.5
234093,-5.25,-22.2,1014.8,105.0,-192.5,-35.0
234123,-5.25,-22.2,1014.8,122.5,-192.5,-35.0
234152,-5.25,-22.2,1014.8,122.5,-192.5,-17.5
234182,-5.25,-22.33,1014.8,105.0,-175.0,-35.0
234211,-5.25,-22.33,1014.8,122.5,-175.0,-35.0
234240,-5.25,-22.33,1014.8,122.5,-175.0,-35.0
234269,-5.25,-22.33,1014.8,122.5,-175.0,-35.0
234298,-5.25,-22.45,1014.8,105.0,-175.0,-35.0
234327,-5.25,-22.45,1014.8,122.5,-175.0,-35.0
234356,-5.25,-22.45,1014.8,140.0,-192.5,-17.5
234385,-5.25,-22.45,1014.8,122.5,-175.0,-35.0
234414,-5.25,-22.33,1014.8,122.5,-175.0,-35.0
234444,-5.25,-22.33,1014.8,105.0,-175.0,-35.0
234473,-5.25,-22.33,1014.8,122.5,-192.5,-35.0
234503,-5.12,-22.33,1014.8,87.5,-192.5,-35.0
234532,-5.25,-22.33,1014.8,140.0,-157.5,-35.0
234562,-5.25,-22.33,1014.8,140.0,-175.0,-17.5
234591,-5.25,-22.33,1014.8,122.5,-192.5,-17.5
234621,-5.12,-22.33,1014.8,140.0,-192.5,-17.5
234650,-5.12,-22.33,1014.92,122.5,-175.0,-35.0
234680,-5.12,-22.33,1014.8,122.5,-175.0,-35.0
234709,-5.12,-22.33,1014.92,105.0,-175.0,-35.0
234738,-5.12,-22.33,1014.92,105.0,-192.5,-35.0
234767,-5.12,-22.2,1014.92,122.5,-175.0,-35.0
234796,-5.12,-22.33,1014.92,122.5,-192.5,-35.0
234825,-5.12,-22.2,1014.92,122.5,-175.0,-17.5
234854,-5.12,-22.33,1014.92,140.0,-192.5,-35.0
234883,-5.12,-22.2,1014.92,122.5,-175.0,-35.0
234912,-5.12,-22.2,1014.92,105.0,-175.0,-35.0
234942,-5.12,-22.2,1014.92,122.5,-175.0,-17.5
234971,-5.12,-22.2,1014.92,122.5,-175.0,-35.0
235001,-5.12,-22.2,1014.92,122.5,-157.5,-35.0
235030,-5.12,-22.2,1014.92,122.5,-175.0,-35.0
235060,-5.12,-22.2,1015.04,122.5,-175.0,-35.0
235089,-5.12,-22.2,1015.04,122.5,-175.0,-52.5
235119,-5.25,-22.2,1014.92,122.5,-175.0,-35.0
235148,-5.25,-22.33,1014.92,122.5,-192.5,-35.0
235178,-5.25,-22.33,1014.92,122.5,-175.0,-35.0
235207,-5.25,-22.33,1014.92,105.0,-175.0,-17.5
235237,-5.25,-22.2,1014.92,122.5,-175.0,-35.0
235266,-5.25,-22.2,1014.92,105.0,-192.5,-52.5
235296,-5.25,-22.33,1014.92,105.0,-175.0,-35.0
235325,-5.25,-22.33,1014.92,105.0,-157.5,-35.0
235354,-5.25,-22.33,1014.92,122.5,-140.0,-35.0
235383,-5.25,-22.2,1014.8,122.5,-175.0,-35.0
235412,-5.25,-22.2,1014.92,122.5,-192.5,-17.5
235441,-5.25,-22.2,1014.92,122.5,-175.0,-35.0
235470,-5.25,-22.33,1014.92,122.5,-175.0,-35.0
235499,-5.25,-22.33,1015.04,122.5,-175.0,-17.5
235528,-5.12,-22.2,1015.04,122.5,-175.0,-17.5
235558,-5.25,-22.2,1015.04,122.5,-175.0,-35.0
235587,-5.25,-22.2,1015.04,122.5,-175.0,-35.0
235617,-5.12,-22.2,1015.04,122.5,-192.5,-35.0
235646,-5.25,-22.2,1015.04,140.0,-175.0,-35.0
235676,-5.25,-22.2,1015.04,140.0,-175.0,-35.0
235705,-5.25,-22.2,1015.16,122.5,-175.0,-17.5
235735,-5.12,-22.2,1015.16,140.0,-175.0,-17.5
235764,-5.25,-22.2,1015.16,122.5,-175.0,-35.0
235794,-5.25,-22.2,1015.16,122.5,-192.5,-35.0
235823,-5.12,-22.2,1015.28,122.5,-157.5,-52.5
235853,-5.25,-22.2,1015.28,105.0,-175.0,-35.0
235882,-5.25,-22.2,1015.28,105.0,-192.5,-35.0
235911,-5.12,-22.2,1015.28,105.0,-175.0,-17.5
235940,-5.25,-22.2,1015.28,122.5,-157.5,-17.5
235969,-5.25,-22.2,1015.28,122.5,-175.0,-35.0
235998,-5.25,-22.2,1015.28,140.0,-175.0,-35.0
236027,-5.25,-22.2,1015.28,105.0,-175.0,-35.0
236056,-5.25,-22.2,1015.41,140.0,-175.0,-35.0
236085,-5.12,-22.2,1015.41,122.5,-175.0,-35.0
236115,-5.12,-22.2,1015.41,105.0,-175.0,-35.0
236144,-5.25,-22.2,1015.53,105.0,-175.0,-17.5
236174,-5.25,-22.2,1015.53,122.5,-192.5,-35.0
236203,-5.12,-22.2,1015.53,122.5,-157.5,-35.0
236233,-5.25,-22.2,1015.53,122.5,-175.0,-17.5
236262,-5.25,-22.2,1015.53,105.0,-175.0,-35.0
236292,-5.25,-22.2,1015.53,140.0,-192.5,-35.0
236321,-5.25,-22.2,1015.53,105.0,-175.0,-35.0
236351,-5.25,-22.2,1015.53,122.5,-175.0,-17.5
236380,-5.25,-22.2,1015.53,122.5,-157.5,-35.0
236410,-5.25,-22.2,1015.53,105.0,-175.0,-35.0
236439,-5.25,-22.2,1015.53,105.0,-192.5,-35.0
236468,-5.25,-22.2,1015.53,122.5,-192.5,-35.0
236497,-5.25,-22.2,1015.53,122.5,-192.5,-35.0
236526,-5.25,-22.2,1015.53,122.5,-175.0,-17.5
236555,-5.25,-22.2,1015.53,140.0,-175.0,-17.5
236584,-5.25,-22.2,1015.65,122.5,-192.5,-35.0
236613,-5.25,-22.2,1015.53,140.0,-192.5,-35.0
236642,-5.25,-22.2,1015.53,140.0,-192.5,-35.0
236672,-5.25,-22.2,1015.53,122.5,-175.0,-35.0
236701,-5.25,-22.2,1015.53,105.0,-175.0,-35.0
236731,-5.25,-22.2,1015.53,105.0,-175.0,-17.5
236760,-5.12,-22.2,1015.53,122.5,-175.0,-35.0
236790,-5.25,-22.2,1015.53,140.0,-192.5,-35.0
236819,-5.25,-22.2,1015.53,122.5,-175.0,-35.0
236849,-5.12,-22.2,1015.41,122.5,-175.0,-17.5
236878,-5.12,-22.2,1015.53,122.5,-175.0,-17.5
236908,-5.25,-22.2,1015.41,122.5,-192.5,-17.5
236937,-5.25,-22.2,1015.41,122.5,-175.0,-17.5
236967,-5.25,-22.2,1015.41,122.5,-157.5,-17.5
236996,-5.25,-22.2,1015.41,105.0,-175.0,-35.0
237025,-5.25,-22.2,1015.41,122.5,-175.0,-35.0
237054,-5.25,-22.2,1015.41,140.0,-175.0,-35.0
237083,-5.25,-22.2,1015.41,122.5,-175.0,-17.5
237112,-5.25,-22.2,1015.41,122.5,-157.5,-17.5
237141,-5.25,-22.2,1015.41,122.5,-175.0,-17.5
237170,-5.25,-22.2,1015.41,122.5,-175.0,-17.5
237199,-5.12,-22.2,1015.41,122.5,-175.0,-35.0
237229,-5.12,-22.2,1015.41,122.5,-175.0,-35.0
237258,-5.25,-22.2,1015.41,122.5,-157.5,-17.5
237288,-5.12,-22.2,1015.41,122.5,-175.0,-35.0
237317,-5.12,-22.2,1015.41,122.5,-192.5,-35.0
237347,-5.25,-22.2,1015.41,122.5,-175.0,-35.0
237376,-5.12,-22.2,1015.41,140.0,-175.0,-35.0
237406,-5.12,-22.2,1015.41,122.5,-175.0,-35.0
237435,-5.25,-22.33,1015.41,122.5,-175.0,-17.5
237465,-5.12,-22.33,1015.41,105.0,-192.5,-35.0
237494,-5.12,-22.2,1015.41,105.0,-192.5,-35.0
237523,-5.12,-22.2,1015.41,105.0,-175.0,-35.0
237552,-5.12,-22.2,1015.41,122.5,-175.0,-17.5
237581,-5.25,-22.2,1015.28,122.5,-175.0,-35.0
237610,-5.12,-22.33,1015.28,122.5,-175.0,-35.0
237639,-5.12,-22.2,1015.41,122.5,-175.0,-17.5
237668,-5.12,-22.2,1015.41,122.5,-175.0,-35.0
237697,-5.12,-22.2,1015.41,122.5,-175.0,-35.0
237727,-5.12,-22.2,1015.41,105.0,-157.5,-17.5
237756,-5.25,-22.2,1015.41,122.5,-157.5,-17.5
237786,-5.25,-22.2,1015.41,122.5,-175.0,-35.0
237815,-5.12,-22.2,1015.41,122.5,-157.5,-17.5
237845,-5.12,-22.2,1015.28,122.5,-157.5,-17.5
237874,-5.12,-22.2,1015.28,122.5,-175.0,-35.0
237904,-5.25,-22.2,1015.41,122.5,-192.5,-35.0
237933,-5.25,-22.2,1015.41,105.0,-175.0,-52.5
237963,-5.12,-22.2,1015.41,140.0,-192.5,-35.0
237992,-5.12,-22.2,1015.41,105.0,-175.0,-35.0
238021,-5.25,-22.2,1015.41,105.0,-175.0,-17.5
238050,-5.12,-22.2,1015.41,122.5,-192.5,-35.0
238079,-5.25,-22.2,1015.28,122.5,-192.5,-17.5
238108,-5.25,-22.2,1015.28,105.0,-175.0,-17.5
238137,-5.25,-22.2,1015.28,122.5,-192.5,-17.5
238166,-5.25,-22.2,1015.28,140.0,-157.5,-35.0
238195,-5.25,-22.2,1015.28,140.0,-175.0,-35.0
238225,-5.25,-22.33,1015.28,140.0,-175.0,-17.5
238254,-5.25,-22.2,1015.28,122.5,-175.0,-35.0
238284,-5.25,-22.2,1015.28,122.5,-192.5,-17.5
238313,-5.25,-22.2,1015.28,122.5,-175.0,-17.5
238343,-5.12,-22.2,1015.28,122.5,-175.0,-17.5
238372,-5.12,-22.2,1015.28,140.0,-192.5,-35.0
238402,-5.25,-22.2,1015.28,122.5,-175.0,-17.5
238431,-5.12,-22.2,1015.28,122.5,-175.0,-17.5
238461,-5.12,-22.2,1015.28,122.5,-192.5,-35.0
238490,-5.12,-22.2,1015.28,122.5,-192.5,-17.5
238519,-5.25,-22.2,1015.28,122.5,-157.5,-35.0
238548,-5.12,-22.2,1015.28,122.5,-175.0,-17.5
238577,-5.12,-22.2,1015.28,122.5,-175.0,-17.5
238606,-5.12,-22.2,1015.28,140.0,-157.5,-35.0
238635,-5.12,-22.2,1015.28,140.0,-157.5,-17.5
238664,-5.25,-22.2,1015.28,122.5,-157.5,-17.5
238693,-5.25,-22.2,1015.28,105.0,-175.0,-17.5
238723,-5.25,-22.2,1015.28,122.5,-175.0,-17.5
238752,-5.12,-22.2,1015.28,122.5,-175.0,-35.0
238782,-5.12,-22.2,1015.28,122.5,-175.0,-35.0
238811,-5.12,-22.2,1015.28,122.5,-175.0,-35.0
238841,-5.12,-22.2,1015.28,122.5,-175.0,-17.5
238870,-5.12,-22.2,1015.28,122.5,-175.0,-17.5
238900,-5.25,-22.2,1015.28,122.5,-175.0,-35.0
238929,-5.25,-22.2,1015.28,140.0,-192.5,-52.5
238959,-5.12,-22.2,1015.28,122.5,-192.5,-35.0
238988,-5.12,-22.2,1015.28,140.0,-192.5,-35.0
239018,-5.25,-22.2,1015.28,122.5,-192.5,-35.0
239047,-5.25,-22.2,1015.28,122.5,-192.5,-35.0
239076,-5.25,-22.2,1015.28,122.5,-175.0,-35.0
239105,-5.25,-22.2,1015.28,122.5,-175.0,-35.0
239134,-5.25,-22.2,1015.28,122.5,-192.5,-17.5
239163,-5.25,-22.2,1015.28,122.5,-192.5,-35.0
239192,-5.25,-22.2,1015.28,105.0,-175.0,-17.5
239222,-5.25,-22.2,1015.28,122.5,-175.0,-35.0
239251,-5.25,-22.2,1015.28,122.5,-175.0,-17.5
239281,-5.25,-22.2,1015.28,105.0,-175.0,-35.0
239310,-5.25,-22.2,1015.28,122.5,-175.0,-17.5
239340,-5.25,-22.2,1015.28,105.0,-175.0,-17.5
239369,-5.25,-22.2,1015.28,122.5,-157.5,-35.0
239399,-5.25,-22.2,1015.28,122.5,-157.5,-17.5
239428,-5.25,-22.2,1015.28,122.5,-175.0,-17.5
239458,-5.25,-22.2,1015.28,140.0,-192.5,-35.0
239487,-5.25,-22.2,1015.28,140.0,-175.0,-17.5
239517,-5.25,-22.2,1015.28,122.5,-175.0,-35.0
239546,-5.37,-22.2,1015.28,122.5,-175.0,-35.0
239575,-5.25,-22.2,1015.28,105.0,-175.0,-35.0
239604,-5.25,-22.2,1015.28,122.5,-192.5,-35.0
239633,-5.25,-22.33,1015.28,122.5,-175.0,-17.5
239662,-5.25,-22.2,1015.28,140.0,-192.5,-35.0
239691,-5.25,-22.33,1015.16,122.5,-175.0,-17.5
239720,-5.25,-22.33,1015.16,122.5,-157.5,-35.0
239749,-5.25,-22.2,1015.16,122.5,-192.5,-35.0
239779,-5.25,-22.2,1015.28,122.5,-192.5,-35.0
239808,-5.25,-22.33,1015.28,122.5,-192.5,-52.5
239838,-5.25,-22.2,1015.28,140.0,-175.0,-35.0
239867,-5.25,-22.2,1015.28,122.5,-175.0,-35.0
239897,-5.25,-22.2,1015.28,122.5,-175.0,-35.0
239926,-5.25,-22.2,1015.28,140.0,-192.5,-17.5
239956,-5.25,-22.2,1015.28,140.0,-175.0,-17.5
239985,-5.25,-22.2,1015.28,122.5,-175.0,-17.5
240015,-5.25,-22.2,1015.28,122.5,-192.5,-35.0
240044,-5.25,-22.2,1015.28,140.0,-175.0,-52.5
240073,-5.25,-22.33,1015.28,122.5,-175.0,-52.5
240102,-5.25,-22.33,1015.28,105.0,-175.0,-35.0
240131,-5.12,-22.33,1015.28,122.5,-192.5,-35.0
240160,-5.25,-22.33,1015.28,122.5,-175.0,-17.5
240189,-5.25,-22.33,1015.28,140.0,-175.0,-35.0
240218,-5.25,-22.33,1015.28,105.0,-175.0,-35.0
240247,-5.25,-22.2,1015.28,122.5,-157.5,-35.0
240277,-5.25,-22.33,1015.28,122.5,-175.0,-35.0
240306,-5.25,-22.33,1015.28,105.0,-175.0,-35.0
240336,-5.25,-22.2,1015.28,122.5,-157.5,-35.0
240365,-5.25,-22.2,1015.28,122.5,-175.0,-17.5
240395,-5.25,-22.2,1015.28,122.5,-192.5,-35.0
240424,-5.25,-22.33,1015.28,105.0,-175.0,-35.0
240454,-5.25,-22.2,1015.41,122.5,-192.5,-17.5
240483,-5.25,-22.2,1015.41,140.0,-192.5,-35.0
240513,-5.25,-22.33,1015.41,122.5,-175.0,-35.0
240542,-5.25,-22.2,1015.41,105.0,-175.0,-35.0
240571,-5.37,-22.2,1015.28,140.0,-175.0,-35.0
240600,-5.25,-22.2,1015.28,122.5,-175.0,-35.0
240629,-5.25,-22.2,1015.41,122.5,-175.0,-35.0
240658,-5.25,-22.33,1015.41,122.5,-175.0,-17.5
240687,-5.25,-22.33,1015.28,122.5,-175.0,-35.0
240716,-5.25,-22.2,1015.41,122.5,-192.5,-35.0
240745,-5.25,-22.2,1015.41,122.5,-175.0,-35.0
240775,-5.25,-22.2,1015.41,122.5,-192.5,-35.0
240804,-5.12,-22.2,1015.41,140.0,-175.0,-35.0
240834,-5.12,-22.2,1015.41,140.0,-192.5,-17.5
240863,-5.12,-22.2,1015.41,140.0,-157.5,-35.0
240893,-5.12,-22.2,1015.41,122.5,-175.0,-35.0
240922,-5.12,-22.33,1015.41,105.0,-175.0,-35.0
240952,-5.12,-22.2,1015.41,122.5,-175.0,-35.0
240981,-5.12,-22.2,1015.41,140.0,-175.0,-35.0
241011,-5.12,-22.2,1015.41,140.0,-192.5,-35.0
241040,-5.12,-22.2,1015.41,122.5,-175.0,-17.5
241070,-5.12,-22.2,1015.41,122.5,-175.0,-35.0
241099,-5.12,-22.2,1015.41,122.5,-175.0,-35.0
241128,-5.12,-22.2,1015.53,122.5,-175.0,-35.0
241157,-5.12,-22.2,1015.53,105.0,-175.0,-35.0
241186,-5.12,-22.2,1015.41,105.0,-175.0,-35.0
241215,-5.12,-22.2,1015.41,122.5,-175.0,-35.0
241244,-5.12,-22.2,1015.41,122.5,-192.5,-17.5
241273,-5.12,-22.2,1015.41,122.5,-175.0,-17.5
241302,-5.12,-22.2,1015.41,122.5,-192.5,-35.0
241332,-5.12,-22.2,1015.41,122.5,-192.5,-35.0
241361,-5.12,-22.2,1015.41,122.5,-175.0,-17.5
241391,-5.12,-22.2,1015.41,122.5,-157.5,-17.5
241420,-5.12,-22.2,1015.53,105.0,-175.0,-35.0
241450,-5.12,-22.2,1015.53,105.0,-175.0,-17.5
241479,-5.12,-22.2,1015.53,122.5,-175.0,-35.0
241509,-5.12,-22.2,1015.53,140.0,-175.0,-35.0
241538,-5.25,-22.2,1015.53,122.5,-175.0,-17.5
241568,-5.12,-22.2,1015.53,105.0,-157.5,-17.5
241597,-5.12,-22.2,1015.53,140.0,-175.0,-35.0
241627,-5.25,-22.2,1015.65,122.5,-175.0,-35.0
241656,-5.25,-22.2,1015.65,122.5,-175.0,-35.0
241685,-5.12,-22.2,1015.65,122.5,-175.0,-35.0
241714,-5.12,-22.2,1015.65,140.0,-175.0,-35.0
241743,-5.25,-22.2,1015.65,122.5,-192.5,-17.5
241772,-5.12,-22.2,1015.53,122.5,-175.0,-17.5
241801,-5.25,-22.2,1015.65,122.5,-175.0,-17.5
241830,-5.25,-22.2,1015.65,122.5,-175.0,-17.5
241859,-5.12,-22.2,1015.65,122.5,-192.5,-17.5
241889,-5.12,-22.2,1015.53,122.5,-175.0,-17.5
241918,-5.12,-22.2,1015.53,122.5,-175.0,-35.0
241948,-5.12,-22.2,1015.53,122.5,-192.5,-17.5
241977,-5.12,-22.2,1015.53,122.5,-175.0,-35.0
242007,-5.25,-22.2,1015.53,140.0,-210.0,-35.0
242036,-5.12,-22.2,1015.53,122.5,-175.0,-17.5
242066,-5.25,-22.2,1015.53,122.5,-175.0,-35.0
242095,-5.25,-22.2,1015.53,122.5,-175.0,-35.0
242125,-5.25,-22.2,1015.53,122.5,-175.0,-35.0
242154,-5.12,-22.2,1015.53,105.0,-192.5,-17.5
242184,-5.25,-22.2,1015.53,122.5,-175.0,-17.5
242213,-5.12,-22.2,1015.53,122.5,-175.0,-35.0
242242,-5.25,-22.2,1015.53,122.5,-175.0,-17.5
242271,-5.25,-22.2,1015.53,122.5,-175.0,-35.0
242300,-5.25,-22.2,1015.65,122.5,-175.0,-35.0
242329,-5.25,-22.2,1015.65,122.5,-175.0,-35.0
242358,-5.12,-22.2,1015.65,140.0,-192.5,-35.0
242388,-5.12,-22.2,1015.65,122.5,-175.0,-35.0
242417,-5.25,-22.2,1015.65,122.5,-175.0,-17.5
242447,-5.25,-22.2,1015.65,105.0,-175.0,-17.5
242476,-5.12,-22.2,1015.77,105.0,-175.0,-35.0
242506,-5.12,-22.2,1015.77,105.0,-175.0,-35.0
242535,-5.25,-22.2,1015.77,122.5,-192.5,-17.5
242565,-5.12,-22.2,1015.77,105.0,-192.5,-35.0
242594,-5.25,-22.2,1015.77,122.5,-175.0,-35.0
242624,-5.25,-22.2,1015.77,105.0,-175.0,-35.0
242653,-5.25,-22.2,1015.77,122.5,-175.0,-35.0
242683,-5.25,-22.2,1015.77,122.5,-175.0,-35.0
242712,-5.25,-22.2,1015.77,122.5,-175.0,-35.0
242741,-5.25,-22.2,1015.77,140.0,-192.5,-35.0
242770,-5.12,-22.2,1015.77,105.0,-192.5,-35.0
242799,-5.25,-22.2,1015.77,105.0,-175.0,-35.0
242828,-5.25,-22.2,1015.77,105.0,-175.0,-35.0
242857,-5.12,-22.2,1015.77,122.5,-175.0,-17.5
242886,-5.12,-22.2,1015.77,140.0,-175.0,-52.5
242915,-5.12,-22.2,1015.77,140.0,-175.0,-35.0
242945,-5.12,-22.2,1015.89,122.5,-157.5,-17.5
242974,-5.25,-22.2,1015.89,105.0,-175.0,-17.5
243004,-5.12,-22.2,1015.89,122.5,-175.0,-17.5
243033,-5.12,-22.2,1015.89,122.5,-192.5,-17.5
243063,-5.12,-22.2,1015.89,122.5,-175.0,-17.5
243092,-5.12,-22.2,1015.89,122.5,-192.5,-17.5
243122,-5.12,-22.08,1015.89,140.0,-175.0,-17.5
243151,-5.12,-22.08,1015.89,140.0,-175.0,-35.0
243181,-5.12,-22.2,1015.89,122.5,-192.5,-35.0
243210,-5.12,-22.2,1015.89,122.5,-175.0,-17.5
243240,-5.12,-22.08,1015.89,122.5,-175.0,-17.5
243269,-5.12,-22.08,1015.89,122.5,-175.0,-35.0
243298,-5.12,-22.08,1015.89,122.5,-192.5,-35.0
243327,-5.12,-22.2,1015.89,122.5,-175.0,-35.0
243356,-5.12,-22.08,1015.89,122.5,-175.0,-35.0
243385,-5.12,-22.08,1015.89,122.5,-175.0,-35.0
243414,-5.12,-22.08,1015.89,122.5,-175.0,-17.5
243443,-5.12,-22.08,1015.89,105.0,-175.0,-17.5
243472,-5.12,-22.08,1016.02,105.0,-157.5,-35.0
243502,-5.12,-22.08,1016.02,87.5,-175.0,-35.0
243531,-5.12,-22.08,1016.02,105.0,-175.0,-35.0
243561,-5.12,-22.08,1016.02,105.0,-157.5,-35.0
243590,-5.12,-22.08,1015.89,140.0,-192.5,-35.0
243620,-5.12,-22.08,1016.02,140.0,-175.0,-35.0
243649,-5.12,-22.08,1015.89,105.0,-175.0,-35.0
243679,-5.12,-22.08,1015.89,105.0,-175.0,-35.0
243708,-5.12,-22.08,1015.89,122.5,-175.0,-17.5
243738,-5.25,-21.96,1015.89,122.5,-175.0,-35.0
243767,-5.25,-22.08,1015.89,122.5,-192.5,-35.0
243797,-5.12,-22.08,1015.89,122.5,-192.5,-35.0
243826,-5.12,-22.08,1015.89,140.0,-175.0,-35.0
243855,-5.12,-22.08,1015.89,122.5,-175.0,-17.5
243884,-5.12,-22.08,1015.89,122.5,-192.5,-17.5
243913,-5.12,-22.08,1015.89,122.5,-192.5,-35.0
243942,-5.12,-22.08,1016.02,122.5,-175.0,-35.0
243971,-5.12,-22.08,1016.02,122.5,-175.0,-35.0
244000,-5.12,-22.08,1015.89,122.5,-175.0,-35.0
244029,-5.12,-22.08,1015.89,105.0,-175.0,-35.0
244059,-5.12,-22.08,1015.89,122.5,-175.0,-17.5
244088,-5.12,-22.08,1015.89,122.5,-175.0,-35.0
244118,-5.12,-22.08,1015.89,122.5,-175.0,-35.0
244147,-5.12,-21.96,1015.89,140.0,-175.0,-17.5
244177,-5.12,-21.96,1015.89,122.5,-175.0,-35.0
244206,-5.12,-21.96,1015.89,122.5,-192.5,-52.5
244236,-5.12,-22.08,1015.89,122.5,-192.5,-35.0
244265,-5.12,-21.96,1015.89,122.5,-175.0,-35.0
244295,-5.12,-22.08,1016.02,122.5,-175.0,-35.0
244324,-5.12,-22.08,1016.02,122.5,-192.5,-17.5
244353,-5.12,-21.96,1016.02,122.5,-175.0,-17.5
244382,-5.12,-22.08,1016.02,140.0,-192.5,-35.0
244411,-5.12,-22.08,1016.02,122.5,-175.0,-35.0
244440,-5.12,-22.08,1015.89,122.5,-175.0,-17.5
244469,-5.12,-22.08,1015.89,122.5,-175.0,-17.5
244498,-5.12,-22.08,1015.89,122.5,-175.0,-17.5
244527,-5.12,-22.08,1015.89,122.5,-157.5,-35.0
244557,-5.12,-22.08,1015.89,122.5,-175.0,-35.0
244586,-5.12,-22.08,1015.89,122.5,-175.0,-35.0
244616,-5.12,-22.08,1015.77,105.0,-192.5,-17.5
244645,-5.12,-22.08,1015.77,105.0,-175.0,-35.0
244675,-5.12,-22.08,1015.77,105.0,-175.0,-17.5
244704,-5.12,-22.08,1015.77,122.5,-175.0,-17.5
244734,-5.25,-22.08,1015.53,122.5,-175.0,-17.5
244763,-5.12,-22.08,1015.53,105.0,-175.0,-35.0
244793,-5.25,-22.2,1015.53,105.0,-175.0,-17.5
244822,-5.12,-22.2,1015.41,105.0,-175.0,-35.0
244852,-5.12,-22.2,1015.41,122.5,-157.5,-35.0
244881,-5.12,-22.2,1015.41,140.0,-157.5,-35.0
244910,-5.12,-22.2,1015.28,122.5,-157.5,-17.5
244939,-5.12,-22.2,1015.28,122.5,-175.0,-17.5
244968,-5.12,-22.2,1015.28,122.5,-175.0,-35.0
244997,-5.12,-22.2,1015.16,122.5,-157.5,-35.0
245026,-5.12,-22.2,1015.16,122.5,-175.0,-35.0
245055,-5.12,-22.2,1015.16,122.5,-192.5,-35.0
245084,-5.12,-22.2,1015.16,122.5,-175.0,-35.0
245114,-5.12,-22.2,1015.16,122.5,-157.5,-35.0
245143,-5.12,-22.2,1015.16,105.0,-157.5,-35.0
245173,-5.12,-22.2,1015.16,105.0,-175.0,-35.0
245202,-5.12,-22.08,1015.16,122.5,-175.0,-17.5
245232,-5.12,-22.2,1015.16,122.5,-157.5,-17.5
245261,-5.12,-22.2,1015.16,122.5,-157.5,-17.5
245291,-5.12,-22.08,1015.16,122.5,-175.0,-35.0
245320,-5.12,-22.2,1015.16,122.5,-192.5,-52.5
245350,-5.12,-22.2,1015.16,122.5,-175.0,-35.0
245379,-5.12,-22.2,1015.04,122.5,-157.5,-35.0
245408,-5.12,-22.2,1015.16,122.5,-175.0,-17.5
245437,-5.12,-22.2,1015.16,122.5,-157.5,-35.0
245466,-5.12,-22.08,1015.16,122.5,-157.5,-35.0
245495,-5.12,-22.2,1015.16,122.5,-175.0,-17.5
245524,-5.12,-22.2,1015.04,122.5,-175.0,-17.5
245553,-5.12,-22.08,1015.04,122.5,-175.0,-35.0
245582,-5.12,-22.2,1015.04,105.0,-175.0,-35.0
245612,-5.12,-22.2,1015.04,122.5,-175.0,-17.5
245641,-5.12,-22.08,1015.04,122.5,-175.0,-17.5
245671,-5.12,-22.2,1015.04,122.5,-175.0,-17.5
245700,-5.12,-22.2,1015.04,105.0,-192.5,-17.5
245730,-5.12,-22.2,1015.04,122.5,-175.0,-17.5
245759,-5.12,-22.2,1014.92,105.0,-175.0,-17.5
245789,-5.12,-22.2,1014.92,122.5,-175.0,-17.5
245818,-5.12,-22.2,1014.92,105.0,-175.0,0.0
245848,-5.12,-22.2,1014.8,122.5,-175.0,-35.0
245877,-5.12,-22.2,1014.8,122.5,-192.5,-35.0
245906,-5.12,-22.2,1014.8,122.5,-157.5,-52.5
245935,-5.12,-22.2,1014.8,105.0,-175.0,-35.0
245964,-5.12,-22.2,1014.8,122.5,-175.0,-17.5
245993,-5.12,-22.2,1014.8,140.0,-192.5,-17.5
246022,-5.12,-22.2,1014.8,122.5,-175.0,-17.5
246051,-5.12,-22.2,1014.92,105.0,-175.0,-35.0
246080,-5.12,-22.2,1014.92,122.5,-175.0,-17.5
246110,-5.12,-22.2,1014.92,140.0,-192.5,-35.0
246139,-5.12,-22.2,1014.92,122.5,-175.0,-35.0
246169,-5.12,-22.2,1014.92,122.5,-175.0,-35.0
246198,-5.12,-22.2,1014.92,122.5,-175.0,-17.5
246228,-5.12,-22.2,1014.92,105.0,-175.0,-35.0
246257,-5.12,-22.2,1014.92,105.0,-157.5,-35.0
246287,-5.12,-22.2,1014.92,122.5,-175.0,-17.5
246316,-5.12,-22.2,1014.92,122.5,-157.5,-17.5
246346,-5.12,-22.2,1014.92,122.5,-175.0,-35.0
246375,-5.12,-22.2,1015.04,122.5,-175.0,-35.0
246405,-5.0,-22.2,1015.04,122.5,-175.0,-35.0
246434,-5.12,-22.2,1015.04,122.5,-175.0,-17.5
246464,-5.12,-22.2,1015.04,105.0,-175.0,-35.0
246493,-5.12,-22.2,1014.92,122.5,-175.0,-35.0
246522,-5.12,-22.2,1014.92,122.5,-175.0,-35.0
246551,-5.12,-22.2,1014.92,122.5,-175.0,-17.5
246580,-5.12,-22.2,1014.92,122.5,-192.5,-35.0
246609,-5.12,-22.2,1014.92,105.0,-157.5,-35.0
246638,-5.12,-22.2,1014.8,122.5,-175.0,-17.5
246667,-5.12,-22.2,1014.8,122.5,-192.5,-17.5
246696,-5.12,-22.2,1014.8,122.5,-175.0,-17.5
246726,-5.12,-22.2,1014.8,122.5,-175.0,-35.0
246755,-5.12,-22.2,1014.8,140.0,-175.0,-35.0
246785,-5.12,-22.2,1014.8,140.0,-175.0,-35.0
246814,-5.12,-22.2,1014.8,140.0,-175.0,-35.0
246844,-5.12,-22.2,1014.8,140.0,-175.0,-35.0
246873,-5.12,-22.2,1014.8,122.5,-175.0,-17.5
246903,-5.12,-22.2,1014.8,122.5,-175.0,-35.0
246932,-5.12,-22.2,1014.8,122.5,-157.5,-35.0
246962,-5.12,-22.2,1014.8,105.0,-157.5,-35.0
246991,-5.12,-22.2,1014.8,122.5,-175.0,-17.5
247021,-5.12,-22.2,1014.8,105.0,-157.5,-17.5
247050,-5.12,-22.08,1014.8,122.5,-175.0,-35.0
247079,-5.12,-22.2,1014.92,122.5,-175.0,-35.0
247108,-5.12,-22.08,1014.92,122.5,-157.5,-17.5
247137,-5.0,-22.08,1014.92,105.0,-175.0,-35.0
247166,-5.12,-22.08,1015.04,87.5,-175.0,-35.0
247195,-5.0,-22.08,1015.04,122.5,-157.5,-17.5
247224,-5.12,-22.08,1015.04,105.0,-175.0,-35.0
247253,-5.12,-22.08,1015.04,105.0,-175.0,-17.5
247283,-5.12,-22.08,1015.04,105.0,-175.0,-17.5
247312,-5.12,-22.2,1015.04,105.0,-192.5,-35.0
247342,-5.12,-22.08,1015.04,122.5,-175.0,-35.0
247371,-5.12,-22.2,1015.04,105.0,-175.0,-35.0
247401,-5.12,-22.2,1015.04,105.0,-175.0,-17.5
247430,-5.12,-22.2,1015.04,122.5,-192.5,-17.5
247460,-5.12,-22.2,1015.04,105.0,-175.0,-17.5
247489,-5.12,-22.2,1014.92,105.0,-175.0,-17.5
247519,-5.12,-22.2,1014.92,122.5,-175.0,-17.5
247548,-5.12,-22.2,1014.92,105.0,-175.0,-17.5
247577,-5.12,-22.2,1014.92,105.0,-175.0,-17.5
247606,-5.12,-22.2,1014.8,105.0,-157.5,-17.5
247635,-5.12,-22.2,1014.8,122.5,-175.0,-17.5
247664,-5.12,-22.2,1014.67,122.5,-192.5,-17.5
247693,-5.12,-22.2,1014.67,105.0,-157.5,-35.0
247722,-5.12,-22.2,1014.67,105.0,-175.0,-35.0
247751,-5.12,-22.2,1014.67,122.5,-175.0,-17.5
247781,-5.12,-22.33,1014.67,140.0,-175.0,-17.5
247810,-5.12,-22.33,1014.67,122.5,-175.0,-35.0
247840,-5.12,-22.33,1014.67,140.0,-175.0,-35.0
247869,-5.12,-22.2,1014.55,105.0,-175.0,-35.0
247899,-5.12,-22.33,1014.55,105.0,-175.0,-35.0
247928,-5.12,-22.2,1014.55,105.0,-175.0,-17.5
247958,-5.12,-22.2,1014.67,105.0,-192.5,-35.0
247987,-5.12,-22.33,1014.67,105.0,-175.0,-17.5
248017,-5.12,-22.33,1014.67,105.0,-175.0,-35.0
248046,-5.12,-22.33,1014.67,122.5,-175.0,-52.5
248076,-5.25,-22.2,1014.67,122.5,-175.0,-17.5
248105,-5.25,-22.33,1014.67,122.5,-175.0,-17.5
248134,-5.12,-22.33,1014.67,105.0,-192.5,-17.5
248163,-5.12,-22.33,1014.55,122.5,-175.0,-35.0
248192,-5.12,-22.2,1014.55,105.0,-157.5,-35.0
248221,-5.12,-22.33,1014.55,122.5,-175.0,-17.5
248250,-5.12,-22.2,1014.55,140.0,-175.0,-17.5
248280,-5.12,-22.33,1014.67,122.5,-157.5,-17.5
248309,-5.12,-22.33,1014.67,122.5,-175.0,-35.0
248339,-5.12,-22.33,1014.8,105.0,-192.5,-35.0
248368,-5.12,-22.2,1014.8,122.5,-175.0,-17.5
248398,-5.12,-22.2,1014.8,122.5,-175.0,-35.0
248427,-5.12,-22.2,1014.8,122.5,-175.0,-35.0
248457,-5.12,-22.2,1014.8,122.5,-175.0,-35.0
248486,-5.12,-22.2,1014.8,87.5,-175.0,-35.0
248516,-5.12,-22.2,1014.8,105.0,-175.0,-35.0
248545,-5.12,-22.33,1014.8,122.5,-175.0,-35.0
248575,-5.12,-22.2,1014.8,105.0,-192.5,-35.0
248604,-5.12,-22.2,1014.8,140.0,-192.5,-17.5
248633,-5.12,-22.2,1014.92,105.0,-192.5,-17.5
248662,-5.12,-22.2,1014.92,105.0,-192.5,-35.0
248691,-5.12,-22.2,1014.92,105.0,-175.0,-35.0
248720,-5.12,-22.2,1015.04,105.0,-192.5,-35.0
248749,-5.12,-22.2,1015.04,140.0,-192.5,-35.0
248778,-5.12,-22.2,1015.04,140.0,-175.0,-35.0
248807,-5.12,-22.2,1015.04,105.0,-157.5,-17.5
248837,-5.12,-22.2,1015.04,105.0,-175.0,-17.5
248866,-5.0,-22.2,1015.04,105.0,-157.5,-17.5
248896,-5.12,-22.2,1015.16,122.5,-175.0,-17.5
248925,-5.12,-22.2,1015.16,105.0,-192.5,-35.0
248955,-5.12,-22.2,1015.16,105.0,-175.0,-52.5
248984,-5.12,-22.2,1015.16,140.0,-157.5,-35.0
249014,-5.12,-22.2,1015.16,122.5,-175.0,-35.0
249043,-5.12,-22.2,1015.16,122.5,-175.0,-35.0
249073,-5.12,-22.2,1015.16,122.5,-175.0,-17.5
249102,-5.12,-22.2,1015.16,105.0,-192.5,-35.0
249132,-5.12,-22.33,1015.16,105.0,-175.0,-35.0
249161,-5.12,-22.2,1015.28,122.5,-157.5,-17.5
249190,-5.12,-22.2,1015.16,122.5,-192.5,-35.0
249219,-5.12,-22.33,1015.16,122.5,-175.0,-35.0
249248,-5.12,-22.33,1015.28,122.5,-175.0,-52.5
249277,-5.12,-22.33,1015.16,122.5,-175.0,-52.5
249306,-5.12,-22.2,1015.16,122.5,-175.0,-17.5
249335,-5.12,-22.33,1015.16,140.0,-175.0,-17.5
249364,-5.12,-22.33,1015.16,122.5,-175.0,-35.0
249394,-5.12,-22.2,1015.16,105.0,-157.5,-17.5
249423,-5.12,-22.2,1015.04,122.5,-175.0,-35.0
249453,-5.12,-22.33,1015.04,105.0,-175.0,-35.0
249482,-5.12,-22.2,1015.16,122.5,-175.0,-52.5
249512,-5.12,-22.2,1015.04,122.5,-192.5,-35.0
249541,-5.12,-22.2,1015.16,122.5,-175.0,-17.5
249571,-5.12,-22.2,1015.16,140.0,-175.0,-35.0
249600,-5.12,-22.2,1015.28,140.0,-192.5,-35.0
249630,-5.12,-22.2,1015.28,122.5,-175.0,-35.0
249659,-5.12,-22.2,1015.16,140.0,-175.0,-52.5
249688,-5.12,-22.2,1015.16,122.5,-175.0,-35.0
249717,-5.12,-22.33,1015.16,140.0,-175.0,-17.5
249746,-5.12,-22.2,1015.28,122.5,-192.5,-17.5
249775,-5.12,-22.2,1015.16,122.5,-175.0,-35.0
249804,-5.12,-22.2,1015.28,105.0,-192.5,-35.0
249833,-5.12,-22.2,1015.28,105.0,-175.0,-35.0
249862,-5.12,-22.2,1015.28,140.0,-175.0,-35.0
249892,-5.12,-22.2,1015.28,122.5,-192.5,-17.5
249921,-5.12,-22.2,1015.28,140.0,-175.0,-17.5
249951,-5.25,-22.2,1015.28,122.5,-192.5,-35.0
249980,-5.25,-22.2,1015.28,122.5,-210.0,-35.0
250010,-5.12,-22.2,1015.28,122.5,-175.0,-17.5
250039,-5.25,-22.2,1015.28,105.0,-175.0,-35.0
250069,-5.12,-22.2,1015.28,105.0,-175.0,-17.5
250098,-5.12,-22.33,1015.28,122.5,-175.0,-35.0
250128,-5.12,-22.2,1015.28,122.5,-175.0,-17.5
250157,-5.12,-22.2,1015.28,122.5,-175.0,-17.5
250187,-5.12,-22.2,1015.28,105.0,-157.5,-35.0
250216,-5.12,-22.2,1015.28,122.5,-175.0,-35.0
250245,-5.12,-22.2,1015.28,122.5,-175.0,-17.5
250274,-5.12,-22.2,1015.28,122.5,-157.5,-35.0
250303,-5.12,-22.2,1015.28,122.5,-157.5,-35.0
250332,-5.12,-22.2,1015.28,122.5,-175.0,-35.0
250361,-5.12,-22.2,1015.28,122.5,-192.5,-35.0
250390,-5.25,-22.2,1015.28,105.0,-175.0,-35.0
250419,-5.12,-22.2,1015.28,122.5,-157.5,-35.0
250449,-5.12,-22.2,1015.28,140.0,-175.0,-35.0
250478,-5.12,-22.2,1015.41,105.0,-192.5,-35.0
250508,-5.12,-22.2,1015.41,122.5,-192.5,-35.0
250537,-5.12,-22.2,1015.41,122.5,-192.5,-35.0
250567,-5.12,-22.2,1015.28,105.0,-175.0,-52.5
250596,-5.25,-22.2,1015.28,122.5,-175.0,-35.0
250626,-5.25,-22.2,1015.28,122.5,-175.0,-17.5
250655,-5.12,-22.2,1015.16,122.5,-175.0,-17.5
250685,-5.25,-22.2,1015.04,122.5,-175.0,-35.0
250714,-5.25,-22.2,1015.04,122.5,-192.5,-17.5
250743,-5.12,-22.2,1015.04,140.0,-192.5,-35.0
250772,-5.12,-22.2,1015.04,140.0,-157.5,-17.5
250801,-5.12,-22.2,1015.04,122.5,-175.0,-35.0
250830,-5.12,-22.2,1015.04,122.5,-192.5,-17.5
250859,-5.12,-22.2,1015.04,122.5,-175.0,-17.5
250888,-5.12,-22.2,1015.04,122.5,-175.0,-35.0
250917,-5.12,-22.2,1015.04,105.0,-157.5,-35.0
250947,-5.12,-22.2,1015.04,105.0,-192.5,-17.5
250976,-5.12,-22.2,1015.04,122.5,-192.5,-17.5
251006,-5.12,-22.2,1015.04,122.5,-175.0,-17.5
251035,-5.12,-22.2,1015.04,87.5,-175.0,-17.5
251065,-5.12,-22.2,1015.04,122.5,-192.5,-17.5
251094,-5.12,-22.2,1015.04,105.0,-175.0,-17.5
251124,-5.12,-22.2,1015.16,105.0,-175.0,-35.0
251153,-5.12,-22.2,1015.16,105.0,-175.0,-17.5
251183,-5.25,-22.2,1015.16,122.5,-175.0,-17.5
251212,-5.12,-22.2,1015.16,140.0,-175.0,-17.5
251241,-5.12,-22.2,1015.16,105.0,-175.0,-35.0
251270,-5.25,-22.2,1015.16,105.0,-175.0,-52.5
251299,-5.25,-22.2,1015.16,122.5,-175.0,-35.0
251328,-5.12,-22.2,1015.28,122.5,-175.0,-35.0
251357,-5.12,-22.2,1015.16,122.5,-175.0,-35.0
251386,-5.12,-22.33,1015.28,122.5,-157.5,-35.0
251415,-5.25,-22.33,1015.28,122.5,-175.0,-17.5
251445,-5.25,-22.2,1015.28,122.5,-175.0,-35.0
251474,-5.25,-22.33,1015.28,140.0,-175.0,-17.5
251504,-5.12,-22.2,1015.28,122.5,-175.0,-17.5
251533,-5.25,-22.2,1015.28,105.0,-175.0,-17.5
251563,-5.12,-22.2,1015.28,122.5,-175.0,-17.5
251592,-5.25,-22.2,1015.28,140.0,-175.0,-35.0
251622,-5.25,-22.2,1015.28,122.5,-192.5,-35.0
251651,-5.25,-22.2,1015.28,140.0,-192.5,-35.0
251681,-5.25,-22.33,1015.41,122.5,-157.5,-35.0
251710,-5.25,-22.33,1015.53,122.5,-175.0,-35.0
251740,-5.25,-22.33,1015.53,122.5,-175.0,-35.0
251769,-5.25,-22.33,1015.41,122.5,-175.0,-35.0
251798,-5.37,-22.33,1015.41,140.0,-175.0,-35.0
251827,-5.37,-22.33,1015.41,140.0,-192.5,-35.0
251856,-5.37,-22.33,1015.53,140.0,-175.0,-17.5
251885,-5.37,-22.33,1015.41,140.0,-175.0,-17.5
251914,-5.25,-22.33,1015.41,122.5,-175.0,-35.0
251943,-5.37,-22.33,1015.41,105.0,-175.0,-35.0
251972,-5.37,-22.33,1015.41,122.5,-175.0,-17.5
252001,-5.25,-22.33,1015.41,122.5,-157.5,-17.5
252030,-5.25,-22.2,1015.41,122.5,-175.0,-17.5
252060,-5.37,-22.2,1015.41,122.5,-175.0,-35.0
252089,-5.37,-22.2,1015.53,122.5,-192.5,-35.0
252119,-5.37,-22.2,1015.53,140.0,-175.0,-35.0
252148,-5.25,-22.2,1015.53,122.5,-175.0,-35.0
252178,-5.25,-22.2,1015.41,105.0,-175.0,-35.0
252207,-5.25,-22.2,1015.53,122.5,-175.0,-35.0
252237,-5.25,-22.2,1015.41,122.5,-157.5,-17.5
252266,-5.25,-22.2,1015.41,105.0,-175.0,-35.0
252296,-5.37,-22.2,1015.41,105.0,-175.0,-35.0
252325,-5.25,-22.2,1015.41,140.0,-175.0,-52.5
252355,-5.25,-22.2,1015.28,122.5,-175.0,-35.0
252384,-5.25,-22.2,1015.28,122.5,-175.0,-17.5
252413,-5.25,-22.2,1015.28,105.0,-192.5,-17.5
252442,-5.25,-22.2,1015.28,122.5,-192.5,-17.5
252471,-5.25,-22.33,1015.28,87.5,-192.5,-17.5
252500,-5.25,-22.2,1015.41,105.0,-192.5,-35.0
252529,-5.12,-22.33,1015.41,105.0,-192.5,-35.0
252558,-5.12,-22.33,1015.28,122.5,-175.0,-35.0
252587,-5.12,-22.33,1015.41,122.5,-175.0,-35.0
252616,-5.25,-22.33,1015.41,122.5,-175.0,-35.0
252645,-5.12,-22.33,1015.41,105.0,-192.5,-17.5
252675,-5.12,-22.33,1015.41,122.5,-175.0,-17.5
252704,-5.12,-22.33,1015.41,122.5,-175.0,-35.0
252734,-5.25,-22.2,1015.41,105.0,-192.5,-35.0
252763,-5.12,-22.2,1015.28,105.0,-175.0,-35.0
252793,-5.12,-22.2,1015.28,122.5,-192.5,-35.0
252822,-5.12,-22.33,1015.41,122.5,-175.0,-35.0
252852,-5.12,-22.33,1015.41,122.5,-175.0,-35.0
252881,-5.12,-22.33,1015.41,105.0,-157.5,-35.0
252911,-5.25,-22.33,1015.28,105.0,-157.5,-17.5
252940,-5.12,-22.2,1015.41,122.5,-175.0,-35.0
252970,-5.12,-22.2,1015.41,122.5,-175.0,-35.0
252999,-5.12,-22.33,1015.41,105.0,-175.0,-35.0
253028,-5.25,-22.2,1015.41,87.5,-192.5,-17.5
253057,-5.12,-22.2,1015.28,122.5,-175.0,-35.0
253086,-5.12,-22.33,1015.28,122.5,-175.0,-35.0
253115,-5.25,-22.2,1015.28,122.5,-175.0,-17.5
253144,-5.12,-22.2,1015.28,105.0,-175.0,-17.5
253174,-5.12,-22.2,1015.28,122.5,-192.5,-35.0
253203,-5.25,-22.2,1015.28,140.0,-175.0,-35.0
253233,-5.25,-22.2,1015.16,140.0,-175.0,-17.5
253262,-5.25,-22.2,1015.16,140.0,-175.0,-35.0
253292,-5.25,-22.2,1015.16,140.0,-192.5,-35.0
253321,-5.12,-22.2,1015.16,140.0,-192.5,-52.5
253351,-5.12,-22.2,1015.16,122.5,-175.0,-35.0
253380,-5.12,-22.2,1015.16,122.5,-175.0,-35.0
253410,-5.12,-22.2,1015.16,105.0,-175.0,-35.0
253439,-5.12,-22.2,1015.16,122.5,-192.5,-35.0
253469,-5.25,-22.33,1015.16,140.0,-175.0,-35.0
253498,-5.25,-22.33,1015.04,122.5,-175.0,-35.0
253527,-5.12,-22.33,1015.04,122.5,-157.5,-35.0
253556,-5.12,-22.2,1015.04,122.5,-175.0,-35.0
253585,-5.12,-22.2,1015.04,122.5,-175.0,-17.5
253614,-5.25,-22.33,1015.04,122.5,-175.0,-35.0
253643,-5.25,-22.33,1015.04,122.5,-175.0,-35.0
253672,-5.12,-22.33,1015.04,122.5,-175.0,-35.0
253701,-5.25,-22.33,1015.04,105.0,-175.0,-35.0
253731,-5.25,-22.2,1015.04,122.5,-175.0,-17.5
253760,-5.25,-22.33,1015.04,122.5,-175.0,-35.0
253790,-5.25,-22.33,1015.04,122.5,-157.5,-35.0
253819,-5.25,-22.33,1015.04,122.5,-175.0,-17.5
253849,-5.25,-22.2,1015.16,122.5,-175.0,-35.0
253878,-5.25,-22.2,1015.16,122.5,-175.0,-35.0
253908,-5.25,-22.2,1015.16,122.5,-175.0,-35.0
253937,-5.25,-22.2,1015.16,122.5,-157.5,-35.0
253967,-5.25,-22.2,1015.28,122.5,-175.0,-35.0
253996,-5.12,-22.2,1015.28,122.5,-175.0,-52.5
254025,-5.25,-22.2,1015.28,140.0,-157.5,-35.0
254054,-5.25,-22.33,1015.28,140.0,-175.0,-35.0
254083,-5.25,-22.2,1015.28,122.5,-175.0,-17.5
254112,-5.25,-22.2,1015.28,122.5,-175.0,-35.0
254141,-5.25,-22.2,1015.28,105.0,-192.5,-17.5
254170,-5.25,-22.2,1015.28,105.0,-175.0,-17.5
254199,-5.12,-22.2,1015.28,122.5,-175.0,-17.5
254229,-5.12,-22.2,1015.28,122.5,-192.5,-35.0
254258,-5.25,-22.2,1015.28,105.0,-175.0,-35.0
254288,-5.12,-22.2,1015.41,105.0,-175.0,-35.0
254317,-5.12,-22.2,1015.41,105.0,-157.5,-35.0
254347,-5.12,-22.2,1015.41,122.5,-175.0,-35.0
254376,-5.12,-22.2,1015.41,122.5,-175.0,-17.5
254406,-5.12,-22.2,1015.41,122.5,-175.0,-17.5
254435,-5.25,-22.2,1015.41,122.5,-157.5,-35.0
254465,-5.25,-22.2,1015.28,140.0,-192.5,-35.0
254494,-5.25,-22.2,1015.28,122.5,-175.0,-35.0
254524,-5.25,-22.2,1015.28,122.5,-175.0,-35.0
254553,-5.25,-22.33,1015.28,122.5,-175.0,-35.0
254583,-5.25,-22.2,1015.28,122.5,-175.0,-35.0
254612,-5.25,-22.2,1015.28,122.5,-175.0,-35.0
254641,-5.12,-22.2,1015.16,122.5,-175.0,-35.0
254670,-5.12,-22.2,1015.16,122.5,-157.5,-35.0
254699,-5.12,-22.2,1015.16,122.5,-175.0,-35.0
254728,-5.12,-22.2,1015.16,122.5,-175.0,-35.0
254757,-5.25,-22.2,1015.16,105.0,-175.0,-35.0
254787,-5.25,-22.2,1015.16,122.5,-175.0,-17.5
254816,-5.12,-22.2,1015.16,122.5,-175.0,-35.0
254846,-5.25,-22.2,1015.16,105.0,-192.5,-35.0
254875,-5.12,-22.2,1015.16,122.5,-175.0,-35.0
254905,-5.12,-22.2,1015.28,122.5,-175.0,-35.0
254934,-5.12,-22.2,1015.28,122.5,-157.5,-35.0
254964,-5.12,-22.2,1015.28,105.0,-157.5,-35.0
254993,-5.12,-22.2,1015.28,122.5,-157.5,-35.0
255023,-5.12,-22.2,1015.28,122.5,-175.0,-35.0
255052,-5.12,-22.2,1015.28,122.5,-192.5,-17.5
255082,-5.25,-22.2,1015.28,122.5,-175.0,-35.0
255111,-5.12,-22.2,1015.28,105.0,-175.0,-35.0
255140,-5.12,-22.2,1015.28,122.5,-175.0,-17.5
255169,-5.12,-22.2,1015.28,122.5,-175.0,-17.5
255198,-5.25,-22.2,1015.28,122.5,-175.0,-17.5
255227,-5.12,-22.2,1015.28,122.5,-175.0,-17.5
255256,-5.25,-22.2,1015.28,105.0,-192.5,-35.0
255285,-5.12,-22.2,1015.28,122.5,-175.0,-17.5
255314,-5.12,-22.33,1015.28,122.5,-175.0,-35.0
255344,-5.12,-22.33,1015.16,140.0,-175.0,-52.5
255373,-5.12,-22.2,1015.16,122.5,-192.5,-35.0
255403,-5.12,-22.33,1015.16,122.5,-175.0,-35.0
255432,-5.25,-22.33,1015.04,122.5,-175.0,-17.5
255462,-5.25,-22.2,1015.04,140.0,-192.5,-35.0
255491,-5.25,-22.2,1015.04,122.5,-175.0,-17.5
255521,-5.25,-22.2,1015.04,122.5,-192.5,-17.5
255550,-5.25,-22.2,1015.04,122.5,-192.5,-17.5
255580,-5.25,-22.2,1015.04,122.5,-175.0,0.0
255609,-5.12,-22.2,1015.04,122.5,-175.0,-17.5
255638,-5.25,-22.2,1015.04,140.0,-175.0,-35.0
255667,-5.12,-22.2,1015.04,122.5,-192.5,-17.5
255696,-5.12,-22.2,1015.04,140.0,-175.0,-35.0
255725,-5.12,-22.2,1015.04,105.0,-175.0,-17.5
255754,-5.12,-22.2,1015.04,122.5,-192.5,-35.0
255783,-5.25,-22.2,1015.04,140.0,-175.0,-35.0
255812,-5.25,-22.2,1015.04,122.5,-175.0,-35.0
255842,-5.25,-22.2,1014.92,122.5,-192.5,-35.0
255871,-5.25,-22.2,1014.92,122.5,-192.5,-35.0
255901,-5.12,-22.2,1014.92,122.5,-175.0,-17.5
255930,-5.12,-22.2,1014.92,122.5,-192.5,-35.0
255960,-5.25,-22.2,1014.8,122.5,-175.0,-17.5
255989,-5.25,-22.2,1014.8,122.5,-175.0,-17.5
256019,-5.12,-22.2,1014.8,122.5,-192.5,-35.0
256048,-5.25,-22.2,1014.8,122.5,-175.0,-17.5
256078,-5.12,-22.2,1014.8,105.0,-192.5,-17.5
256107,-5.12,-22.2,1014.8,105.0,-175.0,-35.0
256137,-5.12,-22.2,1014.8,105.0,-175.0,-17.5
256166,-5.12,-22.33,1014.8,122.5,-192.5,-35.0
256195,-5.12,-22.33,1014.8,122.5,-175.0,-35.0
256224,-5.25,-22.33,1014.8,122.5,-175.0,-17.5
256253,-5.12,-22.33,1014.8,122.5,-175.0,-35.0
256282,-5.12,-22.2,1014.8,122.5,-175.0,-17.5
256311,-5.12,-22.2,1014.8,122.5,-192.5,-35.0
256340,-5.12,-22.2,1014.8,122.5,-192.5,-35.0
256369,-5.12,-22.2,1014.92,105.0,-175.0,-17.5
256399,-5.12,-22.33,1014.92,122.5,-157.5,-35.0
256428,-5.25,-22.33,1014.92,122.5,-175.0,-17.5
256458,-5.12,-22.33,1014.92,122.5,-175.0,-17.5
256487,-5.12,-22.33,1014.8,122.5,-175.0,-17.5
256517,-5.25,-22.33,1014.8,122.5,-175.0,-17.5
256546,-5.12,-22.33,1014.8,122.5,-175.0,-35.0
256576,-5.25,-22.33,1014.8,122.5,-175.0,-35.0
256605,-5.25,-22.33,1014.67,140.0,-175.0,-17.5
256635,-5.12,-22.33,1014.67,122.5,-192.5,-35.0
256664,-5.12,-22.33,1014.8,122.5,-175.0,-17.5
256694,-5.25,-22.33,1014.67,105.0,-175.0,-35.0
256723,-5.25,-22.33,1014.67,122.5,-175.0,-35.0
256752,-5.25,-22.33,1014.67,140.0,-175.0,-35.0
256781,-5.25,-22.33,1014.67,140.0,-175.0,-17.5
256810,-5.25,-22.33,1014.67,122.5,-175.0,-17.5
256839,-5.25,-22.33,1014.67,105.0,-175.0,-35.0
256868,-5.12,-22.33,1014.67,122.5,-175.0,-35.0
256897,-5.12,-22.33,1014.67,140.0,-157.5,-35.0
256926,-5.25,-22.2,1014.67,122.5,-157.5,-35.0
256956,-5.25,-22.2,1014.67,105.0,-175.0,-52.5
256985,-5.25,-22.2,1014.67,122.5,-175.0,-35.0
257015,-5.25,-22.2,1014.8,105.0,-175.0,-35.0
257044,-5.25,-22.33,1014.8,122.5,-175.0,-17.5
257074,-5.25,-22.33,1014.8,122.5,-175.0,-35.0
257103,-5.25,-22.2,1014.8,122.5,-175.0,-35.0
257133,-5.25,-22.2,1014.8,122.5,-175.0,-35.0
257162,-5.12,-22.33,1014.8,122.5,-192.5,-52.5
257192,-5.25,-22.33,1014.8,105.0,-175.0,-35.0
257221,-5.25,-22.2,1014.8,122.5,-192.5,-35.0
257250,-5.25,-22.33,1014.92,122.5,-192.5,-17.5
257279,-5.25,-22.2,1014.92,140.0,-192.5,-35.0
257308,-5.25,-22.33,1014.92,122.5,-192.5,-35.0
257337,-5.12,-22.2,1015.04,105.0,-175.0,-35.0
257366,-5.25,-22.2,1015.04,122.5,-175.0,-17.5
257395,-5.25,-22.33,1015.04,122.5,-175.0,-35.0
257424,-5.25,-22.2,1015.04,122.5,-175.0,-35.0
257454,-5.25,-22.2,1015.04,140.0,-175.0,-35.0
257483,-5.25,-22.2,1015.04,122.5,-175.0,-35.0
257513,-5.25,-22.2,1015.04,122.5,-175.0,-17.5
257542,-5.25,-22.2,1015.04,140.0,-175.0,-17.5
257572,-5.25,-22.2,1015.04,122.5,-175.0,-17.5
257601,-5.25,-22.2,1015.16,122.5,-175.0,-35.0
257631,-5.25,-22.2,1015.16,105.0,-175.0,-35.0
257660,-5.37,-22.2,1015.16,122.5,-157.5,-35.0
257690,-5.25,-22.2,1015.16,122.5,-175.0,-17.5
257719,-5.25,-22.2,1015.16,122.5,-175.0,-17.5
257749,-5.25,-22.2,1015.16,122.5,-192.5,-17.5
257778,-5.25,-22.2,1015.04,122.5,-175.0,-35.0
257807,-5.12,-22.2,1015.04,122.5,-157.5,-35.0
257836,-5.12,-22.2,1015.04,122.5,-175.0,-35.0
257865,-5.25,-22.2,1015.04,122.5,-175.0,-35.0
257894,-5.12,-22.2,1015.04,122.5,-175.0,-35.0
257923,-5.12,-22.2,1015.04,122.5,-192.5,-35.0
257952,-5.25,-22.33,1014.92,122.5,-175.0,-17.5
257981,-5.25,-22.33,1014.92,140.0,-157.5,-17.5
258011,-5.25,-22.2,1014.92,122.5,-175.0,-35.0
258040,-5.25,-22.2,1014.92,122.5,-175.0,-35.0
258070,-5.25,-22.2,1014.92,122.5,-192.5,-17.5
258099,-5.25,-22.2,1014.92,122.5,-175.0,-35.0
258129,-5.25,-22.2,1014.92,122.5,-175.0,-35.0
258158,-5.25,-22.2,1014.92,140.0,-175.0,-35.0
258188,-5.25,-22.2,1014.92,140.0,-175.0,-35.0
258217,-5.25,-22.2,1014.92,105.0,-175.0,-17.5
258247,-5.12,-22.2,1014.92,105.0,-157.5,-17.5
258276,-5.25,-22.2,1014.92,122.5,-157.5,-35.0
258306,-5.25,-22.2,1014.92,122.5,-175.0,-35.0
258335,-5.12,-22.2,1014.92,105.0,-175.0,-17.5
258364,-5.25,-22.2,1014.8,122.5,-157.5,-17.5
258393,-5.12,-22.2,1014.8,140.0,-175.0,-17.5
258422,-5.12,-22.33,1014.8,122.5,-175.0,-17.5
258451,-5.25,-22.2,1014.8,122.5,-175.0,-17.5
258480,-5.25,-22.2,1014.8,122.5,-175.0,-35.0
258509,-5.25,-22.2,1014.8,122.5,-175.0,-35.0
258538,-5.25,-22.2,1014.8,105.0,-175.0,-35.0
258568,-5.25,-22.2,1014.8,105.0,-175.0,-35.0
258597,-5.25,-22.2,1014.8,105.0,-175.0,-35.0
258627,-5.25,-22.2,1014.8,105.0,-175.0,-17.5
258656,-5.25,-22.33,1014.8,105.0,-192.5,-35.0
258686,-5.12,-22.2,1014.8,122.5,-175.0,-17.5
258715,-5.25,-22.33,1014.8,122.5,-175.0,-17.5
258745,-5.12,-22.2,1014.8,105.0,-175.0,-17.5
258774,-5.25,-22.33,1014.8,122.5,-192.5,-35.0
258804,-5.12,-22.33,1014.8,105.0,-175.0,-35.0
258833,-5.12,-22.2,1014.8,122.5,-192.5,-35.0
258863,-5.25,-22.33,1014.8,122.5,-175.0,-17.5
258892,-5.12,-22.33,1014.8,122.5,-175.0,-17.5
258922,-5.25,-22.2,1014.8,140.0,-175.0,-17.5
258951,-5.12,-22.33,1014.8,105.0,-175.0,-17.5
258980,-5.12,-22.2,1014.8,122.5,-175.0,-35.0
259009,-5.12,-22.33,1014.92,105.0,-175.0,-35.0
259038,-5.12,-22.2,1014.92,122.5,-192.5,-35.0
259067,-5.12,-22.2,1014.92,105.0,-192.5,-35.0
259096,-5.12,-22.2,1014.92,105.0,-175.0,-35.0
259125,-5.12,-22.2,1014.92,122.5,-175.0,-35.0
259154,-5.12,-22.2,1014.92,122.5,-175.0,-17.5
259184,-5.12,-22.2,1014.92,140.0,-175.0,-17.5
259213,-5.12,-22.2,1015.04,122.5,-192.5,-17.5
259243,-5.12,-22.2,1015.04,122.5,-192.5,-35.0
259272,-5.12,-22.2,1015.04,122.5,-175.0,-35.0
259302,-5.12,-22.2,1015.04,140.0,-192.5,-17.5
259331,-5.12,-22.2,1015.04,105.0,-157.5,-17.5
259361,-5.12,-22.2,1015.04,105.0,-175.0,-35.0
259390,-5.12,-22.2,1015.04,122.5,-175.0,-35.0
259420,-5.12,-22.2,1015.04,105.0,-175.0,-35.0
259449,-5.25,-22.2,1015.04,140.0,-175.0,-35.0
259479,-5.25,-22.2,1015.04,122.5,-175.0,-17.5
259508,-5.25,-22.2,1015.16,122.5,-175.0,-17.5
259537,-5.12,-22.2,1015.28,122.5,-175.0,-35.0
259566,-5.12,-22.2,1015.28,122.5,-175.0,-35.0
259595,-5.25,-22.2,1015.28,105.0,-175.0,-35.0
259624,-5.12,-22.2,1015.28,122.5,-175.0,-17.5
259653,-5.12,-22.2,1015.28,122.5,-175.0,-17.5
259682,-5.25,-22.2,1015.28,105.0,-175.0,-35.0
259711,-5.25,-22.2,1015.28,122.5,-175.0,-35.0
259741,-5.25,-22.2,1015.28,122.5,-157.5,-17.5
259770,-5.25,-22.2,1015.28,122.5,-175.0,-17.5
259800,-5.25,-22.2,1015.28,105.0,-175.0,-17.5
259829,-5.25,-22.2,1015.41,122.5,-175.0,-35.0
259859,-5.25,-22.2,1015.41,105.0,-192.5,-35.0
259888,-5.25,-22.2,1015.41,122.5,-175.0,-17.5
259918,-5.25,-22.2,1015.41,122.5,-157.5,-17.5
259947,-5.25,-22.2,1015.41,122.5,-175.0,-35.0
259977,-5.25,-22.2,1015.41,122.5,-175.0,-35.0
260006,-5.25,-22.2,1015.41,140.0,-175.0,-35.0
260036,-5.25,-22.2,1015.41,122.5,-175.0,-35.0
260065,-5.37,-22.2,1015.41,122.5,-175.0,-35.0
260094,-5.25,-22.2,1015.41,122.5,-192.5,-17.5
260123,-5.25,-22.2,1015.41,140.0,-175.0,-17.5
260152,-5.37,-22.2,1015.53,122.5,-175.0,-35.0
260181,-5.37,-22.2,1015.53,122.5,-175.0,-35.0
260210,-5.37,-22.2,1015.41,122.5,-192.5,-35.0
260239,-5.37,-22.2,1015.53,105.0,-192.5,-35.0
260268,-5.37,-22.2,1015.53,105.0,-192.5,-35.0
260298,-5.25,-22.2,1015.53,122.5,-175.0,-17.5
260327,-5.25,-22.2,1015.53,122.5,-192.5,-17.5
260357,-5.25,-22.2,1015.53,140.0,-175.0,-35.0
260386,-5.25,-22.2,1015.53,122.5,-175.0,-17.5
260416,-5.25,-22.2,1015.53,140.0,-175.0,-35.0
260445,-5.25,-22.2,1015.53,105.0,-175.0,-35.0
260475,-5.25,-22.2,1015.53,87.5,-175.0,-35.0
260504,-5.25,-22.2,1015.53,105.0,-175.0,-35.0
260534,-5.12,-22.2,1015.53,122.5,-175.0,-17.5
260563,-5.25,-22.2,1015.53,122.5,-175.0,-35.0
260592,-5.25,-22.2,1015.41,140.0,-175.0,-35.0
260621,-5.25,-22.2,1015.41,122.5,-157.5,-35.0
260650,-5.25,-22.2,1015.41,105.0,-175.0,-35.0
260679,-5.25,-22.2,1015.28,122.5,-175.0,-35.0
260708,-5.25,-22.2,1015.28,105.0,-192.5,-35.0
260737,-5.25,-22.2,1015.28,122.5,-175.0,-35.0
260766,-5.25,-22.2,1015.28,122.5,-192.5,-35.0
260796,-5.25,-22.2,1015.28,122.5,-175.0,-35.0
260825,-5.25,-22.2,1015.28,140.0,-175.0,-35.0
260855,-5.25,-22.2,1015.28,140.0,-175.0,-17.5
260884,-5.25,-22.33,1015.28,122.5,-175.0,-35.0
260914,-5.12,-22.2,1015.28,105.0,-175.0,-35.0
260943,-5.12,-22.2,1015.28,122.5,-157.5,-35.0
260973,-5.25,-22.2,1015.41,122.5,-175.0,-35.0
261002,-5.12,-22.2,1015.41,140.0,-175.0,-35.0
261032,-5.12,-22.2,1015.41,122.5,-175.0,-52.5
261061,-5.25,-22.2,1015.41,105.0,-157.5,-35.0
261091,-5.25,-22.2,1015.41,105.0,-157.5,-35.0
261120,-5.12,-22.2,1015.41,105.0,-175.0,-17.5
261149,-5.25,-22.2,1015.41,105.0,-192.5,-35.0
261178,-5.25,-22.2,1015.28,105.0,-175.0,-35.0
261207,-5.25,-22.2,1015.28,122.5,-175.0,-52.5
261236,-5.12,-22.2,1015.28,122.5,-175.0,-35.0
261265,-5.12,-22.2,1015.28,122.5,-175.0,-35.0
261294,-5.12,-22.2,1015.28,122.5,-175.0,-52.5
261323,-5.25,-22.2,1015.28,105.0,-175.0,-52.5
261353,-5.25,-22.2,1015.28,140.0,-175.0,-35.0
261382,-5.25,-22.2,1015.28,140.0,-175.0,-17.5
261412,-5.25,-22.33,1015.28,140.0,-175.0,-17.5
261441,-5.25,-22.2,1015.28,140.0,-175.0,-35.0
261471,-5.25,-22.2,1015.28,140.0,-175.0,-35.0
261500,-5.25,-22.33,1015.28,122.5,-192.5,-52.5
261530,-5.25,-22.33,1015.28,122.5,-192.5,-35.0
261559,-5.25,-22.2,1015.28,122.5,-175.0,-35.0
261589,-5.25,-22.2,1015.28,122.5,-175.0,-35.0
261618,-5.25,-22.2,1015.41,122.5,-175.0,-35.0
261647,-5.25,-22.2,1015.28,122.5,-192.5,-17.5
261676,-5.25,-22.2,1015.28,122.5,-192.5,-17.5
261705,-5.25,-22.2,1015.28,122.5,-175.0,-17.5
261734,-5.25,-22.2,1015.28,122.5,-175.0,-35.0
261763,-5.25,-22.2,1015.41,122.5,-175.0,-35.0
261792,-5.25,-22.2,1015.28,122.5,-192.5,-35.0
261821,-5.25,-22.33,1015.28,122.5,-175.0,-17.5
261851,-5.25,-22.2,1015.41,122.5,-175.0,-17.5
261880,-5.25,-22.2,1015.28,140.0,-157.5,-35.0
261910,-5.25,-22.2,1015.28,122.5,-175.0,-35.0
261939,-5.25,-22.2,1015.28,105.0,-175.0,-35.0
261969,-5.25,-22.2,1015.28,122.5,-192.5,-35.0
261998,-5.25,-22.2,1015.28,122.5,-192.5,-17.5
262028,-5.25,-22.2,1015.28,122.5,-192.5,-17.5
262057,-5.25,-22.33,1015.28,105.0,-192.5,-17.5
262087,-5.25,-22.33,1015.28,105.0,-175.0,-17.5
262116,-5.25,-22.33,1015.28,105.0,-175.0,-35.0
262146,-5.37,-22.2,1015.28,122.5,-175.0,-35.0
262175,-5.37,-22.2,1015.28,122.5,-157.5,-35.0
262204,-5.25,-22.33,1015.16,122.5,-175.0,-35.0
262233,-5.25,-22.2,1015.16,140.0,-175.0,-35.0
262262,-5.25,-22.2,1015.16,140.0,-175.0,-17.5
262291,-5.25,-22.33,1015.16,140.0,-192.5,-35.0
262320,-5.25,-22.33,1015.16,122.5,-175.0,-35.0
262349,-5.25,-22.33,1015.16,140.0,-192.5,-35.0
262378,-5.25,-22.33,1015.16,105.0,-175.0,-35.0
262408,-5.25,-22.2,1015.16,105.0,-175.0,-35.0
262437,-5.25,-22.2,1015.04,105.0,-175.0,-35.0
262467,-5.25,-22.2,1015.04,122.5,-192.5,-35.0
262496,-5.25,-22.2,1015.04,105.0,-175.0,-35.0
262526,-5.37,-22.33,1015.16,122.5,-175.0,-17.5
262555,-5.37,-22.33,1015.16,122.5,-192.5,-35.0
262585,-5.25,-22.2,1015.04,122.5,-157.5,-17.5
262614,-5.25,-22.2,1015.04,122.5,-175.0,-35.0
262644,-5.25,-22.2,1015.04,105.0,-192.5,-35.0
262673,-5.25,-22.2,1015.04,105.0,-192.5,-35.0
262703,-5.25,-22.33,1015.04,105.0,-175.0,-35.0
262732,-5.25,-22.2,1015.04,122.5,-175.0,-17.5
262761,-5.25,-22.2,1015.04,122.5,-175.0,-35.0
262790,-5.25,-22.2,1015.04,122.5,-175.0,-35.0
262819,-5.37,-22.33,1015.04,122.5,-192.5,-35.0
262848,-5.37,-22.33,1014.92,140.0,-175.0,-17.5
262877,-5.37,-22.33,1014.92,105.0,-175.0,0.0
262907,-5.37,-22.2,1014.92,105.0,-192.5,-17.5
262936,-5.37,-22.33,1014.92,87.5,-175.0,-17.5
262966,-5.37,-22.2,1014.92,122.5,-175.0,-17.5
262995,-5.37,-22.2,1015.04,140.0,-175.0,-35.0
263025,-5.37,-22.2,1015.04,122.5,-192.5,-17.5
263054,-5.37,-22.2,1014.92,105.0,-210.0,-35.0
263084,-5.37,-22.33,1014.92,122.5,-175.0,-17.5
263113,-5.37,-22.33,1015.04,122.5,-192.5,-35.0
263143,-5.37,-22.33,1014.92,140.0,-175.0,-35.0
263172,-5.37,-22.2,1015.04,122.5,-192.5,-35.0
263202,-5.37,-22.2,1015.04,122.5,-192.5,-35.0
263231,-5.37,-22.33,1015.04,122.5,-175.0,-35.0
263261,-5.37,-22.33,1015.04,122.5,-175.0,-35.0
263290,-5.37,-22.33,1015.04,122.5,-175.0,-35.0
263319,-5.37,-22.2,1015.04,122.5,-175.0,-35.0
263348,-5.37,-22.33,1015.04,122.5,-175.0,-17.5
263377,-5.37,-22.33,1015.04,122.5,-175.0,-35.0
263406,-5.37,-22.33,1015.04,140.0,-175.0,-35.0
263435,-5.37,-22.33,1015.04,140.0,-175.0,-52.5
263465,-5.37,-22.33,1015.04,122.5,-175.0,-52.5
263494,-5.37,-22.33,1015.04,122.5,-175.0,-35.0
263524,-5.37,-22.33,1015.16,122.5,-175.0,-35.0
263553,-5.25,-22.33,1015.16,122.5,-192.5,-35.0
263583,-5.25,-22.33,1015.16,140.0,-175.0,-35.0
263612,-5.25,-22.33,1015.28,122.5,-192.5,-52.5
263642,-5.25,-22.33,1015.28,105.0,-175.0,-35.0
263671,-5.25,-22.33,1015.16,122.5,-175.0,-35.0
263701,-5.25,-22.33,1015.28,122.5,-175.0,-35.0
263730,-5.37,-22.33,1015.28,105.0,-192.5,-52.5
263760,-5.37,-22.33,1015.16,140.0,-175.0,-52.5
263789,-5.37,-22.33,1015.28,105.0,-175.0,-35.0
263818,-5.37,-22.33,1015.28,105.0,-157.5,-35.0
263847,-5.37,-22.33,1015.28,122.5,-175.0,-17.5
263876,-5.37,-22.2,1015.28,140.0,-175.0,-17.5
263905,-5.37,-22.2,1015.16,105.0,-192.5,-35.0
263934,-5.37,-22.33,1015.28,122.5,-175.0,-35.0
263963,-5.37,-22.33,1015.28,122.5,-175.0,-35.0
263992,-5.37,-22.33,1015.28,122.5,-192.5,-35.0
264022,-5.37,-22.33,1015.28,122.5,-192.5,-17.5
264051,-5.37,-22.33,1015.28,140.0,-175.0,-17.5
264081,-5.37,-22.33,1015.28,122.5,-175.0,-35.0
264110,-5.37,-22.33,1015.28,122.5,-175.0,-35.0
264140,-5.37,-22.33,1015.28,122.5,-175.0,-35.0
264169,-5.37,-22.33,1015.28,122.5,-157.5,-17.5
264199,-5.37,-22.33,1015.28,140.0,-175.0,-17.5
264228,-5.37,-22.2,1015.28,122.5,-175.0,-52.5
264258,-5.37,-22.2,1015.28,122.5,-192.5,-52.5
264287,-5.37,-22.2,1015.28,122.5,-175.0,-35.0
264317,-5.37,-22.2,1015.41,122.5,-157.5,-35.0
264346,-5.37,-22.2,1015.41,122.5,-175.0,-35.0
264375,-5.37,-22.2,1015.41,105.0,-175.0,-35.0
264404,-5.37,-22.2,1015.41,122.5,-210.0,-17.5
264433,-5.37,-22.2,1015.28,105.0,-175.0,-17.5
264462,-5.37,-22.2,1015.28,122.5,-175.0,-17.5
264491,-5.37,-22.2,1015.28,122.5,-192.5,-35.0
264520,-5.37,-22.2,1015.28,122.5,-192.5,-35.0
264549,-5.37,-22.2,1015.28,122.5,-175.0,-35.0
264579,-5.37,-22.2,1015.28,122.5,-175.0,-35.0
264608,-5.37,-22.2,1015.28,140.0,-192.5,-17.5
264638,-5.37,-22.2,1015.28,122.5,-175.0,-17.5
264667,-5.37,-22.2,1015.28,105.0,-157.5,-17.5
264697,-5.37,-22.33,1015.28,140.0,-175.0,-17.5
264726,-5.37,-22.2,1015.28,140.0,-192.5,-35.0
264756,-5.37,-22.2,1015.28,122.5,-192.5,-35.0
264785,-5.37,-22.2,1015.16,122.5,-192.5,-17.5
264815,-5.37,-22.2,1015.28,140.0,-192.5,-35.0
264844,-5.37,-22.2,1015.28,122.5,-175.0,-35.0
264874,-5.37,-22.2,1015.28,122.5,-175.0,-35.0
264903,-5.37,-22.2,1015.28,105.0,-175.0,-35.0
264932,-5.37,-22.2,1015.28,122.5,-157.5,-17.5
264961,-5.25,-22.2,1015.28,122.5,-157.5,-17.5
264990,-5.25,-22.2,1015.28,122.5,-175.0,-35.0
265019,-5.25,-22.2,1015.28,122.5,-175.0,-17.5
265048,-5.25,-22.2,1015.28,122.5,-192.5,-35.0
265077,-5.25,-22.2,1015.28,122.5,-175.0,-35.0
265106,-5.25,-22.2,1015.28,122.5,-175.0,-17.5
265136,-5.25,-22.2,1015.28,122.5,-175.0,-17.5
265165,-5.37,-22.2,1015.28,122.5,-175.0,-17.5
265195,-5.37,-22.2,1015.28,122.5,-175.0,-17.5
265224,-5.37,-22.2,1015.28,122.5,-175.0,-35.0
265254,-5.37,-22.2,1015.28,140.0,-192.5,-35.0
265283,-5.37,-22.2,1015.28,122.5,-175.0,-35.0
265313,-5.25,-22.2,1015.41,122.5,-175.0,-35.0
265342,-5.25,-22.2,1015.28,105.0,-175.0,-35.0
265372,-5.37,-22.2,1015.41,140.0,-175.0,-17.5
265401,-5.37,-22.2,1015.41,105.0,-210.0,-35.0
265431,-5.25,-22.2,1015.41,122.5,-192.5,-17.5
265460,-5.25,-22.2,1015.41,140.0,-157.5,-17.5
265489,-5.25,-22.2,1015.41,122.5,-175.0,-17.5
265518,-5.25,-22.2,1015.41,105.0,-192.5,-17.5
265547,-5.25,-22.2,1015.41,140.0,-192.5,-17.5
265576,-5.25,-22.2,1015.28,122.5,-192.5,-35.0
265605,-5.25,-22.2,1015.41,140.0,-175.0,-35.0
265634,-5.25,-22.2,1015.41,122.5,-175.0,-52.5
265663,-5.25,-22.2,1015.41,140.0,-175.0,-35.0
265693,-5.25,-22.2,1015.41,122.5,-175.0,-35.0
265722,-5.25,-22.2,1015.41,122.5,-175.0,-35.0
265752,-5.25,-22.2,1015.41,122.5,-157.5,-35.0
265781,-5.25,-22.2,1015.41,140.0,-192.5,-35.0
265811,-5.25,-22.2,1015.53,140.0,-192.5,-17.5
265840,-5.25,-22.2,1015.53,122.5,-157.5,-17.5
265870,-5.25,-22.2,1015.53,105.0,-157.5,-17.5
265899,-5.25,-22.2,1015.53,122.5,-192.5,-35.0
265929,-5.25,-22.2,1015.53,140.0,-210.0,-35.0
265958,-5.25,-22.2,1015.41,122.5,-192.5,-35.0
265988,-5.25,-22.2,1015.41,122.5,-175.0,-35.0
266017,-5.25,-22.2,1015.53,122.5,-157.5,-35.0
266046,-5.25,-22.2,1015.41,122.5,-192.5,-35.0
266075,-5.25,-22.2,1015.41,105.0,-192.5,-52.5
266104,-5.25,-22.2,1015.53,122.5,-175.0,-35.0
266133,-5.25,-22.2,1015.41,140.0,-175.0,-35.0
266162,-5.25,-22.2,1015.53,122.5,-175.0,-35.0
266191,-5.25,-22.2,1015.53,122.5,-175.0,-35.0
266220,-5.12,-22.2,1015.41,105.0,-175.0,-52.5
266250,-5.12,-22.2,1015.53,122.5,-192.5,-35.0
266279,-5.12,-22.2,1015.41,140.0,-175.0,-17.5
266309,-5.25,-22.2,1015.53,122.5,-175.0,-17.5
266338,-5.25,-22.2,1015.53,105.0,-175.0,-35.0
266368,-5.25,-22.2,1015.41,122.5,-192.5,-17.5
266397,-5.25,-22.2,1015.53,105.0,-175.0,-35.0
266427,-5.25,-22.2,1015.53,122.5,-175.0,-52.5
266456,-5.25,-22.2,1015.53,140.0,-175.0,-35.0
266486,-5.25,-22.2,1015.53,122.5,-192.5,-35.0
266515,-5.25,-22.2,1015.53,122.5,-192.5,-35.0
266545,-5.12,-22.2,1015.53,140.0,-192.5,-35.0
266574,-5.12,-22.2,1015.53,140.0,-175.0,-35.0
266604,-5.12,-22.2,1015.53,140.0,-175.0,-35.0
266633,-5.12,-22.2,1015.53,122.5,-175.0,-35.0
266662,-5.25,-22.2,1015.53,105.0,-175.0,-35.0
266691,-5.12,-22.2,1015.53,105.0,-175.0,-17.5
266720,-5.25,-22.2,1015.53,105.0,-157.5,-17.5
266749,-5.25,-22.2,1015.53,122.5,-175.0,-35.0
266778,-5.25,-22.2,1015.53,122.5,-192.5,-35.0
266807,-5.25,-22.2,1015.53,122.5,-192.5,-35.0
266836,-5.12,-22.2,1015.53,122.5,-175.0,-17.5
266866,-5.25,-22.2,1015.53,140.0,-175.0,-17.5
266895,-5.25,-22.2,1015.53,140.0,-175.0,-35.0
266925,-5.25,-22.2,1015.53,140.0,-175.0,-35.0
266954,-5.25,-22.2,1015.53,105.0,-192.5,-35.0
266984,-5.12,-22.2,1015.53,105.0,-175.0,-35.0
267013,-5.12,-22.2,1015.53,105.0,-157.5,-17.5
267043,-5.25,-22.2,1015.53,122.5,-175.0,-17.5
267072,-5.25,-22.2,1015.53,122.5,-175.0,-17.5
267102,-5.12,-22.2,1015.53,122.5,-175.0,-35.0
267131,-5.12,-22.2,1015.53,140.0,-175.0,-35.0
267161,-5.25,-22.2,1015.41,122.5,-175.0,-17.5
267190,-5.12,-22.2,1015.41,122.5,-192.5,-17.5
267219,-5.25,-22.2,1015.41,140.0,-175.0,-52.5
267248,-5.25,-22.2,1015.41,122.5,-175.0,-35.0
267277,-5.25,-22.2,1015.41,105.0,-175.0,-35.0
267306,-5.25,-22.2,1015.41,122.5,-175.0,-35.0
267335,-5.25,-22.2,1015.41,140.0,-192.5,-35.0
267364,-5.25,-22.2,1015.41,122.5,-192.5,-17.5
267393,-5.25,-22.2,1015.41,105.0,-175.0,-17.5
267423,-5.25,-22.2,1015.41,105.0,-175.0,-35.0
267452,-5.37,-22.2,1015.41,122.5,-192.5,-35.0
267482,-5.25,-22.2,1015.41,140.0,-192.5,-17.5
267511,-5.25,-22.2,1015.41,140.0,-175.0,-35.0
267541,-5.25,-22.2,1015.41,140.0,-175.0,-35.0
267570,-5.25,-22.2,1015.41,105.0,-175.0,-35.0
267600,-5.25,-22.2,1015.28,122.5,-192.5,-35.0
267629,-5.25,-22.2,1015.28,122.5,-192.5,-35.0
267659,-5.25,-22.2,1015.28,105.0,-175.0,-35.0
267688,-5.25,-22.2,1015.28,122.5,-175.0,-35.0
267718,-5.25,-22.2,1015.28,122.5,-192.5,-17.5
267747,-5.25,-22.2,1015.28,122.5,-175.0,-35.0
267776,-5.25,-22.2,1015.28,105.0,-175.0,-35.0
267805,-5.25,-22.2,1015.28,122.5,-175.0,-35.0
267834,-5.25,-22.2,1015.28,122.5,-175.0,-17.5
267863,-5.25,-22.2,1015.28,122.5,-175.0,-17.5
267892,-5.25,-22.2,1015.28,140.0,-175.0,-17.5
267921,-5.25,-22.2,1015.28,122.5,-175.0,-17.5
267950,-5.25,-22.2,1015.16,140.0,-192.5,-35.0
267979,-5.25,-22.2,1015.16,122.5,-192.5,-35.0
268008,-5.25,-22.2,1015.16,122.5,-175.0,-35.0
268038,-5.25,-22.2,1015.16,122.5,-175.0,-17.5
268067,-5.25,-22.2,1015.16,122.5,-175.0,-17.5
268097,-5.12,-22.2,1015.16,122.5,-175.0,-35.0
268126,-5.12,-22.2,1015.16,122.5,-175.0,-35.0
268156,-5.12,-22.2,1015.16,140.0,-175.0,-35.0
268185,-5.25,-22.2,1015.04,105.0,-175.0,-35.0
268215,-5.12,-22.2,1015.16,122.5,-175.0,-35.0
268244,-5.12,-22.2,1015.04,122.5,-175.0,-35.0
268274,-5.12,-22.2,1015.04,122.5,-175.0,-35.0
268303,-5.12,-22.2,1015.04,122.5,-175.0,-17.5
268333,-5.12,-22.2,1014.92,122.5,-192.5,-35.0
268362,-5.25,-22.2,1014.92,105.0,-175.0,-17.5
268391,-5.12,-22.33,1014.92,122.5,-192.5,0.0
268421,-5.25,-22.33,1014.92,140.0,-175.0,-17.5
268450,-5.25,-22.33,1014.92,140.0,-175.0,-35.0
268479,-5.12,-22.2,1014.92,122.5,-175.0,-35.0
268508,-5.25,-22.33,1014.8,122.5,-192.5,-35.0
268537,-5.25,-22.2,1014.8,105.0,-175.0,-17.5
268566,-5.25,-22.33,1014.8,122.5,-192.5,-35.0
268596,-5.25,-22.2,1014.8,140.0,-175.0,-35.0
268625,-5.12,-22.33,1014.8,122.5,-175.0,-17.5
268655,-5.25,-22.2,1014.8,122.5,-175.0,-35.0
268684,-5.12,-22.33,1014.8,105.0,-157.5,-35.0
268714,-5.25,-22.33,1014.8,122.5,-157.5,-35.0
268743,-5.25,-22.33,1014.8,122.5,-175.0,-35.0
268773,-5.25,-22.33,1014.8,122.5,-175.0,-35.0
268802,-5.25,-22.2,1014.8,122.5,-175.0,-35.0
268832,-5.25,-22.2,1014.8,122.5,-175.0,-17.5
268861,-5.25,-22.33,1014.8,105.0,-175.0,-35.0
268891,-5.25,-22.33,1014.8,122.5,-192.5,-35.0
268920,-5.25,-22.33,1014.8,122.5,-175.0,-35.0
268950,-5.25,-22.33,1014.8,105.0,-175.0,-52.5
268979,-5.12,-22.33,1014.8,122.5,-175.0,-35.0
269008,-5.12,-22.33,1014.8,140.0,-192.5,-35.0
269037,-5.12,-22.33,1014.8,122.5,-192.5,-35.0
269066,-5.12,-22.33,1014.8,140.0,-175.0,-17.5
269095,-5.12,-22.33,1014.8,140.0,-175.0,-35.0
269124,-5.12,-22.33,1014.8,122.5,-192.5,-17.5
269153,-5.25,-22.33,1014.8,140.0,-175.0,-35.0
269182,-5.12,-22.33,1014.8,122.5,-175.0,-17.5
269212,-5.12,-22.33,1014.8,105.0,-175.0,-17.5
269241,-5.25,-22.33,1014.8,105.0,-175.0,-35.0
269271,-5.25,-22.33,1014.92,122.5,-175.0,-17.5
269300,-5.25,-22.33,1014.92,122.5,-175.0,-17.5
269330,-5.12,-22.33,1014.92,87.5,-175.0,-35.0
269359,-5.25,-22.33,1015.04,105.0,-175.0,-35.0
269389,-5.25,-22.33,1014.92,140.0,-175.0,-35.0
269418,-5.25,-22.33,1015.04,140.0,-175.0,-35.0
269448,-5.25,-22.33,1015.04,140.0,-175.0,-35.0
269477,-5.25,-22.33,1015.04,122.5,-192.5,-35.0
269507,-5.25,-22.33,1015.04,122.5,-175.0,-17.5
269536,-5.25,-22.33,1015.04,122.5,-192.5,-17.5
269566,-5.25,-22.33,1015.04,122.5,-175.0,-35.0
269595,-5.25,-22.33,1015.04,105.0,-175.0,-35.0
269625,-5.25,-22.33,1015.04,105.0,-175.0,-35.0
269654,-5.25,-22.33,1014.92,122.5,-175.0,-35.0
269683,-5.25,-22.33,1015.04,122.5,-157.5,-35.0
269712,-5.25,-22.33,1014.92,122.5,-175.0,-35.0
269741,-5.25,-22.33,1015.04,140.0,-175.0,-17.5
269770,-5.25,-22.33,1015.04,122.5,-175.0,-17.5
269799,-5.25,-22.33,1015.04,122.5,-157.5,-17.5
269828,-5.25,-22.33,1015.04,122.5,-175.0,-35.0
269857,-5.25,-22.33,1015.04,140.0,-175.0,-17.5
269887,-5.25,-22.33,1015.04,122.5,-192.5,-17.5
269916,-5.25,-22.33,1014.92,122.5,-175.0,-35.0
269946,-5.25,-22.33,1014.92,105.0,-192.5,-35.0
269975,-5.25,-22.33,1014.92,122.5,-192.5,-17.5
270005,-5.25,-22.33,1014.92,122.5,-192.5,-35.0
270034,-5.25,-22.33,1014.92,122.5,-192.5,-35.0
270064,-5.25,-22.33,1014.8,122.5,-175.0,-17.5
270093,-5.25,-22.33,1014.8,122.5,-175.0,-35.0
270123,-5.25,-22.33,1014.8,122.5,-175.0,-17.5
270152,-5.25,-22.33,1014.8,122.5,-175.0,-35.0
270182,-5.25,-22.33,1014.8,122.5,-192.5,-35.0
270211,-5.25,-22.33,1014.8,122.5,-175.0,-35.0
270241,-5.25,-22.33,1014.8,122.5,-175.0,-35.0
270270,-5.25,-22.33,1014.8,122.5,-175.0,-35.0
270299,-5.25,-22.33,1014.92,105.0,-175.0,-35.0
270328,-5.25,-22.33,1014.92,122.5,-157.5,-35.0
270357,-5.25,-22.33,1014.92,105.0,-175.0,-17.5
270386,-5.37,-22.33,1014.92,122.5,-175.0,-35.0
270415,-5.25,-22.33,1014.92,122.5,-192.5,-17.5
270444,-5.37,-22.33,1014.92,105.0,-192.5,-52.5
270473,-5.37,-22.33,1014.92,122.5,-175.0,-17.5
270502,-5.37,-22.33,1014.8,140.0,-175.0,-17.5
270531,-5.37,-22.45,1014.92,105.0,-157.5,-35.0
270561,-5.37,-22.45,1014.92,122.5,-175.0,-17.5
270590,-5.37,-22.45,1014.92,122.5,-175.0,-17.5
270620,-5.37,-22.45,1014.92,122.5,-175.0,-35.0
270649,-5.37,-22.45,1014.92,105.0,-175.0,-35.0
270679,-5.37,-22.45,1014.92,122.5,-175.0,-35.0
270708,-5.37,-22.45,1014.92,140.0,-175.0,-35.0
270738,-5.37,-22.33,1014.92,122.5,-175.0,-17.5
270767,-5.37,-22.45,1014.92,122.5,-192.5,-17.5
270797,-5.37,-22.33,1014.92,122.5,-192.5,-35.0
270826,-5.37,-22.45,1015.04,122.5,-175.0,-17.5
270856,-5.37,-22.33,1015.04,122.5,-175.0,-17.5
270885,-5.37,-22.33,1015.04,122.5,-192.5,-35.0
270915,-5.37,-22.33,1014.92,140.0,-175.0,-17.5
270944,-5.37,-22.45,1014.92,122.5,-175.0,-17.5
270973,-5.37,-22.45,1015.04,122.5,-175.0,-35.0
271002,-5.25,-22.45,1014.92,122.5,-175.0,-17.5
271031,-5.25,-22.45,1014.92,122.5,-175.0,-35.0
271060,-5.25,-22.45,1014.92,122.5,-192.5,-17.5
271089,-5.25,-22.45,1014.92,122.5,-175.0,-35.0
271118,-5.25,-22.45,1014.92,122.5,-175.0,-35.0
271147,-5.25,-22.45,1014.92,105.0,-192.5,-35.0
271177,-5.25,-22.45,1015.04,105.0,-175.0,-17.5
271206,-5.25,-22.45,1015.04,122.5,-175.0,-35.0
271236,-5.25,-22.45,1015.04,140.0,-175.0,-35.0
271265,-5.25,-22.45,1015.04,105.0,-175.0,-35.0
271295,-5.25,-22.45,1015.04,122.5,-175.0,-35.0
271324,-5.25,-22.45,1015.04,105.0,-175.0,-35.0
271354,-5.37,-22.33,1015.04,105.0,-175.0,-17.5
271383,-5.37,-22.33,1015.04,122.5,-175.0,-35.0
271413,-5.37,-22.45,1015.04,122.5,-175.0,-35.0
271442,-5.25,-22.33,1015.16,122.5,-175.0,-35.0
271472,-5.25,-22.33,1015.16,105.0,-175.0,-35.0
271501,-5.25,-22.33,1015.28,122.5,-175.0,-35.0
271530,-5.37,-22.33,1015.28,122.5,-175.0,-35.0
271559,-5.37,-22.33,1015.28,140.0,-175.0,-35.0
271588,-5.37,-22.33,1015.28,122.5,-175.0,-35.0
271617,-5.37,-22.33,1015.28,122.5,-175.0,-17.5
271646,-5.37,-22.33,1015.28,122.5,-175.0,-17.5
271675,-5.37,-22.33,1015.28,140.0,-192.5,-35.0
271704,-5.25,-22.33,1015.28,122.5,-192.5,-35.0
271733,-5.25,-22.33,1015.28,140.0,-175.0,-17.5
271762,-5.37,-22.33,1015.28,122.5,-175.0,-35.0
271792,-5.25,-22.33,1015.28,122.5,-175.0,-35.0
271821,-5.25,-22.33,1015.28,122.5,-192.5,-35.0
271851,-5.37,-22.33,1015.28,122.5,-175.0,-35.0
271880,-5.37,-22.33,1015.28,140.0,-175.0,-17.5
271910,-5.37,-22.33,1015.28,122.5,-175.0,-35.0
271939,-5.37,-22.2,1015.28,122.5,-175.0,-35.0
271969,-5.25,-22.33,1015.28,105.0,-175.0,-35.0
271998,-5.25,-22.33,1015.28,105.0,-175.0,-35.0
272028,-5.25,-22.33,1015.28,122.5,-175.0,-17.5
272057,-5.25,-22.33,1015.28,140.0,-175.0,-35.0
272087,-5.25,-22.2,1015.28,105.0,-192.5,-35.0
272116,-5.25,-22.33,1015.28,122.5,-175.0,-35.0
272145,-5.12,-22.33,1015.28,105.0,-175.0,-35.0
272174,-5.25,-22.33,1015.28,122.5,-192.5,-17.5
272203,-5.25,-22.33,1015.41,122.5,-175.0,-35.0
272232,-5.25,-22.33,1015.41,122.5,-175.0,-17.5
272261,-5.25,-22.33,1015.41,122.5,-175.0,-17.5
272290,-5.25,-22.33,1015.41,122.5,-175.0,-35.0
272319,-5.25,-22.33,1015.41,105.0,-175.0,-35.0
272349,-5.25,-22.33,1015.53,122.5,-175.0,-35.0
272378,-5.37,-22.33,1015.41,122.5,-175.0,-35.0
272408,-5.25,-22.2,1015.53,122.5,-175.0,-35.0
272437,-5.25,-22.2,1015.41,105.0,-192.5,-17.5
272467,-5.37,-22.2,1015.41,122.5,-175.0,-17.5
272496,-5.37,-22.33,1015.41,122.5,-175.0,-35.0
272526,-5.37,-22.2,1015.41,122.5,-175.0,-35.0
272555,-5.37,-22.2,1015.41,122.5,-192.5,-35.0
272585,-5.37,-22.2,1015.53,105.0,-175.0,-35.0
272614,-5.37,-22.2,1015.41,122.5,-175.0,-35.0
272644,-5.37,-22.2,1015.53,105.0,-192.5,-52.5
272673,-5.37,-22.33,1015.41,122.5,-175.0,-35.0
272702,-5.37,-22.2,1015.53,122.5,-175.0,-35.0
272731,-5.37,-22.33,1015.41,122.5,-175.0,-35.0
272760,-5.37,-22.33,1015.41,122.5,-175.0,-35.0
272789,-5.37,-22.2,1015.41,140.0,-175.0,-35.0
272818,-5.37,-22.33,1015.41,122.5,-175.0,-35.0
272847,-5.37,-22.2,1015.41,140.0,-175.0,-35.0
272876,-5.25,-22.33,1015.41,122.5,-175.0,-35.0
272906,-5.25,-22.33,1015.41,140.0,-175.0,-17.5
272935,-5.25,-22.2,1015.41,122.5,-175.0,-17.5
272965,-5.37,-22.33,1015.28,122.5,-192.5,-17.5
272994,-5.37,-22.2,1015.28,122.5,-175.0,-35.0
273024,-5.37,-22.33,1015.28,122.5,-175.0,-35.0
273053,-5.37,-22.33,1015.28,140.0,-175.0,-35.0
273083,-5.37,-22.33,1015.28,122.5,-192.5,-17.5
273112,-5.37,-22.33,1015.28,122.5,-175.0,-52.5
273142,-5.37,-22.33,1015.28,122.5,-175.0,-35.0
273171,-5.37,-22.33,1015.28,122.5,-175.0,-17.5
273201,-5.37,-22.33,1015.28,122.5,-175.0,-52.5
273230,-5.37,-22.33,1015.28,140.0,-175.0,-35.0
273259,-5.37,-22.33,1015.28,122.5,-175.0,-35.0
273288,-5.37,-22.33,1015.28,105.0,-175.0,-35.0
273317,-5.37,-22.33,1015.41,105.0,-175.0,-52.5
273346,-5.37,-22.33,1015.41,122.5,-157.5,-35.0
273375,-5.37,-22.33,1015.41,122.5,-157.5,-52.5
273404,-5.37,-22.33,1015.41,105.0,-175.0,-35.0
273433,-5.37,-22.33,1015.41,105.0,-175.0,-35.0
273462,-5.37,-22.33,1015.41,105.0,-175.0,-17.5
273491,-5.37,-22.33,1015.41,105.0,-192.5,-35.0
273521,-5.37,-22.33,1015.41,122.5,-175.0,-17.5
273550,-5.37,-22.33,1015.41,105.0,-192.5,-35.0
273580,-5.37,-22.33,1015.41,122.5,-175.0,-35.0
273609,-5.37,-22.33,1015.53,105.0,-175.0,-17.5
273639,-5.37,-22.33,1015.53,105.0,-175.0,-35.0
273668,-5.37,-22.33,1015.53,122.5,-192.5,-17.5
273698,-5.37,-22.33,1015.53,122.5,-192.5,-17.5
273727,-5.25,-22.33,1015.53,122.5,-192.5,-35.0
273757,-5.37,-22.33,1015.53,122.5,-175.0,-17.5
273786,-5.37,-22.33,1015.41,122.5,-192.5,-35.0
273816,-5.37,-22.33,1015.41,105.0,-175.0,-35.0
273845,-5.37,-22.33,1015.41,122.5,-175.0,-52.5
273874,-5.37,-22.33,1015.41,122.5,-175.0,-35.0
273903,-5.37,-22.33,1015.41,122.5,-157.5,-35.0
273932,-5.37,-22.33,1015.53,122.5,-175.0,-17.5
273961,-5.37,-22.33,1015.53,105.0,-175.0,-17.5
273990,-5.37,-22.33,1015.41,122.5,-157.5,-17.5
274019,-5.37,-22.33,1015.41,122.5,-157.5,-35.0
274048,-5.37,-22.33,1015.41,122.5,-157.5,-17.5
274078,-5.37,-22.33,1015.28,105.0,-175.0,-35.0
274107,-5.37,-22.33,1015.28,105.0,-192.5,-17.5
274137,-5.37,-22.45,1015.28,122.5,-192.5,-17.5
274166,-5.37,-22.45,1015.16,122.5,-175.0,-35.0
274196,-5.37,-22.45,1015.16,122.5,-175.0,-17.5
274225,-5.37,-22.45,1015.16,122.5,-175.0,-35.0
274255,-5.37,-22.45,1015.04,122.5,-157.5,-17.5
274284,-5.37,-22.45,1015.04,105.0,-175.0,-35.0
274314,-5.37,-22.45,1015.04,105.0,-192.5,-35.0
274343,-5.37,-22.45,1015.04,122.5,-210.0,-17.5
274373,-5.37,-22.45,1015.04,105.0,-175.0,-17.5
274402,-5.37,-22.45,1015.04,105.0,-175.0,-17.5
274431,-5.37,-22.45,1015.04,105.0,-192.5,-17.5
274460,-5.37,-22.45,1015.04,122.5,-175.0,-35.0
274489,-5.37,-22.45,1014.92,122.5,-175.0,-17.5
274518,-5.37,-22.45,1014.92,122.5,-175.0,-35.0
274547,-5.37,-22.45,1015.04,122.5,-175.0,-35.0
274576,-5.37,-22.45,1014.92,122.5,-175.0,-35.0
274605,-5.37,-22.33,1014.92,122.5,-175.0,-17.5
274634,-5.37,-22.45,1014.92,122.5,-157.5,-35.0
274663,-5.37,-22.45,1015.04,122.5,-175.0,-17.5
274693,-5.37,-22.33,1014.92,122.5,-175.0,-35.0
274722,-5.37,-22.33,1014.92,122.5,-175.0,-35.0
274752,-5.37,-22.33,1015.04,122.5,-175.0,-17.5
274781,-5.37,-22.33,1015.04,122.5,-157.5,0.0
274811,-5.37,-22.33,1014.92,122.5,-192.5,-17.5
274840,-5.37,-22.33,1015.04,105.0,-175.0,-17.5
274870,-5.37,-22.45,1015.04,122.5,-175.0,-35.0
274899,-5.37,-22.45,1014.92,122.5,-175.0,-35.0
274929,-5.37,-22.33,1015.04,122.5,-175.0,-52.5
274958,-5.37,-22.45,1014.92,105.0,-175.0,-35.0
274988,-5.37,-22.45,1014.92,122.5,-175.0,-35.0
275017,-5.37,-22.33,1015.04,105.0,-175.0,-17.5
275046,-5.37,-22.45,1014.92,105.0,-192.5,-35.0
275075,-5.37,-22.33,1014.92,122.5,-175.0,-35.0
275104,-5.37,-22.45,1014.92,122.5,-192.5,-35.0
275133,-5.37,-22.45,1014.92,122.5,-175.0,-17.5
275162,-5.37,-22.45,1015.04,122.5,-175.0,-35.0
275191,-5.37,-22.33,1015.04,122.5,-175.0,-35.0
275220,-5.37,-22.33,1015.04,122.5,-175.0,-17.5
275250,-5.37,-22.33,1014.92,122.5,-175.0,-35.0
275279,-5.37,-22.33,1014.92,122.5,-175.0,-35.0
275309,-5.37,-22.33,1015.04,105.0,-175.0,-35.0
275338,-5.37,-22.33,1015.04,122.5,-192.5,-35.0
275368,-5.37,-22.33,1015.04,140.0,-175.0,-35.0
275397,-5.37,-22.33,1015.04,122.5,-157.5,-35.0
275427,-5.37,-22.33,1015.04,140.0,-192.5,-35.0
275456,-5.37,-22.33,1015.04,140.0,-192.5,-35.0
275486,-5.37,-22.33,1015.04,122.5,-192.5,-35.0
275515,-5.37,-22.33,1015.04,122.5,-192.5,-17.5
275545,-5.37,-22.33,1015.04,105.0,-192.5,-35.0
275574,-5.37,-22.33,1015.04,122.5,-175.0,-35.0
275603,-5.37,-22.33,1015.04,122.5,-175.0,-35.0
275632,-5.37,-22.33,1015.16,122.5,-175.0,-35.0
275661,-5.37,-22.33,1015.16,122.5,-175.0,-52.5
275690,-5.37,-22.33,1015.16,122.5,-175.0,-35.0
275719,-5.37,-22.33,1015.16,105.0,-192.5,-17.5
275748,-5.25,-22.33,1015.16,122.5,-175.0,-17.5
275777,-5.37,-22.33,1015.28,122.5,-192.5,-17.5
275807,-5.25,-22.33,1015.28,105.0,-175.0,-35.0
275836,-5.37,-22.33,1015.28,105.0,-175.0,-35.0
275866,-5.25,-22.33,1015.28,122.5,-192.5,-52.5
275895,-5.25,-22.33,1015.28,122.5,-157.5,-35.0
275925,-5.37,-22.33,1015.28,122.5,-192.5,-35.0
275954,-5.25,-22.33,1015.41,105.0,-157.5,-17.5
275984,-5.25,-22.33,1015.41,122.5,-157.5,-35.0
276013,-5.25,-22.33,1015.41,140.0,-175.0,-35.0
276043,-5.25,-22.33,1015.41,122.5,-175.0,-17.5
276072,-5.25,-22.33,1015.41,122.5,-175.0,-17.5
276102,-5.25,-22.33,1015.53,105.0,-175.0,-17.5
276131,-5.25,-22.33,1015.53,122.5,-175.0,-35.0
276160,-5.25,-22.33,1015.41,122.5,-192.5,-35.0
276189,-5.37,-22.33,1015.53,122.5,-192.5,-35.0
276218,-5.25,-22.33,1015.53,122.5,-175.0,-35.0
276247,-5.25,-22.2,1015.41,122.5,-175.0,-35.0
276276,-5.25,-22.33,1015.53,140.0,-175.0,-35.0
276305,-5.25,-22.33,1015.53,140.0,-192.5,-52.5
276334,-5.25,-22.33,1015.53,122.5,-192.5,-52.5
276363,-5.25,-22.2,1015.53,122.5,-175.0,-35.0
276392,-5.25,-22.2,1015.53,122.5,-175.0,-17.5
276422,-5.25,-22.2,1015.53,122.5,-175.0,-35.0
276451,-5.25,-22.33,1015.53,122.5,-175.0,-35.0
276481,-5.25,-22.2,1015.53,122.5,-192.5,-17.5
276510,-5.25,-22.2,1015.53,105.0,-175.0,-17.5
276540,-5.25,-22.33,1015.53,122.5,-175.0,-35.0
276569,-5.25,-22.2,1015.53,122.5,-175.0,-35.0
276599,-5.25,-22.2,1015.53,140.0,-192.5,-35.0
276628,-5.25,-22.2,1015.53,140.0,-175.0,-35.0
276658,-5.25,-22.2,1015.53,122.5,-175.0,-35.0
276687,-5.25,-22.2,1015.41,122.5,-175.0,-35.0
276717,-5.25,-22.2,1015.41,122.5,-175.0,-17.5
276746,-5.12,-22.33,1015.41,105.0,-175.0,-35.0
276775,-5.25,-22.2,1015.28,122.5,-175.0,-52.5
276804,-5.12,-22.2,1015.28,122.5,-175.0,-35.0
276833,-5.25,-22.2,1015.28,122.5,-192.5,-35.0
276862,-5.12,-22.2,1015.28,105.0,-192.5,-17.5
276891,-5.25,-22.2,1015.28,122.5,-175.0,-17.5
276920,-5.25,-22.2,1015.28,122.5,-192.5,-35.0
276949,-5.25,-22.2,1015.28,140.0,-192.5,-35.0
276979,-5.25,-22.2,1015.28,122.5,-175.0,-35.0
277008,-5.12,-22.2,1015.28,122.5,-157.5,-17.5
277038,-5.25,-22.2,1015.41,122.5,-175.0,-17.5
277067,-5.25,-22.2,1015.53,122.5,-175.0,-35.0
277097,-5.25,-22.2,1015.53,122.5,-175.0,-35.0
277126,-5.25,-22.2,1015.41,122.5,-175.0,-35.0
277156,-5.25,-22.33,1015.53,122.5,-175.0,-35.0
277185,-5.37,-22.33,1015.41,105.0,-175.0,-17.5
277215,-5.25,-22.33,1015.53,140.0,-175.0,-17.5
277244,-5.25,-22.2,1015.41,140.0,-175.0,-17.5
277274,-5.25,-22.2,1015.41,122.5,-192.5,-17.5
277303,-5.25,-22.33,1015.41,122.5,-175.0,-35.0
277332,-5.25,-22.33,1015.53,140.0,-175.0,-17.5
277361,-5.25,-22.2,1015.41,122.5,-192.5,-35.0
277390,-5.25,-22.2,1015.53,122.5,-175.0,-35.0
277419,-5.25,-22.2,1015.53,122.5,-175.0,-17.5
277448,-5.25,-22.33,1015.53,122.5,-175.0,-35.0
277477,-5.25,-22.33,1015.53,140.0,-157.5,-17.5
277506,-5.25,-22.33,1015.53,140.0,-175.0,-17.5
277536,-5.25,-22.2,1015.41,105.0,-192.5,-35.0
277565,-5.25,-22.2,1015.41,122.5,-175.0,-35.0
277595,-5.25,-22.33,1015.41,140.0,-175.0,-35.0
277624,-5.25,-22.33,1015.41,122.5,-175.0,-35.0
277654,-5.25,-22.33,1015.41,122.5,-175.0,-17.5
277683,-5.25,-22.2,1015.41,122.5,-175.0,-17.5
277713,-5.25,-22.2,1015.41,105.0,-192.5,-17.5
277742,-5.25,-22.2,1015.41,122.5,-175.0,-17.5
277772,-5.12,-22.33,1015.41,105.0,-175.0,-17.5
277801,-5.25,-22.2,1015.41,105.0,-175.0,-17.5
277830,-5.12,-22.2,1015.41,122.5,-175.0,-17.5
277859,-5.25,-22.33,1015.41,122.5,-157.5,-35.0
277888,-5.12,-22.33,1015.41,122.5,-175.0,-17.5
277917,-5.12,-22.33,1015.41,122.5,-157.5,-17.5
277946,-5.25,-22.33,1015.41,122.5,-175.0,-17.5
277975,-5.25,-22.2,1015.41,122.5,-175.0,-35.0
278004,-5.25,-22.2,1015.41,122.5,-192.5,-35.0
278033,-5.12,-22.33,1015.41,140.0,-175.0,-35.0
278062,-5.25,-22.2,1015.41,122.5,-157.5,-17.5
278092,-5.12,-22.2,1015.41,105.0,-192.5,-35.0
278121,-5.12,-22.2,1015.41,122.5,-175.0,-17.5
278151,-5.25,-22.2,1015.41,122.5,-175.0,-35.0
278180,-5.12,-22.2,1015.53,105.0,-175.0,-17.5
278210,-5.12,-22.2,1015.41,122.5,-175.0,-35.0
278239,-5.12,-22.2,1015.41,122.5,-175.0,-35.0
278269,-5.12,-22.2,1015.41,122.5,-157.5,-17.5
278298,-5.12,-22.2,1015.41,122.5,-175.0,-35.0
278328,-5.12,-22.2,1015.41,122.5,-175.0,-35.0
278357,-5.12,-22.2,1015.41,105.0,-175.0,-35.0
278387,-5.12,-22.2,1015.53,122.5,-157.5,-35.0
278416,-5.25,-22.2,1015.41,122.5,-175.0,-35.0
278445,-5.25,-22.2,1015.41,122.5,-175.0,-35.0
278474,-5.12,-22.2,1015.41,122.5,-175.0,-35.0
278503,-5.25,-22.2,1015.41,140.0,-175.0,-17.5
278532,-5.12,-22.2,1015.28,122.5,-192.5,-35.0
278561,-5.25,-22.2,1015.28,122.5,-175.0,-35.0
278590,-5.12,-22.2,1015.28,122.5,-192.5,-17.5
278619,-5.12,-22.2,1015.41,122.5,-192.5,-35.0
278648,-5.12,-22.2,1015.41,122.5,-175.0,-35.0
278677,-5.12,-22.2,1015.41,122.5,-175.0,-35.0
278707,-5.12,-22.2,1015.28,122.5,-192.5,-35.0
278736,-5.25,-22.2,1015.28,122.5,-192.5,-17.5
278766,-5.25,-22.2,1015.28,140.0,-192.5,-17.5
278795,-5.25,-22.2,1015.41,122.5,-175.0,-17.5
278825,-5.25,-22.2,1015.41,122.5,-175.0,-35.0
278854,-5.25,-22.2,1015.41,122.5,-175.0,-17.5
278884,-5.25,-22.2,1015.41,105.0,-175.0,-17.5
278913,-5.25,-22.2,1015.41,105.0,-175.0,-35.0
278943,-5.25,-22.2,1015.41,105.0,-175.0,-35.0
278972,-5.25,-22.2,1015.41,122.5,-175.0,-35.0
279002,-5.25,-22.2,1015.41,122.5,-157.5,-35.0
279031,-5.25,-22.2,1015.41,105.0,-175.0,-35.0
279060,-5.25,-22.2,1015.41,105.0,-157.5,-35.0
279089,-5.37,-22.2,1015.41,105.0,-192.5,-35.0
279118,-5.37,-22.2,1015.41,140.0,-175.0,-35.0
279147,-5.37,-22.2,1015.41,140.0,-175.0,-17.5
279176,-5.25,-22.2,1015.41,122.5,-157.5,-35.0
279205,-5.25,-22.2,1015.41,122.5,-192.5,-35.0
279234,-5.25,-22.2,1015.28,122.5,-175.0,-35.0
279264,-5.25,-22.2,1015.41,122.5,-192.5,-17.5
279293,-5.25,-22.2,1015.41,105.0,-175.0,-17.5
279323,-5.25,-22.2,1015.41,122.5,-157.5,-35.0
279352,-5.37,-22.2,1015.41,122.5,-175.0,-35.0
279382,-5.37,-22.2,1015.28,105.0,-192.5,-35.0
279411,-5.37,-22.2,1015.28,140.0,-192.5,-35.0
279441,-5.37,-22.2,1015.28,122.5,-175.0,-35.0
279470,-5.37,-22.2,1015.28,122.5,-157.5,-17.5
279500,-5.37,-22.2,1015.28,122.5,-192.5,-17.5
279529,-5.37,-22.2,1015.41,122.5,-192.5,-17.5
279558,-5.25,-22.2,1015.41,122.5,-192.5,-35.0
279587,-5.37,-22.2,1015.41,140.0,-175.0,-35.0
279616,-5.37,-22.2,1015.41,122.5,-157.5,-52.5
279645,-5.37,-22.2,1015.41,140.0,-192.5,-35.0
279674,-5.37,-22.2,1015.41,122.5,-175.0,-17.5
279703,-5.37,-22.2,1015.28,122.5,-175.0,-35.0
279732,-5.37,-22.2,1015.28,140.0,-175.0,-35.0
279762,-5.37,-22.2,1015.28,122.5,-175.0,-35.0
279791,-5.37,-22.2,1015.28,122.5,-175.0,-35.0
279821,-5.37,-22.2,1015.28,105.0,-175.0,-35.0
279850,-5.37,-22.2,1015.28,105.0,-175.0,-17.5
279880,-5.37,-22.2,1015.28,105.0,-175.0,-17.5
279909,-5.37,-22.2,1015.28,105.0,-192.5,-17.5
279939,-5.37,-22.2,1015.28,122.5,-175.0,-17.5
279968,-5.25,-22.2,1015.28,105.0,-175.0,-35.0
279998,-5.37,-22.2,1015.28,122.5,-175.0,-17.5
280027,-5.37,-22.2,1015.16,105.0,-175.0,-17.5
280057,-5.37,-22.2,1015.16,105.0,-192.5,-17.5
280086,-5.37,-22.2,1015.16,122.5,-192.5,-17.5
280115,-5.37,-22.33,1015.28,105.0,-175.0,0.0
280145,-5.37,-22.2,1015.16,122.5,-175.0,-17.5
280174,-5.37,-22.2,1015.16,122.5,-157.5,-17.5
280203,-5.37,-22.2,1015.16,105.0,-175.0,-35.0
280232,-5.37,-22.2,1015.16,105.0,-175.0,-35.0
280261,-5.37,-22.2,1015.28,122.5,-192.5,-17.5
280290,-5.37,-22.2,1015.28,105.0,-175.0,-17.5
280320,-5.37,-22.2,1015.28,105.0,-175.0,-17.5
280349,-5.37,-22.2,1015.28,122.5,-192.5,-35.0
280379,-5.37,-22.33,1015.28,122.5,-192.5,-35.0
280408,-5.37,-22.33,1015.28,122.5,-192.5,-17.5
280438,-5.37,-22.33,1015.28,122.5,-175.0,-35.0
280467,-5.37,-22.33,1015.28,105.0,-175.0,-17.5
280497,-5.37,-22.33,1015.28,140.0,-175.0,-35.0
280526,-5.37,-22.33,1015.28,122.5,-175.0,-35.0
280556,-5.37,-22.33,1015.28,122.5,-175.0,-35.0
280585,-5.37,-22.33,1015.28,105.0,-175.0,-35.0
280615,-5.37,-22.33,1015.41,105.0,-192.5,-35.0
280644,-5.37,-22.33,1015.41,122.5,-175.0,-35.0
280674,-5.37,-22.33,1015.41,122.5,-192.5,-35.0
280703,-5.37,-22.33,1015.53,122.5,-175.0,-17.5
280732,-5.37,-22.33,1015.41,105.0,-157.5,-35.0
280761,-5.37,-22.2,1015.41,122.5,-175.0,-17.5
280790,-5.37,-22.2,1015.41,122.5,-192.5,-17.5
280819,-5.37,-22.2,1015.41,122.5,-192.5,-35.0
280848,-5.37,-22.2,1015.41,122.5,-175.0,-35.0
280877,-5.37,-22.2,1015.41,122.5,-175.0,-35.0
280906,-5.37,-22.2,1015.41,122.5,-175.0,-35.0
280936,-5.37,-22.2,1015.41,140.0,-192.5,-35.0
280965,-5.37,-22.2,1015.53,122.5,-175.0,-35.0
280995,-5.37,-22.33,1015.41,140.0,-175.0,-35.0
281024,-5.37,-22.33,1015.41,140.0,-192.5,-17.5
281054,-5.37,-22.2,1015.41,122.5,-192.5,-17.5
281083,-5.37,-22.2,1015.53,140.0,-192.5,-17.5
281113,-5.37,-22.2,1015.53,105.0,-175.0,-35.0
281142,-5.37,-22.2,1015.53,122.5,-157.5,-35.0
281172,-5.37,-22.2,1015.53,122.5,-175.0,-35.0
281201,-5.37,-22.2,1015.41,122.5,-175.0,-35.0
281231,-5.37,-22.2,1015.41,122.5,-175.0,-17.5
281260,-5.37,-22.2,1015.53,105.0,-192.5,-35.0
281289,-5.37,-22.2,1015.53,122.5,-175.0,-52.5
281318,-5.37,-22.33,1015.53,122.5,-175.0,-35.0
281347,-5.37,-22.33,1015.41,105.0,-175.0,-17.5
281376,-5.37,-22.33,1015.41,122.5,-175.0,-17.5
281405,-5.37,-22.33,1015.53,140.0,-175.0,-35.0
281434,-5.37,-22.33,1015.41,122.5,-175.0,-35.0
281463,-5.37,-22.33,1015.41,122.5,-175.0,-35.0
281493,-5.37,-22.33,1015.41,140.0,-192.5,-35.0
281522,-5.37,-22.33,1015.53,122.5,-175.0,-17.5
281552,-5.37,-22.33,1015.41,122.5,-175.0,-17.5
281581,-5.37,-22.33,1015.41,122.5,-157.5,-35.0
281611,-5.37,-22.33,1015.53,122.5,-175.0,-35.0
281640,-5.37,-22.33,1015.41,122.5,-175.0,-35.0
281670,-5.37,-22.45,1015.41,122.5,-175.0,-17.5
281699,-5.37,-22.45,1015.41,122.5,-175.0,-35.0
281729,-5.37,-22.33,1015.41,122.5,-175.0,-17.5
281758,-5.37,-22.45,1015.28,122.5,-175.0,-35.0
281788,-5.37,-22.45,1015.28,122.5,-175.0,-17.5
281817,-5.37,-22.45,1015.28,122.5,-192.5,-17.5
281846,-5.37,-22.45,1015.28,122.5,-192.5,-35.0
281875,-5.37,-22.45,1015.16,122.5,-192.5,-35.0
281904,-5.37,-22.45,1015.16,122.5,-157.5,-17.5
281933,-5.37,-22.45,1015.04,122.5,-175.0,-35.0
281962,-5.37,-22.45,1015.04,122.5,-175.0,-35.0
281991,-5.37,-22.45,1015.04,105.0,-175.0,-35.0
282020,-5.37,-22.45,1014.92,105.0,-192.5,-35.0
282049,-5.37,-22.45,1014.92,105.0,-175.0,-17.5
282078,-5.37,-22.45,1014.92,122.5,-175.0,-17.5
282108,-5.37,-22.45,1014.8,122.5,-175.0,-17.5
282137,-5.25,-22.45,1014.8,122.5,-175.0,-17.5
282167,-5.25,-22.45,1014.8,122.5,-175.0,-35.0
282196,-5.37,-22.45,1014.8,105.0,-192.5,-17.5
282226,-5.25,-22.45,1014.8,122.5,-175.0,-17.5
282255,-5.25,-22.45,1014.67,122.5,-192.5,-35.0
282285,-5.37,-22.45,1014.67,122.5,-175.0,-35.0
282314,-5.37,-22.45,1014.67,122.5,-175.0,-35.0
282344,-5.37,-22.45,1014.67,105.0,-175.0,-35.0
282373,-5.37,-22.45,1014.8,122.5,-157.5,-52.5
282403,-5.37,-22.45,1014.8,105.0,-175.0,-35.0
282432,-5.37,-22.45,1014.8,105.0,-192.5,-17.5
282461,-5.37,-22.45,1014.8,122.5,-175.0,-35.0
282490,-5.37,-22.45,1014.8,122.5,-175.0,-17.5
282519,-5.37,-22.45,1014.8,140.0,-175.0,-35.0
282548,-5.37,-22.45,1014.8,140.0,-175.0,-17.5
282577,-5.37,-22.45,1014.8,140.0,-192.5,-35.0
282606,-5.37,-22.45,1014.8,122.5,-175.0,-17.5
282635,-5.37,-22.45,1014.92,105.0,-175.0,-17.5
282664,-5.37,-22.45,1015.04,140.0,-175.0,-17.5
282693,-5.37,-22.45,1015.04,122.5,-175.0,-17.5
282723,-5.37,-22.45,1015.04,105.0,-157.5,-35.0
282752,-5.37,-22.45,1015.04,105.0,-175.0,-35.0
282782,-5.37,-22.45,1015.04,105.0,-175.0,-35.0
282811,-5.37,-22.45,1015.04,105.0,-192.5,-17.5
282841,-5.37,-22.33,1015.04,122.5,-175.0,-35.0
282870,-5.37,-22.45,1015.16,122.5,-175.0,-35.0
282900,-5.37,-22.33,1015.16,140.0,-175.0,-17.5
282929,-5.37,-22.45,1015.28,105.0,-175.0,-35.0
282959,-5.37,-22.33,1015.28,122.5,-157.5,-35.0
282988,-5.37,-22.33,1015.28,105.0,-192.5,-35.0
283018,-5.37,-22.33,1015.28,105.0,-175.0,-17.5
283047,-5.37,-22.33,1015.28,122.5,-157.5,-35.0
283076,-5.37,-22.33,1015.28,122.5,-175.0,-35.0
283105,-5.37,-22.33,1015.41,140.0,-175.0,-35.0
283134,-5.37,-22.45,1015.41,140.0,-175.0,-35.0
283163,-5.37,-22.45,1015.41,122.5,-175.0,-35.0
283192,-5.37,-22.45,1015.41,122.5,-175.0,-17.5
283222,-5.37,-22.45,1015.53,140.0,-175.0,-35.0
283251,-5.37,-22.45,1015.53,140.0,-192.5,-17.5
283281,-5.25,-22.45,1015.53,105.0,-192.5,-17.5
283310,-5.25,-22.45,1015.53,122.5,-175.0,-35.0
283340,-5.37,-22.45,1015.53,122.5,-175.0,-35.0
283369,-5.37,-22.33,1015.53,122.5,-175.0,-35.0
283399,-5.25,-22.33,1015.53,140.0,-175.0,-35.0
283428,-5.37,-22.33,1015.53,140.0,-175.0,-17.5
283458,-5.25,-22.33,1015.53,122.5,-175.0,-35.0
283487,-5.25,-22.33,1015.53,140.0,-175.0,-35.0
283517,-5.37,-22.33,1015.53,140.0,-175.0,-35.0
283546,-5.25,-22.33,1015.53,122.5,-175.0,-35.0
283575,-5.25,-22.45,1015.53,140.0,-175.0,-35.0
283604,-5.25,-22.33,1015.53,122.5,-192.5,-35.0
283633,-5.25,-22.33,1015.53,122.5,-192.5,-35.0
283662,-5.25,-22.33,1015.53,122.5,-175.0,-35.0
283691,-5.25,-22.33,1015.53,122.5,-175.0,-17.5
283720,-5.37,-22.33,1015.53,122.5,-157.5,-17.5
283749,-5.25,-22.33,1015.53,122.5,-192.5,-35.0
283779,-5.25,-22.33,1015.53,122.5,-175.0,-35.0
283808,-5.25,-22.2,1015.53,122.5,-175.0,-35.0
283838,-5.25,-22.2,1015.53,122.5,-175.0,-17.5
283867,-5.25,-22.33,1015.53,105.0,-175.0,-17.5
283897,-5.25,-22.2,1015.53,105.0,-157.5,-35.0
283926,-5.37,-22.33,1015.53,105.0,-157.5,-35.0
283956,-5.37,-22.2,1015.53,122.5,-175.0,-17.5
283985,-5.37,-22.33,1015.65,122.5,-175.0,-17.5
284015,-5.37,-22.33,1015.65,122.5,-175.0,-35.0
284044,-5.37,-22.33,1015.65,122.5,-175.0,-35.0
284074,-5.37,-22.33,1015.53,105.0,-175.0,-17.5
284103,-5.37,-22.33,1015.53,122.5,-175.0,-35.0
284132,-5.37,-22.33,1015.53,122.5,-175.0,-35.0
284161,-5.37,-22.33,1015.53,122.5,-175.0,-35.0
284190,-5.37,-22.33,1015.53,122.5,-175.0,-17.5
284219,-5.37,-22.33,1015.53,140.0,-175.0,-17.5
284248,-5.37,-22.33,1015.53,122.5,-175.0,-17.5
284277,-5.37,-22.33,1015.53,122.5,-175.0,-17.5
284306,-5.37,-22.33,1015.53,122.5,-175.0,-35.0
284336,-5.37,-22.33,1015.53,105.0,-175.0,-35.0
284365,-5.25,-22.33,1015.53,122.5,-175.0,-35.0
284395,-5.37,-22.33,1015.53,122.5,-175.0,-35.0
284424,-5.37,-22.33,1015.53,122.5,-192.5,-35.0
284454,-5.25,-22.33,1015.53,122.5,-192.5,-17.5
284483,-5.37,-22.33,1015.53,105.0,-192.5,-35.0
284513,-5.37,-22.33,1015.53,122.5,-175.0,-17.5
284542,-5.37,-22.33,1015.65,122.5,-157.5,-17.5
284572,-5.37,-22.33,1015.65,122.5,-175.0,-17.5
284601,-5.37,-22.33,1015.65,140.0,-175.0,-35.0
284631,-5.37,-22.45,1015.65,105.0,-192.5,-17.5
284660,-5.37,-22.33,1015.65,122.5,-192.5,-35.0
284689,-5.37,-22.33,1015.77,122.5,-175.0,-35.0
284718,-5.37,-22.33,1015.77,122.5,-175.0,-17.5
284747,-5.37,-22.33,1015.65,122.5,-175.0,-17.5
284776,-5.37,-22.33,1015.77,122.5,-175.0,-35.0
284805,-5.25,-22.33,1015.77,122.5,-175.0,-35.0
284835,-5.25,-22.33,1015.77,105.0,-175.0,-17.5
284864,-5.25,-22.2,1015.65,122.5,-175.0,-35.0
284894,-5.25,-22.33,1015.77,105.0,-175.0,-35.0
284923,-5.37,-22.33,1015.77,105.0,-175.0,-17.5
284953,-5.37,-22.33,1015.77,122.5,-157.5,-17.5
284982,-5.25,-22.2,1015.65,122.5,-175.0,-35.0
285012,-5.37,-22.33,1015.65,105.0,-175.0,-17.5
285041,-5.37,-22.33,1015.77,122.5,-175.0,-17.5
285071,-5.25,-22.33,1015.77,122.5,-175.0,-17.5
285100,-5.25,-22.33,1015.65,122.5,-175.0,-17.5
285130,-5.25,-22.2,1015.65,105.0,-175.0,-17.5
285159,-5.37,-22.2,1015.65,122.5,-175.0,-17.5
285188,-5.37,-22.2,1015.65,105.0,-192.5,-17.5
285217,-5.37,-22.2,1015.65,122.5,-175.0,-35.0
285246,-5.37,-22.2,1015.65,122.5,-175.0,-35.0
285275,-5.37,-22.2,1015.65,122.5,-192.5,-35.0
285304,-5.37,-22.2,1015.77,140.0,-192.5,-35.0
285333,-5.37,-22.2,1015.77,122.5,-192.5,-17.5
285362,-5.37,-22.2,1015.77,122.5,-192.5,-17.5
285392,-5.37,-22.2,1015.77,122.5,-175.0,-17.5
285421,-5.37,-22.2,1015.77,140.0,-192.5,-35.0
285451,-5.37,-22.2,1015.77,140.0,-192.5,-17.5
285480,-5.37,-22.2,1015.77,122.5,-175.0,-17.5
285510,-5.37,-22.2,1015.77,122.5,-192.5,-17.5
285539,-5.37,-22.2,1015.77,140.0,-192.5,-35.0
285569,-5.37,-22.2,1015.77,122.5,-192.5,-35.0
285598,-5.37,-22.2,1015.77,122.5,-175.0,-52.5
285628,-5.37,-22.33,1015.77,122.5,-192.5,-35.0
285657,-5.37,-22.2,1015.89,105.0,-175.0,-17.5
285686,-5.37,-22.33,1015.89,122.5,-175.0,-17.5
285715,-5.37,-22.33,1015.89,105.0,-175.0,-17.5
285744,-5.37,-22.33,1015.89,105.0,-175.0,-35.0
285773,-5.37,-22.33,1015.89,105.0,-175.0,-35.0
285802,-5.37,-22.2,1015.89,122.5,-192.5,-35.0
285831,-5.37,-22.33,1015.89,122.5,-192.5,-35.0
285860,-5.37,-22.33,1015.77,122.5,-192.5,-35.0
285890,-5.37,-22.33,1015.89,122.5,-175.0,-35.0
285919,-5.37,-22.33,1015.89,122.5,-157.5,-35.0
285949,-5.37,-22.33,1015.89,105.0,-175.0,-35.0
285978,-5.37,-22.33,1015.89,122.5,-175.0,-17.5
286008,-5.37,-22.33,1015.89,122.5,-175.0,-35.0
286037,-5.37,-22.2,1015.77,122.5,-157.5,-35.0
286067,-5.37,-22.2,1015.77,122.5,-175.0,-17.5
286096,-5.37,-22.2,1015.77,140.0,-192.5,-35.0
286126,-5.37,-22.2,1015.77,140.0,-175.0,-17.5
286155,-5.37,-22.2,1015.89,122.5,-157.5,-35.0
286185,-5.37,-22.33,1015.77,122.5,-157.5,-35.0
286214,-5.37,-22.33,1015.89,122.5,-175.0,-17.5
286243,-5.37,-22.33,1015.89,105.0,-157.5,-35.0
286272,-5.25,-22.33,1015.89,122.5,-157.5,-35.0
286301,-5.37,-22.33,1015.89,122.5,-175.0,-35.0
286330,-5.37,-22.33,1015.89,122.5,-175.0,-52.5
286359,-5.37,-22.33,1015.89,105.0,-175.0,-35.0
286389,-5.37,-22.33,1015.89,122.5,-175.0,-35.0
286418,-5.37,-22.33,1015.89,105.0,-175.0,-17.5
286448,-5.25,-22.33,1015.89,105.0,-175.0,-35.0
286477,-5.25,-22.33,1015.77,122.5,-175.0,-17.5
286507,-5.25,-22.2,1015.77,105.0,-175.0,-17.5
286536,-5.25,-22.33,1015.77,105.0,-175.0,-17.5
286566,-5.25,-22.33,1015.77,105.0,-175.0,-17.5
286595,-5.25,-22.33,1015.77,105.0,-175.0,-17.5
286625,-5.37,-22.2,1015.77,105.0,-175.0,-35.0
286654,-5.37,-22.33,1015.77,105.0,-175.0,-17.5
286684,-5.37,-22.33,1015.77,122.5,-192.5,-17.5
286713,-5.25,-22.2,1015.77,122.5,-175.0,-35.0
286742,-5.37,-22.2,1015.77,122.5,-175.0,-17.5
286771,-5.37,-22.33,1015.65,122.5,-192.5,-17.5
286800,-5.37,-22.33,1015.77,122.5,-192.5,-17.5
286829,-5.37,-22.33,1015.65,122.5,-175.0,-35.0
286858,-5.25,-22.2,1015.65,122.5,-175.0,-35.0
286887,-5.25,-22.2,1015.65,122.5,-192.5,-35.0
286916,-5.37,-22.33,1015.77,140.0,-157.5,-17.5
286946,-5.37,-22.2,1015.65,140.0,-157.5,-35.0
286975,-5.37,-22.2,1015.65,122.5,-175.0,-35.0
287005,-5.37,-22.33,1015.65,122.5,-192.5,-35.0
287034,-5.37,-22.33,1015.65,140.0,-175.0,-35.0
287064,-5.37,-22.2,1015.65,122.5,-175.0,-35.0
287093,-5.25,-22.33,1015.77,105.0,-192.5,-35.0
287123,-5.25,-22.2,1015.77,122.5,-175.0,-17.5
287152,-5.25,-22.2,1015.77,105.0,-175.0,-17.5
287182,-5.25,-22.33,1015.77,105.0,-157.5,-17.5
287211,-5.25,-22.33,1015.77,122.5,-157.5,-17.5
287240,-5.25,-22.2,1015.77,122.5,-157.5,-35.0
287269,-5.25,-22.33,1015.77,122.5,-157.5,-35.0
287298,-5.25,-22.2,1015.77,122.5,-175.0,-17.5
287327,-5.37,-22.2,1015.77,122.5,-175.0,-17.5
287356,-5.37,-22.2,1015.77,122.5,-175.0,-35.0
287385,-5.37,-22.2,1015.77,122.5,-175.0,-17.5
287414,-5.37,-22.2,1015.77,105.0,-175.0,-17.5
287444,-5.37,-22.2,1015.77,122.5,-175.0,-17.5
287473,-5.37,-22.2,1015.77,122.5,-175.0,-35.0
287503,-5.37,-22.2,1015.77,122.5,-175.0,-35.0
287532,-5.37,-22.2,1015.77,122.5,-175.0,-35.0
287562,-5.37,-22.2,1015.77,122.5,-157.5,-17.5
287591,-5.37,-22.2,1015.77,105.0,-192.5,-35.0
287621,-5.37,-22.2,1015.77,122.5,-175.0,-17.5
287650,-5.37,-22.2,1015.77,140.0,-175.0,-17.5
287680,-5.37,-22.2,1015.77,122.5,-175.0,-17.5
287709,-5.37,-22.2,1015.77,105.0,-175.0,-35.0
287739,-5.37,-22.2,1015.77,122.5,-175.0,-17.5
287768,-5.25,-22.2,1015.77,140.0,-192.5,-17.5
287797,-5.25,-22.2,1015.77,122.5,-175.0,-35.0
287826,-5.37,-22.2,1015.77,122.5,-192.5,-17.5
287855,-5.25,-22.2,1015.77,105.0,-175.0,-35.0
287884,-5.25,-22.2,1015.89,122.5,-175.0,-35.0
287913,-5.25,-22.33,1015.89,122.5,-192.5,-35.0
287942,-5.25,-22.2,1015.77,122.5,-192.5,-35.0
287971,-5.25,-22.2,1015.77,105.0,-192.5,-35.0
288001,-5.25,-22.2,1015.77,122.5,-175.0,-35.0
288030,-5.25,-22.2,1015.89,122.5,-175.0,-17.5
288060,-5.25,-22.33,1015.77,140.0,-175.0,-17.5
288089,-5.25,-22.33,1015.77,122.5,-157.5,-17.5
288119,-5.25,-22.33,1015.77,105.0,-175.0,-35.0
288148,-5.25,-22.33,1015.77,140.0,-157.5,-35.0
288178,-5.25,-22.33,1015.77,122.5,-175.0,-17.5
288207,-5.25,-22.2,1015.65,122.5,-175.0,-17.5
288237,-5.25,-22.33,1015.65,122.5,-192.5,-17.5
288266,-5.25,-22.33,1015.65,122.5,-175.0,-17.5
288296,-5.25,-22.33,1015.65,140.0,-175.0,-35.0
288325,-5.25,-22.33,1015.65,122.5,-192.5,-35.0
288354,-5.37,-22.33,1015.53,105.0,-175.0,-17.5
288383,-5.37,-22.33,1015.53,105.0,-175.0,-52.5
288412,-5.37,-22.33,1015.53,122.5,-192.5,-52.5
288441,-5.37,-22.33,1015.41,140.0,-192.5,-35.0
288470,-5.37,-22.33,1015.53,122.5,-175.0,-17.5
288499,-5.37,-22.33,1015.41,122.5,-175.0,-17.5
288528,-5.37,-22.33,1015.53,122.5,-175.0,-35.0
288558,-5.37,-22.2,1015.41,140.0,-175.0,-35.0
288587,-5.37,-22.33,1015.53,122.5,-175.0,-35.0
288617,-5.37,-22.2,1015.53,122.5,-175.0,-35.0
288646,-5.37,-22.2,1015.53,122.5,-175.0,-17.5
288676,-5.25,-22.2,1015.41,122.5,-192.5,-35.0
288705,-5.25,-22.33,1015.53,105.0,-175.0,-35.0
288735,-5.25,-22.2,1015.53,122.5,-175.0,-35.0
288764,-5.25,-22.33,1015.53,122.5,-175.0,-35.0
288794,-5.25,-22.2,1015.53,105.0,-175.0,-52.5
288823,-5.25,-22.33,1015.41,122.5,-175.0,-35.0
288853,-5.25,-22.2,1015.41,122.5,-157.5,-35.0
288882,-5.25,-22.2,1015.53,122.5,-175.0,-17.5
288912,-5.25,-22.33,1015.41,122.5,-175.0,-17.5
288941,-5.25,-22.2,1015.41,122.5,-192.5,-35.0
288970,-5.37,-22.2,1015.53,105.0,-192.5,-35.0
288999,-5.25,-22.2,1015.41,105.0,-175.0,-35.0
289028,-5.37,-22.2,1015.41,122.5,-175.0,-35.0
289057,-5.37,-22.33,1015.41,140.0,-175.0,-35.0
289086,-5.37,-22.2,1015.41,122.5,-157.5,-35.0
289115,-5.37,-22.2,1015.41,122.5,-175.0,-35.0
289144,-5.37,-22.33,1015.41,122.5,-175.0,-17.5
289174,-5.37,-22.2,1015.41,105.0,-175.0,-35.0
289203,-5.37,-22.2,1015.28,122.5,-175.0,-35.0
289233,-5.37,-22.2,1015.28,140.0,-175.0,-17.5
289262,-5.37,-22.33,1015.28,122.5,-175.0,-17.5
289292,-5.37,-22.33,1015.28,122.5,-175.0,-17.5
289321,-5.37,-22.2,1015.28,140.0,-175.0,-35.0
289351,-5.37,-22.2,1015.28,122.5,-192.5,-35.0
289380,-5.37,-22.33,1015.28,105.0,-175.0,-17.5
289410,-5.37,-22.33,1015.28,122.5,-157.5,-35.0
289439,-5.37,-22.2,1015.28,140.0,-157.5,-35.0
289469,-5.37,-22.2,1015.28,105.0,-157.5,-17.5
289498,-5.37,-22.2,1015.28,122.5,-175.0,-17.5
289527,-5.37,-22.2,1015.41,105.0,-175.0,-35.0
289556,-5.37,-22.2,1015.41,105.0,-175.0,-35.0
289585,-5.37,-22.2,1015.41,122.5,-157.5,-35.0
289614,-5.37,-22.33,1015.53,122.5,-157.5,-35.0
289643,-5.37,-22.2,1015.53,105.0,-175.0,-35.0
289672,-5.37,-22.2,1015.53,105.0,-175.0,-35.0
289701,-5.37,-22.2,1015.53,105.0,-175.0,-17.5
289731,-5.37,-22.33,1015.53,122.5,-175.0,-17.5
289760,-5.37,-22.2,1015.41,122.5,-175.0,-35.0
289790,-5.37,-22.2,1015.53,105.0,-175.0,-35.0
289819,-5.37,-22.2,1015.53,140.0,-192.5,-35.0
289849,-5.37,-22.33,1015.53,122.5,-192.5,-17.5
289878,-5.37,-22.2,1015.53,105.0,-192.5,-35.0
289908,-5.37,-22.33,1015.53,105.0,-175.0,-35.0
289937,-5.37,-22.33,1015.53,122.5,-157.5,-35.0
289967,-5.37,-22.2,1015.53,105.0,-175.0,-35.0
289996,-5.37,-22.33,1015.53,122.5,-157.5,-35.0
290026,-5.37,-22.2,1015.53,105.0,-192.5,-17.5
290055,-5.37,-22.2,1015.53,122.5,-192.5,-17.5
290084,-5.37,-22.2,1015.53,140.0,-175.0,-35.0
290113,-5.37,-22.2,1015.53,122.5,-157.5,-35.0
290142,-5.37,-22.2,1015.41,105.0,-175.0,-35.0
290171,-5.37,-22.2,1015.41,122.5,-175.0,-17.5
290200,-5.37,-22.33,1015.41,140.0,-175.0,-17.5
290229,-5.37,-22.2,1015.41,122.5,-175.0,-35.0
290258,-5.25,-22.2,1015.41,140.0,-157.5,-35.0
290288,-5.37,-22.2,1015.41,122.5,-175.0,-35.0
290317,-5.25,-22.33,1015.41,140.0,-210.0,-17.5
290347,-5.37,-22.33,1015.41,122.5,-192.5,-35.0
290376,-5.37,-22.2,1015.41,122.5,-175.0,-35.0
290406,-5.37,-22.2,1015.41,105.0,-192.5,-35.0
290435,-5.25,-22.2,1015.41,105.0,-157.5,-35.0
290465,-5.25,-22.2,1015.41,122.5,-157.5,-35.0
290494,-5.25,-22.2,1015.41,122.5,-192.5,-35.0
290524,-5.25,-22.2,1015.53,122.5,-175.0,-17.5
290553,-5.25,-22.2,1015.53,140.0,-175.0,-17.5
290583,-5.25,-22.2,1015.53,105.0,-175.0,-35.0
290612,-5.25,-22.2,1015.53,140.0,-175.0,-35.0
290641,-5.25,-22.2,1015.53,122.5,-175.0,-35.0
290670,-5.37,-22.2,1015.53,122.5,-192.5,-35.0
290699,-5.37,-22.2,1015.53,122.5,-192.5,-35.0
290728,-5.37,-22.2,1015.53,140.0,-192.5,-35.0
290757,-5.37,-22.2,1015.53,105.0,-192.5,-35.0
290786,-5.37,-22.2,1015.53,122.5,-175.0,-35.0
290815,-5.37,-22.2,1015.53,122.5,-175.0,-35.0
290845,-5.37,-22.33,1015.53,122.5,-175.0,-17.5
290874,-5.37,-22.33,1015.53,122.5,-175.0,-35.0
290904,-5.25,-22.33,1015.53,122.5,-192.5,-35.0
290933,-5.37,-22.33,1015.53,122.5,-175.0,-35.0
290963,-5.37,-22.2,1015.53,122.5,-175.0,-35.0
290992,-5.25,-22.33,1015.53,122.5,-175.0,-35.0
291022,-5.25,-22.33,1015.53,122.5,-175.0,-17.5
291051,-5.25,-22.33,1015.53,105.0,-175.0,-17.5
291081,-5.25,-22.2,1015.53,122.5,-175.0,-35.0
291110,-5.25,-22.33,1015.53,122.5,-175.0,-35.0
291140,-5.25,-22.2,1015.53,122.5,-192.5,-35.0
291169,-5.12,-22.2,1015.41,122.5,-192.5,-17.5
291199,-5.12,-22.2,1015.41,122.5,-175.0,-17.5
291228,-5.12,-22.2,1015.53,105.0,-175.0,-35.0
291257,-5.25,-22.33,1015.53,122.5,-175.0,-35.0
291286,-5.25,-22.33,1015.53,105.0,-192.5,-35.0
291315,-5.25,-22.2,1015.53,122.5,-192.5,-35.0
291344,-5.25,-22.2,1015.53,122.5,-175.0,-52.5
291373,-5.25,-22.2,1015.53,122.5,-157.5,-35.0
291402,-5.37,-22.2,1015.53,105.0,-175.0,-17.5
291431,-5.37,-22.33,1015.53,122.5,-175.0,-35.0
291461,-5.37,-22.33,1015.53,140.0,-175.0,-35.0
291490,-5.37,-22.33,1015.53,122.5,-192.5,-17.5
291520,-5.37,-22.33,1015.65,105.0,-175.0,-35.0
291549,-5.37,-22.2,1015.65,105.0,-175.0,-35.0
291579,-5.37,-22.2,1015.65,105.0,-175.0,-35.0
291608,-5.37,-22.33,1015.65,122.5,-175.0,-17.5
291638,-5.37,-22.2,1015.65,122.5,-175.0,-35.0
291667,-5.37,-22.2,1015.77,105.0,-175.0,-35.0
291697,-5.37,-22.2,1015.77,105.0,-175.0,-17.5
291726,-5.37,-22.2,1015.65,105.0,-192.5,-17.5
291756,-5.37,-22.33,1015.65,122.5,-192.5,-35.0
291785,-5.37,-22.33,1015.65,122.5,-192.5,-35.0
291815,-5.37,-22.33,1015.65,122.5,-192.5,-17.5
291844,-5.37,-22.33,1015.65,122.5,-192.5,-35.0
291873,-5.37,-22.33,1015.65,105.0,-175.0,-35.0
291902,-5.37,-22.33,1015.65,105.0,-175.0,-17.5
291931,-5.37,-22.33,1015.65,122.5,-175.0,-17.5
291960,-5.37,-22.33,1015.65,140.0,-175.0,-17.5
291989,-5.37,-22.33,1015.65,140.0,-175.0,-17.5
292018,-5.37,-22.33,1015.53,122.5,-175.0,-35.0
292047,-5.37,-22.33,1015.53,105.0,-175.0,-35.0
292077,-5.37,-22.33,1015.53,105.0,-175.0,-17.5
292106,-5.37,-22.33,1015.53,122.5,-175.0,-17.5
292136,-5.37,-22.2,1015.53,105.0,-175.0,-17.5
292165,-5.37,-22.33,1015.53,140.0,-192.5,-17.5
292195,-5.37,-22.33,1015.53,122.5,-192.5,-17.5
292224,-5.37,-22.33,1015.53,122.5,-192.5,-35.0
292254,-5.37,-22.33,1015.53,122.5,-175.0,-17.5
292283,-5.37,-22.2,1015.53,140.0,-175.0,-35.0
292313,-5.37,-22.2,1015.65,122.5,-175.0,-17.5
292342,-5.37,-22.2,1015.65,122.5,-192.5,-35.0
292372,-5.37,-22.2,1015.53,122.5,-175.0,-17.5
292401,-5.37,-22.33,1015.53,122.5,-192.5,-17.5
292430,-5.37,-22.2,1015.53,122.5,-192.5,-35.0
292459,-5.37,-22.2,1015.53,122.5,-175.0,-17.5
292488,-5.37,-22.33,1015.53,140.0,-175.0,-35.0
292517,-5.37,-22.2,1015.53,122.5,-175.0,-17.5
292546,-5.37,-22.2,1015.53,122.5,-175.0,-17.5
292575,-5.37,-22.2,1015.65,122.5,-175.0,-35.0
292604,-5.37,-22.33,1015.65,122.5,-192.5,-35.0
292634,-5.37,-22.33,1015.65,122.5,-192.5,-35.0
292663,-5.37,-22.2,1015.53,122.5,-192.5,-52.5
292693,-5.37,-22.2,1015.53,122.5,-175.0,-35.0
292722,-5.37,-22.33,1015.53,105.0,-175.0,-17.5
292752,-5.37,-22.33,1015.53,122.5,-175.0,-35.0
292781,-5.37,-22.33,1015.53,140.0,-175.0,-35.0
292811,-5.37,-22.2,1015.53,140.0,-175.0,-35.0
292840,-5.37,-22.2,1015.53,122.5,-175.0,-17.5
292870,-5.37,-22.2,1015.53,122.5,-175.0,-17.5
292899,-5.37,-22.33,1015.53,122.5,-175.0,-17.5
292929,-5.37,-22.2,1015.53,105.0,-175.0,-35.0
292958,-5.37,-22.33,1015.53,105.0,-175.0,-35.0
292987,-5.37,-22.33,1015.53,122.5,-175.0,-35.0
293016,-5.37,-22.33,1015.53,122.5,-175.0,-35.0
293045,-5.37,-22.33,1015.53,140.0,-175.0,-35.0
293074,-5.37,-22.33,1015.53,105.0,-192.5,-17.5
293103,-5.37,-22.33,1015.53,122.5,-192.5,-17.5
293132,-5.37,-22.2,1015.53,122.5,-192.5,-35.0
293161,-5.37,-22.33,1015.53,105.0,-192.5,-17.5
293191,-5.37,-22.2,1015.53,122.5,-175.0,-35.0
293220,-5.37,-22.33,1015.53,105.0,-175.0,-52.5
293250,-5.37,-22.2,1015.53,122.5,-175.0,-35.0
293279,-5.37,-22.2,1015.53,122.5,-175.0,-35.0
293309,-5.37,-22.33,1015.53,122.5,-175.0,-35.0
293338,-5.37,-22.33,1015.53,105.0,-192.5,-52.5
293368,-5.37,-22.2,1015.65,105.0,-192.5,-35.0
293397,-5.37,-22.2,1015.53,122.5,-192.5,-52.5
293427,-5.37,-22.2,1015.65,122.5,-192.5,-35.0
293456,-5.37,-22.33,1015.65,105.0,-192.5,-17.5
293486,-5.37,-22.2,1015.77,105.0,-175.0,-35.0
293515,-5.37,-22.33,1015.65,122.5,-175.0,-35.0
293544,-5.37,-22.33,1015.65,122.5,-192.5,-17.5
293573,-5.37,-22.2,1015.77,122.5,-175.0,-17.5
293602,-5.37,-22.2,1015.65,122.5,-175.0,-17.5
293631,-5.37,-22.2,1015.65,105.0,-175.0,-35.0
293660,-5.37,-22.2,1015.65,122.5,-175.0,-17.5
293689,-5.37,-22.2,1015.65,105.0,-175.0,-35.0
293718,-5.37,-22.33,1015.65,122.5,-175.0,-35.0
293748,-5.37,-22.33,1015.65,105.0,-175.0,-35.0
293777,-5.37,-22.2,1015.65,105.0,-175.0,-35.0
293807,-5.37,-22.2,1015.65,122.5,-175.0,-35.0
293836,-5.37,-22.2,1015.65,140.0,-192.5,-35.0
293866,-5.37,-22.33,1015.77,122.5,-175.0,-35.0
293895,-5.37,-22.2,1015.65,122.5,-192.5,-35.0
293925,-5.37,-22.2,1015.77,122.5,-175.0,-35.0
293954,-5.25,-22.2,1015.77,122.5,-157.5,-17.5
293984,-5.37,-22.2,1015.77,122.5,-175.0,-17.5
294013,-5.37,-22.2,1015.77,140.0,-175.0,-35.0
294043,-5.37,-22.33,1015.77,122.5,-192.5,-17.5
294072,-5.37,-22.2,1015.65,122.5,-175.0,-17.5
294101,-5.37,-22.33,1015.65,105.0,-157.5,-17.5
294130,-5.37,-22.2,1015.65,122.5,-175.0,-35.0
294159,-5.37,-22.2,1015.65,105.0,-175.0,-35.0
294188,-5.37,-22.33,1015.65,122.5,-175.0,-35.0
294217,-5.25,-22.33,1015.53,105.0,-157.5,-35.0
294246,-5.37,-22.2,1015.53,105.0,-157.5,-35.0
294275,-5.37,-22.33,1015.53,122.5,-192.5,-35.0
294305,-5.37,-22.33,1015.53,140.0,-192.5,-52.5
294334,-5.25,-22.33,1015.53,122.5,-175.0,-17.5
294364,-5.25,-22.33,1015.53,122.5,-175.0,-17.5
294393,-5.25,-22.33,1015.53,122.5,-175.0,-35.0
294423,-5.25,-22.33,1015.41,122.5,-175.0,-17.5
294452,-5.37,-22.33,1015.41,122.5,-175.0,-35.0
294482,-5.37,-22.33,1015.53,122.5,-157.5,-35.0
294511,-5.37,-22.33,1015.41,105.0,-157.5,-35.0
294541,-5.37,-22.33,1015.41,122.5,-175.0,-35.0
294570,-5.37,-22.33,1015.41,122.5,-157.5,-35.0
294600,-5.25,-22.33,1015.41,122.5,-192.5,-35.0
294629,-5.25,-22.33,1015.41,140.0,-192.5,-35.0
294659,-5.25,-22.33,1015.41,122.5,-175.0,-35.0
294688,-5.25,-22.2,1015.41,122.5,-157.5,-35.0
294717,-5.25,-22.2,1015.41,105.0,-175.0,-52.5
294746,-5.25,-22.2,1015.41,105.0,-175.0,-35.0
294775,-5.25,-22.2,1015.41,140.0,-157.5,-52.5
294804,-5.25,-22.2,1015.28,140.0,-192.5,-52.5
294833,-5.25,-22.2,1015.28,140.0,-192.5,-35.0
294862,-5.25,-22.2,1015.28,105.0,-175.0,-35.0
294891,-5.25,-22.2,1015.28,105.0,-157.5,-35.0
294921,-5.25,-22.2,1015.28,122.5,-175.0,-17.5
294950,-5.25,-22.2,1015.28,122.5,-175.0,-17.5
294980,-5.25,-22.2,1015.41,105.0,-192.5,-17.5
295009,-5.25,-22.2,1015.41,105.0,-192.5,-17.5
295039,-5.25,-22.2,1015.53,122.5,-175.0,-35.0
295068,-5.37,-22.2,1015.53,105.0,-175.0,-17.5
295098,-5.25,-22.2,1015.53,105.0,-175.0,-35.0
295127,-5.25,-22.2,1015.53,122.5,-192.5,-17.5
295157,-5.37,-22.2,1015.53,122.5,-175.0,-35.0
295186,-5.37,-22.2,1015.53,105.0,-192.5,-17.5
295215,-5.37,-22.2,1015.65,105.0,-192.5,-17.5
295244,-5.25,-22.2,1015.65,122.5,-175.0,-35.0
295273,-5.37,-22.2,1015.65,122.5,-175.0,-35.0
295302,-5.37,-22.2,1015.65,122.5,-175.0,-35.0
295331,-5.37,-22.2,1015.65,105.0,-175.0,-17.5
295360,-5.37,-22.2,1015.65,122.5,-175.0,-17.5
295389,-5.37,-22.2,1015.65,140.0,-192.5,-35.0
295419,-5.37,-22.2,1015.65,122.5,-175.0,-35.0
295448,-5.37,-22.2,1015.65,122.5,-175.0,-17.5
295478,-5.37,-22.2,1015.65,122.5,-157.5,-35.0
295507,-5.37,-22.2,1015.65,122.5,-175.0,-35.0
295537,-5.37,-22.2,1015.65,122.5,-192.5,-35.0
295566,-5.37,-22.2,1015.65,122.5,-192.5,-17.5
295596,-5.37,-22.2,1015.77,122.5,-192.5,-17.5
295625,-5.37,-22.33,1015.77,122.5,-175.0,-35.0
295655,-5.37,-22.33,1015.65,105.0,-192.5,-35.0
295684,-5.37,-22.2,1015.65,105.0,-175.0,-35.0
295714,-5.37,-22.33,1015.77,105.0,-175.0,-35.0
295743,-5.37,-22.2,1015.77,105.0,-175.0,-17.5
295772,-5.49,-22.2,1015.65,122.5,-175.0,-35.0
295801,-5.49,-22.2,1015.77,122.5,-192.5,-35.0
295830,-5.49,-22.2,1015.77,122.5,-157.5,-35.0
295859,-5.37,-22.2,1015.77,140.0,-175.0,-35.0
295888,-5.37,-22.2,1015.77,122.5,-175.0,-35.0
295917,-5.37,-22.2,1015.65,105.0,-192.5,-35.0
295946,-5.37,-22.2,1015.65,122.5,-192.5,-35.0
295976,-5.37,-22.33,1015.65,122.5,-175.0,-17.5
296005,-5.37,-22.2,1015.65,122.5,-192.5,-35.0
296035,-5.37,-22.2,1015.53,105.0,-192.5,-35.0
296064,-5.37,-22.2,1015.53,105.0,-175.0,-35.0
296094,-5.37,-22.2,1015.53,105.0,-175.0,-17.5
296123,-5.37,-22.2,1015.53,122.5,-175.0,-35.0
296153,-5.37,-22.2,1015.53,122.5,-175.0,-17.5
296182,-5.37,-22.33,1015.53,140.0,-175.0,-17.5
296212,-5.37,-22.2,1015.53,140.0,-175.0,-17.5
296241,-5.37,-22.33,1015.53,105.0,-175.0,-17.5
296270,-5.37,-22.2,1015.53,105.0,-175.0,-35.0
296299,-5.25,-22.33,1015.53,105.0,-175.0,-35.0
296328,-5.25,-22.2,1015.53,122.5,-192.5,-17.5
296357,-5.37,-22.33,1015.53,122.5,-192.5,-35.0
296386,-5.37,-22.33,1015.53,122.5,-192.5,-17.5
296415,-5.37,-22.33,1015.53,122.5,-175.0,-17.5
296444,-5.37,-22.33,1015.53,122.5,-157.5,-17.5
296474,-5.37,-22.2,1015.53,122.5,-175.0,-17.5
296503,-5.37,-22.2,1015.53,105.0,-192.5,-17.5
296533,-5.37,-22.2,1015.53,105.0,-192.5,-35.0
296562,-5.37,-22.33,1015.53,140.0,-175.0,-17.5
296592,-5.37,-22.33,1015.53,140.0,-175.0,-35.0
296621,-5.37,-22.2,1015.53,122.5,-175.0,-35.0
296651,-5.37,-22.2,1015.53,122.5,-175.0,-35.0
296680,-5.37,-22.33,1015.53,122.5,-175.0,-17.5
296710,-5.37,-22.2,1015.53,122.5,-175.0,-17.5
296739,-5.37,-22.2,1015.53,122.5,-175.0,-35.0
296769,-5.37,-22.2,1015.53,122.5,-175.0,-35.0
296798,-5.37,-22.2,1015.53,122.5,-175.0,-52.5
296827,-5.37,-22.2,1015.53,122.5,-157.5,-52.5
296856,-5.25,-22.2,1015.53,105.0,-175.0,-35.0
296885,-5.25,-22.2,1015.53,122.5,-175.0,-35.0
296914,-5.25,-22.2,1015.53,122.5,-175.0,-17.5
296943,-5.25,-22.2,1015.65,105.0,-175.0,-35.0
296973,-5.25,-22.2,1015.65,122.5,-175.0,-35.0
297002,-5.25,-22.2,1015.65,122.5,-175.0,-35.0
297032,-5.25,-22.2,1015.65,140.0,-175.0,-35.0
297061,-5.25,-22.2,1015.65,140.0,-175.0,-35.0
297091,-5.25,-22.2,1015.77,140.0,-192.5,-17.5
297120,-5.37,-22.2,1015.77,122.5,-175.0,-17.5
297150,-5.25,-22.2,1015.77,122.5,-175.0,-17.5
297179,-5.25,-22.2,1015.77,122.5,-175.0,-35.0
297209,-5.25,-22.2,1015.65,122.5,-210.0,-35.0
297238,-5.25,-22.2,1015.65,105.0,-192.5,-17.5
297268,-5.25,-22.2,1015.77,122.5,-175.0,-35.0
297297,-5.25,-22.2,1015.65,122.5,-175.0,-35.0
297326,-5.12,-22.2,1015.77,122.5,-192.5,-35.0
297355,-5.12,-22.2,1015.77,140.0,-192.5,-35.0
297384,-5.12,-22.2,1015.65,140.0,-192.5,-35.0
297413,-5.25,-22.2,1015.65,122.5,-175.0,-35.0
297442,-5.25,-22.2,1015.65,122.5,-175.0,-35.0
297471,-5.25,-22.2,1015.65,122.5,-175.0,-35.0
297500,-5.25,-22.2,1015.65,122.5,-175.0,-35.0
297530,-5.25,-22.2,1015.65,122.5,-175.0,-35.0
297559,-5.25,-22.2,1015.53,122.5,-175.0,-35.0
297589,-5.37,-22.2,1015.53,122.5,-175.0,-35.0
297618,-5.25,-22.2,1015.53,140.0,-175.0,-35.0
297648,-5.25,-22.33,1015.53,122.5,-175.0,-17.5
297677,-5.25,-22.2,1015.53,122.5,-175.0,-35.0
297707,-5.37,-22.2,1015.41,140.0,-192.5,-35.0
297736,-5.25,-22.2,1015.41,122.5,-175.0,-35.0
297766,-5.25,-22.2,1015.41,122.5,-175.0,-52.5
297795,-5.25,-22.33,1015.41,122.5,-175.0,-52.5
297824,-5.25,-22.2,1015.28,122.5,-175.0,-35.0
297853,-5.37,-22.33,1015.28,140.0,-175.0,-17.5
297882,-5.37,-22.2,1015.28,122.5,-192.5,-35.0
297911,-5.37,-22.33,1015.16,122.5,-175.0,-17.5
297940,-5.37,-22.33,1015.16,105.0,-175.0,-35.0
297969,-5.37,-22.33,1015.04,122.5,-175.0,-35.0
297998,-5.37,-22.33,1015.04,140.0,-157.5,-35.0
298028,-5.37,-22.33,1014.92,122.5,-175.0,-35.0
298057,-5.37,-22.33,1014.92,105.0,-175.0,-35.0
298087,-5.37,-22.33,1014.8,122.5,-175.0,-17.5
298116,-5.37,-22.33,1014.8,122.5,-192.5,-17.5
298146,-5.37,-22.33,1014.8,105.0,-175.0,-17.5
298175,-5.37,-22.33,1014.8,122.5,-175.0,-17.5
298205,-5.37,-22.33,1014.67,140.0,-175.0,-35.0
298234,-5.49,-22.45,1014.67,122.5,-175.0,-35.0
298264,-5.37,-22.45,1014.55,140.0,-175.0,-35.0
298293,-5.37,-22.45,1014.55,122.5,-192.5,-35.0
298323,-5.37,-22.45,1014.55,122.5,-157.5,-35.0
298352,-5.49,-22.45,1014.55,122.5,-175.0,-35.0
298381,-5.37,-22.45,1014.55,122.5,-192.5,-35.0
298410,-5.37,-22.45,1014.55,122.5,-192.5,-35.0
298439,-5.37,-22.45,1014.55,105.0,-192.5,-35.0
298468,-5.37,-22.45,1014.67,105.0,-192.5,-35.0
298497,-5.37,-22.45,1014.67,122.5,-192.5,-17.5
298526,-5.37,-22.45,1014.67,122.5,-175.0,-17.5
298555,-5.37,-22.45,1014.67,122.5,-175.0,-35.0
298585,-5.37,-22.33,1014.67,122.5,-157.5,-17.5
298614,-5.37,-22.45,1014.67,105.0,-175.0,-35.0
298644,-5.37,-22.45,1014.8,105.0,-175.0,-17.5
298673,-5.37,-22.45,1014.8,122.5,-157.5,-17.5
298703,-5.37,-22.45,1014.8,105.0,-157.5,-35.0
298732,-5.37,-22.45,1014.8,122.5,-175.0,-35.0
298762,-5.37,-22.45,1014.8,122.5,-175.0,-17.5
298791,-5.37,-22.45,1014.8,105.0,-175.0,-35.0
298821,-5.37,-22.45,1014.8,122.5,-175.0,-17.5
298850,-5.37,-22.45,1014.92,122.5,-192.5,-35.0
298880,-5.37,-22.45,1014.92,105.0,-175.0,-35.0
298909,-5.37,-22.45,1014.92,122.5,-175.0,-17.5
298938,-5.37,-22.33,1015.04,105.0,-175.0,-17.5
298967,-5.37,-22.33,1015.04,122.5,-175.0,-17.5
298996,-5.37,-22.45,1015.04,122.5,-175.0,-35.0
299025,-5.37,-22.33,1015.04,122.5,-175.0,-52.5
299054,-5.37,-22.33,1015.04,122.5,-157.5,-35.0
299083,-5.37,-22.33,1015.04,122.5,-175.0,-17.5
299112,-5.37,-22.33,1015.04,122.5,-192.5,-17.5
299142,-5.37,-22.33,1015.16,140.0,-157.5,-35.0
299171,-5.37,-22.33,1015.16,122.5,-175.0,-35.0
299201,-5.37,-22.33,1015.16,122.5,-175.0,-52.5
299230,-5.37,-22.33,1015.28,122.5,-175.0,-35.0
299260,-5.37,-22.2,1015.28,122.5,-192.5,-35.0
299289,-5.37,-22.2,1015.28,122.5,-157.5,-35.0
299319,-5.37,-22.33,1015.28,122.5,-175.0,-35.0
299348,-5.25,-22.33,1015.28,122.5,-175.0,-35.0
299378,-5.25,-22.33,1015.28,122.5,-175.0,-17.5
299407,-5.25,-22.33,1015.41,122.5,-192.5,-17.5
299437,-5.25,-22.33,1015.41,122.5,-192.5,-35.0
299466,-5.25,-22.2,1015.41,122.5,-192.5,-35.0
299495,-5.25,-22.2,1015.53,122.5,-175.0,-35.0
299524,-5.25,-22.2,1015.41,122.5,-192.5,-35.0
299553,-5.25,-22.33,1015.53,122.5,-192.5,-35.0
299582,-5.37,-22.33,1015.53,122.5,-175.0,-17.5
299611,-5.37,-22.2,1015.53,122.5,-175.0,-35.0
299640,-5.25,-22.2,1015.53,122.5,-175.0,-35.0
299669,-5.25,-22.2,1015.53,122.5,-192.5,-35.0
299699,-5.25,-22.2,1015.53,122.5,-192.5,-17.5
299728,-5.25,-22.2,1015.53,122.5,-175.0,-35.0
299758,-5.37,-22.2,1015.53,105.0,-175.0,-35.0
299787,-5.37,-22.2,1015.53,122.5,-175.0,-35.0
299817,-5.37,-22.2,1015.53,122.5,-175.0,-35.0
299846,-5.37,-22.2,1015.53,122.5,-175.0,-35.0
299876,-5.37,-22.2,1015.53,122.5,-175.0,-35.0
299905,-5.37,-22.2,1015.53,105.0,-175.0,-35.0
299935,-5.37,-22.2,1015.53,140.0,-192.5,-17.5
299964,-5.25,-22.2,1015.53,140.0,-175.0,-35.0
299994,-5.25,-22.2,1015.53,122.5,-175.0,-35.0
300023,-5.25,-22.2,1015.53,122.5,-175.0,-35.0
300052,-5.25,-22.2,1015.53,105.0,-175.0,-35.0
300081,-5.25,-22.2,1015.65,140.0,-175.0,-35.0
300110,-5.25,-22.2,1015.65,122.5,-175.0,-35.0
300139,-5.37,-22.2,1015.65,105.0,-157.5,-17.5
300168,-5.37,-22.2,1015.65,122.5,-192.5,-35.0
300197,-5.25,-22.2,1015.65,105.0,-175.0,-35.0
300226,-5.25,-22.2,1015.65,122.5,-175.0,-35.0
300256,-5.25,-22.2,1015.65,122.5,-192.5,-17.5
300285,-5.37,-22.2,1015.65,122.5,-192.5,-35.0
300315,-5.37,-22.2,1015.77,140.0,-175.0,-35.0
300344,-5.37,-22.2,1015.77,140.0,-192.5,-17.5
300374,-5.25,-22.2,1015.77,122.5,-175.0,-17.5
300403,-5.25,-22.2,1015.77,140.0,-157.5,-35.0
300433,-5.37,-22.2,1015.77,122.5,-175.0,-35.0
300462,-5.37,-22.2,1015.77,122.5,-175.0,-35.0
300492,-5.37,-22.2,1015.77,122.5,-175.0,-35.0
300521,-5.37,-22.2,1015.77,105.0,-175.0,-35.0
300551,-5.37,-22.2,1015.77,122.5,-175.0,-35.0
300580,-5.37,-22.2,1015.77,122.5,-175.0,-35.0
300609,-5.37,-22.2,1015.89,122.5,-175.0,-17.5
300638,-5.37,-22.2,1015.89,140.0,-175.0,-17.5
300667,-5.37,-22.2,1015.89,122.5,-157.5,-35.0
300696,-5.37,-22.2,1015.89,122.5,-175.0,-35.0
300725,-5.37,-22.2,1015.89,122.5,-175.0,-35.0
300754,-5.37,-22.2,1015.89,122.5,-192.5,-35.0
300783,-5.37,-22.33,1015.89,122.5,-192.5,-35.0
300813,-5.37,-22.2,1015.89,122.5,-175.0,-35.0
300842,-5.37,-22.2,1015.77,122.5,-175.0,-35.0
300872,-5.37,-22.33,1015.77,105.0,-175.0,-35.0
300901,-5.37,-22.33,1015.77,122.5,-175.0,-35.0
300931,-5.37,-22.33,1015.77,122.5,-175.0,-35.0
300960,-5.37,-22.2,1015.77,105.0,-192.5,-35.0
300990,-5.37,-22.2,1015.77,122.5,-175.0,-17.5
301019,-5.37,-22.33,1015.77,122.5,-175.0,-35.0
301049,-5.37,-22.33,1015.77,122.5,-175.0,-35.0
301078,-5.37,-22.33,1015.77,140.0,-192.5,-35.0
301108,-5.37,-22.33,1015.77,105.0,-175.0,-35.0
301137,-5.37,-22.33,1015.77,105.0,-175.0,-17.5
301166,-5.37,-22.2,1015.77,122.5,-192.5,-35.0
301195,-5.25,-22.2,1015.77,122.5,-175.0,-35.0
301224,-5.37,-22.33,1015.77,122.5,-175.0,-35.0
301253,-5.37,-22.33,1015.77,140.0,-175.0,-17.5
301282,-5.37,-22.33,1015.77,122.5,-175.0,-17.5
301311,-5.37,-22.33,1015.77,122.5,-175.0,-17.5
301340,-5.37,-22.2,1015.77,122.5,-175.0,-35.0
301370,-5.37,-22.2,1015.77,105.0,-175.0,-35.0
301399,-5.37,-22.2,1015.65,122.5,-175.0,-35.0
301429,-5.25,-22.2,1015.77,122.5,-175.0,-35.0
301458,-5.37,-22.33,1015.77,140.0,-175.0,-17.5
301488,-5.25,-22.33,1015.77,122.5,-175.0,-17.5
301517,-5.25,-22.2,1015.77,122.5,-175.0,-35.0
301547,-5.25,-22.2,1015.77,122.5,-192.5,-35.0
301576,-5.25,-22.2,1015.77,122.5,-210.0,-35.0
301606,-5.25,-22.2,1015.77,122.5,-192.5,-35.0
301635,-5.25,-22.2,1015.77,105.0,-175.0,-35.0
301665,-5.25,-22.2,1015.77,122.5,-192.5,-35.0
301694,-5.25,-22.2,1015.77,122.5,-192.5,-35.0
301723,-5.25,-22.2,1015.77,122.5,-175.0,-35.0
301752,-5.25,-22.2,1015.77,122.5,-175.0,-17.5
301781,-5.25,-22.2,1015.77,140.0,-175.0,-17.5
301810,-5.25,-22.2,1015.77,122.5,-175.0,-35.0
301839,-5.25,-22.2,1015.77,122.5,-192.5,-52.5
301868,-5.12,-22.2,1015.65,122.5,-175.0,-35.0
301897,-5.25,-22.2,1015.65,122.5,-175.0,-35.0
301927,-5.12,-22.33,1015.65,122.5,-192.5,-35.0
301956,-5.25,-22.2,1015.65,122.5,-192.5,-35.0
301986,-5.25,-22.33,1015.65,122.5,-175.0,-35.0
302015,-5.25,-22.33,1015.65,122.5,-175.0,-35.0
302045,-5.25,-22.2,1015.53,105.0,-192.5,-35.0
302074,-5.25,-22.2,1015.53,122.5,-175.0,-35.0
302104,-5.25,-22.2,1015.53,122.5,-175.0,-35.0
302133,-5.25,-22.2,1015.53,122.5,-175.0,-35.0
302163,-5.25,-22.33,1015.53,122.5,-175.0,-35.0
302192,-5.25,-22.33,1015.41,122.5,-175.0,-35.0
302222,-5.25,-22.2,1015.41,105.0,-175.0,-35.0
302251,-5.25,-22.2,1015.41,105.0,-175.0,-35.0
302281,-5.25,-22.33,1015.41,140.0,-175.0,-35.0
302310,-5.37,-22.2,1015.41,122.5,-192.5,-35.0
302339,-5.37,-22.2,1015.53,140.0,-192.5,-17.5
302368,-5.37,-22.2,1015.41,122.5,-175.0,-35.0
302397,-5.37,-22.2,1015.41,122.5,-175.0,-17.5
302426,-5.37,-22.2,1015.41,122.5,-175.0,-35.0
302455,-5.37,-22.2,1015.41,122.5,-175.0,-17.5
302484,-5.37,-22.33,1015.41,122.5,-175.0,-35.0
302513,-5.37,-22.2,1015.41,122.5,-175.0,-35.0
302543,-5.37,-22.33,1015.41,105.0,-175.0,-17.5
302572,-5.37,-22.33,1015.41,105.0,-175.0,-17.5
302602,-5.37,-22.2,1015.41,105.0,-157.5,-35.0
302631,-5.37,-22.2,1015.41,105.0,-175.0,-35.0
302661,-5.37,-22.2,1015.41,105.0,-175.0,-35.0
302690,-5.37,-22.33,1015.41,140.0,-175.0,-35.0
302720,-5.37,-22.2,1015.41,122.5,-175.0,-17.5
302749,-5.37,-22.33,1015.41,140.0,-157.5,-17.5
302779,-5.37,-22.2,1015.41,122.5,-175.0,-35.0
302808,-5.37,-22.2,1015.41,140.0,-157.5,-35.0
302838,-5.37,-22.33,1015.28,122.5,-175.0,-35.0
302867,-5.37,-22.2,1015.28,105.0,-175.0,-35.0
302897,-5.37,-22.33,1015.28,122.5,-175.0,-35.0
302926,-5.37,-22.33,1015.28,105.0,-157.5,-17.5
302955,-5.37,-22.33,1015.28,140.0,-175.0,-35.0
302984,-5.37,-22.33,1015.28,122.5,-192.5,-17.5
303013,-5.37,-22.33,1015.28,122.5,-175.0,-35.0
303042,-5.37,-22.33,1015.28,122.5,-175.0,-35.0
303071,-5.37,-22.33,1015.28,122.5,-175.0,-35.0
303100,-5.37,-22.33,1015.28,105.0,-192.5,-35.0
303129,-5.37,-22.2,1015.28,122.5,-175.0,-17.5
303159,-5.37,-22.2,1015.28,122.5,-175.0,-35.0
303188,-5.37,-22.33,1015.28,122.5,-175.0,-17.5
303218,-5.37,-22.33,1015.28,105.0,-175.0,-17.5
303247,-5.37,-22.33,1015.28,122.5,-175.0,-35.0
303277,-5.37,-22.33,1015.28,122.5,-175.0,-17.5
303306,-5.37,-22.33,1015.28,140.0,-175.0,-17.5
303336,-5.37,-22.33,1015.28,122.5,-175.0,-35.0
303365,-5.37,-22.33,1015.28,140.0,-175.0,-35.0
303395,-5.25,-22.33,1015.28,122.5,-175.0,-17.5
303424,-5.25,-22.33,1015.28,122.5,-192.5,-35.0
303453,-5.25,-22.33,1015.16,122.5,-175.0,-35.0
303482,-5.25,-22.2,1015.16,122.5,-175.0,-17.5
303511,-5.25,-22.33,1015.28,122.5,-175.0,-35.0
303540,-5.25,-22.2,1015.16,122.5,-175.0,-52.5
303569,-5.25,-22.2,1015.16,122.5,-175.0,-35.0
303598,-5.12,-22.2,1015.16,122.5,-175.0,-17.5
303627,-5.25,-22.2,1015.28,122.5,-175.0,-35.0
303657,-5.25,-22.33,1015.28,122.5,-192.5,-35.0
303686,-5.25,-22.33,1015.28,122.5,-192.5,-17.5
303716,-5.25,-22.33,1015.28,105.0,-157.5,-35.0
303745,-5.25,-22.33,1015.28,122.5,-175.0,-17.5
303775,-5.25,-22.2,1015.28,157.5,-175.0,-17.5
303804,-5.25,-22.33,1015.28,122.5,-175.0,-17.5
303834,-5.25,-22.2,1015.28,122.5,-175.0,-17.5
303863,-5.25,-22.33,1015.28,105.0,-175.0,-35.0
303893,-5.25,-22.33,1015.28,105.0,-175.0,-35.0
303922,-5.25,-22.2,1015.28,105.0,-192.5,-35.0
303952,-5.25,-22.33,1015.28,122.5,-175.0,-17.5
303981,-5.25,-22.33,1015.28,122.5,-192.5,-35.0
304010,-5.25,-22.33,1015.28,105.0,-175.0,-35.0
304039,-5.25,-22.33,1015.28,105.0,-175.0,-17.5
304068,-5.25,-22.2,1015.28,122.5,-175.0,-35.0
304097,-5.25,-22.2,1015.41,105.0,-175.0,-35.0
304126,-5.25,-22.33,1015.28,122.5,-192.5,-17.5
304156,-5.25,-22.2,1015.28,105.0,-175.0,-35.0
304185,-5.25,-22.2,1015.28,122.5,-175.0,-17.5
304215,-5.25,-22.2,1015.28,122.5,-192.5,-17.5
304244,-5.25,-22.33,1015.28,122.5,-192.5,-35.0
304274,-5.25,-22.2,1015.28,122.5,-192.5,-35.0
304303,-5.25,-22.33,1015.28,122.5,-192.5,-35.0
304333,-5.25,-22.33,1015.28,105.0,-175.0,-35.0
304362,-5.25,-22.33,1015.28,105.0,-175.0,-17.5
304392,-5.25,-22.33,1015.28,122.5,-175.0,-17.5
304421,-5.25,-22.33,1015.28,122.5,-175.0,-17.5
304451,-5.25,-22.33,1015.28,122.5,-175.0,-35.0
304480,-5.37,-22.33,1015.16,122.5,-175.0,-17.5
304509,-5.25,-22.33,1015.16,122.5,-175.0,-17.5
304538,-5.25,-22.33,1015.16,140.0,-192.5,-17.5
304567,-5.37,-22.33,1015.16,122.5,-192.5,-17.5
304596,-5.37,-22.33,1015.04,122.5,-175.0,-35.0
304625,-5.37,-22.33,1015.04,105.0,-175.0,-35.0
304654,-5.37,-22.33,1015.04,105.0,-175.0,-17.5
304683,-5.37,-22.45,1014.92,140.0,-175.0,-52.5
304713,-5.37,-22.45,1014.92,122.5,-175.0,-35.0
304742,-5.37,-22.33,1014.92,122.5,-192.5,-17.5
304772,-5.37,-22.45,1014.8,105.0,-175.0,-17.5
304801,-5.37,-22.33,1014.8,105.0,-175.0,-35.0
304831,-5.37,-22.33,1014.8,105.0,-175.0,-35.0
304860,-5.37,-22.45,1014.8,105.0,-175.0,-17.5
304890,-5.37,-22.33,1014.8,122.5,-192.5,-35.0
304919,-5.37,-22.33,1014.8,122.5,-175.0,-35.0
304949,-5.37,-22.33,1014.8,140.0,-175.0,-35.0
304978,-5.37,-22.33,1014.8,140.0,-175.0,-17.5
305008,-5.37,-22.45,1014.8,122.5,-175.0,-35.0
305037,-5.37,-22.33,1014.8,140.0,-175.0,-35.0
305066,-5.37,-22.33,1014.8,105.0,-175.0,-52.5
305095,-5.37,-22.2,1014.8,140.0,-175.0,-35.0
305124,-5.37,-22.33,1014.8,140.0,-175.0,-17.5
305153,-5.37,-22.2,1014.67,122.5,-192.5,-35.0
305182,-5.37,-22.2,1014.67,140.0,-192.5,-35.0
305211,-5.37,-22.2,1014.67,122.5,-175.0,-17.5
305240,-5.37,-22.33,1014.67,122.5,-192.5,-17.5
305270,-5.37,-22.2,1014.55,140.0,-192.5,-35.0
305299,-5.37,-22.33,1014.55,105.0,-175.0,-35.0
305329,-5.37,-22.2,1014.67,105.0,-175.0,-17.5
305358,-5.37,-22.33,1014.67,122.5,-175.0,-17.5
305388,-5.37,-22.2,1014.67,122.5,-192.5,-35.0
305417,-5.37,-22.2,1014.67,122.5,-175.0,-35.0
305447,-5.37,-22.33,1014.67,122.5,-175.0,-35.0
305476,-5.37,-22.2,1014.67,122.5,-175.0,-35.0
305506,-5.25,-22.33,1014.8,105.0,-157.5,-35.0
305535,-5.37,-22.33,1014.8,122.5,-175.0,-35.0
305565,-5.37,-22.2,1014.8,122.5,-192.5,-35.0
305594,-5.37,-22.2,1014.8,140.0,-192.5,-17.5
305623,-5.25,-22.33,1014.8,140.0,-175.0,-17.5
305652,-5.25,-22.2,1014.8,140.0,-192.5,-17.5
305681,-5.25,-22.33,1014.8,122.5,-192.5,-35.0
305710,-5.25,-22.2,1014.8,122.5,-192.5,-35.0
305739,-5.25,-22.33,1014.8,122.5,-157.5,-52.5
305769,-5.25,-22.2,1014.8,122.5,-157.5,-35.0
305798,-5.25,-22.33,1014.67,122.5,-175.0,-35.0
305828,-5.25,-22.33,1014.67,105.0,-192.5,-35.0
305857,-5.25,-22.33,1014.67,105.0,-175.0,-35.0
305887,-5.25,-22.33,1014.67,105.0,-175.0,-17.5
305916,-5.25,-22.33,1014.67,122.5,-192.5,-17.5
305946,-5.25,-22.33,1014.67,122.5,-175.0,-17.5
305975,-5.25,-22.33,1014.67,105.0,-175.0,-17.5
306005,-5.25,-22.33,1014.67,122.5,-175.0,-17.5
306034,-5.25,-22.33,1014.8,122.5,-175.0,-17.5
306064,-5.25,-22.33,1014.8,122.5,-175.0,-35.0
306093,-5.25,-22.33,1014.67,122.5,-175.0,-35.0
306122,-5.25,-22.33,1014.67,122.5,-175.0,-35.0
306151,-5.25,-22.33,1014.67,105.0,-175.0,-35.0
306180,-5.25,-22.33,1014.67,122.5,-175.0,-35.0
306209,-5.37,-22.33,1014.67,122.5,-175.0,-17.5
306238,-5.25,-22.33,1014.67,122.5,-192.5,-35.0
306267,-5.37,-22.33,1014.67,122.5,-175.0,-35.0
306296,-5.37,-22.33,1014.55,122.5,-175.0,-35.0
306326,-5.37,-22.33,1014.55,122.5,-175.0,-35.0
306355,-5.37,-22.33,1014.55,140.0,-192.5,-35.0
306385,-5.37,-22.33,1014.55,122.5,-175.0,-35.0
306414,-5.37,-22.33,1014.55,140.0,-175.0,-35.0
306444,-5.37,-22.33,1014.55,122.5,-175.0,-17.5
306473,-5.25,-22.33,1014.55,105.0,-157.5,-35.0
306503,-5.25,-22.33,1014.55,122.5,-175.0,-35.0
306532,-5.25,-22.33,1014.55,122.5,-157.5,-35.0
306562,-5.25,-22.2,1014.55,122.5,-175.0,-35.0
306591,-5.25,-22.2,1014.55,157.5,-175.0,-35.0
306620,-5.25,-22.2,1014.55,140.0,-175.0,-17.5
306649,-5.25,-22.2,1014.55,122.5,-192.5,-35.0
306678,-5.37,-22.33,1014.55,122.5,-175.0,-17.5
306707,-5.25,-22.2,1014.67,122.5,-175.0,-17.5
306736,-5.25,-22.2,1014.55,140.0,-175.0,-17.5
306765,-5.25,-22.2,1014.67,140.0,-157.5,-17.5
306794,-5.25,-22.2,1014.67,140.0,-175.0,-35.0
306824,-5.25,-22.2,1014.8,122.5,-175.0,-35.0
306853,-5.25,-22.2,1014.8,122.5,-175.0,-35.0
306883,-5.25,-22.2,1014.8,105.0,-192.5,-17.5
306912,-5.25,-22.2,1014.8,122.5,-175.0,-17.5
306942,-5.25,-22.2,1014.8,122.5,-175.0,-17.5
306971,-5.25,-22.2,1014.92,122.5,-175.0,-35.0
307001,-5.25,-22.2,1015.04,122.5,-192.5,-35.0
307030,-5.25,-22.2,1015.04,122.5,-192.5,-35.0
307060,-5.25,-22.2,1015.04,122.5,-175.0,-17.5
307089,-5.25,-22.2,1015.04,140.0,-175.0,-35.0
307118,-5.12,-22.2,1015.04,105.0,-175.0,-17.5
307147,-5.12,-22.2,1015.04,105.0,-157.5,-17.5
307176,-5.12,-22.2,1015.16,122.5,-175.0,-35.0
307205,-5.25,-22.2,1015.16,140.0,-175.0,-17.5
307234,-5.12,-22.2,1015.16,105.0,-175.0,-17.5
307263,-5.12,-22.2,1015.16,105.0,-175.0,-17.5
307292,-5.12,-22.2,1015.16,105.0,-175.0,-35.0
307322,-5.25,-22.2,1015.16,122.5,-175.0,-35.0
307351,-5.25,-22.2,1015.28,122.5,-175.0,-17.5
307381,-5.25,-22.2,1015.28,105.0,-175.0,-35.0
307410,-5.25,-22.2,1015.28,140.0,-175.0,-35.0
307440,-5.25,-22.2,1015.16,122.5,-175.0,-35.0
307469,-5.12,-22.2,1015.16,140.0,-175.0,-17.5
307499,-5.25,-22.2,1015.16,122.5,-175.0,-17.5
307528,-5.12,-22.2,1015.16,122.5,-175.0,-35.0
307558,-5.12,-22.2,1015.16,122.5,-175.0,-35.0
307587,-5.25,-22.2,1015.16,122.5,-175.0,-17.5
307616,-5.25,-22.2,1015.16,122.5,-175.0,-35.0
307645,-5.25,-22.2,1015.16,122.5,-175.0,-35.0
307674,-5.25,-22.2,1015.16,122.5,-157.5,-35.0
307703,-5.25,-22.2,1015.16,122.5,-175.0,-35.0
307732,-5.25,-22.2,1015.16,105.0,-192.5,-17.5
307761,-5.25,-22.2,1015.28,105.0,-192.5,-17.5
307790,-5.25,-22.2,1015.28,122.5,-175.0,-17.5
307820,-5.25,-22.2,1015.28,122.5,-175.0,-35.0
307849,-5.25,-22.2,1015.16,122.5,-175.0,-35.0
307879,-5.25,-22.2,1015.28,122.5,-175.0,-35.0
307908,-5.12,-22.2,1015.28,122.5,-192.5,-35.0
307938,-5.25,-22.2,1015.28,140.0,-175.0,-35.0
307967,-5.25,-22.2,1015.28,122.5,-175.0,-35.0
307997,-5.25,-22.2,1015.28,140.0,-175.0,-35.0
308026,-5.25,-22.2,1015.28,122.5,-157.5,-35.0
308056,-5.25,-22.2,1015.28,122.5,-175.0,-17.5
308085,-5.12,-22.2,1015.41,122.5,-175.0,-17.5
308114,-5.25,-22.2,1015.41,105.0,-175.0,-17.5
308143,-5.12,-22.2,1015.41,105.0,-175.0,-35.0
308172,-5.25,-22.2,1015.41,122.5,-192.5,-35.0
308201,-5.25,-22.2,1015.41,140.0,-157.5,-35.0
308230,-5.25,-22.2,1015.41,122.5,-157.5,-35.0
308259,-5.25,-22.2,1015.41,122.5,-175.0,-17.5
308288,-5.25,-22.2,1015.41,140.0,-175.0,-35.0
308318,-5.25,-22.2,1015.41,122.5,-175.0,-35.0
308347,-5.25,-22.2,1015.41,122.5,-192.5,-35.0
308377,-5.25,-22.2,1015.41,122.5,-192.5,-35.0
308406,-5.25,-22.2,1015.41,122.5,-175.0,-35.0
308436,-5.25,-22.2,1015.41,122.5,-175.0,-35.0
308465,-5.25,-22.2,1015.53,105.0,-175.0,-35.0
308495,-5.25,-22.2,1015.41,105.0,-175.0,-35.0
308524,-5.25,-22.2,1015.41,140.0,-175.0,-17.5
308554,-5.25,-22.2,1015.53,105.0,-175.0,-35.0
308583,-5.25,-22.2,1015.53,140.0,-175.0,-35.0
308612,-5.25,-22.2,1015.53,140.0,-175.0,-35.0
308641,-5.25,-22.2,1015.53,122.5,-175.0,-17.5
308670,-5.25,-22.2,1015.53,122.5,-175.0,-17.5
308699,-5.25,-22.2,1015.41,105.0,-175.0,-35.0
308728,-5.25,-22.2,1015.41,122.5,-192.5,-17.5
308758,-5.25,-22.2,1015.41,122.5,-192.5,-17.5
308787,-5.25,-22.2,1015.41,122.5,-192.5,-35.0
308817,-5.25,-22.2,1015.41,105.0,-175.0,-35.0
308846,-5.12,-22.2,1015.41,122.5,-175.0,-17.5
308876,-5.12,-22.2,1015.41,87.5,-175.0,-17.5
308905,-5.25,-22.2,1015.41,105.0,-175.0,-17.5
308935,-5.25,-22.2,1015.41,105.0,-175.0,-17.5
308964,-5.12,-22.2,1015.41,105.0,-175.0,-17.5
308994,-5.25,-22.2,1015.28,87.5,-175.0,0.0
309024,-5.25,-22.33,1015.28,105.0,-175.0,-17.5
309054,-5.12,-22.33,1015.28,122.5,-192.5,-35.0
309083,-5.25,-22.33,1015.28,122.5,-175.0,-52.5
309112,-5.25,-22.2,1015.28,105.0,-192.5,-35.0
309141,-5.12,-22.2,1015.41,122.5,-175.0,-35.0
309170,-5.25,-22.33,1015.41,140.0,-175.0,-35.0
309199,-5.25,-22.2,1015.28,122.5,-175.0,-35.0
309228,-5.25,-22.2,1015.28,122.5,-157.5,-35.0
309258,-5.25,-22.2,1015.28,140.0,-175.0,-35.0
309287,-5.12,-22.33,1015.28,105.0,-192.5,-35.0
309317,-5.25,-22.2,1015.16,140.0,-192.5,-52.5
309346,-5.12,-22.2,1015.16,122.5,-175.0,-35.0
309376,-5.25,-22.2,1015.16,122.5,-175.0,-17.5
309405,-5.12,-22.2,1015.04,105.0,-175.0,-17.5
309435,-5.25,-22.2,1015.04,122.5,-175.0,-17.5
309464,-5.12,-22.2,1015.04,122.5,-192.5,-35.0
309494,-5.25,-22.2,1015.04,122.5,-192.5,-35.0
309523,-5.12,-22.33,1015.04,140.0,-175.0,-17.5
309553,-5.25,-22.2,1015.04,122.5,-175.0,-17.5
309582,-5.25,-22.2,1014.92,105.0,-192.5,-17.5
309611,-5.25,-22.33,1014.92,122.5,-175.0,-35.0
309640,-5.25,-22.33,1014.92,122.5,-157.5,-35.0
309669,-5.25,-22.33,1014.8,122.5,-175.0,-17.5
309698,-5.25,-22.33,1014.8,122.5,-175.0,-35.0
309727,-5.25,-22.33,1014.8,105.0,-175.0,-35.0
309756,-5.37,-22.33,1014.8,122.5,-175.0,-17.5
309785,-5.37,-22.33,1014.92,122.5,-175.0,-17.5
309815,-5.37,-22.33,1014.92,122.5,-175.0,-35.0
309844,-5.37,-22.33,1014.8,140.0,-192.5,-35.0
309874,-5.37,-22.33,1014.8,140.0,-157.5,-35.0
309903,-5.25,-22.33,1014.8,140.0,-175.0,-35.0
309933,-5.37,-22.33,1014.8,140.0,-175.0,-35.0
309962,-5.25,-22.33,1014.8,122.5,-175.0,-35.0
309992,-5.25,-22.33,1014.8,105.0,-175.0,-35.0
310021,-5.25,-22.33,1014.8,105.0,-175.0,-17.5
310051,-5.37,-22.33,1014.8,122.5,-175.0,-35.0
310080,-5.37,-22.33,1014.8,122.5,-192.5,-35.0
310109,-5.37,-22.33,1014.67,105.0,-175.0,-35.0
310138,-5.37,-22.33,1014.67,105.0,-175.0,-35.0
310167,-5.37,-22.45,1014.67,122.5,-175.0,-17.5
310196,-5.37,-22.45,1014.67,105.0,-192.5,-17.5
310225,-5.37,-22.33,1014.67,105.0,-175.0,-17.5
310255,-5.37,-22.33,1014.67,105.0,-192.5,-35.0
310284,-5.37,-22.33,1014.67,105.0,-175.0,-35.0
310314,-5.37,-22.33,1014.67,122.5,-175.0,-35.0
310343,-5.37,-22.33,1014.67,140.0,-192.5,-35.0
310373,-5.37,-22.45,1014.67,122.5,-192.5,-17.5
310402,-5.37,-22.45,1014.67,122.5,-210.0,-52.5
310432,-5.37,-22.45,1014.67,122.5,-175.0,-17.5
310461,-5.37,-22.45,1014.67,122.5,-175.0,-17.5
310491,-5.37,-22.45,1014.67,105.0,-175.0,-17.5
310520,-5.37,-22.45,1014.67,122.5,-175.0,-35.0
310550,-5.37,-22.45,1014.67,122.5,-175.0,-17.5
310579,-5.37,-22.45,1014.67,122.5,-175.0,-17.5
310608,-5.37,-22.45,1014.67,122.5,-175.0,-17.5
310637,-5.37,-22.45,1014.67,122.5,-157.5,-35.0
310666,-5.37,-22.33,1014.67,105.0,-175.0,-35.0
310695,-5.37,-22.33,1014.67,122.5,-175.0,-17.5
310724,-5.37,-22.33,1014.67,105.0,-192.5,-35.0
310753,-5.37,-22.33,1014.67,122.5,-175.0,-35.0
310782,-5.25,-22.33,1014.67,122.5,-175.0,-35.0
310812,-5.25,-22.33,1014.67,122.5,-192.5,-35.0
310841,-5.25,-22.33,1014.67,122.5,-192.5,-35.0
310871,-5.25,-22.33,1014.67,105.0,-192.5,-35.0
310900,-5.25,-22.33,1014.67,122.5,-192.5,-17.5
310930,-5.37,-22.33,1014.67,105.0,-192.5,-17.5
310959,-5.37,-22.33,1014.8,140.0,-192.5,-17.5
310989,-5.37,-22.33,1014.8,140.0,-175.0,-35.0
311018,-5.37,-22.33,1014.8,122.5,-157.5,-35.0
311048,-5.37,-22.33,1014.8,122.5,-175.0,-35.0
311077,-5.37,-22.33,1014.8,122.5,-192.5,-17.5
311106,-5.37,-22.45,1014.8,105.0,-175.0,-35.0
311135,-5.37,-22.45,1014.8,122.5,-157.5,-35.0
311164,-5.37,-22.45,1014.8,105.0,-175.0,-35.0
311193,-5.37,-22.45,1014.8,140.0,-192.5,-17.5
311222,-5.37,-22.45,1014.8,140.0,-192.5,-35.0
311251,-5.37,-22.33,1014.92,105.0,-175.0,-52.5
311280,-5.37,-22.33,1014.92,122.5,-175.0,-35.0
311310,-5.37,-22.33,1015.04,122.5,-175.0,-35.0
311339,-5.37,-22.33,1015.04,122.5,-192.5,-17.5
311369,-5.37,-22.33,1015.04,105.0,-175.0,-35.0
311398,-5.37,-22.33,1015.04,122.5,-157.5,-35.0
311428,-5.37,-22.33,1015.04,105.0,-175.0,-35.0
311457,-5.37,-22.33,1015.04,122.5,-175.0,-35.0
311487,-5.37,-22.33,1015.04,122.5,-192.5,-17.5
311516,-5.37,-22.33,1015.04,105.0,-192.5,0.0
311546,-5.37,-22.33,1014.92,122.5,-175.0,-17.5
311575,-5.37,-22.2,1015.04,122.5,-175.0,-35.0
311605,-5.37,-22.33,1014.92,122.5,-157.5,-35.0
311634,-5.37,-22.33,1014.92,140.0,-157.5,-35.0
311663,-5.37,-22.33,1014.92,122.5,-192.5,-35.0
311692,-5.37,-22.2,1014.92,140.0,-175.0,-17.5
311721,-5.37,-22.2,1015.04,105.0,-175.0,-17.5
311750,-5.37,-22.2,1015.04,122.5,-175.0,-35.0
311779,-5.37,-22.33,1015.04,122.5,-175.0,-35.0
311809,-5.37,-22.33,1015.04,122.5,-175.0,-35.0
311838,-5.37,-22.33,1014.92,122.5,-175.0,-35.0
311868,-5.37,-22.33,1015.04,122.5,-175.0,-35.0
311897,-5.37,-22.33,1015.04,122.5,-175.0,-17.5
311927,-5.37,-22.33,1014.92,122.5,-210.0,-17.5
311956,-5.37,-22.33,1014.92,122.5,-192.5,-17.5
311986,-5.37,-22.33,1015.04,122.5,-192.5,-17.5
312015,-5.37,-22.2,1015.04,122.5,-175.0,-17.5
312045,-5.37,-22.2,1015.04,105.0,-175.0,-17.5
312074,-5.37,-22.33,1015.04,122.5,-192.5,-35.0
312104,-5.37,-22.33,1015.04,122.5,-175.0,-35.0
312133,-5.37,-22.33,1015.04,105.0,-192.5,-35.0
312162,-5.37,-22.33,1015.04,105.0,-175.0,-17.5
312191,-5.37,-22.33,1015.04,122.5,-192.5,-35.0
312220,-5.37,-22.33,1015.04,140.0,-192.5,-35.0
312249,-5.37,-22.33,1015.04,105.0,-175.0,-35.0
312278,-5.37,-22.33,1015.04,122.5,-192.5,-17.5
312307,-5.37,-22.33,1015.04,122.5,-175.0,-35.0
312336,-5.37,-22.33,1015.04,122.5,-175.0,-35.0
312366,-5.37,-22.33,1015.04,140.0,-175.0,-17.5
312395,-5.37,-22.33,1015.04,122.5,-175.0,-35.0
312425,-5.37,-22.33,1015.16,122.5,-175.0,-17.5
312454,-5.37,-22.33,1015.16,122.5,-175.0,-35.0
312484,-5.37,-22.33,1015.16,122.5,-192.5,-17.5
312513,-5.37,-22.33,1015.28,122.5,-175.0,-17.5
312543,-5.37,-22.33,1015.28,122.5,-175.0,-35.0
312572,-5.49,-22.45,1015.28,122.5,-175.0,-17.5
312602,-5.37,-22.45,1015.28,122.5,-157.5,-35.0
312631,-5.37,-22.33,1015.28,122.5,-175.0,-17.5
312660,-5.37,-22.33,1015.28,122.5,-157.5,-35.0
312689,-5.37,-22.33,1015.28,122.5,-157.5,-17.5
312718,-5.37,-22.45,1015.28,105.0,-175.0,-17.5
312747,-5.37,-22.45,1015.28,122.5,-157.5,-35.0
312776,-5.37,-22.33,1015.28,122.5,-175.0,-35.0
312805,-5.37,-22.33,1015.28,122.5,-175.0,-17.5
312834,-5.37,-22.33,1015.28,140.0,-192.5,-17.5
312864,-5.37,-22.33,1015.28,122.5,-175.0,-17.5
312893,-5.37,-22.33,1015.28,105.0,-175.0,-17.5
312923,-5.37,-22.33,1015.28,122.5,-175.0,-35.0
312952,-5.37,-22.33,1015.41,122.5,-192.5,-35.0
312982,-5.25,-22.2,1015.41,140.0,-175.0,-35.0
313011,-5.25,-22.2,1015.41,140.0,-175.0,-17.5
313041,-5.25,-22.33,1015.41,140.0,-175.0,-35.0
313070,-5.37,-22.33,1015.41,140.0,-175.0,-17.5
313100,-5.37,-22.2,1015.41,122.5,-157.5,-17.5
313129,-5.37,-22.2,1015.41,105.0,-175.0,-35.0
313159,-5.37,-22.2,1015.53,105.0,-175.0,-35.0
313188,-5.37,-22.2,1015.53,105.0,-157.5,-17.5
313217,-5.37,-22.2,1015.53,140.0,-175.0,-35.0
313246,-5.37,-22.2,1015.53,122.5,-175.0,-35.0
313275,-5.25,-22.33,1015.53,122.5,-175.0,-35.0
313304,-5.37,-22.33,1015.53,122.5,-175.0,-17.5
313333,-5.37,-22.2,1015.53,140.0,-192.5,-35.0
313362,-5.37,-22.2,1015.53,140.0,-192.5,-35.0
313391,-5.37,-22.2,1015.53,122.5,-192.5,-17.5
313421,-5.37,-22.2,1015.53,105.0,-175.0,-17.5
313450,-5.37,-22.2,1015.53,105.0,-175.0,-35.0
313480,-5.37,-22.2,1015.53,105.0,-192.5,-35.0
313509,-5.37,-22.2,1015.65,140.0,-175.0,-35.0
313539,-5.37,-22.2,1015.65,122.5,-175.0,-52.5
313568,-5.37,-22.2,1015.65,140.0,-210.0,-35.0
313598,-5.37,-22.2,1015.65,122.5,-192.5,-35.0
313627,-5.37,-22.2,1015.65,140.0,-192.5,-35.0
313657,-5.37,-22.2,1015.65,122.5,-175.0,-35.0
313686,-5.37,-22.2,1015.65,122.5,-192.5,-35.0
313716,-5.37,-22.2,1015.77,122.5,-175.0,-35.0
313745,-5.37,-22.2,1015.77,122.5,-175.0,-35.0
313774,-5.37,-22.2,1015.65,122.5,-157.5,-52.5
313803,-5.37,-22.2,1015.65,140.0,-175.0,-35.0
313832,-5.37,-22.2,1015.77,122.5,-175.0,-17.5
313861,-5.37,-22.2,1015.77,122.5,-175.0,-35.0
313890,-5.37,-22.2,1015.77,105.0,-192.5,-17.5
313919,-5.37,-22.2,1015.65,105.0,-175.0,-35.0
313948,-5.37,-22.2,1015.77,122.5,-175.0,-52.5
313978,-5.37,-22.2,1015.77,122.5,-192.5,-35.0
314007,-5.37,-22.33,1015.77,105.0,-175.0,-35.0
314037,-5.37,-22.2,1015.77,122.5,-175.0,-17.5
314066,-5.37,-22.2,1015.77,122.5,-175.0,-35.0
314096,-5.37,-22.2,1015.77,122.5,-175.0,-35.0
314125,-5.37,-22.2,1015.77,105.0,-175.0,-35.0
314155,-5.37,-22.2,1015.77,122.5,-157.5,-35.0
314184,-5.37,-22.2,1015.77,105.0,-157.5,-52.5
314214,-5.37,-22.2,1015.77,122.5,-175.0,-35.0
314243,-5.37,-22.2,1015.77,122.5,-192.5,-17.5
314273,-5.37,-22.2,1015.77,122.5,-192.5,-35.0
314302,-5.37,-22.2,1015.77,122.5,-175.0,-35.0
314331,-5.37,-22.2,1015.77,105.0,-175.0,-52.5
314360,-5.37,-22.2,1015.77,122.5,-157.5,-35.0
314389,-5.25,-22.2,1015.77,140.0,-175.0,-35.0
314418,-5.25,-22.2,1015.65,122.5,-175.0,-35.0
314447,-5.25,-22.2,1015.65,122.5,-192.5,-35.0
314476,-5.25,-22.2,1015.77,122.5,-192.5,-52.5
314505,-5.37,-22.2,1015.77,122.5,-210.0,-35.0
314535,-5.25,-22.2,1015.65,122.5,-192.5,-35.0
314564,-5.25,-22.33,1015.65,122.5,-175.0,-35.0
314594,-5.25,-22.33,1015.65,122.5,-175.0,-35.0
314623,-5.25,-22.33,1015.65,122.5,-175.0,-35.0
314653,-5.25,-22.33,1015.65,122.5,-157.5,-35.0
314682,-5.37,-22.2,1015.65,122.5,-175.0,-35.0
314712,-5.37,-22.33,1015.65,122.5,-175.0,-35.0
314741,-5.37,-22.2,1015.65,105.0,-192.5,-17.5
314771,-5.37,-22.2,1015.65,122.5,-192.5,-35.0
314800,-5.37,-22.33,1015.65,122.5,-192.5,-35.0
314830,-5.37,-22.33,1015.65,140.0,-192.5,-17.5
314859,-5.37,-22.2,1015.65,122.5,-175.0,-17.5
314888,-5.37,-22.2,1015.65,122.5,-175.0,-35.0
314917,-5.37,-22.33,1015.65,122.5,-192.5,-17.5
314946,-5.25,-22.2,1015.65,105.0,-175.0,-17.5
314975,-5.37,-22.2,1015.65,105.0,-157.5,-17.5
315004,-5.37,-22.2,1015.65,105.0,-192.5,-35.0
315033,-5.37,-22.2,1015.65,122.5,-175.0,-35.0
315062,-5.37,-22.2,1015.65,105.0,-175.0,-35.0
315092,-5.37,-22.2,1015.65,122.5,-175.0,-35.0
315121,-5.37,-22.2,1015.65,122.5,-157.5,-17.5
315151,-5.37,-22.2,1015.65,140.0,-175.0,-17.5
315180,-5.37,-22.2,1015.65,140.0,-175.0,-35.0
315210,-5.37,-22.2,1015.65,122.5,-192.5,-35.0
315239,-5.37,-22.2,1015.77,140.0,-192.5,-35.0
315269,-5.37,-22.2,1015.77,140.0,-192.5,-35.0
315298,-5.37,-22.2,1015.65,140.0,-175.0,-35.0
315328,-5.37,-22.2,1015.65,140.0,-175.0,-35.0
315357,-5.37,-22.2,1015.77,122.5,-157.5,-35.0
315387,-5.37,-22.2,1015.65,140.0,-192.5,-35.0
315416,-5.37,-22.2,1015.77,140.0,-175.0,-35.0
315445,-5.37,-22.2,1015.77,122.5,-175.0,-35.0
315474,-5.37,-22.2,1015.65,122.5,-175.0,-35.0
315503,-5.37,-22.2,1015.77,122.5,-175.0,-17.5
315532,-5.37,-22.2,1015.77,122.5,-175.0,-35.0
315561,-5.37,-22.2,1015.77,140.0,-192.5,-35.0
315590,-5.37,-22.2,1015.77,140.0,-175.0,-35.0
315619,-5.37,-22.33,1015.77,140.0,-175.0,-35.0
315649,-5.37,-22.33,1015.77,122.5,-192.5,-17.5
315678,-5.37,-22.33,1015.65,122.5,-175.0,-35.0
315708,-5.37,-22.33,1015.65,122.5,-175.0,-35.0
315737,-5.37,-22.33,1015.65,122.5,-192.5,-17.5
315767,-5.37,-22.33,1015.65,105.0,-192.5,-35.0
315796,-5.37,-22.33,1015.53,122.5,-157.5,-35.0
315826,-5.37,-22.33,1015.53,122.5,-175.0,-17.5
315855,-5.37,-22.33,1015.53,122.5,-192.5,-35.0
315885,-5.25,-22.33,1015.53,122.5,-192.5,-17.5
315914,-5.25,-22.33,1015.53,140.0,-175.0,-35.0
315943,-5.25,-22.33,1015.53,140.0,-175.0,-35.0
315972,-5.25,-22.33,1015.53,122.5,-175.0,-35.0
316001,-5.25,-22.33,1015.53,122.5,-175.0,-17.5
316030,-5.25,-22.33,1015.53,122.5,-175.0,-17.5
316059,-5.25,-22.33,1015.53,140.0,-157.5,-35.0
316088,-5.25,-22.2,1015.53,105.0,-175.0,-17.5
316117,-5.25,-22.2,1015.53,105.0,-175.0,-35.0
316147,-5.25,-22.33,1015.53,122.5,-192.5,-35.0
316176,-5.37,-22.2,1015.53,122.5,-210.0,-17.5
316206,-5.25,-22.2,1015.53,122.5,-175.0,-35.0
316235,-5.25,-22.33,1015.53,122.5,-157.5,-35.0
316265,-5.25,-22.2,1015.53,122.5,-175.0,-35.0
316294,-5.25,-22.2,1015.53,140.0,-175.0,-35.0
316324,-5.25,-22.2,1015.53,122.5,-175.0,-35.0
316353,-5.25,-22.33,1015.53,122.5,-175.0,-35.0
316383,-5.25,-22.33,1015.53,122.5,-192.5,-35.0
316412,-5.25,-22.2,1015.53,140.0,-192.5,-35.0
316442,-5.25,-22.33,1015.53,122.5,-175.0,-52.5
316471,-5.25,-22.2,1015.53,140.0,-175.0,-35.0
316500,-5.37,-22.2,1015.53,122.5,-175.0,-17.5
316529,-5.37,-22.2,1015.53,140.0,-175.0,-35.0
316558,-5.37,-22.2,1015.41,122.5,-175.0,-17.5
316587,-5.25,-22.2,1015.41,105.0,-192.5,-35.0
316616,-5.37,-22.2,1015.53,140.0,-175.0,-17.5
316645,-5.37,-22.2,1015.41,122.5,-157.5,-17.5
316674,-5.37,-22.33,1015.41,140.0,-192.5,-35.0
316704,-5.25,-22.2,1015.41,122.5,-192.5,-17.5
316733,-5.25,-22.33,1015.41,122.5,-175.0,-35.0
316763,-5.25,-22.2,1015.41,122.5,-175.0,-35.0
316792,-5.25,-22.2,1015.41,122.5,-175.0,-35.0
316822,-5.25,-22.2,1015.41,122.5,-192.5,-35.0
316851,-5.25,-22.33,1015.28,105.0,-192.5,-35.0
316881,-5.25,-22.2,1015.28,122.5,-175.0,-17.5
316910,-5.25,-22.2,1015.28,122.5,-175.0,-35.0
316940,-5.25,-22.2,1015.28,122.5,-175.0,-17.5
316969,-5.37,-22.2,1015.28,122.5,-175.0,-17.5
316999,-5.25,-22.33,1015.28,122.5,-175.0,-35.0
317028,-5.37,-22.33,1015.28,122.5,-175.0,-17.5
317057,-5.25,-22.2,1015.41,122.5,-175.0,-35.0
317086,-5.25,-22.2,1015.41,122.5,-175.0,-17.5
317115,-5.25,-22.2,1015.41,122.5,-157.5,-35.0
317144,-5.25,-22.33,1015.41,122.5,-175.0,-35.0
317173,-5.25,-22.33,1015.41,105.0,-175.0,-35.0
317202,-5.25,-22.2,1015.53,122.5,-192.5,-35.0
317231,-5.25,-22.2,1015.53,105.0,-175.0,-17.5
317261,-5.25,-22.2,1015.53,122.5,-175.0,-35.0
317290,-5.25,-22.33,1015.53,105.0,-175.0,-17.5
317320,-5.37,-22.33,1015.53,122.5,-175.0,-17.5
317349,-5.37,-22.33,1015.53,140.0,-175.0,-35.0
317379,-5.37,-22.33,1015.53,122.5,-175.0,-17.5
317408,-5.25,-22.2,1015.53,122.5,-175.0,-35.0
317438,-5.37,-22.2,1015.53,122.5,-157.5,-35.0
317467,-5.37,-22.2,1015.53,122.5,-175.0,-17.5
317497,-5.37,-22.2,1015.53,105.0,-175.0,-17.5
317526,-5.37,-22.33,1015.53,122.5,-175.0,-35.0
317556,-5.37,-22.2,1015.53,140.0,-192.5,-35.0
317585,-5.37,-22.2,1015.53,122.5,-175.0,-17.5
317614,-5.37,-22.33,1015.53,105.0,-192.5,-35.0
317643,-5.37,-22.33,1015.53,122.5,-175.0,-17.5
317672,-5.37,-22.33,1015.53,140.0,-157.5,-17.5
317701,-5.37,-22.2,1015.53,140.0,-175.0,-35.0
317730,-5.37,-22.33,1015.53,140.0,-175.0,-17.5
317759,-5.37,-22.33,1015.53,122.5,-175.0,-17.5
317788,-5.37,-22.33,1015.53,140.0,-157.5,-35.0
317818,-5.37,-22.33,1015.53,122.5,-175.0,-35.0
317847,-5.37,-22.33,1015.53,122.5,-175.0,-17.5
317877,-5.37,-22.33,1015.41,140.0,-175.0,-35.0
317906,-5.37,-22.33,1015.41,122.5,-192.5,-17.5
317936,-5.37,-22.33,1015.41,122.5,-175.0,-17.5
317965,-5.37,-22.33,1015.41,140.0,-175.0,-35.0
317995,-5.37,-22.33,1015.41,122.5,-175.0,-17.5
318024,-5.37,-22.33,1015.41,105.0,-175.0,-17.5
318054,-5.37,-22.33,1015.41,105.0,-157.5,-35.0
318083,-5.37,-22.45,1015.53,105.0,-175.0,-52.5
318113,-5.37,-22.45,1015.41,122.5,-175.0,-17.5
318142,-5.37,-22.45,1015.41,140.0,-175.0,-35.0
318171,-5.37,-22.33,1015.41,122.5,-192.5,-35.0
318200,-5.37,-22.2,1015.53,122.5,-175.0,-35.0
318229,-5.37,-22.33,1015.41,122.5,-175.0,-35.0
318258,-5.37,-22.2,1015.41,105.0,-175.0,-17.5
318287,-5.37,-22.33,1015.41,122.5,-175.0,-35.0
318316,-5.37,-22.33,1015.41,122.5,-175.0,-17.5
318345,-5.37,-22.33,1015.41,105.0,-192.5,-35.0
318375,-5.37,-22.33,1015.41,122.5,-192.5,-35.0
318404,-5.37,-22.33,1015.41,122.5,-192.5,-35.0
318434,-5.37,-22.2,1015.41,140.0,-175.0,-35.0
318463,-5.37,-22.2,1015.28,122.5,-175.0,-52.5
318493,-5.37,-22.2,1015.28,122.5,-175.0,-35.0
318522,-5.37,-22.2,1015.28,122.5,-175.0,-35.0
318552,-5.37,-22.33,1015.28,122.5,-192.5,-35.0
318581,-5.37,-22.33,1015.41,122.5,-192.5,-17.5
318611,-5.37,-22.33,1015.28,105.0,-175.0,-35.0
318640,-5.37,-22.33,1015.28,122.5,-175.0,-35.0
318669,-5.37,-22.33,1015.28,122.5,-175.0,-35.0
318698,-5.37,-22.33,1015.28,122.5,-175.0,-35.0
318727,-5.37,-22.45,1015.28,122.5,-192.5,-35.0
318756,-5.37,-22.45,1015.41,122.5,-175.0,-35.0
318785,-5.37,-22.45,1015.41,122.5,-157.5,-17.5
318814,-5.37,-22.45,1015.41,122.5,-175.0,-35.0
318843,-5.37,-22.45,1015.41,140.0,-175.0,-35.0
318873,-5.37,-22.45,1015.41,122.5,-175.0,-35.0
318902,-5.37,-22.45,1015.41,122.5,-175.0,-35.0
318932,-5.37,-22.45,1015.41,140.0,-192.5,-17.5
318961,-5.37,-22.45,1015.41,122.5,-175.0,-17.5
318991,-5.37,-22.45,1015.41,122.5,-175.0,-17.5
319020,-5.37,-22.45,1015.41,122.5,-192.5,-17.5
319050,-5.37,-22.45,1015.41,122.5,-175.0,-17.5
319079,-5.37,-22.45,1015.41,122.5,-175.0,-35.0
319109,-5.37,-22.45,1015.41,122.5,-192.5,-17.5
319138,-5.49,-22.45,1015.41,122.5,-175.0,-35.0
319168,-5.37,-22.45,1015.41,122.5,-157.5,-35.0
319197,-5.37,-22.45,1015.41,122.5,-157.5,-35.0
319226,-5.49,-22.45,1015.41,105.0,-157.5,-17.5
319255,-5.49,-22.45,1015.41,122.5,-157.5,-35.0
319284,-5.49,-22.33,1015.41,122.5,-175.0,-17.5
319313,-5.37,-22.33,1015.41,105.0,-157.5,-17.5
319342,-5.49,-22.33,1015.41,122.5,-175.0,-35.0
319371,-5.37,-22.33,1015.41,105.0,-175.0,-17.5
319400,-5.37,-22.33,1015.41,122.5,-175.0,-35.0
319430,-5.37,-22.2,1015.41,105.0,-192.5,-35.0
319459,-5.49,-22.33,1015.41,140.0,-192.5,-35.0
319489,-5.49,-22.2,1015.41,122.5,-175.0,-35.0
319518,-5.49,-22.2,1015.41,105.0,-175.0,-35.0
319548,-5.49,-22.2,1015.41,105.0,-175.0,-35.0
319577,-5.49,-22.2,1015.41,122.5,-175.0,-52.5
319607,-5.37,-22.33,1015.41,122.5,-175.0,-17.5
319636,-5.37,-22.33,1015.41,122.5,-192.5,-35.0
319666,-5.37,-22.2,1015.41,140.0,-175.0,-35.0
319695,-5.37,-22.33,1015.53,122.5,-157.5,-35.0
319725,-5.49,-22.33,1015.41,140.0,-175.0,-35.0
319754,-5.37,-22.2,1015.41,122.5,-175.0,-17.5
319783,-5.37,-22.33,1015.41,122.5,-175.0,-17.5
319812,-5.37,-22.33,1015.53,122.5,-192.5,-35.0
319841,-5.37,-22.33,1015.41,122.5,-175.0,-35.0
319870,-5.37,-22.33,1015.41,105.0,-192.5,-35.0
319899,-5.37,-22.33,1015.41,122.5,-175.0,-17.5
319928,-5.37,-22.33,1015.28,140.0,-175.0,-17.5
319957,-5.37,-22.45,1015.28,122.5,-175.0,-35.0
319987,-5.37,-22.33,1015.28,122.5,-175.0,-35.0
320016,-5.37,-22.33,1015.28,122.5,-175.0,-17.5
320046,-5.37,-22.33,1015.28,140.0,-175.0,-35.0
320075,-5.37,-22.33,1015.28,122.5,-175.0,-52.5
320105,-5.37,-22.33,1015.28,105.0,-175.0,-35.0
320134,-5.37,-22.33,1015.16,122.5,-192.5,-35.0
320164,-5.37,-22.33,1015.28,122.5,-175.0,-35.0
320193,-5.37,-22.33,1015.28,122.5,-175.0,-35.0
320223,-5.37,-22.33,1015.28,122.5,-175.0,-35.0
320252,-5.37,-22.33,1015.28,122.5,-175.0,-52.5
320282,-5.37,-22.33,1015.28,140.0,-175.0,-35.0
320311,-5.37,-22.33,1015.28,157.5,-175.0,-35.0
320340,-5.37,-22.33,1015.28,140.0,-175.0,-35.0
320369,-5.37,-22.33,1015.28,122.5,-175.0,-17.5
320398,-5.25,-22.33,1015.28,122.5,-175.0,-17.5
320427,-5.37,-22.33,1015.41,122.5,-175.0,-35.0
320456,-5.37,-22.33,1015.41,122.5,-175.0,-35.0
320486,-5.37,-22.33,1015.41,140.0,-175.0,-35.0
320515,-5.37,-22.33,1015.41,122.5,-175.0,-17.5
320545,-5.37,-22.33,1015.41,122.5,-157.5,-17.5
320574,-5.37,-22.33,1015.41,105.0,-175.0,-35.0
320604,-5.37,-22.33,1015.41,122.5,-175.0,-35.0
320633,-5.37,-22.33,1015.41,122.5,-175.0,-17.5
320663,-5.37,-22.33,1015.41,105.0,-175.0,-17.5
320692,-5.37,-22.33,1015.41,122.5,-175.0,-35.0
320722,-5.37,-22.33,1015.41,122.5,-175.0,-17.5
320751,-5.37,-22.33,1015.41,122.5,-175.0,-17.5
320781,-5.37,-22.33,1015.41,122.5,-175.0,-35.0
320810,-5.25,-22.33,1015.41,122.5,-175.0,-35.0
320840,-5.37,-22.33,1015.41,105.0,-192.5,-35.0
320869,-5.37,-22.33,1015.41,122.5,-192.5,-17.5
320898,-5.37,-22.33,1015.28,122.5,-192.5,-17.5
320927,-5.37,-22.33,1015.28,122.5,-175.0,-17.5
320956,-5.37,-22.33,1015.28,122.5,-175.0,-35.0
320985,-5.37,-22.33,1015.28,122.5,-157.5,-17.5
321014,-5.37,-22.33,1015.28,105.0,-157.5,-17.5
321043,-5.37,-22.33,1015.28,122.5,-175.0,-17.5
321072,-5.37,-22.33,1015.16,105.0,-175.0,-35.0
321102,-5.37,-22.33,1015.16,122.5,-175.0,-35.0
321131,-5.37,-22.33,1015.16,105.0,-157.5,-17.5
321161,-5.37,-22.33,1015.16,122.5,-157.5,-17.5
321190,-5.37,-22.45,1015.16,140.0,-157.5,-35.0
321220,-5.37,-22.45,1015.04,122.5,-175.0,-35.0
321249,-5.37,-22.45,1015.04,122.5,-192.5,-35.0
321279,-5.37,-22.45,1015.04,105.0,-175.0,-35.0
321308,-5.37,-22.45,1015.04,122.5,-192.5,-35.0
321338,-5.37,-22.45,1014.92,122.5,-175.0,-35.0
321367,-5.37,-22.45,1015.04,122.5,-175.0,-35.0
321397,-5.37,-22.45,1014.92,122.5,-157.5,-35.0
321426,-5.37,-22.45,1014.92,122.5,-157.5,-35.0
321455,-5.37,-22.45,1014.92,105.0,-192.5,-17.5
321484,-5.37,-22.45,1014.92,105.0,-175.0,-35.0
321513,-5.37,-22.45,1014.92,122.5,-192.5,-35.0
321542,-5.37,-22.45,1014.92,122.5,-175.0,-35.0
321571,-5.37,-22.45,1014.92,105.0,-175.0,-35.0
321600,-5.37,-22.33,1014.92,122.5,-157.5,-35.0
321629,-5.37,-22.33,1015.04,122.5,-175.0,-35.0
321659,-5.37,-22.33,1015.04,122.5,-175.0,-17.5
321688,-5.37,-22.33,1015.04,140.0,-157.5,-35.0
321718,-5.37,-22.33,1015.04,140.0,-192.5,-17.5
321747,-5.37,-22.33,1015.04,140.0,-192.5,-35.0
321777,-5.37,-22.33,1015.04,122.5,-192.5,-35.0
321806,-5.37,-22.33,1015.04,122.5,-157.5,-17.5
321836,-5.37,-22.33,1015.04,122.5,-175.0,-35.0
321865,-5.37,-22.33,1015.04,122.5,-175.0,-35.0
321895,-5.37,-22.33,1015.04,105.0,-175.0,-35.0
321924,-5.37,-22.33,1015.16,105.0,-157.5,-17.5
321954,-5.37,-22.33,1015.16,122.5,-157.5,-17.5
321983,-5.37,-22.2,1015.16,122.5,-175.0,-17.5
322012,-5.37,-22.33,1015.28,122.5,-175.0,-17.5
322041,-5.37,-22.33,1015.28,122.5,-175.0,0.0
322070,-5.37,-22.33,1015.28,122.5,-192.5,-35.0
322099,-5.37,-22.33,1015.28,122.5,-175.0,-17.5
322128,-5.37,-22.33,1015.28,105.0,-175.0,-17.5
322157,-5.37,-22.33,1015.28,105.0,-175.0,-17.5
322186,-5.37,-22.33,1015.28,122.5,-175.0,-35.0
322216,-5.37,-22.33,1015.28,140.0,-175.0,-52.5
322245,-5.37,-22.33,1015.28,122.5,-175.0,-35.0
322275,-5.37,-22.33,1015.28,122.5,-175.0,-52.5
322304,-5.37,-22.33,1015.28,122.5,-175.0,-35.0
322334,-5.49,-22.33,1015.28,122.5,-192.5,-35.0
322363,-5.37,-22.33,1015.28,105.0,-157.5,-35.0
322393,-5.37,-22.45,1015.28,140.0,-157.5,-35.0
322422,-5.37,-22.33,1015.28,140.0,-175.0,-52.5
322452,-5.37,-22.45,1015.41,122.5,-192.5,-35.0
322481,-5.37,-22.33,1015.41,122.5,-175.0,-17.5
322511,-5.37,-22.33,1015.41,122.5,-175.0,-35.0
322540,-5.37,-22.45,1015.41,105.0,-175.0,-35.0
322569,-5.37,-22.45,1015.41,122.5,-157.5,-17.5
322598,-5.37,-22.33,1015.53,122.5,-175.0,-35.0
322627,-5.37,-22.33,1015.53,140.0,-157.5,-52.5
322656,-5.37,-22.33,1015.53,140.0,-175.0,-17.5
322685,-5.37,-22.33,1015.41,122.5,-192.5,-17.5
322715,-5.37,-22.33,1015.53,122.5,-175.0,-17.5
322744,-5.37,-22.33,1015.53,140.0,-175.0,-35.0
322774,-5.37,-22.33,1015.53,157.5,-175.0,-35.0
322803,-5.37,-22.33,1015.53,122.5,-192.5,-35.0
322833,-5.37,-22.2,1015.53,122.5,-192.5,-17.5
322862,-5.37,-22.2,1015.53,122.5,-175.0,-35.0
322892,-5.37,-22.2,1015.53,122.5,-175.0,-17.5
322921,-5.37,-22.2,1015.65,140.0,-175.0,-17.5
322951,-5.37,-22.2,1015.77,140.0,-175.0,-17.5
322980,-5.37,-22.2,1015.77,140.0,-175.0,-17.5
323010,-5.37,-22.2,1015.77,105.0,-192.5,-35.0
323039,-5.37,-22.2,1015.77,105.0,-175.0,-17.5
323069,-5.37,-22.33,1015.77,122.5,-175.0,-35.0
323098,-5.37,-22.2,1015.77,122.5,-157.5,-35.0
323127,-5.37,-22.33,1015.77,122.5,-175.0,-35.0
323156,-5.37,-22.2,1015.77,140.0,-175.0,-35.0
323185,-5.37,-22.2,1015.77,122.5,-192.5,-35.0
323214,-5.37,-22.2,1015.89,122.5,-175.0,-35.0
323243,-5.37,-22.2,1015.89,122.5,-175.0,-35.0
323272,-5.37,-22.2,1016.02,122.5,-157.5,-52.5
323301,-5.37,-22.33,1016.02,122.5,-175.0,-17.5
323331,-5.37,-22.2,1016.02,140.0,-175.0,-17.5
323360,-5.37,-22.33,1016.02,140.0,-157.5,-35.0
323390,-5.37,-22.33,1016.02,140.0,-175.0,-17.5
323419,-5.37,-22.2,1016.02,122.5,-175.0,-17.5
323449,-5.37,-22.2,1016.02,140.0,-175.0,-35.0
323478,-5.37,-22.2,1016.02,122.5,-175.0,-17.5
323508,-5.37,-22.2,1016.02,140.0,-175.0,-17.5
323537,-5.37,-22.2,1016.02,122.5,-175.0,-17.5
323567,-5.37,-22.2,1016.02,105.0,-175.0,-17.5
323596,-5.37,-22.2,1016.02,87.5,-175.0,-17.5
323626,-5.37,-22.2,1016.02,105.0,-175.0,-35.0
323655,-5.37,-22.2,1016.02,105.0,-175.0,-17.5
323684,-5.37,-22.33,1016.02,122.5,-175.0,-35.0
323713,-5.37,-22.2,1016.02,122.5,-157.5,-35.0
323742,-5.37,-22.2,1016.02,140.0,-175.0,-17.5
323771,-5.37,-22.33,1016.02,122.5,-175.0,-35.0
323800,-5.37,-22.2,1016.02,122.5,-175.0,-17.5
323830,-5.37,-22.2,1016.02,105.0,-175.0,-35.0
323859,-5.37,-22.2,1016.02,105.0,-175.0,-35.0
323889,-5.37,-22.2,1016.02,122.5,-192.5,-35.0
323918,-5.37,-22.2,1016.02,122.5,-175.0,-35.0
323948,-5.37,-22.33,1016.14,105.0,-175.0,-17.5
323977,-5.37,-22.2,1016.02,122.5,-175.0,-35.0
324007,-5.37,-22.2,1016.14,122.5,-175.0,-35.0
324036,-5.37,-22.2,1016.14,122.5,-175.0,-35.0
324066,-5.37,-22.2,1016.14,122.5,-157.5,-35.0
324095,-5.37,-22.2,1016.14,105.0,-175.0,-17.5
324125,-5.37,-22.2,1016.14,122.5,-175.0,-35.0
324154,-5.37,-22.2,1016.26,105.0,-175.0,-35.0
324183,-5.37,-22.2,1016.14,140.0,-175.0,-35.0
324212,-5.37,-22.2,1016.14,140.0,-175.0,0.0
324241,-5.37,-22.2,1016.14,105.0,-175.0,-17.5
324270,-5.37,-22.2,1016.14,140.0,-192.5,-35.0
324299,-5.25,-22.2,1016.26,122.5,-192.5,-35.0
324328,-5.25,-22.2,1016.14,140.0,-192.5,-17.5
324357,-5.25,-22.2,1016.14,122.5,-175.0,-17.5
324387,-5.25,-22.2,1016.14,122.5,-175.0,-17.5
324416,-5.25,-22.2,1016.14,122.5,-175.0,-35.0
324446,-5.25,-22.2,1016.14,122.5,-157.5,-17.5
324475,-5.25,-22.2,1016.14,105.0,-175.0,-35.0
324505,-5.25,-22.2,1016.14,140.0,-192.5,-35.0
324534,-5.25,-22.2,1016.14,122.5,-175.0,-35.0
324564,-5.25,-22.2,1016.14,122.5,-175.0,-35.0
324593,-5.12,-22.2,1016.14,122.5,-192.5,-17.5
324623,-5.25,-22.2,1016.14,105.0,-175.0,-35.0
324652,-5.25,-22.2,1016.14,122.5,-175.0,-17.5
324681,-5.25,-22.2,1016.14,122.5,-175.0,-17.5
324710,-5.12,-22.2,1016.26,105.0,-175.0,-17.5
324739,-5.25,-22.2,1016.14,122.5,-192.5,-35.0
324768,-5.25,-22.2,1016.14,105.0,-175.0,-35.0
324797,-5.25,-22.08,1016.26,122.5,-157.5,-35.0
324826,-5.12,-22.08,1016.14,122.5,-192.5,-35.0
324855,-5.25,-22.08,1016.14,122.5,-175.0,-35.0
324885,-5.25,-22.08,1016.14,105.0,-175.0,-17.5
324914,-5.25,-22.2,1016.26,140.0,-175.0,-17.5
324944,-5.25,-22.2,1016.14,140.0,-192.5,-35.0
324973,-5.25,-22.2,1016.14,122.5,-192.5,-35.0
325003,-5.25,-22.08,1016.14,122.5,-175.0,-35.0
325032,-5.12,-22.2,1016.14,122.5,-175.0,-35.0
325062,-5.25,-22.2,1016.14,122.5,-175.0,-35.0
325091,-5.25,-22.2,1016.14,140.0,-192.5,-35.0
325121,-5.25,-22.2,1016.14,140.0,-175.0,-35.0
325150,-5.25,-22.2,1016.14,122.5,-175.0,-35.0
325180,-5.12,-22.2,1016.14,122.5,-192.5,-35.0
325209,-5.25,-22.2,1016.14,105.0,-175.0,-52.5
325238,-5.25,-22.2,1016.14,122.5,-175.0,-17.5
325267,-5.25,-22.2,1016.14,140.0,-175.0,-35.0
325296,-5.25,-22.33,1016.26,140.0,-175.0,-35.0
325325,-5.25,-22.2,1016.14,122.5,-192.5,-35.0
325354,-5.25,-22.2,1016.26,140.0,-175.0,-35.0
325383,-5.25,-22.2,1016.14,122.5,-175.0,-35.0
325412,-5.25,-22.2,1016.14,105.0,-175.0,-35.0
325442,-5.25,-22.2,1016.14,105.0,-175.0,-35.0
325471,-5.25,-22.2,1016.14,140.0,-175.0,-35.0
325501,-5.37,-22.2,1016.26,140.0,-175.0,-35.0
325530,-5.37,-22.2,1016.26,105.0,-175.0,-17.5
325560,-5.25,-22.2,1016.26,105.0,-157.5,-35.0
325589,-5.25,-22.2,1016.26,122.5,-175.0,-35.0
325619,-5.25,-22.2,1016.26,105.0,-175.0,-17.5
325648,-5.25,-22.2,1016.26,140.0,-175.0,-17.5
325678,-5.25,-22.2,1016.26,140.0,-175.0,-35.0
325707,-5.25,-22.2,1016.26,122.5,-175.0,-35.0
325736,-5.37,-22.2,1016.26,122.5,-175.0,-35.0
325765,-5.37,-22.2,1016.26,122.5,-157.5,-17.5
325794,-5.37,-22.2,1016.26,105.0,-175.0,-17.5
325823,-5.37,-22.2,1016.26,122.5,-175.0,-17.5
325852,-5.37,-22.2,1016.26,122.5,-175.0,-17.5
325881,-5.37,-22.2,1016.26,140.0,-175.0,-35.0
325910,-5.37,-22.2,1016.26,122.5,-157.5,-17.5
325939,-5.37,-22.2,1016.26,140.0,-175.0,-17.5
325968,-5.37,-22.2,1016.26,122.5,-175.0,-35.0
325998,-5.37,-22.2,1016.26,140.0,-175.0,-35.0
326027,-5.37,-22.2,1016.26,140.0,-175.0,-17.5
326057,-5.37,-22.2,1016.26,140.0,-175.0,-35.0
326086,-5.37,-22.2,1016.14,122.5,-175.0,-17.5
326116,-5.37,-22.2,1016.14,122.5,-175.0,-17.5
326145,-5.37,-22.2,1016.14,140.0,-175.0,-35.0
326175,-5.37,-22.2,1016.02,122.5,-192.5,-35.0
326204,-5.37,-22.2,1016.02,122.5,-192.5,-35.0
326234,-5.37,-22.2,1016.02,140.0,-175.0,-35.0
326263,-5.37,-22.2,1015.89,122.5,-175.0,-35.0
326293,-5.37,-22.2,1015.77,122.5,-175.0,-17.5
326322,-5.37,-22.2,1015.77,105.0,-175.0,-35.0
326351,-5.37,-22.2,1015.65,122.5,-175.0,-35.0
326380,-5.37,-22.2,1015.65,140.0,-157.5,-35.0
326409,-5.37,-22.2,1015.65,122.5,-175.0,-35.0
326438,-5.37,-22.2,1015.65,122.5,-175.0,-17.5
326467,-5.37,-22.2,1015.65,140.0,-175.0,-17.5
326496,-5.37,-22.2,1015.53,122.5,-175.0,-17.5
326525,-5.25,-22.2,1015.53,105.0,-175.0,-17.5
326555,-5.25,-22.2,1015.53,87.5,-175.0,-17.5
326584,-5.25,-22.2,1015.53,105.0,-192.5,-17.5
326614,-5.37,-22.33,1015.41,122.5,-175.0,-35.0
326643,-5.37,-22.33,1015.41,105.0,-192.5,-35.0
326673,-5.37,-22.2,1015.41,122.5,-175.0,-35.0
326702,-5.25,-22.33,1015.41,122.5,-175.0,-35.0
326732,-5.25,-22.33,1015.41,105.0,-175.0,-35.0
326761,-5.25,-22.33,1015.41,105.0,-192.5,-35.0
326791,-5.25,-22.33,1015.41,105.0,-192.5,0.0
326820,-5.25,-22.33,1015.28,122.5,-175.0,-35.0
326850,-5.25,-22.33,1015.28,105.0,-175.0,-35.0
326879,-5.25,-22.33,1015.41,122.5,-192.5,-35.0
326908,-5.25,-22.33,1015.28,122.5,-175.0,-17.5
326937,-5.37,-22.33,1015.28,140.0,-175.0,-17.5
326966,-5.37,-22.2,1015.41,140.0,-192.5,-17.5
326995,-5.37,-22.33,1015.28,122.5,-175.0,-35.0
327024,-5.37,-22.33,1015.28,122.5,-175.0,-35.0
327053,-5.37,-22.33,1015.28,105.0,-175.0,-35.0
327082,-5.37,-22.33,1015.28,105.0,-175.0,-35.0
327112,-5.37,-22.33,1015.28,122.5,-192.5,-35.0
327141,-5.37,-22.33,1015.28,122.5,-175.0,-35.0
327171,-5.37,-22.33,1015.28,122.5,-175.0,-17.5
327200,-5.25,-22.33,1015.28,122.5,-175.0,-35.0
327230,-5.37,-22.33,1015.16,122.5,-175.0,-35.0
327259,-5.37,-22.33,1015.16,105.0,-192.5,-35.0
327289,-5.37,-22.33,1015.16,105.0,-175.0,-35.0
327318,-5.37,-22.33,1015.16,122.5,-175.0,-17.5
327348,-5.37,-22.33,1015.16,122.5,-192.5,-17.5
327377,-5.37,-22.33,1015.16,122.5,-192.5,-35.0
327407,-5.37,-22.33,1015.16,105.0,-175.0,-35.0
327436,-5.37,-22.33,1015.16,105.0,-175.0,-35.0
327466,-5.37,-22.33,1015.16,105.0,-175.0,-35.0
327495,-5.37,-22.33,1015.16,122.5,-157.5,-35.0
327524,-5.37,-22.45,1015.16,105.0,-175.0,-52.5
327553,-5.37,-22.45,1015.16,105.0,-175.0,-35.0
327582,-5.37,-22.45,1015.16,105.0,-175.0,-17.5
327611,-5.37,-22.45,1015.16,105.0,-175.0,0.0
327640,-5.37,-22.45,1015.16,105.0,-192.5,-17.5
327669,-5.37,-22.45,1015.16,122.5,-192.5,-35.0
327698,-5.37,-22.45,1015.28,105.0,-175.0,-35.0
327728,-5.37,-22.33,1015.28,105.0,-175.0,-17.5
327757,-5.37,-22.45,1015.28,122.5,-157.5,-17.5
327787,-5.37,-22.45,1015.28,140.0,-175.0,-17.5
327816,-5.37,-22.33,1015.28,105.0,-175.0,-17.5
327846,-5.37,-22.33,1015.28,140.0,-175.0,-35.0
327875,-5.25,-22.2,1015.28,122.5,-175.0,-17.5
327905,-5.25,-22.2,1015.28,122.5,-175.0,-35.0
327934,-5.37,-22.33,1015.16,105.0,-175.0,-17.5
327964,-5.37,-22.33,1015.16,140.0,-157.5,-35.0
327993,-5.37,-22.33,1015.28,105.0,-192.5,-35.0
328023,-5.37,-22.33,1015.16,105.0,-175.0,-35.0
328052,-5.37,-22.33,1015.16,105.0,-175.0,-17.5
328082,-5.37,-22.33,1015.16,140.0,-175.0,-35.0
328111,-5.37,-22.33,1015.16,122.5,-192.5,-17.5
328140,-5.37,-22.33,1015.28,122.5,-175.0,-35.0
328169,-5.37,-22.33,1015.28,105.0,-175.0,-35.0
328198,-5.25,-22.2,1015.28,105.0,-175.0,-17.5
328227,-5.25,-22.33,1015.28,122.5,-175.0,-17.5
328256,-5.37,-22.2,1015.28,122.5,-175.0,-35.0
328285,-5.37,-22.2,1015.28,122.5,-175.0,-35.0
328314,-5.37,-22.33,1015.28,122.5,-192.5,-17.5
328344,-5.25,-22.33,1015.41,140.0,-192.5,-17.5
328373,-5.25,-22.33,1015.41,140.0,-157.5,-35.0
328403,-5.25,-22.33,1015.41,140.0,-175.0,-35.0
328432,-5.25,-22.33,1015.41,105.0,-175.0,0.0
328462,-5.25,-22.33,1015.41,105.0,-175.0,-17.5
328491,-5.25,-22.33,1015.41,87.5,-175.0,-17.5
328521,-5.12,-22.33,1015.41,105.0,-175.0,-17.5
328550,-5.12,-22.33,1015.28,122.5,-175.0,-35.0
328580,-5.25,-22.33,1015.41,122.5,-192.5,-35.0
328609,-5.25,-22.33,1015.41,140.0,-175.0,-35.0
328639,-5.25,-22.33,1015.41,122.5,-192.5,-35.0
328668,-5.25,-22.33,1015.41,122.5,-157.5,-35.0
328697,-5.25,-22.33,1015.41,122.5,-175.0,-35.0
328726,-5.25,-22.33,1015.41,122.5,-175.0,-17.5
328755,-5.25,-22.33,1015.28,122.5,-175.0,-35.0
328784,-5.25,-22.33,1015.28,105.0,-175.0,-35.0
328813,-5.25,-22.33,1015.28,105.0,-175.0,-35.0
328842,-5.25,-22.33,1015.28,122.5,-157.5,-35.0
328871,-5.25,-22.33,1015.28,140.0,-175.0,-17.5
328901,-5.25,-22.33,1015.16,122.5,-192.5,-17.5
328930,-5.37,-22.33,1015.28,122.5,-157.5,-17.5
328960,-5.37,-22.33,1015.28,105.0,-175.0,-35.0
328989,-5.37,-22.33,1015.28,122.5,-175.0,-35.0
329019,-5.37,-22.33,1015.28,105.0,-192.5,-52.5
329048,-5.37,-22.33,1015.28,105.0,-175.0,-35.0
329078,-5.37,-22.33,1015.28,140.0,-175.0,-17.5
329107,-5.37,-22.33,1015.28,140.0,-175.0,-35.0
329137,-5.37,-22.45,1015.28,122.5,-175.0,-35.0
329166,-5.37,-22.45,1015.28,122.5,-175.0,-35.0
329195,-5.37,-22.33,1015.28,122.5,-192.5,-35.0
329224,-5.37,-22.33,1015.28,122.5,-175.0,-35.0
329253,-5.37,-22.33,1015.28,122.5,-175.0,-35.0
329282,-5.37,-22.33,1015.28,122.5,-192.5,-35.0
329311,-5.37,-22.33,1015.28,122.5,-175.0,-35.0
329340,-5.37,-22.33,1015.28,122.5,-175.0,-35.0
329369,-5.37,-22.33,1015.28,122.5,-157.5,-35.0
329399,-5.37,-22.33,1015.41,105.0,-175.0,-35.0
329428,-5.37,-22.33,1015.41,122.5,-175.0,-35.0
329458,-5.37,-22.33,1015.28,122.5,-175.0,-35.0
329487,-5.37,-22.33,1015.28,140.0,-175.0,-35.0
329517,-5.37,-22.33,1015.41,122.5,-175.0,-35.0
329546,-5.37,-22.33,1015.41,122.5,-157.5,-35.0
329576,-5.37,-22.33,1015.41,105.0,-175.0,-35.0
329605,-5.37,-22.33,1015.41,105.0,-192.5,-35.0
329635,-5.37,-22.33,1015.41,122.5,-192.5,-35.0
329664,-5.37,-22.2,1015.53,140.0,-192.5,-17.5
329694,-5.37,-22.33,1015.41,122.5,-175.0,-17.5
329723,-5.37,-22.2,1015.53,122.5,-175.0,-17.5
329752,-5.37,-22.2,1015.41,140.0,-157.5,-35.0
329781,-5.37,-22.2,1015.53,140.0,-175.0,-52.5
329810,-5.37,-22.2,1015.53,140.0,-175.0,-52.5
329839,-5.37,-22.2,1015.41,122.5,-192.5,-35.0
329868,-5.37,-22.33,1015.41,122.5,-175.0,-17.5
329897,-5.37,-22.2,1015.41,122.5,-175.0,-35.0
329926,-5.37,-22.33,1015.41,122.5,-175.0,-17.5
329956,-5.37,-22.33,1015.41,140.0,-175.0,-35.0
329985,-5.37,-22.33,1015.41,140.0,-175.0,-17.5
330015,-5.37,-22.33,1015.41,122.5,-192.5,-35.0
330044,-5.49,-22.33,1015.41,140.0,-175.0,-35.0
330074,-5.49,-22.33,1015.41,122.5,-175.0,-35.0
330103,-5.49,-22.33,1015.53,105.0,-175.0,-17.5
330133,-5.49,-22.33,1015.53,122.5,-175.0,-35.0
330162,-5.37,-22.45,1015.53,140.0,-192.5,-35.0
330192,-5.37,-22.45,1015.53,122.5,-175.0,-17.5
330221,-5.49,-22.45,1015.41,122.5,-175.0,-17.5
330251,-5.49,-22.45,1015.41,140.0,-175.0,-35.0
330280,-5.49,-22.45,1015.41,122.5,-175.0,-35.0
330309,-5.49,-22.45,1015.41,122.5,-175.0,-35.0
330338,-5.49,-22.45,1015.41,122.5,-175.0,-35.0
330367,-5.49,-22.45,1015.28,105.0,-175.0,-52.5
330396,-5.49,-22.45,1015.28,122.5,-175.0,-52.5
330425,-5.49,-22.45,1015.28,122.5,-192.5,-52.5
330454,-5.49,-22.45,1015.28,122.5,-175.0,-35.0
330483,-5.37,-22.45,1015.28,122.5,-157.5,-35.0
330513,-5.49,-22.45,1015.28,105.0,-175.0,-35.0
330542,-5.37,-22.45,1015.28,122.5,-175.0,-35.0
330572,-5.37,-22.45,1015.28,122.5,-192.5,-52.5
330601,-5.37,-22.45,1015.28,122.5,-192.5,-35.0
330631,-5.37,-22.45,1015.28,122.5,-192.5,-35.0
330660,-5.49,-22.45,1015.41,122.5,-192.5,-35.0
330690,-5.49,-22.45,1015.41,122.5,-175.0,-35.0
330719,-5.49,-22.45,1015.41,122.5,-192.5,-35.0
330749,-5.37,-22.45,1015.41,122.5,-175.0,-35.0
330778,-5.37,-22.45,1015.41,122.5,-175.0,-17.5
330808,-5.37,-22.45,1015.41,122.5,-175.0,-17.5
330837,-5.37,-22.45,1015.41,122.5,-157.5,-17.5
330866,-5.37,-22.45,1015.53,122.5,-175.0,-35.0
330895,-5.49,-22.57,1015.53,122.5,-175.0,-35.0
330924,-5.37,-22.45,1015.53,122.5,-157.5,-35.0
330953,-5.37,-22.45,1015.53,105.0,-175.0,-35.0
330982,-5.49,-22.45,1015.41,105.0,-192.5,-35.0
331011,-5.49,-22.45,1015.53,105.0,-192.5,-35.0
331040,-5.37,-22.45,1015.41,122.5,-175.0,-17.5
331070,-5.37,-22.45,1015.41,122.5,-175.0,-35.0
331099,-5.49,-22.45,1015.41,122.5,-175.0,-35.0
331129,-5.37,-22.45,1015.41,105.0,-157.5,-35.0
331158,-5.37,-22.45,1015.41,122.5,-175.0,0.0
331188,-5.49,-22.45,1015.41,122.5,-175.0,-17.5
331217,-5.49,-22.45,1015.41,122.5,-175.0,-17.5
331247,-5.37,-22.45,1015.41,140.0,-175.0,-35.0
331276,-5.49,-22.45,1015.41,140.0,-175.0,-35.0
331306,-5.49,-22.45,1015.41,105.0,-175.0,-35.0
331335,-5.37,-22.45,1015.53,122.5,-175.0,-17.5
331365,-5.37,-22.45,1015.41,122.5,-192.5,-52.5
331394,-5.37,-22.45,1015.41,122.5,-175.0,-17.5
331423,-5.37,-22.45,1015.41,122.5,-175.0,-35.0
331452,-5.37,-22.45,1015.41,122.5,-175.0,-35.0
331481,-5.37,-22.45,1015.41,122.5,-175.0,-35.0
331510,-5.49,-22.45,1015.41,122.5,-175.0,-17.5
331539,-5.49,-22.45,1015.28,105.0,-175.0,-52.5
331568,-5.49,-22.45,1015.28,122.5,-157.5,-35.0
331597,-5.37,-22.45,1015.28,105.0,-175.0,-35.0
331627,-5.37,-22.45,1015.28,122.5,-192.5,-17.5
331656,-5.37,-22.45,1015.28,122.5,-175.0,-17.5
331686,-5.37,-22.45,1015.28,122.5,-175.0,-35.0
331715,-5.37,-22.45,1015.28,140.0,-192.5,-35.0
331745,-5.37,-22.45,1015.16,122.5,-175.0,-35.0
331774,-5.37,-22.45,1015.28,122.5,-175.0,-35.0
331804,-5.37,-22.45,1015.28,122.5,-175.0,-17.5
331833,-5.37,-22.45,1015.16,122.5,-175.0,-17.5
331863,-5.37,-22.45,1015.16,122.5,-175.0,-17.5
331892,-5.37,-22.45,1015.16,122.5,-192.5,-35.0
331922,-5.49,-22.45,1015.16,105.0,-175.0,-35.0
331951,-5.49,-22.45,1015.16,122.5,-175.0,-35.0
331981,-5.49,-22.45,1015.16,105.0,-157.5,-17.5
332010,-5.37,-22.45,1015.16,105.0,-157.5,-35.0
332039,-5.37,-22.45,1015.16,122.5,-157.5,-35.0
332068,-5.37,-22.45,1015.16,105.0,-175.0,-17.5
332097,-5.37,-22.45,1015.16,105.0,-175.0,-35.0
332126,-5.37,-22.45,1015.28,122.5,-175.0,-35.0
332155,-5.37,-22.33,1015.28,105.0,-192.5,-17.5
332184,-5.37,-22.45,1015.28,105.0,-175.0,-17.5
332213,-5.37,-22.45,1015.28,105.0,-157.5,-35.0
332243,-5.37,-22.45,1015.28,122.5,-175.0,-17.5
332272,-5.37,-22.45,1015.28,140.0,-175.0,-35.0
332302,-5.37,-22.45,1015.28,122.5,-175.0,-35.0
332331,-5.37,-22.45,1015.28,122.5,-175.0,-35.0
332361,-5.37,-22.45,1015.28,122.5,-175.0,-35.0
332390,-5.37,-22.45,1015.28,122.5,-175.0,-35.0
332420,-5.37,-22.45,1015.28,140.0,-175.0,-35.0
332449,-5.37,-22.45,1015.28,105.0,-175.0,-17.5
332479,-5.37,-22.45,1015.28,122.5,-175.0,-35.0
332508,-5.37,-22.45,1015.28,105.0,-175.0,-17.5
332538,-5.37,-22.45,1015.28,122.5,-175.0,-17.5
332567,-5.37,-22.45,1015.28,122.5,-175.0,-17.5
332596,-5.37,-22.45,1015.28,122.5,-175.0,-35.0
332625,-5.37,-22.45,1015.28,122.5,-192.5,-35.0
332654,-5.37,-22.45,1015.28,122.5,-192.5,-35.0
332683,-5.37,-22.45,1015.28,122.5,-192.5,-35.0
332712,-5.37,-22.45,1015.28,105.0,-175.0,-17.5
332741,-5.37,-22.45,1015.28,105.0,-192.5,-35.0
332770,-5.37,-22.45,1015.28,122.5,-157.5,-35.0
332800,-5.37,-22.45,1015.28,122.5,-175.0,-17.5
332829,-5.37,-22.45,1015.28,105.0,-175.0,-35.0
332859,-5.37,-22.45,1015.28,105.0,-175.0,-35.0
332888,-5.37,-22.45,1015.28,122.5,-175.0,-35.0
332918,-5.37,-22.33,1015.41,122.5,-192.5,-35.0
332947,-5.37,-22.33,1015.41,122.5,-192.5,-17.5
332977,-5.37,-22.33,1015.41,105.0,-175.0,-35.0
333006,-5.37,-22.45,1015.41,140.0,-175.0,-35.0
333036,-5.37,-22.33,1015.41,122.5,-192.5,-35.0
333065,-5.37,-22.33,1015.41,122.5,-175.0,-35.0
333094,-5.37,-22.33,1015.41,105.0,-175.0,-35.0
333123,-5.37,-22.33,1015.53,122.5,-175.0,-35.0
333152,-5.37,-22.33,1015.53,105.0,-175.0,-35.0
333181,-5.25,-22.33,1015.53,105.0,-175.0,-35.0
333210,-5.25,-22.33,1015.41,122.5,-192.5,-35.0
333239,-5.37,-22.33,1015.41,122.5,-157.5,-35.0
333268,-5.37,-22.33,1015.41,140.0,-157.5,-17.5
333298,-5.37,-22.2,1015.41,122.5,-175.0,-35.0
333327,-5.37,-22.33,1015.41,122.5,-192.5,-52.5
333357,-5.37,-22.2,1015.41,122.5,-175.0,-35.0
333386,-5.37,-22.33,1015.41,122.5,-175.0,-35.0
333416,-5.37,-22.2,1015.41,105.0,-175.0,-17.5
333445,-5.37,-22.2,1015.41,105.0,-175.0,-17.5
333475,-5.37,-22.2,1015.41,122.5,-175.0,-17.5
333504,-5.37,-22.2,1015.41,140.0,-175.0,-35.0
333534,-5.37,-22.33,1015.53,105.0,-175.0,-35.0
333563,-5.37,-22.33,1015.41,122.5,-175.0,-35.0
333593,-5.37,-22.33,1015.53,122.5,-175.0,-35.0
333622,-5.37,-22.33,1015.41,105.0,-175.0,-35.0
333651,-5.37,-22.33,1015.53,122.5,-175.0,-35.0
333680,-5.37,-22.33,1015.53,105.0,-192.5,-35.0
333709,-5.37,-22.33,1015.53,122.5,-175.0,-17.5
333738,-5.37,-22.33,1015.53,140.0,-175.0,-17.5
333767,-5.37,-22.33,1015.53,140.0,-175.0,-35.0
333796,-5.37,-22.33,1015.53,105.0,-157.5,-17.5
333825,-5.37,-22.33,1015.53,122.5,-175.0,-35.0
333855,-5.37,-22.33,1015.53,122.5,-175.0,-35.0
333884,-5.37,-22.33,1015.53,122.5,-175.0,-35.0
333914,-5.37,-22.33,1015.53,122.5,-175.0,-35.0
333943,-5.37,-22.33,1015.53,122.5,-175.0,-17.5
333973,-5.37,-22.33,1015.41,122.5,-175.0,-35.0
334002,-5.49,-22.33,1015.41,122.5,-175.0,-35.0
334032,-5.37,-22.33,1015.41,122.5,-175.0,-17.5
334061,-5.37,-22.33,1015.41,105.0,-175.0,-17.5
334091,-5.49,-22.33,1015.41,122.5,-157.5,-35.0
334120,-5.37,-22.33,1015.41,122.5,-157.5,-35.0
334150,-5.37,-22.33,1015.41,122.5,-175.0,-35.0
334179,-5.37,-22.45,1015.41,122.5,-175.0,-35.0
334208,-5.37,-22.33,1015.41,122.5,-192.5,-35.0
334237,-5.37,-22.45,1015.41,122.5,-175.0,-35.0
334266,-5.37,-22.45,1015.41,105.0,-175.0,-17.5
334295,-5.37,-22.45,1015.41,105.0,-175.0,-17.5
334324,-5.37,-22.45,1015.41,122.5,-175.0,-17.5
334353,-5.37,-22.45,1015.41,122.5,-175.0,-35.0
334382,-5.37,-22.45,1015.41,105.0,-175.0,-35.0
334412,-5.37,-22.45,1015.28,122.5,-192.5,-35.0
334441,-5.37,-22.45,1015.28,122.5,-175.0,-35.0
334471,-5.37,-22.45,1015.28,122.5,-175.0,-35.0
334500,-5.37,-22.45,1015.28,122.5,-192.5,-35.0
334530,-5.37,-22.45,1015.28,122.5,-192.5,-17.5
334559,-5.37,-22.45,1015.28,122.5,-175.0,-17.5
334589,-5.37,-22.45,1015.28,122.5,-157.5,-35.0
334618,-5.37,-22.45,1015.28,140.0,-175.0,-52.5
334648,-5.37,-22.45,1015.28,122.5,-175.0,-17.5
334677,-5.37,-22.45,1015.28,122.5,-192.5,-35.0
334707,-5.37,-22.45,1015.28,122.5,-192.5,-35.0
334736,-5.37,-22.45,1015.28,122.5,-157.5,-35.0
334765,-5.37,-22.45,1015.28,105.0,-175.0,-35.0
334794,-5.37,-22.45,1015.28,122.5,-175.0,-35.0
334823,-5.37,-22.45,1015.28,122.5,-192.5,-35.0
334852,-5.37,-22.45,1015.28,105.0,-157.5,-35.0
334881,-5.37,-22.33,1015.28,122.5,-157.5,-17.5
334910,-5.37,-22.33,1015.28,122.5,-175.0,-35.0
334939,-5.37,-22.33,1015.28,105.0,-175.0,-52.5
334969,-5.37,-22.33,1015.28,122.5,-175.0,-52.5
334998,-5.37,-22.2,1015.28,122.5,-157.5,-35.0
335028,-5.37,-22.2,1015.28,122.5,-175.0,-35.0
335057,-5.37,-22.33,1015.28,105.0,-175.0,-17.5
335087,-5.37,-22.33,1015.41,105.0,-175.0,-17.5
335116,-5.37,-22.33,1015.41,105.0,-175.0,-17.5
335146,-5.37,-22.33,1015.53,122.5,-175.0,-17.5
335175,-5.37,-22.33,1015.53,157.5,-175.0,-35.0
335205,-5.37,-22.33,1015.53,140.0,-175.0,-35.0
335234,-5.37,-22.33,1015.41,122.5,-192.5,-35.0
335264,-5.37,-22.33,1015.41,122.5,-175.0,-17.5
335293,-5.49,-22.33,1015.41,105.0,-175.0,-17.5
335322,-5.37,-22.33,1015.41,122.5,-175.0,-35.0
335351,-5.37,-22.33,1015.41,122.5,-175.0,-35.0
335380,-5.37,-22.33,1015.41,105.0,-175.0,-35.0
335409,-5.37,-22.33,1015.41,122.5,-175.0,-35.0
335438,-5.37,-22.33,1015.41,122.5,-175.0,-17.5
335467,-5.49,-22.33,1015.41,122.5,-175.0,-35.0
335496,-5.49,-22.33,1015.41,122.5,-175.0,-35.0
335526,-5.37,-22.2,1015.53,105.0,-175.0,-35.0
335555,-5.37,-22.2,1015.53,140.0,-175.0,-35.0
335585,-5.37,-22.2,1015.53,122.5,-175.0,-35.0
335614,-5.37,-22.2,1015.53,122.5,-175.0,-17.5
335644,-5.37,-22.2,1015.53,122.5,-175.0,-35.0
335673,-5.37,-22.2,1015.53,140.0,-175.0,-35.0
335703,-5.37,-22.2,1015.53,140.0,-192.5,-35.0
335732,-5.37,-22.2,1015.53,140.0,-175.0,-35.0
335762,-5.49,-22.2,1015.41,122.5,-175.0,-35.0
335791,-5.37,-22.2,1015.41,122.5,-175.0,-35.0
335821,-5.37,-22.2,1015.41,122.5,-175.0,-17.5
335850,-5.37,-22.2,1015.41,122.5,-175.0,-35.0
335879,-5.37,-22.33,1015.41,122.5,-192.5,-35.0
335908,-5.37,-22.33,1015.41,122.5,-175.0,-35.0
335937,-5.37,-22.33,1015.41,122.5,-175.0,-35.0
335966,-5.49,-22.33,1015.41,122.5,-192.5,-17.5
335995,-5.37,-22.2,1015.41,122.5,-192.5,-35.0
336024,-5.37,-22.2,1015.41,122.5,-192.5,-35.0
336053,-5.49,-22.33,1015.41,105.0,-175.0,-35.0
336083,-5.49,-22.33,1015.41,122.5,-175.0,-35.0
336112,-5.37,-22.33,1015.41,122.5,-192.5,-17.5
336142,-5.37,-22.33,1015.41,122.5,-192.5,-35.0
336171,-5.37,-22.33,1015.41,105.0,-175.0,-17.5
336201,-5.37,-22.33,1015.41,122.5,-175.0,-17.5
336230,-5.37,-22.33,1015.53,122.5,-192.5,-35.0
336260,-5.37,-22.2,1015.53,122.5,-192.5,-35.0
336289,-5.37,-22.33,1015.53,140.0,-175.0,-17.5
336319,-5.37,-22.33,1015.53,140.0,-175.0,-17.5
336348,-5.37,-22.33,1015.53,122.5,-175.0,-35.0
336378,-5.37,-22.33,1015.53,122.5,-157.5,-17.5
336407,-5.37,-22.33,1015.53,122.5,-175.0,-17.5
336437,-5.37,-22.33,1015.53,122.5,-175.0,-35.0
336466,-5.37,-22.33,1015.65,122.5,-175.0,-17.5
336495,-5.37,-22.33,1015.65,157.5,-175.0,-35.0
336524,-5.37,-22.33,1015.65,140.0,-175.0,-35.0
336553,-5.37,-22.33,1015.77,122.5,-157.5,-35.0
336582,-5.37,-22.33,1015.77,105.0,-175.0,-35.0
336611,-5.37,-22.33,1015.77,122.5,-192.5,-35.0
336640,-5.37,-22.33,1015.77,122.5,-175.0,-35.0
336669,-5.37,-22.33,1015.77,122.5,-175.0,-35.0
336699,-5.37,-22.33,1015.77,122.5,-175.0,-17.5
336728,-5.37,-22.33,1015.77,140.0,-175.0,-17.5
336758,-5.37,-22.33,1015.77,105.0,-175.0,-17.5
336787,-5.37,-22.33,1015.77,105.0,-175.0,-35.0
336817,-5.37,-22.33,1015.77,122.5,-175.0,-35.0
336846,-5.37,-22.33,1015.77,105.0,-175.0,-35.0
336876,-5.37,-22.33,1015.77,105.0,-175.0,-17.5
336905,-5.37,-22.33,1015.77,122.5,-175.0,-35.0
336935,-5.37,-22.33,1015.77,122.5,-175.0,-17.5
336964,-5.37,-22.33,1015.77,122.5,-175.0,-17.5
336994,-5.37,-22.33,1015.77,140.0,-192.5,-17.5
337023,-5.37,-22.33,1015.77,122.5,-175.0,-35.0
337052,-5.37,-22.33,1015.77,122.5,-157.5,-35.0
337081,-5.37,-22.33,1015.77,122.5,-175.0,-17.5
337110,-5.37,-22.33,1015.77,122.5,-192.5,-17.5
337139,-5.37,-22.33,1015.77,140.0,-175.0,-35.0
337168,-5.37,-22.33,1015.77,122.5,-192.5,-35.0
337197,-5.37,-22.33,1015.77,122.5,-175.0,-35.0
337226,-5.37,-22.33,1015.77,140.0,-175.0,-52.5
337255,-5.37,-22.33,1015.77,140.0,-175.0,-17.5
337284,-5.37,-22.2,1015.77,122.5,-192.5,-35.0
337314,-5.37,-22.33,1015.65,122.5,-175.0,-17.5
337343,-5.37,-22.33,1015.65,122.5,-192.5,-35.0
337373,-5.37,-22.33,1015.65,122.5,-192.5,-35.0
337402,-5.37,-22.33,1015.65,105.0,-175.0,-17.5
337432,-5.37,-22.33,1015.53,105.0,-175.0,-17.5
337461,-5.37,-22.33,1015.53,122.5,-175.0,-17.5
337491,-5.37,-22.33,1015.53,122.5,-157.5,-35.0
337520,-5.37,-22.33,1015.53,122.5,-175.0,-35.0
337550,-5.37,-22.33,1015.53,140.0,-175.0,-35.0
337579,-5.37,-22.33,1015.53,122.5,-175.0,-35.0
337609,-5.37,-22.33,1015.53,122.5,-175.0,-35.0
337638,-5.37,-22.33,1015.53,140.0,-175.0,-35.0
337668,-5.37,-22.33,1015.53,122.5,-157.5,-52.5
337697,-5.37,-22.33,1015.53,105.0,-157.5,-35.0
337726,-5.37,-22.33,1015.65,105.0,-175.0,-17.5
337755,-5.37,-22.33,1015.53,87.5,-175.0,-35.0
337784,-5.37,-22.33,1015.65,122.5,-175.0,-35.0
337813,-5.37,-22.33,1015.65,122.5,-192.5,-35.0
337842,-5.37,-22.33,1015.65,105.0,-175.0,-35.0
337871,-5.37,-22.33,1015.77,122.5,-175.0,-17.5
337900,-5.37,-22.33,1015.77,105.0,-175.0,-35.0
337930,-5.37,-22.33,1015.65,122.5,-175.0,-35.0
337959,-5.37,-22.33,1015.65,122.5,-175.0,-17.5
337989,-5.37,-22.33,1015.65,122.5,-175.0,-17.5
338018,-5.49,-22.2,1015.77,122.5,-175.0,-35.0
338048,-5.37,-22.2,1015.77,122.5,-175.0,-17.5
338077,-5.37,-22.2,1015.77,122.5,-175.0,-35.0
338107,-5.37,-22.33,1015.77,122.5,-192.5,-17.5
338136,-5.37,-22.2,1015.77,140.0,-192.5,-35.0
338166,-5.37,-22.33,1015.77,122.5,-157.5,-35.0
338195,-5.37,-22.2,1015.77,122.5,-175.0,-17.5
338225,-5.37,-22.33,1015.77,140.0,-175.0,-17.5
338254,-5.37,-22.33,1015.77,122.5,-192.5,-17.5
338283,-5.37,-22.2,1015.77,122.5,-192.5,-17.5
338312,-5.37,-22.2,1015.77,122.5,-175.0,-17.5
338341,-5.37,-22.2,1015.77,122.5,-175.0,-35.0
338370,-5.37,-22.2,1015.77,122.5,-175.0,-35.0
338399,-5.37,-22.2,1015.77,122.5,-175.0,-35.0
338428,-5.37,-22.2,1015.77,122.5,-175.0,-35.0
338457,-5.37,-22.2,1015.77,105.0,-157.5,-17.5
338487,-5.37,-22.2,1015.77,105.0,-175.0,-35.0
338516,-5.37,-22.2,1015.77,122.5,-175.0,-17.5
338546,-5.37,-22.2,1015.77,122.5,-175.0,-17.5
338575,-5.37,-22.2,1015.77,122.5,-175.0,-17.5
338605,-5.37,-22.2,1015.77,122.5,-192.5,-17.5
338634,-5.37,-22.2,1015.77,122.5,-157.5,-17.5
338664,-5.37,-22.2,1015.77,87.5,-175.0,-35.0
338693,-5.37,-22.2,1015.77,105.0,-175.0,-35.0
338723,-5.37,-22.2,1015.77,122.5,-175.0,-17.5
338752,-5.37,-22.2,1015.77,140.0,-175.0,-35.0
338782,-5.37,-22.2,1015.77,122.5,-157.5,-35.0
338811,-5.37,-22.2,1015.77,122.5,-175.0,-35.0
338840,-5.37,-22.2,1015.77,87.5,-175.0,-17.5
338869,-5.37,-22.2,1015.77,122.5,-192.5,-17.5
338898,-5.37,-22.2,1015.77,122.5,-175.0,-35.0
338927,-5.37,-22.2,1015.77,140.0,-175.0,-35.0
338956,-5.37,-22.2,1015.77,122.5,-175.0,-17.5
338986,-5.37,-22.2,1015.77,122.5,-192.5,-35.0
339015,-5.37,-22.2,1015.77,122.5,-175.0,-35.0
339045,-5.37,-22.2,1015.77,122.5,-192.5,-17.5
339074,-5.37,-22.2,1015.77,122.5,-175.0,-35.0
339104,-5.37,-22.2,1015.77,122.5,-175.0,-17.5
339133,-5.37,-22.2,1015.77,140.0,-175.0,-35.0
339163,-5.37,-22.2,1015.89,122.5,-175.0,-17.5
339192,-5.37,-22.2,1015.89,105.0,-157.5,-35.0
339222,-5.37,-22.2,1015.89,105.0,-175.0,-35.0
339251,-5.37,-22.2,1015.89,122.5,-175.0,-52.5
339281,-5.37,-22.2,1015.89,122.5,-157.5,-17.5
339310,-5.37,-22.2,1015.89,122.5,-175.0,-17.5
339339,-5.37,-22.2,1016.02,140.0,-175.0,-35.0
339368,-5.37,-22.2,1016.02,122.5,-192.5,-35.0
339397,-5.37,-22.2,1015.89,122.5,-175.0,-17.5
339426,-5.37,-22.2,1016.02,122.5,-157.5,-17.5
339455,-5.37,-22.2,1016.02,122.5,-175.0,-35.0
339484,-5.37,-22.33,1016.02,122.5,-175.0,-35.0
339513,-5.37,-22.2,1016.02,122.5,-175.0,-17.5
339543,-5.37,-22.33,1016.02,122.5,-175.0,-17.5
339572,-5.37,-22.33,1016.02,140.0,-175.0,-35.0
339602,-5.37,-22.33,1016.02,122.5,-192.5,-35.0
339631,-5.37,-22.2,1016.02,122.5,-192.5,-35.0
339661,-5.37,-22.2,1016.02,140.0,-175.0,-35.0
339690,-5.37,-22.2,1016.02,122.5,-175.0,-17.5
339720,-5.37,-22.2,1016.02,122.5,-157.5,-35.0
339749,-5.37,-22.2,1016.02,122.5,-157.5,-35.0
339779,-5.37,-22.2,1016.02,105.0,-175.0,-35.0
339808,-5.37,-22.2,1016.14,122.5,-175.0,-52.5
339838,-5.37,-22.2,1016.14,122.5,-175.0,-17.5
339867,-5.37,-22.2,1016.14,105.0,-175.0,-17.5
339896,-5.37,-22.2,1016.14,122.5,-175.0,-17.5
339925,-5.37,-22.2,1016.14,122.5,-175.0,-35.0
339954,-5.37,-22.2,1016.14,122.5,-175.0,-52.5
339983,-5.37,-22.2,1016.14,122.5,-175.0,-52.5
340012,-5.37,-22.2,1016.14,122.5,-175.0,-17.5
340041,-5.37,-22.2,1016.14,140.0,-175.0,-35.0
340070,-5.37,-22.2,1016.14,122.5,-175.0,-35.0
340100,-5.37,-22.2,1016.14,122.5,-175.0,-52.5
340129,-5.37,-22.2,1016.14,122.5,-175.0,-17.5
340159,-5.37,-22.2,1016.14,122.5,-175.0,-35.0
340188,-5.37,-22.2,1016.14,122.5,-175.0,-35.0
340218,-5.37,-22.2,1016.14,122.5,-175.0,-35.0
340247,-5.25,-22.2,1016.26,105.0,-175.0,-35.0
340277,-5.25,-22.2,1016.26,122.5,-175.0,-35.0
340306,-5.25,-22.33,1016.14,122.5,-175.0,-35.0
340336,-5.25,-22.2,1016.14,122.5,-157.5,-35.0
340365,-5.25,-22.2,1016.14,122.5,-175.0,-17.5
340395,-5.25,-22.2,1016.14,122.5,-175.0,-17.5
340424,-5.25,-22.2,1016.14,122.5,-157.5,-35.0
340453,-5.25,-22.2,1016.14,140.0,-175.0,-35.0
340482,-5.12,-22.2,1016.14,140.0,-175.0,-35.0
340511,-5.12,-22.2,1016.14,122.5,-192.5,-17.5
340540,-5.12,-22.2,1016.14,140.0,-157.5,-35.0
340569,-5.25,-22.08,1016.14,105.0,-175.0,-35.0
340599,-5.25,-22.08,1016.14,122.5,-175.0,-35.0
340628,-5.25,-22.08,1016.02,122.5,-175.0,-17.5
340658,-5.25,-22.08,1016.02,122.5,-175.0,-17.5
340687,-5.25,-22.2,1016.14,122.5,-175.0,-17.5
340717,-5.25,-22.2,1016.14,122.5,-192.5,-35.0
340746,-5.25,-22.2,1016.14,105.0,-175.0,-52.5
340776,-5.25,-22.2,1016.14,122.5,-175.0,-52.5
340805,-5.25,-22.2,1016.14,122.5,-175.0,-35.0
340835,-5.37,-22.2,1016.02,122.5,-192.5,-35.0
340864,-5.37,-22.2,1016.02,122.5,-175.0,-35.0
340894,-5.37,-22.2,1016.02,122.5,-175.0,-35.0
340923,-5.37,-22.2,1016.02,122.5,-175.0,-35.0
340952,-5.37,-22.2,1016.02,122.5,-175.0,-35.0
340981,-5.37,-22.2,1016.02,122.5,-175.0,-17.5
341010,-5.37,-22.2,1016.02,122.5,-175.0,-17.5
341039,-5.37,-22.2,1015.89,122.5,-157.5,-17.5
341068,-5.37,-22.2,1016.02,140.0,-175.0,-35.0
341097,-5.37,-22.2,1015.89,140.0,-175.0,-35.0
341126,-5.37,-22.2,1015.89,122.5,-175.0,-35.0
341156,-5.37,-22.2,1015.89,105.0,-157.5,-35.0
341185,-5.37,-22.2,1015.89,105.0,-157.5,-17.5
341215,-5.37,-22.33,1015.89,122.5,-157.5,-35.0
341244,-5.37,-22.2,1015.89,140.0,-175.0,-35.0
341274,-5.37,-22.2,1015.89,122.5,-175.0,-35.0
341303,-5.37,-22.2,1015.89,122.5,-175.0,-35.0
341333,-5.37,-22.2,1015.89,122.5,-175.0,-35.0
341362,-5.37,-22.2,1015.77,122.5,-175.0,-35.0
341392,-5.37,-22.2,1015.77,122.5,-175.0,-35.0
341421,-5.37,-22.2,1015.77,105.0,-175.0,-17.5
341450,-5.37,-22.2,1015.77,105.0,-175.0,-35.0
341479,-5.37,-22.2,1015.77,122.5,-175.0,-35.0
341508,-5.37,-22.33,1015.77,122.5,-175.0,-17.5
341537,-5.37,-22.2,1015.77,122.5,-175.0,-35.0
341566,-5.37,-22.33,1015.77,105.0,-175.0,-35.0
341595,-5.37,-22.33,1015.77,122.5,-157.5,-35.0
341624,-5.37,-22.33,1015.77,122.5,-175.0,-35.0
341654,-5.37,-22.33,1015.77,140.0,-175.0,-35.0
341683,-5.37,-22.33,1015.65,122.5,-175.0,-17.5
341713,-5.37,-22.33,1015.65,122.5,-175.0,-35.0
341742,-5.37,-22.33,1015.77,140.0,-192.5,-35.0
341772,-5.37,-22.33,1015.65,140.0,-175.0,-35.0
341801,-5.37,-22.2,1015.65,105.0,-157.5,-35.0
341831,-5.37,-22.2,1015.77,105.0,-175.0,-17.5
341860,-5.37,-22.33,1015.65,105.0,-192.5,-17.5
341890,-5.37,-22.2,1015.65,105.0,-210.0,-35.0
341919,-5.37,-22.33,1015.65,122.5,-175.0,-35.0
341949,-5.37,-22.2,1015.53,122.5,-175.0,-17.5
341978,-5.37,-22.33,1015.53,122.5,-175.0,-35.0
342007,-5.37,-22.33,1015.53,105.0,-175.0,-17.5
342036,-5.37,-22.33,1015.53,122.5,-175.0,-35.0
342065,-5.25,-22.33,1015.65,122.5,-175.0,-35.0
342094,-5.25,-22.2,1015.65,105.0,-157.5,-35.0
342123,-5.25,-22.33,1015.53,122.5,-192.5,-17.5
342152,-5.37,-22.33,1015.53,140.0,-175.0,-35.0
342181,-5.25,-22.2,1015.53,140.0,-175.0,-35.0
342211,-5.25,-22.33,1015.53,140.0,-175.0,-35.0
342240,-5.25,-22.2,1015.53,140.0,-175.0,-35.0
342270,-5.37,-22.2,1015.53,140.0,-192.5,-35.0
342299,-5.25,-22.2,1015.53,122.5,-175.0,-17.5
342329,-5.25,-22.2,1015.53,122.5,-175.0,-35.0
342358,-5.25,-22.2,1015.53,122.5,-175.0,-35.0
342388,-5.25,-22.2,1015.53,140.0,-175.0,-17.5
342417,-5.25,-22.2,1015.53,122.5,-192.5,-17.5
342447,-5.25,-22.2,1015.53,140.0,-175.0,-35.0
342476,-5.25,-22.2,1015.53,122.5,-175.0,-17.5
342505,-5.25,-22.2,1015.53,140.0,-192.5,-17.5
342534,-5.25,-22.2,1015.53,140.0,-175.0,-35.0
342563,-5.25,-22.2,1015.53,122.5,-175.0,-35.0
342592,-5.37,-22.2,1015.53,122.5,-157.5,-35.0
342621,-5.37,-22.2,1015.53,122.5,-157.5,-17.5
342650,-5.37,-22.2,1015.53,122.5,-175.0,-17.5
342679,-5.25,-22.2,1015.53,122.5,-175.0,-17.5
342709,-5.25,-22.2,1015.53,122.5,-192.5,-35.0
342738,-5.25,-22.2,1015.53,122.5,-175.0,-17.5
342768,-5.25,-22.2,1015.65,122.5,-175.0,-17.5
342797,-5.25,-22.2,1015.65,105.0,-192.5,-35.0
342827,-5.25,-22.2,1015.65,105.0,-192.5,-35.0
342856,-5.25,-22.2,1015.65,140.0,-175.0,-35.0
342886,-5.25,-22.2,1015.65,105.0,-175.0,-35.0
342915,-5.25,-22.2,1015.53,105.0,-192.5,-35.0
342945,-5.37,-22.2,1015.53,105.0,-192.5,-35.0
342974,-5.37,-22.2,1015.53,122.5,-192.5,-35.0
343004,-5.25,-22.2,1015.53,122.5,-175.0,-35.0
343033,-5.25,-22.2,1015.53,105.0,-175.0,-35.0
343062,-5.25,-22.2,1015.65,122.5,-175.0,-35.0
343091,-5.25,-22.2,1015.65,122.5,-175.0,-17.5
343120,-5.25,-22.2,1015.65,122.5,-175.0,-17.5
343149,-5.37,-22.2,1015.53,105.0,-175.0,-17.5
343178,-5.37,-22.2,1015.53,122.5,-175.0,-35.0
343208,-5.37,-22.2,1015.53,105.0,-192.5,-35.0
343237,-5.37,-22.2,1015.53,122.5,-192.5,-35.0
343267,-5.37,-22.2,1015.53,105.0,-175.0,-35.0
343296,-5.37,-22.2,1015.53,122.5,-175.0,-35.0
343326,-5.37,-22.33,1015.53,105.0,-175.0,-35.0
343355,-5.37,-22.33,1015.53,105.0,-157.5,-35.0
343385,-5.37,-22.2,1015.53,122.5,-192.5,-35.0
343414,-5.25,-22.2,1015.53,140.0,-192.5,-17.5
343444,-5.37,-22.2,1015.53,122.5,-192.5,-17.5
343473,-5.37,-22.2,1015.53,122.5,-175.0,-35.0
343503,-5.37,-22.2,1015.53,122.5,-175.0,-35.0
343532,-5.25,-22.2,1015.53,122.5,-175.0,-35.0
343561,-5.25,-22.33,1015.53,122.5,-175.0,-35.0
343590,-5.25,-22.33,1015.53,122.5,-175.0,-35.0
343619,-5.25,-22.33,1015.53,122.5,-175.0,-17.5
343648,-5.25,-22.2,1015.41,122.5,-192.5,-17.5
343677,-5.25,-22.2,1015.41,122.5,-175.0,-35.0
343706,-5.25,-22.33,1015.41,122.5,-175.0,-35.0
343735,-5.25,-22.2,1015.28,122.5,-175.0,-35.0
343765,-5.25,-22.33,1015.28,122.5,-192.5,-35.0
343794,-5.25,-22.2,1015.28,122.5,-192.5,-17.5
343824,-5.25,-22.2,1015.28,122.5,-175.0,-35.0
343853,-5.25,-22.2,1015.28,122.5,-175.0,-35.0
343883,-5.25,-22.33,1015.16,122.5,-157.5,-35.0
343912,-5.25,-22.33,1015.16,140.0,-175.0,-17.5
343942,-5.25,-22.33,1015.16,122.5,-175.0,-35.0
343971,-5.25,-22.2,1015.16,105.0,-175.0,-17.5
344001,-5.12,-22.2,1015.16,105.0,-175.0,-35.0
344030,-5.12,-22.2,1015.04,122.5,-175.0,-52.5
344060,-5.25,-22.2,1015.04,105.0,-192.5,-35.0
344089,-5.25,-22.2,1015.16,122.5,-192.5,-35.0
344118,-5.12,-22.2,1015.16,140.0,-192.5,-17.5
344147,-5.25,-22.2,1015.28,122.5,-192.5,-35.0
344176,-5.25,-22.2,1015.28,140.0,-192.5,-52.5
344205,-5.25,-22.2,1015.28,140.0,-175.0,-17.5
344234,-5.12,-22.2,1015.16,105.0,-175.0,-17.5
344263,-5.25,-22.2,1015.28,122.5,-175.0,-35.0
344292,-5.25,-22.2,1015.28,140.0,-192.5,-35.0
344322,-5.12,-22.2,1015.28,140.0,-175.0,-17.5
344351,-5.25,-22.2,1015.28,140.0,-175.0,-35.0
344381,-5.25,-22.2,1015.28,140.0,-192.5,-35.0
344410,-5.25,-22.2,1015.28,140.0,-192.5,-35.0
344440,-5.25,-22.2,1015.28,122.5,-175.0,-17.5
344469,-5.25,-22.2,1015.28,122.5,-175.0,-35.0
344499,-5.25,-22.2,1015.28,122.5,-175.0,-35.0
344528,-5.25,-22.2,1015.28,105.0,-157.5,-17.5
344558,-5.25,-22.2,1015.28,122.5,-175.0,0.0
344588,-5.25,-22.2,1015.28,105.0,-175.0,-35.0
344617,-5.25,-22.2,1015.16,105.0,-175.0,-35.0
344646,-5.25,-22.2,1015.16,105.0,-192.5,-35.0
344675,-5.37,-22.2,1015.16,105.0,-175.0,-17.5
344704,-5.37,-22.2,1015.16,122.5,-192.5,-35.0
344733,-5.25,-22.2,1015.16,122.5,-175.0,-17.5
344762,-5.25,-22.2,1015.16,105.0,-175.0,-17.5
344791,-5.37,-22.2,1015.16,140.0,-175.0,-35.0
344821,-5.37,-22.2,1015.16,140.0,-175.0,-35.0
344850,-5.25,-22.2,1015.04,122.5,-175.0,-35.0
344880,-5.25,-22.2,1015.16,122.5,-157.5,-35.0
344909,-5.25,-22.2,1015.16,122.5,-175.0,-17.5
344939,-5.25,-22.2,1015.16,122.5,-157.5,-17.5
344968,-5.25,-22.2,1015.16,122.5,-175.0,-17.5
344998,-5.25,-22.2,1015.16,105.0,-175.0,-17.5
345027,-5.25,-22.2,1015.16,122.5,-175.0,-17.5
345057,-5.25,-22.2,1015.16,122.5,-175.0,-17.5
345086,-5.25,-22.2,1015.16,122.5,-175.0,-17.5
345116,-5.37,-22.2,1015.28,140.0,-175.0,-35.0
345145,-5.37,-22.2,1015.28,140.0,-175.0,-35.0
345174,-5.37,-22.2,1015.28,122.5,-175.0,-17.5
345203,-5.37,-22.33,1015.16,122.5,-157.5,-35.0
345232,-5.37,-22.33,1015.16,105.0,-175.0,-35.0
345261,-5.37,-22.33,1015.16,122.5,-175.0,-17.5
345290,-5.37,-22.33,1015.16,122.5,-175.0,-17.5
345319,-5.37,-22.2,1015.28,122.5,-175.0,-17.5
345348,-5.37,-22.33,1015.16,140.0,-175.0,-17.5
345378,-5.37,-22.2,1015.28,122.5,-192.5,-35.0
345407,-5.25,-22.33,1015.28,105.0,-192.5,-35.0
345437,-5.37,-22.33,1015.16,122.5,-192.5,-35.0
345466,-5.37,-22.33,1015.28,122.5,-175.0,-17.5
345496,-5.37,-22.2,1015.28,122.5,-175.0,-35.0
345525,-5.37,-22.2,1015.28,122.5,-175.0,-35.0
345555,-5.25,-22.2,1015.28,122.5,-175.0,-35.0
345584,-5.25,-22.33,1015.28,140.0,-192.5,-35.0
345614,-5.25,-22.33,1015.28,105.0,-175.0,-35.0
345643,-5.25,-22.2,1015.28,122.5,-175.0,-17.5
345672,-5.25,-22.33,1015.28,122.5,-175.0,-17.5
345701,-5.25,-22.2,1015.28,140.0,-157.5,-17.5
345730,-5.25,-22.33,1015.28,122.5,-192.5,-35.0
345759,-5.25,-22.33,1015.28,122.5,-192.5,-52.5
345788,-5.25,-22.33,1015.28,105.0,-175.0,-35.0
345817,-5.25,-22.2,1015.28,105.0,-175.0,-35.0
345846,-5.25,-22.33,1015.28,122.5,-175.0,-35.0
345876,-5.25,-22.2,1015.28,122.5,-192.5,-35.0
345905,-5.25,-22.2,1015.28,140.0,-175.0,-35.0
345935,-5.25,-22.2,1015.28,122.5,-175.0,-17.5
345964,-5.37,-22.33,1015.28,122.5,-175.0,-17.5
345994,-5.37,-22.33,1015.28,140.0,-175.0,-17.5
346023,-5.37,-22.33,1015.16,140.0,-175.0,-35.0
346053,-5.37,-22.33,1015.16,122.5,-175.0,-17.5
346082,-5.37,-22.33,1015.28,122.5,-157.5,-17.5
346112,-5.37,-22.33,1015.16,140.0,-175.0,-17.5
346141,-5.37,-22.33,1015.16,105.0,-157.5,-35.0
346171,-5.37,-22.33,1015.16,122.5,-175.0,-35.0
346200,-5.37,-22.45,1015.16,122.5,-175.0,-17.5
346229,-5.37,-22.45,1015.16,122.5,-175.0,-17.5
346258,-5.37,-22.45,1015.04,105.0,-175.0,-35.0
346287,-5.37,-22.45,1015.04,122.5,-192.5,-35.0
346316,-5.37,-22.45,1015.04,105.0,-175.0,-17.5
346345,-5.37,-22.45,1015.04,105.0,-157.5,-35.0
346374,-5.37,-22.45,1015.04,105.0,-192.5,-35.0
346403,-5.37,-22.45,1015.04,122.5,-175.0,-35.0
346433,-5.37,-22.45,1015.04,122.5,-157.5,-35.0
346462,-5.37,-22.45,1015.04,122.5,-175.0,-17.5
346492,-5.37,-22.33,1015.04,105.0,-175.0,-17.5
346521,-5.37,-22.33,1015.04,122.5,-175.0,-35.0
346551,-5.37,-22.33,1015.04,122.5,-175.0,-17.5
346580,-5.37,-22.33,1015.04,122.5,-175.0,-35.0
346610,-5.37,-22.33,1015.04,140.0,-192.5,-17.5
346639,-5.37,-22.33,1015.04,122.5,-175.0,-35.0
346669,-5.37,-22.2,1015.04,122.5,-175.0,-17.5
346698,-5.37,-22.2,1015.04,122.5,-192.5,-17.5
346727,-5.37,-22.2,1015.04,140.0,-175.0,-17.5
346756,-5.37,-22.2,1015.04,122.5,-175.0,-35.0
346785,-5.37,-22.2,1015.04,122.5,-175.0,-35.0
346814,-5.37,-22.2,1015.04,105.0,-175.0,-35.0
346843,-5.37,-22.2,1015.04,105.0,-175.0,-35.0
346872,-5.37,-22.2,1015.04,122.5,-175.0,-35.0
346901,-5.25,-22.33,1015.04,122.5,-175.0,-35.0
346931,-5.25,-22.33,1015.04,105.0,-192.5,-52.5
346960,-5.25,-22.33,1015.04,122.5,-175.0,-35.0
346990,-5.25,-22.2,1015.04,105.0,-192.5,-35.0
347019,-5.25,-22.2,1015.04,105.0,-192.5,-35.0
347049,-5.25,-22.2,1015.04,140.0,-157.5,-35.0
347078,-5.37,-22.2,1015.04,105.0,-175.0,-35.0
347108,-5.37,-22.2,1015.16,122.5,-175.0,-35.0
347137,-5.25,-22.2,1015.16,122.5,-175.0,-17.5
347167,-5.37,-22.33,1015.16,122.5,-175.0,-17.5
347196,-5.37,-22.33,1015.04,122.5,-175.0,-17.5
347226,-5.37,-22.33,1015.04,122.5,-175.0,-17.5
347255,-5.37,-22.33,1015.04,122.5,-175.0,-35.0
347284,-5.37,-22.2,1015.04,122.5,-192.5,-35.0
347313,-5.37,-22.33,1015.04,122.5,-192.5,-35.0
347342,-5.37,-22.33,1015.04,122.5,-192.5,-17.5
347371,-5.37,-22.33,1015.04,122.5,-175.0,-35.0
347400,-5.37,-22.33,1015.04,140.0,-175.0,-35.0
347430,-5.37,-22.33,1015.04,122.5,-192.5,-17.5
347459,-5.37,-22.33,1015.04,140.0,-175.0,-17.5
347489,-5.37,-22.33,1015.04,122.5,-175.0,-17.5
347518,-5.37,-22.33,1015.04,122.5,-175.0,-35.0
347548,-5.37,-22.33,1015.04,122.5,-175.0,-35.0
347577,-5.37,-22.33,1015.04,105.0,-175.0,-35.0
347607,-5.37,-22.33,1015.04,105.0,-192.5,-17.5
347636,-5.37,-22.33,1015.16,122.5,-157.5,-35.0
347666,-5.37,-22.33,1015.16,122.5,-157.5,-35.0
347695,-5.37,-22.33,1015.16,122.5,-192.5,-35.0
347725,-5.37,-22.33,1015.16,122.5,-175.0,-35.0
347754,-5.37,-22.33,1015.16,105.0,-157.5,-17.5
347783,-5.37,-22.33,1015.16,140.0,-157.5,-17.5
347812,-5.37,-22.33,1015.16,122.5,-175.0,-17.5
347841,-5.37,-22.33,1015.16,122.5,-175.0,-17.5
347870,-5.37,-22.45,1015.16,105.0,-192.5,-35.0
347899,-5.37,-22.45,1015.16,122.5,-175.0,-35.0
347928,-5.37,-22.45,1015.16,122.5,-175.0,-17.5
347957,-5.37,-22.45,1015.16,122.5,-175.0,-35.0
347987,-5.37,-22.45,1015.16,140.0,-157.5,-35.0
348016,-5.37,-22.45,1015.16,140.0,-157.5,-52.5
348046,-5.37,-22.33,1015.16,105.0,-175.0,-35.0
348075,-5.37,-22.33,1015.16,105.0,-175.0,-35.0
348105,-5.37,-22.33,1015.16,122.5,-175.0,-35.0
348134,-5.37,-22.33,1015.16,105.0,-175.0,-35.0
348164,-5.37,-22.33,1015.16,122.5,-175.0,-35.0
348193,-5.37,-22.33,1015.16,105.0,-175.0,-35.0
348223,-5.37,-22.33,1015.16,105.0,-175.0,-17.5
348252,-5.37,-22.33,1015.16,140.0,-175.0,-35.0
348282,-5.37,-22.33,1015.28,122.5,-175.0,-35.0
348311,-5.37,-22.33,1015.28,140.0,-175.0,-35.0
348340,-5.37,-22.33,1015.28,122.5,-192.5,-35.0
348369,-5.37,-22.33,1015.28,122.5,-175.0,-35.0
348398,-5.37,-22.45,1015.28,122.5,-175.0,-35.0
348427,-5.37,-22.33,1015.28,105.0,-175.0,-35.0
348456,-5.37,-22.33,1015.28,105.0,-175.0,-17.5
348485,-5.37,-22.33,1015.28,122.5,-175.0,0.0
348514,-5.37,-22.33,1015.28,122.5,-175.0,-17.5
348544,-5.37,-22.33,1015.28,122.5,-192.5,-35.0
348573,-5.37,-22.33,1015.28,122.5,-175.0,-17.5
348603,-5.37,-22.33,1015.28,122.5,-157.5,-35.0
348632,-5.37,-22.33,1015.28,122.5,-157.5,-35.0
348662,-5.37,-22.2,1015.28,122.5,-157.5,-35.0
348691,-5.37,-22.33,1015.28,140.0,-175.0,-17.5
348721,-5.37,-22.33,1015.28,122.5,-175.0,-17.5
348750,-5.37,-22.33,1015.28,105.0,-175.0,-35.0
348780,-5.37,-22.33,1015.28,122.5,-175.0,-17.5
348809,-5.37,-22.33,1015.28,122.5,-175.0,-52.5
348839,-5.37,-22.33,1015.28,122.5,-175.0,-35.0
348868,-5.37,-22.33,1015.41,122.5,-175.0,-35.0
348897,-5.37,-22.33,1015.41,140.0,-175.0,-35.0
348926,-5.37,-22.33,1015.53,157.5,-175.0,-35.0
348955,-5.25,-22.33,1015.53,140.0,-175.0,-35.0
348984,-5.37,-22.2,1015.53,122.5,-192.5,-35.0
349013,-5.37,-22.33,1015.53,140.0,-175.0,-17.5
349042,-5.37,-22.33,1015.53,122.5,-175.0,-35.0
349071,-5.37,-22.33,1015.53,140.0,-175.0,-35.0
349101,-5.37,-22.33,1015.53,140.0,-175.0,-35.0
349130,-5.37,-22.33,1015.53,122.5,-175.0,-35.0
349160,-5.37,-22.2,1015.53,122.5,-192.5,-35.0
349189,-5.37,-22.2,1015.53,140.0,-192.5,-17.5
349219,-5.37,-22.2,1015.53,140.0,-175.0,-35.0
349248,-5.37,-22.2,1015.53,122.5,-157.5,-35.0
349278,-5.37,-22.2,1015.53,105.0,-175.0,-17.5
349307,-5.37,-22.2,1015.53,122.5,-175.0,-35.0
349337,-5.37,-22.33,1015.53,105.0,-192.5,-17.5
349366,-5.37,-22.2,1015.53,122.5,-175.0,-17.5
349396,-5.37,-22.33,1015.53,105.0,-157.5,-35.0
349425,-5.37,-22.2,1015.65,105.0,-175.0,-35.0
349454,-5.37,-22.2,1015.65,105.0,-192.5,-35.0
349483,-5.37,-22.2,1015.65,122.5,-175.0,-35.0
349512,-5.37,-22.2,1015.65,140.0,-157.5,-35.0
349541,-5.37,-22.2,1015.65,122.5,-157.5,-35.0
349570,-5.37,-22.2,1015.77,105.0,-192.5,-17.5
349599,-5.37,-22.2,1015.77,105.0,-157.5,-17.5
349628,-5.37,-22.2,1015.65,105.0,-192.5,-17.5
349658,-5.37,-22.2,1015.65,140.0,-192.5,-35.0
349687,-5.37,-22.2,1015.65,122.5,-175.0,-17.5
349717,-5.37,-22.2,1015.65,122.5,-175.0,0.0
349746,-5.37,-22.2,1015.53,122.5,-192.5,-35.0
349776,-5.37,-22.2,1015.53,105.0,-175.0,-35.0
349805,-5.37,-22.2,1015.53,122.5,-175.0,-35.0
349835,-5.37,-22.2,1015.53,140.0,-175.0,-35.0
349864,-5.37,-22.2,1015.53,122.5,-192.5,-35.0
349894,-5.37,-22.2,1015.53,140.0,-175.0,-35.0
349923,-5.25,-22.2,1015.53,122.5,-175.0,-35.0
349952,-5.25,-22.2,1015.53,122.5,-192.5,-52.5
349981,-5.37,-22.2,1015.53,122.5,-175.0,-35.0
350010,-5.37,-22.2,1015.53,122.5,-157.5,-35.0
350039,-5.37,-22.2,1015.53,122.5,-175.0,-17.5
350068,-5.37,-22.2,1015.53,122.5,-175.0,-17.5
350097,-5.37,-22.2,1015.53,122.5,-175.0,-17.5
350126,-5.37,-22.2,1015.53,122.5,-175.0,-17.5
350156,-5.37,-22.2,1015.53,105.0,-175.0,-17.5
350185,-5.25,-22.2,1015.41,122.5,-157.5,-35.0
350215,-5.25,-22.2,1015.41,122.5,-175.0,-35.0
350244,-5.37,-22.2,1015.53,105.0,-157.5,-35.0
350274,-5.37,-22.2,1015.41,105.0,-175.0,-17.5
350303,-5.37,-22.2,1015.41,105.0,-175.0,-17.5
350333,-5.37,-22.2,1015.41,122.5,-175.0,-17.5
350362,-5.37,-22.2,1015.41,105.0,-157.5,-35.0
350392,-5.37,-22.2,1015.41,87.5,-192.5,-17.5
350421,-5.37,-22.2,1015.28,105.0,-175.0,-17.5
350451,-5.37,-22.2,1015.28,105.0,-175.0,-17.5
350480,-5.37,-22.2,1015.28,105.0,-175.0,-17.5
350509,-5.37,-22.2,1015.28,140.0,-192.5,-17.5
350538,-5.37,-22.2,1015.28,105.0,-157.5,-35.0
350567,-5.37,-22.2,1015.28,122.5,-175.0,-17.5
350596,-5.37,-22.2,1015.28,105.0,-175.0,-17.5
350625,-5.37,-22.2,1015.28,122.5,-175.0,-17.5
350654,-5.37,-22.33,1015.28,122.5,-175.0,-17.5
350683,-5.37,-22.33,1015.28,122.5,-175.0,-17.5
350713,-5.37,-22.2,1015.28,122.5,-192.5,-17.5
350742,-5.37,-22.33,1015.28,140.0,-175.0,-35.0
350772,-5.37,-22.2,1015.16,140.0,-175.0,-35.0
350801,-5.37,-22.2,1015.28,122.5,-157.5,-52.5
350831,-5.37,-22.2,1015.16,122.5,-175.0,-17.5
350860,-5.37,-22.2,1015.28,122.5,-175.0,-17.5
350890,-5.37,-22.2,1015.16,122.5,-192.5,-17.5
350919,-5.37,-22.2,1015.16,122.5,-157.5,-52.5
350949,-5.37,-22.2,1015.16,122.5,-175.0,-35.0
350978,-5.37,-22.2,1015.16,122.5,-175.0,-35.0
351007,-5.37,-22.2,1015.16,122.5,-175.0,-17.5
351036,-5.37,-22.2,1015.16,122.5,-175.0,-17.5
351065,-5.37,-22.2,1015.16,122.5,-175.0,-35.0
351094,-5.37,-22.2,1015.16,122.5,-175.0,-35.0
351123,-5.37,-22.2,1015.16,122.5,-157.5,-17.5
351152,-5.37,-22.33,1015.16,122.5,-175.0,-17.5
351181,-5.37,-22.2,1015.28,122.5,-175.0,-35.0
351211,-5.37,-22.33,1015.16,122.5,-192.5,-17.5
351240,-5.37,-22.33,1015.16,122.5,-175.0,-17.5
351270,-5.37,-22.33,1015.16,122.5,-175.0,-52.5
351299,-5.37,-22.33,1015.16,122.5,-175.0,-52.5
351329,-5.37,-22.33,1015.16,122.5,-175.0,-35.0
351358,-5.37,-22.33,1015.04,105.0,-175.0,-17.5
351388,-5.37,-22.33,1015.04,122.5,-175.0,-17.5
351417,-5.37,-22.33,1015.16,122.5,-175.0,-35.0
351447,-5.37,-22.2,1015.16,105.0,-175.0,-35.0
351476,-5.37,-22.33,1015.16,122.5,-192.5,-17.5
351506,-5.37,-22.2,1015.16,105.0,-192.5,-35.0
351535,-5.37,-22.33,1015.16,105.0,-192.5,-35.0
351565,-5.37,-22.33,1015.16,122.5,-175.0,-35.0
351594,-5.37,-22.2,1015.16,105.0,-175.0,-35.0
351623,-5.37,-22.2,1015.16,122.5,-175.0,-35.0
351652,-5.37,-22.2,1015.28,122.5,-157.5,-35.0
351681,-5.37,-22.2,1015.28,122.5,-157.5,-35.0
351710,-5.37,-22.2,1015.28,122.5,-192.5,-35.0
351739,-5.37,-22.2,1015.28,105.0,-175.0,-17.5
351768,-5.37,-22.2,1015.28,122.5,-175.0,-35.0
351797,-5.25,-22.2,1015.28,122.5,-175.0,-35.0
351827,-5.37,-22.2,1015.28,122.5,-192.5,-35.0
351856,-5.37,-22.2,1015.28,105.0,-157.5,-35.0
351886,-5.25,-22.2,1015.28,140.0,-175.0,-17.5
351915,-5.25,-22.2,1015.28,122.5,-175.0,-17.5
351945,-5.25,-22.2,1015.28,122.5,-192.5,-17.5
351974,-5.37,-22.2,1015.28,122.5,-175.0,-17.5
352004,-5.37,-22.2,1015.28,122.5,-175.0,-35.0
352033,-5.25,-22.2,1015.28,122.5,-175.0,-35.0
352063,-5.25,-22.2,1015.28,122.5,-175.0,-35.0
352092,-5.25,-22.2,1015.28,105.0,-175.0,-17.5
352122,-5.25,-22.2,1015.28,122.5,-175.0,-17.5
352151,-5.25,-22.2,1015.41,122.5,-157.5,-35.0
352180,-5.25,-22.2,1015.41,122.5,-175.0,-35.0
352209,-5.25,-22.2,1015.41,105.0,-175.0,-35.0
352238,-5.25,-22.2,1015.53,105.0,-175.0,-17.5
352267,-5.37,-22.2,1015.53,122.5,-192.5,-35.0
352296,-5.25,-22.2,1015.53,140.0,-175.0,-35.0
352325,-5.25,-22.2,1015.53,122.5,-192.5,-17.5
352354,-5.25,-22.2,1015.53,140.0,-175.0,-17.5
352384,-5.25,-22.2,1015.53,122.5,-175.0,-35.0
352413,-5.25,-22.2,1015.53,122.5,-175.0,-35.0
352443,-5.25,-22.2,1015.53,122.5,-175.0,-35.0
352472,-5.12,-22.2,1015.65,122.5,-192.5,-17.5
352502,-5.12,-22.2,1015.65,105.0,-175.0,-35.0
352531,-5.12,-22.2,1015.77,122.5,-175.0,-52.5
352561,-5.25,-22.2,1015.77,122.5,-157.5,-35.0
352590,-5.25,-22.2,1015.77,122.5,-175.0,-17.5
352620,-5.25,-22.2,1015.77,122.5,-175.0,-35.0
352649,-5.12,-22.2,1015.77,122.5,-175.0,-17.5
352679,-5.25,-22.2,1015.77,122.5,-175.0,-17.5
352708,-5.25,-22.2,1015.77,122.5,-175.0,-17.5
352737,-5.12,-22.2,1015.89,122.5,-175.0,-35.0
352766,-5.12,-22.2,1015.89,122.5,-175.0,-35.0
352795,-5.25,-22.2,1016.02,122.5,-175.0,-35.0
352824,-5.12,-22.2,1016.02,122.5,-175.0,-35.0
352853,-5.12,-22.2,1016.02,122.5,-157.5,-17.5
352882,-5.12,-22.2,1016.02,105.0,-192.5,-35.0
352911,-5.12,-22.2,1016.02,122.5,-175.0,-17.5
352941,-5.25,-22.2,1016.02,122.5,-157.5,-35.0
352970,-5.25,-22.2,1016.02,122.5,-175.0,-17.5
353000,-5.12,-22.2,1016.02,122.5,-175.0,-17.5
353029,-5.12,-22.2,1016.02,122.5,-175.0,-35.0
353059,-5.12,-22.2,1016.02,105.0,-192.5,-35.0
353088,-5.12,-22.2,1016.02,122.5,-175.0,-35.0
353118,-5.12,-22.2,1016.02,122.5,-175.0,-17.5
353147,-5.25,-22.2,1016.02,122.5,-175.0,-35.0
353177,-5.25,-22.2,1016.02,140.0,-175.0,-35.0
353206,-5.12,-22.2,1016.02,140.0,-192.5,-35.0
353236,-5.25,-22.2,1016.02,140.0,-175.0,-35.0
353265,-5.25,-22.2,1016.02,105.0,-157.5,-35.0
353294,-5.25,-22.2,1016.02,122.5,-157.5,-35.0
353323,-5.25,-22.2,1016.02,122.5,-157.5,-35.0
353352,-5.25,-22.2,1016.02,122.5,-192.5,-35.0
353381,-5.25,-22.2,1016.02,122.5,-175.0,-35.0
353410,-5.25,-22.2,1016.02,105.0,-175.0,-35.0
353439,-5.37,-22.2,1016.02,122.5,-175.0,-17.5
353468,-5.37,-22.2,1016.02,122.5,-175.0,-35.0
353498,-5.37,-22.2,1016.02,105.0,-175.0,-35.0
353527,-5.37,-22.2,1016.02,122.5,-175.0,-35.0
353557,-5.37,-22.2,1016.02,122.5,-175.0,-35.0
353586,-5.37,-22.2,1016.02,122.5,-175.0,-35.0
353616,-5.37,-22.2,1016.02,122.5,-157.5,-35.0
353645,-5.37,-22.2,1016.02,140.0,-175.0,-35.0
353675,-5.37,-22.2,1016.14,122.5,-175.0,-35.0
353704,-5.37,-22.2,1016.14,105.0,-175.0,-35.0
353734,-5.37,-22.2,1016.14,122.5,-157.5,-35.0
353763,-5.37,-22.2,1016.14,140.0,-157.5,-52.5
353793,-5.37,-22.2,1016.14,122.5,-192.5,-35.0
353822,-5.37,-22.2,1016.14,122.5,-157.5,-35.0
353852,-5.37,-22.2,1016.14,122.5,-157.5,-35.0
353881,-5.37,-22.2,1016.14,105.0,-175.0,-17.5
353910,-5.37,-22.2,1016.14,105.0,-175.0,-35.0
353939,-5.37,-22.2,1016.14,122.5,-175.0,-35.0
353968,-5.37,-22.2,1016.14,122.5,-192.5,-17.5
353997,-5.25,-22.2,1016.14,122.5,-175.0,-35.0
354026,-5.25,-22.2,1016.14,140.0,-175.0,-17.5
354055,-5.25,-22.2,1016.14,140.0,-192.5,-17.5
354084,-5.37,-22.2,1016.14,122.5,-175.0,-35.0
354114,-5.37,-22.2,1016.02,105.0,-157.5,-35.0
354143,-5.37,-22.2,1016.02,122.5,-175.0,-35.0
354173,-5.37,-22.33,1016.02,140.0,-175.0,-35.0
354202,-5.37,-22.2,1016.02,122.5,-175.0,-35.0
354232,-5.37,-22.2,1016.02,105.0,-175.0,-35.0
354261,-5.37,-22.2,1016.02,105.0,-175.0,-35.0
354291,-5.37,-22.33,1015.89,122.5,-175.0,-35.0
354320,-5.37,-22.33,1015.89,105.0,-175.0,-17.5
354350,-5.37,-22.2,1015.77,87.5,-175.0,-35.0
354379,-5.37,-22.33,1015.77,87.5,-175.0,-35.0
354409,-5.37,-22.33,1015.77,122.5,-157.5,-35.0
354438,-5.49,-22.33,1015.77,122.5,-175.0,-35.0
354467,-5.37,-22.33,1015.77,122.5,-175.0,-35.0
354496,-5.49,-22.33,1015.77,122.5,-192.5,-52.5
354525,-5.37,-22.33,1015.77,122.5,-175.0,-35.0
354554,-5.49,-22.33,1015.77,122.5,-157.5,-17.5
354583,-5.37,-22.33,1015.89,122.5,-175.0,-35.0
354612,-5.37,-22.33,1015.89,122.5,-192.5,-35.0
354641,-5.37,-22.33,1015.77,122.5,-192.5,-35.0
354671,-5.37,-22.33,1015.89,122.5,-192.5,-35.0
354700,-5.37,-22.2,1015.77,122.5,-175.0,-35.0
354730,-5.37,-22.33,1015.89,122.5,-175.0,-35.0
354759,-5.37,-22.33,1015.89,122.5,-175.0,-35.0
354789,-5.37,-22.2,1015.89,105.0,-192.5,-17.5
354818,-5.37,-22.33,1015.89,122.5,-157.5,-35.0
354848,-5.37,-22.2,1015.89,105.0,-175.0,-35.0
354877,-5.37,-22.2,1015.89,122.5,-192.5,-35.0
354907,-5.37,-22.2,1015.89,105.0,-175.0,-17.5
354936,-5.37,-22.2,1015.89,122.5,-175.0,-35.0
354966,-5.37,-22.2,1015.77,122.5,-175.0,-52.5
354995,-5.37,-22.2,1015.77,140.0,-175.0,-35.0
355024,-5.37,-22.33,1015.89,122.5,-175.0,-17.5
355053,-5.37,-22.2,1015.89,140.0,-192.5,-17.5
355082,-5.25,-22.2,1015.77,122.5,-192.5,-17.5
355111,-5.37,-22.2,1015.77,105.0,-175.0,-35.0
355140,-5.25,-22.2,1015.77,140.0,-175.0,-35.0
355169,-5.25,-22.2,1015.77,122.5,-175.0,-35.0
355198,-5.37,-22.2,1015.65,140.0,-175.0,-17.5
355228,-5.37,-22.2,1015.65,140.0,-192.5,-17.5
355257,-5.37,-22.2,1015.65,122.5,-175.0,-35.0
355287,-5.37,-22.2,1015.53,105.0,-192.5,-35.0
355316,-5.37,-22.2,1015.53,122.5,-175.0,-35.0
355346,-5.37,-22.33,1015.53,122.5,-192.5,-35.0
355375,-5.37,-22.2,1015.53,105.0,-175.0,-35.0
355405,-5.37,-22.2,1015.41,122.5,-175.0,-35.0
355434,-5.37,-22.2,1015.53,122.5,-157.5,-35.0
355464,-5.37,-22.2,1015.53,122.5,-157.5,-17.5
355493,-5.37,-22.2,1015.53,122.5,-175.0,-35.0
355523,-5.37,-22.2,1015.53,122.5,-157.5,-35.0
355552,-5.37,-22.33,1015.53,122.5,-157.5,-35.0
355581,-5.37,-22.2,1015.41,122.5,-192.5,-35.0
355610,-5.37,-22.2,1015.41,122.5,-192.5,-17.5
355639,-5.37,-22.2,1015.41,105.0,-175.0,-35.0
355668,-5.37,-22.2,1015.41,105.0,-192.5,-35.0
355697,-5.25,-22.2,1015.41,122.5,-192.5,-35.0
355726,-5.37,-22.2,1015.41,122.5,-192.5,-35.0
355755,-5.37,-22.2,1015.41,105.0,-175.0,-35.0
355785,-5.37,-22.2,1015.41,105.0,-157.5,-17.5
355814,-5.37,-22.2,1015.41,105.0,-157.5,-35.0
355844,-5.37,-22.2,1015.41,122.5,-175.0,-17.5
355873,-5.37,-22.33,1015.41,122.5,-175.0,-35.0
355903,-5.37,-22.2,1015.41,122.5,-175.0,-35.0
355932,-5.37,-22.33,1015.41,122.5,-175.0,-35.0
355962,-5.37,-22.33,1015.41,105.0,-175.0,-35.0
355991,-5.37,-22.2,1015.41,122.5,-175.0,-35.0
356021,-5.37,-22.2,1015.41,122.5,-175.0,-35.0
356050,-5.37,-22.2,1015.41,105.0,-175.0,-17.5
356080,-5.37,-22.2,1015.41,122.5,-175.0,-17.5
356109,-5.37,-22.33,1015.41,122.5,-175.0,-35.0
356138,-5.37,-22.33,1015.41,122.5,-175.0,-17.5
356167,-5.37,-22.33,1015.28,122.5,-175.0,-35.0
356196,-5.37,-22.33,1015.28,122.5,-175.0,-35.0
356225,-5.37,-22.33,1015.28,105.0,-192.5,-17.5
356254,-5.37,-22.33,1015.28,105.0,-192.5,-35.0
356283,-5.37,-22.33,1015.28,122.5,-192.5,-35.0
356312,-5.37,-22.33,1015.28,105.0,-175.0,-35.0
356342,-5.37,-22.33,1015.28,105.0,-157.5,-35.0
356371,-5.37,-22.2,1015.28,122.5,-175.0,-17.5
356401,-5.37,-22.33,1015.16,122.5,-175.0,-35.0
356430,-5.37,-22.33,1015.28,122.5,-192.5,-17.5
356460,-5.37,-22.33,1015.28,122.5,-192.5,-17.5
356489,-5.37,-22.33,1015.28,105.0,-175.0,-35.0
356519,-5.37,-22.33,1015.28,122.5,-175.0,-35.0
356548,-5.37,-22.33,1015.28,122.5,-175.0,-35.0
356578,-5.37,-22.33,1015.28,122.5,-175.0,-35.0
356607,-5.37,-22.33,1015.28,105.0,-175.0,-17.5
356637,-5.37,-22.33,1015.28,105.0,-175.0,-35.0
356666,-5.37,-22.33,1015.28,122.5,-157.5,-17.5
356696,-5.37,-22.33,1015.41,105.0,-175.0,-17.5
356725,-5.37,-22.33,1015.28,122.5,-192.5,-35.0
356754,-5.37,-22.33,1015.41,122.5,-192.5,-17.5
356783,-5.37,-22.33,1015.41,140.0,-192.5,-17.5
356812,-5.37,-22.33,1015.41,105.0,-175.0,-17.5
356841,-5.37,-22.33,1015.41,105.0,-175.0,-17.5
356870,-5.37,-22.45,1015.28,105.0,-157.5,-17.5
356899,-5.37,-22.33,1015.28,87.5,-175.0,-35.0
356928,-5.37,-22.33,1015.41,105.0,-175.0,-35.0
356958,-5.37,-22.33,1015.41,122.5,-175.0,-17.5
356987,-5.37,-22.33,1015.41,140.0,-175.0,-35.0
357017,-5.37,-22.33,1015.41,122.5,-192.5,-17.5
357046,-5.37,-22.33,1015.41,122.5,-175.0,-17.5
357076,-5.37,-22.33,1015.41,122.5,-192.5,-35.0
357105,-5.37,-22.33,1015.41,140.0,-192.5,-17.5
357135,-5.37,-22.2,1015.41,122.5,-175.0,-17.5
357164,-5.37,-22.2,1015.41,105.0,-175.0,-35.0
357194,-5.37,-22.33,1015.28,105.0,-157.5,-17.5
357223,-5.37,-22.33,1015.41,122.5,-157.5,-17.5
357253,-5.37,-22.2,1015.53,122.5,-157.5,-35.0
357282,-5.37,-22.33,1015.53,122.5,-175.0,-35.0
357311,-5.37,-22.33,1015.53,105.0,-192.5,-35.0
357340,-5.37,-22.33,1015.53,122.5,-175.0,-35.0
357369,-5.37,-22.33,1015.53,122.5,-175.0,-35.0
357398,-5.37,-22.33,1015.53,105.0,-175.0,-17.5
357427,-5.37,-22.33,1015.53,105.0,-175.0,-17.5
357456,-5.37,-22.33,1015.53,140.0,-175.0,-35.0
357485,-5.37,-22.33,1015.53,105.0,-175.0,-35.0
357515,-5.37,-22.33,1015.65,105.0,-175.0,-17.5
357544,-5.37,-22.33,1015.53,87.5,-175.0,-17.5
357574,-5.37,-22.33,1015.53,105.0,-175.0,-35.0
357603,-5.37,-22.33,1015.53,122.5,-192.5,-17.5
357633,-5.37,-22.33,1015.53,122.5,-175.0,-17.5
357662,-5.37,-22.33,1015.53,122.5,-175.0,-17.5
357692,-5.37,-22.33,1015.53,140.0,-175.0,-35.0
357721,-5.37,-22.33,1015.65,105.0,-175.0,-35.0
357751,-5.37,-22.33,1015.65,105.0,-157.5,-35.0
357780,-5.37,-22.33,1015.53,105.0,-175.0,-17.5
357810,-5.37,-22.45,1015.53,140.0,-175.0,-17.5
357839,-5.37,-22.45,1015.53,122.5,-192.5,-35.0
357869,-5.37,-22.45,1015.53,122.5,-175.0,-35.0
357898,-5.37,-22.45,1015.53,122.5,-157.5,-17.5
357927,-5.37,-22.45,1015.53,105.0,-157.5,-35.0
357956,-5.37,-22.33,1015.53,122.5,-192.5,-17.5
357985,-5.37,-22.33,1015.53,122.5,-192.5,-35.0
358014,-5.37,-22.33,1015.53,105.0,-175.0,-17.5
358043,-5.37,-22.33,1015.53,122.5,-157.5,-17.5
358072,-5.37,-22.33,1015.65,122.5,-175.0,-35.0
358101,-5.37,-22.33,1015.65,122.5,-175.0,-35.0
358131,-5.37,-22.33,1015.65,122.5,-175.0,-17.5
358160,-5.37,-22.33,1015.65,140.0,-175.0,-35.0
358190,-5.37,-22.33,1015.65,122.5,-175.0,-17.5
358219,-5.37,-22.33,1015.77,122.5,-192.5,-17.5
358249,-5.37,-22.33,1015.77,122.5,-192.5,-35.0
358278,-5.37,-22.33,1015.77,122.5,-175.0,-17.5
358308,-5.37,-22.33,1015.77,122.5,-175.0,-17.5
358337,-5.37,-22.33,1015.65,122.5,-175.0,-17.5
358367,-5.37,-22.33,1015.65,122.5,-175.0,-17.5
358396,-5.37,-22.33,1015.77,122.5,-175.0,-17.5
358426,-5.37,-22.33,1015.77,140.0,-175.0,-35.0
358455,-5.37,-22.2,1015.77,122.5,-175.0,-35.0
358484,-5.37,-22.2,1015.65,140.0,-175.0,-35.0
358513,-5.37,-22.2,1015.65,122.5,-192.5,-17.5
358542,-5.37,-22.2,1015.77,122.5,-175.0,-17.5
358571,-5.37,-22.2,1015.77,105.0,-175.0,-17.5
358600,-5.37,-22.2,1015.77,122.5,-192.5,-35.0
358629,-5.37,-22.2,1015.77,122.5,-175.0,-35.0
358658,-5.37,-22.2,1015.65,105.0,-175.0,-35.0
358688,-5.37,-22.2,1015.77,105.0,-192.5,-35.0
358717,-5.37,-22.2,1015.77,105.0,-175.0,-35.0
358747,-5.37,-22.2,1015.65,105.0,-157.5,-35.0
358776,-5.37,-22.2,1015.77,105.0,-175.0,-35.0
358806,-5.37,-22.2,1015.77,122.5,-175.0,-35.0
358835,-5.37,-22.2,1015.77,122.5,-175.0,-35.0
358865,-5.37,-22.2,1015.77,105.0,-175.0,-35.0
358894,-5.37,-22.2,1015.77,122.5,-175.0,-17.5
358924,-5.37,-22.2,1015.65,122.5,-175.0,-17.5
358953,-5.37,-22.33,1015.65,122.5,-175.0,-17.5
358983,-5.37,-22.33,1015.65,140.0,-192.5,-17.5
359012,-5.37,-22.2,1015.65,140.0,-175.0,-35.0
359041,-5.37,-22.33,1015.53,122.5,-175.0,-35.0
359070,-5.37,-22.33,1015.53,122.5,-175.0,-17.5
359099,-5.37,-22.33,1015.53,122.5,-175.0,-17.5
359128,-5.37,-22.33,1015.53,140.0,-175.0,-17.5
359157,-5.37,-22.33,1015.53,122.5,-175.0,-35.0
359186,-5.37,-22.33,1015.53,122.5,-175.0,-35.0
359215,-5.37,-22.33,1015.41,105.0,-175.0,-35.0
359245,-5.37,-22.33,1015.53,122.5,-192.5,-35.0
359274,-5.37,-22.33,1015.53,122.5,-175.0,-35.0
359304,-5.37,-22.33,1015.41,122.5,-175.0,-17.5
359333,-5.37,-22.33,1015.41,105.0,-157.5,-17.5
359363,-5.37,-22.33,1015.53,122.5,-175.0,-35.0
359392,-5.37,-22.33,1015.53,140.0,-192.5,-52.5
359422,-5.37,-22.33,1015.41,122.5,-175.0,-35.0
359451,-5.37,-22.33,1015.41,122.5,-157.5,-35.0
359481,-5.37,-22.33,1015.41,122.5,-175.0,-17.5
359510,-5.37,-22.33,1015.28,122.5,-175.0,-17.5
359540,-5.37,-22.33,1015.28,105.0,-175.0,-35.0
359569,-5.37,-22.33,1015.28,105.0,-175.0,-17.5
359598,-5.37,-22.33,1015.28,122.5,-192.5,-35.0
359627,-5.37,-22.33,1015.28,122.5,-175.0,-17.5
359656,-5.37,-22.33,1015.28,140.0,-175.0,-17.5
359685,-5.37,-22.33,1015.28,122.5,-192.5,-35.0
359714,-5.37,-22.33,1015.28,122.5,-192.5,-35.0
359743,-5.37,-22.33,1015.28,122.5,-175.0,-35.0
359772,-5.37,-22.33,1015.28,105.0,-157.5,-17.5
359802,-5.37,-22.33,1015.28,122.5,-175.0,-35.0
359831,-5.37,-22.33,1015.28,105.0,-175.0,-35.0
359861,-5.37,-22.33,1015.28,122.5,-157.5,-35.0
359890,-5.37,-22.33,1015.28,122.5,-175.0,-35.0
359920,-5.37,-22.33,1015.28,122.5,-175.0,-35.0
359949,-5.37,-22.33,1015.28,122.5,-175.0,-35.0
359979,-5.37,-22.33,1015.28,105.0,-175.0,-35.0
360008,-5.37,-22.33,1015.16,122.5,-175.0,-35.0
360038,-5.37,-22.33,1015.16,140.0,-175.0,-17.5
360067,-5.37,-22.33,1015.04,140.0,-175.0,0.0
360097,-5.37,-22.33,1015.04,122.5,-175.0,-17.5
360126,-5.37,-22.33,1015.04,140.0,-175.0,-17.5
360155,-5.37,-22.33,1015.04,140.0,-175.0,-35.0
360184,-5.37,-22.33,1015.04,122.5,-192.5,-35.0
360213,-5.37,-22.33,1015.04,105.0,-175.0,-17.5
360242,-5.37,-22.33,1014.92,122.5,-192.5,-35.0
360271,-5.37,-22.33,1014.92,122.5,-192.5,-35.0
360300,-5.37,-22.33,1015.04,122.5,-175.0,-35.0
360329,-5.37,-22.33,1015.04,122.5,-192.5,-35.0
360359,-5.37,-22.33,1015.04,122.5,-192.5,-17.5
360388,-5.37,-22.33,1015.04,122.5,-192.5,-35.0
360418,-5.37,-22.33,1015.04,122.5,-175.0,-17.5
360447,-5.37,-22.33,1015.04,140.0,-157.5,-35.0
360477,-5.37,-22.33,1015.04,122.5,-157.5,-35.0
360506,-5.37,-22.45,1015.04,140.0,-175.0,-17.5
360536,-5.37,-22.45,1015.04,122.5,-157.5,-35.0
360565,-5.37,-22.45,1015.04,122.5,-157.5,-17.5
360595,-5.37,-22.45,1015.04,122.5,-175.0,-35.0
360624,-5.37,-22.33,1015.04,105.0,-175.0,-35.0
360654,-5.37,-22.45,1015.04,105.0,-175.0,-17.5
360683,-5.37,-22.33,1015.04,105.0,-192.5,-17.5
360712,-5.37,-22.33,1014.92,122.5,-192.5,-17.5
360741,-5.37,-22.33,1015.04,122.5,-192.5,-35.0
360770,-5.37,-22.45,1015.04,122.5,-192.5,-35.0
360799,-5.37,-22.45,1014.92,122.5,-192.5,-35.0
360828,-5.37,-22.33,1014.92,122.5,-175.0,-35.0
360857,-5.37,-22.33,1014.92,122.5,-157.5,-17.5
360886,-5.37,-22.45,1015.04,122.5,-157.5,-35.0
360916,-5.37,-22.33,1015.04,122.5,-175.0,-35.0
360945,-5.37,-22.33,1014.92,105.0,-175.0,-35.0
360975,-5.37,-22.33,1015.04,122.5,-175.0,-35.0
361004,-5.37,-22.33,1014.92,140.0,-157.5,-17.5
361034,-5.37,-22.33,1015.04,105.0,-175.0,-35.0
361063,-5.37,-22.33,1015.04,105.0,-175.0,-35.0
361093,-5.37,-22.33,1015.04,122.5,-192.5,-35.0
361122,-5.37,-22.45,1015.04,122.5,-192.5,-17.5
361152,-5.37,-22.45,1015.04,122.5,-175.0,-35.0
361181,-5.37,-22.33,1015.04,122.5,-157.5,-17.5
361211,-5.37,-22.33,1015.04,140.0,-157.5,-17.5
361240,-5.37,-22.33,1015.04,105.0,-157.5,-35.0
361269,-5.37,-22.33,1015.04,122.5,-157.5,-17.5
361298,-5.37,-22.33,1015.04,140.0,-157.5,-17.5
361327,-5.37,-22.33,1014.92,122.5,-192.5,-35.0
361356,-5.37,-22.33,1015.04,140.0,-175.0,-35.0
361385,-5.37,-22.2,1014.92,122.5,-175.0,-17.5
361415,-5.25,-22.33,1015.04,122.5,-175.0,-17.5
361444,-5.25,-22.33,1015.04,122.5,-175.0,-35.0
361474,-5.25,-22.33,1015.04,122.5,-175.0,-17.5
361503,-5.25,-22.33,1015.04,122.5,-175.0,-35.0
361533,-5.25,-22.33,1015.04,122.5,-175.0,-17.5
361562,-5.25,-22.33,1015.04,140.0,-175.0,-17.5
361592,-5.25,-22.2,1015.04,122.5,-175.0,-35.0
361621,-5.25,-22.2,1015.04,122.5,-175.0,-17.5
361651,-5.25,-22.2,1015.04,105.0,-157.5,-17.5
361680,-5.12,-22.2,1015.16,122.5,-175.0,-17.5
361710,-5.25,-22.2,1015.16,105.0,-175.0,-17.5
361739,-5.25,-22.2,1015.28,122.5,-175.0,-17.5
361768,-5.25,-22.2,1015.28,105.0,-175.0,-17.5
361797,-5.25,-22.2,1015.28,122.5,-175.0,-17.5
361826,-5.25,-22.2,1015.28,122.5,-175.0,-17.5
361855,-5.25,-22.2,1015.28,105.0,-175.0,-35.0
361884,-5.25,-22.2,1015.28,122.5,-157.5,-17.5
361913,-5.25,-22.2,1015.28,122.5,-175.0,-17.5
361942,-5.25,-22.2,1015.41,122.5,-157.5,-17.5
361972,-5.25,-22.2,1015.53,140.0,-175.0,-35.0
362001,-5.25,-22.2,1015.53,140.0,-157.5,-35.0
362031,-5.25,-22.2,1015.53,122.5,-175.0,-17.5
362060,-5.25,-22.2,1015.53,122.5,-157.5,-35.0
362090,-5.25,-22.2,1015.53,140.0,-175.0,-35.0
362119,-5.25,-22.2,1015.53,122.5,-175.0,-35.0
362149,-5.25,-22.2,1015.53,140.0,-192.5,-17.5
362178,-5.25,-22.2,1015.53,122.5,-175.0,-35.0
362208,-5.25,-22.2,1015.53,140.0,-175.0,-35.0
362237,-5.25,-22.2,1015.53,122.5,-175.0,-35.0
362267,-5.25,-22.2,1015.53,105.0,-157.5,-17.5
362296,-5.25,-22.2,1015.53,122.5,-192.5,-35.0
362325,-5.25,-22.2,1015.53,122.5,-192.5,-35.0
362354,-5.25,-22.2,1015.53,122.5,-175.0,-17.5
362383,-5.25,-22.2,1015.53,122.5,-175.0,-17.5
362412,-5.25,-22.2,1015.53,105.0,-175.0,-35.0
362441,-5.25,-22.2,1015.53,122.5,-157.5,-35.0
362470,-5.25,-22.2,1015.53,122.5,-175.0,-35.0
362499,-5.25,-22.2,1015.53,122.5,-175.0,-17.5
362528,-5.25,-22.2,1015.65,87.5,-175.0,-17.5
362557,-5.25,-22.2,1015.65,105.0,-192.5,-17.5
362587,-5.25,-22.2,1015.65,122.5,-175.0,0.0
362616,-5.25,-22.2,1015.65,105.0,-175.0,-35.0
362646,-5.25,-22.2,1015.65,105.0,-192.5,-17.5
362675,-5.25,-22.2,1015.65,122.5,-175.0,-17.5
362705,-5.25,-22.2,1015.77,87.5,-175.0,-35.0
362734,-5.25,-22.2,1015.77,105.0,-175.0,-17.5
362764,-5.25,-22.2,1015.65,105.0,-175.0,-35.0
362793,-5.25,-22.2,1015.77,105.0,-175.0,-35.0
362823,-5.25,-22.2,1015.77,105.0,-175.0,-17.5
362852,-5.25,-22.2,1015.77,105.0,-175.0,-17.5
362882,-5.25,-22.2,1015.77,105.0,-175.0,-17.5
362911,-5.25,-22.2,1015.77,105.0,-175.0,-17.5
362940,-5.25,-22.2,1015.77,105.0,-192.5,-17.5
362969,-5.25,-22.2,1015.77,122.5,-192.5,-17.5
362998,-5.25,-22.2,1015.77,122.5,-192.5,-17.5
363027,-5.25,-22.2,1015.77,122.5,-175.0,-35.0
363056,-5.25,-22.2,1015.77,105.0,-175.0,-17.5
363085,-5.25,-22.2,1015.77,122.5,-175.0,-35.0
363114,-5.25,-22.2,1015.77,105.0,-175.0,-35.0
363144,-5.25,-22.2,1015.77,122.5,-175.0,-35.0
363173,-5.25,-22.33,1015.77,122.5,-175.0,-35.0
363203,-5.25,-22.33,1015.77,122.5,-175.0,-35.0
363232,-5.25,-22.2,1015.77,122.5,-175.0,-35.0
363262,-5.25,-22.2,1015.77,122.5,-175.0,-35.0
363291,-5.25,-22.2,1015.77,105.0,-192.5,-35.0
363321,-5.25,-22.2,1015.77,87.5,-157.5,-35.0
363350,-5.25,-22.33,1015.77,122.5,-175.0,-17.5
363380,-5.25,-22.33,1015.77,105.0,-175.0,-17.5
363409,-5.25,-22.33,1015.77,122.5,-175.0,-35.0
363439,-5.25,-22.33,1015.77,122.5,-192.5,-35.0
363468,-5.25,-22.33,1015.77,105.0,-175.0,-17.5
363497,-5.25,-22.2,1015.65,105.0,-192.5,-17.5
363526,-5.25,-22.2,1015.65,122.5,-157.5,-17.5
363555,-5.25,-22.2,1015.65,122.5,-157.5,-17.5
363584,-5.25,-22.33,1015.77,140.0,-157.5,-35.0
363613,-5.25,-22.33,1015.65,157.5,-175.0,-35.0
363642,-5.25,-22.2,1015.65,140.0,-192.5,-52.5
363671,-5.25,-22.2,1015.65,140.0,-175.0,-35.0
363701,-5.37,-22.2,1015.65,122.5,-157.5,-35.0
363730,-5.37,-22.2,1015.65,122.5,-175.0,-35.0
363760,-5.25,-22.2,1015.65,105.0,-175.0,-35.0
363789,-5.25,-22.2,1015.65,122.5,-175.0,-17.5
363819,-5.25,-22.2,1015.53,105.0,-175.0,-35.0
363848,-5.25,-22.2,1015.65,105.0,-175.0,-35.0
363878,-5.25,-22.2,1015.65,122.5,-175.0,-35.0
363907,-5.25,-22.2,1015.65,122.5,-175.0,-17.5
363937,-5.25,-22.2,1015.65,122.5,-175.0,-17.5
363966,-5.25,-22.2,1015.53,122.5,-175.0,-35.0
363996,-5.25,-22.33,1015.53,105.0,-175.0,-17.5
364025,-5.25,-22.33,1015.53,122.5,-175.0,-17.5
364054,-5.25,-22.33,1015.41,122.5,-175.0,-35.0
364083,-5.25,-22.2,1015.41,105.0,-192.5,-17.5
364112,-5.25,-22.2,1015.41,122.5,-192.5,-17.5
364141,-5.25,-22.2,1015.41,105.0,-175.0,-17.5
364170,-5.25,-22.2,1015.41,122.5,-192.5,-17.5
364199,-5.25,-22.33,1015.41,105.0,-175.0,-17.5
364228,-5.25,-22.33,1015.41,105.0,-157.5,-35.0
364258,-5.25,-22.33,1015.41,140.0,-192.5,-35.0
364287,-5.25,-22.33,1015.41,122.5,-175.0,-52.5
364317,-5.25,-22.33,1015.41,122.5,-175.0,-35.0
364346,-5.25,-22.33,1015.41,105.0,-175.0,-17.5
364376,-5.25,-22.33,1015.28,122.5,-175.0,-35.0
364405,-5.25,-22.33,1015.41,122.5,-192.5,-35.0
364435,-5.25,-22.33,1015.28,122.5,-175.0,-17.5
364464,-5.25,-22.33,1015.28,122.5,-175.0,-17.5
364494,-5.25,-22.33,1015.28,122.5,-175.0,-35.0
364523,-5.25,-22.33,1015.28,122.5,-157.5,-17.5
364553,-5.37,-22.33,1015.28,140.0,-175.0,-35.0
364582,-5.37,-22.33,1015.16,122.5,-175.0,-35.0
364612,-5.37,-22.33,1015.16,122.5,-175.0,-17.5
364641,-5.37,-22.33,1015.16,105.0,-175.0,-17.5
364670,-5.37,-22.33,1015.28,105.0,-157.5,-35.0
364699,-5.37,-22.33,1015.28,122.5,-175.0,-17.5
364728,-5.37,-22.33,1015.28,105.0,-175.0,-17.5
364757,-5.37,-22.33,1015.28,105.0,-175.0,-17.5
364786,-5.37,-22.33,1015.28,122.5,-192.5,-35.0
364815,-5.37,-22.33,1015.28,122.5,-175.0,-17.5
364844,-5.37,-22.33,1015.16,140.0,-175.0,-35.0
364874,-5.37,-22.33,1015.28,122.5,-192.5,-52.5
364903,-5.37,-22.33,1015.28,122.5,-192.5,-52.5
364933,-5.37,-22.33,1015.28,122.5,-192.5,-17.5
364962,-5.37,-22.33,1015.28,105.0,-175.0,0.0
364992,-5.37,-22.33,1015.28,105.0,-175.0,-35.0
365021,-5.37,-22.33,1015.28,122.5,-192.5,-35.0
365051,-5.37,-22.33,1015.28,140.0,-175.0,-35.0
365080,-5.37,-22.33,1015.28,122.5,-192.5,-35.0
365110,-5.37,-22.33,1015.28,122.5,-175.0,-35.0
365139,-5.37,-22.33,1015.28,122.5,-175.0,-35.0
365169,-5.25,-22.33,1015.28,105.0,-175.0,0.0
365199,-5.37,-22.33,1015.28,105.0,-175.0,-17.5
365228,-5.25,-22.45,1015.16,122.5,-192.5,-35.0
365257,-5.25,-22.33,1015.16,105.0,-175.0,-17.5
365286,-5.25,-22.33,1015.16,105.0,-175.0,-17.5
365315,-5.12,-22.33,1015.16,122.5,-192.5,-35.0
365344,-5.25,-22.33,1015.04,122.5,-175.0,-52.5
365373,-5.25,-22.2,1015.04,105.0,-192.5,-35.0
365402,-5.25,-22.33,1015.04,140.0,-175.0,-17.5
365432,-5.12,-22.2,1015.04,122.5,-175.0,-35.0
365461,-5.25,-22.33,1015.16,105.0,-192.5,-35.0
365491,-5.12,-22.2,1015.16,122.5,-175.0,-35.0
365520,-5.12,-22.2,1015.16,105.0,-175.0,-35.0
365550,-5.12,-22.2,1015.16,105.0,-192.5,-35.0
365579,-5.12,-22.33,1015.16,122.5,-175.0,-17.5
365609,-5.12,-22.2,1015.16,105.0,-192.5,-35.0
365638,-5.12,-22.2,1015.04,122.5,-175.0,-17.5
365668,-5.12,-22.2,1015.16,122.5,-192.5,-17.5
365697,-5.12,-22.33,1015.04,105.0,-175.0,-35.0
365727,-5.12,-22.2,1015.04,122.5,-175.0,-35.0
365756,-5.12,-22.2,1015.04,122.5,-157.5,-17.5
365785,-5.12,-22.2,1015.04,122.5,-192.5,-35.0
365814,-5.12,-22.2,1015.04,122.5,-175.0,-17.5
365843,-5.12,-22.2,1014.92,122.5,-175.0,-17.5
365872,-5.25,-22.2,1014.92,140.0,-175.0,-17.5
365901,-5.12,-22.2,1014.92,140.0,-192.5,-35.0
365930,-5.25,-22.33,1014.92,140.0,-175.0,-35.0
365959,-5.12,-22.2,1015.04,105.0,-192.5,-35.0
365989,-5.25,-22.2,1015.04,105.0,-192.5,-35.0
366018,-5.25,-22.33,1015.04,105.0,-192.5,-17.5
366048,-5.25,-22.33,1015.04,122.5,-175.0,-17.5
366077,-5.12,-22.33,1014.92,140.0,-192.5,-17.5
366107,-5.25,-22.2,1015.04,122.5,-157.5,-35.0
366136,-5.25,-22.2,1015.04,122.5,-175.0,-17.5
366166,-5.25,-22.33,1015.04,122.5,-175.0,-17.5
366195,-5.25,-22.33,1015.04,140.0,-175.0,-35.0
366225,-5.25,-22.33,1015.04,105.0,-175.0,-17.5
366254,-5.25,-22.33,1015.04,122.5,-157.5,-35.0
366284,-5.25,-22.33,1015.04,122.5,-192.5,-35.0
366313,-5.25,-22.2,1015.16,122.5,-192.5,-35.0
366342,-5.25,-22.33,1015.16,122.5,-192.5,-35.0
366371,-5.25,-22.33,1015.28,105.0,-175.0,-35.0
366400,-5.25,-22.33,1015.28,122.5,-192.5,-35.0
366429,-5.25,-22.2,1015.28,122.5,-175.0,-35.0
366458,-5.25,-22.33,1015.28,140.0,-175.0,-17.5
366487,-5.25,-22.33,1015.28,140.0,-175.0,-52.5
366516,-5.25,-22.2,1015.28,122.5,-175.0,-17.5
366546,-5.25,-22.33,1015.28,105.0,-157.5,-17.5
366575,-5.25,-22.33,1015.28,140.0,-192.5,-17.5
366605,-5.25,-22.33,1015.28,140.0,-175.0,-17.5
366634,-5.25,-22.33,1015.28,122.5,-157.5,-17.5
366664,-5.25,-22.33,1015.28,122.5,-175.0,-17.5
366693,-5.25,-22.33,1015.16,122.5,-192.5,-35.0
366723,-5.25,-22.33,1015.16,122.5,-175.0,-35.0
366752,-5.25,-22.33,1015.28,122.5,-175.0,-52.5
366782,-5.25,-22.2,1015.16,122.5,-175.0,-35.0
366811,-5.25,-22.33,1015.16,122.5,-192.5,-52.5
366841,-5.25,-22.33,1015.16,122.5,-175.0,-35.0
366870,-5.25,-22.33,1015.16,140.0,-192.5,-35.0
366900,-5.25,-22.2,1015.16,122.5,-192.5,-35.0
366929,-5.25,-22.2,1015.16,122.5,-192.5,-35.0
366958,-5.25,-22.33,1015.16,122.5,-175.0,-35.0
366987,-5.12,-22.33,1015.16,105.0,-175.0,-17.5
367016,-5.25,-22.2,1015.28,122.5,-192.5,-35.0
367045,-5.25,-22.2,1015.28,122.5,-192.5,-17.5
367074,-5.12,-22.2,1015.28,122.5,-175.0,-35.0
367103,-5.25,-22.2,1015.28,140.0,-192.5,-35.0
367132,-5.25,-22.2,1015.28,122.5,-175.0,-17.5
367162,-5.25,-22.2,1015.28,105.0,-175.0,-17.5
367191,-5.25,-22.2,1015.28,122.5,-175.0,-17.5
367221,-5.25,-22.2,1015.28,122.5,-175.0,-35.0
367250,-5.25,-22.2,1015.28,122.5,-175.0,-35.0
367280,-5.25,-22.2,1015.28,140.0,-192.5,-35.0
367309,-5.25,-22.2,1015.28,140.0,-175.0,-35.0
367339,-5.25,-22.2,1015.28,122.5,-175.0,-35.0
367368,-5.25,-22.2,1015.28,122.5,-175.0,-35.0
367398,-5.25,-22.2,1015.28,87.5,-157.5,-35.0
367427,-5.25,-22.2,1015.28,105.0,-175.0,-17.5
367457,-5.25,-22.2,1015.16,122.5,-175.0,-17.5
367486,-5.25,-22.2,1015.16,122.5,-157.5,-35.0
367516,-5.37,-22.2,1015.04,122.5,-175.0,-17.5
367545,-5.37,-22.2,1015.04,122.5,-175.0,-35.0
367574,-5.37,-22.2,1015.04,122.5,-175.0,-35.0
367603,-5.37,-22.2,1015.04,105.0,-175.0,-17.5
367632,-5.37,-22.2,1014.92,122.5,-157.5,-35.0
367661,-5.37,-22.33,1014.92,122.5,-175.0,-35.0
367690,-5.37,-22.33,1014.92,122.5,-175.0,-35.0
367719,-5.37,-22.2,1014.92,122.5,-157.5,-35.0
367748,-5.37,-22.2,1014.8,122.5,-175.0,-35.0
367778,-5.37,-22.2,1014.8,105.0,-175.0,-17.5
367807,-5.37,-22.2,1014.8,122.5,-175.0,0.0
367837,-5.25,-22.2,1014.8,122.5,-175.0,0.0
367866,-5.37,-22.2,1014.8,122.5,-175.0,-17.5
367896,-5.37,-22.33,1014.8,105.0,-175.0,-35.0
367925,-5.37,-22.2,1014.8,105.0,-175.0,-35.0
367955,-5.37,-22.2,1014.92,140.0,-175.0,-35.0
367984,-5.37,-22.2,1014.92,122.5,-175.0,-35.0
368014,-5.37,-22.2,1015.04,140.0,-157.5,-17.5
368043,-5.37,-22.2,1015.04,122.5,-157.5,-17.5
368072,-5.37,-22.2,1014.92,122.5,-175.0,-17.5
368101,-5.37,-22.2,1014.92,122.5,-192.5,-35.0
368130,-5.37,-22.2,1014.92,122.5,-175.0,-17.5
368159,-5.37,-22.2,1014.92,122.5,-175.0,-35.0
368188,-5.37,-22.2,1014.92,122.5,-175.0,-35.0
368217,-5.37,-22.2,1014.8,122.5,-175.0,-35.0
368246,-5.37,-22.2,1014.8,105.0,-192.5,-35.0
368276,-5.37,-22.2,1014.8,122.5,-175.0,-35.0
368305,-5.37,-22.2,1014.8,122.5,-175.0,-35.0
368335,-5.37,-22.2,1014.8,122.5,-157.5,-35.0
368364,-5.37,-22.2,1014.67,122.5,-175.0,-17.5
368394,-5.25,-22.33,1014.8,105.0,-175.0,-17.5
368423,-5.25,-22.33,1014.67,122.5,-175.0,-35.0
368453,-5.25,-22.2,1014.8,122.5,-157.5,-35.0
368482,-5.25,-22.33,1014.8,105.0,-175.0,-17.5
368512,-5.25,-22.33,1014.8,105.0,-175.0,-35.0
368541,-5.25,-22.33,1014.67,122.5,-175.0,-35.0
368571,-5.25,-22.2,1014.8,122.5,-157.5,-35.0
368600,-5.25,-22.2,1014.8,122.5,-157.5,-35.0
368629,-5.25,-22.2,1014.67,140.0,-157.5,-35.0
368658,-5.25,-22.2,1014.67,122.5,-175.0,-17.5
368687,-5.25,-22.2,1014.67,122.5,-192.5,-35.0
368716,-5.25,-22.2,1014.67,140.0,-192.5,-35.0
368745,-5.25,-22.2,1014.67,122.5,-192.5,-17.5
368774,-5.25,-22.2,1014.55,122.5,-192.5,-35.0
368803,-5.25,-22.2,1014.55,140.0,-175.0,-35.0
368833,-5.25,-22.2,1014.55,122.5,-175.0,-35.0
368862,-5.25,-22.2,1014.55,105.0,-175.0,-35.0
368892,-5.25,-22.2,1014.55,105.0,-157.5,-17.5
368921,-5.25,-22.2,1014.55,122.5,-175.0,-35.0
368951,-5.12,-22.2,1014.55,122.5,-192.5,-17.5
368980,-5.25,-22.2,1014.55,105.0,-175.0,-17.5
369010,-5.25,-22.2,1014.55,122.5,-157.5,-35.0
369039,-5.25,-22.2,1014.55,122.5,-157.5,-35.0
369069,-5.25,-22.2,1014.67,122.5,-175.0,-35.0
369098,-5.25,-22.2,1014.55,122.5,-175.0,-17.5
369128,-5.25,-22.2,1014.55,122.5,-175.0,-35.0
369157,-5.12,-22.2,1014.55,105.0,-157.5,-35.0
369186,-5.25,-22.2,1014.55,105.0,-175.0,-35.0
369215,-5.25,-22.2,1014.55,105.0,-175.0,-17.5
369244,-5.25,-22.2,1014.43,105.0,-175.0,-35.0
369273,-5.25,-22.2,1014.43,122.5,-175.0,-35.0
369302,-5.25,-22.2,1014.43,122.5,-157.5,-35.0
369331,-5.25,-22.2,1014.43,122.5,-157.5,-17.5
369360,-5.12,-22.2,1014.55,105.0,-192.5,-35.0
369390,-5.25,-22.2,1014.55,105.0,-175.0,-35.0
369419,-5.25,-22.2,1014.55,122.5,-175.0,-35.0
369449,-5.25,-22.2,1014.55,105.0,-192.5,-17.5
369478,-5.25,-22.2,1014.55,122.5,-157.5,-35.0
369508,-5.25,-22.2,1014.55,140.0,-175.0,-35.0
369537,-5.25,-22.2,1014.55,140.0,-175.0,-35.0
369567,-5.25,-22.2,1014.55,122.5,-192.5,-35.0
369596,-5.25,-22.2,1014.67,122.5,-192.5,-35.0
369626,-5.25,-22.2,1014.67,122.5,-175.0,-17.5
369655,-5.25,-22.2,1014.8,122.5,-157.5,-17.5
369685,-5.25,-22.2,1014.8,122.5,-175.0,-17.5
369714,-5.25,-22.2,1014.8,105.0,-175.0,-35.0
369743,-5.25,-22.2,1014.8,105.0,-175.0,-35.0
369772,-5.25,-22.2,1014.8,105.0,-175.0,-17.5
369801,-5.25,-22.2,1014.8,122.5,-175.0,-17.5
369830,-5.25,-22.2,1014.92,105.0,-157.5,-17.5
369859,-5.25,-22.2,1014.92,105.0,-157.5,-35.0
369888,-5.25,-22.2,1014.8,105.0,-192.5,-17.5
369917,-5.25,-22.2,1014.8,122.5,-175.0,-17.5
369947,-5.37,-22.2,1014.92,122.5,-157.5,-35.0
369976,-5.37,-22.2,1014.92,122.5,-175.0,-35.0
370006,-5.37,-22.2,1014.8,122.5,-175.0,-35.0
370035,-5.37,-22.2,1014.92,122.5,-175.0,-35.0
370065,-5.37,-22.2,1014.92,122.5,-175.0,-17.5
370094,-5.37,-22.2,1015.04,122.5,-157.5,-35.0
370124,-5.37,-22.2,1015.04,122.5,-175.0,-35.0
370153,-5.37,-22.2,1015.04,122.5,-175.0,-17.5
370183,-5.37,-22.2,1014.92,105.0,-192.5,-35.0
370212,-5.37,-22.2,1014.92,105.0,-175.0,-35.0
370242,-5.37,-22.2,1014.92,122.5,-157.5,-35.0
370271,-5.37,-22.2,1015.04,122.5,-175.0,-35.0
370300,-5.37,-22.2,1015.04,140.0,-175.0,-35.0
370329,-5.37,-22.2,1015.04,105.0,-175.0,-35.0
370358,-5.37,-22.2,1015.04,105.0,-175.0,-35.0
370387,-5.37,-22.2,1015.04,122.5,-175.0,-17.5
370416,-5.37,-22.2,1015.04,122.5,-175.0,-35.0
370445,-5.37,-22.2,1015.04,105.0,-175.0,-17.5
370474,-5.37,-22.2,1015.04,122.5,-175.0,-35.0
370504,-5.37,-22.2,1015.04,122.5,-175.0,-35.0
370533,-5.37,-22.2,1015.04,105.0,-157.5,-35.0
370563,-5.37,-22.2,1015.04,105.0,-175.0,-35.0
370592,-5.25,-22.2,1015.04,122.5,-175.0,-17.5
370622,-5.25,-22.2,1014.92,122.5,-157.5,-35.0
370651,-5.25,-22.2,1015.04,105.0,-192.5,-35.0
370681,-5.25,-22.2,1015.04,140.0,-175.0,-17.5
370710,-5.25,-22.2,1014.92,122.5,-175.0,-17.5
370740,-5.25,-22.08,1015.04,122.5,-157.5,-35.0
370769,-5.25,-22.08,1014.92,105.0,-175.0,-17.5
370799,-5.12,-22.2,1015.04,105.0,-175.0,-17.5
370828,-5.12,-22.08,1015.04,105.0,-175.0,-17.5
370857,-5.12,-22.08,1015.04,122.5,-175.0,-17.5
370886,-5.25,-22.08,1015.04,122.5,-175.0,-17.5
370915,-5.25,-22.08,1015.04,122.5,-175.0,-35.0
370944,-5.12,-22.08,1015.04,140.0,-157.5,-17.5
370973,-5.12,-22.08,1015.04,122.5,-175.0,-35.0
371002,-5.25,-22.2,1015.04,122.5,-192.5,-17.5
371031,-5.25,-22.2,1015.04,122.5,-192.5,-35.0
371061,-5.25,-22.08,1015.04,140.0,-157.5,-35.0
371090,-5.25,-22.08,1015.04,122.5,-175.0,-35.0
371120,-5.25,-22.2,1015.04,122.5,-175.0,-35.0
371149,-5.25,-22.2,1015.04,140.0,-157.5,-17.5
371179,-5.25,-22.2,1015.04,140.0,-175.0,-17.5
371208,-5.25,-22.2,1015.04,122.5,-175.0,-35.0
371238,-5.25,-22.2,1015.04,105.0,-175.0,-35.0
371267,-5.25,-22.2,1015.04,105.0,-175.0,-35.0
371297,-5.25,-22.2,1015.04,105.0,-175.0,-35.0
371326,-5.25,-22.2,1015.04,122.5,-192.5,-35.0
371356,-5.25,-22.2,1015.04,140.0,-175.0,-35.0
371385,-5.25,-22.2,1015.04,122.5,-157.5,-35.0
371414,-5.25,-22.2,1015.04,122.5,-175.0,-35.0
371443,-5.37,-22.2,1015.04,122.5,-175.0,-17.5
371472,-5.37,-22.2,1014.92,140.0,-175.0,-35.0
371501,-5.37,-22.2,1014.92,122.5,-175.0,-17.5
371530,-5.37,-22.2,1014.92,140.0,-175.0,-35.0
371559,-5.37,-22.2,1014.92,122.5,-192.5,-35.0
371588,-5.37,-22.33,1014.92,105.0,-157.5,-17.5
371618,-5.37,-22.33,1014.8,122.5,-175.0,-35.0
371647,-5.37,-22.33,1014.8,122.5,-175.0,-35.0
371677,-5.37,-22.33,1014.8,105.0,-175.0,-35.0
371706,-5.37,-22.33,1014.8,105.0,-192.5,-35.0
371736,-5.37,-22.33,1014.8,105.0,-192.5,-17.5
371765,-5.37,-22.33,1014.8,122.5,-175.0,0.0
371795,-5.37,-22.33,1014.8,122.5,-192.5,-17.5
371824,-5.37,-22.33,1014.8,122.5,-192.5,-35.0
371854,-5.37,-22.33,1014.67,122.5,-175.0,-17.5
371883,-5.37,-22.33,1014.67,122.5,-175.0,-17.5
371913,-5.37,-22.33,1014.67,122.5,-175.0,-17.5
371942,-5.37,-22.33,1014.55,122.5,-175.0,-17.5
371971,-5.37,-22.33,1014.55,122.5,-175.0,-35.0
372000,-5.37,-22.33,1014.55,122.5,-175.0,-17.5
372029,-5.37,-22.33,1014.55,140.0,-175.0,-17.5
372058,-5.37,-22.33,1014.55,122.5,-192.5,-35.0
372087,-5.49,-22.33,1014.55,122.5,-175.0,-35.0
372116,-5.49,-22.33,1014.55,105.0,-192.5,-17.5
372145,-5.37,-22.33,1014.55,140.0,-192.5,-17.5
372175,-5.49,-22.33,1014.55,122.5,-192.5,-35.0
372204,-5.37,-22.33,1014.55,122.5,-175.0,-17.5
372234,-5.49,-22.33,1014.55,105.0,-175.0,-17.5
372263,-5.49,-22.33,1014.67,122.5,-175.0,-17.5
372293,-5.49,-22.33,1014.67,122.5,-175.0,-17.5
372322,-5.49,-22.33,1014.67,122.5,-175.0,-35.0
372352,-5.49,-22.33,1014.67,122.5,-175.0,-35.0
372381,-5.37,-22.33,1014.67,122.5,-192.5,-17.5
372411,-5.37,-22.2,1014.55,122.5,-192.5,-17.5
372440,-5.37,-22.33,1014.67,140.0,-192.5,-35.0
372470,-5.49,-22.33,1014.67,122.5,-175.0,-35.0
372499,-5.37,-22.2,1014.8,122.5,-175.0,-35.0
372528,-5.37,-22.33,1014.8,122.5,-175.0,-35.0
372557,-5.37,-22.2,1014.8,122.5,-175.0,-17.5
372586,-5.37,-22.2,1014.8,140.0,-157.5,-17.5
372615,-5.37,-22.33,1014.8,140.0,-175.0,-17.5
372644,-5.37,-22.2,1014.8,122.5,-192.5,-35.0
372673,-5.37,-22.2,1014.8,122.5,-175.0,-35.0
372702,-5.37,-22.2,1014.8,122.5,-175.0,-35.0
372732,-5.37,-22.33,1014.92,105.0,-192.5,-35.0
372761,-5.37,-22.33,1014.92,105.0,-175.0,-35.0
372791,-5.37,-22.2,1015.04,122.5,-175.0,-35.0
372820,-5.37,-22.2,1015.04,122.5,-175.0,-17.5
372850,-5.37,-22.33,1015.04,122.5,-175.0,-35.0
372879,-5.37,-22.33,1015.04,122.5,-175.0,-17.5
372909,-5.37,-22.33,1015.04,105.0,-192.5,-17.5
372938,-5.37,-22.33,1015.04,105.0,-192.5,-17.5
372968,-5.37,-22.33,1015.04,105.0,-192.5,-17.5
372997,-5.37,-22.2,1015.04,105.0,-175.0,-35.0
373027,-5.37,-22.2,1015.04,87.5,-175.0,-17.5
373056,-5.37,-22.33,1015.04,87.5,-175.0,-17.5
373085,-5.37,-22.33,1015.04,105.0,-175.0,-17.5
373114,-5.37,-22.33,1015.16,122.5,-157.5,-35.0
373143,-5.37,-22.33,1015.16,122.5,-175.0,-17.5
373172,-5.37,-22.2,1015.16,122.5,-192.5,-17.5
373201,-5.37,-22.33,1015.16,140.0,-175.0,-35.0
373230,-5.25,-22.33,1015.16,122.5,-175.0,-35.0
373259,-5.25,-22.2,1015.16,105.0,-157.5,-35.0
373289,-5.37,-22.33,1015.16,122.5,-175.0,-35.0
373318,-5.37,-22.33,1015.04,122.5,-157.5,-35.0
373348,-5.37,-22.33,1015.04,122.5,-157.5,-17.5
373377,-5.37,-22.33,1015.04,105.0,-175.0,-17.5
373407,-5.37,-22.33,1015.04,105.0,-175.0,-35.0
373436,-5.37,-22.33,1014.92,105.0,-192.5,-35.0
373466,-5.37,-22.33,1015.04,122.5,-192.5,-17.5
373495,-5.37,-22.33,1015.04,122.5,-192.5,-35.0
373525,-5.37,-22.33,1015.04,122.5,-192.5,-52.5
373554,-5.37,-22.33,1015.04,122.5,-192.5,-35.0
373583,-5.37,-22.2,1014.92,140.0,-175.0,-35.0
373612,-5.37,-22.2,1014.92,140.0,-192.5,-35.0
373641,-5.37,-22.33,1014.92,122.5,-175.0,-35.0
373670,-5.37,-22.33,1014.92,140.0,-175.0,-35.0
373699,-5.37,-22.33,1014.92,140.0,-175.0,-17.5
373728,-5.37,-22.2,1014.92,122.5,-175.0,-35.0
373757,-5.25,-22.2,1014.92,105.0,-192.5,-35.0
373787,-5.25,-22.33,1014.92,105.0,-175.0,-17.5
373816,-5.25,-22.33,1014.92,122.5,-192.5,-35.0
373846,-5.37,-22.2,1014.92,140.0,-157.5,-17.5
373875,-5.37,-22.2,1015.04,105.0,-175.0,-17.5
373905,-5.37,-22.2,1015.04,105.0,-175.0,-17.5
373934,-5.37,-22.2,1015.04,122.5,-175.0,-35.0
373964,-5.37,-22.2,1015.04,105.0,-175.0,-35.0
373993,-5.37,-22.2,1015.04,105.0,-157.5,-35.0
374023,-5.37,-22.2,1015.04,122.5,-157.5,-35.0
374052,-5.37,-22.2,1015.04,140.0,-175.0,-17.5
374082,-5.37,-22.2,1015.04,140.0,-175.0,-35.0
374111,-5.37,-22.2,1015.04,122.5,-157.5,-35.0
374140,-5.37,-22.2,1015.16,122.5,-175.0,-35.0
374169,-5.37,-22.2,1015.16,122.5,-175.0,-17.5
374198,-5.37,-22.2,1015.16,122.5,-192.5,-35.0
374227,-5.37,-22.2,1015.16,105.0,-175.0,-35.0
374256,-5.37,-22.2,1015.16,122.5,-192.5,-35.0
374285,-5.37,-22.2,1015.16,105.0,-175.0,-35.0
374314,-5.49,-22.33,1015.16,122.5,-175.0,-35.0
374344,-5.49,-22.33,1015.16,140.0,-175.0,-35.0
374373,-5.37,-22.33,1015.16,105.0,-175.0,-35.0
374403,-5.37,-22.33,1015.28,122.5,-175.0,-17.5
374432,-5.37,-22.33,1015.28,122.5,-175.0,-35.0
374462,-5.49,-22.33,1015.28,122.5,-192.5,-52.5
374491,-5.37,-22.33,1015.16,105.0,-175.0,-17.5
374521,-5.37,-22.33,1015.28,122.5,-175.0,-35.0
374550,-5.37,-22.33,1015.28,140.0,-192.5,-17.5
374580,-5.37,-22.33,1015.28,122.5,-192.5,-17.5
374609,-5.37,-22.33,1015.28,122.5,-192.5,-35.0
374639,-5.37,-22.33,1015.28,122.5,-175.0,-17.5
374668,-5.37,-22.33,1015.28,122.5,-157.5,-35.0
374698,-5.37,-22.33,1015.28,122.5,-175.0,-17.5
374727,-5.37,-22.33,1015.28,122.5,-175.0,-35.0
374756,-5.37,-22.33,1015.28,122.5,-175.0,-35.0
374785,-5.49,-22.33,1015.28,122.5,-157.5,-35.0
374814,-5.37,-22.2,1015.28,140.0,-157.5,-17.5
374843,-5.49,-22.2,1015.28,122.5,-175.0,-17.5
374872,-5.37,-22.2,1015.28,122.5,-192.5,-35.0
374901,-5.37,-22.2,1015.28,122.5,-192.5,-35.0
374930,-5.37,-22.2,1015.28,140.0,-192.5,-35.0
374960,-5.37,-22.33,1015.28,122.5,-175.0,-35.0
374989,-5.37,-22.2,1015.28,105.0,-175.0,-52.5
375019,-5.37,-22.2,1015.28,122.5,-192.5,-17.5
375048,-5.37,-22.2,1015.28,122.5,-175.0,-17.5
375078,-5.37,-22.2,1015.28,122.5,-192.5,-17.5
375107,-5.37,-22.33,1015.28,122.5,-192.5,-35.0
375137,-5.37,-22.2,1015.28,122.5,-175.0,-17.5
375166,-5.37,-22.33,1015.28,105.0,-175.0,-17.5
375196,-5.37,-22.2,1015.28,122.5,-175.0,-17.5
375225,-5.25,-22.2,1015.41,122.5,-175.0,-17.5
375255,-5.37,-22.2,1015.28,122.5,-175.0,-17.5
375284,-5.37,-22.33,1015.28,122.5,-175.0,-17.5
375313,-5.37,-22.33,1015.41,122.5,-175.0,-17.5
375342,-5.37,-22.33,1015.41,122.5,-157.5,-35.0
375371,-5.37,-22.2,1015.53,105.0,-175.0,-35.0
375400,-5.37,-22.2,1015.53,140.0,-175.0,-17.5
375429,-5.37,-22.2,1015.53,122.5,-175.0,-35.0
375458,-5.37,-22.2,1015.53,122.5,-175.0,-35.0
375487,-5.37,-22.2,1015.53,122.5,-175.0,-35.0
375517,-5.37,-22.2,1015.53,105.0,-157.5,-17.5
375546,-5.37,-22.2,1015.53,140.0,-175.0,-35.0
375576,-5.37,-22.2,1015.53,140.0,-175.0,-35.0
375605,-5.37,-22.2,1015.53,122.5,-175.0,-17.5
375635,-5.25,-22.2,1015.53,140.0,-175.0,-35.0
375664,-5.37,-22.2,1015.53,122.5,-192.5,-35.0
375694,-5.25,-22.2,1015.53,122.5,-175.0,-17.5
375723,-5.25,-22.2,1015.53,122.5,-175.0,-17.5
375753,-5.25,-22.2,1015.53,122.5,-175.0,-35.0
375782,-5.25,-22.2,1015.53,122.5,-192.5,-35.0
375812,-5.37,-22.2,1015.53,140.0,-175.0,-17.5
375841,-5.37,-22.2,1015.53,140.0,-157.5,-35.0
375870,-5.37,-22.2,1015.53,140.0,-175.0,-17.5
375899,-5.37,-22.2,1015.53,122.5,-192.5,-17.5
375928,-5.37,-22.2,1015.53,140.0,-175.0,-35.0
375957,-5.37,-22.2,1015.53,140.0,-192.5,-35.0
375986,-5.37,-22.2,1015.53,122.5,-192.5,-35.0
376015,-5.37,-22.2,1015.53,105.0,-157.5,-17.5
376044,-5.25,-22.2,1015.53,122.5,-175.0,-35.0
376074,-5.25,-22.2,1015.53,140.0,-175.0,-35.0
376103,-5.25,-22.2,1015.53,122.5,-175.0,-17.5
376133,-5.25,-22.2,1015.53,105.0,-175.0,-17.5
376162,-5.25,-22.2,1015.53,105.0,-175.0,-17.5
376192,-5.37,-22.2,1015.53,122.5,-175.0,-35.0
376221,-5.37,-22.2,1015.53,122.5,-175.0,-17.5
376251,-5.25,-22.2,1015.53,122.5,-210.0,-35.0
376280,-5.25,-22.33,1015.53,122.5,-192.5,-35.0
376310,-5.25,-22.33,1015.53,140.0,-175.0,-17.5
376339,-5.25,-22.33,1015.53,122.5,-192.5,-35.0
376368,-5.25,-22.33,1015.53,122.5,-192.5,-35.0
376397,-5.37,-22.2,1015.53,122.5,-192.5,-17.5
376426,-5.37,-22.2,1015.53,122.5,-175.0,-35.0
376455,-5.37,-22.2,1015.53,122.5,-175.0,-35.0
376484,-5.37,-22.2,1015.53,122.5,-192.5,-17.5
376513,-5.37,-22.2,1015.53,105.0,-175.0,-35.0
376542,-5.37,-22.2,1015.53,122.5,-175.0,-35.0
376572,-5.37,-22.2,1015.53,122.5,-175.0,-35.0
376601,-5.37,-22.2,1015.53,122.5,-175.0,-35.0
376631,-5.37,-22.2,1015.53,105.0,-175.0,-17.5
376660,-5.37,-22.2,1015.65,140.0,-192.5,-17.5
376690,-5.37,-22.2,1015.65,140.0,-175.0,-17.5
376719,-5.37,-22.2,1015.65,122.5,-175.0,-17.5
376749,-5.37,-22.2,1015.65,122.5,-175.0,-17.5
376778,-5.37,-22.2,1015.65,105.0,-192.5,-35.0
376808,-5.37,-22.2,1015.65,122.5,-175.0,-17.5
376837,-5.37,-22.2,1015.65,122.5,-175.0,-35.0
376867,-5.37,-22.2,1015.65,122.5,-175.0,-17.5
376896,-5.37,-22.2,1015.65,122.5,-192.5,-35.0
376925,-5.37,-22.2,1015.65,140.0,-192.5,-35.0
376954,-5.37,-22.2,1015.65,105.0,-175.0,-35.0
376983,-5.37,-22.2,1015.77,140.0,-175.0,-35.0
377012,-5.37,-22.33,1015.77,122.5,-175.0,-35.0
377041,-5.37,-22.2,1015.77,140.0,-175.0,-35.0
377070,-5.37,-22.2,1015.77,140.0,-157.5,-17.5
377099,-5.37,-22.2,1015.77,122.5,-175.0,-35.0
377129,-5.37,-22.2,1015.77,105.0,-175.0,-35.0
377158,-5.37,-22.2,1015.77,140.0,-175.0,-17.5
377188,-5.37,-22.2,1015.77,122.5,-175.0,-35.0
377217,-5.37,-22.2,1015.77,122.5,-157.5,-35.0
377247,-5.37,-22.2,1015.77,122.5,-175.0,-35.0
377276,-5.25,-22.2,1015.77,122.5,-157.5,-35.0
377306,-5.25,-22.2,1015.77,122.5,-175.0,-52.5
377335,-5.25,-22.2,1015.77,140.0,-175.0,-35.0
377365,-5.25,-22.2,1015.77,140.0,-192.5,-17.5
377394,-5.25,-22.2,1015.77,140.0,-192.5,-35.0
377424,-5.25,-22.33,1015.77,122.5,-192.5,-17.5
377453,-5.25,-22.2,1015.77,122.5,-175.0,0.0
377482,-5.25,-22.33,1015.77,122.5,-157.5,-17.5
377511,-5.25,-22.33,1015.77,105.0,-175.0,-17.5
377540,-5.25,-22.2,1015.77,105.0,-175.0,-17.5
377569,-5.37,-22.2,1015.65,140.0,-175.0,-35.0
377598,-5.25,-22.2,1015.65,122.5,-192.5,-35.0
377627,-5.25,-22.2,1015.65,140.0,-192.5,-17.5
377656,-5.25,-22.2,1015.65,140.0,-175.0,-35.0
377686,-5.25,-22.2,1015.65,122.5,-192.5,-35.0
377715,-5.25,-22.33,1015.65,122.5,-175.0,-35.0
377745,-5.25,-22.2,1015.65,140.0,-175.0,-35.0
377774,-5.25,-22.33,1015.65,105.0,-192.5,-35.0
377804,-5.37,-22.2,1015.53,122.5,-192.5,-35.0
377833,-5.37,-22.2,1015.53,140.0,-192.5,-35.0
377863,-5.37,-22.2,1015.53,122.5,-175.0,-17.5
377892,-5.37,-22.2,1015.53,122.5,-175.0,-17.5
377922,-5.25,-22.2,1015.53,105.0,-175.0,-35.0
377951,-5.25,-22.33,1015.53,122.5,-175.0,-35.0
377980,-5.25,-22.2,1015.41,105.0,-157.5,-35.0
378009,-5.25,-22.2,1015.41,122.5,-175.0,-17.5
378038,-5.25,-22.2,1015.41,140.0,-157.5,-17.5
378067,-5.25,-22.2,1015.41,122.5,-157.5,-35.0
378096,-5.25,-22.2,1015.41,122.5,-175.0,-35.0
378125,-5.25,-22.33,1015.41,140.0,-175.0,-35.0
378154,-5.25,-22.33,1015.53,122.5,-175.0,-35.0
378184,-5.37,-22.2,1015.41,122.5,-192.5,-17.5
378213,-5.37,-22.33,1015.41,140.0,-175.0,0.0
378243,-5.37,-22.33,1015.41,122.5,-175.0,-17.5
378272,-5.37,-22.33,1015.41,140.0,-175.0,-35.0
378302,-5.37,-22.33,1015.41,122.5,-157.5,-35.0
378331,-5.37,-22.33,1015.28,87.5,-192.5,-35.0
378361,-5.37,-22.33,1015.28,122.5,-175.0,-35.0
378390,-5.37,-22.33,1015.16,122.5,-175.0,-35.0
378420,-5.37,-22.33,1015.16,105.0,-192.5,-35.0
378449,-5.49,-22.33,1015.16,105.0,-175.0,-17.5
378479,-5.37,-22.33,1015.04,122.5,-192.5,-17.5
378508,-5.49,-22.33,1015.04,140.0,-175.0,-17.5
378537,-5.37,-22.45,1015.04,140.0,-175.0,-35.0
378566,-5.37,-22.45,1014.92,140.0,-175.0,-35.0
378595,-5.49,-22.45,1014.8,140.0,-192.5,-35.0
378624,-5.37,-22.45,1014.8,140.0,-157.5,-17.5
378653,-5.37,-22.45,1014.8,122.5,-157.5,-17.5
378682,-5.37,-22.45,1014.8,122.5,-192.5,-35.0
378711,-5.37,-22.45,1014.67,105.0,-192.5,-17.5
378741,-5.37,-22.45,1014.67,105.0,-192.5,-17.5
378770,-5.37,-22.45,1014.67,122.5,-175.0,-35.0
378800,-5.37,-22.45,1014.55,122.5,-157.5,-35.0
378829,-5.37,-22.45,1014.67,140.0,-175.0,-17.5
378859,-5.37,-22.45,1014.55,122.5,-192.5,-35.0
378888,-5.37,-22.45,1014.55,122.5,-192.5,-35.0
378918,-5.49,-22.45,1014.55,122.5,-157.5,-17.5
378947,-5.37,-22.45,1014.55,122.5,-175.0,-17.5
378977,-5.37,-22.45,1014.55,122.5,-175.0,-17.5
379006,-5.37,-22.45,1014.55,122.5,-175.0,-35.0
379036,-5.37,-22.33,1014.55,122.5,-157.5,-17.5
379065,-5.37,-22.33,1014.55,105.0,-175.0,-17.5
379094,-5.37,-22.33,1014.55,122.5,-157.5,-35.0
379123,-5.37,-22.33,1014.55,105.0,-157.5,-35.0
379152,-5.37,-22.33,1014.55,105.0,-157.5,-35.0
379181,-5.37,-22.33,1014.55,105.0,-175.0,-17.5
379210,-5.37,-22.33,1014.55,105.0,-157.5,-35.0
379239,-5.37,-22.33,1014.55,122.5,-192.5,-35.0
379268,-5.37,-22.33,1014.55,122.5,-175.0,-35.0
379298,-5.37,-22.2,1014.67,122.5,-175.0,-35.0
379327,-5.37,-22.2,1014.8,122.5,-192.5,-35.0
379357,-5.37,-22.2,1014.8,140.0,-175.0,-35.0
379386,-5.37,-22.2,1014.8,140.0,-175.0,-17.5
379416,-5.37,-22.2,1014.8,122.5,-175.0,-35.0
379445,-5.37,-22.2,1014.8,122.5,-192.5,-17.5
379475,-5.37,-22.2,1014.8,122.5,-192.5,-35.0
379504,-5.37,-22.2,1014.92,140.0,-175.0,-17.5
379534,-5.37,-22.2,1015.04,140.0,-175.0,-35.0
379563,-5.37,-22.2,1015.04,122.5,-175.0,-17.5
379593,-5.37,-22.2,1015.04,122.5,-175.0,-17.5
379622,-5.37,-22.2,1015.04,105.0,-175.0,-35.0
379651,-5.37,-22.2,1015.04,105.0,-175.0,-17.5
379680,-5.37,-22.2,1015.16,122.5,-157.5,-17.5
379709,-5.37,-22.2,1015.28,122.5,-175.0,-35.0
379738,-5.37,-22.2,1015.28,122.5,-157.5,-35.0
379767,-5.37,-22.2,1015.28,105.0,-192.5,-35.0
379796,-5.37,-22.2,1015.28,105.0,-175.0,-35.0
379825,-5.37,-22.2,1015.28,105.0,-175.0,-35.0
379854,-5.37,-22.33,1015.28,122.5,-175.0,-17.5
379883,-5.37,-22.2,1015.28,140.0,-175.0,-35.0
379913,-5.37,-22.33,1015.28,140.0,-157.5,-35.0
379942,-5.37,-22.33,1015.41,122.5,-157.5,-35.0
379972,-5.37,-22.2,1015.41,122.5,-157.5,-35.0
380001,-5.37,-22.2,1015.53,122.5,-175.0,-17.5
380031,-5.37,-22.2,1015.53,122.5,-175.0,-35.0
380060,-5.37,-22.33,1015.41,122.5,-175.0,-17.5
380090,-5.37,-22.2,1015.53,122.5,-175.0,-17.5
380119,-5.25,-22.2,1015.41,105.0,-175.0,-17.5
380149,-5.37,-22.2,1015.53,122.5,-192.5,-35.0
380178,-5.25,-22.2,1015.53,140.0,-175.0,-35.0
380208,-5.25,-22.2,1015.53,140.0,-192.5,-35.0
380237,-5.25,-22.2,1015.53,140.0,-175.0,-35.0
380266,-5.37,-22.2,1015.53,122.5,-175.0,-52.5
380295,-5.37,-22.2,1015.53,105.0,-175.0,-35.0
380324,-5.37,-22.2,1015.53,122.5,-175.0,-17.5
380353,-5.37,-22.2,1015.53,140.0,-175.0,-17.5
380382,-5.37,-22.2,1015.53,122.5,-175.0,-35.0
380411,-5.37,-22.2,1015.53,122.5,-175.0,-17.5
380440,-5.37,-22.2,1015.53,140.0,-157.5,-35.0
380470,-5.37,-22.2,1015.53,122.5,-175.0,-17.5
380499,-5.37,-22.33,1015.53,122.5,-175.0,-17.5
380529,-5.37,-22.2,1015.53,122.5,-175.0,-52.5
380558,-5.25,-22.2,1015.53,122.5,-175.0,-35.0
380588,-5.37,-22.33,1015.41,140.0,-175.0,-35.0
380617,-5.25,-22.33,1015.41,140.0,-175.0,-35.0
380647,-5.25,-22.2,1015.41,122.5,-192.5,-35.0
380676,-5.25,-22.2,1015.41,122.5,-192.5,-35.0
380706,-5.37,-22.2,1015.41,140.0,-175.0,-35.0
380735,-5.37,-22.33,1015.41,140.0,-175.0,-35.0
380765,-5.37,-22.2,1015.28,122.5,-175.0,-17.5
380794,-5.37,-22.33,1015.28,105.0,-175.0,-17.5
380823,-5.37,-22.33,1015.28,105.0,-175.0,-35.0
380852,-5.37,-22.33,1015.28,105.0,-175.0,-35.0
380881,-5.37,-22.33,1015.28,105.0,-175.0,-17.5
380910,-5.37,-22.33,1015.28,122.5,-175.0,-17.5
380939,-5.25,-22.33,1015.28,122.5,-175.0,-35.0
380969,-5.25,-22.33,1015.28,105.0,-175.0,-35.0
380998,-5.25,-22.33,1015.28,105.0,-157.5,-35.0
381028,-5.25,-22.33,1015.41,122.5,-157.5,-17.5
381057,-5.25,-22.33,1015.41,122.5,-175.0,-17.5
381087,-5.37,-22.33,1015.41,122.5,-192.5,-35.0
381116,-5.37,-22.2,1015.41,122.5,-192.5,-35.0
381146,-5.37,-22.2,1015.41,140.0,-192.5,-17.5
381175,-5.37,-22.2,1015.41,140.0,-175.0,-35.0
381205,-5.37,-22.2,1015.53,105.0,-175.0,-17.5
381234,-5.37,-22.2,1015.53,122.5,-175.0,-17.5
381264,-5.37,-22.2,1015.53,122.5,-175.0,-35.0
381293,-5.37,-22.33,1015.41,122.5,-175.0,-52.5
381322,-5.37,-22.33,1015.41,122.5,-175.0,-35.0
381351,-5.37,-22.33,1015.53,140.0,-175.0,-35.0
381380,-5.37,-22.2,1015.53,122.5,-192.5,-35.0
381409,-5.37,-22.2,1015.41,105.0,-175.0,-17.5
381438,-5.37,-22.2,1015.41,122.5,-192.5,-35.0
381468,-5.37,-22.2,1015.53,122.5,-192.5,-17.5
381497,-5.37,-22.2,1015.53,122.5,-175.0,-17.5
381527,-5.37,-22.2,1015.53,105.0,-157.5,-17.5
381556,-5.37,-22.2,1015.53,105.0,-175.0,-35.0
381586,-5.37,-22.2,1015.53,122.5,-157.5,-35.0
381615,-5.37,-22.2,1015.53,105.0,-175.0,-17.5
381645,-5.37,-22.2,1015.53,122.5,-192.5,-35.0
381674,-5.37,-22.2,1015.53,122.5,-157.5,-35.0
381704,-5.37,-22.2,1015.41,105.0,-157.5,-35.0
381733,-5.37,-22.2,1015.41,105.0,-192.5,-52.5
381763,-5.37,-22.2,1015.41,122.5,-175.0,-52.5
381792,-5.37,-22.2,1015.41,140.0,-175.0,-35.0
381821,-5.37,-22.2,1015.41,122.5,-175.0,-17.5
381850,-5.37,-22.2,1015.41,122.5,-175.0,-35.0
381879,-5.37,-22.2,1015.41,122.5,-157.5,-17.5
381908,-5.37,-22.2,1015.41,105.0,-175.0,-17.5
381937,-5.37,-22.2,1015.41,87.5,-175.0,-35.0
381967,-5.37,-22.2,1015.28,105.0,-175.0,0.0
381996,-5.37,-22.2,1015.41,105.0,-175.0,-17.5
382026,-5.37,-22.2,1015.41,105.0,-192.5,-17.5
382055,-5.37,-22.2,1015.41,105.0,-192.5,-17.5
382085,-5.37,-22.2,1015.28,140.0,-192.5,-35.0
382114,-5.37,-22.2,1015.28,140.0,-157.5,-17.5
382144,-5.37,-22.2,1015.28,140.0,-175.0,-35.0
382173,-5.37,-22.2,1015.28,122.5,-175.0,-35.0
382203,-5.37,-22.2,1015.28,122.5,-175.0,-17.5
382232,-5.37,-22.2,1015.28,105.0,-175.0,-17.5
382262,-5.37,-22.2,1015.28,122.5,-175.0,-17.5
382291,-5.37,-22.2,1015.28,122.5,-175.0,-35.0
382320,-5.37,-22.2,1015.28,122.5,-192.5,-35.0
382349,-5.37,-22.2,1015.28,122.5,-175.0,-35.0
382378,-5.37,-22.2,1015.16,122.5,-175.0,-17.5
382407,-5.37,-22.2,1015.28,140.0,-175.0,-35.0
382436,-5.37,-22.2,1015.28,122.5,-175.0,-17.5
382466,-5.37,-22.2,1015.28,122.5,-175.0,-35.0
382495,-5.37,-22.2,1015.16,122.5,-192.5,-35.0
382525,-5.37,-22.2,1015.16,140.0,-192.5,-35.0
382554,-5.37,-22.2,1015.16,122.5,-175.0,-17.5
382584,-5.37,-22.2,1015.04,122.5,-175.0,-17.5
382613,-5.37,-22.2,1015.04,122.5,-175.0,-35.0
382643,-5.37,-22.2,1015.04,140.0,-157.5,-35.0
382672,-5.25,-22.2,1015.04,122.5,-175.0,-35.0
382702,-5.25,-22.2,1015.04,122.5,-157.5,-35.0
382731,-5.25,-22.2,1014.92,122.5,-175.0,-35.0
382761,-5.25,-22.33,1015.04,105.0,-192.5,-35.0
382790,-5.25,-22.33,1014.92,122.5,-175.0,-35.0
382819,-5.25,-22.2,1014.92,105.0,-175.0,-52.5
382848,-5.25,-22.2,1014.92,122.5,-175.0,-35.0
382877,-5.25,-22.2,1014.8,122.5,-175.0,-35.0
382906,-5.25,-22.2,1014.8,122.5,-175.0,-35.0
382935,-5.25,-22.2,1014.8,140.0,-175.0,-35.0
382964,-5.25,-22.2,1014.8,122.5,-175.0,-17.5
382993,-5.25,-22.2,1014.8,105.0,-175.0,-35.0
383023,-5.25,-22.2,1014.8,87.5,-175.0,-17.5
383052,-5.25,-22.2,1014.8,122.5,-157.5,-17.5
383082,-5.25,-22.2,1014.92,122.5,-175.0,-17.5
383111,-5.25,-22.2,1014.92,105.0,-175.0,-17.5
383141,-5.25,-22.33,1014.92,122.5,-175.0,-35.0
383170,-5.25,-22.33,1015.04,122.5,-192.5,-17.5
383200,-5.25,-22.2,1014.92,122.5,-175.0,-17.5
383229,-5.25,-22.2,1015.04,122.5,-175.0,-17.5
383259,-5.25,-22.2,1015.04,122.5,-175.0,-35.0
383288,-5.25,-22.33,1015.04,105.0,-192.5,-35.0
383318,-5.25,-22.2,1015.04,122.5,-175.0,-17.5
383347,-5.12,-22.2,1015.04,122.5,-175.0,-17.5
383376,-5.12,-22.2,1015.04,122.5,-157.5,-35.0
383405,-5.12,-22.2,1015.04,122.5,-175.0,-35.0
383434,-5.12,-22.2,1015.04,122.5,-157.5,-17.5
383463,-5.12,-22.2,1015.04,122.5,-192.5,-17.5
383492,-5.12,-22.2,1015.04,105.0,-175.0,-35.0
383521,-5.12,-22.2,1015.04,105.0,-175.0,-35.0
383550,-5.12,-22.2,1015.04,105.0,-175.0,-35.0
383580,-5.12,-22.2,1015.04,105.0,-175.0,-17.5
383609,-5.12,-22.2,1015.04,140.0,-175.0,-17.5
383639,-5.12,-22.2,1015.04,122.5,-175.0,-35.0
383668,-5.12,-22.2,1015.04,122.5,-175.0,-35.0
383698,-5.25,-22.2,1015.04,105.0,-175.0,-35.0
383727,-5.12,-22.2,1015.04,105.0,-175.0,-17.5
383757,-5.25,-22.2,1015.04,105.0,-175.0,-35.0
383786,-5.12,-22.08,1015.04,105.0,-192.5,-35.0
383816,-5.25,-22.08,1015.04,105.0,-192.5,-17.5
383845,-5.25,-22.2,1015.04,105.0,-157.5,-17.5
383874,-5.25,-22.2,1015.04,122.5,-157.5,-35.0
383903,-5.25,-22.2,1015.04,140.0,-175.0,-17.5
383932,-5.25,-22.2,1015.04,122.5,-157.5,0.0
383962,-5.25,-22.2,1015.04,122.5,-175.0,-17.5
383991,-5.25,-22.2,1015.04,122.5,-192.5,-35.0
384020,-5.25,-22.2,1015.04,122.5,-157.5,-35.0
384049,-5.25,-22.2,1015.04,122.5,-175.0,-17.5
384079,-5.25,-22.2,1015.04,105.0,-175.0,-17.5
384108,-5.25,-22.2,1015.16,122.5,-175.0,-35.0
384138,-5.25,-22.2,1015.16,122.5,-192.5,-17.5
384167,-5.37,-22.2,1015.16,140.0,-192.5,-35.0
384197,-5.37,-22.2,1015.16,140.0,-175.0,-35.0
384226,-5.37,-22.2,1015.16,122.5,-175.0,-17.5
384256,-5.37,-22.2,1015.16,105.0,-175.0,-35.0
384285,-5.37,-22.2,1015.16,105.0,-157.5,-35.0
384315,-5.37,-22.2,1015.04,122.5,-157.5,-35.0
384344,-5.37,-22.2,1015.04,105.0,-192.5,-35.0
384374,-5.37,-22.2,1015.04,122.5,-175.0,-35.0
384403,-5.37,-22.2,1015.04,122.5,-157.5,-35.0
384433,-5.37,-22.33,1015.04,105.0,-157.5,-17.5
384462,-5.37,-22.2,1015.16,122.5,-157.5,-17.5
384491,-5.37,-22.2,1015.16,122.5,-175.0,-17.5
384520,-5.25,-22.2,1015.16,122.5,-175.0,-35.0
384549,-5.37,-22.2,1015.28,122.5,-175.0,-35.0
384578,-5.37,-22.2,1015.28,122.5,-175.0,-35.0
384607,-5.37,-22.2,1015.28,122.5,-175.0,-17.5
384636,-5.37,-22.2,1015.28,105.0,-175.0,-35.0
384665,-5.37,-22.2,1015.28,87.5,-175.0,-35.0
384695,-5.37,-22.2,1015.28,122.5,-175.0,-35.0
384724,-5.37,-22.2,1015.28,122.5,-192.5,-35.0
384754,-5.37,-22.2,1015.28,140.0,-175.0,-52.5
384783,-5.37,-22.2,1015.28,122.5,-175.0,-35.0
384813,-5.49,-22.2,1015.28,122.5,-175.0,-35.0
384842,-5.37,-22.2,1015.28,105.0,-175.0,-35.0
384872,-5.37,-22.2,1015.28,105.0,-175.0,-17.5
384901,-5.37,-22.2,1015.28,140.0,-192.5,-17.5
384931,-5.37,-22.2,1015.28,122.5,-175.0,-35.0
384960,-5.37,-22.2,1015.28,122.5,-192.5,-35.0
384990,-5.37,-22.2,1015.28,122.5,-175.0,-35.0
385019,-5.37,-22.2,1015.28,122.5,-192.5,-35.0
385048,-5.37,-22.2,1015.28,140.0,-175.0,-17.5
385077,-5.37,-22.2,1015.28,140.0,-175.0,-17.5
385106,-5.37,-22.2,1015.28,122.5,-192.5,-17.5
385135,-5.37,-22.2,1015.28,122.5,-175.0,-17.5
385164,-5.49,-22.2,1015.28,140.0,-192.5,-35.0
385193,-5.49,-22.2,1015.28,140.0,-175.0,-17.5
385222,-5.37,-22.2,1015.28,122.5,-175.0,-17.5
385252,-5.37,-22.2,1015.28,122.5,-175.0,-35.0
385281,-5.37,-22.2,1015.28,105.0,-175.0,-17.5
385311,-5.49,-22.2,1015.28,122.5,-192.5,-35.0
385340,-5.37,-22.2,1015.28,122.5,-175.0,-17.5
385370,-5.37,-22.2,1015.28,105.0,-157.5,0.0
385399,-5.37,-22.2,1015.28,140.0,-175.0,-35.0
385429,-5.37,-22.2,1015.28,140.0,-175.0,-17.5
385458,-5.37,-22.2,1015.28,122.5,-192.5,-35.0
385488,-5.37,-22.2,1015.28,122.5,-175.0,-52.5
385517,-5.37,-22.2,1015.28,122.5,-175.0,-35.0
385547,-5.37,-22.2,1015.41,140.0,-157.5,-52.5
385576,-5.37,-22.2,1015.41,122.5,-157.5,-35.0
385605,-5.37,-22.2,1015.41,140.0,-175.0,-35.0
385634,-5.37,-22.2,1015.53,140.0,-175.0,-35.0
385663,-5.37,-22.2,1015.53,122.5,-175.0,-17.5
385692,-5.37,-22.2,1015.53,105.0,-157.5,-35.0
385721,-5.37,-22.2,1015.53,122.5,-175.0,-35.0
385750,-5.37,-22.2,1015.53,122.5,-175.0,-35.0
385779,-5.37,-22.2,1015.53,105.0,-175.0,-17.5
385809,-5.37,-22.2,1015.53,105.0,-175.0,-17.5
385838,-5.37,-22.2,1015.53,122.5,-175.0,-35.0
385868,-5.37,-22.2,1015.53,105.0,-175.0,-35.0
385897,-5.37,-22.2,1015.53,140.0,-175.0,-35.0
385927,-5.37,-22.2,1015.53,122.5,-175.0,-35.0
385956,-5.37,-22.2,1015.53,140.0,-192.5,-35.0
385986,-5.37,-22.2,1015.53,122.5,-192.5,-35.0
386015,-5.37,-22.2,1015.53,140.0,-175.0,-17.5
386045,-5.37,-22.2,1015.53,122.5,-175.0,-35.0
386074,-5.37,-22.2,1015.65,105.0,-175.0,-17.5
386104,-5.25,-22.2,1015.65,122.5,-157.5,-17.5
386133,-5.25,-22.2,1015.65,140.0,-175.0,-35.0
386162,-5.25,-22.2,1015.65,140.0,-175.0,-35.0
386191,-5.25,-22.2,1015.65,122.5,-175.0,-35.0
386220,-5.25,-22.08,1015.65,105.0,-175.0,-17.5
386249,-5.25,-22.2,1015.77,140.0,-175.0,-35.0
386278,-5.25,-22.2,1015.77,140.0,-157.5,-17.5
386307,-5.25,-22.08,1015.77,122.5,-157.5,-35.0
386336,-5.25,-22.2,1015.77,122.5,-175.0,-17.5
386366,-5.25,-22.2,1015.77,122.5,-192.5,-35.0
386395,-5.25,-22.2,1015.77,140.0,-175.0,-35.0
386425,-5.37,-22.2,1015.77,122.5,-175.0,-35.0
386454,-5.25,-22.2,1015.77,122.5,-175.0,-17.5
386484,-5.25,-22.2,1015.77,105.0,-192.5,-35.0
386513,-5.25,-22.2,1015.77,105.0,-192.5,-35.0
386543,-5.25,-22.2,1015.77,105.0,-192.5,-35.0
386572,-5.25,-22.2,1015.77,105.0,-175.0,-52.5
386602,-5.25,-22.2,1015.77,122.5,-175.0,-35.0
386631,-5.25,-22.2,1015.77,122.5,-175.0,-35.0
386660,-5.25,-22.2,1015.77,122.5,-157.5,-35.0
386689,-5.37,-22.2,1015.77,140.0,-175.0,-35.0
386718,-5.37,-22.2,1015.77,122.5,-192.5,-35.0
386747,-5.37,-22.2,1015.77,105.0,-192.5,-35.0
386776,-5.37,-22.2,1015.77,122.5,-175.0,-35.0
386805,-5.25,-22.2,1015.77,105.0,-157.5,-17.5
386834,-5.25,-22.2,1015.77,122.5,-175.0,-35.0
386864,-5.37,-22.2,1015.77,122.5,-175.0,-35.0
386893,-5.37,-22.2,1015.89,105.0,-175.0,-35.0
386923,-5.25,-22.2,1015.89,122.5,-175.0,-52.5
386952,-5.25,-22.2,1015.77,122.5,-175.0,-35.0
386982,-5.25,-22.2,1015.77,140.0,-140.0,-17.5
387011,-5.37,-22.2,1015.77,140.0,-175.0,-35.0
387041,-5.37,-22.2,1015.77,122.5,-192.5,-35.0
387070,-5.37,-22.2,1015.77,105.0,-175.0,-17.5
387100,-5.37,-22.2,1015.77,122.5,-175.0,-35.0
387129,-5.37,-22.2,1015.77,122.5,-175.0,-35.0
387159,-5.25,-22.2,1015.77,122.5,-192.5,-17.5
387188,-5.25,-22.2,1015.77,122.5,-192.5,-35.0
387217,-5.25,-22.2,1015.77,122.5,-175.0,-17.5
387246,-5.25,-22.2,1015.65,122.5,-175.0,-35.0
387275,-5.25,-22.2,1015.65,140.0,-157.5,-35.0
387304,-5.25,-22.2,1015.77,122.5,-175.0,-17.5
387333,-5.25,-22.2,1015.65,122.5,-175.0,-35.0
387362,-5.25,-22.2,1015.77,105.0,-192.5,-17.5
387391,-5.25,-22.2,1015.65,105.0,-192.5,-35.0
387421,-5.25,-22.2,1015.65,87.5,-192.5,-17.5
387450,-5.25,-22.2,1015.65,105.0,-175.0,0.0
387480,-5.25,-22.2,1015.65,87.5,-157.5,-17.5
387509,-5.25,-22.2,1015.65,105.0,-175.0,-17.5
387539,-5.37,-22.2,1015.65,105.0,-175.0,-35.0
387568,-5.37,-22.2,1015.65,140.0,-175.0,-35.0
387598,-5.37,-22.2,1015.53,122.5,-175.0,-35.0
387627,-5.37,-22.2,1015.53,122.5,-175.0,-35.0
387657,-5.37,-22.2,1015.53,122.5,-192.5,-17.5
387686,-5.37,-22.2,1015.53,122.5,-192.5,-35.0
387716,-5.37,-22.2,1015.53,105.0,-175.0,-17.5
387745,-5.25,-22.2,1015.53,105.0,-175.0,-35.0
387774,-5.25,-22.2,1015.53,105.0,-192.5,-35.0
387803,-5.25,-22.2,1015.53,122.5,-175.0,-35.0
387832,-5.25,-22.2,1015.53,122.5,-157.5,-35.0
387861,-5.37,-22.2,1015.53,122.5,-175.0,-17.5
387890,-5.37,-22.2,1015.41,122.5,-175.0,-17.5
387919,-5.37,-22.2,1015.41,122.5,-175.0,-35.0
387948,-5.37,-22.2,1015.41,140.0,-175.0,-35.0
387978,-5.37,-22.2,1015.41,122.5,-175.0,-17.5
388007,-5.25,-22.2,1015.28,105.0,-175.0,-35.0
388037,-5.25,-22.2,1015.28,105.0,-157.5,-35.0
388066,-5.25,-22.2,1015.41,105.0,-175.0,-35.0
388096,-5.25,-22.2,1015.41,122.5,-192.5,-35.0
388125,-5.25,-22.08,1015.41,122.5,-192.5,-35.0
388155,-5.25,-22.2,1015.53,122.5,-175.0,-35.0
388184,-5.25,-22.2,1015.53,122.5,-175.0,-17.5
388214,-5.37,-22.2,1015.53,105.0,-175.0,-35.0
388243,-5.37,-22.2,1015.41,105.0,-175.0,-35.0
388273,-5.25,-22.2,1015.53,122.5,-175.0,-35.0
388302,-5.25,-22.2,1015.53,122.5,-192.5,-17.5
388331,-5.25,-22.2,1015.53,122.5,-192.5,-35.0
388360,-5.25,-22.2,1015.53,122.5,-175.0,-35.0
388389,-5.12,-22.2,1015.53,140.0,-175.0,-17.5
388418,-5.25,-22.2,1015.53,122.5,-175.0,-35.0
388447,-5.25,-22.2,1015.53,122.5,-192.5,-35.0
388476,-5.25,-22.2,1015.53,140.0,-192.5,-35.0
388505,-5.12,-22.2,1015.53,122.5,-175.0,-17.5
388535,-5.25,-22.2,1015.53,122.5,-175.0,-35.0
388564,-5.25,-22.2,1015.53,140.0,-175.0,-35.0
388594,-5.25,-22.2,1015.53,122.5,-157.5,-17.5
388623,-5.25,-22.2,1015.65,122.5,-175.0,-17.5
388653,-5.25,-22.2,1015.65,122.5,-175.0,-35.0
388682,-5.37,-22.2,1015.65,105.0,-157.5,-35.0
388712,-5.37,-22.2,1015.65,122.5,-192.5,-35.0
388741,-5.37,-22.2,1015.65,105.0,-175.0,-17.5
388771,-5.37,-22.2,1015.65,105.0,-192.5,-35.0
388800,-5.37,-22.2,1015.77,122.5,-175.0,-17.5
388830,-5.37,-22.2,1015.77,122.5,-157.5,-17.5
388859,-5.37,-22.2,1015.77,140.0,-175.0,-35.0
388888,-5.37,-22.2,1015.77,122.5,-175.0,-35.0
388917,-5.37,-22.2,1015.65,122.5,-175.0,-35.0
388946,-5.37,-22.2,1015.65,122.5,-175.0,-35.0
388975,-5.37,-22.2,1015.53,122.5,-192.5,-35.0
389004,-5.37,-22.2,1015.53,122.5,-192.5,-35.0
389033,-5.37,-22.2,1015.53,122.5,-192.5,-35.0
389062,-5.37,-22.33,1015.53,105.0,-175.0,-17.5
389092,-5.37,-22.2,1015.53,122.5,-175.0,-35.0
389121,-5.37,-22.2,1015.53,122.5,-175.0,-35.0
389151,-5.37,-22.2,1015.53,105.0,-192.5,-35.0
389180,-5.37,-22.33,1015.53,87.5,-175.0,-35.0
389210,-5.37,-22.2,1015.53,105.0,-157.5,-35.0
389239,-5.37,-22.2,1015.53,122.5,-157.5,-35.0
389269,-5.37,-22.2,1015.53,122.5,-175.0,-35.0
389298,-5.37,-22.2,1015.41,140.0,-175.0,-35.0
389328,-5.37,-22.33,1015.53,122.5,-175.0,-35.0
389357,-5.37,-22.2,1015.53,122.5,-192.5,-35.0
389387,-5.37,-22.2,1015.53,122.5,-175.0,-35.0
389416,-5.37,-22.33,1015.53,122.5,-175.0,-17.5
389445,-5.37,-22.33,1015.53,122.5,-175.0,-35.0
389474,-5.37,-22.33,1015.53,122.5,-157.5,-35.0
389503,-5.37,-22.33,1015.53,122.5,-175.0,-35.0
389532,-5.37,-22.33,1015.53,122.5,-175.0,-35.0
389561,-5.37,-22.33,1015.53,122.5,-175.0,-17.5
389590,-5.37,-22.33,1015.41,122.5,-192.5,-35.0
389619,-5.37,-22.33,1015.41,122.5,-175.0,-17.5
389649,-5.37,-22.33,1015.41,122.5,-175.0,-17.5
389678,-5.37,-22.33,1015.41,122.5,-175.0,-35.0
389708,-5.37,-22.33,1015.41,105.0,-175.0,-17.5
389737,-5.37,-22.33,1015.41,122.5,-175.0,-17.5
389767,-5.37,-22.45,1015.41,122.5,-192.5,-35.0
389796,-5.49,-22.45,1015.53,122.5,-175.0,-35.0
389826,-5.37,-22.45,1015.53,105.0,-157.5,-35.0
389855,-5.49,-22.33,1015.41,105.0,-192.5,-35.0
389885,-5.49,-22.33,1015.53,105.0,-175.0,-35.0
389914,-5.49,-22.33,1015.53,122.5,-175.0,-35.0
389944,-5.37,-22.33,1015.41,105.0,-175.0,-35.0
389973,-5.37,-22.33,1015.41,87.5,-192.5,-17.5
390002,-5.37,-22.33,1015.41,105.0,-175.0,-35.0
390031,-5.37,-22.33,1015.41,105.0,-175.0,-35.0
390060,-5.37,-22.33,1015.41,122.5,-175.0,-35.0
390089,-5.37,-22.2,1015.28,122.5,-175.0,-35.0
390118,-5.37,-22.33,1015.28,105.0,-175.0,-35.0
390147,-5.49,-22.2,1015.41,122.5,-175.0,-17.5
390176,-5.49,-22.33,1015.28,122.5,-175.0,-35.0
390206,-5.37,-22.2,1015.28,122.5,-157.5,-35.0
390235,-5.49,-22.2,1015.28,122.5,-157.5,-35.0
390265,-5.49,-22.2,1015.41,122.5,-175.0,-35.0
390294,-5.37,-22.2,1015.41,122.5,-157.5,-17.5
390324,-5.37,-22.2,1015.41,122.5,-157.5,-17.5
390353,-5.49,-22.2,1015.53,122.5,-175.0,-17.5
390383,-5.37,-22.2,1015.53,105.0,-175.0,-35.0
390412,-5.37,-22.2,1015.53,122.5,-175.0,-35.0
390442,-5.37,-22.2,1015.53,122.5,-175.0,-35.0
390471,-5.37,-22.2,1015.53,122.5,-175.0,-35.0
390500,-5.37,-22.2,1015.53,122.5,-175.0,-35.0
390529,-5.37,-22.2,1015.53,122.5,-175.0,-35.0
390558,-5.37,-22.2,1015.53,105.0,-175.0,-35.0
390587,-5.37,-22.2,1015.53,122.5,-175.0,-17.5
390616,-5.37,-22.2,1015.65,122.5,-175.0,-17.5
390645,-5.37,-22.2,1015.65,122.5,-175.0,-35.0
390674,-5.37,-22.2,1015.77,122.5,-175.0,-35.0
390704,-5.37,-22.2,1015.77,122.5,-175.0,-17.5
390733,-5.49,-22.2,1015.65,105.0,-175.0,-17.5
390763,-5.49,-22.2,1015.65,105.0,-157.5,-35.0
390792,-5.37,-22.2,1015.65,122.5,-175.0,-17.5
390822,-5.37,-22.33,1015.65,140.0,-175.0,-17.5
390851,-5.37,-22.2,1015.65,122.5,-175.0,-17.5
390881,-5.37,-22.2,1015.65,122.5,-175.0,-35.0
390910,-5.37,-22.2,1015.65,105.0,-175.0,-35.0
390940,-5.37,-22.33,1015.65,122.5,-175.0,-17.5
390969,-5.37,-22.33,1015.65,122.5,-175.0,-17.5
390999,-5.37,-22.33,1015.65,105.0,-175.0,-17.5
391028,-5.37,-22.33,1015.65,122.5,-192.5,-35.0
391057,-5.37,-22.33,1015.65,122.5,-192.5,-17.5
391086,-5.37,-22.33,1015.77,122.5,-192.5,-35.0
391115,-5.37,-22.33,1015.65,122.5,-175.0,-35.0
391144,-5.37,-22.33,1015.65,140.0,-175.0,-35.0
391173,-5.37,-22.33,1015.65,122.5,-175.0,-35.0
391203,-5.37,-22.2,1015.65,122.5,-157.5,-35.0
391232,-5.37,-22.2,1015.65,140.0,-157.5,-35.0
391262,-5.37,-22.33,1015.77,140.0,-175.0,-17.5
391291,-5.37,-22.2,1015.65,122.5,-175.0,-17.5
391321,-5.37,-22.2,1015.77,122.5,-175.0,0.0
391350,-5.37,-22.2,1015.77,122.5,-175.0,-17.5
391380,-5.37,-22.33,1015.77,105.0,-157.5,-35.0
391409,-5.37,-22.2,1015.77,122.5,-175.0,-17.5
391439,-5.37,-22.2,1015.77,140.0,-175.0,-35.0
391468,-5.37,-22.33,1015.65,105.0,-175.0,-35.0
391498,-5.49,-22.33,1015.77,122.5,-157.5,-35.0
391527,-5.37,-22.33,1015.65,122.5,-157.5,-17.5
391556,-5.37,-22.2,1015.65,140.0,-175.0,-17.5
391585,-5.37,-22.33,1015.65,122.5,-192.5,-17.5
391614,-5.37,-22.33,1015.53,140.0,-175.0,-17.5
391643,-5.37,-22.33,1015.53,122.5,-175.0,-35.0
391672,-5.37,-22.33,1015.53,140.0,-175.0,-35.0
391702,-5.37,-22.33,1015.53,122.5,-157.5,-35.0
391731,-5.37,-22.33,1015.41,122.5,-175.0,-17.5
391761,-5.37,-22.33,1015.41,140.0,-192.5,-17.5
391790,-5.37,-22.33,1015.53,122.5,-175.0,-35.0
391820,-5.37,-22.33,1015.41,122.5,-192.5,-35.0
391849,-5.37,-22.33,1015.53,122.5,-192.5,-35.0
391879,-5.37,-22.33,1015.41,140.0,-175.0,-35.0
391908,-5.37,-22.33,1015.41,140.0,-175.0,-17.5
391938,-5.37,-22.33,1015.41,105.0,-175.0,-35.0
391967,-5.37,-22.33,1015.28,105.0,-175.0,-35.0
391997,-5.37,-22.33,1015.28,122.5,-175.0,-17.5
392026,-5.37,-22.33,1015.28,122.5,-192.5,-35.0
392055,-5.37,-22.33,1015.16,122.5,-175.0,-35.0
392084,-5.37,-22.33,1015.16,140.0,-175.0,-35.0
392113,-5.37,-22.33,1015.04,122.5,-192.5,-17.5
392142,-5.37,-22.33,1015.04,122.5,-192.5,-35.0
392171,-5.37,-22.33,1015.04,122.5,-175.0,-17.5
392201,-5.37,-22.33,1015.04,122.5,-175.0,-17.5
392230,-5.37,-22.33,1014.92,122.5,-175.0,-35.0
392260,-5.37,-22.33,1014.92,122.5,-192.5,-17.5
392289,-5.37,-22.33,1014.92,140.0,-175.0,-17.5
392319,-5.37,-22.2,1014.92,122.5,-192.5,-17.5
392348,-5.37,-22.33,1014.92,105.0,-175.0,-17.5
392378,-5.37,-22.2,1014.8,122.5,-175.0,-17.5
392407,-5.37,-22.2,1014.8,122.5,-175.0,-35.0
392437,-5.37,-22.2,1014.8,122.5,-192.5,-17.5
392466,-5.37,-22.2,1014.8,122.5,-175.0,-17.5
392496,-5.37,-22.2,1014.8,140.0,-157.5,-17.5
392525,-5.37,-22.2,1014.8,140.0,-175.0,-17.5
392554,-5.37,-22.2,1014.8,140.0,-175.0,-35.0
392583,-5.37,-22.2,1014.8,105.0,-175.0,-35.0
392612,-5.37,-22.2,1014.8,122.5,-175.0,-17.5
392641,-5.49,-22.2,1014.8,105.0,-175.0,-35.0
392670,-5.37,-22.2,1014.8,122.5,-175.0,-35.0
392699,-5.37,-22.2,1014.8,122.5,-175.0,-17.5
392728,-5.37,-22.2,1014.67,122.5,-175.0,-17.5
392757,-5.37,-22.2,1014.67,105.0,-175.0,-35.0
392786,-5.37,-22.2,1014.67,122.5,-175.0,-35.0
392816,-5.37,-22.2,1014.67,140.0,-175.0,-35.0
392845,-5.37,-22.2,1014.67,122.5,-175.0,-35.0
392875,-5.37,-22.33,1014.67,122.5,-175.0,-35.0
392904,-5.37,-22.33,1014.55,105.0,-192.5,-35.0
392934,-5.37,-22.2,1014.55,122.5,-192.5,-17.5
392963,-5.37,-22.33,1014.55,122.5,-192.5,-17.5
392993,-5.37,-22.2,1014.55,122.5,-175.0,-17.5
393022,-5.37,-22.2,1014.55,122.5,-175.0,-17.5
393052,-5.37,-22.2,1014.55,122.5,-175.0,-17.5
393081,-5.37,-22.2,1014.67,105.0,-175.0,-35.0
393110,-5.37,-22.2,1014.67,105.0,-175.0,-17.5
393139,-5.37,-22.2,1014.8,122.5,-175.0,-17.5
393168,-5.37,-22.2,1014.8,122.5,-175.0,-35.0
393197,-5.37,-22.2,1014.8,140.0,-175.0,-17.5
393226,-5.25,-22.2,1014.8,122.5,-175.0,-17.5
393255,-5.25,-22.2,1014.8,122.5,-175.0,-35.0
393284,-5.25,-22.2,1014.8,122.5,-192.5,-35.0
393314,-5.25,-22.2,1014.8,122.5,-175.0,-52.5
393343,-5.37,-22.2,1014.8,122.5,-175.0,-35.0
393373,-5.25,-22.2,1014.8,122.5,-192.5,-35.0
393402,-5.25,-22.2,1014.8,105.0,-192.5,-17.5
393432,-5.37,-22.2,1014.8,122.5,-192.5,-17.5
393461,-5.25,-22.2,1014.8,122.5,-192.5,-35.0
393491,-5.37,-22.2,1014.8,122.5,-175.0,-35.0
393520,-5.25,-22.2,1014.8,122.5,-157.5,-35.0
393550,-5.25,-22.2,1014.8,105.0,-175.0,-35.0
393579,-5.25,-22.2,1014.92,122.5,-175.0,-17.5
393609,-5.25,-22.2,1014.92,122.5,-175.0,-17.5
393638,-5.25,-22.2,1014.92,140.0,-157.5,-35.0
393667,-5.25,-22.2,1015.04,122.5,-157.5,-35.0
393696,-5.37,-22.2,1015.04,140.0,-175.0,-35.0
393725,-5.25,-22.2,1015.04,122.5,-192.5,-52.5
393754,-5.37,-22.2,1015.04,105.0,-192.5,-35.0
393783,-5.25,-22.2,1015.04,122.5,-175.0,-17.5
393812,-5.25,-22.2,1015.04,122.5,-175.0,-35.0
393841,-5.25,-22.2,1015.04,140.0,-192.5,-35.0
393871,-5.25,-22.2,1015.04,122.5,-175.0,-35.0
393900,-5.25,-22.2,1014.92,122.5,-175.0,-35.0
393930,-5.25,-22.2,1014.92,122.5,-192.5,-35.0
393959,-5.25,-22.33,1015.04,105.0,-175.0,-35.0
393989,-5.25,-22.2,1014.92,122.5,-175.0,-35.0
394018,-5.25,-22.2,1014.92,105.0,-175.0,-35.0
394048,-5.25,-22.2,1014.92,105.0,-175.0,-35.0
394077,-5.37,-22.2,1014.92,140.0,-175.0,-52.5
394107,-5.37,-22.2,1014.92,122.5,-175.0,-17.5
394136,-5.37,-22.2,1014.92,122.5,-157.5,-35.0
394166,-5.37,-22.2,1014.92,105.0,-175.0,-35.0
394195,-5.37,-22.2,1014.92,105.0,-175.0,-35.0
394224,-5.37,-22.2,1014.8,122.5,-175.0,-17.5
394253,-5.37,-22.2,1014.8,140.0,-175.0,-17.5
394282,-5.37,-22.2,1014.67,122.5,-192.5,-17.5
394311,-5.37,-22.2,1014.67,122.5,-175.0,-35.0
394340,-5.37,-22.2,1014.8,122.5,-175.0,-35.0
394369,-5.37,-22.2,1014.8,122.5,-175.0,-17.5
394398,-5.37,-22.2,1014.8,105.0,-175.0,-35.0
394428,-5.37,-22.2,1014.8,105.0,-175.0,-52.5
394457,-5.37,-22.2,1014.8,105.0,-192.5,-17.5
394487,-5.37,-22.2,1014.8,105.0,-175.0,-17.5
394516,-5.37,-22.2,1014.8,105.0,-175.0,-35.0
394546,-5.37,-22.2,1014.8,122.5,-175.0,-17.5
394575,-5.37,-22.2,1014.8,122.5,-175.0,-17.5
394605,-5.37,-22.2,1014.8,122.5,-175.0,-17.5
394634,-5.37,-22.2,1014.8,122.5,-192.5,-17.5
394664,-5.37,-22.2,1014.8,122.5,-175.0,-35.0
394693,-5.37,-22.2,1014.8,122.5,-175.0,-35.0
394722,-5.37,-22.2,1014.8,105.0,-175.0,-17.5
394751,-5.37,-22.2,1014.92,140.0,-175.0,-35.0
394780,-5.37,-22.2,1014.92,140.0,-175.0,-35.0
394809,-5.37,-22.2,1014.92,105.0,-175.0,-35.0
394838,-5.37,-22.2,1014.92,105.0,-157.5,-35.0
394867,-5.37,-22.2,1014.92,105.0,-175.0,-17.5
394896,-5.37,-22.2,1014.92,122.5,-175.0,-35.0
394926,-5.37,-22.2,1014.92,122.5,-157.5,-35.0
394955,-5.37,-22.2,1014.8,122.5,-157.5,-35.0
394985,-5.37,-22.2,1014.8,122.5,-175.0,-52.5
395014,-5.37,-22.33,1014.8,122.5,-175.0,-52.5
395044,-5.37,-22.33,1014.8,105.0,-192.5,-35.0
395073,-5.37,-22.33,1014.8,122.5,-192.5,-17.5
395103,-5.37,-22.2,1014.8,122.5,-175.0,-17.5
395132,-5.37,-22.33,1014.8,122.5,-175.0,-17.5
395162,-5.37,-22.2,1014.8,122.5,-175.0,-35.0
395191,-5.37,-22.2,1014.8,122.5,-175.0,-17.5
395220,-5.37,-22.2,1014.8,105.0,-175.0,-35.0
395249,-5.37,-22.2,1014.8,122.5,-192.5,-35.0
395278,-5.37,-22.2,1014.8,122.5,-175.0,-35.0
395307,-5.37,-22.2,1014.8,105.0,-157.5,-17.5
395336,-5.37,-22.2,1014.92,105.0,-175.0,-35.0
395365,-5.37,-22.2,1014.92,122.5,-175.0,-35.0
395394,-5.37,-22.2,1014.8,105.0,-175.0,-17.5
395424,-5.37,-22.33,1014.92,122.5,-192.5,-17.5
395453,-5.37,-22.2,1014.8,122.5,-192.5,-35.0
395483,-5.37,-22.33,1014.92,105.0,-175.0,-35.0
395512,-5.37,-22.33,1014.92,105.0,-175.0,-35.0
395542,-5.37,-22.33,1014.8,122.5,-192.5,-35.0
395571,-5.37,-22.33,1014.8,122.5,-192.5,-35.0
395601,-5.37,-22.33,1014.8,105.0,-157.5,-35.0
395630,-5.37,-22.33,1014.8,105.0,-192.5,-35.0
395660,-5.37,-22.33,1014.92,122.5,-175.0,-35.0
395689,-5.37,-22.2,1014.92,105.0,-175.0,-35.0
395718,-5.37,-22.33,1015.04,122.5,-175.0,-35.0
395747,-5.37,-22.2,1015.04,122.5,-175.0,-35.0
395776,-5.37,-22.2,1015.04,122.5,-157.5,-17.5
395805,-5.37,-22.2,1015.04,140.0,-175.0,-17.5
395834,-5.37,-22.2,1015.04,122.5,-175.0,-35.0
395863,-5.37,-22.2,1015.04,105.0,-175.0,-17.5
395892,-5.37,-22.2,1015.04,122.5,-175.0,-52.5
395922,-5.37,-22.2,1015.04,140.0,-175.0,-35.0
395951,-5.37,-22.2,1015.04,122.5,-192.5,-52.5
395981,-5.37,-22.2,1015.04,105.0,-175.0,-35.0
396010,-5.37,-22.2,1015.16,122.5,-175.0,-17.5
396040,-5.37,-22.2,1015.16,140.0,-192.5,-17.5
396069,-5.37,-22.2,1015.28,122.5,-175.0,-17.5
396099,-5.25,-22.2,1015.28,105.0,-175.0,-35.0
396128,-5.25,-22.2,1015.28,140.0,-175.0,-35.0
396158,-5.25,-22.2,1015.28,122.5,-175.0,-35.0
396187,-5.25,-22.2,1015.28,140.0,-175.0,-35.0
396216,-5.25,-22.2,1015.28,122.5,-175.0,-35.0
396245,-5.37,-22.2,1015.28,105.0,-192.5,-35.0
396274,-5.37,-22.2,1015.28,105.0,-192.5,-17.5
396303,-5.37,-22.2,1015.28,122.5,-175.0,-35.0
396332,-5.37,-22.2,1015.28,122.5,-192.5,-17.5
396361,-5.37,-22.2,1015.28,122.5,-175.0,-17.5
396390,-5.37,-22.2,1015.28,122.5,-175.0,-35.0
396420,-5.37,-22.2,1015.28,122.5,-175.0,-35.0
396449,-5.37,-22.2,1015.28,105.0,-175.0,-35.0
396479,-5.37,-22.2,1015.28,122.5,-175.0,-35.0
396508,-5.25,-22.2,1015.28,105.0,-192.5,-35.0
396538,-5.37,-22.2,1015.28,105.0,-175.0,-35.0
396567,-5.37,-22.2,1015.28,122.5,-192.5,-35.0
396597,-5.37,-22.2,1015.28,105.0,-175.0,-35.0
396626,-5.37,-22.2,1015.28,140.0,-175.0,-17.5
396656,-5.37,-22.2,1015.41,140.0,-175.0,-35.0
396685,-5.37,-22.2,1015.41,140.0,-175.0,-35.0
396714,-5.37,-22.2,1015.41,140.0,-157.5,-17.5
396743,-5.37,-22.2,1015.41,122.5,-175.0,-35.0
396772,-5.25,-22.2,1015.53,140.0,-175.0,-35.0
396801,-5.25,-22.2,1015.53,122.5,-175.0,-52.5
396830,-5.25,-22.2,1015.53,122.5,-175.0,-35.0
396859,-5.37,-22.2,1015.53,122.5,-175.0,-35.0
396888,-5.25,-22.2,1015.53,122.5,-192.5,-35.0
396918,-5.25,-22.2,1015.53,105.0,-175.0,-52.5
396947,-5.25,-22.2,1015.53,122.5,-175.0,-35.0
396977,-5.25,-22.2,1015.53,122.5,-175.0,-17.5
397006,-5.37,-22.2,1015.53,122.5,-175.0,-17.5
397036,-5.37,-22.2,1015.53,122.5,-175.0,-17.5
397065,-5.37,-22.33,1015.53,122.5,-175.0,-35.0
397095,-5.37,-22.33,1015.65,122.5,-175.0,-17.5
397124,-5.37,-22.2,1015.65,122.5,-192.5,-35.0
397154,-5.37,-22.2,1015.65,140.0,-175.0,-35.0
397183,-5.25,-22.2,1015.65,122.5,-175.0,-35.0
397212,-5.37,-22.2,1015.65,140.0,-175.0,-17.5
397241,-5.37,-22.2,1015.65,122.5,-175.0,-17.5
397270,-5.37,-22.2,1015.77,122.5,-157.5,-35.0
397299,-5.25,-22.2,1015.77,122.5,-192.5,-35.0
397328,-5.37,-22.2,1015.77,122.5,-192.5,-35.0
397357,-5.37,-22.2,1015.77,122.5,-175.0,-35.0
397386,-5.37,-22.2,1015.77,122.5,-175.0,-17.5
397416,-5.25,-22.2,1015.77,122.5,-175.0,-35.0
397445,-5.25,-22.2,1015.77,122.5,-175.0,-35.0
397475,-5.37,-22.2,1015.77,122.5,-192.5,-35.0
397504,-5.37,-22.2,1015.77,105.0,-192.5,-35.0
397534,-5.37,-22.2,1015.77,122.5,-175.0,-35.0
397563,-5.37,-22.2,1015.77,105.0,-175.0,-17.5
397593,-5.25,-22.2,1015.77,122.5,-192.5,-35.0
397622,-5.25,-22.2,1015.77,140.0,-192.5,-17.5
397652,-5.25,-22.2,1015.77,122.5,-210.0,-35.0
397681,-5.25,-22.2,1015.77,140.0,-175.0,-17.5
397711,-5.25,-22.2,1015.77,122.5,-175.0,-35.0
397740,-5.25,-22.2,1015.89,105.0,-175.0,-35.0
397769,-5.25,-22.2,1015.89,140.0,-175.0,-17.5
397798,-5.25,-22.2,1015.89,140.0,-175.0,-17.5
397827,-5.25,-22.2,1015.89,105.0,-175.0,-35.0
397856,-5.25,-22.2,1015.89,122.5,-175.0,-35.0
397885,-5.25,-22.2,1015.89,122.5,-192.5,-52.5
397914,-5.25,-22.2,1015.89,122.5,-192.5,-35.0
397943,-5.25,-22.2,1015.77,122.5,-192.5,-35.0
397973,-5.25,-22.2,1015.77,122.5,-175.0,-35.0
398002,-5.25,-22.2,1015.77,140.0,-175.0,-35.0
398032,-5.25,-22.2,1015.77,122.5,-157.5,-17.5
398061,-5.25,-22.2,1015.65,140.0,-175.0,-35.0
398091,-5.25,-22.2,1015.65,140.0,-175.0,-35.0
398120,-5.25,-22.2,1015.65,122.5,-175.0,-35.0
398150,-5.25,-22.2,1015.53,122.5,-175.0,-35.0
398179,-5.25,-22.2,1015.53,122.5,-157.5,-35.0
398209,-5.25,-22.2,1015.53,122.5,-175.0,-52.5
398238,-5.25,-22.2,1015.41,140.0,-157.5,-17.5
398267,-5.25,-22.2,1015.53,140.0,-157.5,-35.0
398296,-5.25,-22.2,1015.41,105.0,-175.0,-52.5
398325,-5.25,-22.2,1015.53,122.5,-175.0,-35.0
398354,-5.25,-22.2,1015.53,140.0,-175.0,-35.0
398383,-5.25,-22.2,1015.41,122.5,-157.5,-35.0
398412,-5.25,-22.2,1015.53,140.0,-175.0,-17.5
398441,-5.25,-22.2,1015.53,105.0,-192.5,-17.5
398471,-5.25,-22.2,1015.53,122.5,-192.5,-35.0
398500,-5.25,-22.2,1015.53,122.5,-175.0,-35.0
398530,-5.25,-22.2,1015.53,122.5,-175.0,-17.5
398559,-5.37,-22.2,1015.53,122.5,-157.5,-35.0
398589,-5.25,-22.2,1015.53,122.5,-175.0,-35.0
398618,-5.25,-22.2,1015.53,122.5,-175.0,-35.0
398648,-5.25,-22.2,1015.53,122.5,-175.0,-35.0
398677,-5.25,-22.2,1015.53,122.5,-175.0,-35.0
398707,-5.25,-22.2,1015.53,122.5,-192.5,-35.0
398736,-5.12,-22.2,1015.53,122.5,-192.5,-35.0
398765,-5.25,-22.2,1015.53,122.5,-175.0,-35.0
398794,-5.25,-22.2,1015.53,122.5,-175.0,-35.0
398823,-5.25,-22.2,1015.53,105.0,-175.0,-35.0
398852,-5.25,-22.2,1015.53,122.5,-175.0,-35.0
398881,-5.25,-22.33,1015.53,105.0,-175.0,-17.5
398910,-5.25,-22.2,1015.53,122.5,-192.5,0.0
398939,-5.25,-22.2,1015.53,140.0,-175.0,0.0
398969,-5.25,-22.2,1015.53,105.0,-175.0,-17.5
398998,-5.25,-22.2,1015.53,122.5,-175.0,0.0
399028,-5.37,-22.2,1015.53,105.0,-192.5,-35.0
399057,-5.37,-22.2,1015.53,105.0,-175.0,-35.0
399087,-5.25,-22.2,1015.53,105.0,-175.0,-17.5
399116,-5.25,-22.2,1015.53,122.5,-175.0,-35.0
399146,-5.25,-22.2,1015.53,122.5,-175.0,-35.0
399175,-5.37,-22.2,1015.53,140.0,-192.5,-17.5
399205,-5.25,-22.2,1015.53,122.5,-192.5,-35.0
399234,-5.25,-22.2,1015.53,105.0,-192.5,-52.5
399263,-5.25,-22.2,1015.53,122.5,-157.5,-35.0
399292,-5.25,-22.2,1015.65,122.5,-157.5,-35.0
399321,-5.25,-22.2,1015.53,122.5,-175.0,-35.0
399350,-5.25,-22.2,1015.65,122.5,-175.0,-35.0
399379,-5.25,-22.2,1015.65,122.5,-175.0,-17.5
399409,-5.25,-22.2,1015.65,140.0,-175.0,-35.0
399438,-5.25,-22.2,1015.65,122.5,-192.5,-35.0
399468,-5.25,-22.2,1015.65,140.0,-192.5,-35.0
399497,-5.25,-22.2,1015.65,122.5,-175.0,-17.5
399527,-5.25,-22.2,1015.77,122.5,-192.5,-52.5
399556,-5.25,-22.2,1015.77,122.5,-192.5,-35.0
399586,-5.25,-22.2,1015.65,122.5,-175.0,-17.5
399615,-5.25,-22.2,1015.65,140.0,-157.5,-35.0
399645,-5.25,-22.2,1015.65,122.5,-175.0,-35.0
399674,-5.25,-22.2,1015.65,122.5,-175.0,-35.0
399704,-5.25,-22.2,1015.65,122.5,-192.5,-17.5
399733,-5.25,-22.2,1015.65,122.5,-192.5,-35.0
399762,-5.25,-22.2,1015.65,122.5,-192.5,-17.5
399791,-5.25,-22.2,1015.65,122.5,-192.5,-17.5
399820,-5.37,-22.2,1015.53,140.0,-192.5,-35.0
399849,-5.37,-22.2,1015.53,140.0,-157.5,-35.0
399878,-5.25,-22.2,1015.53,122.5,-175.0,-35.0
399907,-5.25,-22.2,1015.53,122.5,-175.0,-35.0
399936,-5.25,-22.2,1015.53,122.5,-175.0,-17.5
399966,-5.25,-22.2,1015.53,105.0,-175.0,-35.0
399995,-5.25,-22.2,1015.53,122.5,-175.0,-35.0
400025,-5.37,-22.08,1015.53,105.0,-192.5,-35.0
400054,-5.37,-22.2,1015.53,122.5,-175.0,-17.5
400084,-5.37,-22.2,1015.53,140.0,-175.0,-35.0
400113,-5.37,-22.2,1015.53,122.5,-175.0,-35.0
400143,-5.37,-22.2,1015.53,122.5,-175.0,-35.0
400172,-5.37,-22.2,1015.53,122.5,-175.0,-35.0
400202,-5.37,-22.2,1015.53,122.5,-192.5,-35.0
400231,-5.37,-22.2,1015.53,105.0,-175.0,-35.0
400260,-5.37,-22.2,1015.53,122.5,-175.0,-35.0
400289,-5.37,-22.2,1015.53,122.5,-175.0,-35.0
400318,-5.37,-22.2,1015.53,122.5,-175.0,-17.5
