timestamp_ms,acc_x,acc_y,acc_z,gyro_x,gyro_y,gyro_z
2107,5.37,112.24,970.14,-682.5,3185.0,105.0
2136,4.76,107.85,973.19,612.5,1522.5,210.0
2166,3.42,104.31,975.02,892.5,192.5,-192.5
2196,1.83,101.14,976.0,-735.0,700.0,-210.0
2226,-0.12,97.84,977.59,-455.0,385.0,437.5
2256,-1.95,94.43,979.54,87.5,455.0,1295.0
2285,-2.93,91.38,981.25,-280.0,227.5,910.0
2315,-3.9,88.94,982.83,-157.5,-525.0,52.5
2344,-5.49,86.38,984.42,-560.0,-822.5,210.0
2374,-6.71,83.08,986.74,-1067.5,-560.0,507.5
2403,-7.44,79.91,989.42,70.0,-455.0,805.0
2433,-7.44,77.47,991.01,542.5,-367.5,1085.0
2462,-6.95,75.4,992.1,-140.0,-192.5,612.5
2492,-6.83,73.44,993.45,-105.0,-507.5,-227.5
2521,-7.44,71.49,994.91,437.5,-17.5,542.5
2551,-7.56,69.66,995.4,262.5,-297.5,717.5
2580,-7.2,68.08,996.5,-770.0,350.0,17.5
2610,-7.2,66.61,998.57,875.0,-402.5,-70.0
2640,-6.83,65.39,999.67,980.0,-332.5,-367.5
2670,-6.71,64.42,1000.4,577.5,175.0,-717.5
2700,-7.08,63.2,1000.89,175.0,700.0,-1155.0
2730,-7.81,62.22,1000.89,210.0,525.0,-875.0
2760,-8.91,61.0,1001.01,-157.5,-70.0,-945.0
2789,-10.25,60.02,1001.62,-122.5,17.5,-507.5
2819,-11.22,59.05,1002.35,-332.5,490.0,210.0
2848,-11.59,57.46,1003.33,-17.5,0.0,140.0
2878,-11.35,56.12,1004.43,297.5,175.0,-210.0
2907,-10.74,55.14,1005.4,157.5,595.0,-262.5
2937,-9.88,54.41,1006.38,735.0,787.5,-420.0
2966,-9.76,54.17,1006.26,1015.0,315.0,-1225.0
2996,-10.61,54.05,1005.4,245.0,210.0,-1662.5
3025,-12.32,53.68,1004.91,-367.5,455.0,-1050.0
3055,-13.66,52.95,1005.16,-682.5,350.0,-752.5
3084,-14.4,52.09,1006.01,245.0,-350.0,-805.0
3114,-15.37,51.61,1006.5,17.5,-245.0,-822.5
3143,-16.84,50.51,1007.48,-1015.0,682.5,-682.5
3173,-18.54,48.8,1008.82,980.0,-175.0,525.0
3202,-19.28,48.43,1008.7,1662.5,-17.5,1557.5
3231,-19.03,49.41,1007.6,385.0,52.5,420.0
3261,-20.01,49.65,1006.62,-507.5,577.5,612.5
3290,-21.35,49.29,1006.26,-927.5,350.0,1365.0
3320,-21.84,49.17,1006.5,-805.0,-297.5,1207.5
3349,-21.72,49.04,1007.11,-1067.5,-227.5,490.0
3378,-21.47,48.31,1008.7,-840.0,665.0,1067.5
3407,-20.5,47.34,1010.16,262.5,157.5,787.5
3437,-19.28,47.21,1010.65,385.0,315.0,-455.0
3466,-18.91,47.09,1010.28,297.5,0.0,-1102.5
3496,-19.03,46.85,1009.79,-227.5,490.0,-805.0
3525,-19.52,46.6,1009.79,-140.0,262.5,-962.5
3555,-20.62,46.36,1009.79,-227.5,87.5,-1312.5
3584,-22.2,45.75,1010.04,-647.5,542.5,-630.0
3614,-23.67,45.02,1010.65,227.5,-297.5,-280.0
3643,-24.64,44.29,1010.77,490.0,-245.0,52.5
3673,-25.38,43.68,1010.89,262.5,297.5,420.0
3703,-25.62,43.19,1011.26,105.0,245.0,245.0
3732,-25.86,42.58,1011.87,402.5,-122.5,-87.5
3762,-26.11,42.33,1012.11,665.0,245.0,455.0
3791,-25.86,42.58,1012.23,717.5,-245.0,-490.0
3821,-26.11,42.82,1011.75,735.0,17.5,-385.0
3850,-26.47,43.07,1011.01,367.5,-420.0,-577.5
3880,-26.6,43.19,1010.28,227.5,-1295.0,-1417.5
3909,-26.96,43.07,1010.53,-560.0,122.5,-1312.5
3939,-27.57,42.58,1011.38,297.5,-472.5,-1155.0
3968,-27.82,42.21,1011.75,332.5,-52.5,-472.5
3998,-28.18,42.21,1011.75,577.5,-350.0,-507.5
4027,-28.79,42.33,1011.38,0.0,315.0,52.5
4057,-29.28,42.33,1011.26,-140.0,-87.5,-210.0
4086,-29.65,42.21,1011.14,525.0,-630.0,70.0
4116,-29.89,42.21,1010.65,-280.0,17.5,157.5
4146,-30.01,42.09,1010.89,-490.0,0.0,70.0
4175,-30.26,41.85,1011.38,-105.0,-227.5,157.5
4204,-30.26,41.48,1011.87,612.5,-472.5,140.0
4233,-30.5,41.24,1011.87,700.0,-315.0,315.0
4263,-30.26,41.36,1011.14,245.0,-52.5,490.0
4292,-30.01,41.85,1010.65,105.0,-297.5,-52.5
4322,-29.89,42.21,1010.4,70.0,-192.5,157.5
4351,-29.77,42.46,1010.28,-647.5,-105.0,-140.0
4381,-30.01,42.09,1011.01,-175.0,-262.5,-122.5
4410,-30.26,41.72,1011.75,262.5,35.0,210.0
4440,-30.5,41.48,1012.23,700.0,-140.0,87.5
4469,-30.62,41.72,1011.87,787.5,-542.5,70.0
4499,-30.62,41.97,1011.26,-770.0,315.0,-227.5
4528,-30.87,41.72,1011.75,35.0,17.5,227.5
4558,-30.74,41.6,1012.11,875.0,-665.0,227.5
4587,-30.5,41.72,1011.87,717.5,-735.0,-35.0
4617,-30.01,41.97,1011.62,-262.5,35.0,-227.5
4647,-30.01,42.09,1012.11,-245.0,297.5,-367.5
4676,-30.26,41.97,1012.6,682.5,17.5,17.5
4706,-30.5,41.97,1012.36,787.5,-122.5,105.0
4735,-30.74,42.21,1011.87,262.5,-87.5,-227.5
4765,-31.23,42.33,1011.62,175.0,-455.0,-210.0
4794,-31.72,42.33,1011.62,-210.0,315.0,507.5
4824,-31.6,42.21,1012.11,122.5,105.0,420.0
4853,-31.35,42.46,1012.48,315.0,-52.5,-35.0
4883,-31.48,42.58,1012.23,805.0,-507.5,-52.5
4912,-31.35,42.82,1011.75,-105.0,367.5,262.5
4942,-31.11,43.19,1011.5,122.5,-507.5,-227.5
4971,-31.23,43.31,1011.5,-175.0,-192.5,-297.5
5001,-31.72,43.07,1011.87,157.5,0.0,70.0
5031,-31.96,42.94,1012.11,192.5,-227.5,52.5
5061,-32.09,43.19,1011.99,140.0,-402.5,-192.5
5090,-32.33,43.68,1011.26,0.0,-595.0,-245.0
5119,-32.21,43.8,1010.53,-577.5,-437.5,-157.5
5148,-31.96,43.68,1010.89,-717.5,-472.5,-192.5
5177,-31.84,43.31,1011.87,35.0,-280.0,52.5
5207,-31.6,43.19,1012.36,770.0,-367.5,-17.5
5236,-31.48,43.31,1011.99,297.5,-140.0,-175.0
5266,-31.6,43.31,1011.75,-140.0,-210.0,-490.0
5295,-32.09,42.94,1011.87,560.0,-385.0,420.0
5325,-32.21,42.94,1011.87,420.0,35.0,612.5
5354,-32.21,42.94,1011.87,140.0,0.0,315.0
5384,-32.21,42.82,1012.11,-35.0,70.0,402.5
5414,-31.72,42.94,1012.36,350.0,-507.5,-122.5
5444,-31.35,43.19,1012.36,245.0,-35.0,-70.0
5473,-30.99,43.43,1012.23,315.0,-35.0,-262.5
5503,-30.99,43.68,1011.5,140.0,-280.0,-455.0
5532,-31.23,43.8,1011.01,-315.0,-70.0,-192.5
5561,-31.48,43.8,1011.14,140.0,-350.0,-52.5
5591,-31.72,43.55,1011.5,402.5,-402.5,70.0
5620,-31.84,43.43,1011.62,0.0,-140.0,-35.0
5650,-31.72,43.55,1011.38,210.0,-455.0,-157.5
5679,-31.48,43.68,1011.14,-140.0,-227.5,-140.0
5708,-31.23,43.8,1011.14,35.0,-87.5,52.5
5737,-31.11,43.8,1011.38,35.0,-52.5,-192.5
5767,-30.99,43.8,1011.38,87.5,-35.0,-227.5
5796,-30.99,43.55,1011.38,140.0,-175.0,-192.5
5826,-31.35,43.43,1011.38,315.0,-210.0,-192.5
5855,-31.6,43.68,1011.01,175.0,-140.0,122.5
5885,-31.48,43.68,1010.89,-192.5,-140.0,-70.0
5914,-31.48,43.68,1011.14,35.0,-210.0,-105.0
5944,-31.48,43.43,1011.5,367.5,-87.5,52.5
5974,-31.35,43.31,1011.75,507.5,-70.0,-87.5
6004,-31.35,43.55,1011.38,682.5,-262.5,122.5
6033,-31.35,43.8,1010.65,-210.0,52.5,-70.0
6062,-31.48,43.92,1010.65,-35.0,-87.5,-70.0
6092,-31.6,43.92,1011.14,-105.0,227.5,-87.5
6121,-31.72,43.8,1011.26,700.0,-490.0,87.5
6151,-31.72,43.8,1010.89,0.0,-227.5,52.5
6180,-31.6,44.04,1011.01,-17.5,17.5,-52.5
6210,-31.72,44.04,1011.14,-17.5,-210.0,-297.5
6239,-31.84,44.04,1011.14,490.0,-595.0,-52.5
6269,-31.72,44.41,1010.53,-52.5,-665.0,-280.0
6298,-31.48,44.65,1009.92,-962.5,-490.0,-437.5
6328,-31.23,44.53,1010.4,-700.0,-35.0,122.5
6357,-30.99,44.16,1011.38,140.0,-647.5,-490.0
6387,-31.11,43.68,1012.23,332.5,-87.5,-122.5
6416,-31.11,43.68,1012.11,752.5,-332.5,-87.5
6446,-31.23,43.68,1011.38,192.5,-350.0,-227.5
6475,-31.23,44.04,1010.77,420.0,-735.0,-227.5
6505,-30.99,44.16,1010.28,-525.0,-490.0,-402.5
6534,-30.99,43.92,1010.65,-280.0,-840.0,-542.5
6563,-31.11,43.55,1011.14,-332.5,245.0,52.5
6593,-31.11,43.19,1011.87,245.0,105.0,350.0
6622,-30.5,43.19,1011.87,822.5,-840.0,-105.0
6652,-30.26,43.55,1011.14,-157.5,-105.0,-245.0
6681,-30.01,43.68,1010.65,-122.5,-490.0,-297.5
6711,-29.89,43.55,1010.77,-770.0,-227.5,-280.0
6740,-29.77,43.19,1011.38,140.0,-525.0,-52.5
6770,-29.52,42.94,1011.99,52.5,87.5,-52.5
6800,-29.52,42.58,1012.11,455.0,-332.5,-17.5
6830,-29.65,42.46,1011.99,-175.0,297.5,140.0
6859,-29.65,42.46,1011.87,420.0,-472.5,70.0
6889,-29.52,42.46,1011.75,-35.0,-87.5,122.5
6918,-29.28,42.58,1011.5,122.5,-367.5,105.0
6948,-28.79,42.7,1011.38,-472.5,35.0,0.0
6978,-28.67,42.58,1011.75,52.5,-157.5,-192.5
7007,-28.55,42.21,1012.36,-140.0,297.5,0.0
7037,-28.55,41.97,1012.72,682.5,-332.5,-210.0
7066,-28.79,41.97,1012.36,35.0,612.5,367.5
7096,-28.79,41.97,1011.99,227.5,-87.5,140.0
7125,-28.91,41.97,1011.62,-210.0,-157.5,35.0
7155,-28.91,41.97,1011.75,35.0,-280.0,-35.0
7184,-29.04,41.72,1012.11,210.0,-367.5,-140.0
7214,-29.04,41.6,1012.11,262.5,-87.5,280.0
7243,-28.79,41.6,1012.11,-87.5,70.0,-17.5
7273,-28.79,41.48,1012.23,157.5,-175.0,-105.0
7302,-29.04,41.48,1012.11,490.0,-385.0,-17.5
7332,-29.28,41.48,1011.87,-87.5,-52.5,52.5
7362,-29.4,41.48,1011.75,-122.5,-175.0,175.0
7392,-29.28,41.24,1012.11,-70.0,-157.5,122.5
7421,-29.16,41.24,1012.6,402.5,-87.5,350.0
7450,-28.79,41.24,1012.84,507.5,-262.5,-105.0
7479,-28.79,41.36,1012.6,297.5,52.5,122.5
7508,-28.55,41.48,1012.23,210.0,-245.0,-175.0
7537,-28.55,41.48,1012.23,140.0,-350.0,-402.5
7566,-28.67,41.6,1012.11,420.0,-507.5,-297.5
7596,-28.91,41.6,1011.87,87.5,192.5,35.0
7625,-29.28,41.72,1011.75,175.0,0.0,332.5
7655,-29.16,41.6,1011.99,-87.5,175.0,105.0
7684,-28.67,41.72,1012.11,647.5,105.0,210.0
7714,-27.94,42.58,1011.14,420.0,297.5,-35.0
7743,-27.08,43.92,1009.06,-385.0,-192.5,-577.5
7773,-26.11,44.77,1007.35,-2205.0,-332.5,-1505.0
7802,-25.86,44.04,1007.84,-2047.5,-752.5,-2432.5
7832,-27.21,42.7,1009.18,-822.5,-1312.5,-2082.5
7861,-29.16,41.72,1010.53,-577.5,-997.5,-1085.0
7891,-30.99,40.26,1011.62,122.5,-1067.5,-560.0
7920,-33.06,39.04,1011.75,35.0,-1050.0,367.5
7949,-34.65,38.31,1011.14,-315.0,-2082.5,945.0
7978,-34.16,36.84,1011.38,-1295.0,-1015.0,1732.5
8007,-31.96,35.62,1013.45,140.0,-1592.5,840.0
8036,-29.52,35.5,1016.02,1155.0,-980.0,472.5
8065,-26.96,35.87,1018.09,1872.5,332.5,210.0
8095,-25.25,36.23,1018.46,3640.0,420.0,-315.0
8124,-24.64,36.97,1015.41,2537.5,892.5,-122.5
8154,-24.64,38.06,1011.62,157.5,192.5,-245.0
8183,-24.4,39.28,1009.92,-787.5,35.0,-35.0
8213,-23.91,39.77,1010.4,-1172.5,-227.5,-1015.0
8242,-24.4,39.41,1012.11,122.5,-367.5,-910.0
8272,-25.13,38.67,1013.45,612.5,385.0,-210.0
8301,-25.99,38.06,1014.06,1330.0,-612.5,-105.0
8331,-26.47,37.82,1013.21,1505.0,-647.5,1015.0
8360,-25.74,38.31,1011.62,-157.5,-1277.5,87.5
8390,-24.16,39.04,1011.26,-315.0,-857.5,297.5
8419,-22.45,40.38,1011.87,-437.5,-227.5,-665.0
8448,-22.08,41.36,1012.84,17.5,35.0,-1330.0
8478,-22.94,40.99,1013.33,630.0,122.5,-840.0
8507,-24.16,40.5,1012.6,507.5,-385.0,-367.5
8537,-24.64,40.02,1012.23,-175.0,175.0,612.5
8566,-24.03,40.02,1012.84,332.5,-472.5,297.5
8596,-23.06,40.5,1013.33,700.0,-455.0,-70.0
8625,-22.2,40.87,1013.45,507.5,175.0,-140.0
8655,-21.35,40.99,1013.09,805.0,-542.5,-700.0
8684,-20.98,41.48,1012.36,105.0,17.5,-717.5
8714,-21.11,41.85,1012.11,175.0,-122.5,-665.0
8743,-21.47,41.97,1012.11,192.5,52.5,-455.0
8773,-22.2,42.09,1011.87,210.0,70.0,-35.0
8803,-22.94,42.33,1011.26,-175.0,87.5,-17.5
8833,-23.42,42.21,1011.38,-560.0,70.0,332.5
8863,-23.18,42.33,1012.11,350.0,-665.0,420.0
8893,-22.33,42.94,1012.48,525.0,-87.5,280.0
8923,-21.72,43.8,1012.11,595.0,227.5,-192.5
8952,-21.59,43.92,1011.14,-297.5,542.5,-577.5
8981,-22.08,43.43,1010.65,-770.0,-52.5,-560.0
9010,-22.94,42.58,1011.01,-315.0,-717.5,0.0
9040,-23.42,42.46,1011.87,280.0,-717.5,455.0
9069,-23.18,42.58,1012.23,525.0,-525.0,577.5
9099,-22.33,43.07,1011.87,315.0,-87.5,367.5
9128,-21.59,43.92,1011.38,0.0,122.5,-35.0
9158,-21.59,44.16,1011.01,-17.5,-350.0,-647.5
9187,-22.08,43.43,1010.89,-490.0,-17.5,-175.0
9217,-22.57,42.82,1011.99,122.5,-472.5,140.0
9246,-22.69,42.82,1012.84,787.5,-350.0,420.0
9276,-22.33,43.07,1012.6,682.5,-297.5,315.0
9305,-21.96,43.19,1011.75,175.0,-87.5,315.0
9335,-21.47,43.43,1010.89,-122.5,-525.0,-157.5
9364,-20.86,43.68,1011.26,-752.5,192.5,-192.5
9394,-20.5,43.68,1012.36,542.5,-525.0,-507.5
9423,-20.5,43.68,1012.84,665.0,-52.5,-350.0
9452,-20.74,43.68,1012.6,525.0,-52.5,-367.5
9482,-20.98,43.92,1012.11,385.0,-280.0,-280.0
9511,-21.11,44.41,1011.38,0.0,-402.5,-472.5
9541,-21.35,44.65,1011.01,-262.5,-542.5,-437.5
9570,-21.84,44.53,1011.38,-332.5,-507.5,-455.0
9599,-22.57,44.04,1011.87,227.5,-420.0,210.0
9628,-23.06,43.68,1012.11,385.0,-490.0,472.5
9658,-23.3,43.68,1011.62,192.5,-612.5,787.5
9687,-23.42,43.55,1011.38,-367.5,-490.0,822.5
9717,-23.06,43.43,1011.62,157.5,-560.0,1400.0
9746,-21.96,43.55,1011.75,227.5,-542.5,1172.5
9776,-20.25,44.41,1011.38,140.0,-315.0,630.0
9805,-18.42,44.9,1011.14,-927.5,210.0,-490.0
9835,-17.57,44.77,1011.87,-262.5,52.5,-910.0
9864,-17.45,44.41,1012.84,227.5,262.5,-752.5
9894,-17.69,44.16,1013.21,735.0,105.0,-665.0
9923,-18.3,44.04,1012.36,682.5,-367.5,-262.5
9952,-18.91,44.41,1011.14,-245.0,-280.0,-105.0
9981,-19.76,44.53,1010.4,-665.0,-402.5,-210.0
10010,-20.74,43.8,1010.89,-962.5,-210.0,367.5
10039,-21.23,42.94,1012.36,87.5,-770.0,752.5
10068,-20.86,42.7,1013.45,787.5,-525.0,910.0
10098,-19.89,43.07,1013.33,857.5,-507.5,420.0
10127,-18.79,43.68,1012.36,385.0,-665.0,157.5
10157,-17.81,44.29,1011.62,-367.5,-280.0,-245.0
10186,-17.57,44.16,1011.38,-52.5,-875.0,-682.5
10216,-17.93,43.68,1011.38,-770.0,17.5,35.0
10245,-18.06,42.7,1012.36,-367.5,-122.5,332.5
10275,-17.32,41.97,1013.7,560.0,-280.0,595.0
10304,-15.62,42.58,1014.31,1155.0,-262.5,140.0
10334,-14.03,43.68,1013.58,665.0,157.5,-1032.5
10363,-13.79,44.16,1012.6,-332.5,612.5,-1382.5
10393,-13.91,43.8,1012.11,-437.5,367.5,-875.0
10422,-13.54,43.19,1012.84,-367.5,0.0,-1435.0
10451,-13.79,43.07,1014.31,927.5,-227.5,-1487.5
10480,-15.01,43.19,1014.8,997.5,682.5,-910.0
10509,-16.71,43.07,1013.82,717.5,525.0,-577.5
10539,-18.67,42.82,1012.6,-17.5,262.5,140.0
10568,-20.13,42.58,1011.62,-70.0,-455.0,595.0
10598,-21.11,42.94,1010.65,-332.5,-980.0,857.5
10627,-21.72,43.07,1010.53,-1610.0,-280.0,1277.5
10656,-21.59,42.7,1012.11,-507.5,-612.5,1172.5
10685,-20.98,42.33,1013.21,665.0,-595.0,1155.0
10715,-20.5,42.46,1013.09,420.0,-805.0,630.0
10744,-20.25,42.46,1012.84,-192.5,-227.5,840.0
10774,-19.76,41.97,1012.84,630.0,-1067.5,770.0
10803,-18.79,41.85,1012.48,-87.5,-787.5,612.5
10833,-17.81,41.72,1012.84,280.0,-735.0,665.0
10862,-16.47,41.85,1012.84,542.5,-717.5,402.5
10892,-15.13,42.33,1012.6,-17.5,-87.5,227.5
10921,-14.15,42.94,1012.48,105.0,-420.0,-647.5
10950,-14.15,43.19,1012.6,-105.0,87.5,-647.5
10979,-14.27,43.19,1012.48,87.5,-35.0,-560.0
11008,-15.13,42.82,1012.11,0.0,-402.5,-490.0
11038,-15.74,42.46,1011.62,-70.0,-332.5,577.5
11067,-15.49,42.46,1011.26,-525.0,-612.5,280.0
11096,-15.62,42.7,1011.5,-385.0,-962.5,-35.0
11125,-15.25,42.46,1012.11,-297.5,-350.0,507.5
11155,-14.64,41.85,1013.58,0.0,-157.5,-70.0
11184,-14.88,41.36,1014.43,1120.0,-542.5,245.0
11214,-14.88,41.11,1013.82,665.0,-17.5,717.5
11243,-14.4,41.24,1012.6,385.0,-630.0,227.5
11273,-13.91,41.85,1011.5,-192.5,-787.5,192.5
11302,-13.18,42.33,1010.89,-787.5,-297.5,280.0
11332,-12.69,42.46,1011.14,-647.5,-700.0,-262.5
11361,-12.2,42.21,1011.62,-437.5,-385.0,105.0
11391,-11.71,41.72,1012.23,-297.5,-332.5,-157.5
11420,-11.22,41.11,1013.09,87.5,-175.0,-87.5
11449,-10.98,40.75,1013.7,577.5,-262.5,-122.5
11478,-10.98,40.63,1013.58,682.5,-490.0,-227.5
11507,-10.98,40.5,1013.09,-17.5,-35.0,122.5
11537,-10.98,40.26,1013.09,-192.5,-157.5,-70.0
11566,-10.98,39.77,1013.82,175.0,280.0,472.5
11596,-10.25,39.89,1013.94,630.0,70.0,280.0
11625,-9.64,40.14,1013.58,157.5,210.0,-262.5
11655,-9.03,40.02,1012.84,35.0,52.5,-280.0
11684,-8.54,40.02,1012.6,-420.0,122.5,-595.0
11714,-8.3,40.14,1012.84,175.0,-297.5,-665.0
11743,-8.17,40.26,1012.97,157.5,-35.0,-665.0
11773,-8.66,40.02,1012.48,472.5,-420.0,-560.0
11802,-9.03,39.77,1011.75,-577.5,385.0,227.5
11832,-9.03,39.77,1012.11,-315.0,-140.0,-367.5
11861,-9.03,39.77,1012.48,175.0,-227.5,-350.0
11891,-9.27,39.65,1012.97,122.5,-105.0,-490.0
11920,-10.0,39.41,1013.21,770.0,-420.0,-542.5
11949,-10.98,39.04,1013.33,192.5,157.5,210.0
11979,-11.1,38.55,1013.09,980.0,-1225.0,-35.0
12008,-10.86,38.67,1012.6,437.5,-910.0,175.0
12038,-10.37,39.04,1012.48,175.0,-1050.0,-87.5
12067,-9.88,39.28,1012.84,437.5,-1067.5,105.0
12097,-9.39,39.65,1012.72,455.0,-437.5,-175.0
12126,-9.27,39.77,1012.23,245.0,-525.0,-350.0
12156,-9.52,39.53,1012.36,-245.0,-70.0,227.5
12185,-9.27,39.28,1012.84,192.5,-350.0,157.5
12215,-8.78,39.16,1013.33,332.5,-122.5,385.0
12244,-8.05,39.04,1012.97,665.0,-385.0,402.5
12274,-6.71,39.77,1012.23,105.0,-437.5,52.5
12303,-5.25,40.99,1012.11,-507.5,385.0,-542.5
12333,-4.64,41.72,1012.6,-175.0,280.0,-1627.5
12362,-5.61,41.48,1013.09,-70.0,665.0,-1347.5
12392,-7.32,40.75,1013.33,315.0,35.0,-805.0
12422,-8.78,40.02,1013.21,332.5,-175.0,-122.5
12451,-9.52,39.65,1013.33,315.0,-297.5,577.5
12481,-9.52,39.53,1013.21,630.0,-630.0,857.5
12510,-8.66,40.02,1012.36,210.0,-682.5,437.5
12540,-7.56,40.63,1011.87,-420.0,-525.0,-35.0
12569,-6.83,40.75,1012.36,-315.0,-262.5,-245.0
12599,-6.71,40.63,1013.09,525.0,-752.5,-385.0
12628,-6.95,40.38,1013.58,472.5,-245.0,-175.0
12658,-7.32,40.38,1013.33,472.5,-280.0,140.0
12687,-7.32,40.75,1012.6,-70.0,-280.0,105.0
12717,-7.08,40.99,1012.36,-280.0,-612.5,-70.0
12746,-6.95,40.99,1012.36,87.5,-647.5,175.0
12776,-6.71,40.99,1012.11,-262.5,-542.5,87.5
12805,-6.59,40.75,1012.36,-297.5,-472.5,245.0
12835,-6.34,40.75,1012.72,245.0,-962.5,122.5
12864,-5.86,40.75,1012.97,140.0,-700.0,87.5
12894,-5.12,40.75,1013.21,262.5,-525.0,157.5
12924,-4.64,40.75,1013.33,-70.0,-420.0,-315.0
12953,-4.27,40.5,1013.33,525.0,-735.0,-122.5
12982,-3.9,40.38,1013.45,-122.5,-140.0,-17.5
13011,-3.66,40.38,1013.82,612.5,-857.5,-192.5
13041,-3.29,40.75,1013.94,595.0,70.0,420.0
13070,-2.68,41.24,1013.33,455.0,-350.0,-140.0
13100,-2.68,41.24,1012.84,-472.5,140.0,-192.5
13129,-2.93,40.75,1012.97,-210.0,-210.0,35.0
13159,-2.68,40.5,1013.7,70.0,-175.0,297.5
13188,-2.2,40.75,1014.06,770.0,-437.5,105.0
13218,-1.46,41.24,1013.58,315.0,17.5,122.5
13247,-0.49,41.72,1012.97,-157.5,-52.5,-402.5
13277,-0.24,41.72,1012.97,-157.5,-367.5,-822.5
13306,-0.37,41.24,1013.58,87.5,-52.5,-350.0
13336,-0.61,41.11,1013.82,350.0,-87.5,-385.0
13365,-0.98,40.99,1013.82,157.5,122.5,-175.0
13395,-1.46,41.11,1013.33,157.5,-175.0,-17.5
13424,-1.83,41.24,1013.09,-192.5,-140.0,175.0
13453,-1.83,41.36,1012.97,192.5,-297.5,472.5
13483,-1.34,41.48,1012.84,-140.0,-175.0,175.0
13512,-0.98,41.48,1013.09,-122.5,-17.5,157.5
13542,-0.73,41.24,1013.45,262.5,-350.0,-122.5
13571,-0.49,41.11,1013.7,140.0,-52.5,52.5
13601,0.0,41.11,1013.82,560.0,-245.0,-35.0
13630,0.37,41.6,1013.45,612.5,-192.5,-280.0
13660,0.61,41.97,1012.36,-105.0,-227.5,-577.5
13689,0.12,41.72,1011.87,-910.0,210.0,-297.5
13719,-0.49,41.24,1012.6,-297.5,-192.5,0.0
13748,-1.22,40.75,1013.58,367.5,-245.0,367.5
13778,-1.71,40.63,1013.45,630.0,-542.5,490.0
13807,-1.46,40.75,1012.97,-122.5,-70.0,752.5
13837,-0.61,40.87,1012.97,122.5,-157.5,595.0
13866,0.49,41.24,1012.97,192.5,-245.0,-17.5
13896,1.59,40.99,1013.33,-437.5,490.0,-402.5
13925,2.07,40.87,1013.58,752.5,-472.5,-787.5
13954,2.07,41.24,1013.21,175.0,87.5,-560.0
13984,1.71,41.48,1012.84,612.5,-437.5,-840.0
14013,1.1,41.97,1011.99,35.0,-52.5,-770.0
14043,0.24,41.97,1011.62,-875.0,210.0,-472.5
14072,-0.85,41.48,1012.11,192.5,-1137.5,-542.5
14101,-1.95,40.75,1012.36,-52.5,-70.0,612.5
14130,-2.32,40.26,1012.6,245.0,-455.0,577.5
14160,-2.2,40.02,1012.36,70.0,-280.0,962.5
14189,-1.59,40.02,1012.23,17.5,-542.5,822.5
14219,-0.73,40.26,1012.23,122.5,-595.0,455.0
14248,0.12,40.63,1012.6,-70.0,192.5,367.5
14278,0.73,40.75,1012.48,472.5,-525.0,-17.5
14307,1.22,40.75,1012.11,-140.0,-157.5,227.5
14337,1.95,40.75,1012.23,157.5,-595.0,-262.5
14366,2.68,41.11,1012.84,-35.0,245.0,-420.0
14396,2.93,41.48,1013.45,455.0,210.0,-1102.5
14425,2.07,41.36,1013.7,350.0,612.5,-1067.5
14455,0.49,40.75,1013.58,717.5,105.0,-262.5
14485,-0.98,40.14,1013.09,507.5,-332.5,245.0
14514,-1.83,39.89,1012.36,385.0,-805.0,892.5
14544,-1.22,39.89,1011.87,87.5,-682.5,1382.5
14573,0.37,40.63,1011.62,105.0,-910.0,542.5
14603,1.83,41.72,1011.14,-367.5,-262.5,-140.0
14632,2.44,42.09,1010.89,-752.5,-122.5,-840.0
14662,1.71,41.6,1011.38,-787.5,52.5,-472.5
14691,0.85,40.99,1012.6,-35.0,-437.5,-35.0
14721,0.24,40.38,1013.21,297.5,-210.0,455.0
14750,-0.12,40.14,1012.84,437.5,-525.0,595.0
14780,0.0,40.02,1012.11,-350.0,-105.0,980.0
14809,0.73,40.14,1011.87,-455.0,-577.5,612.5
14839,1.71,40.26,1012.48,-455.0,-385.0,140.0
14868,2.56,40.14,1013.7,105.0,-245.0,-87.5
14898,3.29,40.02,1014.19,455.0,-70.0,-420.0
14928,3.29,39.77,1014.06,332.5,-87.5,-507.5
14958,2.93,39.53,1013.58,227.5,122.5,105.0
14988,2.44,39.41,1013.33,105.0,-157.5,52.5
15017,1.95,39.41,1012.84,262.5,-577.5,227.5
15047,1.95,39.53,1012.23,-245.0,-227.5,682.5
15076,2.44,39.53,1012.36,-665.0,-35.0,262.5
15106,2.68,39.28,1013.33,-105.0,-17.5,210.0
15135,3.05,38.92,1014.06,315.0,122.5,105.0
15165,3.17,38.67,1014.55,542.5,52.5,-122.5
15194,3.05,38.67,1014.06,647.5,-140.0,122.5
15224,3.17,38.67,1013.09,52.5,-87.5,105.0
15253,3.54,38.67,1013.09,-367.5,17.5,-87.5
15283,3.9,38.55,1013.94,87.5,157.5,-420.0
15312,3.78,38.19,1014.92,892.5,402.5,-210.0
15342,3.42,38.06,1014.67,1417.5,-140.0,-35.0
15371,2.93,38.31,1013.21,595.0,-280.0,-105.0
15401,2.68,38.67,1011.99,-157.5,-52.5,227.5
15430,2.68,39.16,1011.38,-140.0,-280.0,157.5
15460,2.93,39.41,1011.5,-560.0,17.5,0.0
15490,2.93,39.16,1012.36,-105.0,-297.5,-385.0
15520,2.93,38.8,1013.09,700.0,-367.5,-105.0
15549,2.81,38.67,1013.09,630.0,70.0,-35.0
15578,2.68,38.92,1012.36,700.0,-560.0,-332.5
15608,2.56,39.41,1011.26,-700.0,210.0,-105.0
15637,2.44,39.53,1011.26,-455.0,-210.0,-210.0
15667,2.2,39.65,1011.62,-52.5,-157.5,0.0
15696,2.2,39.53,1011.62,-105.0,-350.0,-227.5
15726,1.71,39.16,1012.11,-192.5,-122.5,-17.5
15755,1.71,38.8,1012.48,280.0,-280.0,175.0
15785,1.59,38.8,1012.72,140.0,-140.0,17.5
15814,1.59,38.67,1012.6,385.0,-262.5,227.5
15844,1.95,38.8,1012.11,35.0,-157.5,52.5
15874,2.2,39.04,1011.75,227.5,-472.5,-17.5
15904,2.68,39.28,1011.38,-455.0,175.0,-210.0
15933,2.93,39.28,1011.62,-140.0,0.0,-385.0
15963,2.93,39.04,1011.87,0.0,-227.5,-542.5
15993,2.68,38.8,1011.87,-70.0,-35.0,-437.5
16023,2.2,38.55,1011.99,157.5,-140.0,-175.0
16052,1.83,38.55,1011.99,227.5,-122.5,-17.5
16081,1.71,38.8,1011.75,105.0,-245.0,-122.5
16111,1.59,38.55,1011.75,-367.5,-87.5,-122.5
16140,1.46,38.31,1012.36,105.0,-192.5,52.5
16170,1.46,38.06,1012.36,507.5,-245.0,35.0
16199,1.71,38.31,1011.99,35.0,0.0,-35.0
16229,1.95,38.55,1011.5,0.0,-490.0,-350.0
16258,1.95,38.43,1011.62,-700.0,280.0,-175.0
16288,1.59,38.19,1012.23,455.0,-332.5,-17.5
16317,1.34,38.31,1011.75,455.0,-560.0,-35.0
16347,1.46,38.19,1011.38,-560.0,192.5,122.5
16376,1.22,38.06,1011.87,577.5,-595.0,-70.0
16406,0.98,38.19,1011.75,420.0,-35.0,682.5
16436,1.34,38.31,1011.5,-87.5,280.0,385.0
16466,1.34,38.19,1011.62,-157.5,-525.0,-402.5
16495,0.85,37.82,1011.75,-105.0,-210.0,262.5
16525,1.1,38.06,1011.26,612.5,-822.5,385.0
16555,1.59,38.31,1010.65,-927.5,210.0,210.0
16585,1.71,38.06,1011.38,-87.5,-857.5,-227.5
16615,1.71,37.7,1011.99,-175.0,-105.0,52.5
16644,1.83,37.45,1012.23,175.0,-140.0,52.5
16674,1.95,37.58,1011.75,122.5,280.0,280.0
16703,1.95,37.82,1011.26,-665.0,962.5,367.5
16733,2.07,37.82,1011.01,105.0,-367.5,0.0
16762,1.95,37.94,1010.4,-1312.5,787.5,87.5
16792,1.34,37.33,1011.14,-2467.5,3447.5,682.5
16821,0.49,36.36,1012.36,-1645.0,4357.5,1417.5
16851,0.0,35.99,1012.23,-420.0,1697.5,525.0
16880,-0.37,35.87,1011.26,-525.0,140.0,-297.5
16910,-0.98,35.87,1010.16,-1365.0,857.5,-35.0
16939,-1.71,35.38,1009.43,-1732.5,0.0,-262.5
16969,-2.44,34.53,1009.43,-1540.0,332.5,35.0
16998,-3.42,33.92,1009.79,-1155.0,1277.5,822.5
17028,-5.0,31.6,1014.06,822.5,4217.5,700.0
17057,-6.22,29.52,1016.87,3867.5,1785.0,2362.5
17087,-7.32,29.04,1015.28,665.0,3447.5,1015.0
17116,-9.15,28.55,1014.8,1767.5,1540.0,1067.5
17145,-10.25,28.3,1014.43,665.0,840.0,717.5
17175,-11.35,28.43,1014.19,280.0,560.0,35.0
17204,-12.93,28.3,1013.94,-105.0,332.5,-227.5
17233,-14.76,27.94,1013.82,297.5,0.0,192.5
17262,-16.23,27.82,1013.58,630.0,-717.5,-87.5
17292,-17.32,27.82,1013.33,-52.5,-175.0,0.0
17321,-18.3,27.82,1013.33,-420.0,52.5,-122.5
17351,-19.03,27.82,1013.45,-332.5,350.0,192.5
17380,-19.76,27.82,1013.45,0.0,-140.0,-105.0
17410,-20.86,27.57,1013.33,35.0,-87.5,-70.0
17439,-22.08,27.21,1013.09,-1032.5,1172.5,647.5
17469,-23.18,27.08,1013.09,-945.0,1155.0,980.0
17498,-24.03,27.21,1013.21,297.5,-402.5,-262.5
17528,-24.89,26.84,1013.21,420.0,-455.0,-87.5
17557,-25.5,26.72,1013.21,52.5,-210.0,0.0
17587,-26.11,26.6,1013.21,385.0,-350.0,-175.0
17616,-26.72,26.35,1013.09,280.0,-70.0,-35.0
17646,-27.33,26.23,1013.09,245.0,-227.5,-140.0
17675,-28.06,26.11,1013.09,227.5,-17.5,-35.0
17704,-28.67,26.11,1013.09,192.5,-210.0,35.0
17734,-29.28,25.99,1012.97,-140.0,-210.0,-87.5
17763,-30.01,25.86,1012.97,245.0,-420.0,-105.0
17792,-30.38,25.74,1012.84,367.5,-280.0,70.0
17821,-30.74,25.62,1012.84,-122.5,105.0,70.0
17851,-31.23,25.62,1012.6,-87.5,-122.5,-105.0
17880,-31.72,25.62,1012.6,-402.5,52.5,0.0
17910,-32.21,25.62,1012.72,175.0,-507.5,-175.0
17939,-32.7,25.5,1012.6,192.5,-192.5,-157.5
17969,-33.18,25.5,1012.36,-542.5,-175.0,-402.5
17998,-33.43,25.13,1012.48,-455.0,-192.5,-87.5
18028,-33.67,24.89,1012.72,-87.5,-87.5,245.0
18057,-33.92,24.64,1012.72,227.5,-420.0,17.5
18087,-34.04,24.52,1012.6,140.0,-332.5,-35.0
18116,-34.16,24.4,1012.6,-122.5,-455.0,-52.5
18146,-34.28,24.28,1012.6,-262.5,17.5,157.5
18175,-34.28,24.16,1012.6,-122.5,-17.5,35.0
18205,-34.53,24.03,1012.6,-140.0,70.0,35.0
18235,-34.89,23.79,1012.6,87.5,-350.0,35.0
18264,-35.14,23.55,1012.6,-280.0,262.5,192.5
18293,-35.38,23.42,1012.6,-140.0,-175.0,87.5
18322,-35.5,23.18,1012.6,595.0,-997.5,-157.5
18351,-35.5,22.94,1012.48,-87.5,-245.0,0.0
18380,-35.38,22.81,1012.36,297.5,-980.0,-665.0
18409,-35.26,22.69,1012.36,-402.5,157.5,-140.0
18438,-35.26,22.57,1012.48,175.0,-192.5,-157.5
18468,-35.14,22.45,1012.6,455.0,-507.5,-157.5
18497,-35.14,22.2,1012.36,35.0,105.0,0.0
18527,-35.14,22.08,1012.23,-490.0,297.5,-192.5
18556,-35.62,21.96,1012.23,-105.0,17.5,-35.0
18586,-35.62,21.72,1012.23,455.0,-577.5,-140.0
18615,-35.62,21.47,1012.11,542.5,-717.5,-367.5
18645,-35.62,21.47,1011.75,-175.0,-35.0,-140.0
18674,-35.87,21.23,1011.87,-525.0,315.0,105.0
18704,-35.87,20.98,1011.87,210.0,-192.5,35.0
18733,-35.99,20.86,1011.75,350.0,-192.5,-17.5
18762,-36.11,20.74,1011.87,105.0,-87.5,0.0
18792,-36.11,20.74,1011.75,105.0,-70.0,0.0
18821,-35.99,20.62,1011.87,385.0,-612.5,-280.0
18850,-36.11,20.62,1011.87,402.5,-332.5,-70.0
18879,-36.23,20.5,1011.75,-140.0,262.5,175.0
18909,-36.11,20.37,1011.75,-70.0,122.5,35.0
18938,-36.11,20.37,1011.87,402.5,-105.0,-122.5
18967,-36.23,20.25,1011.87,17.5,52.5,-17.5
18996,-36.6,20.25,1011.87,227.5,-87.5,35.0
19026,-36.72,20.25,1011.87,157.5,87.5,105.0
19055,-36.72,20.25,1011.87,332.5,-105.0,122.5
19085,-36.6,20.25,1011.87,367.5,-175.0,-122.5
19114,-36.6,20.25,1011.87,35.0,-52.5,-402.5
19144,-36.72,20.25,1011.87,105.0,0.0,-385.0
19173,-37.09,20.25,1012.11,122.5,157.5,-157.5
19203,-37.33,20.25,1012.11,280.0,70.0,105.0
19232,-37.45,20.37,1012.11,-17.5,-17.5,-157.5
19262,-37.58,20.37,1012.11,105.0,-297.5,-210.0
19291,-37.58,20.37,1012.11,297.5,-385.0,-175.0
19321,-37.7,20.25,1012.11,420.0,-315.0,-105.0
19350,-37.82,20.25,1012.11,192.5,-315.0,17.5
19379,-37.82,20.37,1012.11,455.0,-700.0,-157.5
19408,-37.82,20.5,1012.11,210.0,-140.0,17.5
19437,-37.82,20.5,1012.11,210.0,-157.5,-105.0
19466,-37.94,20.5,1012.11,-262.5,175.0,122.5
19495,-37.94,20.5,1012.11,140.0,-367.5,192.5
19525,-37.82,20.74,1012.23,105.0,-245.0,52.5
19554,-37.82,20.74,1012.23,-175.0,35.0,-87.5
19584,-37.94,20.74,1012.11,-70.0,-52.5,-87.5
19613,-38.19,20.74,1012.11,17.5,-35.0,-70.0
19643,-38.19,20.62,1012.23,70.0,-262.5,35.0
19672,-37.94,20.62,1012.11,-192.5,70.0,105.0
19702,-37.94,20.5,1012.11,-105.0,70.0,17.5
19731,-37.94,20.5,1012.23,-507.5,437.5,332.5
19761,-38.06,20.5,1012.23,-175.0,-35.0,-157.5
19790,-38.55,20.37,1012.11,-70.0,-87.5,-227.5
19820,-38.92,20.13,1012.23,175.0,-560.0,-70.0
19849,-38.55,20.01,1012.23,210.0,-297.5,192.5
19879,-38.06,19.89,1012.11,-157.5,140.0,-70.0
19908,-37.7,19.64,1012.11,-175.0,-192.5,-280.0
19937,-37.82,19.52,1012.23,175.0,-542.5,-367.5
19966,-38.43,19.52,1012.23,262.5,-525.0,-52.5
19995,-39.04,19.52,1012.11,-227.5,-122.5,52.5
20024,-39.28,19.64,1012.23,105.0,-542.5,-122.5
20053,-39.16,19.76,1012.48,350.0,-402.5,70.0
20083,-38.8,19.64,1012.36,315.0,-297.5,-315.0
20112,-39.16,19.28,1012.11,-17.5,-367.5,-332.5
20142,-39.53,18.79,1011.87,490.0,-962.5,70.0
20171,-39.16,18.67,1011.87,192.5,-17.5,210.0
20201,-38.55,18.79,1011.99,52.5,437.5,262.5
20230,-38.06,19.03,1012.11,245.0,52.5,87.5
20260,-38.06,19.28,1012.36,-245.0,70.0,-227.5
20289,-38.67,19.28,1012.23,87.5,-140.0,-367.5
20319,-39.41,19.03,1012.11,70.0,-210.0,-35.0
20348,-39.65,18.54,1011.99,507.5,-647.5,157.5
20378,-39.53,18.42,1011.87,385.0,-385.0,472.5
20407,-39.28,18.54,1011.99,262.5,-595.0,105.0
20437,-39.04,18.54,1011.99,420.0,-455.0,140.0
20466,-39.04,18.79,1012.11,402.5,-542.5,245.0
20495,-38.8,19.15,1012.23,472.5,-892.5,-87.5
20524,-38.43,19.4,1012.23,122.5,-402.5,-52.5
20553,-38.06,19.15,1012.23,52.5,-105.0,70.0
20583,-37.82,18.79,1011.99,420.0,-280.0,157.5
20612,-37.45,18.79,1012.11,-17.5,-157.5,245.0
20642,-37.09,19.28,1012.36,87.5,-157.5,157.5
20671,-36.72,19.64,1012.36,420.0,-227.5,-70.0
20701,-36.48,19.76,1012.36,52.5,-17.5,-157.5
20730,-36.72,19.89,1012.48,350.0,87.5,17.5
20760,-37.09,19.76,1012.36,385.0,-140.0,35.0
20789,-37.33,19.52,1012.36,-105.0,-227.5,367.5
20819,-37.09,19.64,1012.36,227.5,-507.5,122.5
20848,-36.6,19.76,1012.36,122.5,-192.5,175.0
20878,-36.11,20.01,1012.36,-210.0,52.5,420.0
20907,-35.38,20.37,1012.6,455.0,-297.5,-367.5
20937,-35.14,20.5,1012.6,70.0,140.0,-297.5
20966,-35.87,20.37,1012.48,-350.0,157.5,-87.5
20996,-36.6,20.25,1012.48,140.0,-227.5,-122.5
21025,-37.21,20.25,1012.6,665.0,-840.0,87.5
21054,-36.72,20.5,1012.6,717.5,-927.5,157.5
21083,-35.99,20.74,1012.6,-192.5,-175.0,-262.5
21112,-35.87,20.74,1012.72,-245.0,105.0,-157.5
21141,-36.11,20.74,1012.72,280.0,-332.5,35.0
21170,-36.11,20.62,1012.72,245.0,-315.0,87.5
21200,-35.99,20.62,1012.6,-315.0,-35.0,-35.0
21229,-35.75,20.62,1012.72,-227.5,-280.0,-17.5
21258,-35.62,20.5,1012.84,-52.5,-350.0,-52.5
21287,-35.5,20.5,1012.84,-175.0,-87.5,157.5
21317,-35.26,20.5,1012.84,-962.5,420.0,245.0
21346,-35.14,20.5,1012.97,-280.0,-490.0,-630.0
21375,-35.26,20.5,1012.97,-140.0,-122.5,-87.5
21404,-35.26,20.25,1012.97,52.5,-455.0,-262.5
21434,-35.14,20.01,1012.84,-245.0,157.5,-87.5
21463,-34.77,19.89,1012.97,-385.0,192.5,-297.5
21493,-34.77,19.76,1012.97,-402.5,210.0,-490.0
21522,-35.01,19.4,1013.09,-227.5,-87.5,-192.5
21552,-35.14,19.28,1013.09,-122.5,-105.0,-35.0
21581,-35.01,19.03,1013.09,17.5,-35.0,-192.5
21611,-35.01,18.67,1013.09,-332.5,315.0,-122.5
21640,-35.38,18.42,1013.21,122.5,-70.0,-17.5
21669,-35.87,18.06,1013.09,315.0,-192.5,52.5
21699,-36.11,17.81,1012.97,122.5,-245.0,-157.5
21728,-36.36,17.45,1013.09,175.0,-350.0,157.5
21758,-36.11,17.45,1013.09,297.5,-280.0,262.5
21787,-35.99,17.45,1013.21,402.5,-455.0,-122.5
21816,-36.11,17.32,1013.09,367.5,-297.5,-35.0
21845,-35.99,17.08,1013.09,17.5,52.5,122.5
21875,-35.87,17.08,1013.09,87.5,-105.0,-70.0
21904,-35.87,17.08,1013.21,402.5,-122.5,52.5
21934,-36.11,16.96,1013.09,700.0,-595.0,-140.0
21963,-36.23,16.84,1013.09,-87.5,-70.0,-35.0
21993,-36.23,16.84,1012.97,-122.5,-105.0,52.5
22022,-36.11,16.84,1013.21,70.0,0.0,105.0
22052,-36.11,16.84,1013.21,332.5,-35.0,140.0
22081,-36.11,16.84,1013.21,227.5,70.0,35.0
22111,-36.11,16.84,1013.21,-175.0,-175.0,-210.0
22140,-36.36,16.84,1013.21,52.5,-87.5,-35.0
22170,-36.48,16.71,1013.09,140.0,-70.0,87.5
22200,-36.48,16.59,1013.09,315.0,-280.0,-122.5
22229,-36.48,16.47,1013.09,-70.0,52.5,87.5
22259,-36.6,16.59,1013.09,105.0,-297.5,-227.5
22288,-36.84,16.59,1012.97,175.0,-35.0,-87.5
22318,-37.09,16.35,1012.97,122.5,-315.0,0.0
22347,-37.09,16.35,1012.97,245.0,-227.5,175.0
22377,-36.72,16.59,1012.84,385.0,-227.5,105.0
22406,-36.6,16.59,1012.84,-105.0,-280.0,-472.5
22435,-36.84,16.47,1012.84,-70.0,-122.5,-87.5
22464,-36.97,16.47,1012.84,192.5,-35.0,70.0
22494,-37.09,16.47,1012.84,227.5,-157.5,52.5
22523,-36.97,16.47,1012.72,175.0,-87.5,0.0
22553,-36.84,16.47,1012.72,-175.0,52.5,-52.5
22582,-36.84,16.47,1012.84,175.0,-35.0,-122.5
22612,-37.21,16.35,1012.84,140.0,122.5,210.0
22641,-37.33,16.35,1012.84,70.0,105.0,262.5
22671,-37.58,16.35,1012.84,157.5,-140.0,-105.0
22700,-38.06,16.35,1012.84,52.5,210.0,367.5
22730,-37.82,16.35,1012.84,700.0,-525.0,52.5
22759,-37.45,16.35,1012.72,-262.5,-70.0,-175.0
22788,-37.7,16.35,1012.84,70.0,-437.5,-210.0
22817,-37.82,16.35,1012.72,52.5,-52.5,0.0
22846,-37.82,16.35,1012.84,455.0,-367.5,35.0
22876,-37.82,16.47,1012.6,472.5,-490.0,-140.0
22905,-37.82,16.47,1012.6,-175.0,35.0,-157.5
22935,-38.06,16.35,1012.6,-87.5,-140.0,-52.5
22964,-38.19,16.35,1012.6,280.0,-157.5,87.5
22994,-38.06,16.47,1012.6,315.0,-262.5,-70.0
23023,-38.06,16.59,1012.6,70.0,-280.0,-157.5
23053,-38.06,16.59,1012.6,52.5,-210.0,-105.0
23082,-38.19,16.59,1012.6,-17.5,157.5,105.0
23112,-38.31,16.59,1012.6,210.0,-192.5,35.0
23141,-38.31,16.59,1012.6,280.0,-367.5,-122.5
23171,-38.19,16.59,1012.6,472.5,-175.0,105.0
23200,-37.82,16.71,1012.6,-245.0,630.0,140.0
23230,-38.31,16.84,1012.6,140.0,-402.5,-437.5
23259,-38.67,17.08,1012.72,210.0,-367.5,315.0
23289,-38.43,17.08,1012.84,-35.0,-175.0,-402.5
23318,-38.8,16.84,1012.6,52.5,105.0,-87.5
23347,-38.92,16.59,1012.48,227.5,-402.5,227.5
23376,-38.55,16.59,1012.6,245.0,-192.5,-262.5
23405,-38.92,16.47,1012.36,122.5,-175.0,-175.0
23434,-39.16,16.35,1012.36,105.0,-332.5,157.5
23463,-39.04,16.59,1012.6,350.0,-560.0,157.5
23493,-38.43,16.84,1012.72,262.5,-262.5,140.0
23522,-37.94,17.08,1012.6,-210.0,262.5,-70.0
23552,-38.19,16.96,1012.72,-70.0,87.5,-280.0
23581,-38.55,16.96,1012.72,315.0,-105.0,-105.0
23611,-38.8,16.96,1012.6,315.0,-175.0,-227.5
23640,-38.92,17.08,1012.6,52.5,-140.0,-87.5
23670,-39.04,17.08,1012.6,332.5,-525.0,-280.0
23699,-38.92,16.84,1012.48,542.5,-665.0,-192.5
23729,-38.55,16.84,1012.48,175.0,157.5,192.5
23758,-38.55,17.08,1012.6,-175.0,315.0,-87.5
23788,-38.67,17.08,1012.6,52.5,-52.5,-35.0
23818,-38.92,17.08,1012.6,122.5,-227.5,0.0
23848,-38.92,17.32,1012.72,262.5,-70.0,-87.5
23878,-39.04,17.45,1012.84,-70.0,262.5,-140.0
23907,-39.28,17.2,1012.6,297.5,-262.5,0.0
23937,-39.16,17.2,1012.6,192.5,-227.5,52.5
23966,-39.04,17.45,1012.72,192.5,-280.0,-280.0
23995,-39.16,17.32,1012.84,175.0,0.0,35.0
24024,-39.16,17.32,1012.84,122.5,17.5,157.5
24054,-39.16,17.57,1012.84,-52.5,35.0,-105.0
24083,-39.53,17.57,1012.84,52.5,-122.5,-210.0
24113,-39.77,17.45,1012.84,315.0,-437.5,35.0
24142,-39.77,17.57,1012.84,227.5,-245.0,17.5
24172,-39.77,17.57,1012.84,175.0,-280.0,0.0
24201,-39.65,17.69,1012.97,262.5,-245.0,52.5
24231,-39.53,17.81,1012.84,315.0,-175.0,35.0
24260,-39.65,17.81,1012.84,105.0,-297.5,-157.5
24290,-39.89,17.81,1012.84,157.5,-315.0,52.5
24319,-40.14,17.81,1012.84,367.5,-560.0,-52.5
24349,-39.89,17.81,1012.84,175.0,-332.5,245.0
24378,-39.53,18.06,1012.72,87.5,-437.5,-70.0
24407,-39.28,18.06,1012.84,-52.5,-70.0,35.0
24437,-39.28,18.06,1012.72,280.0,-280.0,-70.0
24466,-39.53,18.06,1012.84,245.0,-210.0,105.0
24495,-39.53,18.18,1012.72,402.5,-525.0,-157.5
24524,-39.53,18.3,1012.72,17.5,-262.5,0.0
24554,-39.41,18.54,1012.72,-35.0,-175.0,-87.5
24583,-39.28,18.54,1012.84,17.5,-122.5,-122.5
24613,-39.16,18.54,1012.84,332.5,-280.0,105.0
24642,-38.8,18.54,1012.84,-17.5,140.0,-70.0
24672,-38.8,18.67,1012.72,52.5,-175.0,-227.5
24701,-39.16,18.54,1012.72,-35.0,105.0,0.0
24731,-39.41,18.54,1012.72,455.0,-490.0,-52.5
24760,-39.53,18.54,1012.6,105.0,-350.0,122.5
24790,-39.28,18.54,1012.6,210.0,-402.5,-17.5
24819,-38.8,18.79,1012.72,210.0,-245.0,105.0
24849,-38.31,18.91,1012.72,175.0,-140.0,-192.5
24878,-38.55,18.79,1012.6,35.0,-52.5,-87.5
24907,-38.8,18.67,1012.6,140.0,-122.5,70.0
24937,-38.8,18.79,1012.6,245.0,-332.5,52.5
24966,-38.8,18.91,1012.6,157.5,-350.0,17.5
24996,-38.43,19.03,1012.6,70.0,-140.0,-35.0
25025,-38.31,19.03,1012.6,245.0,-262.5,-87.5
25055,-38.31,19.15,1012.6,87.5,-140.0,17.5
25084,-38.43,19.28,1012.6,175.0,-245.0,-105.0
25113,-38.55,19.28,1012.6,157.5,-315.0,17.5
25142,-38.55,19.28,1012.6,87.5,-350.0,-17.5
25172,-38.43,19.4,1012.72,17.5,-140.0,17.5
25201,-38.31,19.4,1012.6,105.0,-315.0,-17.5
25231,-38.31,19.4,1012.6,87.5,-332.5,70.0
25260,-38.06,19.4,1012.6,-157.5,-157.5,-105.0
25290,-38.06,19.4,1012.6,-105.0,-192.5,-17.5
25319,-38.19,19.4,1012.6,192.5,-175.0,210.0
25349,-37.94,19.52,1012.6,87.5,-87.5,87.5
25379,-37.94,19.52,1012.6,-315.0,-157.5,-262.5
25409,-38.06,19.28,1012.6,-35.0,-210.0,52.5
25438,-37.94,19.28,1012.6,105.0,-297.5,52.5
25467,-37.82,19.28,1012.6,507.5,-682.5,-245.0
25496,-37.82,19.28,1012.48,52.5,-262.5,-87.5
25525,-37.7,19.15,1012.48,-630.0,350.0,-105.0
25554,-37.82,19.15,1012.6,-262.5,560.0,52.5
25583,-37.58,19.03,1012.6,262.5,-332.5,-105.0
25612,-37.45,19.03,1012.6,-52.5,-175.0,-210.0
25641,-37.58,18.91,1012.48,-297.5,87.5,-192.5
25671,-37.58,18.79,1012.6,-192.5,17.5,-17.5
25700,-37.82,18.54,1012.6,-35.0,-192.5,-17.5
25730,-37.82,18.3,1012.6,-17.5,-140.0,87.5
25759,-37.7,18.3,1012.6,-87.5,-105.0,52.5
25789,-37.58,18.3,1012.6,17.5,-175.0,-140.0
25818,-37.7,18.06,1012.6,87.5,-140.0,35.0
25848,-37.82,17.93,1012.6,175.0,-70.0,175.0
25877,-37.82,17.81,1012.6,17.5,-87.5,-17.5
25907,-37.94,17.57,1012.72,210.0,-402.5,-105.0
25936,-38.06,17.57,1012.6,315.0,-437.5,35.0
25966,-37.94,17.45,1012.6,787.5,-1155.0,-490.0
25995,-37.58,17.45,1012.6,192.5,52.5,-192.5
26024,-37.58,17.32,1012.48,-472.5,402.5,-315.0
26053,-37.82,17.2,1012.6,70.0,-175.0,-245.0
26082,-37.82,17.08,1012.6,210.0,-175.0,17.5
26112,-37.58,16.96,1012.72,455.0,-52.5,-35.0
26141,-37.33,16.96,1012.6,17.5,245.0,17.5
26171,-37.58,16.96,1012.6,17.5,-122.5,-315.0
26200,-37.94,16.96,1012.84,367.5,-350.0,-87.5
26230,-37.94,16.96,1012.6,560.0,-682.5,-262.5
26259,-37.94,16.84,1012.6,210.0,-455.0,-280.0
26289,-37.82,16.84,1012.6,105.0,-87.5,105.0
26318,-37.7,17.08,1012.72,192.5,-87.5,17.5
26348,-37.82,17.08,1012.72,647.5,-507.5,-297.5
26377,-37.94,17.08,1012.6,525.0,-595.0,-262.5
26407,-38.06,17.08,1012.6,-175.0,315.0,332.5
26436,-37.82,17.32,1012.84,542.5,-577.5,-105.0
26466,-37.58,17.57,1012.84,350.0,-192.5,17.5
26495,-37.58,17.57,1012.72,140.0,-87.5,-35.0
26524,-37.58,17.57,1012.84,-192.5,262.5,70.0
26554,-37.58,17.57,1012.84,385.0,-227.5,0.0
26583,-37.58,17.81,1012.84,315.0,-420.0,-227.5
26612,-37.58,17.93,1012.84,140.0,-87.5,-52.5
26641,-37.58,18.06,1012.84,-35.0,-52.5,17.5
26671,-37.45,18.18,1013.09,210.0,-227.5,-157.5
26700,-37.45,18.3,1013.09,210.0,-105.0,0.0
26730,-37.45,18.3,1012.97,87.5,-52.5,-70.0
26759,-37.58,18.42,1013.09,157.5,-17.5,35.0
26789,-37.58,18.42,1012.97,87.5,-70.0,-70.0
26818,-37.7,18.54,1013.09,87.5,-122.5,52.5
26848,-37.7,18.67,1013.09,315.0,-210.0,-52.5
26877,-37.82,18.67,1013.09,297.5,-140.0,35.0
26907,-37.82,18.67,1012.84,175.0,-315.0,-140.0
26936,-37.82,18.79,1012.84,-105.0,-52.5,-17.5
26966,-37.82,18.79,1012.84,245.0,-192.5,0.0
26996,-37.7,18.91,1012.84,297.5,-192.5,-35.0
27025,-37.58,19.03,1012.84,175.0,-140.0,-105.0
27054,-37.7,19.03,1012.72,0.0,-70.0,-105.0
27083,-37.94,19.28,1012.97,-17.5,70.0,87.5
27113,-38.06,19.28,1012.84,490.0,-332.5,-52.5
27142,-38.19,19.15,1012.84,455.0,-612.5,-87.5
27172,-38.06,19.4,1012.84,0.0,122.5,227.5
27201,-37.94,19.52,1012.97,245.0,-105.0,87.5
27231,-37.94,19.76,1012.97,280.0,-192.5,-70.0
27260,-38.06,19.76,1012.84,332.5,-455.0,-105.0
27290,-38.31,19.76,1012.84,35.0,-122.5,87.5
27319,-38.19,19.76,1012.84,-70.0,17.5,105.0
27349,-38.06,19.89,1012.84,52.5,-105.0,35.0
27378,-37.82,20.01,1012.84,-70.0,140.0,0.0
27408,-38.06,20.01,1012.97,-52.5,157.5,35.0
27437,-38.31,20.13,1012.84,210.0,-175.0,17.5
27467,-38.31,20.01,1012.84,105.0,-140.0,35.0
27496,-38.31,20.01,1012.97,-35.0,-35.0,-17.5
27526,-38.31,20.13,1012.97,17.5,-17.5,87.5
27556,-38.43,20.13,1013.09,227.5,-227.5,-70.0
27585,-38.55,20.13,1013.09,297.5,-210.0,17.5
27615,-38.43,20.13,1012.97,-87.5,35.0,35.0
27644,-38.55,20.25,1013.09,0.0,17.5,-52.5
27674,-38.67,20.25,1013.09,455.0,-332.5,-140.0
27703,-38.8,20.13,1012.97,210.0,-17.5,140.0
27733,-38.92,20.13,1012.84,367.5,-490.0,-52.5
27762,-38.8,20.25,1012.84,-17.5,-210.0,35.0
27792,-38.8,20.25,1012.84,35.0,-122.5,-175.0
27821,-39.04,20.25,1012.84,367.5,-402.5,-157.5
27851,-39.04,20.25,1012.72,-70.0,105.0,210.0
27880,-39.04,20.37,1012.84,210.0,-297.5,-87.5
27910,-39.04,20.37,1012.84,140.0,-105.0,-52.5
27939,-39.28,20.37,1012.84,175.0,-157.5,35.0
27969,-39.28,20.37,1012.84,525.0,-577.5,-122.5
27998,-39.16,20.37,1012.6,-157.5,140.0,245.0
28028,-38.92,20.5,1012.84,122.5,-140.0,-87.5
28057,-39.04,20.62,1012.84,175.0,-157.5,-105.0
28087,-39.28,20.5,1012.84,262.5,-245.0,35.0
28116,-39.28,20.5,1012.6,17.5,-140.0,0.0
28145,-39.28,20.5,1012.72,105.0,-402.5,-157.5
28174,-39.28,20.62,1012.84,472.5,-472.5,-35.0
28203,-39.04,20.74,1012.84,-105.0,315.0,245.0
28232,-39.16,20.74,1012.84,122.5,-402.5,-280.0
28261,-39.28,20.74,1012.84,630.0,-682.5,-70.0
28291,-39.04,20.86,1012.84,-210.0,280.0,210.0
28320,-38.92,20.98,1012.84,-140.0,-122.5,-280.0
28349,-39.16,20.86,1012.84,52.5,-17.5,52.5
28378,-39.16,20.86,1012.84,0.0,-52.5,35.0
28408,-39.16,20.98,1012.84,315.0,-350.0,-52.5
28437,-39.16,20.86,1012.72,87.5,-262.5,-52.5
28467,-38.92,20.86,1012.72,-70.0,35.0,70.0
28497,-38.8,20.98,1012.84,-105.0,87.5,-105.0
28527,-39.28,20.86,1012.84,175.0,-227.5,-140.0
28556,-39.53,20.86,1012.72,490.0,-315.0,262.5
28586,-39.28,20.98,1012.6,0.0,-140.0,-70.0
28616,-39.16,20.98,1012.6,-105.0,-35.0,-70.0
28645,-39.28,20.86,1012.6,227.5,-157.5,-35.0
28674,-39.28,20.74,1012.6,315.0,-122.5,122.5
28703,-39.28,20.86,1012.48,-140.0,122.5,35.0
28733,-39.41,20.86,1012.6,385.0,-315.0,-70.0
28762,-39.53,20.86,1012.6,227.5,-245.0,-17.5
28792,-39.53,20.98,1012.6,210.0,-175.0,-17.5
28821,-39.53,20.98,1012.48,-105.0,105.0,17.5
28851,-39.65,20.98,1012.48,315.0,-367.5,52.5
28880,-39.53,20.98,1012.6,227.5,-280.0,0.0
28910,-39.65,21.11,1012.6,105.0,-70.0,-17.5
28939,-39.77,21.11,1012.36,70.0,-105.0,70.0
28969,-39.77,20.98,1012.48,280.0,-455.0,-122.5
28998,-39.77,20.98,1012.48,210.0,-192.5,140.0
29028,-39.65,21.11,1012.48,227.5,-262.5,-87.5
29057,-39.77,21.23,1012.6,350.0,-297.5,35.0
29087,-39.77,21.23,1012.48,280.0,-262.5,87.5
29116,-39.77,21.35,1012.36,17.5,-175.0,-70.0
29146,-39.65,21.35,1012.48,105.0,-87.5,105.0
29176,-39.53,21.47,1012.48,17.5,17.5,35.0
29205,-39.77,21.47,1012.36,297.5,-420.0,-175.0
29234,-39.89,21.47,1012.36,-122.5,-35.0,105.0
29263,-39.77,21.59,1012.23,332.5,-525.0,-52.5
29293,-39.77,21.59,1012.23,0.0,-157.5,70.0
29322,-39.65,21.72,1012.36,0.0,-385.0,-105.0
29352,-39.65,21.72,1012.48,17.5,-192.5,-17.5
29381,-39.65,21.72,1012.48,210.0,-245.0,52.5
29411,-39.77,21.72,1012.48,157.5,-472.5,-192.5
29440,-40.02,21.72,1012.36,0.0,-595.0,-157.5
29470,-39.89,21.72,1012.36,-17.5,-437.5,-105.0
29499,-39.53,21.72,1012.48,385.0,-612.5,0.0
29529,-38.92,21.72,1012.48,-140.0,105.0,35.0
29558,-38.67,21.72,1012.48,-52.5,17.5,-17.5
29588,-38.8,21.72,1012.48,-297.5,157.5,35.0
29617,-39.04,21.59,1012.6,87.5,-332.5,-52.5
29647,-39.04,21.47,1012.6,105.0,-227.5,70.0
29676,-39.04,21.47,1012.6,122.5,-280.0,-52.5
29705,-38.92,21.35,1012.6,70.0,-210.0,52.5
29735,-39.04,21.47,1012.72,262.5,-332.5,-140.0
29764,-39.16,21.59,1012.84,140.0,52.5,175.0
29794,-39.04,21.47,1012.84,0.0,-35.0,210.0
29823,-38.67,21.35,1012.72,192.5,-87.5,70.0
29853,-38.31,21.23,1012.72,192.5,-35.0,87.5
29882,-38.06,21.23,1012.72,-52.5,105.0,-35.0
29912,-38.31,21.11,1012.6,367.5,-665.0,-315.0
29941,-38.55,20.98,1012.6,17.5,-210.0,0.0
29971,-38.55,21.11,1012.6,-70.0,17.5,0.0
30001,-38.55,21.11,1012.84,17.5,175.0,210.0
30031,-38.31,21.11,1012.72,105.0,17.5,70.0
30061,-38.31,20.98,1012.84,105.0,-87.5,-122.5
30091,-38.31,20.74,1012.6,87.5,87.5,52.5
30121,-38.43,20.74,1012.72,52.5,35.0,-52.5
30151,-38.67,20.74,1012.84,577.5,-420.0,-35.0
30180,-38.92,20.74,1012.84,927.5,-1015.0,-367.5
30209,-38.8,20.74,1012.6,175.0,-297.5,-210.0
30238,-38.55,20.98,1012.84,-175.0,262.5,70.0
30267,-38.31,21.23,1012.97,157.5,-122.5,-280.0
30296,-38.55,20.98,1012.84,175.0,-35.0,-52.5
30325,-38.67,20.98,1012.6,192.5,-17.5,70.0
30355,-38.8,21.23,1012.72,-192.5,192.5,17.5
30384,-38.8,21.23,1012.84,332.5,-367.5,-52.5
30414,-38.92,21.23,1012.84,315.0,-332.5,-140.0
30443,-38.92,21.11,1012.72,245.0,-157.5,35.0
30473,-39.04,21.23,1012.84,70.0,35.0,-17.5
30502,-38.92,21.47,1012.84,140.0,-105.0,-70.0
30532,-39.04,21.47,1012.84,157.5,-297.5,-192.5
30561,-39.16,21.47,1012.84,157.5,-70.0,52.5
30591,-39.28,21.47,1012.84,-157.5,140.0,70.0
30620,-39.41,21.47,1012.84,350.0,-280.0,35.0
30650,-39.53,21.47,1012.84,420.0,-437.5,70.0
30679,-39.53,21.72,1012.84,262.5,-122.5,70.0
30708,-39.28,21.72,1012.84,-105.0,122.5,-52.5
30737,-39.41,21.84,1012.97,192.5,-280.0,-105.0
30766,-39.41,21.72,1012.97,350.0,-245.0,-17.5
30795,-39.53,21.84,1012.84,52.5,-157.5,-52.5
30824,-39.53,21.96,1012.97,175.0,-105.0,-52.5
30854,-39.65,22.08,1012.97,227.5,-35.0,-35.0
30883,-39.77,22.08,1012.97,227.5,-367.5,-122.5
30912,-39.77,22.2,1012.84,280.0,-402.5,-175.0
30941,-39.65,22.2,1012.84,-17.5,35.0,87.5
30971,-39.53,22.2,1012.97,367.5,-280.0,-70.0
31000,-39.53,22.2,1012.84,175.0,245.0,245.0
31030,-39.77,22.33,1012.84,175.0,-315.0,-210.0
31059,-40.02,22.45,1012.84,367.5,-227.5,175.0
31089,-40.02,22.57,1012.84,-245.0,280.0,140.0
31118,-39.89,22.69,1012.84,157.5,-455.0,-315.0
31148,-40.02,22.69,1012.97,-17.5,-17.5,122.5
31177,-39.89,22.69,1013.09,332.5,-385.0,-70.0
31207,-39.77,22.81,1012.97,210.0,-227.5,-175.0
31236,-40.02,22.81,1012.97,-35.0,35.0,52.5
31265,-40.02,22.81,1012.97,87.5,-157.5,-17.5
31295,-40.02,22.94,1012.97,52.5,-70.0,-35.0
31324,-40.14,22.94,1013.09,70.0,-157.5,52.5
31354,-40.26,22.94,1013.09,332.5,-245.0,0.0
31383,-40.26,22.94,1012.84,210.0,-315.0,-17.5
31413,-40.14,22.94,1012.97,-157.5,0.0,35.0
31442,-40.14,23.06,1012.97,367.5,-385.0,-140.0
31472,-40.26,23.06,1012.97,87.5,-52.5,35.0
31501,-40.26,23.06,1012.84,210.0,-367.5,-105.0
31531,-40.14,23.06,1012.84,35.0,-70.0,52.5
31560,-40.02,23.06,1012.97,175.0,-175.0,-52.5
31590,-40.02,23.18,1012.97,210.0,-52.5,52.5
31619,-40.26,23.18,1012.84,367.5,-332.5,-52.5
31649,-40.26,23.3,1012.84,122.5,-227.5,-105.0
31678,-40.14,23.3,1012.84,-105.0,-245.0,-192.5
31708,-40.14,23.42,1012.84,35.0,-140.0,-87.5
31737,-40.14,23.3,1012.84,175.0,-105.0,-17.5
31767,-40.14,23.3,1012.72,262.5,-262.5,-70.0
31796,-40.26,23.3,1012.72,52.5,-105.0,-70.0
31825,-40.38,23.3,1012.72,192.5,-210.0,-17.5
31854,-40.5,23.42,1012.84,17.5,-52.5,17.5
31883,-40.5,23.42,1012.72,525.0,-682.5,-245.0
31912,-40.5,23.3,1012.6,-70.0,-17.5,175.0
31941,-40.26,23.55,1012.72,192.5,-525.0,-175.0
31970,-40.02,23.67,1012.84,0.0,140.0,52.5
31999,-40.02,23.55,1012.72,157.5,-105.0,-35.0
32029,-40.14,23.55,1012.6,122.5,-105.0,-52.5
32058,-40.38,23.42,1012.48,52.5,-297.5,-122.5
32088,-40.38,23.42,1012.48,315.0,-332.5,52.5
32117,-40.26,23.55,1012.36,157.5,-227.5,-87.5
32147,-40.26,23.67,1012.36,-17.5,-35.0,17.5
32176,-40.26,23.67,1012.36,122.5,-280.0,-122.5
32206,-40.26,23.55,1012.23,245.0,-262.5,-35.0
32235,-40.14,23.67,1012.11,70.0,-87.5,17.5
32265,-40.26,23.67,1012.11,70.0,-262.5,-70.0
32294,-40.26,23.67,1012.11,210.0,-227.5,-52.5
32324,-40.26,23.67,1011.99,157.5,-350.0,-17.5
32353,-40.14,23.79,1012.11,175.0,-175.0,0.0
32382,-40.26,23.79,1012.11,297.5,-525.0,-315.0
32411,-40.26,23.67,1011.99,-52.5,-245.0,35.0
32440,-39.89,23.79,1011.99,35.0,-210.0,-35.0
32470,-39.65,23.91,1012.11,140.0,-17.5,-70.0
32499,-39.65,23.91,1011.99,245.0,-140.0,17.5
32529,-39.77,23.79,1011.99,-245.0,-35.0,-140.0
32558,-39.89,23.79,1011.99,262.5,-350.0,-35.0
32588,-39.77,23.79,1011.87,192.5,-315.0,-52.5
32617,-39.53,23.67,1011.99,35.0,70.0,105.0
32647,-39.53,23.79,1011.87,122.5,-192.5,-157.5
32676,-39.53,23.79,1011.87,-140.0,210.0,-35.0
32706,-39.89,23.79,1011.99,122.5,-157.5,-192.5
32735,-40.26,23.67,1011.99,367.5,-525.0,35.0
32765,-40.26,23.67,1011.87,297.5,-420.0,52.5
32794,-39.77,23.79,1011.99,-17.5,-35.0,70.0
32824,-39.53,23.91,1012.11,17.5,-70.0,-87.5
32854,-39.65,23.79,1011.99,105.0,-140.0,-140.0
32884,-40.02,23.67,1011.87,262.5,-472.5,-87.5
32913,-39.89,23.67,1011.99,87.5,-245.0,70.0
32942,-39.53,23.67,1012.11,227.5,-210.0,-35.0
32971,-39.41,23.79,1012.11,-140.0,175.0,35.0
33000,-39.53,23.91,1012.23,192.5,-262.5,-105.0
33029,-39.77,23.79,1012.11,140.0,-245.0,-17.5
33058,-39.77,23.91,1012.11,17.5,-245.0,52.5
33088,-39.53,23.91,1012.36,105.0,-192.5,-35.0
33117,-39.53,23.79,1012.23,35.0,-262.5,-17.5
33147,-39.77,23.79,1012.23,0.0,-52.5,245.0
33176,-39.53,23.79,1012.23,-227.5,140.0,140.0
33206,-39.53,23.79,1012.23,35.0,-262.5,17.5
33235,-39.53,23.67,1012.23,-17.5,-175.0,-35.0
33265,-39.53,23.67,1012.23,52.5,-210.0,-35.0
33294,-39.65,23.67,1012.36,105.0,-210.0,17.5
33324,-39.65,23.67,1012.23,210.0,-350.0,-35.0
33353,-39.77,23.42,1012.23,122.5,-507.5,-87.5
33383,-39.53,23.42,1012.23,-52.5,-192.5,192.5
33412,-39.16,23.55,1012.36,-227.5,157.5,-140.0
33442,-39.16,23.18,1012.23,140.0,-122.5,35.0
33471,-39.16,22.94,1012.11,-52.5,210.0,262.5
33500,-39.28,23.18,1012.11,-157.5,52.5,-122.5
33529,-39.65,23.18,1012.23,-262.5,52.5,52.5
33558,-40.02,22.94,1012.23,52.5,-227.5,17.5
33588,-40.02,22.69,1012.11,332.5,-612.5,0.0
33617,-39.77,22.57,1012.11,-175.0,-175.0,35.0
33647,-39.41,22.57,1012.23,-52.5,-227.5,-52.5
33676,-39.28,22.57,1012.36,-122.5,140.0,-17.5
33706,-39.28,22.45,1012.36,157.5,-192.5,-105.0
33735,-39.65,22.2,1012.11,-87.5,70.0,-17.5
33765,-39.77,21.96,1012.11,52.5,-192.5,-35.0
33794,-39.65,21.96,1012.11,35.0,-70.0,70.0
33824,-39.53,21.84,1012.11,35.0,0.0,-17.5
33854,-39.65,21.72,1012.11,192.5,-227.5,-157.5
33884,-39.77,21.47,1012.23,35.0,122.5,87.5
33914,-39.89,21.47,1012.11,52.5,-35.0,-87.5
33944,-40.26,21.23,1012.11,122.5,-175.0,0.0
33974,-40.26,21.11,1012.11,262.5,-210.0,105.0
34004,-40.26,21.23,1012.23,0.0,-87.5,-122.5
34034,-40.38,20.98,1012.23,402.5,-420.0,-157.5
34064,-40.38,20.86,1012.11,0.0,-17.5,35.0
34094,-40.38,20.98,1012.23,472.5,-367.5,-175.0
34123,-40.5,20.86,1012.23,-192.5,210.0,70.0
34153,-40.5,20.86,1012.36,140.0,-210.0,-122.5
34182,-40.75,20.74,1012.36,385.0,-455.0,-87.5
34212,-40.75,20.74,1012.23,210.0,-52.5,17.5
34241,-40.75,20.74,1012.11,245.0,-140.0,-17.5
34271,-40.99,20.62,1012.11,367.5,-350.0,-35.0
34300,-40.99,20.74,1012.11,455.0,-332.5,122.5
34330,-40.99,20.86,1012.11,-52.5,210.0,-87.5
34359,-40.99,20.74,1012.11,192.5,-385.0,-35.0
34389,-40.75,20.74,1012.11,262.5,-105.0,157.5
34418,-40.63,20.98,1012.23,52.5,17.5,-122.5
34448,-40.75,21.11,1012.23,192.5,-192.5,-52.5
34477,-40.99,20.98,1012.11,122.5,-192.5,-122.5
34507,-41.24,20.98,1012.11,542.5,-595.0,-122.5
34536,-41.11,20.98,1012.11,-17.5,-52.5,140.0
34566,-40.75,21.23,1012.23,-122.5,70.0,-35.0
34595,-40.87,21.23,1012.36,262.5,-157.5,-157.5
34624,-41.11,21.11,1012.11,122.5,-70.0,52.5
34654,-41.11,21.23,1012.23,157.5,-122.5,17.5
34683,-41.11,21.23,1012.23,192.5,-157.5,0.0
34713,-40.99,21.35,1012.23,87.5,-35.0,35.0
34742,-41.11,21.35,1012.23,297.5,-245.0,-140.0
34771,-41.36,21.23,1012.23,297.5,-227.5,17.5
34800,-41.48,21.47,1012.11,332.5,-175.0,175.0
34830,-41.24,21.59,1012.11,-262.5,17.5,-175.0
34859,-41.36,21.59,1012.11,245.0,-402.5,-245.0
34889,-41.48,21.47,1012.11,210.0,-280.0,52.5
34918,-41.24,21.59,1012.11,367.5,-280.0,-52.5
34948,-41.24,21.72,1011.99,87.5,-52.5,-140.0
34977,-41.48,21.72,1011.99,70.0,0.0,140.0
35007,-41.6,21.84,1011.99,490.0,-525.0,-157.5
35036,-41.72,21.84,1011.87,315.0,-175.0,192.5
35066,-41.36,21.96,1011.87,70.0,-122.5,-17.5
35095,-41.24,22.08,1011.87,35.0,-87.5,-52.5
35125,-41.36,22.08,1011.87,420.0,-315.0,-122.5
35154,-41.48,22.2,1011.87,35.0,-52.5,-17.5
35183,-41.6,22.33,1011.75,315.0,-490.0,-122.5
35212,-41.6,22.33,1011.75,17.5,-87.5,-17.5
35241,-41.48,22.45,1011.87,297.5,-297.5,0.0
35271,-41.24,22.45,1011.87,157.5,-227.5,-140.0
35300,-41.24,22.45,1011.87,227.5,-227.5,-35.0
35330,-41.24,22.69,1011.99,280.0,-105.0,-17.5
35359,-41.48,22.69,1011.87,192.5,-385.0,-227.5
35388,-41.72,22.57,1011.75,17.5,-140.0,105.0
35417,-41.36,22.69,1011.87,35.0,-35.0,70.0
35447,-41.11,22.94,1011.87,87.5,-17.5,-35.0
35476,-41.11,22.94,1011.87,-140.0,210.0,-52.5
35506,-41.36,22.94,1011.87,175.0,-227.5,-17.5
35535,-41.48,22.94,1011.87,332.5,-140.0,122.5
35565,-41.36,23.06,1011.87,245.0,-87.5,0.0
35595,-41.24,23.18,1011.99,402.5,-262.5,35.0
35625,-41.24,23.18,1011.75,315.0,-367.5,-52.5
35654,-41.24,23.42,1011.75,-87.5,0.0,17.5
35684,-41.24,23.42,1011.87,140.0,-122.5,-87.5
35713,-41.36,23.42,1011.75,-70.0,262.5,140.0
35742,-41.36,23.42,1011.75,0.0,52.5,17.5
35772,-41.48,23.42,1011.87,-17.5,-17.5,-70.0
35801,-41.72,23.55,1011.87,0.0,17.5,-52.5
35831,-41.72,23.55,1011.87,227.5,-245.0,-17.5
35860,-41.72,23.55,1011.87,52.5,-52.5,0.0
35890,-41.85,23.55,1011.87,245.0,-332.5,-175.0
35919,-41.97,23.55,1011.87,175.0,-210.0,-70.0
35949,-42.09,23.67,1011.87,-70.0,-157.5,-35.0
35978,-42.21,23.67,1011.87,-70.0,-35.0,-17.5
36008,-42.21,23.55,1011.99,472.5,-595.0,-17.5
36037,-42.09,23.55,1011.87,-140.0,-35.0,-35.0
36067,-42.09,23.67,1011.99,105.0,-87.5,-87.5
36096,-42.09,23.67,1012.11,-52.5,52.5,35.0
36126,-42.33,23.67,1012.11,297.5,-332.5,-122.5
36155,-42.46,23.67,1012.11,175.0,-192.5,70.0
36185,-42.46,23.67,1012.11,70.0,-175.0,17.5
36215,-42.33,23.67,1012.11,210.0,-245.0,-87.5
36244,-42.46,23.67,1012.11,70.0,-105.0,-105.0
36273,-42.46,23.55,1011.99,192.5,-227.5,70.0
36302,-42.46,23.67,1011.87,-157.5,17.5,-87.5
36332,-42.46,23.67,1011.87,105.0,-262.5,-87.5
36361,-42.7,23.55,1011.87,175.0,-227.5,-105.0
36390,-42.7,23.55,1011.99,0.0,-87.5,-17.5
36419,-42.7,23.67,1011.87,385.0,-507.5,-157.5
36449,-42.46,23.67,1011.75,-297.5,-122.5,-280.0
36478,-42.46,23.55,1011.87,-87.5,-367.5,-350.0
36508,-42.58,23.42,1011.87,70.0,-35.0,87.5
36537,-42.46,23.18,1011.87,70.0,0.0,17.5
36567,-42.46,23.18,1011.87,-17.5,87.5,17.5
36597,-42.58,23.18,1011.87,105.0,-122.5,-105.0
36627,-42.94,23.06,1011.87,280.0,-227.5,140.0
36656,-42.82,23.18,1011.99,52.5,122.5,280.0
36686,-42.7,23.18,1011.99,385.0,-210.0,0.0
36716,-42.94,23.18,1011.87,-157.5,192.5,122.5
36746,-43.19,23.06,1011.87,-122.5,192.5,227.5
36775,-43.19,22.94,1011.87,-315.0,210.0,192.5
36804,-43.19,22.94,1011.87,-35.0,-87.5,35.0
36834,-43.43,22.94,1011.87,122.5,-280.0,-350.0
36863,-43.8,22.94,1011.75,105.0,-752.5,-682.5
36892,-43.92,22.69,1011.75,420.0,-735.0,70.0
36921,-43.19,22.69,1011.75,-175.0,-87.5,-315.0
36951,-43.19,22.69,1011.75,140.0,-367.5,-735.0
36980,-43.31,22.45,1011.75,-140.0,0.0,-315.0
37010,-43.31,22.45,1011.87,87.5,-332.5,-682.5
37039,-43.43,22.45,1011.87,17.5,-52.5,-280.0
37069,-43.43,22.33,1011.87,52.5,-70.0,-227.5
37098,-43.19,22.2,1011.99,157.5,-332.5,-735.0
37128,-43.43,22.08,1011.87,35.0,-280.0,-910.0
37157,-43.8,21.96,1011.75,-140.0,-35.0,122.5
37187,-43.55,21.84,1011.75,-175.0,175.0,455.0
37216,-43.31,21.84,1011.87,-332.5,507.5,297.5
37246,-43.55,21.72,1011.87,-297.5,122.5,-17.5
37275,-44.04,21.47,1011.87,-280.0,-105.0,17.5
37304,-44.41,21.23,1011.87,192.5,-402.5,140.0
37333,-44.29,20.98,1011.87,157.5,-262.5,140.0
37362,-44.16,20.86,1011.87,0.0,-105.0,-35.0
37392,-44.29,20.62,1011.87,-52.5,-175.0,140.0
37421,-44.29,20.62,1011.87,-35.0,-35.0,105.0
37451,-44.41,20.5,1011.99,332.5,-157.5,-210.0
37480,-44.9,20.13,1011.87,262.5,-157.5,35.0
37510,-44.9,20.01,1011.75,455.0,-647.5,-70.0
37539,-44.53,20.01,1011.87,245.0,-140.0,-70.0
37569,-44.29,20.01,1011.87,87.5,17.5,35.0
37599,-44.41,20.01,1011.99,70.0,122.5,52.5
37629,-44.65,19.76,1011.87,105.0,-140.0,-105.0
37658,-45.02,19.64,1011.75,210.0,-490.0,-175.0
37688,-44.9,19.64,1011.87,157.5,-262.5,52.5
37717,-44.65,19.76,1011.99,140.0,-35.0,87.5
37747,-44.65,19.64,1011.99,0.0,-157.5,-87.5
37777,-44.9,19.52,1011.99,192.5,-245.0,-52.5
37807,-44.9,19.52,1011.99,175.0,-297.5,-140.0
37836,-45.02,19.4,1011.99,227.5,-315.0,-35.0
37865,-44.9,19.52,1012.11,-70.0,175.0,105.0
37895,-44.9,19.52,1012.11,402.5,-245.0,-17.5
37924,-44.9,19.52,1012.11,402.5,-210.0,0.0
37954,-45.14,19.52,1011.99,297.5,-490.0,-227.5
37983,-45.02,19.64,1011.87,-140.0,-70.0,-122.5
38012,-45.02,19.52,1011.87,17.5,-192.5,-122.5
38041,-44.9,19.52,1011.87,52.5,87.5,35.0
38071,-44.9,19.4,1011.87,122.5,-105.0,17.5
38100,-44.9,19.52,1011.87,17.5,52.5,17.5
38130,-45.14,19.52,1011.87,105.0,-87.5,-157.5
38159,-45.51,19.52,1011.99,420.0,-297.5,0.0
38189,-45.38,19.28,1011.87,87.5,-87.5,105.0
38218,-45.14,19.52,1011.87,157.5,-87.5,-52.5
38248,-45.14,19.52,1011.99,210.0,-70.0,-70.0
38277,-45.38,19.52,1011.99,140.0,70.0,52.5
38307,-45.87,19.4,1012.11,350.0,-262.5,175.0
38336,-45.87,19.4,1011.99,140.0,-17.5,297.5
38365,-45.63,19.4,1012.11,70.0,402.5,297.5
38395,-45.51,19.52,1012.11,157.5,437.5,332.5
38424,-45.75,19.76,1011.99,367.5,17.5,35.0
38454,-45.99,19.76,1011.87,332.5,-332.5,-17.5
38483,-46.12,20.01,1011.99,297.5,-280.0,-87.5
38513,-46.12,20.01,1011.99,297.5,-420.0,-315.0
38542,-46.24,20.13,1011.99,262.5,-315.0,-192.5
38572,-46.36,20.25,1011.87,262.5,-350.0,-262.5
38601,-46.36,20.13,1011.87,157.5,-332.5,-52.5
38631,-46.36,20.13,1011.87,105.0,-122.5,0.0
38660,-46.36,20.25,1011.87,52.5,-227.5,-70.0
38690,-46.36,20.37,1011.99,192.5,-122.5,17.5
38719,-46.48,20.5,1011.99,157.5,-70.0,-70.0
38749,-46.6,20.62,1012.11,140.0,-192.5,-70.0
38778,-46.6,20.62,1012.11,175.0,-245.0,-52.5
38808,-46.6,20.74,1011.99,245.0,-350.0,-105.0
38837,-46.48,20.74,1011.87,0.0,-17.5,0.0
38867,-46.48,20.74,1011.87,35.0,-87.5,-87.5
38897,-46.48,20.74,1012.11,-17.5,35.0,-52.5
38926,-46.73,20.86,1012.11,140.0,-192.5,-17.5
38955,-46.85,20.86,1012.11,122.5,-87.5,227.5
38984,-46.85,20.98,1012.11,175.0,-192.5,-87.5
39014,-46.85,20.98,1012.11,350.0,-437.5,-157.5
39043,-46.97,21.11,1012.11,-35.0,-140.0,-52.5
39073,-46.97,21.23,1012.11,192.5,-315.0,-52.5
39102,-46.85,21.23,1012.11,210.0,-210.0,0.0
39132,-46.85,21.23,1012.11,-105.0,35.0,-52.5
39161,-46.97,21.23,1012.11,315.0,-402.5,-35.0
39191,-46.97,21.23,1012.11,122.5,-262.5,0.0
39220,-46.85,21.23,1012.11,157.5,-227.5,-175.0
39250,-46.85,21.35,1012.23,-157.5,210.0,175.0
39279,-46.85,21.35,1012.23,350.0,-455.0,-70.0
39309,-46.97,21.35,1012.11,17.5,-17.5,35.0
39339,-46.97,21.35,1012.11,227.5,-210.0,-52.5
39369,-47.09,21.35,1012.36,52.5,0.0,35.0
39399,-47.09,21.35,1012.23,455.0,-367.5,87.5
39428,-46.97,21.47,1012.11,-157.5,-17.5,-35.0
39457,-46.97,21.47,1012.11,122.5,-122.5,-17.5
39486,-47.09,21.47,1012.11,52.5,-87.5,17.5
39516,-47.09,21.47,1012.11,227.5,-332.5,17.5
39545,-47.21,21.47,1012.11,0.0,-35.0,-17.5
39575,-47.34,21.47,1012.23,280.0,-350.0,17.5
39604,-47.09,21.59,1012.23,52.5,-70.0,17.5
39634,-47.09,21.72,1012.36,157.5,-315.0,-280.0
39663,-47.34,21.47,1012.36,140.0,-175.0,175.0
39693,-47.34,21.59,1012.23,140.0,-192.5,17.5
39722,-47.09,21.59,1012.36,157.5,-192.5,-70.0
39752,-46.97,21.72,1012.36,175.0,-175.0,-17.5
39781,-47.21,21.84,1012.36,0.0,-192.5,-192.5
39811,-47.58,21.84,1012.36,245.0,-280.0,17.5
39840,-47.58,21.72,1012.23,140.0,-297.5,-17.5
39869,-47.09,21.84,1012.36,70.0,-52.5,105.0
39899,-46.85,21.96,1012.48,35.0,17.5,-35.0
39928,-47.09,21.96,1012.48,0.0,17.5,-52.5
39958,-47.34,21.96,1012.48,122.5,-192.5,-52.5
39987,-47.46,21.96,1012.48,122.5,-402.5,-70.0
40017,-47.34,21.96,1012.48,17.5,-87.5,122.5
40046,-47.09,21.96,1012.48,157.5,-175.0,-35.0
40076,-47.09,21.96,1012.48,-262.5,280.0,52.5
40105,-47.46,21.96,1012.6,105.0,-297.5,-140.0
40135,-47.7,21.84,1012.48,245.0,-402.5,87.5
40164,-47.58,21.84,1012.48,122.5,-332.5,-52.5
40194,-47.46,21.96,1012.6,-175.0,122.5,192.5
40223,-47.34,21.84,1012.48,157.5,-245.0,35.0
40253,-47.34,21.84,1012.48,-70.0,52.5,17.5
40283,-47.7,21.96,1012.6,560.0,-822.5,-315.0
40313,-47.95,21.72,1012.36,577.5,-945.0,-122.5
40342,-47.58,21.72,1012.36,-350.0,105.0,262.5
40371,-47.09,21.72,1012.36,-35.0,105.0,35.0
40401,-47.09,21.72,1012.48,-140.0,367.5,210.0
40430,-47.34,21.72,1012.36,332.5,-455.0,-105.0
40459,-47.34,21.59,1012.36,-297.5,35.0,-17.5
40488,-47.34,21.47,1012.36,140.0,-175.0,52.5
40518,-47.21,21.47,1012.36,-35.0,280.0,280.0
40547,-47.34,21.35,1012.23,315.0,-315.0,-157.5
40577,-47.46,21.35,1012.23,-17.5,0.0,87.5
40606,-47.58,21.47,1012.23,52.5,-175.0,0.0
40636,-47.7,21.35,1012.23,280.0,-87.5,122.5
40665,-47.58,21.23,1011.99,140.0,-315.0,52.5
40695,-47.21,21.23,1012.11,-315.0,437.5,245.0
40724,-47.09,21.23,1012.23,-210.0,-70.0,-350.0
40754,-47.58,20.98,1012.11,-367.5,0.0,-367.5
40783,-47.95,20.74,1012.11,385.0,-35.0,122.5
40813,-47.82,20.74,1012.11,-17.5,227.5,122.5
40842,-47.82,20.74,1012.11,52.5,-192.5,-17.5
40872,-47.82,20.5,1012.11,-35.0,210.0,280.0
40901,-47.82,20.5,1012.11,297.5,52.5,-122.5
40930,-48.19,20.37,1012.11,87.5,87.5,-210.0
40960,-48.92,20.25,1011.99,35.0,-157.5,-227.5
40989,-49.29,20.13,1011.87,227.5,-455.0,0.0
41019,-48.92,20.13,1011.99,-35.0,-70.0,-35.0
41048,-48.8,20.25,1012.11,490.0,-192.5,-105.0
41077,-48.92,20.25,1012.11,87.5,35.0,-35.0
41106,-49.29,20.01,1011.87,140.0,-262.5,-157.5
41136,-49.65,19.89,1011.75,0.0,-87.5,-17.5
41165,-49.53,19.89,1011.75,350.0,-157.5,-17.5
41195,-49.53,20.01,1011.87,-52.5,-52.5,-175.0
41224,-49.78,20.01,1011.87,17.5,-157.5,0.0
41254,-50.14,20.01,1011.75,157.5,-280.0,-140.0
41283,-50.39,19.76,1011.62,595.0,-595.0,-175.0
41313,-50.26,19.76,1011.62,175.0,-192.5,35.0
41342,-50.02,19.76,1011.75,0.0,-52.5,-175.0
41372,-50.26,19.76,1011.62,-17.5,70.0,0.0
41402,-50.39,19.76,1011.62,262.5,-210.0,-245.0
41431,-50.51,19.76,1011.5,-105.0,-17.5,0.0
41461,-50.26,19.89,1011.62,122.5,-157.5,-70.0
41490,-50.26,19.89,1011.62,192.5,-210.0,-192.5
41519,-50.39,19.89,1011.75,87.5,-157.5,-17.5
41548,-50.63,19.89,1011.75,280.0,-332.5,-192.5
41577,-51.0,19.76,1011.75,87.5,-490.0,0.0
41606,-50.63,19.76,1011.75,210.0,-770.0,-157.5
41636,-50.26,19.76,1011.75,-210.0,-490.0,-420.0
41665,-50.02,19.64,1011.87,-315.0,227.5,0.0
41695,-50.14,19.76,1012.11,402.5,-297.5,-192.5
41724,-50.51,19.76,1012.11,175.0,52.5,105.0
41754,-51.24,20.01,1012.11,822.5,-805.0,-17.5
41783,-51.24,20.01,1011.99,175.0,-297.5,385.0
41813,-50.63,20.01,1011.87,245.0,-735.0,-332.5
41842,-50.26,19.76,1011.87,157.5,-455.0,-262.5
41872,-50.14,19.76,1011.87,560.0,-595.0,-227.5
41901,-49.9,19.89,1011.99,315.0,-385.0,-87.5
41931,-49.53,20.25,1011.99,-227.5,-35.0,-140.0
41960,-49.53,20.25,1012.11,0.0,-437.5,-87.5
41989,-49.29,20.13,1012.11,157.5,-140.0,105.0
42018,-49.17,20.01,1012.11,210.0,-52.5,-35.0
42047,-49.04,20.13,1012.11,192.5,-70.0,-17.5
42077,-49.04,20.25,1012.23,0.0,-175.0,-122.5
42106,-49.17,20.37,1012.23,192.5,17.5,35.0
42136,-49.04,20.37,1012.11,192.5,-280.0,-17.5
42165,-48.8,20.37,1012.23,-105.0,17.5,140.0
42195,-48.68,20.5,1012.23,210.0,-332.5,-175.0
42224,-48.56,20.5,1012.36,-35.0,52.5,35.0
42254,-48.68,20.5,1012.23,140.0,-245.0,-262.5
42283,-49.04,20.62,1012.36,122.5,-210.0,-35.0
42313,-48.92,20.62,1012.36,157.5,-350.0,-35.0
42342,-48.8,20.62,1012.36,105.0,-140.0,0.0
42372,-48.56,20.62,1012.48,157.5,-140.0,0.0
42402,-48.43,20.62,1012.48,70.0,-175.0,-17.5
42432,-48.68,20.62,1012.48,227.5,-245.0,-140.0
42461,-48.68,20.62,1012.36,227.5,-420.0,-35.0
42490,-48.56,20.74,1012.48,157.5,-245.0,-17.5
42519,-48.31,20.74,1012.48,175.0,-175.0,17.5
42548,-48.31,20.74,1012.48,-70.0,-70.0,-35.0
42578,-48.31,20.74,1012.48,350.0,-490.0,-87.5
42607,-48.19,20.74,1012.48,70.0,0.0,105.0
42637,-48.07,20.86,1012.48,297.5,-140.0,-87.5
42666,-48.19,20.86,1012.36,52.5,-17.5,87.5
42696,-48.19,20.98,1012.48,332.5,-507.5,-157.5
42725,-48.07,20.98,1012.48,245.0,-420.0,0.0
42755,-47.95,20.98,1012.36,-70.0,-105.0,-35.0
42784,-47.82,20.98,1012.36,17.5,105.0,17.5
42814,-47.82,21.11,1012.36,87.5,-70.0,-105.0
42843,-47.95,21.11,1012.36,122.5,-140.0,-192.5
42873,-48.07,21.11,1012.36,-35.0,52.5,87.5
42903,-48.19,21.11,1012.36,315.0,-280.0,122.5
42933,-48.07,21.11,1012.36,385.0,-437.5,87.5
42962,-47.82,21.11,1012.36,245.0,-420.0,140.0
42991,-47.58,21.35,1012.23,-420.0,52.5,-35.0
43021,-47.7,21.35,1012.23,-297.5,-17.5,-192.5
43050,-47.95,21.23,1012.23,-17.5,-350.0,35.0
43080,-47.82,21.23,1012.11,157.5,-350.0,0.0
43109,-47.82,21.11,1012.23,-262.5,140.0,35.0
43139,-47.82,20.98,1012.11,-35.0,-140.0,105.0
43168,-47.7,20.98,1012.11,-87.5,0.0,17.5
43198,-47.7,20.86,1012.36,-35.0,-140.0,-35.0
43227,-47.82,20.74,1012.23,35.0,-227.5,0.0
43257,-47.82,20.74,1012.36,-87.5,-52.5,70.0
43286,-47.82,20.74,1012.36,210.0,-437.5,-140.0
43316,-47.82,20.62,1012.36,-70.0,-192.5,-70.0
43345,-47.95,20.5,1012.36,52.5,-315.0,35.0
43375,-47.82,20.37,1012.36,0.0,-210.0,105.0
43405,-47.7,20.25,1012.48,17.5,52.5,17.5
43434,-47.82,20.25,1012.36,297.5,-192.5,140.0
43463,-47.82,20.13,1012.36,105.0,-525.0,-140.0
43492,-47.82,20.01,1012.36,157.5,-595.0,-192.5
43521,-47.58,20.01,1012.6,-192.5,175.0,175.0
43550,-47.34,19.89,1012.6,105.0,-70.0,0.0
43580,-47.46,19.76,1012.6,-122.5,210.0,70.0
43609,-47.58,19.64,1012.6,87.5,-105.0,105.0
43639,-47.58,19.52,1012.6,17.5,122.5,17.5
43668,-47.58,19.28,1012.6,367.5,-210.0,17.5
43698,-47.58,19.28,1012.48,350.0,-262.5,-52.5
43727,-47.58,19.28,1012.6,175.0,-35.0,-17.5
43757,-47.7,19.28,1012.6,157.5,-157.5,-52.5
43786,-47.95,19.28,1012.6,332.5,-490.0,-87.5
43816,-47.95,19.15,1012.48,297.5,-262.5,105.0
43845,-47.7,19.15,1012.48,122.5,-315.0,-262.5
43875,-47.82,19.15,1012.36,105.0,-87.5,-52.5
43905,-47.7,19.03,1012.36,420.0,-350.0,-35.0
43934,-47.7,19.15,1012.48,332.5,-192.5,-52.5
43963,-47.82,19.15,1012.48,122.5,-87.5,17.5
43992,-47.82,19.28,1012.48,192.5,-105.0,70.0
44022,-47.58,19.28,1012.48,210.0,-297.5,-140.0
44051,-47.58,19.4,1012.48,262.5,-122.5,0.0
44081,-47.58,19.28,1012.48,105.0,-227.5,-192.5
44110,-47.7,19.4,1012.48,367.5,-262.5,0.0
44140,-47.58,19.64,1012.48,315.0,0.0,-35.0
44169,-47.82,19.64,1012.48,-17.5,-210.0,-227.5
44199,-47.82,19.64,1012.48,0.0,-227.5,17.5
44229,-47.7,19.64,1012.48,402.5,-385.0,-52.5
44259,-47.46,19.64,1012.48,315.0,-70.0,17.5
44288,-47.34,19.64,1012.36,52.5,-17.5,-52.5
44318,-47.46,19.89,1012.36,52.5,0.0,17.5
44348,-47.7,20.01,1012.36,315.0,-437.5,-262.5
44377,-47.82,19.89,1012.36,140.0,-175.0,17.5
44407,-47.82,20.01,1012.36,245.0,-87.5,52.5
44436,-47.7,20.13,1012.36,122.5,-175.0,35.0
44466,-47.7,20.25,1012.36,140.0,-35.0,17.5
44495,-47.95,20.25,1012.23,297.5,-297.5,-35.0
44525,-47.95,20.25,1012.11,105.0,-157.5,17.5
44554,-47.7,20.5,1012.23,297.5,-297.5,-52.5
44584,-47.34,20.5,1012.23,-140.0,35.0,-70.0
44613,-47.46,20.5,1012.36,192.5,-420.0,-157.5
44643,-47.7,20.5,1012.23,52.5,122.5,210.0
44672,-47.7,20.74,1012.23,122.5,-52.5,-17.5
44702,-47.7,20.74,1012.23,297.5,-192.5,-35.0
44731,-47.82,20.62,1012.11,472.5,-437.5,-175.0
44761,-47.82,20.74,1012.11,367.5,-227.5,35.0
44790,-47.82,20.86,1012.11,0.0,35.0,35.0
44820,-47.7,20.98,1012.11,52.5,-70.0,0.0
44850,-47.82,20.98,1012.11,297.5,-385.0,-122.5
44879,-47.95,21.11,1012.11,70.0,-17.5,-17.5
44909,-47.95,21.11,1012.11,105.0,-70.0,35.0
44938,-47.82,21.23,1012.23,175.0,-332.5,-227.5
44967,-47.82,21.23,1012.23,52.5,-52.5,17.5
44996,-47.82,21.23,1012.11,-140.0,35.0,35.0
45026,-47.95,21.23,1012.11,-122.5,227.5,122.5
45055,-48.07,21.35,1012.11,-70.0,52.5,70.0
45085,-48.19,21.35,1012.11,157.5,-245.0,-140.0
45114,-48.43,21.35,1012.11,157.5,-332.5,-105.0
45144,-48.43,21.35,1012.23,262.5,-297.5,0.0
45173,-48.31,21.35,1012.11,210.0,-280.0,-17.5
45203,-48.07,21.47,1012.23,70.0,-140.0,-70.0
45232,-48.31,21.47,1012.23,280.0,-332.5,-140.0
45262,-48.56,21.47,1012.11,87.5,-140.0,0.0
45292,-48.56,21.47,1012.11,245.0,-367.5,-52.5
45322,-48.43,21.47,1012.11,-35.0,17.5,87.5
45352,-48.31,21.72,1012.11,70.0,-245.0,-157.5
45381,-48.31,21.59,1012.11,157.5,-192.5,-140.0
45410,-48.56,21.47,1012.11,175.0,-227.5,105.0
45439,-48.43,21.59,1011.99,280.0,-227.5,-35.0
45469,-48.43,21.59,1012.11,-175.0,70.0,-70.0
45498,-48.43,21.59,1012.11,175.0,-297.5,-35.0
45528,-48.43,21.59,1012.11,-87.5,0.0,70.0
45558,-48.31,21.72,1012.11,262.5,-280.0,-35.0
45588,-48.43,21.59,1012.11,-52.5,17.5,-52.5
45617,-48.56,21.59,1012.11,262.5,-385.0,-87.5
45647,-48.31,21.59,1012.11,140.0,-87.5,52.5
45676,-48.31,21.72,1012.11,35.0,-35.0,-192.5
45706,-48.8,21.59,1012.11,280.0,-262.5,52.5
45735,-48.8,21.72,1012.11,122.5,-140.0,-52.5
45765,-48.68,21.72,1012.11,175.0,-420.0,-157.5
45794,-48.56,21.72,1012.11,157.5,-297.5,-70.0
45823,-48.56,21.72,1012.11,52.5,-70.0,35.0
45853,-48.56,21.59,1011.99,262.5,-175.0,35.0
45882,-48.43,21.72,1011.99,0.0,0.0,-17.5
45912,-48.56,21.72,1011.87,192.5,-262.5,-105.0
45941,-48.8,21.72,1011.75,87.5,-262.5,87.5
45971,-48.8,21.72,1011.62,280.0,-332.5,35.0
46000,-48.56,21.72,1011.62,35.0,-87.5,87.5
46030,-48.43,21.84,1011.62,-70.0,35.0,35.0
46059,-48.56,21.72,1011.75,35.0,-262.5,-70.0
46089,-48.56,21.72,1011.62,-140.0,-70.0,52.5
46118,-48.8,21.72,1011.62,122.5,-315.0,-87.5
46148,-48.8,21.72,1011.5,-17.5,-157.5,157.5
46177,-48.8,21.47,1011.5,-17.5,-192.5,17.5
46207,-48.8,21.47,1011.5,-105.0,-105.0,35.0
46236,-48.8,21.47,1011.38,210.0,-367.5,17.5
46265,-48.8,21.47,1011.38,-70.0,-70.0,87.5
46295,-48.8,21.47,1011.38,17.5,-192.5,-17.5
46324,-48.8,21.35,1011.38,-52.5,-122.5,-17.5
46353,-48.92,21.23,1011.38,315.0,-472.5,0.0
46382,-48.8,21.23,1011.5,-87.5,-87.5,-17.5
46412,-48.8,21.23,1011.5,-122.5,-262.5,-192.5
46441,-48.8,20.98,1011.5,175.0,-367.5,35.0
46471,-48.43,20.98,1011.38,245.0,-385.0,-35.0
46500,-48.31,20.98,1011.5,-157.5,-157.5,-157.5
46530,-48.56,20.86,1011.62,210.0,-262.5,35.0
46559,-48.31,20.74,1011.5,192.5,-122.5,157.5
46589,-48.19,20.74,1011.62,-175.0,-175.0,-140.0
46618,-48.31,20.74,1011.62,52.5,-210.0,0.0
46648,-48.31,20.62,1011.62,175.0,-280.0,17.5
46677,-48.19,20.5,1011.62,192.5,-140.0,70.0
46707,-47.95,20.5,1011.62,70.0,-105.0,0.0
46737,-47.95,20.37,1011.75,35.0,35.0,35.0
46766,-48.07,20.37,1011.75,245.0,-105.0,-52.5
46795,-48.07,20.25,1011.62,367.5,-350.0,-52.5
46824,-48.07,20.25,1011.75,87.5,-87.5,17.5
46854,-47.95,20.37,1011.75,455.0,-315.0,-35.0
46883,-47.95,20.5,1011.75,122.5,-70.0,17.5
46913,-48.07,20.37,1011.75,507.5,-577.5,-140.0
46942,-48.31,20.37,1011.87,262.5,-227.5,17.5
46972,-48.07,20.5,1011.87,507.5,-717.5,-227.5
47001,-47.7,20.5,1011.75,105.0,35.0,52.5
47031,-47.58,20.62,1011.87,52.5,-52.5,-52.5
47060,-47.82,20.62,1011.87,455.0,-280.0,87.5
47090,-47.7,20.74,1011.99,157.5,-105.0,-70.0
47119,-47.58,20.86,1011.87,245.0,-315.0,-140.0
47149,-47.58,20.98,1011.87,87.5,-157.5,-192.5
47178,-47.46,20.98,1011.99,210.0,-122.5,87.5
47208,-47.34,20.98,1011.99,105.0,-157.5,-52.5
47237,-47.09,21.23,1012.11,0.0,-52.5,-157.5
47266,-47.34,21.23,1012.11,35.0,-122.5,-157.5
47295,-47.58,21.23,1012.11,-87.5,35.0,17.5
47324,-47.58,21.23,1012.11,157.5,-175.0,87.5
47354,-47.21,21.47,1012.36,-420.0,507.5,140.0
47383,-47.09,21.47,1012.36,140.0,-262.5,-192.5
47413,-47.58,21.23,1012.36,192.5,-87.5,-157.5
47442,-47.82,21.23,1012.11,280.0,-315.0,-17.5
47472,-47.82,21.35,1012.23,-52.5,-70.0,-17.5
47501,-47.82,21.47,1012.36,87.5,-192.5,-157.5
47531,-47.95,21.35,1012.36,262.5,-122.5,87.5
47560,-48.07,21.23,1012.36,700.0,-560.0,70.0
47590,-47.82,21.35,1012.11,350.0,-245.0,140.0
47619,-47.7,21.59,1012.36,-420.0,227.5,-210.0
47649,-47.82,21.59,1012.36,157.5,-350.0,-140.0
47678,-48.07,21.47,1012.36,-70.0,140.0,105.0
47707,-48.07,21.47,1012.36,315.0,-420.0,-192.5
47736,-48.07,21.59,1012.36,87.5,-245.0,17.5
47765,-47.95,21.59,1012.36,175.0,-87.5,17.5
47795,-47.95,21.72,1012.36,157.5,-227.5,-140.0
47824,-48.07,21.72,1012.36,-35.0,35.0,87.5
47854,-48.19,21.72,1012.48,280.0,-192.5,35.0
47883,-48.19,21.72,1012.36,262.5,-297.5,-35.0
47913,-48.19,21.72,1012.36,105.0,-210.0,-17.5
47942,-48.19,21.72,1012.36,52.5,-70.0,-35.0
47972,-48.07,21.84,1012.48,87.5,-52.5,52.5
48001,-48.07,21.72,1012.36,175.0,-87.5,0.0
48031,-48.07,21.84,1012.36,17.5,-52.5,-87.5
48060,-48.43,21.72,1012.36,192.5,-350.0,-70.0
48090,-48.31,21.72,1012.36,140.0,-87.5,70.0
48120,-48.31,21.84,1012.48,87.5,-175.0,-175.0
48150,-48.43,21.84,1012.48,245.0,-280.0,-35.0
48179,-48.43,21.84,1012.48,210.0,-472.5,-140.0
48208,-48.43,21.96,1012.48,105.0,-315.0,-105.0
48237,-48.31,21.96,1012.48,-35.0,17.5,-35.0
48266,-48.43,21.84,1012.48,315.0,-227.5,0.0
48296,-48.43,21.96,1012.36,140.0,-262.5,17.5
48325,-48.43,21.96,1012.36,35.0,-175.0,-140.0
48355,-48.56,21.96,1012.48,140.0,-175.0,70.0
48384,-48.56,21.96,1012.48,420.0,-122.5,175.0
48414,-48.56,22.08,1012.36,87.5,-87.5,70.0
48443,-48.56,22.08,1012.36,-122.5,-122.5,-122.5
48472,-48.56,22.2,1012.36,210.0,-315.0,-70.0
48501,-48.43,22.2,1012.36,245.0,-227.5,87.5
48531,-48.31,22.2,1012.36,52.5,-105.0,-122.5
48560,-48.43,22.2,1012.36,175.0,-280.0,0.0
48590,-48.43,22.2,1012.36,140.0,-297.5,35.0
48619,-48.19,22.33,1012.36,140.0,-140.0,-105.0
48649,-48.31,22.33,1012.36,140.0,-157.5,-17.5
48678,-48.31,22.45,1012.36,192.5,-350.0,-122.5
48707,-48.31,22.33,1012.36,35.0,-280.0,-157.5
48736,-48.19,22.45,1012.36,175.0,-245.0,52.5
48765,-48.07,22.45,1012.36,157.5,-122.5,0.0
48795,-48.07,22.45,1012.36,17.5,-122.5,-17.5
48824,-48.19,22.45,1012.36,227.5,-280.0,-52.5
48854,-48.19,22.45,1012.36,-87.5,17.5,17.5
48883,-48.07,22.45,1012.36,315.0,-350.0,-35.0
48913,-48.07,22.45,1012.23,-175.0,122.5,17.5
48942,-48.07,22.45,1012.36,122.5,-175.0,-17.5
48972,-48.07,22.45,1012.36,52.5,52.5,35.0
49002,-48.07,22.45,1012.36,140.0,-297.5,-157.5
49032,-48.19,22.45,1012.36,-17.5,-157.5,-52.5
49061,-48.31,22.33,1012.48,192.5,-192.5,70.0
49091,-48.31,22.33,1012.36,560.0,-455.0,-35.0
49120,-48.31,22.2,1012.36,17.5,52.5,157.5
49150,-48.07,22.45,1012.48,-332.5,245.0,35.0
49179,-48.31,22.45,1012.48,332.5,-332.5,-52.5
49208,-48.56,22.33,1012.36,297.5,-367.5,70.0
49238,-48.43,22.45,1012.36,52.5,-70.0,35.0
49267,-48.31,22.45,1012.36,-52.5,17.5,52.5
49297,-48.19,22.45,1012.48,192.5,-122.5,-35.0
49326,-48.43,22.45,1012.36,245.0,-385.0,-245.0
49355,-48.68,22.33,1012.36,52.5,-175.0,70.0
49384,-48.56,22.33,1012.36,70.0,-245.0,17.5
49414,-48.43,22.45,1012.36,140.0,-192.5,-105.0
49443,-48.43,22.45,1012.36,175.0,-367.5,-210.0
49473,-48.56,22.45,1012.36,122.5,-122.5,35.0
49502,-48.56,22.45,1012.36,140.0,-192.5,17.5
49532,-48.56,22.45,1012.36,192.5,-280.0,-87.5
49561,-48.56,22.45,1012.36,105.0,-245.0,-17.5
49591,-48.43,22.45,1012.36,-52.5,17.5,17.5
49621,-48.43,22.45,1012.36,122.5,-297.5,-122.5
49651,-48.56,22.45,1012.36,227.5,-262.5,-52.5
49680,-48.56,22.45,1012.36,210.0,-297.5,-17.5
49709,-48.43,22.45,1012.36,122.5,-175.0,17.5
49739,-48.31,22.57,1012.36,157.5,-122.5,0.0
49768,-48.19,22.57,1012.36,87.5,-87.5,0.0
49798,-48.31,22.57,1012.36,332.5,-350.0,-157.5
49827,-48.43,22.69,1012.36,332.5,-210.0,35.0
49857,-48.31,22.69,1012.36,87.5,-420.0,-192.5
49886,-48.31,22.81,1012.48,52.5,-245.0,-105.0
49916,-48.19,22.69,1012.48,105.0,-87.5,17.5
49945,-48.31,22.69,1012.48,350.0,-367.5,-52.5
49975,-48.31,22.69,1012.36,105.0,-280.0,-52.5
50004,-48.19,22.81,1012.48,-52.5,-105.0,-35.0
50034,-48.31,22.81,1012.36,105.0,-245.0,35.0
50063,-48.19,22.81,1012.48,210.0,-420.0,-35.0
50093,-48.07,22.81,1012.48,-17.5,-17.5,70.0
50123,-47.95,22.94,1012.48,35.0,-175.0,17.5
50152,-47.95,22.94,1012.6,-17.5,-122.5,-17.5
50181,-48.19,23.06,1012.6,192.5,-437.5,-87.5
50210,-48.31,22.94,1012.6,332.5,-647.5,35.0
50240,-47.82,23.06,1012.6,-87.5,-87.5,192.5
50269,-47.46,22.94,1012.6,-210.0,227.5,-52.5
50299,-47.58,22.81,1012.48,-35.0,-52.5,52.5
50328,-47.58,22.81,1012.48,-210.0,122.5,157.5
50358,-47.46,22.81,1012.48,17.5,-227.5,-122.5
50387,-47.58,22.57,1012.48,35.0,-52.5,175.0
50417,-47.58,22.57,1012.48,122.5,-280.0,0.0
50446,-47.58,22.45,1012.48,192.5,-280.0,17.5
50476,-47.58,22.45,1012.36,17.5,-87.5,52.5
50506,-47.58,22.45,1012.36,-17.5,-105.0,-52.5
50536,-47.58,22.45,1012.48,-175.0,-17.5,0.0
50565,-47.58,22.33,1012.48,105.0,-122.5,0.0
50595,-47.58,22.2,1012.48,35.0,-105.0,17.5
50625,-47.7,22.2,1012.48,-105.0,87.5,17.5
50655,-47.7,22.08,1012.48,140.0,-437.5,-140.0
50684,-47.7,21.96,1012.48,-35.0,-157.5,-17.5
50713,-47.58,21.84,1012.48,35.0,-122.5,-52.5
50743,-47.58,21.59,1012.48,192.5,-87.5,-17.5
50772,-47.58,21.47,1012.48,262.5,35.0,87.5
50802,-47.7,21.47,1012.48,70.0,-87.5,-105.0
50831,-47.82,21.47,1012.6,87.5,-52.5,0.0
50861,-48.07,21.47,1012.6,367.5,-140.0,35.0
50890,-48.19,21.47,1012.6,437.5,-420.0,-35.0
50920,-48.07,21.47,1012.48,245.0,-315.0,-35.0
50949,-47.82,21.47,1012.6,140.0,-122.5,-35.0
50979,-47.95,21.59,1012.6,402.5,-350.0,-192.5
51008,-48.19,21.59,1012.6,315.0,-315.0,0.0
51038,-48.07,21.59,1012.48,-70.0,52.5,-17.5
51067,-48.07,21.72,1012.6,210.0,-210.0,-87.5
51097,-48.07,21.72,1012.6,367.5,-280.0,17.5
51126,-48.07,21.72,1012.48,-52.5,52.5,-70.0
51156,-48.07,21.84,1012.48,-52.5,105.0,-87.5
51186,-48.31,21.72,1012.6,227.5,-122.5,-105.0
51215,-48.31,21.84,1012.6,332.5,-350.0,-52.5
51244,-48.31,21.84,1012.6,280.0,-262.5,17.5
51273,-48.07,21.96,1012.6,-192.5,175.0,-52.5
51303,-48.19,21.96,1012.72,420.0,-367.5,-192.5
51332,-48.56,21.96,1012.6,385.0,-420.0,-140.0
51361,-48.56,21.96,1012.6,367.5,-385.0,17.5
51390,-48.19,22.2,1012.6,-122.5,-105.0,-227.5
51419,-48.19,22.2,1012.72,0.0,-192.5,-210.0
51448,-48.43,22.2,1012.6,227.5,-315.0,-52.5
51478,-48.43,22.2,1012.36,262.5,-332.5,-140.0
51507,-48.43,22.2,1012.36,52.5,17.5,52.5
51537,-48.31,22.2,1012.23,227.5,-262.5,0.0
51566,-48.43,22.45,1012.11,122.5,-17.5,-35.0
51596,-48.68,22.45,1012.11,297.5,-297.5,-35.0
51625,-48.8,22.45,1011.99,0.0,-157.5,0.0
51655,-48.56,22.57,1011.99,0.0,17.5,175.0
51685,-48.07,22.69,1012.11,227.5,-227.5,-70.0
51714,-48.07,22.69,1011.99,-35.0,70.0,-70.0
51744,-48.43,22.69,1011.87,-17.5,-227.5,-87.5
51773,-48.56,22.57,1011.87,-245.0,105.0,35.0
51803,-48.43,22.57,1011.87,245.0,-385.0,-245.0
51832,-48.31,22.57,1011.99,70.0,-52.5,17.5
51862,-48.19,22.69,1012.11,-105.0,140.0,-17.5
51891,-48.43,22.69,1012.11,70.0,-105.0,-122.5
51921,-48.8,22.45,1011.99,402.5,-560.0,-105.0
51950,-48.68,22.45,1012.11,245.0,-175.0,157.5
51980,-48.43,22.57,1012.11,192.5,-315.0,-87.5
52009,-48.56,22.57,1012.11,122.5,-175.0,-35.0
52039,-48.68,22.57,1012.11,280.0,-367.5,-17.5
52068,-48.8,22.57,1012.11,122.5,-210.0,70.0
52098,-48.68,22.57,1012.11,437.5,-560.0,-70.0
52127,-48.56,22.69,1012.11,17.5,35.0,52.5
52157,-48.43,22.81,1012.23,140.0,-175.0,-105.0
52186,-48.43,22.81,1012.36,-87.5,-122.5,-157.5
52215,-48.8,22.81,1012.36,280.0,-367.5,35.0
52245,-49.04,22.81,1012.36,227.5,-350.0,157.5
52274,-48.8,22.81,1012.36,367.5,-542.5,35.0
52304,-48.31,22.94,1012.36,210.0,-280.0,17.5
52333,-48.07,23.06,1012.36,0.0,17.5,-70.0
52363,-47.95,23.06,1012.48,17.5,17.5,-52.5
52392,-48.07,23.06,1012.36,175.0,-262.5,-157.5
52422,-48.07,22.94,1012.36,-35.0,-105.0,-175.0
52451,-48.07,23.06,1012.36,157.5,-437.5,-245.0
52481,-48.07,23.18,1012.36,192.5,-402.5,-140.0
52510,-48.07,23.18,1012.36,122.5,-280.0,-70.0
52540,-47.82,23.18,1012.36,70.0,-175.0,-105.0
52569,-47.82,23.18,1012.36,87.5,-245.0,-70.0
52599,-47.82,23.18,1012.36,245.0,-315.0,-35.0
52628,-47.82,23.18,1012.36,17.5,-87.5,-35.0
52658,-47.7,23.18,1012.48,157.5,-157.5,87.5
52687,-47.7,23.18,1012.48,87.5,-175.0,-87.5
52716,-47.82,23.18,1012.48,175.0,-210.0,0.0
52746,-47.7,23.18,1012.6,332.5,-332.5,105.0
52775,-47.46,23.3,1012.6,227.5,-227.5,52.5
52805,-47.34,23.3,1012.48,70.0,-315.0,-157.5
52834,-47.34,23.42,1012.6,-87.5,70.0,17.5
52864,-47.34,23.42,1012.6,227.5,-367.5,-70.0
52893,-47.34,23.42,1012.6,0.0,-122.5,-35.0
52923,-47.34,23.42,1012.6,210.0,-280.0,-52.5
52952,-47.21,23.42,1012.72,472.5,-280.0,122.5
52982,-46.97,23.55,1012.72,192.5,-70.0,52.5
53011,-46.97,23.55,1012.6,-262.5,0.0,-332.5
53041,-47.21,23.55,1012.6,-140.0,-87.5,0.0
53070,-47.09,23.42,1012.6,437.5,-472.5,-17.5
53100,-46.85,23.42,1012.72,-17.5,122.5,35.0
53129,-46.85,23.67,1012.72,-87.5,70.0,-70.0
53159,-47.09,23.55,1012.6,70.0,-210.0,-70.0
53188,-47.09,23.55,1012.72,70.0,-122.5,105.0
53218,-46.85,23.55,1012.72,210.0,-245.0,-17.5
53247,-46.85,23.55,1012.6,-175.0,17.5,-17.5
53276,-46.97,23.55,1012.6,87.5,-210.0,17.5
53306,-47.09,23.55,1012.6,105.0,-192.5,-17.5
53335,-47.09,23.55,1012.6,70.0,-192.5,0.0
53365,-47.21,23.42,1012.6,175.0,-385.0,-35.0
53394,-47.09,23.3,1012.6,245.0,-210.0,245.0
53424,-46.73,23.42,1012.72,52.5,-105.0,-52.5
53453,-46.97,23.42,1012.6,-35.0,-17.5,-35.0
53483,-47.34,23.3,1012.48,52.5,-315.0,105.0
53512,-47.34,23.18,1012.48,70.0,-227.5,105.0
53542,-47.09,23.3,1012.48,-87.5,-70.0,-17.5
53571,-47.09,23.3,1012.48,105.0,-140.0,35.0
53601,-47.34,23.06,1012.36,367.5,-665.0,-17.5
53630,-47.09,23.06,1012.23,-122.5,-175.0,192.5
53660,-46.6,23.18,1012.23,-455.0,367.5,-87.5
53689,-46.85,22.94,1012.23,52.5,-245.0,-140.0
53719,-47.21,22.81,1012.11,210.0,-472.5,70.0
53748,-47.21,22.81,1012.11,122.5,-297.5,17.5
53778,-47.09,22.81,1012.36,-70.0,-122.5,35.0
53808,-46.85,22.81,1012.36,-17.5,-192.5,-87.5
53837,-46.97,22.69,1012.36,105.0,-262.5,35.0
53867,-46.97,22.57,1012.36,-52.5,-70.0,70.0
53896,-46.85,22.33,1012.36,105.0,-367.5,-157.5
53925,-46.73,22.2,1012.36,17.5,140.0,245.0
53954,-46.6,22.2,1012.36,-70.0,17.5,-52.5
53984,-46.85,22.2,1012.36,-140.0,157.5,122.5
54013,-46.97,21.96,1012.36,122.5,-87.5,70.0
54043,-46.85,21.84,1012.23,17.5,-227.5,-70.0
54072,-46.85,21.72,1012.23,105.0,-192.5,-17.5
54102,-46.85,21.72,1012.36,-35.0,105.0,-70.0
54131,-47.09,21.59,1012.23,192.5,-245.0,-52.5
54161,-47.09,21.35,1012.11,227.5,-280.0,-70.0
54190,-47.09,21.35,1012.11,17.5,-122.5,-105.0
54220,-47.21,21.23,1012.11,210.0,-122.5,17.5
54249,-47.34,21.23,1011.99,227.5,-157.5,52.5
54279,-47.46,21.11,1011.87,262.5,-385.0,-87.5
54308,-47.46,21.11,1011.87,227.5,-175.0,-70.0
54337,-47.46,20.98,1011.99,367.5,-297.5,-105.0
54366,-47.34,20.98,1011.87,122.5,-35.0,0.0
54395,-47.21,20.98,1011.87,35.0,-17.5,-105.0
54425,-47.34,20.98,1011.87,210.0,-122.5,-17.5
54454,-47.46,20.98,1011.87,455.0,-350.0,-122.5
54483,-47.58,20.98,1011.87,140.0,-35.0,17.5
54512,-47.7,20.98,1011.87,385.0,-402.5,-157.5
54541,-47.7,21.23,1011.99,122.5,192.5,157.5
54570,-47.46,21.23,1012.11,157.5,-140.0,-192.5
54600,-47.46,21.23,1011.87,140.0,-157.5,-140.0
54629,-47.46,21.23,1011.87,0.0,122.5,-122.5
54659,-47.58,21.35,1012.11,35.0,17.5,-105.0
54688,-48.19,21.35,1012.11,455.0,-385.0,-70.0
54718,-48.43,21.23,1011.87,227.5,-192.5,17.5
54747,-48.07,21.35,1011.99,297.5,-227.5,17.5
54777,-47.82,21.47,1012.11,262.5,-175.0,-87.5
54806,-48.07,21.47,1012.11,122.5,-140.0,-122.5
54836,-48.31,21.47,1012.11,157.5,-140.0,52.5
54865,-48.31,21.59,1012.11,332.5,-245.0,70.0
54894,-48.07,21.72,1012.11,122.5,-175.0,-70.0
54923,-48.07,21.84,1012.11,-105.0,52.5,-70.0
54952,-48.19,21.84,1012.11,52.5,70.0,17.5
54982,-48.31,21.96,1012.11,437.5,-315.0,0.0
55011,-48.31,21.96,1011.99,-35.0,-17.5,-70.0
55041,-48.56,22.08,1011.99,-122.5,157.5,-35.0
55070,-48.56,22.08,1012.11,210.0,-192.5,-17.5
55100,-48.56,22.2,1012.11,367.5,-315.0,0.0
55129,-48.68,22.2,1012.11,140.0,-175.0,-192.5
55159,-49.04,22.2,1011.99,297.5,-402.5,0.0
55188,-49.04,22.2,1011.87,-52.5,-210.0,122.5
55218,-48.8,22.33,1011.99,297.5,-577.5,-122.5
55247,-48.68,22.33,1011.99,-17.5,-175.0,-17.5
55277,-48.56,22.33,1011.87,105.0,-105.0,17.5
55306,-48.43,22.45,1011.87,70.0,0.0,-35.0
55336,-48.68,22.45,1011.87,262.5,-332.5,-52.5
55365,-48.92,22.57,1011.87,297.5,-455.0,-105.0
55395,-48.8,22.57,1011.87,52.5,17.5,70.0
55425,-48.56,22.69,1011.99,122.5,-157.5,0.0
55454,-48.56,22.69,1011.99,472.5,-455.0,-52.5
55483,-48.56,22.81,1011.99,105.0,-140.0,-175.0
55512,-48.68,22.94,1011.99,122.5,-350.0,-175.0
55541,-48.8,22.94,1012.11,157.5,-262.5,0.0
55570,-48.56,23.06,1012.11,105.0,-262.5,17.5
55600,-48.31,23.06,1012.11,-245.0,210.0,52.5
55629,-48.43,23.18,1012.11,35.0,-192.5,-87.5
55659,-48.56,23.18,1012.11,420.0,-455.0,0.0
55688,-48.43,23.18,1012.11,35.0,-175.0,-210.0
55718,-48.31,23.18,1012.11,-577.5,367.5,17.5
55747,-48.31,23.18,1012.23,-227.5,210.0,70.0
55777,-48.43,23.18,1012.36,350.0,-455.0,-210.0
55806,-48.56,23.06,1012.36,262.5,-245.0,140.0
55836,-48.56,23.06,1012.36,70.0,-175.0,-87.5
55865,-48.56,23.06,1012.36,227.5,-402.5,-140.0
55895,-48.56,23.06,1012.48,175.0,-315.0,-70.0
55924,-48.56,23.18,1012.6,332.5,-245.0,105.0
55953,-48.43,23.18,1012.48,140.0,-315.0,-192.5
55982,-48.43,23.18,1012.48,70.0,-245.0,-17.5
56011,-48.31,23.18,1012.6,262.5,-297.5,-17.5
56040,-48.43,23.06,1012.48,140.0,-227.5,-122.5
56069,-48.31,23.18,1012.48,-122.5,175.0,175.0
56099,-48.19,23.18,1012.6,87.5,-87.5,-87.5
56128,-48.31,23.18,1012.6,52.5,-17.5,0.0
56158,-48.56,23.18,1012.6,227.5,-210.0,52.5
56187,-48.43,23.18,1012.6,245.0,-297.5,-17.5
56217,-48.31,23.18,1012.72,35.0,-35.0,-35.0
56246,-48.31,23.3,1012.72,157.5,-262.5,-35.0
56276,-48.31,23.3,1012.84,105.0,-105.0,17.5
56305,-48.43,23.18,1012.72,245.0,-402.5,-87.5
56335,-48.43,23.18,1012.72,52.5,-105.0,52.5
56364,-48.31,23.18,1012.72,245.0,-350.0,-52.5
56394,-48.31,23.3,1012.84,52.5,-70.0,0.0
56424,-48.19,23.3,1012.84,105.0,-192.5,-35.0
56454,-48.31,23.3,1012.84,87.5,-192.5,-35.0
56484,-48.31,23.3,1012.84,175.0,-140.0,140.0
56513,-48.19,23.3,1012.84,262.5,-385.0,-105.0
56542,-48.19,23.3,1012.84,52.5,-175.0,-140.0
56571,-48.19,23.42,1012.84,70.0,-105.0,122.5
56601,-47.95,23.42,1012.84,-17.5,-52.5,-17.5
56630,-48.07,23.42,1012.84,122.5,-227.5,-122.5
56659,-48.19,23.3,1012.84,315.0,-315.0,-17.5
56688,-48.19,23.42,1012.84,35.0,-52.5,35.0
56718,-48.07,23.42,1012.84,262.5,-227.5,0.0
56747,-47.95,23.42,1012.84,-192.5,-70.0,-105.0
56777,-48.07,23.42,1012.84,245.0,-402.5,-157.5
56806,-48.07,23.42,1012.72,35.0,70.0,140.0
56836,-48.07,23.3,1012.84,262.5,-210.0,-17.5
56865,-48.07,23.42,1012.84,175.0,-192.5,-35.0
56895,-48.19,23.42,1012.72,87.5,-210.0,-122.5
56924,-48.31,23.55,1012.84,262.5,-332.5,0.0
56954,-48.07,23.42,1012.84,227.5,-332.5,-140.0
56983,-48.07,23.55,1012.72,52.5,-262.5,-35.0
57012,-47.95,23.67,1012.84,297.5,-472.5,-192.5
57041,-48.07,23.67,1012.84,245.0,-367.5,-70.0
57070,-48.07,23.67,1012.84,-17.5,-210.0,-17.5
57099,-47.95,23.67,1012.72,17.5,-192.5,52.5
57128,-47.82,23.55,1012.84,-35.0,17.5,122.5
57158,-47.7,23.67,1012.72,17.5,-175.0,-17.5
57187,-47.7,23.67,1012.6,0.0,-210.0,-17.5
57217,-47.82,23.67,1012.6,17.5,-210.0,-87.5
57246,-47.82,23.67,1012.6,17.5,-227.5,35.0
57276,-47.82,23.55,1012.48,0.0,-245.0,35.0
57305,-47.58,23.55,1012.48,17.5,-210.0,105.0
57335,-47.34,23.42,1012.48,17.5,-192.5,-87.5
57364,-47.34,23.42,1012.48,52.5,-175.0,-52.5
57394,-47.34,23.42,1012.48,157.5,-367.5,-35.0
57423,-46.97,23.42,1012.36,0.0,-192.5,-297.5
57453,-47.09,23.3,1012.48,-280.0,70.0,-542.5
57482,-47.58,23.18,1012.36,70.0,-105.0,52.5
57512,-47.58,23.06,1012.36,70.0,-420.0,-140.0
57541,-47.34,23.06,1012.36,-122.5,-192.5,-227.5
57570,-47.21,22.94,1012.48,0.0,-175.0,-17.5
57600,-47.21,22.69,1012.48,-35.0,-52.5,-35.0
57629,-47.21,22.57,1012.36,-175.0,122.5,35.0
57659,-47.34,22.57,1012.36,-35.0,-175.0,35.0
57688,-47.34,22.45,1012.36,87.5,-105.0,122.5
57718,-47.21,22.33,1012.36,175.0,-210.0,-140.0
57747,-47.21,22.2,1012.36,-210.0,35.0,-105.0
57777,-47.46,22.08,1012.36,245.0,-315.0,-70.0
57806,-47.46,21.96,1012.36,157.5,-210.0,192.5
57836,-47.46,21.96,1012.36,52.5,-367.5,-122.5
57865,-47.46,21.84,1012.36,122.5,-367.5,-35.0
57895,-47.34,21.72,1012.36,35.0,-122.5,17.5
57924,-47.09,21.47,1012.36,140.0,-227.5,-70.0
57954,-47.09,21.47,1012.36,262.5,-245.0,-17.5
57983,-47.09,21.23,1012.36,140.0,17.5,87.5
58013,-47.09,21.23,1012.36,350.0,-227.5,87.5
58042,-47.09,21.35,1012.48,70.0,105.0,17.5
58071,-47.34,21.23,1012.48,297.5,-122.5,140.0
58100,-47.34,21.23,1012.36,490.0,-280.0,140.0
58129,-47.09,21.35,1012.48,70.0,35.0,-70.0
58159,-47.34,21.23,1012.36,245.0,-192.5,-35.0
58188,-47.34,21.23,1012.36,157.5,-35.0,52.5
58218,-47.58,21.23,1012.36,612.5,-525.0,-70.0
58247,-47.58,21.35,1012.23,157.5,-332.5,17.5
58277,-47.46,21.35,1012.23,122.5,-140.0,-35.0
58306,-47.34,21.47,1012.36,175.0,-245.0,-35.0
58336,-47.21,21.47,1012.23,105.0,-122.5,-35.0
58365,-47.34,21.47,1012.11,-17.5,105.0,-52.5
58395,-47.34,21.47,1012.11,-210.0,227.5,-17.5
58424,-47.58,21.59,1012.11,140.0,-157.5,-140.0
58454,-47.82,21.47,1012.11,490.0,-490.0,-105.0
58483,-47.82,21.47,1012.11,17.5,-52.5,52.5
58513,-47.58,21.59,1012.11,105.0,-70.0,35.0
58543,-47.46,21.72,1012.11,105.0,-52.5,-35.0
58573,-47.58,21.59,1011.99,192.5,-157.5,-87.5
58602,-47.82,21.72,1011.99,140.0,-105.0,0.0
58631,-47.95,21.72,1011.87,157.5,-262.5,-157.5
58660,-47.95,21.59,1011.87,297.5,-332.5,-52.5
58689,-47.82,21.72,1011.87,210.0,-227.5,-35.0
58719,-47.82,21.72,1011.87,140.0,-52.5,-17.5
58748,-47.95,21.84,1011.87,140.0,-140.0,0.0
58778,-48.07,21.72,1011.87,175.0,-210.0,-17.5
58807,-47.95,21.84,1011.87,210.0,-280.0,-35.0
58837,-47.82,21.96,1011.87,87.5,52.5,70.0
58867,-47.82,21.96,1011.87,140.0,-157.5,-175.0
58897,-48.07,21.96,1011.87,192.5,-262.5,-17.5
58926,-48.07,22.08,1011.75,70.0,-175.0,-87.5
58956,-48.07,22.2,1011.75,175.0,-175.0,17.5
58985,-48.07,22.2,1011.62,210.0,-157.5,-35.0
59015,-48.07,22.2,1011.62,210.0,-262.5,-70.0
59044,-48.07,22.33,1011.5,140.0,-227.5,-105.0
59074,-48.07,22.33,1011.62,87.5,-210.0,-35.0
59103,-48.07,22.33,1011.62,175.0,-52.5,140.0
59132,-47.95,22.33,1011.5,-70.0,70.0,-105.0
59162,-48.07,22.45,1011.62,245.0,-262.5,-52.5
59191,-48.19,22.45,1011.62,-105.0,52.5,-70.0
59221,-48.31,22.45,1011.62,227.5,-210.0,-17.5
59250,-48.31,22.45,1011.62,140.0,-105.0,122.5
59280,-48.19,22.57,1011.62,262.5,-315.0,-157.5
59309,-48.31,22.57,1011.62,105.0,-157.5,0.0
59339,-48.31,22.57,1011.62,70.0,-175.0,-35.0
59368,-48.43,22.69,1011.75,280.0,-262.5,-70.0
59398,-48.43,22.69,1011.62,192.5,-420.0,-87.5
59427,-48.56,22.69,1011.62,297.5,-367.5,105.0
59457,-48.19,22.69,1011.62,35.0,-175.0,0.0
59487,-48.07,22.81,1011.75,17.5,17.5,-35.0
59517,-48.19,22.94,1011.62,420.0,-332.5,-17.5
59546,-48.31,22.94,1011.62,70.0,-297.5,-140.0
59576,-48.31,22.94,1011.62,332.5,-315.0,52.5
59605,-48.19,22.94,1011.62,0.0,0.0,0.0
59635,-48.07,23.06,1011.75,245.0,-367.5,-157.5
59664,-48.19,23.06,1011.62,52.5,-157.5,-52.5
59693,-48.19,23.06,1011.62,157.5,-210.0,-35.0
59722,-48.07,23.18,1011.62,87.5,-105.0,35.0
59751,-47.95,23.18,1011.5,87.5,-157.5,-140.0
59781,-48.19,23.18,1011.62,105.0,-227.5,-105.0
59810,-48.31,23.18,1011.62,280.0,-367.5,-70.0
59840,-48.07,23.3,1011.62,122.5,-262.5,-87.5
59869,-47.82,23.42,1011.62,17.5,-192.5,-227.5
59899,-47.95,23.3,1011.62,-17.5,-175.0,-35.0
59928,-47.82,23.3,1011.75,105.0,-192.5,-17.5
59958,-47.58,23.42,1011.87,227.5,-105.0,-87.5
59987,-47.7,23.42,1011.75,-87.5,-52.5,-192.5
60017,-48.07,23.42,1011.75,122.5,-210.0,-87.5
60046,-48.31,23.42,1011.87,192.5,-192.5,70.0
60076,-48.07,23.42,1011.87,367.5,-332.5,87.5
60105,-47.7,23.42,1011.75,17.5,-52.5,17.5
60135,-47.58,23.42,1011.75,52.5,-17.5,-87.5
60165,-47.82,23.42,1011.75,122.5,-210.0,-35.0
60194,-48.07,23.42,1011.75,245.0,-402.5,-35.0
60223,-48.07,23.42,1011.62,157.5,-227.5,35.0
60252,-47.82,23.55,1011.62,70.0,-210.0,0.0
60282,-47.58,23.55,1011.75,105.0,-105.0,17.5
60311,-47.7,23.55,1011.75,315.0,-280.0,-52.5
60341,-47.82,23.67,1011.75,122.5,-157.5,35.0
60370,-47.82,23.67,1011.62,157.5,-245.0,-52.5
60400,-47.7,23.67,1011.75,140.0,-122.5,70.0
60429,-47.58,23.67,1011.87,140.0,-227.5,-87.5
60459,-47.7,23.67,1011.75,70.0,-70.0,0.0
60489,-47.7,23.67,1011.62,227.5,-332.5,52.5
60519,-47.58,23.67,1011.62,-87.5,17.5,52.5
60549,-47.46,23.79,1011.62,140.0,-210.0,-140.0
60579,-47.46,23.79,1011.5,-122.5,-122.5,17.5
60608,-47.46,23.67,1011.62,0.0,-157.5,-35.0
60638,-47.58,23.67,1011.62,210.0,-332.5,-17.5
60667,-47.58,23.79,1011.62,52.5,-105.0,87.5
60697,-47.58,23.91,1011.62,35.0,-140.0,17.5
60727,-47.58,23.91,1011.62,-175.0,-175.0,-140.0
60756,-47.7,23.79,1011.62,-52.5,-385.0,-140.0
60785,-47.7,23.67,1011.75,87.5,-245.0,122.5
60814,-47.46,23.55,1011.75,17.5,-105.0,-35.0
60844,-47.46,23.42,1011.62,105.0,-297.5,-70.0
60873,-47.58,23.42,1011.75,-105.0,0.0,70.0
60903,-47.7,23.55,1011.75,105.0,-420.0,-122.5
60932,-47.7,23.42,1011.75,87.5,-192.5,70.0
60962,-47.58,23.42,1011.87,35.0,-332.5,-52.5
60991,-47.34,23.42,1011.87,17.5,-245.0,17.5
61021,-47.21,23.3,1011.87,-87.5,-210.0,-157.5
61050,-47.34,23.18,1011.87,70.0,-332.5,-87.5
61080,-47.34,23.18,1011.99,-192.5,-87.5,35.0
61109,-47.21,22.94,1011.99,35.0,-385.0,-52.5
61139,-47.09,22.94,1012.11,-70.0,0.0,35.0
61169,-47.09,22.81,1012.11,210.0,-350.0,-17.5
61199,-47.09,22.69,1012.11,-87.5,-87.5,140.0
61228,-46.85,22.69,1012.23,122.5,-192.5,-35.0
61257,-46.85,22.57,1012.23,52.5,-210.0,-52.5
61287,-46.85,22.45,1012.36,87.5,-262.5,-70.0
61316,-46.85,22.33,1012.36,70.0,-210.0,0.0
61346,-46.85,22.2,1012.36,192.5,-315.0,52.5
61375,-46.6,22.2,1012.36,140.0,-175.0,17.5
61405,-46.48,22.2,1012.36,-245.0,0.0,-122.5
61434,-46.85,22.08,1012.48,157.5,-262.5,-35.0
61464,-46.85,21.96,1012.36,367.5,-490.0,-17.5
61493,-46.6,21.96,1012.48,-70.0,-175.0,-105.0
61523,-46.36,21.84,1012.6,157.5,-297.5,-70.0
61552,-46.24,21.72,1012.72,192.5,-105.0,52.5
61582,-46.36,21.59,1012.6,140.0,-210.0,-87.5
61611,-46.48,21.47,1012.6,140.0,-192.5,-70.0
61641,-46.36,21.47,1012.6,437.5,-350.0,17.5
61670,-46.12,21.47,1012.72,227.5,-52.5,0.0
61700,-46.12,21.47,1012.6,245.0,-192.5,-140.0
61729,-46.36,21.47,1012.6,315.0,-192.5,35.0
61758,-46.24,21.47,1012.6,525.0,-472.5,-87.5
61787,-46.12,21.47,1012.6,0.0,0.0,17.5
61817,-45.87,21.59,1012.6,210.0,-105.0,-17.5
61846,-45.87,21.72,1012.6,175.0,-17.5,-17.5
61875,-45.99,21.59,1012.6,350.0,-262.5,-192.5
61904,-46.12,21.59,1012.6,122.5,-87.5,35.0
61933,-45.87,21.72,1012.6,280.0,-262.5,35.0
61963,-45.63,21.84,1012.72,52.5,210.0,17.5
61992,-45.63,21.96,1012.72,122.5,-70.0,-52.5
62022,-45.87,21.96,1012.72,192.5,-122.5,-87.5
62051,-45.99,22.08,1012.84,280.0,-227.5,-70.0
62081,-45.99,22.2,1012.72,210.0,-262.5,-105.0
62110,-45.99,22.2,1012.84,157.5,0.0,-52.5
62140,-45.87,22.33,1012.84,315.0,-245.0,-52.5
62169,-45.87,22.33,1012.72,-70.0,-140.0,-192.5
62199,-46.12,22.45,1012.72,157.5,-280.0,-105.0
62228,-46.12,22.45,1012.72,315.0,-280.0,-105.0
62258,-46.12,22.45,1012.6,210.0,-157.5,-70.0
62287,-46.12,22.45,1012.72,315.0,-385.0,52.5
62316,-45.87,22.69,1012.84,0.0,70.0,-105.0
62346,-46.12,22.81,1012.84,192.5,-262.5,-210.0
62375,-46.24,22.81,1012.84,280.0,-140.0,35.0
62405,-46.12,22.94,1012.72,105.0,-227.5,-140.0
62434,-46.12,22.94,1012.72,122.5,-157.5,-122.5
62463,-45.87,23.06,1012.84,17.5,-105.0,-140.0
62492,-46.12,23.06,1012.84,105.0,-175.0,-70.0
62522,-46.24,23.06,1012.84,105.0,-122.5,-17.5
62551,-46.24,23.18,1012.72,140.0,-367.5,-105.0
62581,-45.99,23.18,1012.72,-52.5,17.5,-70.0
62610,-46.12,23.3,1012.84,17.5,-52.5,-122.5
62640,-46.24,23.18,1012.72,-70.0,-70.0,-52.5
62669,-46.24,23.18,1012.72,17.5,-122.5,-70.0
62699,-46.24,23.18,1012.84,-17.5,17.5,52.5
62729,-46.12,23.18,1012.84,17.5,-52.5,-35.0
62759,-46.24,23.18,1012.72,87.5,-52.5,0.0
62789,-46.36,23.06,1012.6,-140.0,70.0,52.5
62819,-46.48,23.06,1012.72,105.0,17.5,35.0
62849,-46.73,22.94,1012.72,367.5,-245.0,0.0
62878,-46.85,22.94,1012.6,105.0,-332.5,0.0
62908,-46.73,23.06,1012.6,17.5,-140.0,0.0
62937,-46.85,22.94,1012.72,0.0,-87.5,-35.0
62967,-47.09,22.94,1012.72,192.5,-122.5,35.0
62996,-47.09,22.81,1012.6,297.5,-262.5,87.5
63026,-46.97,22.94,1012.6,-140.0,70.0,87.5
63055,-46.97,22.94,1012.84,-122.5,105.0,-17.5
63085,-47.21,22.81,1012.72,402.5,-280.0,17.5
63114,-47.34,22.81,1012.6,140.0,-192.5,0.0
63144,-47.09,22.81,1012.6,52.5,-245.0,-70.0
63173,-47.09,22.81,1012.84,140.0,-175.0,-87.5
63203,-47.21,22.81,1012.84,210.0,-192.5,0.0
63232,-47.34,22.81,1012.84,122.5,-280.0,-140.0
63262,-47.46,22.69,1012.72,35.0,-227.5,-35.0
63291,-47.34,22.69,1012.72,140.0,-280.0,-35.0
63321,-47.21,22.69,1012.84,52.5,35.0,52.5
63351,-47.34,22.81,1012.84,35.0,-17.5,-35.0
63381,-47.58,22.69,1012.84,210.0,-350.0,-35.0
63410,-47.58,22.69,1012.84,420.0,-472.5,-17.5
63439,-47.46,22.69,1012.84,-17.5,-17.5,-17.5
63469,-47.34,22.81,1013.09,17.5,-140.0,0.0
63498,-47.21,22.81,1012.97,122.5,-35.0,-52.5
63528,-47.34,22.69,1012.84,-52.5,-87.5,-35.0
63557,-47.58,22.69,1012.97,87.5,-122.5,17.5
63587,-47.7,22.69,1012.97,140.0,-192.5,-17.5
63616,-47.7,22.69,1012.97,455.0,-420.0,-17.5
63646,-47.58,22.69,1012.84,-17.5,-157.5,-140.0
63675,-47.58,22.69,1012.84,105.0,-350.0,-140.0
63705,-47.7,22.69,1012.84,122.5,-227.5,-35.0
63734,-47.58,22.69,1012.84,175.0,-210.0,35.0
63764,-47.58,22.69,1012.84,-17.5,-70.0,-52.5
63793,-47.58,22.81,1012.97,175.0,-192.5,70.0
63823,-47.58,22.81,1012.84,87.5,-70.0,17.5
63853,-47.82,22.81,1012.84,245.0,-455.0,-70.0
63883,-47.82,22.69,1012.84,87.5,-175.0,87.5
63913,-47.58,22.81,1012.84,-122.5,-140.0,-52.5
63943,-47.58,22.81,1012.84,157.5,-210.0,17.5
63972,-47.58,22.81,1012.72,-140.0,-35.0,17.5
64001,-47.58,22.81,1012.72,122.5,-280.0,17.5
64031,-47.7,22.69,1012.6,-17.5,-192.5,-52.5
64060,-47.58,22.57,1012.6,-52.5,-140.0,-17.5
64090,-47.58,22.57,1012.6,105.0,-262.5,17.5
64119,-47.34,22.57,1012.48,-52.5,0.0,35.0
64149,-47.46,22.45,1012.48,-35.0,-175.0,0.0
64178,-47.46,22.33,1012.48,122.5,-315.0,17.5
64208,-47.46,22.33,1012.36,52.5,-245.0,-105.0
64237,-47.46,22.33,1012.36,-122.5,-35.0,52.5
64267,-47.58,22.2,1012.36,0.0,-227.5,17.5
64296,-47.46,22.2,1012.36,0.0,-245.0,0.0
64326,-47.34,21.96,1012.36,-122.5,-87.5,17.5
64355,-47.34,21.96,1012.23,52.5,-192.5,17.5
64385,-47.46,21.84,1012.11,157.5,-385.0,-52.5
64414,-47.46,21.72,1012.11,87.5,-35.0,140.0
64444,-47.34,21.59,1012.11,-35.0,-227.5,-122.5
64473,-47.46,21.47,1011.99,-35.0,-315.0,-87.5
64502,-47.34,21.47,1012.11,227.5,-350.0,0.0
64532,-47.34,21.35,1011.99,175.0,-350.0,-70.0
64561,-47.34,21.23,1011.99,-17.5,-227.5,52.5
64591,-47.09,21.23,1011.99,17.5,-122.5,-17.5
64620,-47.34,21.11,1011.99,157.5,-245.0,0.0
64650,-47.34,20.98,1011.99,157.5,-210.0,0.0
64679,-47.21,20.98,1011.87,140.0,-367.5,-52.5
64709,-46.97,20.98,1011.87,-17.5,-140.0,-52.5
64738,-46.97,20.86,1011.87,157.5,-315.0,-122.5
64768,-47.09,20.86,1011.75,122.5,-210.0,87.5
64797,-46.85,20.74,1011.62,140.0,-245.0,-70.0
64827,-46.85,20.62,1011.62,70.0,-175.0,-52.5
64856,-46.73,20.5,1011.62,175.0,-122.5,35.0
64886,-46.6,20.5,1011.62,210.0,-105.0,-122.5
64915,-46.73,20.5,1011.62,227.5,-175.0,-52.5
64945,-46.85,20.37,1011.62,332.5,-297.5,0.0
64975,-46.6,20.5,1011.62,297.5,-140.0,52.5
65005,-46.6,20.5,1011.75,385.0,-297.5,35.0
65034,-46.48,20.62,1011.62,245.0,-245.0,-87.5
65063,-46.36,20.62,1011.62,175.0,-87.5,-52.5
65093,-46.48,20.62,1011.62,140.0,-87.5,-122.5
65122,-46.6,20.62,1011.75,367.5,-280.0,0.0
65152,-46.6,20.74,1011.62,437.5,-227.5,87.5
65181,-46.48,20.86,1011.75,350.0,-350.0,-175.0
65210,-46.36,20.86,1011.75,297.5,-262.5,35.0
65239,-46.24,20.98,1011.75,385.0,-315.0,0.0
65269,-46.12,21.11,1011.62,140.0,70.0,-35.0
65298,-45.87,21.11,1011.75,-52.5,70.0,-17.5
65328,-45.99,21.35,1011.75,122.5,-157.5,-157.5
65357,-46.36,21.47,1011.87,245.0,-122.5,-87.5
65387,-46.48,21.47,1011.75,192.5,-262.5,-70.0
65416,-46.24,21.47,1011.75,175.0,-140.0,17.5
65446,-45.99,21.59,1011.75,122.5,-70.0,17.5
65476,-45.99,21.84,1011.75,122.5,-157.5,-192.5
65506,-46.24,21.84,1011.75,122.5,-122.5,35.0
65535,-46.36,21.84,1011.62,52.5,-140.0,17.5
65564,-46.36,21.96,1011.62,175.0,-280.0,-157.5
65593,-46.36,21.96,1011.62,140.0,-175.0,105.0
65622,-46.24,22.08,1011.75,52.5,-192.5,-87.5
65652,-46.24,22.2,1011.75,157.5,-87.5,17.5
65681,-46.36,22.2,1011.62,140.0,-175.0,17.5
65711,-46.36,22.2,1011.75,210.0,-192.5,-52.5
65740,-46.36,22.2,1011.75,262.5,-297.5,17.5
65770,-46.36,22.33,1011.62,140.0,-227.5,-52.5
65799,-46.36,22.45,1011.75,140.0,-210.0,-70.0
65829,-46.24,22.45,1011.75,157.5,-87.5,-17.5
65858,-46.24,22.57,1011.75,87.5,-175.0,-87.5
65888,-46.36,22.57,1011.75,87.5,-175.0,-70.0
65917,-46.36,22.57,1011.75,105.0,-35.0,0.0
65947,-46.36,22.69,1011.87,280.0,-227.5,0.0
65976,-46.36,22.81,1011.87,105.0,-262.5,-157.5
66006,-46.36,22.81,1011.87,105.0,-210.0,-35.0
66035,-46.24,22.81,1011.75,192.5,-245.0,17.5
66065,-46.12,22.81,1011.75,17.5,17.5,-52.5
66095,-46.12,22.81,1011.75,175.0,-87.5,-87.5
66124,-46.36,22.94,1011.75,70.0,-52.5,17.5
66154,-46.48,22.94,1011.75,227.5,-227.5,17.5
66183,-46.6,23.06,1011.75,245.0,-157.5,52.5
66213,-46.48,23.06,1011.75,87.5,-105.0,-52.5
66242,-46.36,23.18,1011.87,17.5,-17.5,17.5
66272,-46.36,23.18,1011.87,122.5,-87.5,-35.0
66301,-46.6,23.3,1011.87,70.0,-70.0,-35.0
66331,-46.85,23.18,1011.75,315.0,-437.5,-52.5
66360,-46.73,23.18,1011.87,-17.5,-70.0,70.0
66390,-46.6,23.18,1011.87,262.5,-227.5,-17.5
66419,-46.6,23.3,1011.87,105.0,-87.5,35.0
66449,-46.6,23.42,1011.87,192.5,-350.0,-175.0
66478,-46.85,23.42,1012.11,140.0,-192.5,0.0
66508,-46.73,23.42,1012.11,210.0,-315.0,-52.5
66537,-46.6,23.42,1012.11,122.5,-122.5,70.0
66567,-46.6,23.55,1012.11,0.0,-70.0,-52.5
66597,-46.6,23.67,1012.11,192.5,-262.5,-122.5
66626,-46.85,23.42,1011.99,87.5,-262.5,-35.0
66656,-46.73,23.55,1012.11,87.5,-122.5,70.0
66685,-46.6,23.67,1012.11,175.0,-385.0,-175.0
66714,-46.6,23.67,1012.11,0.0,-175.0,-122.5
66743,-46.73,23.67,1012.11,210.0,-262.5,-52.5
66773,-46.73,23.79,1012.11,87.5,-17.5,52.5
66802,-46.6,23.79,1012.23,140.0,-280.0,-140.0
66831,-46.6,23.79,1012.23,-17.5,-157.5,0.0
66860,-46.6,23.79,1012.23,210.0,-315.0,-122.5
66890,-46.73,23.67,1012.11,105.0,-52.5,105.0
66919,-46.6,23.79,1012.11,122.5,-87.5,52.5
66949,-46.6,23.79,1012.11,87.5,-87.5,-17.5
66978,-46.73,23.79,1012.11,0.0,-35.0,17.5
67008,-46.85,23.79,1012.11,367.5,-280.0,52.5
67037,-46.73,23.79,1012.11,175.0,-35.0,122.5
67067,-46.6,23.91,1012.11,-70.0,-52.5,-17.5
67096,-46.6,23.91,1012.11,367.5,-472.5,-17.5
67126,-46.6,23.91,1011.99,420.0,-577.5,-87.5
67155,-46.73,24.03,1011.99,-315.0,87.5,-192.5
67185,-46.97,24.03,1011.99,-297.5,-35.0,0.0
67215,-46.85,23.91,1012.11,175.0,-245.0,210.0
67244,-46.48,24.03,1012.11,192.5,-175.0,-87.5
67273,-46.6,23.91,1012.11,-157.5,-87.5,-140.0
67302,-46.85,23.79,1012.11,52.5,-122.5,105.0
67332,-46.85,23.91,1012.11,350.0,-472.5,-52.5
67361,-46.85,23.91,1012.23,87.5,-175.0,35.0
67391,-46.85,23.91,1012.11,105.0,-332.5,-87.5
67420,-46.97,23.91,1012.23,-17.5,-105.0,52.5
67450,-46.97,23.91,1012.23,262.5,-385.0,17.5
67479,-46.85,23.79,1012.11,105.0,-350.0,0.0
67509,-46.73,23.79,1012.23,17.5,-245.0,0.0
67538,-46.6,23.79,1012.11,140.0,-367.5,-52.5
67568,-46.6,23.67,1012.11,70.0,-262.5,17.5
67597,-46.6,23.67,1012.11,227.5,-437.5,-87.5
67627,-46.24,23.67,1012.11,-87.5,-175.0,-17.5
67656,-46.12,23.67,1012.11,-175.0,-140.0,-175.0
67686,-46.24,23.67,1012.23,87.5,-192.5,0.0
67716,-46.24,23.42,1012.11,280.0,-490.0,-52.5
67746,-46.12,23.42,1012.11,-70.0,-140.0,17.5
67775,-45.99,23.42,1012.11,0.0,-140.0,-35.0
67804,-45.99,23.42,1012.11,-35.0,17.5,35.0
67834,-46.12,23.3,1012.11,140.0,-367.5,0.0
67863,-45.99,23.18,1011.99,227.5,-315.0,0.0
67893,-45.87,23.06,1011.99,0.0,-105.0,17.5
67922,-45.75,23.18,1012.11,0.0,-35.0,17.5
67952,-45.99,23.3,1012.23,105.0,-105.0,0.0
67981,-46.36,23.18,1012.11,52.5,-455.0,-52.5
68011,-45.99,23.06,1012.11,-70.0,-192.5,35.0
68040,-45.51,22.94,1012.11,87.5,-52.5,-52.5
68070,-45.38,22.94,1012.23,122.5,-87.5,35.0
68099,-45.63,22.81,1012.11,-105.0,-70.0,-35.0
68129,-45.75,22.69,1012.11,350.0,-490.0,-17.5
68158,-45.51,22.69,1012.11,367.5,-350.0,-52.5
68188,-45.38,22.69,1012.23,350.0,-192.5,-35.0
68217,-45.26,22.69,1012.23,87.5,140.0,245.0
68247,-45.02,22.94,1012.36,-280.0,315.0,35.0
68276,-45.14,22.81,1012.23,-70.0,87.5,-35.0
68305,-45.51,22.57,1012.23,105.0,-105.0,-17.5
68334,-45.63,22.45,1012.23,297.5,-140.0,35.0
68363,-45.38,22.57,1012.11,87.5,-87.5,-52.5
68393,-45.38,22.45,1012.23,-122.5,-52.5,-122.5
68422,-45.75,22.45,1012.36,262.5,-455.0,-105.0
68451,-45.75,22.45,1012.23,227.5,-297.5,35.0
68480,-45.63,22.45,1012.23,140.0,-192.5,-87.5
68510,-45.51,22.45,1012.36,-122.5,192.5,-87.5
68539,-45.87,22.45,1012.36,350.0,-507.5,-245.0
68569,-45.87,22.33,1012.36,262.5,-35.0,157.5
68598,-45.63,22.33,1012.23,140.0,-87.5,-35.0
68628,-45.63,22.33,1012.23,87.5,-17.5,-17.5
68657,-45.87,22.45,1012.23,262.5,-210.0,-52.5
68687,-45.87,22.45,1012.23,35.0,-17.5,35.0
68717,-45.99,22.45,1012.23,17.5,0.0,35.0
68747,-45.99,22.45,1012.23,262.5,-140.0,-52.5
68776,-45.87,22.45,1012.23,157.5,-140.0,0.0
68806,-45.99,22.45,1012.23,52.5,35.0,-35.0
68836,-46.24,22.57,1012.23,332.5,-157.5,70.0
68865,-46.36,22.45,1012.11,280.0,-280.0,-52.5
68894,-46.36,22.57,1012.11,350.0,-385.0,35.0
68923,-46.24,22.69,1012.23,87.5,70.0,87.5
68953,-46.36,22.69,1012.11,280.0,-420.0,-210.0
68982,-46.48,22.57,1012.11,-227.5,52.5,175.0
69012,-46.48,22.57,1012.23,-227.5,-280.0,70.0
69041,-46.6,22.57,1012.36,245.0,-315.0,507.5
69071,-46.6,22.45,1012.36,245.0,-752.5,35.0
69100,-46.6,22.57,1012.23,-227.5,-210.0,210.0
69130,-46.36,22.57,1012.36,140.0,-87.5,280.0
69159,-46.24,22.57,1012.48,367.5,-385.0,367.5
69189,-46.24,22.81,1012.36,262.5,-210.0,140.0
69218,-46.36,22.94,1012.36,245.0,-280.0,-175.0
69248,-46.36,22.94,1012.36,175.0,-245.0,-367.5
69277,-46.24,22.94,1012.23,210.0,-402.5,-542.5
69307,-46.24,22.94,1012.36,122.5,-122.5,-157.5
69336,-46.12,22.81,1012.36,192.5,-227.5,-210.0
69366,-46.12,22.81,1012.36,70.0,-122.5,-35.0
69396,-46.24,22.94,1012.36,402.5,-385.0,-70.0
69425,-46.12,22.94,1012.36,140.0,0.0,70.0
69455,-45.87,23.06,1012.23,315.0,-227.5,-175.0
69484,-45.75,23.18,1012.23,-70.0,52.5,-297.5
69514,-45.99,23.18,1012.23,262.5,-367.5,-332.5
69543,-46.12,23.06,1012.23,105.0,-52.5,70.0
69573,-46.12,23.18,1012.11,262.5,-402.5,52.5
69602,-45.99,23.18,1012.23,140.0,-87.5,157.5
69632,-45.87,23.3,1012.11,227.5,-122.5,70.0
69661,-45.87,23.3,1012.11,52.5,17.5,52.5
69691,-45.87,23.42,1011.99,87.5,-245.0,-35.0
69720,-45.87,23.42,1011.99,175.0,-280.0,-35.0
69750,-45.87,23.42,1012.11,280.0,-280.0,17.5
69779,-45.75,23.67,1012.11,157.5,-70.0,157.5
69809,-45.63,23.67,1011.99,52.5,-332.5,-210.0
69838,-45.75,23.67,1011.99,210.0,-297.5,-70.0
69868,-45.63,23.67,1011.99,140.0,-140.0,17.5
69897,-45.63,23.67,1011.99,70.0,35.0,-35.0
69926,-45.63,23.67,1011.99,122.5,-87.5,52.5
69956,-45.63,23.91,1011.87,175.0,-192.5,-70.0
69985,-45.75,23.91,1011.99,87.5,-140.0,-52.5
70015,-45.75,23.91,1011.99,262.5,-367.5,35.0
70044,-45.63,23.91,1011.99,297.5,-385.0,-175.0
70073,-45.63,24.03,1011.87,17.5,-52.5,105.0
70102,-45.63,24.03,1011.99,157.5,-210.0,-17.5
70132,-45.51,24.16,1011.87,-175.0,87.5,-17.5
70161,-45.63,24.16,1011.87,227.5,-385.0,-192.5
70191,-45.63,24.16,1011.87,-105.0,70.0,122.5
70220,-45.51,24.16,1011.99,52.5,-175.0,-122.5
70250,-45.51,24.16,1011.99,-35.0,52.5,0.0
70280,-45.63,24.16,1011.99,157.5,-210.0,-52.5
70310,-45.63,24.16,1011.99,140.0,-192.5,-87.5
70339,-45.75,24.03,1012.11,192.5,-280.0,-52.5
70369,-45.63,24.16,1011.99,105.0,-122.5,105.0
70398,-45.51,24.16,1012.11,35.0,-35.0,0.0
70428,-45.63,24.16,1011.99,227.5,-245.0,-70.0
70457,-45.75,24.16,1011.99,105.0,-175.0,-17.5
70486,-45.63,24.16,1012.11,210.0,-157.5,35.0
70516,-45.63,24.16,1012.11,87.5,-87.5,-17.5
70545,-45.75,24.16,1012.11,245.0,-227.5,52.5
70575,-45.87,24.16,1012.11,87.5,-70.0,17.5
70604,-45.87,24.4,1012.23,350.0,-455.0,-87.5
70634,-45.87,24.4,1012.11,0.0,-315.0,-105.0
70663,-45.87,24.4,1012.23,-17.5,-437.5,-157.5
70692,-45.75,24.4,1012.36,52.5,-122.5,0.0
70721,-45.63,24.4,1012.23,122.5,-245.0,-35.0
70751,-45.63,24.4,1012.23,-52.5,-192.5,-87.5
70780,-45.75,24.4,1012.36,-70.0,-210.0,-52.5
70810,-45.87,24.4,1012.36,-17.5,-280.0,-70.0
70839,-45.87,24.28,1012.36,245.0,-210.0,52.5
70869,-45.63,24.28,1012.36,0.0,-297.5,-52.5
70898,-45.38,24.28,1012.48,157.5,-297.5,-35.0
70928,-45.51,24.28,1012.48,-87.5,0.0,0.0
70958,-45.51,24.16,1012.6,52.5,-245.0,0.0
70988,-45.63,24.03,1012.6,122.5,-455.0,-70.0
71017,-45.75,24.03,1012.6,350.0,-630.0,-35.0
71047,-45.51,24.03,1012.72,-262.5,17.5,105.0
71076,-45.14,24.03,1012.72,122.5,-367.5,-52.5
71105,-44.9,24.03,1012.72,-52.5,52.5,175.0
71135,-44.77,24.03,1012.84,-122.5,0.0,-192.5
71164,-45.14,23.91,1012.72,157.5,-420.0,-52.5
71194,-45.14,23.67,1012.6,0.0,-175.0,140.0
71223,-44.9,23.67,1012.72,70.0,-332.5,-70.0
71253,-44.65,23.55,1012.6,-175.0,-350.0,-52.5
71282,-44.65,23.42,1012.72,-367.5,227.5,157.5
71312,-44.9,23.42,1012.84,227.5,-297.5,-52.5
71341,-45.38,23.3,1012.84,297.5,-455.0,122.5
71371,-45.14,23.3,1012.84,332.5,-315.0,105.0
71400,-44.65,23.3,1012.84,17.5,-140.0,-122.5
71430,-44.41,23.18,1012.97,35.0,-192.5,-87.5
71459,-44.29,22.94,1012.84,105.0,-210.0,140.0
71489,-44.04,22.69,1012.72,-280.0,280.0,122.5
71518,-43.55,22.69,1012.84,-350.0,857.5,105.0
71548,-43.92,22.81,1012.97,87.5,455.0,-87.5
71578,-44.77,22.57,1012.84,70.0,105.0,70.0
71608,-45.26,22.45,1012.72,280.0,-367.5,-87.5
71637,-45.26,22.33,1012.6,332.5,-280.0,35.0
71666,-45.02,22.45,1012.84,420.0,-507.5,-297.5
71695,-45.14,22.45,1012.84,70.0,-350.0,-227.5
71724,-45.38,22.2,1012.6,210.0,-402.5,-105.0
71753,-45.26,22.2,1012.6,262.5,-192.5,35.0
71782,-44.9,22.33,1012.84,70.0,-35.0,-35.0
71812,-45.02,22.33,1012.72,140.0,-122.5,-70.0
71841,-45.38,22.2,1012.6,192.5,-35.0,105.0
71871,-45.26,22.2,1012.72,105.0,-87.5,-70.0
71900,-45.14,22.2,1012.72,122.5,-280.0,-227.5
71930,-45.14,22.2,1012.72,420.0,-315.0,-157.5
71959,-45.14,22.2,1012.72,-210.0,525.0,280.0
71989,-45.14,22.33,1012.72,-17.5,192.5,17.5
72018,-45.51,22.2,1012.72,122.5,-17.5,0.0
72048,-45.87,22.2,1012.72,490.0,-350.0,17.5
72077,-45.87,22.2,1012.6,122.5,-385.0,-157.5
72107,-45.87,22.2,1012.6,-52.5,-70.0,-35.0
72136,-45.87,22.2,1012.72,507.5,-542.5,-140.0
72166,-45.87,22.2,1012.6,280.0,-210.0,-140.0
72195,-45.99,22.2,1012.48,105.0,-192.5,-157.5
72224,-45.99,22.45,1012.48,140.0,-245.0,-87.5
72253,-46.12,22.33,1012.48,350.0,-385.0,-192.5
72282,-46.12,22.33,1012.36,105.0,52.5,105.0
72312,-46.12,22.45,1012.36,245.0,-332.5,-122.5
72341,-45.99,22.33,1012.36,70.0,-87.5,70.0
72371,-46.12,22.45,1012.23,140.0,-262.5,-52.5
72400,-46.12,22.57,1012.23,105.0,-52.5,-17.5
72430,-46.12,22.69,1012.23,175.0,-175.0,-35.0
72459,-46.24,22.69,1012.11,210.0,-227.5,35.0
72489,-46.24,22.69,1012.11,105.0,-245.0,-122.5
72518,-46.12,22.69,1012.11,122.5,-140.0,52.5
72548,-46.12,22.81,1012.11,245.0,-175.0,35.0
72577,-46.12,22.94,1012.11,105.0,-122.5,0.0
72607,-46.12,22.94,1011.99,227.5,-332.5,0.0
72636,-46.12,22.94,1011.99,122.5,-105.0,70.0
72666,-46.12,22.94,1011.87,227.5,-245.0,-35.0
72695,-46.12,23.06,1011.87,87.5,-17.5,17.5
72725,-46.24,23.18,1011.87,192.5,-315.0,-70.0
72754,-46.12,23.18,1011.99,140.0,-52.5,157.5
72783,-46.12,23.18,1011.87,-35.0,-245.0,-122.5
72812,-46.12,23.18,1011.87,192.5,-350.0,0.0
72841,-46.12,23.18,1011.87,280.0,-280.0,-17.5
72871,-46.12,23.18,1011.87,175.0,-17.5,87.5
72900,-46.24,23.42,1011.87,52.5,-17.5,122.5
72930,-46.24,23.42,1011.87,280.0,-507.5,-157.5
72959,-46.36,23.55,1011.87,350.0,-420.0,-35.0
72989,-46.24,23.55,1011.75,105.0,-157.5,17.5
73018,-45.99,23.55,1011.75,-17.5,0.0,70.0
73048,-45.87,23.67,1011.87,140.0,-315.0,-87.5
73077,-46.12,23.79,1011.87,245.0,-350.0,-87.5
73107,-46.24,23.79,1011.75,52.5,-245.0,-17.5
73136,-45.99,23.79,1011.87,140.0,-87.5,52.5
73166,-45.87,23.79,1011.75,402.5,-612.5,-70.0
73195,-45.63,23.79,1011.62,-210.0,-175.0,-87.5
73225,-45.63,23.91,1011.75,17.5,17.5,-122.5
73255,-46.12,24.03,1011.87,490.0,-297.5,105.0
73285,-46.36,24.16,1011.87,682.5,-962.5,-17.5
73314,-46.12,24.16,1011.62,-210.0,-367.5,-52.5
73343,-45.38,24.16,1011.75,-87.5,87.5,-35.0
73373,-44.9,24.16,1011.75,-17.5,122.5,-105.0
73402,-45.02,24.16,1011.62,-315.0,175.0,-35.0
73431,-45.63,24.03,1011.62,297.5,-297.5,0.0
73460,-45.87,24.16,1011.75,1015.0,-875.0,70.0
73490,-45.38,24.4,1011.62,122.5,-245.0,35.0
73519,-45.02,24.4,1011.62,35.0,-262.5,-122.5
73549,-45.02,24.4,1011.62,280.0,-490.0,-157.5
73578,-44.9,24.28,1011.5,157.5,-367.5,-105.0
73608,-44.53,24.4,1011.5,-35.0,-52.5,-122.5
73637,-44.41,24.52,1011.5,-17.5,-210.0,0.0
73667,-44.41,24.64,1011.5,-17.5,122.5,52.5
73696,-44.53,24.64,1011.62,35.0,17.5,87.5
73726,-44.41,24.64,1011.5,262.5,-245.0,35.0
73755,-44.16,24.64,1011.5,140.0,-192.5,0.0
73785,-43.92,24.77,1011.5,17.5,-140.0,-210.0
73814,-44.16,24.89,1011.62,-52.5,35.0,-105.0
73844,-44.53,24.77,1011.62,437.5,-542.5,-140.0
73873,-44.65,24.64,1011.38,332.5,-525.0,70.0
73903,-44.16,24.77,1011.5,0.0,-245.0,-105.0
73933,-43.92,24.77,1011.62,-35.0,70.0,52.5
73962,-43.92,24.89,1011.62,280.0,-297.5,-70.0
73991,-44.04,24.89,1011.62,105.0,-210.0,-70.0
74020,-44.16,24.77,1011.62,35.0,-280.0,35.0
74050,-44.04,24.89,1011.75,402.5,-437.5,0.0
74079,-43.92,24.89,1011.75,315.0,-70.0,122.5
74109,-43.68,25.01,1011.62,315.0,-350.0,-17.5
74138,-43.55,25.01,1011.62,-332.5,0.0,-210.0
74168,-43.55,25.01,1011.62,210.0,-420.0,17.5
74197,-43.43,25.13,1011.62,35.0,-70.0,0.0
74227,-43.31,25.13,1011.62,87.5,87.5,-17.5
74256,-43.43,25.13,1011.75,0.0,-122.5,0.0
74286,-43.55,25.13,1011.62,157.5,-297.5,-122.5
74315,-43.68,25.13,1011.75,-122.5,0.0,52.5
74345,-43.55,25.13,1011.87,245.0,-297.5,-35.0
74374,-43.31,25.13,1011.87,17.5,-70.0,17.5
74404,-43.19,25.13,1011.87,70.0,-105.0,17.5
74434,-43.43,25.13,1011.99,70.0,-140.0,-87.5
74464,-43.68,25.01,1011.87,210.0,-192.5,52.5
74493,-43.68,25.01,1011.87,87.5,-227.5,0.0
74522,-43.31,25.13,1011.99,175.0,-315.0,-157.5
74551,-43.31,25.13,1011.99,87.5,-52.5,87.5
74580,-43.31,25.13,1012.11,175.0,-280.0,-87.5
74610,-43.31,25.13,1012.11,0.0,-52.5,-17.5
74639,-43.43,25.13,1012.11,280.0,-332.5,-70.0
74669,-43.43,25.01,1012.11,192.5,-227.5,87.5
74698,-43.19,25.13,1012.11,-35.0,17.5,-52.5
74728,-43.19,25.01,1012.23,140.0,-315.0,-105.0
74757,-43.43,25.01,1012.23,315.0,-140.0,122.5
74787,-43.31,25.13,1012.11,140.0,-175.0,0.0
74816,-43.19,25.25,1012.11,52.5,-280.0,-157.5
74846,-43.31,25.13,1012.23,105.0,-192.5,-157.5
74875,-43.31,25.01,1012.23,210.0,-175.0,70.0
74905,-43.19,25.13,1012.23,-87.5,245.0,35.0
74935,-43.19,25.13,1012.36,17.5,-262.5,-70.0
74965,-43.31,25.13,1012.36,0.0,-87.5,-52.5
74995,-43.43,25.13,1012.48,140.0,-17.5,105.0
75024,-43.43,25.13,1012.48,455.0,-560.0,-140.0
75053,-43.19,25.13,1012.48,-192.5,245.0,245.0
75082,-42.94,25.25,1012.6,-140.0,70.0,-175.0
75112,-43.43,25.13,1012.6,-17.5,52.5,-70.0
75141,-43.8,24.89,1012.6,507.5,-647.5,-87.5
75171,-43.68,24.89,1012.6,-17.5,-157.5,140.0
75200,-43.31,24.89,1012.72,52.5,-87.5,-52.5
75230,-43.19,24.89,1012.72,105.0,-140.0,-140.0
75259,-43.55,24.77,1012.84,52.5,-35.0,17.5
75289,-43.8,24.89,1012.72,420.0,-350.0,87.5
75318,-43.68,24.89,1012.84,-17.5,-210.0,-87.5
75348,-43.68,24.89,1012.84,245.0,-367.5,-35.0
75377,-43.68,24.89,1012.84,262.5,-245.0,-35.0
75407,-43.68,24.89,1012.84,157.5,-52.5,70.0
75436,-43.68,24.89,1012.84,87.5,-192.5,17.5
75466,-43.8,24.89,1012.84,262.5,-385.0,-35.0
75495,-43.68,24.89,1012.84,175.0,-87.5,122.5
75525,-43.55,25.01,1012.72,-70.0,-17.5,-105.0
75554,-43.68,25.01,1012.84,-122.5,-105.0,-140.0
75583,-43.8,24.89,1012.84,210.0,-280.0,17.5
75613,-43.68,25.01,1012.84,-17.5,87.5,17.5
75642,-43.68,25.01,1012.97,192.5,-175.0,-70.0
75672,-43.8,24.89,1012.84,-17.5,-175.0,-122.5
75701,-44.04,24.89,1012.84,105.0,-157.5,-17.5
75731,-43.92,24.89,1012.84,122.5,-122.5,52.5
75760,-43.68,24.89,1012.84,-35.0,-105.0,-140.0
75790,-43.92,24.89,1012.84,245.0,-315.0,-52.5
75819,-44.04,24.89,1012.84,-52.5,52.5,-17.5
75849,-44.29,24.89,1012.97,35.0,-192.5,52.5
75878,-44.16,24.89,1012.84,297.5,-350.0,52.5
75908,-44.16,24.77,1012.84,87.5,-122.5,-17.5
75937,-44.04,24.89,1012.84,70.0,-175.0,0.0
75967,-44.16,24.89,1012.84,192.5,-280.0,-52.5
75996,-44.29,24.89,1012.84,35.0,-157.5,-35.0
76026,-44.29,24.77,1012.84,210.0,-402.5,-35.0
76055,-44.16,24.64,1012.84,-17.5,-175.0,52.5
76084,-43.92,24.77,1012.84,17.5,-262.5,-140.0
76113,-43.92,24.77,1012.84,-70.0,-87.5,-105.0
76142,-44.04,24.64,1012.84,-52.5,-52.5,105.0
76172,-44.16,24.64,1012.84,140.0,-262.5,0.0
76201,-44.16,24.64,1012.84,70.0,-280.0,-35.0
76231,-44.16,24.64,1012.97,-35.0,-157.5,17.5
76260,-44.04,24.64,1012.97,0.0,-175.0,0.0
76290,-44.04,24.52,1012.97,-122.5,-122.5,17.5
76319,-44.16,24.4,1013.09,-157.5,-35.0,-87.5
76349,-44.41,24.4,1012.97,-17.5,-227.5,70.0
76378,-44.29,24.28,1013.09,210.0,-332.5,105.0
76408,-43.92,24.28,1013.09,0.0,-245.0,-105.0
76437,-43.92,24.16,1013.09,87.5,-245.0,-87.5
76467,-44.04,24.03,1013.09,140.0,-210.0,-52.5
76496,-44.04,23.91,1012.97,297.5,-420.0,17.5
76526,-43.92,24.03,1012.97,-175.0,-262.5,-157.5
76555,-43.8,23.91,1013.09,-227.5,-157.5,-87.5
76584,-43.92,23.67,1013.09,315.0,-455.0,52.5
76614,-43.8,23.55,1012.97,52.5,-140.0,70.0
76643,-43.55,23.55,1012.84,-157.5,-35.0,-35.0
76672,-43.43,23.42,1012.97,-35.0,52.5,0.0
76701,-43.31,23.42,1012.97,52.5,105.0,87.5
76731,-43.43,23.3,1012.84,-52.5,-140.0,-192.5
76760,-43.68,23.18,1012.84,-105.0,-70.0,17.5
76790,-43.8,23.18,1012.84,245.0,-525.0,-140.0
76819,-43.8,23.18,1012.84,-52.5,-157.5,17.5
76849,-43.68,22.94,1012.84,-52.5,-105.0,-70.0
76878,-43.68,22.69,1012.72,52.5,17.5,70.0
76908,-43.68,22.57,1012.6,17.5,-192.5,-52.5
76937,-43.68,22.45,1012.6,140.0,-245.0,-17.5
76967,-43.8,22.2,1012.6,87.5,-52.5,17.5
76997,-43.8,22.2,1012.72,472.5,-227.5,0.0
77027,-43.92,22.2,1012.6,70.0,-52.5,0.0
77057,-43.92,22.08,1012.84,280.0,-297.5,-52.5
77086,-43.8,21.96,1012.72,297.5,-52.5,157.5
77116,-43.68,22.08,1012.72,122.5,-175.0,-70.0
77145,-43.68,22.08,1012.6,175.0,-157.5,-35.0
77174,-43.8,22.08,1012.6,-35.0,17.5,-70.0
77203,-43.92,21.96,1012.6,332.5,-385.0,-52.5
77233,-43.92,21.96,1012.6,227.5,-52.5,35.0
77262,-43.92,22.08,1012.6,332.5,-367.5,-157.5
77292,-43.92,22.08,1012.6,-35.0,-105.0,-105.0
77321,-43.92,22.08,1012.6,245.0,-402.5,-122.5
77351,-43.92,22.08,1012.6,210.0,-122.5,-52.5
77380,-43.8,21.96,1012.6,192.5,-157.5,-105.0
77410,-43.8,22.08,1012.6,52.5,0.0,17.5
77440,-43.92,22.2,1012.6,0.0,0.0,-70.0
77470,-44.16,22.2,1012.6,297.5,-245.0,-17.5
77499,-44.16,22.2,1012.6,262.5,-280.0,-52.5
77529,-43.92,22.2,1012.6,87.5,17.5,87.5
77559,-43.68,22.33,1012.6,315.0,-245.0,-105.0
77588,-43.92,22.33,1012.6,175.0,-227.5,-87.5
77617,-44.16,22.45,1012.6,227.5,-157.5,17.5
77646,-44.16,22.45,1012.48,105.0,-140.0,35.0
77676,-44.04,22.57,1012.6,210.0,-350.0,-245.0
77705,-44.04,22.57,1012.6,122.5,-140.0,-17.5
77735,-44.04,22.69,1012.6,157.5,-122.5,87.5
77764,-44.04,22.69,1012.6,175.0,-105.0,0.0
77794,-44.04,22.69,1012.6,52.5,-122.5,-35.0
77823,-44.16,22.81,1012.6,87.5,-210.0,-122.5
77853,-44.16,22.81,1012.72,245.0,-332.5,-105.0
77882,-44.04,22.94,1012.72,140.0,0.0,17.5
77912,-43.92,22.94,1012.72,-35.0,-70.0,-105.0
77941,-44.04,22.94,1012.72,175.0,-210.0,-70.0
77971,-44.16,22.94,1012.84,402.5,-332.5,0.0
78000,-44.16,22.94,1012.72,227.5,-192.5,0.0
78030,-44.04,23.06,1012.6,35.0,-227.5,-175.0
78059,-44.16,23.06,1012.72,87.5,-315.0,-175.0
78089,-44.16,23.06,1012.6,140.0,-227.5,35.0
78118,-44.04,23.06,1012.6,157.5,-87.5,17.5
78147,-44.16,23.18,1012.48,157.5,-245.0,-87.5
78176,-44.29,23.18,1012.6,-35.0,-70.0,-17.5
78205,-44.41,23.18,1012.6,262.5,-297.5,-35.0
78235,-44.16,23.18,1012.6,227.5,-210.0,0.0
78264,-44.16,23.18,1012.6,192.5,-402.5,-175.0
78293,-44.04,23.3,1012.6,35.0,70.0,192.5
78322,-43.92,23.42,1012.6,52.5,-192.5,-175.0
78352,-44.04,23.42,1012.48,210.0,-315.0,-87.5
78381,-44.16,23.42,1012.36,17.5,-70.0,0.0
78411,-44.04,23.42,1012.48,175.0,-367.5,-140.0
78440,-43.92,23.42,1012.36,245.0,-262.5,-70.0
78470,-43.8,23.42,1012.48,35.0,0.0,35.0
78500,-43.92,23.42,1012.6,105.0,0.0,87.5
78530,-43.92,23.55,1012.48,122.5,-157.5,-17.5
78559,-44.04,23.55,1012.48,87.5,-245.0,-17.5
78589,-43.92,23.55,1012.48,35.0,-70.0,35.0
78619,-43.92,23.55,1012.48,122.5,-140.0,-122.5
78648,-43.92,23.55,1012.36,175.0,-210.0,-17.5
78677,-44.04,23.55,1012.36,140.0,-192.5,17.5
78706,-43.92,23.67,1012.23,157.5,-157.5,-35.0
78735,-43.92,23.55,1012.11,227.5,-210.0,-52.5
78764,-44.04,23.55,1012.11,280.0,-175.0,105.0
78794,-43.8,23.67,1012.11,280.0,-157.5,-70.0
78823,-43.92,23.79,1012.11,-105.0,-140.0,-262.5
78852,-44.29,23.67,1012.11,297.5,-595.0,-17.5
78881,-44.16,23.67,1012.11,140.0,-105.0,87.5
78911,-43.92,23.67,1012.11,385.0,-315.0,-122.5
78940,-43.68,23.79,1011.99,-157.5,192.5,70.0
78970,-43.92,23.79,1012.11,17.5,-70.0,-175.0
78999,-44.16,23.91,1012.23,350.0,-315.0,52.5
79029,-44.04,23.91,1012.11,297.5,-175.0,87.5
79058,-43.92,23.91,1011.99,87.5,-140.0,-35.0
79088,-43.92,23.91,1011.99,175.0,-140.0,-35.0
79117,-43.92,24.03,1011.87,122.5,-35.0,70.0
79147,-43.92,24.03,1011.87,-17.5,-210.0,-157.5
79176,-44.16,24.03,1011.87,140.0,-315.0,-105.0
79205,-44.04,24.03,1011.75,70.0,-105.0,0.0
79235,-43.92,24.16,1011.87,17.5,-175.0,-122.5
79264,-44.04,24.16,1011.87,140.0,-175.0,17.5
79294,-44.04,24.16,1011.87,157.5,-227.5,52.5
79323,-44.16,24.16,1011.75,0.0,-87.5,-52.5
79353,-44.16,24.16,1011.87,192.5,-262.5,-87.5
79382,-44.16,24.16,1011.87,192.5,-210.0,-35.0
79412,-44.16,24.16,1011.87,192.5,-210.0,52.5
79441,-44.04,24.16,1011.75,70.0,-280.0,-52.5
79471,-43.92,24.16,1011.75,17.5,-52.5,-17.5
79500,-43.92,24.28,1011.75,122.5,-192.5,-52.5
79530,-44.04,24.16,1011.62,17.5,-122.5,-70.0
79559,-44.16,24.16,1011.75,140.0,-210.0,17.5
79589,-44.16,24.4,1011.75,227.5,-210.0,-70.0
79618,-44.16,24.28,1011.75,-35.0,-122.5,-70.0
79647,-44.16,24.16,1011.75,262.5,-437.5,0.0
79677,-44.04,24.16,1011.75,192.5,-105.0,52.5
79706,-43.92,24.28,1011.62,-17.5,-70.0,-140.0
79735,-43.92,24.28,1011.75,-87.5,140.0,0.0
79764,-44.16,24.16,1011.75,70.0,-227.5,-70.0
79794,-44.41,24.28,1011.75,175.0,-402.5,-52.5
79823,-44.41,24.4,1011.75,-52.5,0.0,0.0
79853,-44.29,24.28,1011.75,87.5,-280.0,-140.0
79882,-44.29,24.16,1011.75,140.0,-437.5,-52.5
79912,-44.16,24.16,1011.87,-70.0,-35.0,35.0
79941,-44.16,24.16,1011.87,-245.0,297.5,192.5
79971,-44.41,24.16,1011.87,-17.5,-52.5,105.0
80000,-44.41,24.03,1011.87,0.0,-262.5,-35.0
80030,-44.41,23.91,1011.87,-52.5,-227.5,17.5
80059,-44.41,23.91,1011.87,-35.0,-105.0,-35.0
80089,-44.29,23.79,1011.99,70.0,-210.0,-70.0
80118,-44.53,23.79,1011.99,-140.0,-122.5,-17.5
80147,-44.77,23.67,1011.87,105.0,-542.5,-87.5
80176,-44.53,23.55,1011.99,-192.5,-17.5,70.0
80205,-44.16,23.42,1012.11,122.5,-192.5,-87.5
80234,-44.04,23.42,1012.11,-157.5,140.0,-105.0
80263,-44.65,23.06,1011.87,-35.0,-437.5,-210.0
80292,-44.9,22.81,1011.75,-17.5,-350.0,87.5
80321,-44.65,22.57,1011.75,122.5,-210.0,140.0
80351,-44.16,22.69,1011.87,87.5,-35.0,122.5
80380,-44.16,22.69,1011.87,-17.5,-210.0,-105.0
80410,-44.65,22.57,1011.87,140.0,-332.5,-70.0
80439,-44.9,22.45,1011.75,402.5,-770.0,-35.0
80469,-44.65,22.33,1011.62,-420.0,70.0,-70.0
80498,-44.29,22.2,1011.62,-52.5,-245.0,-157.5
80528,-44.29,21.84,1011.62,-157.5,-175.0,-17.5
80557,-44.41,21.59,1011.87,87.5,-175.0,402.5
80587,-44.53,21.47,1011.87,367.5,-227.5,525.0
80616,-44.41,21.47,1011.62,122.5,122.5,245.0
80645,-44.04,21.47,1011.62,-210.0,455.0,140.0
80674,-43.92,21.47,1011.62,-385.0,770.0,70.0
80703,-44.41,21.23,1011.75,-490.0,840.0,52.5
80733,-44.65,20.98,1011.62,-35.0,542.5,245.0
80762,-44.65,20.74,1011.62,-735.0,2485.0,122.5
80791,-44.9,20.5,1011.87,175.0,630.0,192.5
80820,-45.38,20.25,1011.75,52.5,752.5,-122.5
80850,-46.12,20.25,1011.62,-122.5,875.0,262.5
80879,-46.97,19.89,1011.75,140.0,647.5,70.0
80909,-47.7,19.64,1011.75,245.0,735.0,262.5
80938,-48.19,19.64,1011.87,297.5,-525.0,-35.0
80968,-48.56,19.52,1011.62,140.0,-840.0,-105.0
80997,-48.92,19.28,1011.62,52.5,-87.5,17.5
81027,-49.53,19.03,1011.5,350.0,-70.0,192.5
81056,-50.02,19.03,1011.38,-87.5,612.5,-70.0
81086,-50.63,18.79,1011.38,-52.5,-52.5,-52.5
81115,-51.0,18.79,1011.38,52.5,-770.0,-262.5
81144,-51.48,18.54,1011.26,367.5,-822.5,17.5
81174,-51.73,18.54,1011.38,-70.0,945.0,560.0
81203,-51.73,18.67,1011.38,52.5,210.0,210.0
81233,-52.22,18.54,1011.5,192.5,-857.5,-262.5
81262,-52.58,18.42,1011.38,420.0,-875.0,-35.0
81292,-52.83,18.3,1011.38,87.5,1102.5,-35.0
81321,-53.31,18.18,1011.62,1015.0,-140.0,350.0
81351,-53.44,18.3,1011.5,367.5,-1067.5,52.5
81380,-53.68,18.3,1011.62,-420.0,490.0,105.0
81410,-53.8,18.54,1011.62,157.5,-175.0,332.5
81439,-54.17,18.42,1011.62,1067.5,-787.5,-280.0
81469,-54.53,18.42,1011.62,1855.0,-1557.5,-157.5
81498,-54.41,18.79,1011.62,245.0,-927.5,-175.0
81528,-54.05,19.03,1011.5,52.5,-262.5,-52.5
81557,-53.8,19.15,1011.62,332.5,262.5,-35.0
81586,-54.05,19.15,1011.62,1137.5,-210.0,157.5
81615,-54.17,19.52,1011.38,350.0,-70.0,-52.5
81644,-54.17,19.76,1011.26,-70.0,-1540.0,-210.0
81673,-53.92,20.01,1011.38,315.0,-1137.5,-175.0
81702,-54.05,20.25,1011.38,560.0,52.5,140.0
81732,-54.17,20.5,1011.38,192.5,-2222.5,-140.0
81761,-53.8,20.74,1011.26,-280.0,-2467.5,-192.5
81790,-53.07,20.98,1011.38,-665.0,-1365.0,-350.0
81819,-52.7,20.98,1011.5,-385.0,-2572.5,-105.0
81848,-52.22,20.98,1011.62,-192.5,-4235.0,175.0
81877,-51.24,20.98,1011.5,-332.5,-3307.5,-17.5
81907,-49.78,21.11,1011.62,-350.0,-2467.5,0.0
81936,-48.56,20.98,1011.75,-1050.0,-1365.0,175.0
81966,-47.09,20.98,1011.87,-367.5,-1732.5,-52.5
81995,-45.51,20.86,1012.11,-472.5,70.0,-280.0
82025,-44.29,20.62,1012.36,-420.0,367.5,-17.5
82054,-43.19,20.5,1012.48,87.5,-490.0,-122.5
82083,-42.21,20.37,1012.6,157.5,-1067.5,-52.5
82112,-41.24,20.13,1012.6,87.5,-770.0,105.0
82141,-40.14,20.01,1012.6,-280.0,525.0,-17.5
82170,-39.28,19.64,1012.84,17.5,560.0,122.5
82199,-38.67,19.52,1012.97,262.5,140.0,315.0
82229,-37.94,19.4,1012.97,262.5,-402.5,-87.5
82258,-37.33,19.28,1012.84,-52.5,-595.0,-315.0
82288,-36.84,19.03,1013.09,-17.5,-262.5,52.5
82317,-36.23,18.91,1013.33,490.0,-297.5,122.5
82347,-35.62,18.79,1013.21,175.0,17.5,367.5
82376,-34.77,18.79,1013.21,192.5,-612.5,-17.5
82406,-34.4,18.67,1013.33,227.5,-105.0,-35.0
82435,-33.92,18.54,1013.45,87.5,87.5,297.5
82465,-33.43,18.42,1013.33,175.0,-105.0,227.5
82494,-32.94,18.42,1013.33,140.0,-210.0,87.5
82524,-32.45,18.42,1013.45,227.5,-525.0,-122.5
82553,-31.96,18.42,1013.45,-35.0,-192.5,-70.0
82583,-31.72,18.3,1013.58,52.5,-385.0,-157.5
82612,-31.35,18.3,1013.58,122.5,-17.5,122.5
82641,-30.99,18.18,1013.58,140.0,-210.0,-87.5
82670,-30.62,18.18,1013.45,-227.5,-87.5,-17.5
82699,-30.38,18.18,1013.58,-350.0,-52.5,-140.0
82728,-30.26,18.06,1013.82,-122.5,227.5,350.0
82757,-30.13,17.93,1013.82,332.5,-192.5,227.5
82787,-29.77,17.81,1013.58,210.0,-367.5,52.5
82816,-29.52,17.81,1013.58,157.5,-122.5,70.0
82846,-29.4,17.81,1013.7,35.0,-35.0,70.0
82875,-29.28,17.69,1013.82,455.0,-577.5,-105.0
82905,-29.16,17.69,1013.82,472.5,-420.0,105.0
82934,-28.91,17.69,1013.7,-70.0,70.0,52.5
82964,-28.55,17.69,1013.82,297.5,-157.5,-105.0
82993,-28.3,17.57,1013.82,87.5,-140.0,-70.0
83023,-28.3,17.57,1013.82,52.5,52.5,157.5
83053,-28.3,17.57,1013.82,122.5,-122.5,175.0
83082,-28.18,17.57,1013.82,0.0,-385.0,35.0
83112,-28.18,17.57,1013.94,367.5,-297.5,140.0
83141,-28.06,17.45,1013.82,280.0,-332.5,367.5
83170,-27.82,17.57,1013.94,245.0,-35.0,350.0
83199,-27.57,17.57,1013.94,262.5,-35.0,87.5
83229,-27.57,17.69,1013.94,0.0,-35.0,70.0
83258,-27.57,17.57,1014.06,192.5,-87.5,87.5
83288,-27.57,17.81,1014.06,542.5,-385.0,297.5
83317,-27.33,17.81,1013.94,157.5,-87.5,122.5
83347,-27.21,18.06,1013.94,-140.0,245.0,140.0
83376,-27.08,18.06,1013.94,87.5,-140.0,-157.5
83406,-27.21,17.81,1013.94,262.5,-437.5,-122.5
83435,-27.33,17.93,1013.82,192.5,-297.5,140.0
83465,-27.08,18.06,1013.82,-17.5,-105.0,-52.5
83494,-27.08,18.06,1013.82,-210.0,105.0,17.5
83524,-27.21,18.06,1013.94,157.5,-70.0,0.0
83554,-27.21,17.93,1013.94,280.0,-52.5,105.0
83584,-26.96,17.93,1013.94,70.0,-280.0,-17.5
83613,-26.72,18.06,1013.94,-52.5,-17.5,-70.0
83642,-26.84,18.06,1014.06,52.5,210.0,0.0
83672,-26.84,17.81,1013.82,-52.5,0.0,52.5
83701,-26.84,17.81,1013.82,-210.0,-17.5,-70.0
83731,-27.08,17.81,1014.06,175.0,-192.5,-70.0
83760,-27.45,17.93,1013.94,0.0,-122.5,17.5
83790,-27.69,17.81,1014.06,-35.0,-297.5,-105.0
83819,-27.82,17.69,1013.94,140.0,-315.0,-87.5
83849,-27.57,17.57,1014.06,192.5,-192.5,157.5
83878,-27.45,17.57,1014.06,227.5,-87.5,192.5
83908,-27.45,17.57,1014.06,35.0,105.0,122.5
83937,-27.33,17.57,1014.06,175.0,-227.5,0.0
83967,-27.57,17.45,1014.06,227.5,-140.0,105.0
83996,-27.69,17.57,1014.19,437.5,-315.0,-52.5
84026,-27.69,17.45,1014.06,315.0,-245.0,35.0
84055,-27.69,17.57,1014.06,-105.0,87.5,35.0
84085,-27.69,17.57,1014.19,367.5,-315.0,-87.5
84114,-27.82,17.57,1014.06,192.5,70.0,140.0
84144,-27.82,17.57,1014.06,455.0,-420.0,-157.5
84173,-27.94,17.57,1014.19,210.0,17.5,210.0
84202,-28.06,17.81,1014.19,455.0,-157.5,122.5
84231,-28.06,17.81,1014.06,105.0,-35.0,87.5
84260,-27.94,17.81,1014.06,262.5,-192.5,-70.0
84290,-28.06,17.81,1014.06,210.0,-122.5,52.5
84319,-28.06,18.06,1014.06,297.5,-17.5,140.0
84349,-28.06,18.3,1014.06,280.0,-140.0,-17.5
84378,-28.18,18.3,1014.06,210.0,-192.5,17.5
84408,-28.06,18.42,1014.06,350.0,35.0,17.5
84437,-28.06,18.42,1014.06,245.0,525.0,-17.5
84467,-28.3,18.54,1014.19,385.0,437.5,332.5
84496,-28.3,18.79,1014.06,192.5,227.5,122.5
84526,-28.67,19.03,1014.06,262.5,0.0,52.5
84556,-29.04,19.03,1013.94,262.5,70.0,52.5
84586,-29.04,19.28,1014.06,367.5,-87.5,122.5
84615,-29.04,19.4,1013.94,122.5,-52.5,-70.0
84645,-29.4,19.52,1014.06,0.0,122.5,-17.5
84675,-29.77,19.64,1014.06,490.0,-227.5,52.5
84704,-29.77,19.76,1013.94,385.0,-385.0,-105.0
84733,-29.77,20.01,1013.94,297.5,-980.0,-682.5
84762,-30.13,20.13,1013.82,315.0,-1050.0,-612.5
84791,-30.01,20.25,1013.94,-315.0,560.0,385.0
84820,-29.89,20.37,1014.06,367.5,-437.5,-245.0
84849,-30.01,20.5,1013.94,70.0,-122.5,-87.5
84878,-30.13,20.62,1013.94,-35.0,35.0,-35.0
84908,-30.26,20.74,1014.06,17.5,17.5,52.5
84937,-30.38,20.74,1014.06,420.0,-297.5,35.0
84967,-30.38,20.86,1013.94,437.5,-525.0,-210.0
84996,-30.38,20.98,1013.94,402.5,-892.5,-350.0
85026,-30.13,21.23,1013.94,-350.0,350.0,0.0
85055,-30.26,21.35,1014.06,105.0,-297.5,-315.0
85085,-30.5,21.23,1014.06,262.5,-122.5,122.5
85114,-30.38,21.23,1013.94,192.5,-122.5,70.0
85144,-30.26,21.47,1013.94,-35.0,-87.5,-175.0
85173,-30.26,21.59,1014.06,-52.5,-70.0,-35.0
85202,-30.5,21.59,1014.06,350.0,-227.5,70.0
85232,-30.5,21.59,1014.06,227.5,-70.0,192.5
85261,-30.5,21.72,1013.94,0.0,-122.5,-52.5
85291,-30.5,21.84,1013.94,157.5,-210.0,-140.0
85320,-30.62,21.84,1013.94,35.0,70.0,35.0
85350,-30.74,21.84,1013.82,245.0,-297.5,87.5
85379,-30.62,21.96,1013.82,-52.5,-140.0,-140.0
85409,-30.74,21.96,1013.82,122.5,-297.5,-157.5
85438,-30.99,21.96,1013.94,507.5,-560.0,0.0
85468,-30.74,22.2,1013.82,455.0,-577.5,-157.5
85497,-30.62,22.33,1013.82,-157.5,-315.0,-332.5
85527,-30.74,22.2,1013.7,70.0,-245.0,-35.0
85556,-30.5,22.2,1013.7,122.5,-157.5,52.5
85586,-30.38,22.33,1013.7,105.0,-52.5,-70.0
85615,-30.26,22.33,1013.7,35.0,-105.0,-52.5
85645,-30.5,22.33,1013.7,87.5,-122.5,35.0
85675,-30.5,22.45,1013.7,297.5,-280.0,70.0
85704,-30.38,22.45,1013.58,-35.0,-87.5,35.0
85734,-30.26,22.45,1013.58,87.5,-70.0,-17.5
85763,-30.26,22.45,1013.7,210.0,-157.5,70.0
85793,-30.13,22.57,1013.58,192.5,-87.5,-105.0
85822,-30.38,22.57,1013.58,70.0,-122.5,-105.0
85852,-30.38,22.57,1013.58,157.5,-297.5,-70.0
85881,-30.38,22.57,1013.58,210.0,-350.0,-87.5
85911,-30.26,22.57,1013.58,192.5,-227.5,0.0
85940,-30.01,22.57,1013.58,105.0,-140.0,-35.0
85970,-30.13,22.69,1013.45,105.0,-17.5,17.5
85999,-30.26,22.69,1013.58,87.5,-245.0,-52.5
86029,-30.38,22.69,1013.45,262.5,-367.5,-87.5
86058,-30.26,22.69,1013.58,175.0,0.0,140.0
86088,-30.01,22.81,1013.58,192.5,-297.5,-87.5
86117,-30.13,22.94,1013.58,140.0,-157.5,105.0
86147,-30.13,22.81,1013.45,122.5,-245.0,-157.5
86176,-30.26,22.81,1013.58,140.0,-157.5,0.0
86206,-30.13,22.94,1013.45,245.0,-52.5,192.5
86236,-30.01,22.94,1013.45,297.5,-297.5,-17.5
86265,-30.01,23.06,1013.45,70.0,-122.5,52.5
86295,-30.01,23.18,1013.33,-70.0,-52.5,-70.0
86324,-30.13,23.18,1013.33,105.0,-297.5,-35.0
86354,-30.13,23.18,1013.33,87.5,-140.0,-17.5
86383,-30.01,23.18,1013.33,52.5,-210.0,0.0
86413,-30.01,23.18,1013.33,-70.0,70.0,157.5
86442,-30.26,23.18,1013.33,105.0,-350.0,-105.0
86472,-30.38,23.18,1013.33,332.5,-402.5,87.5
86501,-30.26,23.18,1013.33,122.5,-367.5,0.0
86531,-30.01,23.18,1013.21,-17.5,-210.0,-52.5
86560,-29.89,23.3,1013.33,105.0,-280.0,-140.0
86590,-30.01,23.18,1013.33,0.0,105.0,105.0
86620,-30.01,23.3,1013.33,210.0,-227.5,35.0
86650,-30.01,23.18,1013.21,-175.0,-122.5,-87.5
86679,-30.01,23.18,1013.33,35.0,-385.0,332.5
86709,-30.01,23.06,1013.33,-245.0,35.0,192.5
86738,-30.01,23.18,1013.45,245.0,-542.5,-105.0
86767,-29.77,23.06,1013.33,262.5,-490.0,-122.5
86796,-29.52,23.06,1013.33,-210.0,-87.5,-122.5
86825,-29.4,23.06,1013.45,-280.0,-227.5,-437.5
86854,-29.77,23.06,1013.58,-157.5,-140.0,-192.5
86883,-30.13,22.81,1013.58,227.5,-437.5,87.5
86913,-30.01,22.69,1013.58,52.5,-297.5,0.0
86942,-29.77,22.57,1013.58,332.5,-332.5,35.0
86972,-29.52,22.57,1013.58,52.5,-70.0,105.0
87001,-29.52,22.45,1013.58,245.0,-297.5,-105.0
87031,-29.65,22.45,1013.58,157.5,-122.5,52.5
87060,-29.52,22.45,1013.58,35.0,-122.5,-52.5
87090,-29.28,22.33,1013.58,70.0,-367.5,-87.5
87119,-29.16,22.2,1013.45,-52.5,-175.0,-52.5
87149,-29.04,22.2,1013.33,-17.5,-210.0,-210.0
87178,-29.16,22.08,1013.33,227.5,-350.0,17.5
87208,-29.16,21.96,1013.33,35.0,0.0,87.5
87238,-29.04,21.96,1013.33,227.5,-210.0,70.0
87267,-29.04,21.96,1013.21,297.5,-157.5,17.5
87297,-29.04,21.84,1013.33,87.5,87.5,175.0
87326,-29.04,21.96,1013.33,437.5,-297.5,140.0
87356,-29.04,21.96,1013.33,87.5,-122.5,-17.5
87385,-29.04,21.96,1013.21,385.0,-665.0,-245.0
87414,-28.79,21.96,1013.09,-122.5,192.5,122.5
87443,-28.55,21.96,1012.97,-140.0,-455.0,-420.0
87472,-28.55,21.96,1012.97,-210.0,-280.0,-385.0
87501,-28.67,21.84,1013.09,-35.0,-227.5,-87.5
87531,-28.55,21.84,1013.09,122.5,-105.0,-87.5
87560,-28.55,21.72,1013.21,192.5,-192.5,-105.0
87590,-28.55,21.72,1013.21,332.5,-280.0,-35.0
87619,-28.55,21.59,1013.09,175.0,-175.0,0.0
87649,-28.3,21.59,1013.21,122.5,-17.5,35.0
87679,-28.3,21.72,1013.21,140.0,-52.5,-87.5
87709,-28.55,21.72,1013.33,385.0,-52.5,122.5
87738,-28.55,21.59,1013.33,700.0,-332.5,122.5
87767,-28.43,21.72,1013.09,192.5,-175.0,-17.5
87796,-28.3,21.84,1013.21,-17.5,-70.0,-245.0
87825,-28.43,21.84,1013.21,297.5,-175.0,-70.0
87854,-28.43,21.72,1013.21,315.0,-262.5,17.5
87883,-28.43,21.96,1013.09,157.5,-17.5,52.5
87913,-28.3,21.96,1013.21,122.5,-210.0,-122.5
87942,-28.43,22.08,1013.21,17.5,105.0,35.0
87972,-28.55,22.2,1013.33,385.0,-385.0,-140.0
88001,-28.55,22.08,1013.33,350.0,-297.5,-17.5
88031,-28.55,22.2,1013.21,175.0,-175.0,0.0
88060,-28.43,22.45,1013.33,52.5,17.5,52.5
88090,-28.55,22.45,1013.33,17.5,-35.0,-105.0
88119,-28.79,22.45,1013.33,385.0,-507.5,-157.5
88149,-28.67,22.45,1013.33,175.0,-227.5,0.0
88178,-28.55,22.45,1013.33,227.5,-87.5,35.0
88208,-28.43,22.69,1013.33,192.5,-52.5,105.0
88237,-28.43,22.81,1013.33,87.5,-70.0,-52.5
88267,-28.67,22.94,1013.33,332.5,-402.5,-140.0
88296,-28.67,22.94,1013.21,157.5,-245.0,-35.0
88325,-28.55,23.06,1013.33,35.0,52.5,87.5
88355,-28.43,23.18,1013.45,157.5,-87.5,-122.5
88384,-28.55,23.18,1013.33,175.0,-157.5,17.5
88414,-28.67,23.3,1013.33,0.0,-52.5,-87.5
88443,-28.67,23.3,1013.21,245.0,-315.0,-87.5
88473,-28.67,23.3,1013.21,-70.0,122.5,0.0
88502,-28.67,23.42,1013.33,227.5,-157.5,-105.0
88532,-28.55,23.42,1013.09,0.0,-210.0,-140.0
88561,-28.55,23.67,1013.09,-70.0,-122.5,-227.5
88591,-28.79,23.55,1013.21,-70.0,-157.5,-105.0
88620,-28.79,23.55,1013.09,122.5,-175.0,-17.5
88650,-28.79,23.55,1013.09,70.0,-210.0,-175.0
88679,-28.79,23.55,1013.21,-35.0,-17.5,-17.5
88709,-29.04,23.55,1013.21,35.0,0.0,35.0
88739,-29.16,23.42,1013.09,455.0,-420.0,-35.0
88769,-29.04,23.55,1012.97,-17.5,-35.0,0.0
88799,-28.91,23.67,1013.09,70.0,0.0,-52.5
88828,-29.16,23.55,1013.09,192.5,-87.5,35.0
88858,-29.28,23.55,1013.09,350.0,-420.0,-35.0
88887,-29.28,23.55,1013.09,-70.0,17.5,35.0
88917,-29.28,23.67,1013.09,245.0,-245.0,-140.0
88946,-29.28,23.55,1013.09,140.0,-315.0,-52.5
88976,-29.28,23.55,1013.09,262.5,-367.5,-105.0
89005,-29.4,23.67,1012.97,315.0,-227.5,35.0
89035,-29.52,23.67,1013.09,-122.5,210.0,157.5
89064,-29.28,23.67,1013.09,437.5,-507.5,-122.5
89094,-29.28,23.67,1013.09,227.5,-192.5,17.5
89123,-29.28,23.79,1012.97,262.5,-192.5,17.5
89153,-29.4,23.79,1012.97,122.5,-192.5,-87.5
89182,-29.4,23.79,1012.97,227.5,-192.5,70.0
89212,-29.28,23.91,1012.97,140.0,-140.0,35.0
89241,-29.04,23.91,1012.97,-17.5,-52.5,-70.0
89271,-29.16,23.91,1013.09,140.0,-297.5,-140.0
89300,-29.4,23.91,1013.09,350.0,-332.5,70.0
89329,-29.28,24.16,1013.09,262.5,-210.0,-70.0
89358,-29.28,24.16,1012.97,245.0,-297.5,-70.0
89387,-29.16,24.16,1012.84,-192.5,-87.5,-157.5
89416,-29.16,24.28,1012.97,262.5,-525.0,-210.0
89445,-29.16,24.16,1012.97,105.0,87.5,35.0
89475,-29.04,24.16,1012.84,105.0,-122.5,-35.0
89504,-29.16,24.4,1012.84,-87.5,35.0,-70.0
89534,-29.28,24.4,1012.84,105.0,-315.0,-157.5
89563,-29.4,24.28,1012.84,280.0,-262.5,87.5
89593,-29.28,24.4,1012.84,332.5,-210.0,35.0
89622,-28.91,24.4,1012.84,-35.0,-70.0,-70.0
89652,-29.04,24.52,1012.84,52.5,-140.0,-87.5
89681,-29.16,24.4,1012.84,140.0,-87.5,52.5
89710,-29.28,24.52,1012.84,157.5,-262.5,17.5
89740,-29.16,24.52,1012.84,-35.0,-105.0,-52.5
89769,-29.16,24.52,1012.84,122.5,35.0,87.5
89799,-29.04,24.64,1012.84,262.5,-262.5,-52.5
89828,-29.04,24.64,1012.84,70.0,-140.0,-52.5
89858,-29.28,24.64,1012.84,105.0,-157.5,-17.5
89887,-29.28,24.64,1012.84,192.5,-140.0,52.5
89917,-29.28,24.64,1012.84,105.0,-52.5,0.0
89946,-29.28,24.64,1012.84,-105.0,70.0,70.0
89976,-29.28,24.64,1012.84,175.0,-210.0,-87.5
90005,-29.28,24.64,1012.84,332.5,-332.5,-35.0
90035,-29.28,24.77,1012.84,0.0,-52.5,-87.5
90065,-29.52,24.77,1012.84,157.5,-210.0,-35.0
90094,-29.65,24.64,1012.84,175.0,-472.5,-35.0
90123,-29.52,24.64,1012.97,105.0,-87.5,157.5
90152,-29.52,24.89,1012.84,122.5,-210.0,0.0
90182,-29.52,24.77,1012.84,35.0,-350.0,297.5
90211,-29.4,24.77,1012.84,-35.0,-455.0,-140.0
90241,-29.4,24.64,1012.84,-122.5,-245.0,122.5
90270,-29.4,24.64,1012.97,35.0,-122.5,87.5
90300,-29.28,24.64,1012.97,35.0,-17.5,157.5
90329,-29.28,24.64,1012.97,-157.5,87.5,35.0
90359,-29.28,24.64,1012.97,-87.5,-35.0,52.5
90389,-29.52,24.64,1013.09,87.5,-70.0,52.5
90419,-29.52,24.52,1013.21,332.5,-420.0,-105.0
90448,-29.4,24.4,1013.09,227.5,-402.5,122.5
90477,-29.28,24.4,1012.97,-157.5,-315.0,-157.5
90506,-29.28,24.4,1012.97,-542.5,87.5,-35.0
90535,-29.52,24.28,1013.09,-87.5,-385.0,-175.0
90564,-29.52,24.16,1013.09,105.0,-420.0,70.0
90593,-29.28,24.03,1013.09,-70.0,-542.5,122.5
90623,-29.28,23.79,1013.21,420.0,-927.5,70.0
90652,-29.28,23.67,1013.21,-280.0,35.0,332.5
90682,-29.04,23.67,1013.09,-280.0,-52.5,-70.0
90711,-28.91,23.67,1013.09,-122.5,-437.5,-420.0
90741,-28.79,23.42,1013.21,-35.0,-350.0,-262.5
90770,-28.67,23.42,1013.21,87.5,-332.5,-87.5
90799,-28.55,23.18,1013.21,-87.5,-17.5,35.0
90829,-28.43,23.06,1013.33,-175.0,105.0,35.0
90858,-28.43,22.81,1013.21,245.0,-735.0,-315.0
90887,-28.3,22.69,1013.09,-87.5,-52.5,52.5
90916,-28.3,22.45,1013.33,0.0,17.5,52.5
90946,-28.18,22.33,1013.33,140.0,-52.5,87.5
90975,-28.18,22.2,1013.21,17.5,-402.5,-245.0
91005,-28.3,21.96,1013.21,-245.0,-227.5,-140.0
91034,-28.18,21.96,1013.33,140.0,-280.0,52.5
91064,-27.82,21.72,1013.21,52.5,0.0,35.0
91094,-27.82,21.47,1013.21,-105.0,-52.5,-140.0
91124,-27.82,21.23,1013.21,87.5,-87.5,52.5
91154,-27.94,21.23,1013.21,-35.0,70.0,262.5
91183,-27.94,21.11,1013.21,122.5,-35.0,-52.5
91213,-27.82,20.86,1013.21,280.0,-262.5,-70.0
91242,-27.82,20.74,1013.33,175.0,-70.0,-52.5
91272,-27.82,20.74,1013.45,332.5,-140.0,0.0
91301,-28.06,20.74,1013.45,367.5,-245.0,52.5
91331,-28.06,20.74,1013.33,157.5,-122.5,17.5
91360,-27.94,20.62,1013.45,105.0,0.0,87.5
91390,-27.82,20.5,1013.33,315.0,-122.5,70.0
91419,-27.82,20.5,1013.33,245.0,-122.5,-87.5
91449,-28.06,20.5,1013.33,245.0,-70.0,35.0
91478,-28.3,20.5,1013.33,385.0,-227.5,157.5
91508,-28.06,20.5,1013.33,367.5,-280.0,35.0
91537,-27.94,20.62,1013.33,157.5,-105.0,-175.0
91566,-27.94,20.62,1013.33,-175.0,192.5,-105.0
91595,-28.18,20.62,1013.33,262.5,-245.0,-70.0
91624,-28.55,20.62,1013.45,210.0,-245.0,-70.0
91654,-28.55,20.74,1013.45,350.0,-175.0,0.0
91683,-28.43,20.74,1013.33,227.5,-385.0,-105.0
91713,-28.55,20.74,1013.58,105.0,-227.5,-105.0
91742,-28.43,20.86,1013.58,350.0,-140.0,70.0
91772,-28.3,20.86,1013.45,87.5,-52.5,0.0
91802,-28.3,20.86,1013.45,157.5,-52.5,70.0
91832,-28.43,20.98,1013.58,35.0,-35.0,-52.5
91862,-28.67,20.98,1013.58,332.5,-350.0,0.0
91892,-28.79,20.98,1013.58,612.5,-735.0,-122.5
91921,-28.55,20.98,1013.45,70.0,175.0,245.0
91950,-28.18,21.23,1013.45,122.5,-52.5,-35.0
91980,-28.3,21.23,1013.45,157.5,-157.5,-157.5
92009,-28.79,21.23,1013.58,-105.0,105.0,122.5
92039,-28.79,21.35,1013.58,280.0,-402.5,-17.5
92068,-28.67,21.35,1013.58,140.0,-175.0,-122.5
92098,-28.55,21.47,1013.58,-35.0,-17.5,-70.0
92127,-28.67,21.47,1013.58,105.0,-122.5,-35.0
92157,-28.79,21.47,1013.58,122.5,-87.5,0.0
92187,-28.79,21.59,1013.58,140.0,-350.0,-87.5
92217,-28.79,21.59,1013.58,-87.5,52.5,52.5
92247,-28.79,21.72,1013.58,245.0,-157.5,-52.5
92276,-28.91,21.59,1013.45,245.0,-175.0,35.0
92306,-28.91,21.72,1013.33,315.0,-367.5,-52.5
92335,-29.04,21.72,1013.33,-52.5,105.0,70.0
92365,-29.04,21.72,1013.45,140.0,-192.5,-70.0
92394,-29.04,21.84,1013.33,297.5,-105.0,87.5
92424,-29.04,21.84,1013.33,17.5,-52.5,35.0
92453,-29.16,21.84,1013.33,70.0,-262.5,-175.0
92483,-29.28,21.96,1013.33,122.5,-105.0,87.5
92512,-29.04,21.96,1013.21,0.0,-35.0,-87.5
92542,-29.28,21.96,1013.21,105.0,0.0,0.0
92572,-29.52,21.84,1013.21,402.5,-472.5,-122.5
92602,-29.77,21.84,1013.09,-52.5,-245.0,-70.0
92631,-29.65,21.96,1013.09,35.0,-210.0,70.0
92660,-29.16,21.96,1013.21,122.5,-280.0,-157.5
92689,-29.04,21.96,1013.09,87.5,17.5,35.0
92718,-29.16,22.08,1013.09,-35.0,70.0,-105.0
92748,-29.52,21.96,1013.09,140.0,-192.5,0.0
92777,-29.65,21.96,1012.97,210.0,-262.5,70.0
92807,-29.52,21.96,1012.97,52.5,-122.5,0.0
92836,-29.28,22.08,1012.97,0.0,0.0,0.0
92866,-29.28,21.96,1012.97,140.0,-140.0,-87.5
92895,-29.52,21.96,1013.09,140.0,-70.0,87.5
92925,-29.65,21.96,1013.09,70.0,-52.5,70.0
92955,-29.65,21.96,1013.09,227.5,-367.5,-157.5
92985,-29.65,21.96,1012.97,0.0,52.5,105.0
93015,-29.65,21.96,1013.09,-105.0,-35.0,-105.0
93044,-29.77,21.96,1013.09,367.5,-297.5,-17.5
93073,-30.01,21.84,1012.97,157.5,-367.5,-157.5
93102,-30.01,21.96,1012.97,17.5,-157.5,17.5
93132,-29.77,21.96,1013.09,122.5,-175.0,-70.0
93161,-30.01,21.96,1013.09,227.5,-70.0,52.5
93191,-30.13,21.96,1013.09,332.5,-297.5,17.5
93220,-30.13,21.96,1013.09,140.0,-280.0,-35.0
93250,-30.01,21.96,1013.09,52.5,-175.0,-140.0
93279,-30.01,21.96,1013.09,70.0,-87.5,-35.0
93309,-30.13,21.96,1013.09,210.0,-70.0,70.0
93339,-30.13,21.96,1013.09,192.5,-87.5,70.0
93369,-30.13,21.96,1013.09,87.5,-367.5,-192.5
93398,-30.26,22.08,1013.09,-52.5,122.5,105.0
93427,-30.38,22.08,1013.09,262.5,-420.0,-105.0
93456,-30.26,21.96,1013.09,87.5,-35.0,70.0
93485,-30.13,22.08,1013.21,52.5,-175.0,-122.5
93515,-30.26,22.2,1013.21,210.0,-227.5,-17.5
93544,-30.26,22.2,1013.21,-17.5,17.5,52.5
93574,-30.38,22.2,1013.21,122.5,-262.5,-35.0
93603,-30.5,22.08,1013.21,17.5,-140.0,0.0
93633,-30.5,22.08,1013.09,-157.5,-87.5,140.0
93662,-30.26,22.08,1013.09,-87.5,-105.0,70.0
93692,-30.5,22.2,1013.21,-105.0,52.5,-17.5
93721,-30.74,22.08,1013.09,175.0,-210.0,122.5
93750,-30.74,21.96,1013.09,-122.5,-140.0,-17.5
93779,-30.5,21.96,1013.09,-105.0,-245.0,-52.5
93808,-30.5,21.96,1013.09,105.0,-245.0,-17.5
93838,-30.5,21.72,1012.97,52.5,-175.0,-35.0
93867,-30.62,21.72,1012.97,-157.5,-17.5,17.5
93897,-30.74,21.72,1012.97,0.0,-175.0,-35.0
93926,-30.87,21.47,1012.97,35.0,-227.5,17.5
93956,-30.87,21.35,1012.97,227.5,-385.0,35.0
93985,-30.74,21.35,1012.84,175.0,-122.5,157.5
94015,-30.62,21.47,1012.97,-245.0,-70.0,-332.5
94044,-30.99,21.35,1012.97,-35.0,-175.0,-105.0
94074,-31.11,21.11,1012.84,140.0,-420.0,52.5
94103,-30.99,20.98,1012.84,245.0,-542.5,-210.0
94132,-30.99,20.98,1012.84,52.5,-210.0,105.0
94162,-30.99,20.98,1012.84,140.0,-245.0,0.0
94191,-30.87,20.98,1012.84,87.5,-210.0,52.5
94221,-30.99,20.86,1012.84,140.0,-385.0,-140.0
94250,-30.87,20.62,1012.84,227.5,-420.0,140.0
94280,-30.5,20.74,1012.84,122.5,-122.5,140.0
94309,-30.5,20.86,1012.84,-52.5,-17.5,-157.5
94339,-30.74,20.74,1012.84,52.5,-227.5,17.5
94368,-30.62,20.5,1012.84,52.5,-280.0,52.5
94398,-30.38,20.5,1012.84,-17.5,-122.5,35.0
94427,-30.26,20.5,1012.84,140.0,-227.5,17.5
94457,-30.26,20.37,1012.84,0.0,70.0,122.5
94487,-30.26,20.37,1012.84,87.5,-192.5,-17.5
94516,-30.38,20.25,1012.84,17.5,-245.0,-35.0
94546,-30.5,20.13,1012.84,262.5,-420.0,0.0
94575,-30.26,20.13,1012.84,52.5,-122.5,70.0
94605,-30.01,20.13,1012.84,52.5,-70.0,-52.5
94634,-30.01,20.01,1012.84,-52.5,-52.5,-35.0
94664,-30.26,19.89,1012.72,210.0,-227.5,-35.0
94693,-30.26,19.76,1012.84,262.5,-245.0,17.5
94723,-30.01,19.76,1012.72,140.0,-157.5,-35.0
94752,-30.01,19.76,1012.6,210.0,-210.0,-140.0
94782,-30.13,19.64,1012.6,210.0,-175.0,-70.0
94811,-30.13,19.52,1012.48,332.5,-280.0,-70.0
94841,-30.01,19.64,1012.48,0.0,105.0,52.5
94871,-30.01,19.76,1012.6,280.0,-140.0,-52.5
94900,-30.26,19.76,1012.6,367.5,-210.0,35.0
94930,-30.26,19.76,1012.48,105.0,-122.5,-87.5
94959,-30.01,19.76,1012.48,105.0,-192.5,-35.0
94989,-29.89,19.89,1012.6,280.0,-245.0,-122.5
95018,-30.01,19.89,1012.6,122.5,-52.5,17.5
95048,-30.13,19.89,1012.6,262.5,-210.0,35.0
95077,-30.13,19.89,1012.48,227.5,-332.5,-140.0
95107,-30.01,20.01,1012.36,-157.5,70.0,-52.5
95136,-29.89,20.01,1012.48,-105.0,87.5,-105.0
95166,-30.13,20.01,1012.6,122.5,35.0,52.5
95196,-30.38,20.01,1012.48,297.5,-402.5,-52.5
95225,-30.38,20.13,1012.48,175.0,-87.5,87.5
95255,-30.26,20.25,1012.48,280.0,-332.5,-70.0
95284,-30.26,20.25,1012.48,-17.5,52.5,52.5
95314,-30.38,20.25,1012.48,350.0,-122.5,0.0
95343,-30.5,20.25,1012.36,280.0,-262.5,-70.0
95373,-30.38,20.25,1012.36,-35.0,-105.0,-157.5
95402,-30.5,20.37,1012.36,52.5,-70.0,-70.0
95432,-30.5,20.37,1012.36,122.5,-70.0,-70.0
95461,-30.5,20.25,1012.36,385.0,-192.5,-105.0
95491,-30.5,20.37,1012.36,-87.5,192.5,35.0
95520,-30.62,20.5,1012.48,105.0,-122.5,-210.0
95550,-30.87,20.5,1012.6,192.5,-52.5,122.5
95579,-30.87,20.5,1012.48,210.0,-262.5,-70.0
95608,-30.87,20.5,1012.6,192.5,-280.0,-105.0
95637,-30.99,20.5,1012.6,367.5,-367.5,17.5
95666,-30.87,20.62,1012.6,0.0,-35.0,-52.5
95696,-30.99,20.74,1012.6,175.0,-192.5,-122.5
95725,-31.11,20.74,1012.48,17.5,-105.0,-105.0
95755,-31.23,20.74,1012.48,332.5,-245.0,-122.5
95784,-31.23,20.74,1012.48,70.0,-17.5,35.0
95814,-30.99,20.74,1012.6,52.5,17.5,-70.0
95843,-31.11,20.86,1012.6,157.5,52.5,17.5
95873,-31.23,20.86,1012.6,70.0,-70.0,-52.5
95902,-31.35,20.98,1012.6,52.5,35.0,35.0
95932,-31.35,20.98,1012.6,87.5,-70.0,-52.5
95962,-31.48,20.98,1012.6,-52.5,-70.0,-35.0
95991,-31.72,20.98,1012.6,157.5,-192.5,-70.0
96020,-31.72,20.98,1012.72,192.5,-192.5,-70.0
96049,-31.72,20.98,1012.72,175.0,-105.0,0.0
96079,-31.96,21.11,1012.72,140.0,-105.0,-70.0
96108,-31.96,21.11,1012.72,122.5,-280.0,-157.5
96138,-32.09,21.11,1012.72,140.0,-227.5,0.0
96167,-32.21,21.23,1012.84,262.5,-402.5,-87.5
96197,-32.21,21.11,1012.72,192.5,-192.5,-52.5
96226,-32.09,21.23,1012.72,35.0,35.0,105.0
96256,-32.21,21.23,1012.84,157.5,-332.5,-245.0
96285,-32.45,21.23,1012.84,192.5,-227.5,-17.5
96314,-32.33,21.35,1012.84,367.5,-402.5,17.5
96344,-32.09,21.35,1012.72,87.5,-105.0,-17.5
96373,-32.09,21.35,1012.84,157.5,-227.5,-122.5
96402,-32.21,21.35,1012.84,175.0,-140.0,17.5
96431,-32.33,21.47,1012.84,52.5,-122.5,17.5
96461,-32.45,21.47,1012.72,262.5,-297.5,0.0
96490,-32.33,21.47,1012.6,35.0,0.0,70.0
96520,-32.21,21.47,1012.6,105.0,-227.5,-105.0
96549,-32.21,21.59,1012.6,140.0,-192.5,-140.0
96579,-32.45,21.59,1012.6,157.5,0.0,140.0
96609,-32.45,21.72,1012.6,245.0,-297.5,-70.0
96639,-32.45,21.72,1012.6,52.5,-175.0,35.0
96669,-32.33,21.72,1012.6,87.5,-87.5,35.0
96698,-32.45,21.72,1012.6,157.5,-122.5,-35.0
96727,-32.45,21.72,1012.6,122.5,-70.0,52.5
96756,-32.57,21.72,1012.6,227.5,-210.0,35.0
96786,-32.57,21.84,1012.6,87.5,-87.5,-52.5
96815,-32.57,21.72,1012.48,262.5,-262.5,0.0
96845,-32.57,21.84,1012.48,70.0,-35.0,-17.5
96874,-32.57,21.96,1012.48,297.5,-315.0,-105.0
96904,-32.57,21.96,1012.48,-87.5,-52.5,17.5
96933,-32.7,21.96,1012.48,280.0,-297.5,-52.5
96963,-32.7,21.96,1012.36,140.0,-87.5,70.0
96993,-32.7,21.96,1012.23,192.5,-297.5,-70.0
97022,-32.7,22.08,1012.11,35.0,-17.5,70.0
97052,-32.82,22.08,1012.11,-140.0,70.0,-87.5
97081,-33.06,22.08,1012.11,402.5,-665.0,-35.0
97111,-33.06,21.96,1012.23,1172.5,-1172.5,-70.0
97140,-32.57,22.2,1011.99,-210.0,367.5,192.5
97170,-32.33,22.45,1011.87,-542.5,70.0,-227.5
97199,-32.57,22.33,1012.11,-227.5,17.5,17.5
97229,-32.94,22.33,1012.11,297.5,-472.5,-35.0
97258,-32.94,22.33,1011.87,315.0,-525.0,157.5
97288,-32.45,22.33,1011.87,-105.0,-52.5,105.0
97317,-32.21,22.33,1011.87,35.0,-157.5,-175.0
97347,-32.45,22.2,1011.75,-175.0,157.5,262.5
97376,-32.57,22.33,1011.62,52.5,-280.0,0.0
97405,-32.7,22.33,1011.75,17.5,-175.0,17.5
97435,-32.57,22.2,1011.75,70.0,-122.5,87.5
97464,-32.57,22.2,1011.75,105.0,-227.5,52.5
97494,-32.45,22.2,1011.75,192.5,-262.5,52.5
97523,-32.45,22.2,1011.62,-52.5,-192.5,-35.0
97553,-32.45,22.08,1011.75,87.5,-367.5,-52.5
97582,-32.45,21.96,1011.87,70.0,-70.0,157.5
97612,-32.33,22.08,1011.75,140.0,-280.0,-87.5
97641,-32.45,21.96,1011.75,35.0,-227.5,0.0
97671,-32.45,21.96,1011.75,-87.5,-210.0,-52.5
97700,-32.33,21.96,1011.75,-87.5,-105.0,0.0
97730,-32.33,21.84,1011.87,297.5,-437.5,-52.5
97759,-32.21,21.72,1011.75,210.0,-192.5,245.0
97788,-31.96,21.72,1011.87,245.0,35.0,35.0
97818,-32.21,21.72,1011.75,227.5,-157.5,-35.0
97847,-32.45,21.72,1011.87,192.5,-367.5,35.0
97877,-32.33,21.72,1011.87,315.0,-210.0,70.0
97906,-32.33,21.84,1011.87,70.0,-175.0,0.0
97936,-32.33,21.84,1011.99,105.0,-490.0,-70.0
97965,-32.21,21.84,1011.99,105.0,-192.5,105.0
97995,-32.09,21.84,1011.99,140.0,-262.5,-35.0
98024,-31.96,21.72,1011.99,-52.5,-87.5,122.5
98054,-31.96,21.72,1011.99,-35.0,-262.5,-105.0
98083,-31.72,21.72,1011.99,175.0,-542.5,-70.0
98113,-31.48,21.72,1011.87,35.0,-420.0,-157.5
98142,-31.23,21.59,1011.99,-262.5,17.5,-192.5
98171,-31.48,21.47,1011.87,0.0,-525.0,-227.5
98201,-31.6,21.47,1011.87,245.0,-595.0,-280.0
98230,-31.48,21.47,1011.87,-87.5,122.5,-35.0
98260,-31.11,21.35,1011.99,140.0,0.0,-122.5
98289,-31.23,21.11,1011.87,490.0,-245.0,-210.0
98319,-31.48,20.98,1011.87,717.5,-280.0,17.5
98348,-31.35,21.23,1011.87,280.0,-175.0,105.0
98378,-31.11,21.35,1011.99,-157.5,175.0,157.5
98407,-30.87,21.72,1012.23,17.5,157.5,280.0
98437,-31.11,21.72,1012.23,70.0,87.5,-17.5
98467,-31.6,21.47,1011.99,87.5,-455.0,17.5
98496,-31.35,21.47,1011.99,-157.5,-402.5,-105.0
98525,-30.87,21.47,1012.11,35.0,-297.5,-262.5
98554,-30.74,21.47,1012.23,17.5,-210.0,-122.5
98584,-30.62,21.35,1012.11,315.0,-1032.5,-490.0
98613,-30.74,21.23,1012.11,-140.0,-245.0,-542.5
98642,-30.99,21.35,1012.23,122.5,-245.0,52.5
98671,-30.99,21.35,1012.23,0.0,-507.5,52.5
98701,-30.74,21.23,1012.11,140.0,-665.0,-227.5
98730,-30.26,21.11,1012.11,87.5,-175.0,-122.5
98760,-30.13,20.98,1012.23,52.5,-35.0,17.5
98790,-30.13,20.98,1012.23,140.0,105.0,157.5
98820,-30.13,20.86,1012.11,315.0,-315.0,-17.5
98849,-29.89,20.74,1012.23,385.0,-122.5,192.5
98878,-29.52,20.74,1012.23,227.5,280.0,227.5
98908,-29.52,20.86,1012.23,140.0,192.5,35.0
98937,-29.77,20.74,1012.36,157.5,245.0,157.5
98967,-29.89,20.86,1012.36,402.5,70.0,122.5
98996,-30.01,20.98,1012.36,612.5,-332.5,-140.0
99026,-30.13,20.98,1012.23,402.5,-385.0,0.0
99055,-30.13,21.11,1012.23,385.0,-332.5,-17.5
99085,-30.01,21.35,1012.36,315.0,-70.0,-140.0
99114,-30.5,21.47,1012.36,700.0,-542.5,-17.5
99144,-30.13,21.59,1012.36,367.5,-665.0,17.5
99173,-29.52,21.72,1012.36,-210.0,105.0,-122.5
99202,-29.4,21.84,1012.36,-17.5,262.5,35.0
99232,-29.52,21.96,1012.48,332.5,-105.0,-35.0
99261,-29.77,22.08,1012.48,227.5,-17.5,87.5
99291,-30.01,22.33,1012.48,507.5,-490.0,35.0
99320,-29.77,22.45,1012.36,-157.5,87.5,140.0
99350,-29.65,22.45,1012.48,105.0,-70.0,-157.5
99379,-29.52,22.45,1012.36,350.0,-87.5,-87.5
99409,-29.52,22.57,1012.23,367.5,-612.5,-525.0
99438,-29.77,22.81,1012.36,-297.5,315.0,-192.5
99468,-30.01,22.94,1012.36,-262.5,122.5,0.0
99497,-30.13,22.94,1012.36,297.5,-385.0,-105.0
99527,-30.38,22.94,1012.36,560.0,-525.0,-17.5
99556,-30.38,22.94,1012.36,122.5,-157.5,210.0
99585,-30.13,23.06,1012.23,-35.0,-245.0,-175.0
99614,-30.13,23.18,1012.23,350.0,-455.0,-210.0
99643,-30.26,23.18,1012.36,350.0,-507.5,-52.5
99673,-30.26,23.42,1012.36,315.0,-245.0,70.0
99702,-30.26,23.42,1012.11,105.0,-630.0,-157.5
99732,-29.89,23.67,1012.11,122.5,-315.0,297.5
99761,-29.16,23.91,1012.36,-262.5,385.0,-70.0
99791,-29.77,23.79,1012.11,-87.5,105.0,-87.5
99820,-30.74,23.55,1011.87,560.0,-805.0,87.5
99850,-30.62,23.67,1011.87,350.0,-717.5,-122.5
99879,-30.26,23.79,1011.99,140.0,-525.0,-105.0
99908,-29.89,23.67,1011.99,682.5,-647.5,17.5
99938,-29.28,23.91,1011.87,175.0,-192.5,122.5
99967,-29.04,24.16,1011.99,70.0,-332.5,-105.0
99997,-28.91,24.16,1011.99,122.5,-140.0,17.5
100026,-28.67,24.4,1012.11,157.5,-227.5,-122.5
100055,-28.55,24.4,1011.99,87.5,-35.0,-35.0
100084,-28.79,24.4,1011.99,140.0,-402.5,0.0
100114,-28.55,24.52,1012.11,297.5,-17.5,157.5
100143,-28.18,25.01,1012.36,472.5,0.0,70.0
100173,-28.3,25.13,1012.23,-227.5,210.0,-70.0
100202,-28.43,25.01,1012.11,0.0,-245.0,-227.5
100232,-28.06,24.64,1011.87,-157.5,-210.0,-227.5
100261,-27.57,24.52,1011.87,-52.5,-210.0,-87.5
100290,-27.45,24.64,1012.11,35.0,140.0,210.0
100320,-27.82,25.13,1012.23,-35.0,280.0,210.0
100349,-28.43,25.25,1012.36,122.5,-210.0,-52.5
100378,-29.04,25.38,1012.48,122.5,-35.0,0.0
100407,-29.16,25.5,1012.48,315.0,-437.5,-87.5
100437,-28.67,25.38,1012.36,0.0,-472.5,-280.0
100466,-28.18,25.13,1012.36,192.5,-350.0,-70.0
100496,-27.82,25.01,1012.36,87.5,-52.5,157.5
100525,-27.94,24.89,1012.23,192.5,-35.0,0.0
100555,-28.06,24.77,1012.11,280.0,-192.5,140.0
100584,-28.06,25.13,1012.23,-87.5,35.0,35.0
100614,-28.06,25.62,1012.36,157.5,-140.0,-210.0
100643,-28.67,25.5,1012.48,157.5,-192.5,0.0
100672,-28.79,25.38,1012.36,315.0,-455.0,-70.0
100701,-28.43,25.38,1012.36,157.5,-315.0,87.5
100730,-27.94,25.38,1012.36,-87.5,-17.5,-52.5
100760,-27.94,25.38,1012.36,157.5,-122.5,-70.0
100789,-28.3,25.38,1012.23,105.0,-140.0,17.5
100819,-28.67,25.25,1012.23,227.5,-350.0,175.0
100848,-28.3,25.38,1012.23,315.0,-350.0,175.0
100878,-27.82,25.38,1012.23,-52.5,-122.5,-105.0
100907,-27.82,25.38,1012.23,-35.0,-87.5,-87.5
100937,-27.94,25.38,1012.11,-140.0,-262.5,-192.5
100966,-28.06,25.38,1012.11,-245.0,-437.5,-192.5
100995,-28.06,25.38,1012.23,175.0,-892.5,-315.0
101024,-27.82,25.25,1012.11,17.5,-227.5,0.0
101053,-27.57,25.25,1012.23,-35.0,-210.0,-52.5
101082,-27.57,25.38,1012.23,-70.0,-315.0,-122.5
101111,-27.94,25.25,1012.36,122.5,-350.0,-87.5
101141,-27.94,25.13,1012.36,332.5,-612.5,175.0
101170,-27.33,25.13,1012.36,122.5,-577.5,-105.0
101200,-27.08,25.13,1012.36,87.5,-315.0,-262.5
101229,-26.96,24.89,1012.36,-157.5,105.0,-87.5
101259,-26.84,24.77,1012.36,17.5,0.0,175.0
101289,-26.6,24.89,1012.48,210.0,-297.5,17.5
101319,-26.96,24.89,1012.48,175.0,-490.0,-157.5
101348,-27.21,24.77,1012.48,227.5,-507.5,140.0
101377,-26.84,24.64,1012.48,420.0,-612.5,70.0
101406,-26.47,24.64,1012.48,472.5,-525.0,105.0
101435,-26.11,24.89,1012.48,595.0,-805.0,-210.0
101464,-25.99,24.89,1012.36,0.0,-735.0,-542.5
101493,-25.74,25.01,1012.36,-577.5,-122.5,-105.0
101522,-25.38,24.89,1012.6,-437.5,175.0,105.0
101551,-25.13,24.77,1012.6,0.0,-87.5,87.5
101581,-25.01,24.64,1012.48,210.0,-87.5,175.0
101610,-24.89,24.52,1012.48,87.5,-175.0,-17.5
101640,-24.64,24.4,1012.6,122.5,-52.5,70.0
101669,-24.52,24.28,1012.6,280.0,0.0,157.5
101698,-24.64,24.4,1012.6,280.0,-87.5,-70.0
101727,-24.64,24.4,1012.84,525.0,-385.0,87.5
101756,-24.64,24.4,1012.84,350.0,-140.0,87.5
101786,-24.4,24.64,1012.84,0.0,-140.0,-87.5
101815,-24.28,24.64,1012.84,70.0,-52.5,-70.0
101845,-24.16,24.4,1012.84,52.5,52.5,17.5
101874,-24.03,24.52,1012.84,105.0,87.5,105.0
101904,-24.03,24.64,1012.84,-17.5,-52.5,-140.0
101933,-24.4,24.64,1012.97,210.0,0.0,122.5
101963,-24.4,24.64,1012.97,297.5,-227.5,35.0
101992,-24.4,24.64,1012.97,332.5,-297.5,-35.0
102022,-24.16,24.64,1012.97,350.0,-350.0,-70.0
102051,-24.16,24.77,1012.97,122.5,-140.0,-105.0
102080,-24.4,24.89,1013.09,140.0,-17.5,157.5
102109,-24.28,24.77,1012.97,227.5,-315.0,-17.5
102138,-24.16,24.89,1013.09,315.0,-140.0,-70.0
102167,-24.16,25.01,1013.09,332.5,-210.0,52.5
102196,-24.03,25.13,1013.09,0.0,-87.5,-140.0
102226,-24.03,25.25,1013.09,385.0,-332.5,-175.0
102255,-24.16,25.25,1013.09,350.0,-262.5,70.0
102285,-24.28,25.38,1013.09,227.5,-227.5,-52.5
102314,-24.28,25.62,1013.09,280.0,-315.0,-87.5
102344,-24.16,25.62,1013.09,122.5,-297.5,-122.5
102373,-23.91,25.74,1013.09,227.5,-455.0,-157.5
102402,-23.67,25.74,1013.09,-35.0,-157.5,-70.0
102431,-23.42,25.86,1013.21,105.0,-17.5,0.0
102460,-23.42,25.99,1013.21,122.5,35.0,-35.0
102490,-23.42,26.11,1013.33,-105.0,87.5,-245.0
102519,-23.91,26.23,1013.33,35.0,-157.5,-280.0
102549,-24.16,26.35,1013.45,140.0,-35.0,0.0
102578,-24.16,26.35,1013.45,192.5,-245.0,-140.0
102608,-24.16,26.23,1013.33,175.0,-332.5,-35.0
102637,-24.16,26.11,1013.33,367.5,-402.5,-87.5
102667,-24.16,26.23,1013.33,315.0,-140.0,70.0
102696,-24.4,26.35,1013.33,332.5,-262.5,70.0
102726,-24.4,26.47,1013.33,490.0,-525.0,0.0
102756,-24.16,26.72,1013.33,437.5,-612.5,-315.0
102785,-23.91,26.84,1013.33,245.0,-612.5,-227.5
102814,-23.55,26.96,1013.45,245.0,-1032.5,-560.0
102843,-23.42,26.96,1013.45,0.0,-87.5,-140.0
102873,-23.42,27.21,1013.33,105.0,-245.0,-140.0
102902,-23.18,27.33,1013.33,-122.5,140.0,70.0
102932,-23.06,27.33,1013.45,192.5,-227.5,-105.0
102961,-23.18,27.45,1013.33,192.5,-245.0,17.5
102991,-23.18,27.45,1013.33,105.0,-315.0,-70.0
103020,-23.06,27.45,1013.33,402.5,-297.5,87.5
103050,-22.57,27.57,1013.33,350.0,-52.5,175.0
103079,-22.2,27.69,1013.33,-227.5,280.0,-52.5
103109,-22.33,27.82,1013.33,-17.5,-210.0,-105.0
103138,-22.69,27.82,1013.33,227.5,-175.0,-17.5
103167,-22.69,27.82,1013.21,105.0,-17.5,70.0
103197,-22.45,27.94,1013.33,70.0,-17.5,87.5
103226,-22.45,28.06,1013.33,315.0,-210.0,-35.0
103255,-22.69,27.94,1013.33,490.0,-297.5,140.0
103284,-22.45,28.06,1013.09,227.5,-315.0,-17.5
103314,-22.2,28.3,1013.21,-17.5,-192.5,-122.5
103343,-22.33,28.3,1013.33,192.5,-350.0,-105.0
103373,-22.45,28.3,1013.33,315.0,-332.5,105.0
103402,-22.2,28.55,1013.21,192.5,-210.0,-52.5
103432,-22.2,28.55,1013.33,-35.0,-140.0,-280.0
103461,-22.33,28.55,1013.33,350.0,-367.5,175.0
103491,-22.08,28.67,1013.33,420.0,-402.5,52.5
103520,-21.84,28.79,1013.21,-245.0,140.0,-140.0
103550,-21.96,28.79,1013.21,157.5,-315.0,-70.0
103579,-21.96,28.91,1013.09,262.5,-245.0,35.0
103608,-21.72,29.04,1013.09,87.5,-105.0,17.5
103638,-21.59,29.16,1013.09,140.0,-52.5,35.0
103667,-21.72,29.28,1012.97,210.0,-227.5,17.5
103697,-21.84,29.28,1012.84,192.5,-385.0,-140.0
103726,-21.72,29.28,1012.84,-35.0,-175.0,35.0
103756,-21.59,29.4,1012.97,280.0,-227.5,122.5
103785,-21.59,29.52,1012.97,140.0,-280.0,-87.5
103815,-21.59,29.52,1012.84,262.5,-472.5,-35.0
103844,-21.47,29.65,1012.84,-245.0,52.5,105.0
103874,-21.23,29.77,1012.97,70.0,-490.0,-210.0
103903,-21.47,29.65,1012.97,-35.0,-192.5,-52.5
103932,-21.47,29.52,1012.84,105.0,-297.5,52.5
103961,-21.23,29.65,1012.84,175.0,-490.0,-157.5
103990,-21.11,29.77,1012.97,-140.0,-87.5,70.0
104020,-21.11,29.65,1012.84,52.5,-210.0,87.5
104049,-21.11,29.65,1012.97,227.5,-227.5,-17.5
104078,-21.11,29.65,1012.84,612.5,-682.5,-17.5
104107,-20.86,29.77,1012.84,35.0,-192.5,245.0
104137,-20.37,29.89,1012.84,-420.0,35.0,-210.0
104166,-20.37,29.77,1012.84,-140.0,-192.5,-175.0
104195,-20.5,29.65,1012.84,157.5,-490.0,-17.5
104224,-20.37,29.65,1012.84,-17.5,-280.0,-35.0
104254,-20.13,29.65,1012.84,-192.5,35.0,52.5
104283,-20.13,29.52,1012.97,210.0,-420.0,0.0
104312,-20.01,29.52,1012.84,105.0,-385.0,-17.5
104341,-19.89,29.52,1012.97,-52.5,-210.0,-35.0
104370,-19.76,29.52,1012.97,-87.5,-192.5,-157.5
104399,-19.76,29.4,1012.84,140.0,-385.0,-122.5
104428,-19.76,29.28,1012.97,87.5,-245.0,-52.5
104458,-19.52,29.28,1012.97,-105.0,-140.0,-17.5
104487,-19.4,29.16,1012.97,122.5,-192.5,35.0
104517,-19.4,29.04,1013.09,87.5,-210.0,70.0
104546,-19.4,29.04,1013.09,140.0,-227.5,-52.5
104576,-19.28,29.04,1013.09,157.5,-315.0,-140.0
104605,-19.15,28.79,1013.09,52.5,-280.0,-52.5
104634,-19.03,28.91,1013.09,157.5,-507.5,-105.0
104663,-18.91,28.91,1013.09,-157.5,105.0,17.5
104692,-18.79,28.79,1013.09,140.0,-367.5,-245.0
104721,-18.79,28.67,1013.09,17.5,-87.5,70.0
104750,-18.79,28.67,1013.21,140.0,-140.0,-35.0
104779,-18.79,28.67,1013.21,122.5,-157.5,-17.5
104808,-18.79,28.43,1013.21,262.5,-157.5,17.5
104838,-18.67,28.3,1013.09,280.0,35.0,262.5
104867,-18.3,28.55,1013.09,0.0,175.0,35.0
104897,-18.54,28.55,1013.21,-122.5,52.5,-52.5
104926,-18.79,28.3,1013.09,140.0,-175.0,-52.5
104956,-18.79,28.3,1013.09,280.0,-297.5,-35.0
104985,-18.42,28.3,1013.09,87.5,-17.5,35.0
105014,-18.3,28.3,1013.09,-122.5,105.0,-122.5
105043,-18.67,28.18,1013.09,385.0,-280.0,-52.5
105072,-19.03,28.06,1012.84,822.5,-805.0,17.5
105102,-18.91,28.18,1012.84,367.5,-280.0,0.0
105131,-18.79,28.43,1012.84,402.5,-122.5,0.0
105161,-18.79,28.43,1012.84,420.0,-315.0,52.5
105190,-18.54,28.3,1012.6,-542.5,612.5,332.5
105220,-18.3,28.43,1012.6,-87.5,455.0,0.0
105249,-18.42,28.3,1012.6,385.0,-210.0,-70.0
105279,-18.42,28.43,1012.6,210.0,17.5,227.5
105308,-18.3,28.55,1012.6,-35.0,-70.0,-105.0
105338,-18.54,28.67,1012.6,-122.5,52.5,52.5
105367,-18.79,28.55,1012.6,350.0,-280.0,-332.5
105396,-19.15,28.55,1012.6,52.5,52.5,17.5
105426,-19.15,28.55,1012.6,17.5,-297.5,-105.0
105455,-19.28,28.55,1012.6,-245.0,-280.0,-192.5
105484,-19.52,28.55,1012.72,542.5,-472.5,-70.0
105513,-19.64,28.79,1012.84,630.0,-560.0,-52.5
105542,-19.52,29.04,1012.84,420.0,-332.5,35.0
105571,-19.64,28.91,1012.72,122.5,-192.5,35.0
105601,-19.4,28.91,1012.72,122.5,-87.5,70.0
105630,-19.15,28.91,1012.72,525.0,-455.0,-87.5
105660,-19.03,29.04,1012.72,122.5,245.0,140.0
105689,-19.03,29.4,1012.84,0.0,-140.0,-175.0
105719,-19.4,29.4,1012.84,210.0,-385.0,-122.5
105748,-19.52,29.4,1012.72,0.0,-367.5,17.5
105777,-19.28,29.52,1012.97,245.0,-140.0,17.5
105806,-19.28,29.65,1013.09,262.5,-297.5,-52.5
105835,-19.15,29.52,1012.84,140.0,-280.0,175.0
105864,-18.91,29.77,1012.84,192.5,-350.0,-210.0
105893,-19.15,29.77,1012.97,-17.5,70.0,-122.5
105923,-19.4,29.77,1013.09,542.5,-402.5,122.5
105952,-19.28,29.89,1013.09,227.5,-192.5,140.0
105982,-19.03,30.01,1013.09,-140.0,-52.5,-87.5
106011,-18.91,30.01,1013.09,105.0,-210.0,0.0
106041,-18.67,30.13,1013.09,-140.0,192.5,35.0
106070,-18.79,30.13,1013.09,0.0,140.0,-35.0
106100,-19.28,30.13,1013.09,140.0,-210.0,0.0
106130,-19.4,30.26,1013.09,262.5,-507.5,-52.5
106159,-19.28,30.26,1013.09,175.0,-227.5,157.5
106188,-19.03,30.38,1013.09,-210.0,70.0,17.5
106217,-19.03,30.38,1013.09,262.5,-367.5,-245.0
106246,-19.15,30.5,1013.09,17.5,-175.0,0.0
106275,-19.15,30.5,1013.21,-175.0,-70.0,-52.5
106305,-19.28,30.5,1013.33,140.0,-315.0,-175.0
106334,-19.28,30.5,1013.33,105.0,-280.0,-52.5
106364,-19.28,30.5,1013.33,245.0,-455.0,-122.5
106393,-19.15,30.38,1013.21,-17.5,17.5,227.5
106423,-19.03,30.5,1013.21,-87.5,0.0,105.0
106453,-18.79,30.5,1013.21,-17.5,-52.5,-35.0
106482,-19.15,30.38,1013.21,245.0,-402.5,-157.5
106511,-19.28,30.38,1013.21,105.0,-52.5,192.5
106540,-19.15,30.5,1013.33,402.5,-507.5,-262.5
106569,-19.15,30.38,1013.09,280.0,-262.5,-35.0
106598,-19.03,30.38,1013.09,52.5,-262.5,-157.5
106628,-19.03,30.38,1013.21,157.5,-280.0,-140.0
106657,-19.03,30.38,1013.21,350.0,-175.0,157.5
106687,-18.79,30.38,1013.21,402.5,-385.0,-35.0
106716,-18.79,30.5,1013.21,-52.5,-35.0,-35.0
106746,-18.91,30.62,1013.21,262.5,-332.5,-35.0
106775,-19.03,30.5,1013.21,367.5,-262.5,0.0
106805,-18.91,30.62,1013.09,210.0,-140.0,105.0
106834,-18.54,30.74,1013.09,-17.5,-140.0,-175.0
106863,-18.42,30.74,1013.09,0.0,-122.5,-70.0
106893,-18.54,30.87,1013.21,70.0,-70.0,0.0
106922,-18.79,30.87,1013.09,245.0,-192.5,35.0
106952,-18.91,30.87,1013.09,140.0,-402.5,17.5
106981,-18.54,30.87,1013.09,192.5,-192.5,-17.5
107011,-18.42,30.99,1013.09,105.0,-192.5,-105.0
107040,-18.42,30.99,1013.09,245.0,-122.5,175.0
107070,-18.42,30.99,1013.09,-87.5,87.5,17.5
107099,-18.54,30.99,1013.09,420.0,-472.5,-175.0
107129,-18.42,30.99,1013.09,297.5,-175.0,87.5
107158,-18.3,31.23,1012.97,87.5,-315.0,-280.0
107188,-18.3,31.23,1012.97,-35.0,-280.0,-175.0
107217,-18.3,31.11,1012.97,175.0,-157.5,140.0
107246,-18.18,31.23,1012.97,227.5,-140.0,-70.0
107275,-18.18,31.23,1012.84,-17.5,-17.5,17.5
107304,-18.3,31.35,1012.84,280.0,-577.5,-87.5
107333,-18.06,31.35,1012.84,35.0,-507.5,-105.0
107362,-18.06,31.48,1012.97,402.5,-105.0,-297.5
107391,-18.54,31.6,1012.84,437.5,-612.5,-402.5
107420,-18.54,31.6,1012.72,-420.0,-455.0,35.0
107450,-17.69,31.48,1012.84,-70.0,140.0,-17.5
107479,-17.32,31.48,1012.84,315.0,-122.5,-17.5
107509,-16.96,31.48,1012.84,-105.0,385.0,297.5
107538,-16.71,31.48,1012.6,-245.0,490.0,-70.0
107568,-17.08,31.6,1012.6,-402.5,542.5,-70.0
107597,-17.45,31.48,1012.6,122.5,35.0,-157.5
107626,-17.81,31.48,1012.6,175.0,-175.0,-17.5
107655,-17.93,31.48,1012.6,105.0,-227.5,17.5
107684,-17.81,31.23,1012.36,262.5,-245.0,-192.5
107713,-17.57,30.99,1012.23,35.0,-70.0,0.0
107742,-17.08,30.99,1012.23,140.0,52.5,-175.0
107772,-16.84,31.11,1012.36,-122.5,367.5,-367.5
107801,-17.81,31.23,1012.48,-227.5,227.5,-350.0
107831,-19.28,31.23,1012.36,245.0,-455.0,-227.5
107860,-19.76,31.23,1012.36,-210.0,175.0,402.5
107890,-19.76,31.48,1012.6,192.5,-227.5,-175.0
107919,-19.52,31.35,1012.6,315.0,-262.5,35.0
107949,-19.76,30.99,1012.6,192.5,-402.5,-280.0
107978,-20.13,30.74,1012.36,420.0,-525.0,17.5
108007,-20.25,30.62,1012.23,87.5,-665.0,-280.0
108036,-20.13,30.5,1012.23,262.5,-630.0,17.5
108065,-19.76,30.62,1012.36,280.0,-280.0,210.0
108094,-19.28,30.74,1012.36,437.5,-350.0,52.5
108123,-19.4,30.62,1012.36,490.0,-507.5,0.0
108153,-19.4,30.74,1012.23,105.0,-280.0,52.5
108182,-19.15,30.99,1012.36,175.0,-385.0,-140.0
108212,-19.03,31.48,1012.6,87.5,-192.5,-175.0
108241,-19.28,31.48,1012.48,105.0,0.0,35.0
108271,-19.52,31.11,1012.23,297.5,-507.5,-35.0
108300,-19.28,30.99,1012.11,350.0,-472.5,105.0
108330,-18.42,31.23,1012.11,-175.0,192.5,157.5
108359,-18.06,31.35,1012.23,-210.0,175.0,-280.0
108388,-18.67,31.48,1012.23,227.5,-192.5,35.0
108417,-19.03,31.48,1012.11,175.0,-525.0,-52.5
108446,-19.15,31.48,1012.23,-70.0,-70.0,122.5
108476,-18.79,31.48,1012.36,437.5,-455.0,70.0
108505,-18.54,31.48,1012.23,227.5,-175.0,87.5
108535,-18.3,31.48,1012.11,-17.5,-157.5,-52.5
108564,-18.54,31.48,1012.11,52.5,-52.5,175.0
108594,-18.79,31.6,1012.11,315.0,-437.5,-17.5
108623,-18.79,31.6,1012.11,175.0,-630.0,-175.0
108653,-18.54,31.6,1012.11,-17.5,-437.5,-35.0
108682,-18.06,31.72,1012.11,192.5,-385.0,-70.0
108711,-17.81,31.6,1012.11,105.0,-35.0,70.0
108741,-17.81,31.6,1011.99,192.5,-227.5,-52.5
108770,-17.81,31.72,1011.99,0.0,-297.5,-105.0
108800,-17.81,31.84,1011.87,-70.0,-210.0,-52.5
108829,-17.81,31.72,1011.87,280.0,-577.5,-227.5
108858,-17.57,31.72,1011.87,402.5,-770.0,-70.0
108887,-17.32,31.72,1011.62,105.0,-647.5,-315.0
108916,-17.2,31.84,1011.75,-332.5,35.0,-17.5
108945,-17.08,31.96,1011.87,17.5,-192.5,-52.5
108975,-16.96,31.84,1011.75,-35.0,-262.5,-140.0
109004,-17.08,31.72,1011.62,-70.0,-350.0,-87.5
109034,-16.71,31.72,1011.87,105.0,-122.5,157.5
109063,-16.35,31.72,1011.87,122.5,-122.5,-17.5
109092,-16.47,31.6,1011.87,105.0,-70.0,175.0
109121,-16.71,31.48,1011.75,175.0,-262.5,157.5
109150,-16.59,31.48,1011.75,315.0,-437.5,35.0
109180,-16.23,31.48,1011.75,280.0,-350.0,17.5
109209,-15.86,31.6,1011.75,17.5,17.5,70.0
109239,-15.62,31.6,1011.87,350.0,-315.0,-52.5
109268,-15.37,31.48,1011.62,-192.5,-87.5,17.5
109298,-15.13,31.6,1011.87,-315.0,70.0,-70.0
109327,-15.13,31.6,1011.87,-17.5,-192.5,-140.0
109357,-15.62,31.35,1011.87,227.5,-280.0,-17.5
109386,-15.74,31.23,1011.87,437.5,-507.5,0.0
109416,-15.37,31.23,1011.87,157.5,-192.5,70.0
109445,-15.01,31.48,1012.11,332.5,-192.5,-87.5
109475,-15.13,31.35,1012.11,297.5,-157.5,-87.5
109504,-15.25,31.23,1012.11,490.0,-577.5,-35.0
109533,-15.37,31.48,1012.11,437.5,-455.0,0.0
109563,-15.25,31.84,1012.11,227.5,-507.5,-105.0
109592,-15.25,31.72,1012.11,420.0,-875.0,-210.0
109621,-15.01,31.84,1012.11,210.0,-665.0,-315.0
109650,-14.52,31.72,1012.11,332.5,-560.0,-210.0
109679,-14.03,31.84,1012.11,402.5,-332.5,140.0
109708,-13.66,32.09,1011.99,402.5,-507.5,-35.0
109738,-13.66,32.21,1011.99,420.0,-752.5,-140.0
109767,-13.42,32.21,1011.87,525.0,-805.0,-35.0
109797,-12.81,32.57,1011.99,0.0,70.0,192.5
109826,-12.44,32.94,1012.11,507.5,-507.5,-280.0
109856,-12.57,33.06,1012.11,122.5,35.0,157.5
109885,-12.2,33.31,1012.11,437.5,-245.0,140.0
109915,-11.71,33.55,1011.99,280.0,-297.5,-245.0
109944,-11.59,33.67,1011.87,-262.5,175.0,70.0
109974,-11.35,33.67,1011.87,437.5,-542.5,-105.0
110003,-11.22,33.79,1011.87,227.5,70.0,122.5
110033,-10.98,33.92,1011.87,245.0,-122.5,35.0
110062,-10.98,34.16,1011.75,70.0,-157.5,-140.0
110091,-10.98,34.4,1011.87,140.0,-87.5,105.0
110120,-10.74,34.53,1011.87,402.5,-262.5,-17.5
110149,-10.49,34.65,1011.75,-17.5,-35.0,-245.0
110178,-10.61,34.77,1011.62,175.0,-297.5,-35.0
110207,-10.49,34.89,1011.75,192.5,-332.5,-105.0
110236,-10.49,35.01,1011.62,245.0,-262.5,-87.5
110265,-10.37,34.89,1011.62,210.0,-210.0,35.0
110295,-10.13,35.14,1011.62,227.5,-245.0,52.5
110324,-9.64,35.38,1011.62,122.5,17.5,35.0
110354,-9.39,35.62,1011.62,-262.5,472.5,-70.0
110383,-9.76,35.62,1011.62,227.5,-297.5,-105.0
110413,-10.0,35.62,1011.5,122.5,-210.0,-35.0
110442,-10.0,35.62,1011.5,332.5,-350.0,-157.5
110472,-10.0,35.87,1011.5,210.0,-140.0,87.5
110501,-9.76,35.87,1011.5,210.0,-455.0,-157.5
110531,-9.76,35.87,1011.38,297.5,-87.5,-70.0
110560,-10.25,35.87,1011.5,402.5,-262.5,140.0
110590,-10.49,36.11,1011.38,472.5,-420.0,297.5
110619,-10.0,36.23,1011.38,0.0,-367.5,0.0
110649,-9.27,36.36,1011.5,-87.5,192.5,-52.5
110679,-8.78,36.6,1011.5,157.5,140.0,-262.5
110708,-8.78,36.6,1011.38,-105.0,17.5,-297.5
110737,-9.15,36.36,1011.14,105.0,-175.0,-87.5
110766,-9.15,36.6,1011.14,245.0,-385.0,-17.5
110796,-9.27,36.84,1011.26,210.0,-490.0,-315.0
110825,-9.76,36.72,1011.26,367.5,-700.0,-297.5
110854,-10.0,36.6,1011.14,350.0,-910.0,-105.0
110883,-9.64,36.84,1011.26,315.0,-717.5,-52.5
110913,-9.03,37.33,1011.38,350.0,-507.5,-192.5
110942,-8.66,37.58,1011.38,227.5,-472.5,-367.5
110972,-8.78,37.45,1011.38,70.0,-490.0,-332.5
111001,-8.78,37.33,1011.38,542.5,-840.0,-245.0
111031,-8.54,37.33,1011.14,227.5,-717.5,-52.5
111060,-8.05,37.58,1011.14,367.5,-770.0,-175.0
111090,-7.44,37.58,1011.14,157.5,-210.0,35.0
111119,-6.95,37.82,1011.14,52.5,-157.5,-157.5
111149,-6.71,37.94,1011.26,105.0,-105.0,-105.0
111178,-6.59,38.06,1011.26,35.0,-157.5,-17.5
111208,-6.22,38.31,1011.38,17.5,35.0,-52.5
111238,-5.73,38.43,1011.38,52.5,280.0,-35.0
111267,-5.61,38.43,1011.38,122.5,227.5,35.0
111297,-6.1,38.31,1011.26,-157.5,87.5,-35.0
111326,-6.47,38.31,1011.38,612.5,-490.0,245.0
111355,-6.1,38.55,1011.26,297.5,-280.0,227.5
111384,-5.73,38.8,1011.26,-577.5,122.5,-262.5
111413,-5.73,38.92,1011.38,-35.0,-175.0,-262.5
111442,-5.98,39.04,1011.5,87.5,-210.0,70.0
111472,-6.1,39.04,1011.38,157.5,-262.5,-175.0
111501,-6.34,38.92,1011.38,-35.0,-297.5,-87.5
111531,-6.22,38.8,1011.38,-140.0,-175.0,192.5
111560,-5.73,38.8,1011.38,315.0,-227.5,140.0
111590,-5.37,38.92,1011.5,122.5,-70.0,-35.0
111619,-5.61,38.92,1011.5,175.0,-297.5,-52.5
111649,-5.73,38.92,1011.38,192.5,-385.0,-70.0
111678,-5.49,39.04,1011.5,-35.0,-122.5,0.0
111708,-5.0,39.28,1011.62,-122.5,-140.0,-192.5
111737,-5.12,39.04,1011.62,-52.5,-140.0,-140.0
111767,-5.37,38.67,1011.38,210.0,-490.0,52.5
111796,-5.12,38.55,1011.38,17.5,-437.5,-52.5
111826,-5.0,38.67,1011.38,-227.5,-87.5,-122.5
111855,-4.88,38.55,1011.5,-122.5,-175.0,-70.0
111884,-4.76,38.55,1011.62,175.0,-315.0,52.5
111914,-4.27,38.55,1011.75,332.5,-245.0,-17.5
111943,-3.78,38.67,1011.87,-105.0,367.5,-105.0
111972,-3.9,38.8,1011.87,-315.0,420.0,-350.0
112001,-5.12,38.43,1011.87,490.0,-735.0,-280.0
112030,-5.86,38.31,1011.75,420.0,-682.5,192.5
112059,-5.37,38.31,1011.75,297.5,-787.5,-105.0
112089,-4.64,38.31,1011.62,-140.0,-350.0,-175.0
112118,-3.9,38.43,1011.75,-245.0,0.0,17.5
112148,-4.03,38.31,1011.75,-297.5,0.0,-105.0
112177,-4.39,37.82,1011.75,35.0,0.0,367.5
112207,-4.51,37.58,1011.75,612.5,-385.0,490.0
112236,-4.39,38.19,1011.99,87.5,-210.0,0.0
112266,-4.76,38.43,1012.11,-262.5,0.0,-192.5
112295,-5.12,38.06,1012.11,157.5,-472.5,-87.5
112325,-4.64,38.06,1012.23,560.0,-560.0,140.0
112354,-3.9,38.31,1012.11,577.5,-787.5,-315.0
112383,-3.66,37.94,1011.99,-87.5,-52.5,-87.5
112413,-3.42,37.58,1011.87,367.5,-455.0,-140.0
112442,-3.05,37.58,1011.87,192.5,52.5,70.0
112472,-2.93,37.7,1011.99,280.0,-192.5,-122.5
112501,-3.17,37.94,1012.11,140.0,-70.0,157.5
112531,-3.54,37.94,1012.11,560.0,-682.5,0.0
112560,-3.54,37.94,1012.11,857.5,-962.5,-157.5
112590,-3.05,38.19,1012.11,472.5,-892.5,-315.0
112619,-2.81,38.43,1012.23,945.0,-2030.0,-1207.5
112648,-2.93,38.67,1012.36,402.5,-945.0,-612.5
112677,-2.93,38.8,1012.36,525.0,-892.5,-140.0
112707,-2.07,39.04,1012.48,892.5,-927.5,0.0
112736,-1.1,39.53,1012.48,577.5,-595.0,-210.0
112766,-0.37,39.65,1012.36,122.5,-140.0,-70.0
112795,0.12,39.77,1012.23,0.0,35.0,35.0
112825,0.49,40.14,1012.36,280.0,17.5,0.0
112855,0.73,40.5,1012.36,87.5,262.5,87.5
112885,0.73,40.75,1012.36,0.0,140.0,35.0
112915,0.85,40.99,1012.36,-17.5,122.5,35.0
112944,1.1,40.99,1012.48,385.0,35.0,192.5
112974,1.46,41.24,1012.48,315.0,70.0,210.0
113003,1.59,41.36,1012.36,227.5,-297.5,-52.5
113033,1.59,41.6,1012.36,87.5,-192.5,52.5
113062,1.83,41.97,1012.36,70.0,-262.5,-157.5
113092,1.71,41.97,1012.48,262.5,-490.0,-297.5
113121,1.46,41.97,1012.36,262.5,-402.5,0.0
113151,1.71,42.21,1012.36,437.5,-630.0,-17.5
113180,2.2,42.46,1012.36,402.5,-682.5,-245.0
113210,2.44,42.58,1012.36,192.5,-332.5,0.0
113240,2.81,42.82,1012.36,105.0,-210.0,-17.5
113270,2.93,42.94,1012.36,245.0,-262.5,-157.5
113299,3.05,43.07,1012.36,122.5,-192.5,35.0
113329,3.42,43.19,1012.23,87.5,-175.0,0.0
113359,3.66,43.43,1012.36,17.5,-175.0,-175.0
113389,3.66,43.55,1012.36,420.0,-175.0,35.0
113419,3.78,43.68,1012.23,297.5,-210.0,227.5
113448,4.15,43.92,1012.23,-157.5,17.5,17.5
113478,4.15,43.92,1012.11,-35.0,-157.5,-245.0
113507,4.03,43.92,1012.11,52.5,52.5,210.0
113537,4.15,44.04,1012.23,175.0,-87.5,17.5
113566,4.39,44.16,1012.23,262.5,-192.5,-70.0
113596,4.27,44.29,1012.11,35.0,-52.5,17.5
113625,4.27,44.41,1012.11,0.0,-140.0,-52.5
113655,4.39,44.41,1012.11,105.0,-175.0,-52.5
113684,4.51,44.41,1012.11,262.5,-315.0,0.0
113714,4.51,44.53,1011.99,70.0,-52.5,52.5
113744,4.51,44.65,1011.99,157.5,-192.5,-17.5
113774,4.64,44.65,1011.99,175.0,-315.0,-17.5
113803,4.64,44.77,1011.87,140.0,-210.0,-35.0
113833,4.76,44.65,1011.87,140.0,-87.5,-17.5
113862,4.64,44.65,1011.62,122.5,-262.5,-17.5
113892,4.64,44.77,1011.62,192.5,-332.5,-52.5
113921,4.88,44.9,1011.62,17.5,52.5,35.0
113951,4.88,45.02,1011.62,-105.0,-52.5,-157.5
113980,4.64,44.9,1011.5,227.5,-385.0,-87.5
114009,4.51,44.9,1011.5,262.5,-280.0,140.0
114039,4.88,45.14,1011.5,105.0,-122.5,-35.0
114068,5.0,45.14,1011.38,140.0,-157.5,-70.0
114098,4.88,45.14,1011.38,262.5,-350.0,-87.5
114127,4.76,45.14,1011.38,350.0,-385.0,70.0
114157,5.0,45.14,1011.38,122.5,-105.0,140.0
114186,5.12,45.26,1011.38,-35.0,-245.0,-87.5
114216,5.12,45.38,1011.38,52.5,-192.5,-52.5
114245,5.0,45.26,1011.26,210.0,-297.5,-17.5
114275,5.12,45.26,1011.26,122.5,-227.5,35.0
114304,5.37,45.38,1011.14,192.5,-350.0,-87.5
114334,5.37,45.38,1011.14,402.5,-507.5,-70.0
114363,5.37,45.51,1011.14,-70.0,35.0,140.0
114393,5.49,45.63,1011.01,-262.5,-157.5,-227.5
114422,5.25,45.51,1011.14,-157.5,-280.0,-105.0
114452,5.37,45.51,1011.14,262.5,-455.0,105.0
114481,5.73,45.51,1011.26,-87.5,70.0,17.5
114511,5.86,45.63,1011.26,-17.5,-70.0,35.0
114541,5.61,45.38,1011.26,105.0,-367.5,-52.5
114570,5.73,45.38,1011.26,157.5,-297.5,-35.0
114600,5.86,45.38,1011.38,157.5,-227.5,105.0
114629,6.34,45.38,1011.38,70.0,-210.0,-87.5
114659,6.59,45.38,1011.38,-140.0,332.5,52.5
114688,6.71,45.38,1011.38,-402.5,507.5,35.0
114718,6.59,45.38,1011.38,-245.0,245.0,17.5
114747,6.22,45.26,1011.38,0.0,-17.5,-87.5
114777,6.1,45.14,1011.5,-175.0,262.5,17.5
114806,5.86,44.77,1011.38,-35.0,87.5,-35.0
114836,5.37,44.53,1011.38,157.5,-262.5,70.0
114865,5.49,44.65,1011.38,367.5,-472.5,105.0
114895,5.86,44.77,1011.38,-332.5,245.0,-105.0
114924,5.73,44.9,1011.62,-647.5,385.0,-122.5
114954,5.0,44.65,1011.62,-70.0,-175.0,-192.5
114983,4.39,44.29,1011.5,227.5,-350.0,-122.5
115013,4.15,43.92,1011.38,105.0,-525.0,-192.5
115042,4.64,43.68,1011.38,-35.0,-52.5,105.0
115071,5.0,43.68,1011.62,245.0,-70.0,87.5
115101,4.76,43.55,1011.62,262.5,-52.5,0.0
115130,3.9,43.31,1011.5,210.0,-402.5,-157.5
115159,3.66,43.19,1011.62,472.5,-595.0,87.5
115188,4.03,43.43,1011.62,542.5,-787.5,-157.5
115218,4.27,43.31,1011.62,245.0,-297.5,-157.5
115247,4.27,43.19,1011.62,122.5,-385.0,-192.5
115277,4.15,43.19,1011.62,385.0,-717.5,-245.0
115306,4.39,43.19,1011.62,280.0,-490.0,-87.5
115336,4.64,43.19,1011.62,385.0,-437.5,17.5
115365,4.88,43.19,1011.75,490.0,-122.5,192.5
115395,5.0,43.43,1011.75,157.5,-105.0,-87.5
115424,4.88,43.55,1011.87,385.0,-455.0,-210.0
115454,4.88,43.55,1011.87,630.0,-595.0,17.5
115483,5.49,43.8,1011.87,577.5,-402.5,-17.5
115513,5.86,44.04,1011.87,35.0,87.5,-105.0
115543,5.61,44.16,1011.87,87.5,-192.5,-175.0
115573,5.37,44.16,1011.87,577.5,-472.5,0.0
115603,5.86,44.41,1011.87,280.0,-332.5,-122.5
115632,6.1,44.53,1011.87,52.5,-332.5,-280.0
115662,6.1,44.65,1011.99,437.5,-315.0,52.5
115691,6.1,44.9,1011.99,560.0,-437.5,-105.0
115720,5.98,45.02,1011.75,315.0,-455.0,-157.5
115749,6.22,45.26,1011.87,-192.5,0.0,17.5
115779,6.59,45.51,1011.99,70.0,-245.0,-122.5
115808,6.59,45.63,1011.99,367.5,-490.0,-140.0
115838,6.59,45.63,1011.99,262.5,-175.0,-17.5
115867,6.71,45.87,1011.87,297.5,-280.0,-52.5
115897,6.83,46.12,1011.87,-157.5,210.0,-52.5
115926,6.95,46.12,1011.87,-192.5,122.5,-87.5
115956,7.08,46.24,1011.87,-105.0,-140.0,-122.5
115985,7.08,46.24,1011.87,210.0,-280.0,-35.0
116015,7.2,46.36,1011.87,70.0,-210.0,-52.5
116044,7.32,46.36,1011.87,-122.5,70.0,-35.0
116074,7.32,46.36,1011.99,157.5,-105.0,0.0
116104,7.32,46.36,1011.99,332.5,-280.0,52.5
116134,7.44,46.48,1011.87,87.5,-210.0,-87.5
116164,7.44,46.6,1011.87,-52.5,-227.5,-122.5
116193,7.44,46.48,1011.87,52.5,-192.5,-35.0
116223,7.44,46.48,1011.87,157.5,-157.5,17.5
116252,7.56,46.6,1011.87,-122.5,52.5,-35.0
116282,7.56,46.6,1011.75,70.0,-52.5,-35.0
116311,7.56,46.6,1011.75,175.0,-87.5,35.0
116341,7.81,46.6,1011.62,-52.5,0.0,-17.5
116370,7.81,46.73,1011.62,-140.0,-70.0,-227.5
116400,7.56,46.6,1011.62,105.0,-105.0,0.0
116429,7.56,46.36,1011.5,105.0,-35.0,17.5
116459,7.56,46.48,1011.5,-52.5,140.0,87.5
116488,7.69,46.6,1011.5,105.0,-262.5,-280.0
116518,7.32,46.48,1011.5,52.5,-245.0,-227.5
116547,7.08,46.36,1011.5,70.0,-157.5,0.0
116577,7.2,46.36,1011.5,105.0,-122.5,0.0
116607,7.32,46.36,1011.5,70.0,-122.5,-87.5
116637,7.08,46.36,1011.5,227.5,-315.0,-35.0
116666,7.08,46.36,1011.5,350.0,-472.5,-35.0
116695,6.95,46.36,1011.5,315.0,-385.0,-70.0
116725,6.95,46.36,1011.5,402.5,-560.0,-105.0
116754,7.08,46.36,1011.5,665.0,-752.5,-70.0
116784,7.2,46.36,1011.5,350.0,-455.0,-17.5
116813,7.32,46.48,1011.5,-35.0,17.5,105.0
116843,7.32,46.6,1011.5,297.5,-472.5,-192.5
116872,7.32,46.6,1011.62,332.5,-332.5,17.5
116902,7.56,46.73,1011.62,35.0,17.5,105.0
116931,7.69,46.85,1011.62,175.0,-262.5,-87.5
116961,7.56,46.85,1011.62,122.5,-192.5,52.5
116990,7.81,46.85,1011.62,140.0,-280.0,-70.0
117020,7.93,46.97,1011.62,0.0,0.0,35.0
117050,8.05,47.09,1011.62,210.0,-245.0,0.0
117080,8.05,47.21,1011.75,385.0,-245.0,17.5
117109,8.05,47.34,1011.75,35.0,-122.5,35.0
117139,8.3,47.34,1011.62,17.5,-210.0,-140.0
117168,8.17,47.34,1011.62,70.0,-175.0,-52.5
117197,8.3,47.34,1011.75,262.5,-262.5,17.5
117227,8.17,47.34,1011.62,297.5,-350.0,-35.0
117256,8.3,47.46,1011.62,402.5,-472.5,35.0
117286,8.54,47.58,1011.62,-210.0,70.0,35.0
117315,8.78,47.82,1011.62,-35.0,70.0,0.0
117345,8.91,47.7,1011.62,192.5,-17.5,17.5
117374,8.78,47.82,1011.75,105.0,-52.5,70.0
117404,8.66,47.82,1011.62,175.0,-175.0,52.5
117433,8.42,47.82,1011.62,-262.5,157.5,0.0
117463,8.42,47.82,1011.62,122.5,-367.5,-17.5
117492,8.54,47.82,1011.62,-385.0,122.5,105.0
117522,8.78,47.82,1011.75,245.0,-297.5,17.5
117551,9.03,47.82,1011.75,-245.0,315.0,122.5
117581,8.78,47.82,1011.87,-70.0,-87.5,-210.0
117610,8.3,47.7,1011.87,-122.5,-35.0,-35.0
117640,7.81,47.58,1011.87,332.5,-542.5,87.5
117670,7.93,47.58,1011.87,227.5,-262.5,192.5
117700,8.17,47.7,1011.87,-122.5,-35.0,-17.5
117729,8.3,47.7,1011.99,-122.5,-157.5,-35.0
117758,8.05,47.58,1011.99,245.0,-297.5,70.0
117788,8.05,47.46,1011.87,-35.0,-175.0,-70.0
117817,8.05,47.34,1011.87,-280.0,-105.0,-17.5
117846,8.05,47.21,1011.99,245.0,-577.5,-140.0
117875,8.17,46.97,1011.99,122.5,-70.0,175.0
117905,8.54,47.09,1012.11,0.0,-227.5,-17.5
117934,8.42,47.09,1012.11,-70.0,-17.5,35.0
117964,8.05,46.85,1012.23,385.0,-577.5,-157.5
117993,7.81,46.73,1012.11,595.0,-945.0,-122.5
118023,8.17,46.6,1011.99,17.5,-297.5,-52.5
118052,8.66,46.85,1012.11,-367.5,157.5,-105.0
118082,8.54,46.85,1012.23,-87.5,-87.5,-140.0
118111,8.42,46.48,1012.11,210.0,-332.5,-87.5
118141,8.42,46.36,1012.23,245.0,-385.0,52.5
118170,8.54,46.6,1012.36,105.0,-455.0,-52.5
118200,8.78,46.48,1012.23,-157.5,-140.0,-122.5
118229,8.78,46.36,1012.36,70.0,-262.5,-17.5
118259,9.03,46.36,1012.36,122.5,-122.5,0.0
118289,9.27,46.12,1012.36,35.0,-52.5,-17.5
118319,9.27,46.12,1012.36,245.0,157.5,157.5
118349,9.27,46.12,1012.36,315.0,0.0,52.5
118378,9.03,46.12,1012.36,140.0,-157.5,-175.0
118407,8.91,45.99,1012.36,210.0,-210.0,-17.5
118436,9.03,46.12,1012.48,245.0,-140.0,70.0
118466,9.15,46.12,1012.6,280.0,-297.5,-105.0
118495,9.03,45.99,1012.48,402.5,-280.0,0.0
118525,9.03,45.99,1012.48,367.5,-280.0,-52.5
118554,9.15,46.12,1012.6,262.5,-245.0,-17.5
118584,9.52,46.36,1012.6,87.5,-192.5,-175.0
118613,9.39,46.48,1012.6,192.5,-192.5,-52.5
118643,9.39,46.6,1012.6,-35.0,105.0,-35.0
118672,9.52,46.48,1012.6,52.5,192.5,35.0
118702,9.52,46.48,1012.6,-87.5,140.0,-70.0
118731,9.52,46.6,1012.6,70.0,-122.5,-105.0
118761,9.52,46.6,1012.6,70.0,105.0,17.5
118791,9.52,46.6,1012.72,227.5,-105.0,-122.5
118821,9.27,46.6,1012.72,315.0,140.0,17.5
118851,8.78,46.73,1012.6,-297.5,455.0,-105.0
118881,8.54,46.6,1012.6,157.5,-140.0,-210.0
118910,8.66,46.6,1012.72,227.5,-122.5,157.5
118939,8.91,46.73,1012.72,122.5,-35.0,-52.5
118969,8.66,46.6,1012.6,-17.5,-35.0,-227.5
118998,8.05,46.6,1012.6,17.5,157.5,140.0
119028,7.81,46.6,1012.72,175.0,-175.0,0.0
119057,7.56,46.73,1012.72,-70.0,-350.0,-332.5
119087,7.08,46.48,1012.72,192.5,-227.5,157.5
119116,7.2,46.6,1012.72,157.5,-245.0,210.0
119146,7.56,46.85,1012.97,105.0,-122.5,-122.5
119175,7.44,46.6,1012.84,35.0,70.0,35.0
119205,6.95,46.6,1012.84,315.0,-402.5,0.0
119234,6.83,46.6,1012.84,437.5,-437.5,87.5
119264,7.08,46.6,1012.84,105.0,-420.0,-122.5
119293,7.32,46.6,1012.97,17.5,-70.0,-35.0
119323,7.08,46.6,1012.97,210.0,-175.0,17.5
119352,6.83,46.6,1012.97,385.0,-472.5,-122.5
119382,6.83,46.73,1012.97,122.5,-350.0,-70.0
119411,6.95,46.85,1013.09,175.0,-175.0,17.5
119441,6.95,46.97,1013.09,332.5,-315.0,35.0
119471,6.83,46.85,1012.97,262.5,-332.5,-35.0
119500,6.71,46.73,1012.84,245.0,-367.5,35.0
119530,7.08,46.97,1012.97,210.0,-280.0,87.5
119559,7.32,47.09,1012.97,-35.0,-17.5,-35.0
119589,7.08,47.09,1012.84,140.0,-525.0,-245.0
119618,6.83,47.09,1012.84,280.0,-560.0,35.0
119648,6.83,47.21,1012.97,437.5,-647.5,52.5
119677,7.08,47.34,1012.84,367.5,-472.5,87.5
119707,7.56,47.34,1012.84,17.5,-210.0,17.5
119736,7.69,47.46,1012.97,280.0,-542.5,-210.0
119766,7.56,47.58,1012.97,210.0,-542.5,-87.5
119795,7.56,47.58,1012.97,367.5,-612.5,105.0
119825,8.05,47.82,1012.97,332.5,-367.5,87.5
119854,8.54,47.82,1012.97,157.5,-332.5,-87.5
119884,8.91,47.95,1012.97,105.0,-140.0,0.0
119914,9.03,48.07,1012.97,350.0,-332.5,-210.0
119944,8.78,48.19,1012.84,297.5,-350.0,-52.5
119974,8.78,48.19,1012.84,175.0,-385.0,35.0
120003,9.27,48.43,1012.84,52.5,-350.0,-70.0
120033,9.64,48.56,1012.97,157.5,-210.0,-17.5
120062,9.76,48.56,1012.84,175.0,-227.5,-122.5
120092,9.88,48.56,1012.84,122.5,-210.0,-17.5
120121,10.0,48.68,1012.84,105.0,-175.0,52.5
120151,10.13,48.92,1012.84,-17.5,-157.5,-87.5
120180,10.13,48.92,1012.84,52.5,-245.0,0.0
120210,10.37,48.92,1012.84,157.5,-332.5,0.0
120239,10.49,49.04,1012.84,0.0,-157.5,35.0
120269,10.61,49.04,1012.84,17.5,-297.5,-70.0
120298,10.74,49.04,1012.72,35.0,-210.0,52.5
120328,10.98,49.04,1012.84,35.0,-297.5,-52.5
120357,11.1,49.17,1012.84,17.5,-122.5,17.5
120387,11.1,49.17,1012.72,-210.0,0.0,-52.5
120417,11.22,49.17,1012.72,-35.0,-227.5,-87.5
120447,11.22,49.17,1012.84,-17.5,-280.0,-52.5
120476,11.22,49.04,1012.72,70.0,-350.0,0.0
120505,11.47,49.04,1012.72,0.0,-175.0,35.0
120535,11.59,49.04,1012.72,-140.0,-87.5,-17.5
120564,11.59,48.92,1012.72,-175.0,70.0,105.0
120594,11.59,48.8,1012.72,210.0,-227.5,87.5
120623,11.47,48.68,1012.6,210.0,-227.5,70.0
120653,11.71,48.56,1012.6,-210.0,35.0,35.0
120682,11.71,48.43,1012.6,122.5,-420.0,17.5
120712,12.08,48.43,1012.72,140.0,-140.0,210.0
120741,12.44,48.43,1012.6,-87.5,52.5,-332.5
120771,12.08,48.31,1012.6,-210.0,-35.0,-297.5
120800,11.71,48.07,1012.6,-140.0,-140.0,-17.5
120830,11.83,47.95,1012.6,122.5,-227.5,0.0
120859,11.96,47.82,1012.6,-35.0,52.5,-17.5
120889,12.08,47.7,1012.6,70.0,-192.5,-87.5
120918,11.96,47.7,1012.6,-87.5,70.0,17.5
120948,11.83,47.7,1012.72,105.0,-175.0,-35.0
120977,11.71,47.46,1012.6,105.0,-350.0,-175.0
121007,11.71,47.21,1012.6,350.0,-350.0,52.5
121036,12.08,47.09,1012.6,52.5,122.5,140.0
121065,11.96,47.21,1012.6,280.0,-437.5,-210.0
121094,11.71,47.09,1012.6,280.0,-332.5,-70.0
121123,11.71,47.09,1012.6,332.5,-437.5,17.5
121153,11.96,47.09,1012.6,87.5,17.5,157.5
121182,12.2,47.09,1012.48,-52.5,157.5,-17.5
121212,12.08,46.97,1012.6,332.5,-227.5,-87.5
121241,11.96,46.97,1012.6,385.0,-210.0,17.5
121271,11.96,46.97,1012.48,227.5,-262.5,-52.5
121300,11.96,47.09,1012.48,-35.0,-157.5,-140.0
121330,11.96,47.09,1012.48,297.5,-350.0,-140.0
121359,11.96,46.85,1012.48,315.0,-280.0,-17.5
121389,11.96,46.85,1012.48,402.5,-385.0,-70.0
121418,12.08,46.97,1012.36,-17.5,-35.0,-70.0
121448,12.08,47.09,1012.36,0.0,-52.5,-122.5
121477,11.96,47.09,1012.36,245.0,-280.0,-105.0
121507,11.96,47.09,1012.36,297.5,-175.0,35.0
121536,11.96,47.09,1012.23,245.0,-297.5,-70.0
121566,11.96,47.21,1012.23,70.0,-140.0,-192.5
121595,11.83,47.21,1012.23,420.0,-472.5,-87.5
121624,11.96,47.34,1012.23,332.5,-490.0,70.0
121654,12.08,47.34,1012.11,70.0,-227.5,17.5
121683,12.2,47.58,1012.23,140.0,-122.5,35.0
121713,12.44,47.58,1012.11,245.0,-315.0,-87.5
121742,12.44,47.58,1012.11,35.0,52.5,70.0
121772,12.44,47.7,1012.11,210.0,-157.5,-17.5
121801,12.32,47.82,1012.11,87.5,-192.5,0.0
121831,12.44,47.82,1011.99,105.0,-140.0,87.5
121860,12.57,47.95,1011.99,87.5,-157.5,-52.5
121890,12.32,47.95,1011.87,210.0,-297.5,-122.5
121919,12.2,48.07,1011.87,595.0,-700.0,0.0
121949,12.69,48.19,1011.87,17.5,-52.5,-52.5
121978,12.81,48.31,1011.87,-175.0,-105.0,-140.0
122008,12.44,48.19,1011.87,315.0,-525.0,-87.5
122037,12.57,48.19,1011.75,525.0,-507.5,-17.5
122067,12.81,48.31,1011.62,52.5,-70.0,35.0
122097,13.05,48.56,1011.5,210.0,-367.5,-175.0
122127,13.05,48.56,1011.5,122.5,-122.5,-35.0
122156,12.93,48.68,1011.62,297.5,-227.5,17.5
122185,13.05,48.68,1011.38,157.5,-175.0,70.0
122215,13.18,48.8,1011.26,-35.0,-17.5,17.5
122244,13.42,48.92,1011.14,227.5,-332.5,-70.0
122273,13.42,49.04,1011.14,0.0,-52.5,-87.5
122302,13.42,49.04,1011.01,122.5,-175.0,35.0
122332,13.3,49.04,1010.89,70.0,-262.5,-35.0
122361,13.42,49.04,1010.89,70.0,-210.0,52.5
122391,13.54,49.04,1010.89,122.5,-87.5,-52.5
122420,13.66,49.04,1010.89,192.5,-122.5,35.0
122450,13.66,49.29,1010.89,17.5,-35.0,0.0
122480,13.66,49.29,1011.01,420.0,-385.0,-105.0
122510,13.79,49.41,1010.89,105.0,-87.5,-35.0
122539,13.91,49.41,1011.01,-157.5,-105.0,-70.0
122569,13.91,49.41,1011.14,157.5,-262.5,-87.5
122598,13.91,49.41,1011.14,157.5,-227.5,-105.0
122628,13.79,49.53,1011.26,297.5,-332.5,17.5
122657,13.91,49.65,1011.26,140.0,-227.5,0.0
122687,14.03,49.78,1011.26,122.5,-367.5,-140.0
122716,13.91,49.78,1011.38,70.0,-210.0,52.5
122745,13.91,49.9,1011.38,87.5,-245.0,-192.5
122774,13.79,49.65,1011.26,87.5,-297.5,-70.0
122803,13.91,49.65,1011.38,175.0,-262.5,175.0
122833,14.4,49.9,1011.38,-52.5,-105.0,-157.5
122862,14.15,49.9,1011.5,-105.0,-87.5,0.0
122892,14.03,49.65,1011.5,105.0,-315.0,70.0
122921,14.15,49.65,1011.5,175.0,-332.5,87.5
122951,14.4,49.78,1011.62,17.5,-175.0,0.0
122980,14.52,49.78,1011.62,-227.5,-52.5,-70.0
123010,14.4,49.78,1011.62,122.5,-472.5,-157.5
123039,14.4,49.65,1011.62,105.0,-280.0,70.0
123069,14.64,49.65,1011.75,157.5,-507.5,-52.5
123098,14.88,49.53,1011.62,490.0,-735.0,-105.0
123128,15.13,49.53,1011.62,-525.0,455.0,17.5
123157,15.01,49.53,1011.75,-122.5,-245.0,-262.5
123187,14.76,49.53,1011.75,157.5,-420.0,122.5
123216,15.13,49.41,1011.62,262.5,-385.0,0.0
123245,15.37,49.41,1011.62,52.5,-70.0,0.0
123275,15.62,49.29,1011.62,-280.0,105.0,87.5
123304,15.62,49.29,1011.62,227.5,-262.5,-87.5
123333,15.37,49.17,1011.62,70.0,-157.5,-17.5
123362,15.37,49.04,1011.5,122.5,-560.0,-175.0
123391,15.49,48.92,1011.5,-87.5,-192.5,35.0
123420,15.62,48.92,1011.62,122.5,-385.0,-157.5
123450,15.62,48.8,1011.5,0.0,-70.0,87.5
123480,15.86,48.68,1011.5,332.5,-437.5,-140.0
123510,15.86,48.68,1011.5,35.0,-52.5,87.5
123539,16.1,48.68,1011.5,87.5,-192.5,-87.5
123569,15.98,48.56,1011.5,105.0,-175.0,-87.5
123598,15.98,48.31,1011.62,315.0,-210.0,70.0
123628,16.35,48.31,1011.5,805.0,-577.5,-17.5
123657,16.47,48.43,1011.5,70.0,122.5,-105.0
123687,16.23,48.56,1011.5,-87.5,-70.0,-105.0
123716,16.23,48.43,1011.5,350.0,-245.0,70.0
123746,16.59,48.56,1011.62,35.0,52.5,35.0
123776,16.59,48.56,1011.62,122.5,-70.0,-70.0
123805,16.47,48.56,1011.5,-17.5,0.0,35.0
123835,16.35,48.56,1011.5,367.5,-402.5,-105.0
123864,16.59,48.56,1011.5,52.5,35.0,87.5
123894,16.71,48.56,1011.38,52.5,-52.5,-52.5
123923,16.59,48.56,1011.5,192.5,-192.5,-122.5
123952,16.35,48.56,1011.62,245.0,-157.5,17.5
123981,16.35,48.68,1011.5,367.5,-245.0,-52.5
124011,16.59,48.68,1011.38,-17.5,-175.0,-70.0
124040,16.47,48.68,1011.38,70.0,-175.0,0.0
124070,16.47,48.56,1011.38,315.0,-157.5,-35.0
124099,16.47,48.56,1011.26,350.0,-35.0,35.0
124129,16.59,48.68,1011.26,122.5,0.0,-35.0
124159,16.59,48.8,1011.38,-35.0,157.5,0.0
124189,16.35,48.8,1011.26,420.0,-350.0,-140.0
124218,16.1,48.8,1011.14,577.5,-315.0,17.5
124248,16.35,48.8,1011.14,17.5,35.0,70.0
124278,16.47,49.04,1011.14,227.5,-210.0,-157.5
124307,16.35,49.29,1011.26,52.5,70.0,-70.0
124337,16.1,49.29,1011.26,385.0,-402.5,-122.5
124366,15.98,49.17,1011.38,175.0,-122.5,122.5
124395,16.1,49.41,1011.38,157.5,-175.0,-87.5
124424,16.23,49.53,1011.38,105.0,-35.0,-35.0
124454,16.1,49.53,1011.38,210.0,-140.0,-17.5
124483,15.86,49.65,1011.5,385.0,-402.5,-52.5
124513,15.98,49.78,1011.38,192.5,-140.0,87.5
124542,15.98,49.78,1011.5,70.0,-157.5,-70.0
124572,16.1,49.9,1011.5,-17.5,17.5,-35.0
124601,16.1,50.02,1011.62,192.5,-245.0,-175.0
124631,15.74,50.02,1011.62,87.5,-175.0,-17.5
124660,15.62,50.14,1011.62,262.5,-315.0,-52.5
124690,15.74,50.26,1011.62,280.0,-245.0,0.0
124720,16.1,50.26,1011.5,-52.5,-52.5,-52.5
124750,15.98,50.51,1011.62,-52.5,-35.0,-192.5
124779,15.62,50.39,1011.62,35.0,-227.5,-105.0
124808,15.62,50.26,1011.62,245.0,-315.0,-105.0
124837,15.62,50.26,1011.75,350.0,-245.0,-52.5
124866,15.62,50.51,1011.75,472.5,-437.5,35.0
124896,15.62,50.63,1011.75,-315.0,175.0,52.5
124925,15.62,50.63,1011.75,-262.5,70.0,-175.0
124955,15.37,50.51,1011.75,52.5,-105.0,35.0
124984,15.49,50.51,1011.75,420.0,-437.5,35.0
125014,15.62,50.63,1011.62,70.0,-175.0,-70.0
125043,15.62,50.75,1011.62,-70.0,-17.5,-52.5
125073,15.37,50.63,1011.62,350.0,-437.5,-105.0
125102,15.37,50.63,1011.62,175.0,-227.5,87.5
125132,15.62,50.75,1011.62,-105.0,35.0,35.0
125161,15.62,50.75,1011.75,157.5,-192.5,-105.0
125191,15.49,50.75,1011.62,245.0,-210.0,35.0
125220,15.37,50.75,1011.62,175.0,-262.5,-52.5
125250,15.25,50.75,1011.62,87.5,-192.5,-52.5
125279,15.37,50.87,1011.62,227.5,-280.0,-35.0
125309,15.62,50.87,1011.62,192.5,-122.5,-17.5
125338,15.49,51.0,1011.75,192.5,-192.5,52.5
125367,15.37,50.87,1011.62,157.5,-227.5,-17.5
125396,15.49,51.0,1011.62,210.0,-192.5,-52.5
125425,15.49,51.12,1011.62,157.5,-140.0,0.0
125455,15.37,51.12,1011.62,157.5,-332.5,-87.5
125484,15.37,51.12,1011.62,-17.5,-227.5,-35.0
125514,15.25,51.24,1011.62,87.5,-525.0,-122.5
125543,15.37,51.12,1011.62,350.0,-420.0,35.0
125573,15.62,51.12,1011.38,157.5,-245.0,17.5
125602,15.86,51.24,1011.38,-175.0,-157.5,-105.0
125631,15.86,51.24,1011.5,-157.5,-87.5,-17.5
125660,15.86,51.24,1011.5,315.0,-402.5,17.5
125690,15.86,51.24,1011.5,87.5,-262.5,-35.0
125719,15.86,51.24,1011.38,52.5,-262.5,0.0
125749,15.98,51.24,1011.38,-105.0,-210.0,0.0
125778,16.1,51.24,1011.38,140.0,-437.5,-87.5
125808,16.35,51.24,1011.38,-157.5,-17.5,70.0
125837,16.47,51.24,1011.38,-175.0,-175.0,-157.5
125866,16.35,51.12,1011.26,-52.5,-157.5,17.5
125896,16.35,51.0,1011.14,0.0,-105.0,70.0
125925,16.35,51.0,1011.14,35.0,-17.5,175.0
125955,16.59,50.87,1011.14,17.5,-315.0,0.0
125984,16.71,50.87,1011.14,-140.0,-192.5,-17.5
126013,16.71,50.75,1011.01,-280.0,52.5,17.5
126042,16.59,50.63,1011.14,-210.0,-175.0,-35.0
126072,16.59,50.39,1011.14,52.5,-157.5,70.0
126101,16.71,50.26,1011.14,-87.5,-122.5,-17.5
126131,16.71,50.26,1011.14,262.5,-315.0,-105.0
126160,16.71,50.14,1011.14,-122.5,-105.0,-87.5
126190,16.59,50.02,1011.14,-140.0,-297.5,0.0
126219,16.71,49.78,1011.14,122.5,-437.5,-87.5
126249,16.71,49.53,1011.14,157.5,-175.0,52.5
126278,16.71,49.41,1011.01,87.5,-175.0,35.0
126308,16.71,49.41,1011.01,-157.5,-87.5,-87.5
126337,16.71,49.29,1011.01,140.0,-437.5,-227.5
126367,16.71,49.04,1011.01,455.0,-700.0,-332.5
126396,16.96,48.92,1010.89,105.0,-262.5,-157.5
126425,17.08,48.92,1010.89,-175.0,105.0,-17.5
126454,17.08,48.8,1011.01,157.5,-280.0,-140.0
126483,16.84,48.68,1010.89,315.0,-490.0,0.0
126513,17.08,48.68,1010.89,17.5,-157.5,-17.5
126542,17.2,48.56,1010.89,175.0,-17.5,122.5
126572,17.45,48.56,1010.89,122.5,87.5,35.0
126601,17.32,48.56,1010.77,140.0,-192.5,-87.5
126631,17.08,48.31,1010.77,350.0,-385.0,17.5
126660,17.32,48.31,1010.77,315.0,-262.5,17.5
126690,17.45,48.31,1010.65,192.5,-175.0,-70.0
126719,17.57,48.43,1010.65,-52.5,227.5,105.0
126749,17.57,48.43,1010.77,297.5,-210.0,-157.5
126778,17.32,48.43,1010.77,595.0,-455.0,-140.0
126808,17.45,48.43,1010.65,315.0,-245.0,-87.5
126837,17.69,48.56,1010.77,17.5,-192.5,-210.0
126867,17.69,48.56,1010.77,437.5,-490.0,-210.0
126896,17.69,48.43,1010.65,280.0,-122.5,70.0
126925,17.81,48.56,1010.65,227.5,-140.0,0.0
126955,17.69,48.8,1010.65,87.5,-70.0,-35.0
126984,17.69,48.8,1010.65,367.5,-315.0,-122.5
127013,17.57,48.8,1010.65,437.5,-297.5,52.5
127042,17.93,48.92,1010.65,140.0,52.5,105.0
127072,18.06,49.04,1010.65,280.0,-140.0,-52.5
127101,18.06,49.17,1010.65,105.0,70.0,52.5
127131,17.81,49.29,1010.65,350.0,-280.0,-122.5
127160,17.69,49.41,1010.53,157.5,-227.5,-70.0
127190,17.69,49.41,1010.4,192.5,-402.5,-70.0
127219,18.06,49.53,1010.53,227.5,-227.5,0.0
127249,18.18,49.78,1010.53,52.5,35.0,-35.0
127279,18.06,49.78,1010.53,157.5,-122.5,17.5
127309,17.81,49.9,1010.53,105.0,-140.0,52.5
127338,17.93,50.02,1010.53,157.5,-332.5,-140.0
127368,18.06,50.02,1010.53,245.0,-280.0,-70.0
127397,18.18,50.14,1010.53,70.0,-17.5,87.5
127427,18.3,50.26,1010.65,87.5,-140.0,-105.0
127456,18.18,50.26,1010.65,175.0,-280.0,-87.5
127485,18.06,50.26,1010.53,210.0,-262.5,87.5
127515,18.3,50.51,1010.65,105.0,0.0,122.5
127544,18.54,50.51,1010.65,175.0,-157.5,-52.5
127574,18.3,50.63,1010.53,-87.5,-87.5,-122.5
127603,18.18,50.75,1010.65,105.0,-227.5,-35.0
127633,18.18,50.63,1010.53,227.5,-350.0,-87.5
127662,18.18,50.63,1010.53,245.0,-157.5,0.0
127692,18.3,50.75,1010.53,105.0,-35.0,87.5
127721,18.18,51.0,1010.53,70.0,-210.0,-105.0
127751,17.93,50.87,1010.53,192.5,-315.0,-17.5
127780,18.18,50.87,1010.53,245.0,-227.5,17.5
127810,18.3,51.0,1010.53,17.5,35.0,-35.0
127840,18.18,51.0,1010.65,35.0,-192.5,0.0
127870,18.18,51.12,1010.65,52.5,-157.5,-87.5
127899,18.06,51.12,1010.65,122.5,-245.0,-140.0
127929,18.06,51.12,1010.65,122.5,-245.0,-52.5
127958,18.06,51.24,1010.65,140.0,-280.0,-35.0
127988,18.18,51.24,1010.65,87.5,-105.0,-52.5
128018,18.06,51.12,1010.65,210.0,-297.5,-87.5
128047,18.06,51.24,1010.53,315.0,-367.5,17.5
128077,18.06,51.24,1010.53,-175.0,-35.0,-70.0
128106,18.18,51.36,1010.53,140.0,-157.5,52.5
128136,18.3,51.48,1010.53,-157.5,52.5,0.0
128165,18.3,51.48,1010.53,35.0,-140.0,-192.5
128195,18.3,51.36,1010.53,-157.5,105.0,-87.5
128224,18.3,51.24,1010.53,0.0,-105.0,-52.5
128254,18.3,51.24,1010.65,122.5,-87.5,70.0
128283,18.3,51.12,1010.65,70.0,-17.5,52.5
128313,18.18,51.12,1010.65,367.5,-87.5,122.5
128342,17.93,51.24,1010.65,-105.0,87.5,-17.5
128372,17.69,51.12,1010.77,245.0,-472.5,-122.5
128401,17.81,51.0,1010.77,227.5,-227.5,140.0
128431,18.06,51.24,1010.65,210.0,-192.5,-105.0
128460,17.93,51.24,1010.65,-17.5,105.0,-35.0
128490,17.57,51.12,1010.77,0.0,-262.5,-70.0
128520,17.32,51.12,1010.77,297.5,-367.5,-35.0
128550,17.45,51.12,1010.77,315.0,-332.5,122.5
128579,17.69,51.12,1010.77,70.0,-192.5,0.0
128608,17.81,51.24,1010.77,175.0,-315.0,-70.0
128637,17.69,51.36,1010.77,315.0,-542.5,-192.5
128666,17.45,51.36,1010.77,-280.0,0.0,17.5
128696,17.45,51.36,1010.77,-17.5,-437.5,35.0
128725,17.69,51.24,1010.65,-227.5,-210.0,-87.5
128754,17.93,51.0,1010.65,0.0,0.0,70.0
128784,18.06,51.12,1010.53,140.0,-140.0,52.5
128814,17.81,51.0,1010.65,-157.5,-210.0,-35.0
128843,17.69,50.87,1010.65,87.5,-315.0,140.0
128873,17.57,51.0,1010.65,350.0,-420.0,157.5
128902,17.81,50.87,1010.53,437.5,-385.0,87.5
128932,17.93,50.87,1010.4,0.0,-52.5,140.0
128961,17.81,51.0,1010.53,315.0,-17.5,122.5
128991,17.69,51.12,1010.53,-17.5,-385.0,87.5
129020,17.93,51.0,1010.53,-122.5,-455.0,-157.5
129050,18.54,50.75,1010.65,-17.5,52.5,-17.5
129080,18.67,50.63,1010.65,490.0,105.0,175.0
129110,18.54,50.75,1010.65,227.5,70.0,122.5
129140,18.3,50.75,1010.65,-157.5,-280.0,-35.0
129169,17.93,50.75,1010.65,-87.5,-315.0,87.5
129199,18.3,50.63,1010.89,542.5,-385.0,87.5
129228,18.67,50.75,1010.65,157.5,-17.5,-87.5
129258,18.54,50.75,1010.65,-210.0,17.5,-122.5
129287,18.18,50.75,1010.77,17.5,-315.0,-52.5
129317,18.3,50.75,1010.89,420.0,-455.0,-105.0
129346,18.42,50.75,1010.89,280.0,-262.5,0.0
129376,18.42,50.63,1010.89,17.5,-210.0,17.5
129405,18.54,50.63,1010.89,17.5,-122.5,-35.0
129435,18.3,50.75,1010.89,227.5,-420.0,-87.5
129464,18.18,50.75,1011.01,122.5,-525.0,-122.5
129494,18.42,50.63,1010.89,35.0,-350.0,-122.5
129523,18.54,50.63,1010.89,157.5,-472.5,-140.0
129553,18.91,50.63,1011.01,52.5,-280.0,-87.5
129582,19.03,50.51,1011.01,52.5,-262.5,-157.5
129612,19.03,50.51,1011.01,-87.5,-227.5,-35.0
129641,19.28,50.51,1011.14,-17.5,-35.0,-52.5
129671,19.4,50.39,1011.14,-52.5,385.0,70.0
129701,19.15,50.26,1011.14,280.0,-70.0,35.0
129730,18.79,50.39,1011.14,472.5,-70.0,140.0
129760,18.54,50.51,1011.38,822.5,-577.5,35.0
129789,18.79,50.75,1011.38,665.0,-595.0,-105.0
129818,19.03,50.75,1011.26,350.0,-752.5,-385.0
129847,19.15,50.51,1011.14,210.0,-805.0,-385.0
129876,19.52,50.39,1011.14,227.5,-350.0,-35.0
129905,19.89,50.51,1011.14,437.5,-245.0,-70.0
129935,20.13,50.87,1011.26,315.0,-70.0,140.0
129964,20.25,51.12,1011.38,210.0,-52.5,52.5
129994,20.25,51.36,1011.38,70.0,17.5,-35.0
130023,20.25,51.36,1011.38,437.5,-210.0,-17.5
130053,20.62,51.36,1011.26,262.5,87.5,105.0
130082,20.86,51.61,1011.26,280.0,-87.5,-105.0
130112,20.98,51.85,1011.26,122.5,70.0,-52.5
130141,20.86,52.09,1011.38,-35.0,105.0,-52.5
130171,20.5,52.34,1011.38,157.5,-122.5,-122.5
130200,20.37,52.22,1011.38,210.0,-35.0,87.5
130230,20.5,52.46,1011.38,175.0,-70.0,0.0
130260,20.37,52.46,1011.38,192.5,-262.5,-157.5
130289,20.37,52.58,1011.38,280.0,-297.5,-35.0
130318,20.37,52.83,1011.38,175.0,-87.5,17.5
130347,20.37,53.07,1011.5,87.5,-140.0,-122.5
130376,20.25,53.19,1011.38,227.5,-297.5,-122.5
130405,20.13,53.19,1011.5,227.5,-280.0,-70.0
130435,20.13,53.19,1011.38,210.0,-245.0,-17.5
130464,20.25,53.31,1011.38,280.0,-227.5,17.5
130494,20.5,53.44,1011.38,315.0,-175.0,0.0
130523,20.62,53.68,1011.26,-52.5,-192.5,-210.0
130553,20.5,53.8,1011.38,-157.5,-52.5,-140.0
130582,20.37,53.8,1011.38,-70.0,87.5,70.0
130612,20.37,53.68,1011.38,315.0,-70.0,52.5
130641,20.37,53.8,1011.38,192.5,70.0,140.0
130671,20.37,53.92,1011.26,-140.0,70.0,17.5
130700,20.25,53.92,1011.26,0.0,-315.0,-262.5
130730,20.01,53.92,1011.14,140.0,-192.5,0.0
130760,20.13,53.92,1011.26,0.0,-105.0,-52.5
130790,20.13,54.05,1011.26,17.5,-52.5,-70.0
130820,20.01,54.05,1011.14,-17.5,-157.5,-122.5
130850,19.76,54.05,1011.26,437.5,-595.0,-122.5
130879,19.89,54.05,1011.14,17.5,-52.5,-17.5
130908,19.89,54.17,1011.14,-17.5,-315.0,-192.5
130937,19.89,54.05,1011.14,-35.0,-192.5,17.5
130966,20.01,54.05,1011.14,105.0,-262.5,-17.5
130996,20.01,54.05,1011.01,122.5,-157.5,-87.5
131025,20.01,54.05,1011.14,0.0,-157.5,-17.5
131055,19.89,53.92,1011.14,385.0,-455.0,-52.5
131084,20.01,54.05,1011.01,70.0,-52.5,87.5
131114,20.13,54.05,1011.01,70.0,-175.0,-122.5
131143,20.01,54.05,1010.89,105.0,-157.5,-35.0
131173,19.89,54.05,1010.89,227.5,-245.0,0.0
131202,19.89,54.05,1010.89,140.0,-192.5,35.0
131232,20.13,54.17,1010.89,-35.0,-175.0,-87.5
131261,20.01,54.17,1010.89,122.5,-280.0,-140.0
131291,20.01,54.05,1010.89,175.0,-245.0,-70.0
131320,20.01,54.05,1011.01,210.0,-122.5,105.0
131350,20.13,54.17,1010.89,122.5,-122.5,17.5
131379,20.25,54.29,1010.89,87.5,-262.5,-210.0
131408,19.89,54.17,1010.89,122.5,-140.0,0.0
131438,19.89,54.17,1010.89,122.5,-192.5,17.5
131467,20.01,54.17,1011.01,315.0,-350.0,52.5
131497,20.25,54.17,1011.01,105.0,-70.0,17.5
131526,20.25,54.29,1010.89,-70.0,-17.5,-70.0
131556,20.01,54.29,1010.89,0.0,-140.0,-70.0
131585,19.89,54.17,1010.89,192.5,-350.0,0.0
131615,20.01,54.29,1010.89,192.5,-315.0,-70.0
131644,20.13,54.17,1010.89,70.0,-52.5,-17.5
131674,20.13,54.29,1010.89,70.0,-35.0,70.0
131703,20.01,54.41,1010.89,175.0,-122.5,17.5
131733,19.89,54.29,1010.89,210.0,-245.0,-17.5
131762,20.01,54.41,1010.89,245.0,-315.0,-35.0
131792,20.01,54.41,1010.89,-17.5,-17.5,-17.5
131821,20.01,54.41,1010.89,0.0,0.0,87.5
131851,20.13,54.41,1010.89,105.0,-192.5,-87.5
131880,20.01,54.41,1011.01,70.0,-210.0,-52.5
131909,19.89,54.41,1011.01,175.0,-385.0,-17.5
131938,19.76,54.41,1011.14,87.5,-157.5,52.5
131967,19.76,54.53,1011.14,245.0,-507.5,-210.0
131996,19.89,54.53,1011.01,-612.5,245.0,105.0
132025,20.01,54.41,1011.14,-245.0,-157.5,0.0
132055,20.01,54.17,1011.14,297.5,-350.0,70.0
132084,20.01,54.17,1011.01,245.0,-402.5,52.5
132114,20.01,54.17,1011.14,-122.5,-140.0,-70.0
132143,20.01,54.17,1011.14,-262.5,-52.5,0.0
132173,20.01,54.05,1011.14,157.5,-262.5,70.0
132202,20.01,53.92,1011.14,210.0,-437.5,-140.0
132232,20.01,53.8,1011.26,140.0,-385.0,52.5
132261,20.37,53.8,1011.26,70.0,-105.0,70.0
132291,21.23,53.92,1011.14,-157.5,87.5,-962.5
132320,20.86,53.92,1011.14,-857.5,420.0,-1190.0
132350,19.89,53.44,1011.26,-17.5,245.0,-490.0
132379,19.76,53.19,1011.14,367.5,-402.5,385.0
132409,20.01,53.07,1011.14,70.0,-192.5,367.5
132439,20.01,53.07,1011.14,105.0,-280.0,140.0
132468,19.76,52.95,1011.01,175.0,-297.5,87.5
132498,19.76,52.83,1011.01,280.0,-367.5,87.5
132527,20.01,52.83,1010.89,35.0,-297.5,17.5
132557,20.01,52.83,1010.89,-105.0,-315.0,-192.5
132586,19.89,52.7,1010.89,70.0,-350.0,-87.5
132616,19.89,52.46,1010.89,175.0,-385.0,-17.5
132645,20.01,52.34,1010.89,245.0,-227.5,70.0
132675,20.13,52.34,1010.89,297.5,-385.0,-35.0
132704,20.25,52.34,1010.89,-35.0,-175.0,-70.0
132734,20.25,52.34,1010.89,52.5,-332.5,-105.0
132763,20.37,52.22,1010.89,87.5,-122.5,-17.5
132793,20.37,52.09,1010.89,175.0,-87.5,70.0
132822,20.37,51.97,1010.89,52.5,0.0,105.0
132852,20.5,52.09,1010.89,280.0,-350.0,-122.5
132881,20.37,51.97,1010.89,297.5,-192.5,-17.5
132911,20.37,51.97,1010.89,280.0,-227.5,-52.5
132940,20.5,51.97,1010.77,437.5,-385.0,0.0
132969,20.62,52.09,1010.89,262.5,-157.5,-17.5
132998,20.62,52.22,1010.89,70.0,-245.0,-157.5
133027,20.62,52.22,1010.77,157.5,-245.0,-17.5
133056,20.74,52.22,1010.65,17.5,-367.5,-420.0
133085,20.86,52.22,1010.53,17.5,-227.5,-350.0
133115,20.74,51.97,1010.89,-52.5,0.0,52.5
133144,20.98,52.09,1010.77,385.0,-297.5,105.0
133174,20.98,52.22,1010.77,52.5,0.0,-17.5
133203,20.86,52.22,1010.77,315.0,-367.5,0.0
133233,20.98,52.22,1010.77,175.0,-105.0,105.0
133262,21.11,52.22,1010.77,227.5,-105.0,17.5
133292,20.98,52.22,1010.65,70.0,-17.5,35.0
133322,20.98,52.34,1010.77,385.0,-297.5,-87.5
133352,21.11,52.46,1010.65,280.0,-280.0,-105.0
133381,20.98,52.46,1010.65,52.5,-175.0,-105.0
133411,21.11,52.46,1010.77,420.0,-297.5,-17.5
133440,21.23,52.46,1010.65,717.5,-367.5,17.5
133470,21.11,52.58,1010.53,192.5,-70.0,70.0
133500,21.23,52.7,1010.65,140.0,-87.5,52.5
133529,21.35,52.95,1010.65,17.5,70.0,35.0
133559,21.23,53.07,1010.65,157.5,-210.0,-105.0
133588,21.23,53.07,1010.65,332.5,-315.0,-52.5
133617,21.23,53.07,1010.65,332.5,-315.0,0.0
133646,21.47,53.31,1010.65,332.5,-227.5,17.5
133676,21.47,53.44,1010.53,87.5,-52.5,-122.5
133705,21.23,53.56,1010.53,525.0,-525.0,-192.5
133735,21.23,53.56,1010.53,35.0,-175.0,17.5
133764,21.47,53.68,1010.53,227.5,-245.0,-17.5
133794,21.72,53.92,1010.53,17.5,52.5,70.0
133824,21.59,54.05,1010.53,385.0,-350.0,-140.0
133854,21.47,54.05,1010.53,280.0,-385.0,-17.5
133883,21.47,54.29,1010.4,-140.0,17.5,70.0
133913,21.59,54.53,1010.65,17.5,-227.5,-157.5
133942,21.72,54.41,1010.65,297.5,-245.0,35.0
133972,21.72,54.53,1010.65,227.5,-122.5,35.0
134001,21.84,54.66,1010.65,122.5,-52.5,17.5
134031,21.72,54.78,1010.65,157.5,52.5,105.0
134061,21.72,54.9,1010.77,472.5,-227.5,52.5
134090,21.72,55.14,1010.65,157.5,-227.5,-140.0
134119,21.72,55.14,1010.65,-52.5,-227.5,-140.0
134148,21.72,55.14,1010.65,122.5,-227.5,-87.5
134177,21.84,55.27,1010.65,52.5,-87.5,-52.5
134206,21.84,55.27,1010.65,297.5,-315.0,-140.0
134235,21.72,55.39,1010.65,-280.0,315.0,122.5
134264,21.47,55.51,1010.77,210.0,-367.5,35.0
134294,21.47,55.51,1010.77,245.0,-245.0,35.0
134323,21.47,55.63,1010.77,245.0,-385.0,-70.0
134353,21.72,55.63,1010.77,175.0,-140.0,105.0
134382,21.84,55.88,1010.89,52.5,-175.0,-140.0
134412,21.59,55.88,1010.89,210.0,-122.5,105.0
134441,21.59,55.88,1010.77,105.0,-245.0,-70.0
134471,21.72,56.0,1010.89,-70.0,-157.5,-122.5
134500,21.72,55.88,1010.89,332.5,-315.0,-17.5
134530,21.84,56.0,1010.77,-17.5,0.0,105.0
134560,21.96,56.12,1010.89,227.5,-245.0,-157.5
134590,21.96,56.12,1010.89,0.0,70.0,0.0
134620,21.84,56.12,1010.77,227.5,-227.5,-52.5
134649,21.72,56.12,1010.89,140.0,-192.5,157.5
134678,21.84,56.24,1010.89,175.0,-350.0,-105.0
134707,21.84,56.24,1010.77,87.5,-280.0,-122.5
134736,21.84,56.24,1010.65,210.0,-297.5,-105.0
134765,21.59,56.24,1010.77,122.5,-192.5,0.0
134795,21.72,56.24,1010.65,560.0,-577.5,35.0
134824,22.08,56.36,1010.53,-192.5,-17.5,-87.5
134854,22.08,56.49,1010.65,0.0,-175.0,-140.0
134883,21.96,56.36,1010.65,262.5,-297.5,70.0
134913,21.96,56.49,1010.65,262.5,-157.5,17.5
134942,22.2,56.61,1010.65,157.5,-87.5,-87.5
134972,22.2,56.61,1010.4,70.0,0.0,0.0
135002,22.08,56.61,1010.53,192.5,-105.0,17.5
135032,22.08,56.61,1010.53,350.0,-227.5,35.0
135061,22.2,56.61,1010.4,-35.0,-52.5,87.5
135091,22.2,56.73,1010.4,122.5,-227.5,-87.5
135120,22.2,56.85,1010.4,17.5,-35.0,-17.5
135150,21.96,56.85,1010.4,297.5,-525.0,-157.5
135179,21.96,56.85,1010.4,17.5,-105.0,105.0
135209,22.2,56.85,1010.4,245.0,-455.0,-192.5
135238,22.08,56.85,1010.4,175.0,-35.0,192.5
135267,22.33,56.97,1010.4,245.0,-262.5,-17.5
135296,22.2,57.1,1010.4,70.0,-87.5,-70.0
135325,22.2,57.1,1010.4,262.5,-437.5,-70.0
135355,22.33,57.1,1010.4,332.5,-402.5,-52.5
135384,22.45,57.22,1010.4,-87.5,87.5,35.0
135414,22.57,57.34,1010.4,35.0,-175.0,-87.5
135443,22.45,57.34,1010.4,0.0,87.5,52.5
135473,22.45,57.34,1010.4,385.0,-437.5,-35.0
135502,22.57,57.34,1010.4,140.0,-332.5,-140.0
135532,22.45,57.34,1010.4,-17.5,-210.0,-87.5
135561,22.57,57.34,1010.4,210.0,-192.5,17.5
135591,22.69,57.34,1010.4,105.0,-227.5,-192.5
135620,22.57,57.34,1010.4,210.0,-175.0,35.0
135650,22.57,57.46,1010.4,-52.5,87.5,35.0
135680,22.45,57.58,1010.53,315.0,-350.0,-175.0
135710,22.45,57.46,1010.53,245.0,-192.5,17.5
135739,22.57,57.46,1010.4,157.5,-315.0,-35.0
135769,22.69,57.58,1010.4,140.0,-192.5,-17.5
135798,22.69,57.58,1010.4,87.5,-105.0,-35.0
135827,22.57,57.58,1010.4,175.0,-315.0,-105.0
135856,22.57,57.58,1010.4,157.5,-332.5,-52.5
135885,22.81,57.71,1010.4,105.0,-140.0,17.5
135915,22.81,57.83,1010.4,-35.0,-17.5,-17.5
135944,22.69,57.71,1010.4,70.0,-245.0,-87.5
135974,22.69,57.83,1010.4,70.0,-122.5,52.5
136003,22.69,57.83,1010.4,122.5,-385.0,-105.0
136032,22.81,57.83,1010.4,0.0,-175.0,-17.5
136061,22.81,57.95,1010.4,87.5,-297.5,-35.0
136091,22.94,57.95,1010.4,-105.0,-227.5,-52.5
136120,22.94,57.83,1010.4,-105.0,-140.0,-105.0
136149,22.94,57.71,1010.4,105.0,-227.5,17.5
136178,23.06,57.71,1010.4,-17.5,-227.5,-70.0
136208,23.06,57.71,1010.4,0.0,-280.0,-52.5
136237,23.18,57.71,1010.53,-122.5,-157.5,-35.0
136267,23.18,57.71,1010.4,-245.0,-122.5,-175.0
136296,22.94,57.58,1010.53,-157.5,-332.5,-192.5
136326,22.81,57.34,1010.53,157.5,-490.0,-87.5
136355,23.06,57.1,1010.4,350.0,-612.5,17.5
136385,23.67,57.22,1010.53,0.0,-175.0,52.5
136415,24.03,57.34,1010.65,-560.0,315.0,-175.0
136444,23.67,57.1,1010.65,-140.0,70.0,52.5
136474,23.3,56.85,1010.53,87.5,-210.0,70.0
136503,23.42,56.85,1010.53,0.0,-227.5,-35.0
136533,23.67,56.61,1010.4,-315.0,-35.0,-87.5
136562,23.67,56.36,1010.4,-140.0,-17.5,70.0
136592,23.67,56.24,1010.53,157.5,-227.5,17.5
136621,23.67,56.12,1010.4,52.5,-70.0,140.0
136651,23.55,55.88,1010.4,-35.0,-70.0,70.0
136680,23.55,55.88,1010.53,35.0,-122.5,-35.0
136710,23.42,55.88,1010.65,52.5,-332.5,-175.0
136739,23.18,55.63,1010.65,105.0,-490.0,-227.5
136769,23.18,55.39,1010.65,210.0,-490.0,-70.0
136798,23.55,55.27,1010.65,140.0,-297.5,52.5
136828,23.91,55.14,1010.65,192.5,-140.0,52.5
136857,23.91,55.14,1010.77,0.0,17.5,-35.0
136887,23.55,55.02,1010.89,315.0,-350.0,-87.5
136916,23.67,54.9,1010.89,437.5,-402.5,-70.0
136946,23.91,54.9,1010.89,297.5,-297.5,-87.5
136975,24.16,54.9,1010.89,17.5,17.5,-70.0
137004,24.03,54.78,1010.89,350.0,-227.5,-70.0
137033,23.91,54.66,1010.89,350.0,-140.0,122.5
137062,24.03,54.9,1011.01,350.0,-140.0,52.5
137092,23.91,54.9,1011.14,735.0,-857.5,-367.5
137121,23.79,54.78,1011.14,525.0,-507.5,35.0
137151,24.28,54.9,1011.01,420.0,-297.5,52.5
137180,24.64,55.27,1011.14,-52.5,262.5,-70.0
137210,24.52,55.39,1011.14,297.5,-350.0,-140.0
137239,24.4,55.39,1011.14,262.5,-227.5,-175.0
137269,24.4,55.51,1011.01,297.5,-350.0,-70.0
137298,24.52,55.63,1011.01,-17.5,35.0,17.5
137328,24.64,55.63,1011.01,262.5,-245.0,-52.5
137357,24.77,55.75,1011.14,210.0,-122.5,35.0
137387,24.89,56.0,1011.14,122.5,-175.0,-105.0
137416,25.01,56.12,1011.14,385.0,-332.5,-315.0
137446,24.77,56.12,1011.14,297.5,-280.0,-122.5
137475,24.89,56.24,1011.14,-210.0,157.5,52.5
137505,24.89,56.36,1011.26,-192.5,175.0,-35.0
137534,24.64,56.36,1011.26,245.0,-157.5,-17.5
137563,24.64,56.36,1011.14,332.5,-227.5,35.0
137593,24.89,56.61,1011.14,52.5,-210.0,-105.0
137622,25.01,56.61,1011.14,-35.0,-192.5,-70.0
137652,24.89,56.61,1011.01,192.5,-122.5,52.5
137681,24.89,56.61,1010.89,280.0,-245.0,-140.0
137710,24.77,56.61,1010.89,122.5,-210.0,-52.5
137739,24.64,56.85,1010.89,140.0,-175.0,-52.5
137769,24.64,56.85,1010.89,87.5,-245.0,-122.5
137798,24.64,56.85,1010.89,157.5,-175.0,70.0
137828,24.77,56.85,1010.89,402.5,-315.0,-35.0
137857,24.89,56.97,1010.89,52.5,-52.5,52.5
137887,24.89,57.1,1010.77,35.0,-227.5,-175.0
137916,24.64,57.1,1010.89,105.0,-262.5,-192.5
137946,24.52,57.1,1010.89,227.5,-350.0,87.5
137975,24.77,57.34,1010.89,122.5,-245.0,0.0
138005,25.13,57.34,1010.89,87.5,-140.0,-52.5
138034,25.25,57.34,1010.89,-52.5,122.5,87.5
138064,25.25,57.46,1010.89,140.0,-122.5,-122.5
138093,24.89,57.46,1010.89,-70.0,52.5,-87.5
138122,24.52,57.34,1010.89,350.0,-525.0,-70.0
138151,24.64,57.34,1010.89,210.0,-350.0,52.5
138180,24.89,57.58,1010.77,140.0,-122.5,0.0
138210,24.89,57.58,1010.77,297.5,-455.0,-175.0
138239,24.89,57.58,1010.77,140.0,-192.5,0.0
138269,25.01,57.58,1010.65,210.0,-157.5,-17.5
138298,25.13,57.83,1010.65,0.0,-52.5,-35.0
138328,25.25,57.83,1010.77,-17.5,-175.0,-140.0
138357,24.89,57.83,1010.65,157.5,-280.0,-157.5
138387,24.77,57.58,1010.65,192.5,-175.0,122.5
138416,25.13,57.71,1010.65,420.0,-332.5,70.0
138446,25.38,57.83,1010.53,-52.5,70.0,70.0
138476,25.25,57.95,1010.53,52.5,-157.5,-35.0
138506,25.01,57.95,1010.53,70.0,-122.5,0.0
138536,24.89,58.07,1010.4,175.0,-437.5,-87.5
138566,25.01,57.95,1010.4,35.0,-227.5,52.5
138596,25.38,57.95,1010.4,122.5,-280.0,-17.5
138625,25.62,58.07,1010.4,-140.0,87.5,105.0
138655,25.62,58.07,1010.4,-192.5,-70.0,-122.5
138684,25.38,58.07,1010.4,-192.5,70.0,0.0
138714,25.13,57.95,1010.4,70.0,-350.0,-122.5
138743,25.13,57.83,1010.4,-87.5,-87.5,122.5
138773,25.25,57.83,1010.4,17.5,-122.5,70.0
138802,25.38,57.83,1010.53,-17.5,-70.0,105.0
138832,25.25,57.71,1010.53,35.0,-227.5,0.0
138861,25.01,57.58,1010.65,-70.0,-105.0,122.5
138891,25.13,57.58,1010.65,245.0,-472.5,17.5
138920,25.13,57.58,1010.65,-87.5,-192.5,-52.5
138950,25.01,57.46,1010.77,35.0,-315.0,-122.5
138979,24.89,57.34,1010.77,245.0,-542.5,-52.5
139009,25.13,57.22,1010.77,0.0,-385.0,-87.5
139038,25.38,57.22,1010.77,-192.5,-280.0,-122.5
139068,25.38,56.97,1010.89,105.0,-385.0,-17.5
139097,25.5,56.85,1010.89,245.0,-297.5,0.0
139127,25.5,56.73,1010.77,70.0,-297.5,-35.0
139156,25.62,56.73,1010.89,105.0,-280.0,122.5
139185,26.11,56.85,1010.89,-122.5,175.0,17.5
139215,26.11,56.73,1010.89,-70.0,17.5,-140.0
139244,25.74,56.49,1010.89,157.5,-35.0,105.0
139274,25.74,56.36,1010.89,402.5,-332.5,52.5
139303,25.99,56.36,1010.89,157.5,-140.0,-87.5
139333,26.11,56.36,1010.89,105.0,-35.0,0.0
139362,25.86,56.24,1010.89,157.5,-52.5,52.5
139392,25.86,56.24,1010.89,297.5,-280.0,-70.0
139421,25.99,56.12,1010.89,210.0,-52.5,52.5
139451,26.11,56.36,1011.01,227.5,-140.0,-87.5
139480,25.74,56.24,1011.01,332.5,-315.0,-140.0
139510,25.74,56.24,1011.14,175.0,-122.5,87.5
139539,25.99,56.36,1011.14,262.5,-140.0,-35.0
139569,26.11,56.24,1011.14,315.0,-157.5,-52.5
139598,25.99,56.36,1011.14,315.0,-157.5,105.0
139628,25.99,56.49,1011.26,367.5,-210.0,-17.5
139657,26.11,56.61,1011.26,472.5,-332.5,-35.0
139687,26.23,56.73,1011.14,-87.5,0.0,-17.5
139717,26.23,56.85,1011.26,-70.0,-192.5,-245.0
139746,26.11,56.73,1011.14,0.0,-17.5,-105.0
139776,25.99,56.61,1011.01,210.0,-192.5,-70.0
139805,26.11,56.73,1011.14,157.5,-157.5,17.5
139835,26.11,56.85,1011.14,-280.0,210.0,-105.0
139864,25.62,56.97,1011.14,122.5,17.5,52.5
139894,25.38,56.85,1011.14,262.5,-157.5,87.5
139923,25.38,56.97,1011.01,227.5,-612.5,-70.0
139953,25.62,56.97,1011.14,-157.5,-280.0,-262.5
139982,25.38,56.97,1011.14,140.0,-350.0,-105.0
140012,25.38,56.97,1011.14,315.0,-507.5,-70.0
140041,25.38,56.97,1011.14,140.0,-262.5,-35.0
140071,25.38,57.1,1011.14,210.0,-350.0,35.0
140100,25.62,57.1,1011.01,157.5,-227.5,140.0
140130,25.86,57.1,1010.89,175.0,-227.5,-35.0
140159,25.99,57.1,1010.89,-35.0,-52.5,-122.5
140189,25.86,57.1,1010.77,-35.0,87.5,140.0
140219,25.86,57.1,1010.77,-280.0,262.5,105.0
140248,25.74,57.22,1010.77,35.0,70.0,35.0
140278,25.62,57.1,1010.65,70.0,-52.5,105.0
140307,25.74,56.97,1010.65,-105.0,-17.5,52.5
140337,25.74,56.97,1010.65,-192.5,35.0,-52.5
140366,25.5,56.85,1010.65,367.5,-297.5,-35.0
140396,25.38,56.61,1010.53,227.5,-140.0,52.5
140425,25.38,56.73,1010.4,17.5,-157.5,-17.5
140455,25.5,56.85,1010.4,-17.5,-192.5,-105.0
140484,25.25,56.61,1010.4,577.5,-420.0,-35.0
140514,25.01,56.61,1010.4,262.5,-262.5,105.0
140543,25.13,56.61,1010.4,122.5,-262.5,17.5
140573,25.38,56.73,1010.4,140.0,-227.5,-87.5
140602,25.38,56.73,1010.4,70.0,-52.5,-35.0
140632,25.13,56.73,1010.4,87.5,-262.5,-17.5
140661,25.13,56.61,1010.4,192.5,-262.5,-35.0
140691,25.13,56.61,1010.53,140.0,-227.5,122.5
140720,25.38,56.61,1010.4,245.0,-262.5,-70.0
140749,25.62,56.73,1010.53,140.0,-17.5,-52.5
140779,25.5,56.73,1010.65,157.5,-70.0,0.0
140808,25.13,56.73,1010.65,157.5,0.0,35.0
140838,25.13,56.85,1010.65,332.5,-192.5,52.5
140867,25.13,56.85,1010.65,245.0,-437.5,-192.5
140896,25.13,56.85,1010.65,-52.5,-157.5,-17.5
140925,25.13,56.85,1010.77,437.5,-577.5,-157.5
140955,25.13,56.85,1010.77,192.5,-35.0,105.0
140984,25.38,56.97,1010.65,332.5,-402.5,-52.5
141014,25.38,57.1,1010.77,-122.5,175.0,87.5
141043,25.13,57.1,1010.77,297.5,-332.5,-157.5
141073,25.01,57.1,1010.77,402.5,-227.5,157.5
141102,25.25,57.22,1010.77,262.5,-297.5,-52.5
141132,25.38,57.34,1010.77,140.0,-192.5,-52.5
141161,25.5,57.46,1010.77,35.0,-17.5,0.0
141191,25.5,57.58,1010.77,175.0,-210.0,-122.5
141220,25.25,57.58,1010.77,157.5,-210.0,-35.0
141249,25.25,57.58,1010.77,87.5,-175.0,70.0
141279,25.38,57.58,1010.77,227.5,-245.0,-17.5
141308,25.62,57.71,1010.89,-87.5,157.5,122.5
141338,25.62,57.83,1010.89,122.5,-87.5,17.5
141367,25.5,57.83,1010.77,140.0,-175.0,-122.5
141396,25.25,57.95,1010.89,227.5,-192.5,0.0
141425,25.25,58.07,1010.89,0.0,-297.5,-122.5
141455,25.38,58.07,1011.01,0.0,-175.0,-52.5
141484,25.38,58.07,1011.01,227.5,-315.0,-105.0
141514,25.38,57.95,1011.01,70.0,-87.5,0.0
141544,25.38,58.07,1011.14,192.5,-227.5,17.5
141574,25.38,58.07,1011.14,227.5,-245.0,-70.0
141603,25.25,58.19,1011.14,0.0,17.5,70.0
141633,25.25,58.32,1011.26,175.0,-175.0,-52.5
141662,25.38,58.32,1011.14,192.5,-175.0,-52.5
141692,25.13,58.32,1011.14,17.5,-157.5,-87.5
141721,24.89,58.32,1011.14,17.5,-315.0,-140.0
141750,25.01,58.32,1011.14,70.0,-297.5,17.5
141780,25.38,58.44,1011.14,192.5,-192.5,-35.0
141809,25.5,58.32,1011.14,-87.5,35.0,-52.5
141839,25.25,58.19,1011.01,210.0,-210.0,0.0
141868,25.13,58.19,1010.89,122.5,-245.0,52.5
141898,25.25,58.32,1011.01,297.5,-385.0,-17.5
141927,25.38,58.44,1011.01,-35.0,-52.5,17.5
141957,25.38,58.44,1011.14,105.0,-262.5,-87.5
141986,25.25,58.44,1011.01,192.5,-262.5,-17.5
142016,25.38,58.44,1011.01,0.0,-245.0,-52.5
142045,25.5,58.44,1011.01,0.0,-157.5,-17.5
142075,25.5,58.44,1011.01,-87.5,-140.0,0.0
142104,25.5,58.44,1011.01,105.0,-315.0,-140.0
142134,25.13,58.32,1011.01,70.0,-245.0,17.5
142163,25.13,58.44,1011.01,245.0,-507.5,-17.5
142193,25.38,58.32,1010.89,-122.5,-385.0,-105.0
142222,25.62,58.32,1010.89,-105.0,-262.5,-17.5
142252,25.74,58.32,1010.89,35.0,-140.0,-70.0
142282,25.62,58.19,1011.01,-35.0,-17.5,70.0
142311,25.74,58.19,1010.89,245.0,-455.0,-35.0
142340,25.99,58.19,1010.89,-402.5,70.0,17.5
142369,25.99,58.07,1010.89,70.0,-490.0,-192.5
142399,25.86,57.83,1010.89,87.5,-262.5,-17.5
142428,25.86,57.58,1010.89,700.0,-770.0,-35.0
142458,26.23,57.71,1010.65,52.5,-122.5,157.5
142487,26.6,57.83,1010.65,-245.0,-175.0,-227.5
142516,26.35,57.83,1010.77,0.0,-52.5,52.5
142546,26.35,57.58,1010.65,402.5,-420.0,52.5
142576,26.35,57.58,1010.65,140.0,-280.0,-52.5
142605,26.6,57.58,1010.65,35.0,-297.5,-52.5
142635,26.6,57.58,1010.65,262.5,-752.5,-385.0
142664,26.84,57.58,1010.65,140.0,-577.5,-245.0
142694,27.33,57.71,1010.65,-420.0,245.0,87.5
142723,27.33,57.58,1010.65,-52.5,-70.0,-157.5
142753,27.21,57.34,1010.65,87.5,-262.5,35.0
142783,27.45,57.22,1010.65,87.5,-210.0,35.0
142812,27.82,57.34,1010.65,-175.0,210.0,157.5
142841,27.82,57.34,1010.77,-70.0,-35.0,-52.5
142870,27.69,57.22,1010.77,-87.5,70.0,-52.5
142900,27.33,57.1,1010.77,140.0,-262.5,-87.5
142929,27.57,56.85,1010.89,210.0,-52.5,140.0
142959,27.69,56.85,1010.89,350.0,-280.0,-17.5
142988,27.82,56.73,1010.89,70.0,245.0,210.0
143018,27.82,56.73,1010.89,297.5,-140.0,-87.5
143047,27.57,56.73,1010.89,297.5,-262.5,-70.0
143077,27.57,56.73,1011.01,315.0,-315.0,-35.0
143106,27.57,56.61,1010.89,192.5,-210.0,-122.5
143136,27.69,56.61,1010.89,35.0,-70.0,35.0
143166,27.82,56.73,1011.01,210.0,-297.5,-87.5
143196,27.82,56.61,1011.01,192.5,-87.5,0.0
143226,27.57,56.49,1011.01,455.0,-297.5,87.5
143256,27.82,56.61,1011.01,227.5,-192.5,17.5
143285,27.82,56.85,1011.14,0.0,-17.5,-140.0
143315,27.69,56.85,1011.14,280.0,-262.5,-52.5
143344,27.82,56.73,1011.01,350.0,-192.5,17.5
143373,27.82,56.85,1011.01,70.0,70.0,70.0
143403,27.69,56.97,1011.01,70.0,-52.5,0.0
143432,27.57,57.1,1011.01,70.0,-227.5,-87.5
143462,27.45,56.97,1011.01,227.5,-402.5,-140.0
143491,27.45,56.85,1011.01,245.0,-122.5,87.5
143521,27.57,56.97,1011.01,175.0,-87.5,52.5
143550,27.57,57.1,1011.01,157.5,-140.0,-70.0
143580,27.33,57.1,1011.01,175.0,-175.0,-52.5
143609,27.33,57.1,1011.01,402.5,-262.5,52.5
143639,27.57,57.34,1011.01,210.0,-175.0,-52.5
143668,27.57,57.34,1010.89,157.5,-70.0,-52.5
143698,27.57,57.34,1010.89,87.5,17.5,0.0
143728,27.57,57.46,1011.01,122.5,-87.5,-52.5
143758,27.57,57.46,1011.01,17.5,17.5,35.0
143788,27.45,57.58,1011.01,87.5,-122.5,-105.0
143818,27.45,57.58,1010.89,402.5,-262.5,-17.5
143847,27.33,57.71,1010.89,52.5,-105.0,-52.5
143876,27.08,57.71,1010.89,227.5,-315.0,-70.0
143905,27.08,57.71,1010.89,140.0,35.0,140.0
143934,27.21,57.71,1010.77,350.0,-350.0,-175.0
143963,27.21,57.83,1010.77,105.0,-105.0,-17.5
143992,27.21,58.07,1010.77,175.0,-315.0,-262.5
144021,27.08,58.07,1010.77,157.5,-157.5,-87.5
144050,26.84,58.19,1010.77,245.0,-297.5,-87.5
144080,26.84,58.19,1010.77,87.5,-192.5,-35.0
144109,26.84,58.32,1010.65,140.0,-315.0,-52.5
144139,27.08,58.32,1010.65,35.0,-70.0,52.5
144168,27.33,58.44,1010.77,-87.5,87.5,-17.5
144198,26.96,58.44,1010.65,227.5,-367.5,-122.5
144227,26.72,58.32,1010.53,122.5,-192.5,35.0
144257,26.96,58.56,1010.53,192.5,-420.0,-140.0
144286,27.08,58.56,1010.53,-105.0,0.0,-70.0
144316,27.08,58.56,1010.53,122.5,-87.5,-52.5
144345,26.84,58.56,1010.4,175.0,-367.5,-87.5
144374,26.84,58.56,1010.4,227.5,-402.5,-122.5
144403,27.08,58.56,1010.4,-87.5,87.5,122.5
144432,27.21,58.8,1010.4,157.5,-175.0,-105.0
144461,27.08,58.68,1010.4,157.5,-122.5,0.0
144490,27.08,58.68,1010.4,140.0,-280.0,-35.0
144520,27.08,58.68,1010.28,87.5,-227.5,-87.5
144549,26.96,58.68,1010.28,157.5,-262.5,-87.5
144579,27.08,58.68,1010.16,175.0,-192.5,-17.5
144608,27.21,58.8,1010.16,-52.5,-122.5,-70.0
144638,27.08,58.56,1010.16,35.0,105.0,280.0
144667,27.21,58.56,1010.04,-52.5,577.5,472.5
144697,27.33,58.68,1009.92,0.0,-35.0,-175.0
144726,26.96,58.56,1009.92,-35.0,35.0,-87.5
144756,26.6,58.56,1009.92,87.5,-297.5,0.0
144786,26.6,58.56,1009.92,332.5,-332.5,-70.0
144816,26.6,58.68,1009.92,280.0,-315.0,-52.5
144845,26.72,58.56,1009.92,87.5,-122.5,-35.0
144875,26.84,58.68,1009.92,175.0,-192.5,-105.0
144904,26.47,58.8,1010.04,192.5,-175.0,-17.5
144933,26.11,58.56,1010.04,297.5,-175.0,210.0
144962,26.23,58.56,1009.92,490.0,-280.0,262.5
144991,26.6,58.56,1009.79,-140.0,-17.5,52.5
145021,26.84,58.8,1009.79,-350.0,17.5,-105.0
145050,26.6,58.8,1009.79,-210.0,-52.5,-105.0
145079,26.35,58.8,1009.79,17.5,-385.0,-105.0
145108,26.72,58.8,1009.55,-455.0,-630.0,-717.5
145137,26.96,58.68,1009.67,-700.0,-735.0,-1470.0
145166,26.84,58.44,1009.92,-122.5,35.0,-332.5
145196,27.08,58.44,1009.92,-542.5,437.5,-297.5
145225,27.08,58.19,1009.79,-472.5,-105.0,-787.5
145255,26.47,57.83,1009.92,-297.5,455.0,17.5
145284,26.23,57.46,1010.16,245.0,280.0,525.0
145314,26.23,57.22,1009.92,0.0,175.0,350.0
145344,26.23,57.1,1009.92,-315.0,367.5,52.5
145374,26.11,56.97,1010.16,157.5,35.0,52.5
145404,25.62,56.85,1010.16,-227.5,-52.5,17.5
145433,25.13,56.61,1010.16,87.5,-665.0,-157.5
145462,25.13,56.12,1010.16,140.0,-647.5,-210.0
145491,25.13,55.88,1010.16,-87.5,-157.5,17.5
145521,24.89,55.51,1010.16,245.0,-140.0,280.0
145550,25.01,55.63,1010.28,192.5,-192.5,280.0
145580,25.01,55.63,1010.4,280.0,-367.5,-35.0
145609,24.64,55.39,1010.4,70.0,-52.5,52.5
145639,24.4,55.14,1010.4,472.5,-682.5,-70.0
145668,24.64,55.02,1010.28,87.5,-577.5,87.5
145698,25.01,54.9,1010.16,-315.0,-262.5,-140.0
145727,24.89,54.66,1010.28,420.0,-682.5,-192.5
145757,24.77,54.41,1010.16,157.5,0.0,402.5
145787,25.13,54.66,1010.28,-70.0,-52.5,52.5
145817,25.38,54.66,1010.4,-157.5,367.5,175.0
145846,25.13,54.53,1010.53,437.5,-210.0,-17.5
145876,24.89,54.41,1010.53,455.0,-157.5,87.5
145905,25.01,54.29,1010.4,210.0,-52.5,87.5
145934,25.01,54.29,1010.4,262.5,-210.0,-87.5
145963,25.13,54.17,1010.4,17.5,-315.0,0.0
145992,25.25,54.05,1010.28,52.5,-175.0,-105.0
146022,25.13,53.92,1010.4,472.5,-245.0,0.0
146051,25.01,54.17,1010.53,770.0,-700.0,0.0
146081,24.89,54.17,1010.4,402.5,-542.5,-35.0
146110,25.13,54.41,1010.53,35.0,-245.0,122.5
146140,25.38,54.53,1010.53,105.0,-227.5,-175.0
146169,25.38,54.41,1010.53,402.5,-210.0,-105.0
146199,25.5,54.53,1010.4,437.5,-157.5,87.5
146228,25.62,54.66,1010.4,0.0,-140.0,-87.5
146258,25.38,54.66,1010.53,87.5,-122.5,-35.0
146287,25.38,54.66,1010.53,507.5,-192.5,227.5
146317,25.74,54.9,1010.53,367.5,-157.5,35.0
146346,25.74,55.02,1010.53,385.0,-17.5,17.5
146376,25.62,55.14,1010.4,105.0,122.5,140.0
146405,25.62,55.27,1010.4,297.5,-420.0,-140.0
146434,25.74,55.51,1010.4,70.0,17.5,17.5
146464,25.74,55.63,1010.4,245.0,-140.0,-140.0
146493,25.62,55.75,1010.4,-35.0,157.5,157.5
146523,25.62,55.75,1010.4,385.0,-385.0,-87.5
146552,25.74,55.88,1010.4,157.5,-140.0,-35.0
146582,25.62,56.0,1010.4,140.0,-157.5,-17.5
146611,25.62,56.12,1010.4,332.5,-227.5,0.0
146641,25.62,56.36,1010.53,297.5,-490.0,-87.5
146670,25.5,56.49,1010.53,122.5,-262.5,-105.0
146700,25.38,56.61,1010.53,490.0,-490.0,-87.5
146729,25.62,56.61,1010.53,87.5,-437.5,-122.5
146759,25.86,56.73,1010.65,-17.5,-227.5,-87.5
146788,25.86,56.85,1010.65,105.0,-280.0,17.5
146818,25.86,56.97,1010.65,227.5,-87.5,122.5
146847,25.99,56.97,1010.65,437.5,-455.0,-35.0
146877,26.11,57.22,1010.65,157.5,-175.0,87.5
146906,26.11,57.46,1010.77,280.0,-262.5,17.5
146935,26.11,57.46,1010.77,52.5,-315.0,-122.5
146964,26.47,57.58,1010.65,52.5,-105.0,0.0
146993,26.6,57.58,1010.65,35.0,-140.0,-105.0
147023,26.72,57.83,1010.65,-105.0,17.5,87.5
147052,26.6,57.95,1010.65,-122.5,-17.5,-17.5
147082,26.6,57.83,1010.65,175.0,-332.5,-87.5
147111,26.35,57.95,1010.77,140.0,-52.5,52.5
147141,26.11,57.95,1010.77,682.5,-700.0,-17.5
147170,26.47,58.19,1010.65,175.0,-420.0,70.0
147200,27.08,58.56,1010.89,192.5,-332.5,-420.0
147229,26.96,58.44,1010.77,140.0,-262.5,-280.0
147259,26.84,58.32,1010.65,-122.5,-210.0,-70.0
147288,26.96,58.32,1010.65,560.0,-297.5,17.5
147318,27.08,58.56,1010.65,35.0,-157.5,35.0
147348,27.33,58.56,1010.65,-297.5,70.0,105.0
147378,27.57,58.56,1010.65,-17.5,227.5,17.5
147408,27.57,58.68,1010.77,87.5,105.0,0.0
147437,27.33,58.8,1010.65,0.0,-17.5,-87.5
147467,27.08,58.8,1010.65,-140.0,-140.0,-70.0
147496,26.96,58.8,1010.65,-35.0,-175.0,-122.5
147525,26.84,58.68,1010.65,472.5,-595.0,-192.5
147554,27.08,58.56,1010.65,70.0,52.5,52.5
147584,26.96,58.68,1010.65,297.5,-402.5,-122.5
147613,26.84,58.68,1010.65,245.0,-332.5,-140.0
147643,26.72,58.8,1010.65,140.0,-332.5,-122.5
147672,26.6,58.8,1010.65,227.5,-420.0,52.5
147702,26.84,58.8,1010.65,245.0,-472.5,-52.5
147731,27.08,58.93,1010.65,52.5,-245.0,35.0
147761,27.33,59.05,1010.65,122.5,-332.5,-105.0
147790,27.57,59.05,1010.65,-175.0,-105.0,-70.0
147820,27.57,59.05,1010.65,-420.0,35.0,-52.5
147849,27.33,59.05,1010.77,17.5,-385.0,-262.5
147879,27.21,58.93,1010.77,35.0,-560.0,-192.5
147908,27.33,58.68,1010.65,262.5,-647.5,-122.5
147937,27.94,58.68,1010.77,-175.0,122.5,227.5
147966,28.55,58.93,1010.77,-17.5,-52.5,0.0
147995,28.43,58.8,1010.77,-472.5,332.5,-157.5
148024,27.69,58.44,1010.77,-35.0,-157.5,105.0
148053,27.69,58.32,1010.89,420.0,-437.5,87.5
148083,28.06,58.32,1010.89,70.0,-192.5,17.5
148112,28.18,58.32,1010.77,-210.0,-105.0,-52.5
148142,28.3,58.32,1011.01,52.5,-17.5,52.5
148171,28.18,58.19,1011.01,192.5,-210.0,-105.0
148201,27.82,58.07,1010.89,-245.0,-245.0,-140.0
148230,27.69,57.83,1010.89,52.5,-525.0,17.5
148260,28.06,57.83,1011.01,17.5,-262.5,-87.5
148289,28.18,57.58,1011.01,52.5,-157.5,-87.5
148319,28.18,57.58,1011.01,-87.5,-192.5,0.0
148349,28.3,57.58,1011.14,-52.5,-210.0,-17.5
148378,28.18,57.34,1011.14,140.0,-262.5,-17.5
148407,28.18,57.1,1011.14,175.0,-157.5,70.0
148436,28.43,57.1,1011.14,157.5,-332.5,35.0
148466,28.55,57.1,1011.14,35.0,-245.0,-70.0
148495,28.55,57.1,1011.26,-87.5,-52.5,-17.5
148525,28.43,56.85,1011.26,280.0,-507.5,-122.5
148554,28.55,56.73,1011.26,210.0,-157.5,52.5
148584,28.79,56.61,1011.26,192.5,-70.0,-52.5
148613,28.67,56.61,1011.38,227.5,-175.0,17.5
148643,28.67,56.61,1011.38,507.5,-367.5,35.0
148672,28.79,56.61,1011.38,297.5,-297.5,-105.0
148702,28.79,56.73,1011.38,350.0,-385.0,-122.5
148731,28.79,56.73,1011.38,140.0,-315.0,-175.0
148761,29.04,56.61,1011.38,70.0,-210.0,-17.5
148790,29.4,56.61,1011.5,105.0,105.0,17.5
148820,29.4,56.73,1011.5,542.5,-315.0,-122.5
148849,29.28,56.85,1011.38,-227.5,17.5,-87.5
148878,29.28,56.97,1011.62,-17.5,-367.5,-332.5
148907,29.28,56.85,1011.62,402.5,-402.5,-227.5
148936,29.28,56.85,1011.5,-105.0,192.5,-52.5
148965,29.16,56.85,1011.5,157.5,-297.5,-52.5
148994,29.28,56.73,1011.5,227.5,-70.0,210.0
149024,29.4,56.85,1011.62,350.0,-140.0,87.5
149053,29.4,56.97,1011.62,210.0,70.0,105.0
149083,29.52,57.1,1011.62,-87.5,87.5,17.5
149112,29.52,57.22,1011.62,367.5,-332.5,-87.5
149142,29.52,57.34,1011.62,17.5,17.5,-157.5
149171,29.4,57.34,1011.62,35.0,0.0,-87.5
149201,29.28,57.22,1011.62,245.0,-262.5,-122.5
149230,29.28,57.1,1011.5,245.0,-175.0,0.0
149260,29.28,57.1,1011.5,210.0,0.0,122.5
149290,29.52,57.1,1011.38,122.5,-52.5,35.0
149320,29.52,57.22,1011.5,157.5,-17.5,17.5
149350,29.28,57.46,1011.5,245.0,-122.5,-140.0
149379,29.04,57.58,1011.62,105.0,-157.5,-122.5
149408,28.79,57.58,1011.62,262.5,-262.5,-17.5
149437,28.91,57.58,1011.62,332.5,-157.5,-87.5
149467,28.79,57.58,1011.5,350.0,-332.5,-70.0
149496,28.67,57.58,1011.5,140.0,-157.5,87.5
149526,28.79,57.58,1011.38,192.5,-350.0,-87.5
149555,28.79,57.58,1011.38,245.0,-315.0,-87.5
149585,28.79,57.83,1011.5,175.0,-280.0,-105.0
149614,28.67,57.95,1011.38,122.5,-87.5,0.0
149644,28.79,58.07,1011.38,175.0,-227.5,-17.5
149673,28.91,58.07,1011.38,105.0,-175.0,-70.0
149703,28.79,58.07,1011.38,280.0,-332.5,-122.5
149732,28.55,58.07,1011.38,577.5,-525.0,0.0
149762,28.67,58.19,1011.38,140.0,-332.5,-70.0
149791,28.91,58.44,1011.38,140.0,-332.5,-87.5
149820,29.16,58.68,1011.38,-87.5,17.5,17.5
149850,29.04,58.68,1011.38,262.5,-245.0,-70.0
149879,28.79,58.56,1011.26,70.0,-227.5,-35.0
149909,28.91,58.68,1011.26,280.0,-437.5,-70.0
149938,29.28,58.8,1011.26,140.0,-175.0,35.0
149968,29.4,59.05,1011.26,175.0,-35.0,52.5
149997,29.28,59.05,1011.38,52.5,-122.5,-70.0
150027,29.16,59.05,1011.14,402.5,-332.5,105.0
150056,29.28,59.17,1011.14,175.0,-227.5,35.0
150086,29.4,59.29,1011.14,140.0,-245.0,-122.5
150115,29.28,59.29,1011.14,70.0,-52.5,122.5
150145,29.4,59.29,1011.01,227.5,-280.0,-17.5
150174,29.52,59.54,1010.89,52.5,-105.0,52.5
150204,29.65,59.54,1010.89,35.0,-157.5,-105.0
150233,29.52,59.54,1010.77,175.0,-245.0,-70.0
150262,29.52,59.66,1010.77,122.5,-87.5,35.0
150292,29.52,59.78,1010.77,280.0,-262.5,17.5
150321,29.65,59.78,1010.65,227.5,-227.5,-35.0
150350,29.77,59.78,1010.65,-17.5,-140.0,-70.0
150379,29.65,60.02,1010.65,122.5,-350.0,-140.0
150408,29.52,59.9,1010.65,87.5,-210.0,-35.0
150437,29.77,60.02,1010.65,192.5,-52.5,70.0
150467,30.01,60.15,1010.53,87.5,0.0,-35.0
150497,29.89,60.15,1010.65,-35.0,-52.5,-157.5
150527,29.52,60.02,1010.65,280.0,-315.0,0.0
150556,29.77,60.15,1010.65,245.0,-192.5,35.0
150586,29.89,60.27,1010.65,35.0,52.5,87.5
150616,30.01,60.39,1010.65,315.0,-157.5,35.0
150646,29.65,60.39,1010.53,-52.5,-122.5,-105.0
150675,29.52,60.39,1010.53,122.5,-332.5,-52.5
150705,29.52,60.27,1010.65,157.5,-297.5,0.0
150735,29.77,60.39,1010.65,192.5,-210.0,0.0
150764,29.77,60.27,1010.65,245.0,-52.5,122.5
150794,29.77,60.51,1010.65,105.0,-122.5,-17.5
150823,29.77,60.51,1010.65,140.0,-297.5,-70.0
150853,29.77,60.51,1010.65,-35.0,-70.0,105.0
150882,29.77,60.63,1010.65,87.5,-227.5,-35.0
150912,29.89,60.63,1010.65,210.0,-262.5,-17.5
150941,29.77,60.76,1010.65,-35.0,-140.0,35.0
150971,29.65,60.63,1010.77,192.5,-350.0,-17.5
151000,29.77,60.76,1010.77,315.0,-315.0,87.5
151030,30.01,60.76,1010.77,140.0,-175.0,52.5
151059,30.13,60.76,1010.65,-280.0,-157.5,-175.0
151089,30.01,60.76,1010.89,-35.0,-210.0,-122.5
151118,29.89,60.76,1010.89,297.5,-350.0,0.0
151148,30.13,60.76,1010.77,-210.0,-157.5,0.0
151178,30.26,60.88,1010.89,-192.5,-262.5,-157.5
151207,30.26,60.76,1010.89,-35.0,-210.0,0.0
151237,30.26,60.63,1010.89,87.5,-192.5,87.5
151266,30.5,60.51,1010.89,-87.5,-35.0,-35.0
151296,30.38,60.51,1010.89,-175.0,-70.0,0.0
151325,30.26,60.39,1011.01,-17.5,-122.5,0.0
151355,30.13,60.15,1010.89,315.0,-402.5,52.5
151384,30.26,60.15,1010.89,-17.5,-192.5,122.5
151414,30.62,60.27,1010.89,-227.5,-70.0,-87.5
151443,30.26,60.15,1010.89,-122.5,-350.0,-262.5
151473,30.01,60.02,1010.89,-17.5,-455.0,-35.0
151502,30.13,59.78,1010.89,-70.0,-350.0,-52.5
151532,30.5,59.66,1010.89,140.0,-385.0,-87.5
151561,30.74,59.66,1010.89,-70.0,0.0,0.0
151591,30.74,59.54,1010.89,87.5,-122.5,-35.0
151620,30.62,59.29,1010.89,17.5,0.0,0.0
151649,30.74,59.17,1010.89,157.5,-297.5,-35.0
151678,30.87,59.05,1011.01,192.5,-122.5,0.0
151707,30.87,58.93,1011.01,210.0,-210.0,-157.5
151736,30.87,58.8,1011.01,262.5,-157.5,-52.5
151765,30.99,58.93,1011.01,157.5,-17.5,17.5
151795,30.99,58.8,1011.01,-17.5,105.0,0.0
151824,30.74,58.68,1011.14,280.0,-87.5,17.5
151854,30.74,58.8,1011.14,402.5,-157.5,87.5
151883,30.87,58.8,1011.01,105.0,-210.0,-140.0
151913,30.74,58.68,1011.01,0.0,-122.5,-17.5
151942,30.74,58.68,1011.14,367.5,-455.0,-122.5
151972,30.74,58.56,1011.01,350.0,-367.5,-122.5
152001,30.87,58.56,1011.01,350.0,-297.5,70.0
152031,31.11,58.8,1011.01,210.0,-157.5,-122.5
152060,30.99,58.8,1010.89,0.0,192.5,-17.5
152089,30.74,58.8,1010.89,367.5,-297.5,17.5
152119,30.62,58.8,1010.89,210.0,-315.0,-35.0
152148,30.74,58.8,1010.89,297.5,-280.0,0.0
152178,30.87,59.05,1010.89,105.0,-87.5,0.0
152207,30.74,59.05,1010.89,297.5,-315.0,-122.5
152236,30.74,59.17,1010.77,157.5,-227.5,-35.0
152265,30.74,59.17,1010.65,157.5,-192.5,-17.5
152295,30.99,59.29,1010.65,122.5,-87.5,17.5
152324,31.11,59.29,1010.65,280.0,-157.5,-17.5
152354,30.99,59.41,1010.65,70.0,-35.0,0.0
152384,30.99,59.41,1010.65,192.5,-175.0,-17.5
152414,30.99,59.54,1010.65,17.5,35.0,-17.5
152444,30.99,59.66,1010.65,105.0,-105.0,-70.0
152474,30.99,59.54,1010.65,175.0,-122.5,0.0
152504,30.99,59.66,1010.53,87.5,-17.5,-17.5
152533,30.99,59.78,1010.4,210.0,-280.0,-157.5
152562,30.74,59.66,1010.4,175.0,-262.5,17.5
152591,30.74,59.78,1010.53,560.0,-420.0,105.0
152621,31.23,60.02,1010.4,227.5,-122.5,17.5
152650,30.99,60.15,1010.4,-402.5,122.5,-245.0
152680,30.5,60.02,1010.53,332.5,-525.0,-122.5
152709,30.62,60.02,1010.4,227.5,-245.0,70.0
152739,30.87,60.02,1010.4,175.0,-122.5,-70.0
152768,30.99,60.27,1010.4,-105.0,175.0,52.5
152798,30.74,60.27,1010.53,157.5,-210.0,-105.0
152827,30.38,60.15,1010.53,262.5,-280.0,-70.0
152857,30.5,60.27,1010.53,402.5,-332.5,52.5
152886,30.74,60.39,1010.53,350.0,-367.5,-87.5
152916,30.87,60.51,1010.53,-122.5,105.0,0.0
152946,30.74,60.51,1010.4,-122.5,87.5,0.0
152975,30.5,60.51,1010.53,297.5,-455.0,-87.5
153004,30.62,60.51,1010.4,367.5,-367.5,70.0
153033,30.87,60.51,1010.53,-157.5,122.5,35.0
153063,30.87,60.63,1010.53,52.5,-122.5,-52.5
153092,30.74,60.63,1010.53,262.5,-192.5,0.0
153122,30.62,60.76,1010.53,175.0,-157.5,17.5
153151,30.62,60.76,1010.53,-175.0,52.5,0.0
153181,30.5,60.76,1010.53,280.0,-490.0,-140.0
153210,30.5,60.76,1010.4,105.0,-192.5,-17.5
153240,30.5,60.76,1010.53,-70.0,-17.5,17.5
153269,30.62,60.76,1010.53,87.5,-192.5,17.5
153299,30.62,60.76,1010.65,227.5,-210.0,35.0
153328,30.74,60.76,1010.53,35.0,-157.5,-87.5
153357,30.62,60.76,1010.53,140.0,-192.5,-35.0
153386,30.38,60.76,1010.65,297.5,-315.0,35.0
153415,30.5,60.76,1010.65,245.0,-297.5,-52.5
153444,30.62,60.88,1010.65,35.0,-157.5,-122.5
153473,30.5,60.76,1010.65,210.0,-420.0,-140.0
153502,30.5,60.76,1010.65,280.0,-227.5,70.0
153531,30.74,60.76,1010.4,175.0,-105.0,17.5
153561,30.87,60.88,1010.4,-157.5,52.5,-87.5
153590,30.62,61.0,1010.53,122.5,-262.5,-157.5
153620,30.26,61.0,1010.53,280.0,-402.5,-35.0
153649,30.5,61.0,1010.53,315.0,-385.0,0.0
153679,30.74,61.0,1010.53,-140.0,17.5,0.0
153709,30.87,61.12,1010.65,157.5,-192.5,-70.0
153739,30.74,61.12,1010.53,175.0,-297.5,-87.5
153768,30.62,61.24,1010.53,-105.0,17.5,52.5
153797,30.62,61.24,1010.53,227.5,-350.0,-35.0
153826,30.74,61.12,1010.4,227.5,-262.5,0.0
153855,30.99,61.24,1010.4,52.5,-105.0,17.5
153885,31.11,61.24,1010.53,87.5,-175.0,-122.5
153914,30.87,61.24,1010.53,157.5,-122.5,0.0
153944,30.74,61.24,1010.53,140.0,-227.5,17.5
153973,30.87,61.24,1010.53,52.5,-175.0,-17.5
154003,30.99,61.37,1010.53,175.0,-227.5,-70.0
154032,30.99,61.49,1010.53,87.5,-87.5,52.5
154062,31.11,61.49,1010.53,35.0,-17.5,-35.0
154091,30.99,61.37,1010.53,122.5,-192.5,-35.0
154121,30.99,61.37,1010.53,0.0,-52.5,70.0
154151,31.11,61.49,1010.53,157.5,-175.0,-105.0
154181,30.99,61.37,1010.53,17.5,-17.5,35.0
154211,30.87,61.49,1010.53,402.5,-367.5,17.5
154241,30.99,61.49,1010.53,-35.0,-70.0,0.0
154271,30.99,61.49,1010.4,17.5,-262.5,-157.5
154300,30.99,61.24,1010.4,332.5,-262.5,52.5
154330,30.99,61.37,1010.4,227.5,-175.0,17.5
154359,30.99,61.24,1010.28,70.0,-192.5,-105.0
154389,31.11,61.37,1010.16,-35.0,0.0,35.0
154418,30.99,61.37,1010.28,-17.5,-70.0,-105.0
154448,30.87,61.37,1010.28,192.5,-332.5,-70.0
154477,30.99,61.37,1010.28,52.5,-192.5,-52.5
154507,31.11,61.37,1010.4,-35.0,-105.0,-122.5
154536,31.11,61.37,1010.4,192.5,-175.0,0.0
154566,30.87,61.37,1010.4,52.5,-175.0,-122.5
154595,30.74,61.37,1010.4,157.5,-297.5,-35.0
154625,30.74,61.24,1010.4,35.0,-227.5,0.0
154655,30.87,61.24,1010.4,210.0,-262.5,-17.5
154685,30.99,61.24,1010.4,122.5,52.5,52.5
154715,30.99,61.24,1010.4,70.0,-122.5,-70.0
154744,30.74,61.24,1010.4,157.5,-280.0,-35.0
154773,30.62,61.24,1010.4,192.5,-245.0,87.5
154802,30.74,61.37,1010.4,-70.0,-105.0,-70.0
154832,30.87,61.37,1010.4,70.0,-280.0,-105.0
154861,30.99,61.37,1010.4,-70.0,-192.5,-192.5
154890,30.74,61.24,1010.4,-297.5,-140.0,-192.5
154919,30.5,61.12,1010.4,17.5,-262.5,105.0
154949,30.74,61.0,1010.4,157.5,-210.0,70.0
154978,30.99,61.12,1010.4,-70.0,-105.0,-87.5
155008,30.62,61.0,1010.4,-157.5,-140.0,-105.0
155037,30.38,60.76,1010.53,420.0,-682.5,-17.5
155067,30.74,60.76,1010.4,507.5,-630.0,87.5
155096,31.23,60.88,1010.53,-560.0,315.0,0.0
155126,30.99,60.88,1010.53,-105.0,-332.5,-210.0
155155,30.74,60.51,1010.53,17.5,-192.5,175.0
155185,30.99,60.51,1010.53,227.5,-472.5,-17.5
155214,31.23,60.51,1010.53,-402.5,157.5,0.0
155243,31.23,60.51,1010.53,-245.0,-35.0,-140.0
155272,30.99,60.27,1010.65,52.5,-175.0,70.0
155301,30.99,60.15,1010.53,192.5,-507.5,-105.0
155330,31.23,60.02,1010.53,-122.5,-262.5,-52.5
155359,31.23,59.9,1010.65,-122.5,0.0,87.5
155389,31.35,59.78,1010.65,157.5,-367.5,-35.0
155418,31.35,59.66,1010.65,-157.5,-105.0,-35.0
155448,31.23,59.54,1010.65,70.0,-385.0,-52.5
155477,31.48,59.29,1010.53,-227.5,35.0,122.5
155507,31.6,59.29,1010.65,-52.5,-35.0,0.0
155537,31.48,59.05,1010.53,0.0,-157.5,-87.5
155567,31.48,58.8,1010.53,-192.5,105.0,140.0
155596,31.48,58.8,1010.53,35.0,-350.0,-122.5
155626,31.48,58.56,1010.65,175.0,-542.5,-210.0
155655,31.35,58.32,1010.53,175.0,-315.0,-17.5
155684,31.48,58.32,1010.65,-87.5,-70.0,52.5
155714,31.72,58.07,1010.65,140.0,-262.5,-87.5
155743,31.6,57.95,1010.65,52.5,-52.5,70.0
155773,31.6,57.83,1010.65,367.5,-280.0,-17.5
155802,31.72,57.71,1010.53,-17.5,52.5,35.0
155832,31.72,57.71,1010.53,192.5,-262.5,-157.5
155861,31.6,57.58,1010.65,192.5,-210.0,17.5
155891,31.72,57.46,1010.65,350.0,-297.5,-17.5
155920,31.84,57.46,1010.65,280.0,-122.5,70.0
155950,31.96,57.46,1010.65,122.5,35.0,-17.5
155979,31.72,57.46,1010.77,210.0,-105.0,-17.5
156009,31.48,57.34,1010.65,787.5,-717.5,-227.5
156038,31.72,57.34,1010.65,227.5,-17.5,87.5
156068,31.96,57.58,1010.77,192.5,-140.0,-122.5
156097,31.84,57.58,1010.77,245.0,-105.0,-17.5
156126,31.72,57.58,1010.65,262.5,-210.0,-52.5
156155,31.72,57.71,1010.77,-35.0,-52.5,-35.0
156184,31.84,57.71,1010.65,385.0,-402.5,-175.0
156213,31.96,57.83,1010.65,227.5,-52.5,52.5
156242,32.09,57.95,1010.65,52.5,-227.5,-315.0
156272,31.84,57.83,1010.65,-17.5,17.5,0.0
156301,31.84,57.95,1010.65,262.5,-192.5,35.0
156331,31.84,58.07,1010.65,175.0,-175.0,-157.5
156360,31.84,58.07,1010.65,17.5,70.0,52.5
156390,31.84,58.19,1010.77,122.5,-175.0,-140.0
156419,31.48,58.07,1010.77,262.5,-175.0,17.5
156449,31.6,58.19,1010.77,367.5,-157.5,157.5
156478,31.84,58.44,1010.65,-70.0,17.5,-105.0
156508,31.72,58.44,1010.77,87.5,-227.5,-210.0
156537,31.6,58.44,1010.77,122.5,-70.0,70.0
156567,31.48,58.44,1010.77,332.5,-315.0,-105.0
156596,31.48,58.56,1010.77,192.5,-175.0,0.0
156625,31.6,58.68,1010.65,70.0,-87.5,-35.0
156655,31.48,58.8,1010.77,87.5,-52.5,-105.0
156684,31.48,58.8,1010.77,227.5,-175.0,-35.0
156714,31.35,58.8,1010.65,70.0,-280.0,-245.0
156743,31.35,58.8,1010.65,70.0,-245.0,-52.5
156773,31.48,58.93,1010.65,-280.0,122.5,35.0
156802,31.48,59.05,1010.65,17.5,-245.0,-192.5
156832,31.35,58.93,1010.65,70.0,-315.0,-210.0
156861,30.99,58.8,1010.65,-35.0,-245.0,-122.5
156891,31.11,58.8,1010.65,280.0,-332.5,17.5
156920,31.35,58.8,1010.65,175.0,-157.5,17.5
156950,31.48,58.8,1010.65,-17.5,-52.5,-52.5
156979,31.23,58.8,1010.65,175.0,-192.5,-35.0
157009,31.23,58.8,1010.65,140.0,0.0,192.5
157039,31.23,58.93,1010.65,280.0,-157.5,17.5
157068,31.35,58.93,1010.65,52.5,0.0,35.0
157098,31.23,58.8,1010.65,280.0,-332.5,-87.5
157127,31.23,58.8,1010.65,35.0,-70.0,70.0
157157,31.23,58.93,1010.53,157.5,-192.5,-87.5
157186,31.11,58.8,1010.65,192.5,-175.0,-70.0
157216,31.11,58.93,1010.53,280.0,-227.5,-17.5
157245,31.11,58.93,1010.53,-17.5,-175.0,-122.5
157275,30.99,58.93,1010.53,35.0,-262.5,-105.0
157304,31.11,58.93,1010.53,315.0,-402.5,-140.0
157334,31.11,58.8,1010.4,157.5,-105.0,-17.5
157363,31.23,59.05,1010.4,70.0,-122.5,-105.0
157393,31.11,59.05,1010.4,-17.5,-52.5,-87.5
157422,30.99,58.93,1010.4,227.5,-350.0,-52.5
157452,30.87,58.93,1010.4,262.5,-192.5,70.0
157481,30.99,59.05,1010.4,350.0,-385.0,-17.5
157510,31.23,59.05,1010.4,87.5,-175.0,0.0
157540,31.23,59.05,1010.4,192.5,-210.0,-87.5
157569,31.23,59.17,1010.4,175.0,-122.5,17.5
157599,31.11,59.17,1010.4,-35.0,-245.0,-192.5
157628,30.99,59.17,1010.4,-35.0,-87.5,52.5
157658,31.11,59.17,1010.4,385.0,-367.5,87.5
157687,31.48,59.29,1010.53,157.5,-87.5,0.0
157717,31.48,59.41,1010.53,-17.5,-35.0,-105.0
157746,31.35,59.29,1010.4,-70.0,52.5,105.0
157776,31.23,59.41,1010.53,245.0,-210.0,-17.5
157805,31.23,59.41,1010.53,315.0,-210.0,35.0
157835,31.23,59.41,1010.4,-17.5,-35.0,35.0
157864,31.23,59.41,1010.53,70.0,-245.0,-175.0
157894,31.23,59.41,1010.53,157.5,-70.0,105.0
157923,31.23,59.41,1010.65,52.5,-175.0,-122.5
157952,31.11,59.41,1010.65,175.0,-192.5,0.0
157982,31.11,59.41,1010.65,87.5,-87.5,35.0
158011,31.23,59.54,1010.65,87.5,-297.5,-122.5
158041,31.11,59.54,1010.65,-17.5,-175.0,-52.5
158070,31.11,59.54,1010.53,157.5,-227.5,-17.5
158100,31.11,59.41,1010.53,245.0,-332.5,-105.0
158129,31.11,59.41,1010.4,157.5,-35.0,87.5
158159,31.11,59.54,1010.4,70.0,-157.5,-105.0
158188,30.99,59.54,1010.4,262.5,-315.0,-87.5
158218,30.87,59.54,1010.4,70.0,-17.5,140.0
158247,31.11,59.54,1010.4,262.5,-297.5,-35.0
158277,31.35,59.54,1010.28,87.5,-17.5,70.0
158307,31.23,59.66,1010.4,-35.0,-70.0,-105.0
158337,31.11,59.54,1010.4,87.5,-52.5,35.0
158367,30.99,59.66,1010.4,140.0,-192.5,52.5
158396,30.99,59.54,1010.4,87.5,-210.0,17.5
158426,30.99,59.54,1010.28,227.5,-402.5,-70.0
158455,31.11,59.54,1010.4,122.5,-157.5,0.0
158485,31.23,59.78,1010.4,140.0,-87.5,0.0
158514,30.99,59.54,1010.4,-52.5,-70.0,-70.0
158544,30.99,59.54,1010.4,122.5,-210.0,70.0
158573,30.99,59.78,1010.4,280.0,-367.5,-70.0
158603,30.99,59.66,1010.53,-17.5,-122.5,0.0
158632,30.99,59.66,1010.53,210.0,-332.5,-17.5
158662,31.11,59.78,1010.53,490.0,-297.5,70.0
158691,30.99,59.78,1010.53,-35.0,87.5,35.0
158721,30.87,59.9,1010.53,-227.5,-140.0,-122.5
158750,30.74,59.78,1010.53,262.5,-490.0,-140.0
158780,31.23,59.9,1010.65,70.0,-227.5,-87.5
158809,31.23,60.02,1010.65,-367.5,0.0,-87.5
158838,30.99,59.9,1010.77,105.0,-332.5,0.0
158868,30.74,59.78,1010.65,227.5,-367.5,70.0
158897,30.87,59.66,1010.77,192.5,-437.5,-52.5
158927,31.23,59.78,1010.89,385.0,-332.5,210.0
158956,31.6,60.02,1010.89,-227.5,87.5,-52.5
158986,31.35,59.9,1010.77,-52.5,-367.5,-315.0
159015,30.99,59.54,1010.77,87.5,-280.0,175.0
159045,31.11,59.78,1010.77,280.0,-577.5,-52.5
159074,31.23,59.78,1010.89,-70.0,-332.5,-157.5
159104,30.99,59.66,1010.89,35.0,-525.0,-157.5
159133,30.99,59.54,1010.89,17.5,-455.0,105.0
159163,31.72,59.54,1010.89,-192.5,-210.0,-262.5
159192,32.45,59.66,1011.01,-350.0,192.5,-227.5
159222,32.33,59.54,1011.01,-157.5,-35.0,-175.0
159251,31.96,59.29,1010.89,-105.0,-157.5,87.5
159280,31.96,59.17,1010.89,-70.0,-227.5,52.5
159310,32.21,59.05,1010.89,35.0,-122.5,87.5
159339,32.45,59.05,1011.01,-175.0,192.5,175.0
159368,32.45,58.8,1010.89,17.5,-122.5,-17.5
159397,32.33,58.56,1010.89,-52.5,-17.5,87.5
159427,32.21,58.44,1010.89,350.0,-385.0,0.0
159456,32.33,58.32,1010.89,105.0,-140.0,17.5
159486,32.45,58.32,1010.89,-227.5,17.5,-70.0
159515,32.33,58.19,1010.89,70.0,-385.0,-175.0
159545,32.21,57.83,1010.89,280.0,-227.5,52.5
159574,32.33,57.71,1010.89,332.5,-175.0,-17.5
159604,32.45,57.58,1010.89,122.5,17.5,122.5
159633,32.45,57.83,1010.89,70.0,-17.5,-70.0
159663,32.21,57.58,1010.89,367.5,-420.0,-105.0
159692,32.21,57.46,1010.89,350.0,-385.0,35.0
159722,32.45,57.46,1010.89,297.5,-175.0,52.5
159751,32.45,57.58,1010.89,122.5,-52.5,-52.5
159780,32.33,57.58,1010.89,297.5,-472.5,-140.0
159809,32.33,57.58,1010.89,210.0,-297.5,35.0
159838,32.57,57.58,1010.89,122.5,-105.0,35.0
159868,32.7,57.58,1010.77,52.5,-35.0,-87.5
159897,32.45,57.58,1010.89,227.5,-192.5,-35.0
159927,32.45,57.58,1010.89,297.5,-315.0,-70.0
159956,32.45,57.58,1010.89,192.5,-297.5,-122.5
159986,32.7,57.71,1010.89,210.0,-192.5,0.0
160015,32.7,57.71,1010.77,-35.0,122.5,52.5
160045,32.7,57.71,1010.89,245.0,-157.5,-35.0
160074,32.57,57.83,1010.89,192.5,17.5,70.0
160104,32.57,57.83,1010.89,402.5,-332.5,-140.0
160133,32.7,57.95,1010.77,-17.5,0.0,52.5
160163,32.7,58.07,1010.89,0.0,-105.0,-87.5
160193,32.45,57.95,1010.89,245.0,-367.5,-192.5
160222,32.33,57.83,1010.77,245.0,-140.0,87.5
160252,32.45,57.95,1010.77,332.5,-297.5,0.0
160281,32.57,58.32,1010.77,52.5,0.0,17.5
160311,32.45,58.32,1010.77,-17.5,-140.0,-175.0
160340,32.21,58.07,1010.77,332.5,-385.0,-17.5
160370,32.45,58.19,1010.77,297.5,-192.5,122.5
160399,32.7,58.32,1010.77,70.0,-52.5,-122.5
160429,32.45,58.32,1010.77,-52.5,52.5,0.0
160459,32.21,58.32,1010.77,262.5,-227.5,87.5
160489,32.33,58.56,1010.77,52.5,-157.5,0.0
160519,32.33,58.56,1010.77,175.0,-315.0,-245.0
160549,32.45,58.44,1010.65,140.0,35.0,122.5
160578,32.45,58.56,1010.65,0.0,70.0,52.5
160608,32.21,58.68,1010.65,210.0,-245.0,-192.5
160637,31.84,58.56,1010.65,52.5,-122.5,70.0
160666,31.84,58.68,1010.65,210.0,-402.5,0.0
160696,32.09,58.68,1010.53,17.5,-35.0,52.5
160725,32.21,58.8,1010.65,105.0,122.5,105.0
160755,32.09,58.8,1010.53,280.0,-175.0,-105.0
160784,31.84,58.68,1010.4,280.0,-385.0,-87.5
160814,31.72,58.8,1010.4,157.5,-437.5,-70.0
160843,31.96,58.8,1010.4,105.0,-647.5,-297.5
160873,32.21,58.8,1010.4,367.5,-210.0,-35.0
160902,32.21,58.93,1010.4,140.0,-297.5,-140.0
160932,32.21,59.05,1010.4,122.5,-105.0,-87.5
160961,32.09,59.05,1010.4,87.5,-262.5,-87.5
160991,31.96,59.05,1010.4,332.5,-367.5,-17.5
161020,32.21,59.29,1010.4,122.5,-35.0,17.5
161050,32.33,59.41,1010.4,140.0,-210.0,-70.0
161079,32.45,59.41,1010.4,0.0,-52.5,-52.5
161108,32.21,59.54,1010.4,210.0,-262.5,-70.0
161137,32.21,59.54,1010.4,35.0,-262.5,-105.0
161166,32.21,59.54,1010.28,175.0,-280.0,-52.5
161196,32.45,59.54,1010.28,140.0,-210.0,35.0
161225,32.45,59.66,1010.4,70.0,-35.0,-35.0
161255,32.45,59.66,1010.4,262.5,-227.5,52.5
161284,32.45,59.78,1010.4,-52.5,-35.0,70.0
161314,32.57,59.9,1010.28,280.0,-245.0,-122.5
161343,32.45,59.78,1010.28,17.5,-87.5,0.0
161373,32.45,59.9,1010.4,332.5,-297.5,-52.5
161402,32.57,60.02,1010.4,105.0,-87.5,-52.5
161432,32.45,60.02,1010.16,70.0,-157.5,-52.5
161461,32.45,60.02,1010.16,52.5,-227.5,-87.5
161491,32.57,60.02,1010.16,210.0,-315.0,-35.0
161520,32.7,60.15,1010.16,52.5,-35.0,17.5
161549,32.57,60.27,1010.16,87.5,-87.5,-87.5
161579,32.45,60.27,1010.16,157.5,-175.0,52.5
161608,32.7,60.27,1010.04,-122.5,87.5,87.5
161638,32.7,60.27,1010.04,35.0,-245.0,-192.5
161667,32.57,60.15,1010.04,297.5,-315.0,0.0
161697,32.82,60.27,1009.92,105.0,-52.5,52.5
161726,32.7,60.39,1009.92,17.5,-437.5,-437.5
161756,32.33,60.27,1009.92,0.0,-140.0,17.5
161785,32.45,60.39,1009.92,-17.5,17.5,157.5
161815,32.57,60.39,1009.92,245.0,-262.5,-157.5
161844,32.57,60.39,1009.92,-87.5,-17.5,35.0
161874,32.57,60.39,1009.92,280.0,-350.0,0.0
161904,32.7,60.51,1010.04,-87.5,105.0,-70.0
161934,32.45,60.39,1010.04,140.0,-245.0,-87.5
161963,32.33,60.27,1009.92,210.0,-192.5,52.5
161992,32.33,60.27,1010.04,227.5,-350.0,-35.0
162021,32.45,60.27,1010.04,262.5,-245.0,52.5
162050,32.7,60.51,1010.16,-17.5,0.0,-17.5
162080,32.45,60.51,1010.16,402.5,-332.5,-105.0
162109,32.21,60.39,1010.16,210.0,-420.0,-52.5
162139,32.33,60.39,1010.16,350.0,-455.0,17.5
162168,32.7,60.51,1010.16,-17.5,17.5,17.5
162198,32.7,60.51,1010.16,140.0,-105.0,0.0
162227,32.57,60.51,1010.16,157.5,-140.0,52.5
162257,32.45,60.51,1010.16,227.5,-245.0,35.0
162286,32.45,60.63,1010.16,52.5,-140.0,17.5
162316,32.57,60.76,1010.28,105.0,-332.5,-140.0
162345,32.7,60.76,1010.28,35.0,-17.5,0.0
162375,32.57,60.88,1010.4,17.5,-52.5,35.0
162405,32.57,60.88,1010.4,560.0,-735.0,-227.5
162434,32.82,60.88,1010.28,-402.5,192.5,17.5
162464,32.7,61.0,1010.4,-140.0,-297.5,-227.5
162493,32.57,60.76,1010.4,0.0,-52.5,157.5
162523,32.82,60.76,1010.4,280.0,-140.0,70.0
162552,32.82,60.88,1010.4,-157.5,-17.5,-175.0
162582,32.7,60.76,1010.4,-175.0,-17.5,-245.0
162611,32.45,60.76,1010.4,367.5,-87.5,210.0
162641,32.7,60.76,1010.4,-52.5,-35.0,17.5
162670,32.57,60.63,1010.4,-332.5,-87.5,-157.5
162700,32.45,60.51,1010.4,87.5,-280.0,-17.5
162729,32.57,60.63,1010.4,-70.0,-297.5,-315.0
162759,32.45,60.51,1010.53,-105.0,-157.5,-122.5
162788,32.21,60.39,1010.53,-52.5,-245.0,35.0
162818,32.33,60.27,1010.53,17.5,-245.0,17.5
162848,32.45,60.27,1010.53,0.0,-280.0,-122.5
162877,32.33,60.15,1010.65,-87.5,-210.0,-17.5
162906,32.45,60.02,1010.65,140.0,-367.5,-35.0
162935,32.57,60.02,1010.65,-227.5,0.0,-87.5
162965,32.57,59.78,1010.65,-52.5,-280.0,-157.5
162994,32.45,59.66,1010.53,0.0,-105.0,105.0
163024,32.7,59.66,1010.4,210.0,-647.5,-350.0
163053,32.94,59.54,1010.28,-507.5,17.5,-315.0
163083,32.82,59.29,1010.4,-402.5,52.5,-175.0
163112,32.7,58.8,1010.4,140.0,-297.5,-122.5
163142,32.57,58.8,1010.4,-87.5,87.5,52.5
163171,32.7,58.68,1010.4,245.0,-332.5,-70.0
163201,32.7,58.44,1010.4,-297.5,35.0,-175.0
163230,32.45,58.19,1010.53,105.0,-332.5,-70.0
163260,32.57,58.07,1010.53,192.5,-192.5,105.0
163289,32.7,57.83,1010.4,122.5,-140.0,-35.0
163319,32.7,57.58,1010.53,315.0,-175.0,52.5
163349,32.7,57.58,1010.65,87.5,105.0,52.5
163378,32.45,57.58,1010.65,227.5,-157.5,-87.5
163407,32.33,57.34,1010.65,577.5,-472.5,122.5
163436,32.7,57.34,1010.65,175.0,122.5,52.5
163466,32.82,57.34,1010.65,210.0,-122.5,-52.5
163495,32.45,57.22,1010.65,245.0,-175.0,52.5
163525,32.21,57.22,1010.65,315.0,-227.5,105.0
163554,32.45,57.34,1010.65,175.0,-280.0,-52.5
163584,32.57,57.34,1010.65,-70.0,140.0,-35.0
163613,32.45,57.34,1010.77,315.0,-280.0,17.5
163643,32.45,57.34,1010.77,245.0,-122.5,52.5
163672,32.21,57.34,1010.77,227.5,-262.5,-70.0
163702,32.09,57.34,1010.89,420.0,-420.0,17.5
163731,32.33,57.34,1010.89,332.5,-210.0,-17.5
163761,32.45,57.46,1010.89,70.0,0.0,35.0
163791,32.33,57.46,1010.89,70.0,-87.5,-17.5
163821,32.21,57.46,1010.89,490.0,-315.0,87.5
163850,32.21,57.58,1010.89,350.0,-262.5,35.0
163879,32.21,57.71,1010.89,367.5,-455.0,-157.5
163908,32.21,57.83,1010.89,-70.0,105.0,105.0
163937,32.21,57.83,1010.89,227.5,-455.0,-157.5
163966,32.21,57.83,1010.89,175.0,0.0,17.5
163995,32.33,57.83,1010.89,297.5,-280.0,-17.5
164025,32.45,58.07,1010.89,17.5,35.0,70.0
164054,32.45,58.19,1010.89,35.0,-35.0,-140.0
164084,32.21,58.19,1011.01,175.0,-87.5,-17.5
164113,32.09,58.19,1011.01,367.5,-280.0,87.5
164143,32.33,58.32,1011.01,105.0,-52.5,87.5
164172,32.45,58.56,1011.01,87.5,-122.5,-105.0
164202,32.33,58.56,1011.01,-35.0,17.5,-17.5
164231,32.09,58.56,1011.01,402.5,-455.0,-122.5
164261,32.09,58.56,1011.01,140.0,-157.5,-17.5
164290,32.21,58.68,1011.01,105.0,-210.0,-192.5
164320,32.21,58.68,1011.14,175.0,-140.0,17.5
164350,32.21,58.8,1011.01,140.0,-87.5,0.0
164379,32.09,58.93,1011.01,17.5,-140.0,-70.0
164409,31.96,59.05,1011.01,0.0,-192.5,17.5
164438,31.96,58.93,1011.14,105.0,-70.0,105.0
164468,32.09,59.05,1011.01,262.5,-140.0,-52.5
164497,32.09,59.05,1011.01,105.0,0.0,-52.5
164527,31.84,59.05,1011.01,157.5,-192.5,-87.5
164556,31.84,59.05,1011.14,157.5,-157.5,0.0
164586,31.96,59.05,1011.14,227.5,-122.5,-87.5
164615,31.72,59.05,1011.14,157.5,-140.0,-35.0
164645,31.72,59.17,1011.14,455.0,-402.5,-17.5
164674,31.96,59.41,1011.14,-122.5,-17.5,-52.5
164704,31.96,59.54,1011.26,-70.0,-140.0,-122.5
164733,31.72,59.54,1011.26,122.5,-192.5,-105.0
164763,31.48,59.41,1011.38,280.0,-332.5,-35.0
164792,31.96,59.41,1011.26,122.5,-87.5,35.0
164821,31.96,59.29,1011.14,0.0,0.0,-105.0
164851,31.23,59.29,1011.38,245.0,-350.0,140.0
164880,30.99,59.66,1011.5,542.5,-630.0,280.0
164909,31.84,59.78,1011.38,297.5,-210.0,-87.5
164938,32.21,59.78,1011.26,-175.0,262.5,-122.5
164967,32.09,59.66,1011.14,-140.0,105.0,17.5
164996,32.21,59.54,1011.14,105.0,-52.5,-105.0
165026,32.21,59.66,1011.14,52.5,0.0,0.0
165056,31.96,59.78,1011.14,105.0,0.0,17.5
165086,31.48,59.9,1011.26,87.5,105.0,17.5
165115,31.11,59.78,1011.26,262.5,-280.0,-70.0
165145,30.74,59.78,1011.26,297.5,-437.5,-17.5
165174,30.74,59.9,1011.14,210.0,-542.5,-122.5
165204,30.62,59.9,1011.14,262.5,-595.0,-105.0
165233,30.99,60.02,1011.14,52.5,-420.0,17.5
165263,31.48,60.02,1011.14,-70.0,-157.5,-210.0
165292,31.35,60.02,1011.01,17.5,-210.0,-175.0
165321,30.99,60.02,1011.01,245.0,-560.0,-105.0
165350,30.99,59.9,1011.01,-52.5,-350.0,-105.0
165379,30.99,59.78,1011.01,297.5,-752.5,-175.0
165408,31.35,59.78,1011.01,420.0,-595.0,140.0
165437,32.33,60.02,1011.14,87.5,157.5,157.5
165467,32.82,60.27,1011.14,-17.5,35.0,-385.0
165496,32.33,60.15,1011.14,157.5,-35.0,-70.0
165526,32.09,60.15,1011.14,192.5,-52.5,227.5
165555,32.21,60.27,1011.14,52.5,105.0,35.0
165585,32.21,60.27,1011.14,210.0,-87.5,52.5
165614,31.84,60.27,1011.14,262.5,-175.0,-87.5
165644,31.48,60.39,1011.14,52.5,-280.0,0.0
165674,31.72,60.51,1011.01,-70.0,-122.5,227.5
165704,32.33,60.51,1010.89,157.5,-192.5,-52.5
165733,32.57,60.51,1011.01,-70.0,122.5,17.5
165762,32.33,60.51,1010.89,87.5,-105.0,-52.5
165792,31.72,60.51,1010.89,-35.0,-210.0,-87.5
165821,31.35,60.63,1010.89,157.5,-612.5,-35.0
165851,31.48,60.51,1010.89,-35.0,-490.0,-70.0
165880,31.72,60.51,1010.89,350.0,-472.5,-17.5
165910,32.21,60.51,1010.89,105.0,-122.5,122.5
165939,32.21,60.39,1010.77,-87.5,-140.0,-87.5
165969,31.96,60.15,1010.77,52.5,-17.5,332.5
165998,32.21,60.27,1010.77,420.0,-402.5,262.5
166028,32.45,60.51,1010.77,-70.0,-192.5,-280.0
166057,32.33,60.39,1010.65,-105.0,-210.0,35.0
166087,32.57,60.39,1010.65,-3377.5,1837.5,-175.0
166116,32.82,60.27,1010.89,-70.0,105.0,-210.0
166146,32.21,59.78,1011.26,1260.0,-490.0,-297.5
166175,32.09,59.41,1011.38,1995.0,-1452.5,315.0
166205,32.45,59.54,1010.89,577.5,-770.0,-157.5
166234,32.45,59.54,1010.65,-1365.0,507.5,-122.5
166263,32.45,59.29,1010.77,-700.0,192.5,35.0
166293,32.21,59.17,1011.01,455.0,-525.0,-17.5
166322,31.96,59.05,1011.01,1015.0,-822.5,-17.5
166351,32.21,59.17,1010.89,-87.5,105.0,17.5
166380,32.21,59.29,1011.01,35.0,52.5,140.0
166410,32.33,59.29,1011.14,262.5,-157.5,70.0
166439,32.33,59.05,1010.89,262.5,-385.0,-105.0
166469,32.45,58.68,1010.77,-122.5,87.5,17.5
166498,32.82,58.68,1010.77,17.5,140.0,52.5
166528,32.82,58.8,1010.77,-35.0,210.0,-52.5
166557,32.21,58.68,1010.77,0.0,35.0,-87.5
166587,31.6,58.56,1010.77,332.5,-437.5,-17.5
166616,31.84,58.32,1010.65,455.0,-437.5,105.0
166646,32.45,58.44,1010.65,0.0,525.0,227.5
166676,32.7,58.56,1010.65,192.5,-35.0,-245.0
166706,32.33,58.44,1010.65,192.5,175.0,70.0
166736,31.96,58.44,1010.65,472.5,17.5,-70.0
166765,31.6,58.56,1010.65,297.5,-332.5,-175.0
166794,31.23,58.44,1010.53,630.0,-857.5,-280.0
166823,31.48,58.32,1010.53,332.5,0.0,105.0
166853,31.96,58.56,1010.4,210.0,105.0,-35.0
166882,32.09,58.68,1010.4,122.5,-87.5,-332.5
166912,31.48,58.8,1010.53,455.0,-332.5,-140.0
166941,30.99,58.8,1010.53,70.0,70.0,87.5
166971,30.99,59.05,1010.65,472.5,-297.5,35.0
167000,31.23,59.29,1010.53,227.5,-87.5,0.0
167030,31.11,59.29,1010.53,192.5,-175.0,-192.5
167059,30.87,59.29,1010.53,315.0,-280.0,35.0
167089,30.99,59.41,1010.53,437.5,-612.5,-140.0
167118,31.23,59.78,1010.53,402.5,-840.0,-385.0
167148,30.99,60.02,1010.65,70.0,-385.0,-52.5
167177,30.99,60.02,1010.53,262.5,-385.0,-35.0
167207,31.23,60.15,1010.4,-87.5,0.0,122.5
167237,31.48,60.27,1010.53,122.5,-262.5,-245.0
167266,31.48,60.39,1010.53,192.5,-157.5,35.0
167296,31.48,60.51,1010.53,-52.5,52.5,-52.5
167325,31.23,60.76,1010.65,350.0,-122.5,52.5
167355,31.11,60.76,1010.53,280.0,-210.0,17.5
167384,31.23,60.76,1010.53,245.0,-350.0,-52.5
167414,31.72,61.0,1010.4,-70.0,-70.0,-122.5
167443,31.84,61.12,1010.53,70.0,-52.5,-122.5
167473,31.72,61.24,1010.53,105.0,122.5,0.0
167502,31.48,61.24,1010.53,262.5,-175.0,70.0
167532,31.35,61.24,1010.4,0.0,-140.0,17.5
167562,31.35,61.24,1010.4,245.0,-402.5,-87.5
167592,31.6,61.37,1010.4,52.5,-122.5,52.5
167621,31.72,61.49,1010.4,140.0,17.5,-52.5
167651,31.48,61.49,1010.4,-52.5,-157.5,-122.5
167680,31.23,61.61,1010.53,245.0,-332.5,-105.0
167709,31.23,61.73,1010.65,332.5,-192.5,122.5
167738,31.23,61.73,1010.65,245.0,-315.0,35.0
167767,31.48,61.73,1010.53,52.5,-192.5,-105.0
167796,31.6,61.73,1010.65,227.5,-385.0,-122.5
167825,31.6,61.98,1010.65,385.0,-367.5,-245.0
167854,31.23,62.22,1010.65,-175.0,-245.0,-280.0
167883,31.11,62.1,1010.65,385.0,-595.0,-70.0
167913,31.72,62.1,1010.65,210.0,-227.5,17.5
167942,32.21,62.22,1010.65,0.0,35.0,-35.0
167972,32.09,62.22,1010.53,-367.5,315.0,17.5
168001,31.72,62.1,1010.65,157.5,-105.0,70.0
168031,31.72,62.22,1010.65,245.0,-210.0,35.0
168060,31.84,62.34,1010.65,-122.5,140.0,105.0
168090,31.72,62.34,1010.65,-17.5,52.5,70.0
168120,31.72,62.34,1010.65,227.5,-87.5,70.0
168150,31.72,62.46,1010.65,175.0,-157.5,-35.0
168179,31.6,62.46,1010.65,157.5,-52.5,105.0
168208,31.6,62.46,1010.65,157.5,-245.0,-52.5
168237,31.35,62.46,1010.53,140.0,-402.5,-140.0
168266,31.11,62.46,1010.53,175.0,-367.5,35.0
168296,31.23,62.46,1010.53,175.0,-472.5,0.0
168325,31.48,62.59,1010.53,140.0,-647.5,-262.5
168354,31.48,62.59,1010.4,-122.5,-280.0,-105.0
168383,31.48,62.46,1010.4,70.0,-157.5,105.0
168413,31.72,62.46,1010.4,157.5,-280.0,52.5
168442,31.72,62.46,1010.4,-52.5,-227.5,-17.5
168472,31.84,62.46,1010.4,-210.0,-17.5,122.5
168501,31.96,62.59,1010.4,-87.5,-245.0,-70.0
168531,31.84,62.59,1010.53,402.5,-577.5,-210.0
168560,31.72,62.46,1010.4,332.5,-612.5,-105.0
168590,32.21,62.46,1010.4,-297.5,-122.5,0.0
168619,32.33,62.59,1010.4,-385.0,210.0,-87.5
168649,32.21,62.34,1010.4,-157.5,70.0,227.5
168678,32.21,62.22,1010.28,-52.5,-175.0,87.5
168707,32.33,62.22,1010.4,-245.0,175.0,105.0
168736,32.45,61.98,1010.28,-140.0,35.0,70.0
168765,32.33,61.73,1010.28,0.0,-35.0,70.0
168795,32.09,61.73,1010.4,17.5,-192.5,35.0
168824,31.96,61.61,1010.4,122.5,-350.0,140.0
168854,32.09,61.49,1010.28,17.5,-315.0,-70.0
168883,32.09,61.37,1010.16,52.5,-280.0,0.0
168913,32.21,61.24,1010.16,-35.0,-105.0,-52.5
168942,32.21,61.12,1010.16,105.0,-245.0,-52.5
168972,32.21,61.0,1010.28,35.0,-157.5,70.0
169001,32.09,60.76,1010.16,455.0,-402.5,70.0
169031,32.33,60.51,1010.16,280.0,-70.0,105.0
169060,32.45,60.51,1010.16,560.0,-350.0,-140.0
169090,32.45,60.51,1010.04,-175.0,385.0,227.5
169119,32.45,60.51,1010.04,192.5,-385.0,-192.5
169148,32.45,60.39,1009.92,52.5,-175.0,-227.5
169177,32.33,60.27,1010.04,122.5,-35.0,-35.0
169206,32.45,60.39,1010.04,87.5,122.5,122.5
169236,32.21,60.51,1010.16,192.5,0.0,-105.0
169265,31.72,60.27,1010.04,647.5,-647.5,-87.5
169295,31.96,60.27,1010.04,437.5,-157.5,192.5
169324,32.45,60.51,1010.16,210.0,157.5,105.0
169354,32.33,60.63,1010.16,140.0,-17.5,-122.5
169383,31.84,60.63,1009.92,280.0,-280.0,0.0
169413,31.84,60.63,1009.92,140.0,-402.5,-157.5
169442,31.96,60.76,1009.92,420.0,-402.5,-87.5
169472,32.21,60.76,1009.92,192.5,-70.0,105.0
169501,32.21,60.76,1009.92,192.5,-17.5,-52.5
169531,31.96,60.88,1009.92,192.5,-17.5,52.5
169561,31.96,60.88,1009.92,332.5,-332.5,-17.5
169591,32.09,61.12,1009.92,210.0,-175.0,0.0
169621,32.21,61.24,1009.92,105.0,-140.0,-35.0
169650,32.09,61.24,1010.16,315.0,52.5,140.0
169680,31.96,61.37,1010.16,437.5,-315.0,-35.0
169709,31.96,61.49,1010.04,472.5,-262.5,70.0
169739,32.09,61.61,1009.92,175.0,-157.5,-70.0
169768,32.09,61.73,1010.04,315.0,-70.0,70.0
169798,32.09,61.85,1010.04,332.5,-210.0,17.5
169827,32.33,62.1,1009.92,-280.0,87.5,-175.0
169857,32.21,62.22,1010.04,-17.5,-210.0,-245.0
169886,31.96,62.1,1010.04,157.5,-17.5,70.0
169916,31.96,62.22,1010.04,17.5,87.5,0.0
169946,31.96,62.34,1010.16,192.5,-87.5,-35.0
169976,31.96,62.46,1010.16,17.5,192.5,105.0
170006,31.72,62.59,1010.16,227.5,-70.0,-35.0
170036,31.6,62.71,1010.16,192.5,-140.0,-87.5
170065,31.48,62.71,1010.16,245.0,-280.0,-35.0
170094,31.48,62.83,1010.16,70.0,-87.5,52.5
170124,31.48,62.95,1010.16,-70.0,-17.5,-175.0
170153,31.23,62.95,1010.28,-70.0,-35.0,-70.0
170183,30.99,62.95,1010.28,210.0,-332.5,-52.5
170212,30.87,62.95,1010.28,210.0,-140.0,87.5
170242,30.99,63.07,1010.4,140.0,-280.0,-122.5
170271,30.99,63.2,1010.4,192.5,-87.5,52.5
170301,30.74,63.07,1010.4,455.0,-332.5,35.0
170330,30.74,63.2,1010.28,157.5,-87.5,105.0
170360,30.74,63.32,1010.28,52.5,-297.5,-157.5
170389,30.74,63.32,1010.4,0.0,-35.0,70.0
170419,30.62,63.44,1010.28,420.0,-437.5,-52.5
170448,30.62,63.44,1010.28,70.0,-210.0,-35.0
170477,30.62,63.44,1010.28,122.5,-87.5,87.5
170507,30.5,63.56,1010.4,297.5,-280.0,35.0
170536,30.62,63.68,1010.16,367.5,-525.0,-105.0
170565,30.74,63.68,1010.16,-227.5,-122.5,-210.0
170594,30.74,63.81,1010.28,105.0,-105.0,-52.5
170624,30.62,63.81,1010.28,175.0,-157.5,-35.0
170653,30.62,63.93,1010.28,245.0,-315.0,-35.0
170683,30.87,63.93,1010.16,-122.5,-175.0,-70.0
170712,30.74,64.05,1010.28,52.5,-350.0,-280.0
170742,30.62,63.93,1010.16,262.5,-367.5,-87.5
170771,30.74,64.05,1010.16,70.0,-122.5,35.0
170801,30.99,64.17,1010.16,-367.5,140.0,-140.0
170830,30.74,64.05,1010.16,105.0,-280.0,-210.0
170859,30.62,64.05,1010.28,280.0,-157.5,105.0
170888,30.62,63.93,1010.28,210.0,-315.0,-157.5
170917,30.74,63.93,1010.28,70.0,-140.0,52.5
170947,30.74,64.05,1010.28,332.5,-297.5,-17.5
170976,30.74,64.17,1010.4,122.5,-122.5,-35.0
171006,30.62,64.17,1010.4,52.5,-210.0,-17.5
171035,30.62,64.17,1010.4,192.5,-227.5,0.0
171065,30.62,64.17,1010.4,420.0,-542.5,17.5
171094,30.74,64.17,1010.4,227.5,-297.5,35.0
171124,30.99,64.29,1010.53,140.0,-227.5,-87.5
171153,30.99,64.42,1010.4,-17.5,-140.0,-70.0
171183,30.99,64.42,1010.4,-70.0,-192.5,-17.5
171212,30.87,64.42,1010.4,-17.5,-455.0,-175.0
171241,30.99,64.42,1010.4,140.0,-367.5,17.5
171271,31.35,64.42,1010.4,-245.0,-87.5,-87.5
171300,31.23,64.29,1010.53,52.5,-192.5,52.5
171330,31.23,64.29,1010.65,280.0,-455.0,-52.5
171359,31.35,64.29,1010.53,105.0,-437.5,-122.5
171389,31.48,64.42,1010.53,-262.5,-105.0,-17.5
171418,31.72,64.17,1010.65,70.0,-245.0,17.5
171448,31.6,64.17,1010.65,192.5,-297.5,-17.5
171477,31.72,64.05,1010.53,210.0,-490.0,-17.5
171507,31.96,64.05,1010.53,-192.5,-175.0,-105.0
171536,32.09,64.17,1010.65,52.5,-350.0,-140.0
171566,32.09,64.17,1010.65,-17.5,-350.0,-70.0
171595,32.09,63.93,1010.65,52.5,-420.0,-192.5
171625,32.33,63.81,1010.65,157.5,-227.5,52.5
171654,32.45,63.81,1010.65,-122.5,-245.0,-210.0
171683,32.57,63.81,1010.65,-70.0,-157.5,0.0
171713,32.57,63.56,1010.65,175.0,-280.0,-87.5
171742,32.7,63.44,1010.65,192.5,-227.5,35.0
171772,32.94,63.56,1010.65,140.0,-280.0,-140.0
171801,33.06,63.56,1010.65,17.5,-175.0,0.0
171831,32.94,63.44,1010.65,105.0,-245.0,-87.5
171860,33.06,63.32,1010.77,227.5,-332.5,0.0
171890,33.31,63.32,1010.77,0.0,-105.0,52.5
171919,33.55,63.32,1010.77,192.5,-227.5,17.5
171949,33.55,63.32,1010.77,227.5,-122.5,35.0
171978,33.67,63.2,1010.77,297.5,-350.0,-35.0
172008,33.67,63.2,1010.65,0.0,-70.0,-70.0
172038,33.92,63.2,1010.65,192.5,-157.5,35.0
172068,34.04,63.2,1010.65,210.0,-122.5,-52.5
172097,34.16,63.2,1010.65,87.5,140.0,35.0
172126,34.04,63.2,1010.65,122.5,87.5,70.0
172156,33.92,63.2,1010.65,280.0,-210.0,-70.0
172185,33.92,63.2,1010.65,175.0,-105.0,17.5
172215,33.92,63.2,1010.65,140.0,-140.0,-105.0
172244,33.92,63.2,1010.65,157.5,-70.0,-87.5
172274,33.79,63.32,1010.77,122.5,-175.0,-105.0
172303,33.67,63.32,1010.77,175.0,-315.0,-70.0
172333,33.67,63.2,1010.65,280.0,-280.0,-87.5
172362,33.92,63.2,1010.65,420.0,-192.5,35.0
172392,34.04,63.32,1010.65,-17.5,175.0,-17.5
172421,34.04,63.44,1010.65,0.0,0.0,-140.0
172451,33.67,63.44,1010.65,245.0,-140.0,17.5
172480,33.67,63.32,1010.65,245.0,-192.5,0.0
172509,33.79,63.44,1010.53,315.0,-35.0,157.5
172539,33.79,63.56,1010.53,140.0,-70.0,-87.5
172568,33.43,63.68,1010.53,210.0,-70.0,-105.0
172598,33.06,63.68,1010.4,367.5,-192.5,70.0
172627,33.06,63.81,1010.53,192.5,-507.5,-175.0
172656,33.06,63.81,1010.53,770.0,-840.0,-262.5
172685,33.67,64.05,1010.53,122.5,875.0,490.0
172715,34.16,64.29,1010.28,-455.0,770.0,35.0
172744,33.55,63.93,1010.04,-1015.0,227.5,-140.0
172774,33.06,63.44,1009.92,-105.0,-577.5,-105.0
172803,33.18,63.56,1009.92,-227.5,-262.5,-227.5
172833,33.43,63.81,1010.16,-402.5,-262.5,-280.0
172862,33.18,63.93,1010.28,-122.5,-175.0,-157.5
172892,32.94,64.05,1010.53,175.0,-87.5,-17.5
172922,32.57,63.93,1010.65,665.0,-227.5,87.5
172951,32.45,63.81,1010.53,17.5,87.5,262.5
172981,32.57,63.56,1010.4,385.0,-525.0,-122.5
173010,32.82,63.32,1010.28,-35.0,-210.0,-105.0
173039,32.82,63.2,1010.4,-17.5,-350.0,-315.0
173068,32.7,63.32,1010.4,0.0,-350.0,-175.0
173098,32.57,63.44,1010.53,157.5,-367.5,-52.5
173127,32.33,63.44,1010.65,315.0,-280.0,52.5
173157,32.09,63.44,1010.65,315.0,-402.5,-52.5
173186,32.09,63.44,1010.65,385.0,-735.0,-140.0
173216,32.45,63.2,1010.65,280.0,-402.5,17.5
173245,32.7,63.2,1010.65,280.0,-385.0,-140.0
173275,32.94,63.44,1010.65,367.5,-367.5,-52.5
173304,33.06,63.44,1010.65,-350.0,-105.0,-52.5
173333,32.94,63.44,1010.77,157.5,157.5,105.0
173363,32.7,63.56,1010.77,875.0,-350.0,175.0
173392,32.94,63.68,1010.65,350.0,-332.5,192.5
173422,33.18,63.56,1010.4,105.0,-245.0,-157.5
173451,33.31,63.56,1010.53,105.0,35.0,70.0
173481,33.43,63.81,1010.4,542.5,-612.5,-192.5
173510,33.31,63.93,1010.4,87.5,-262.5,-262.5
173540,33.18,63.93,1010.4,192.5,-437.5,-140.0
173569,33.43,63.93,1010.28,122.5,-315.0,70.0
173599,33.92,64.05,1010.28,-35.0,227.5,105.0
173628,33.92,64.17,1010.16,210.0,-52.5,-175.0
173658,33.43,63.93,1010.16,70.0,-402.5,-140.0
173687,33.31,63.93,1010.04,210.0,-577.5,70.0
173716,33.55,64.17,1010.04,367.5,-857.5,-297.5
173745,33.79,64.29,1010.16,612.5,-840.0,-227.5
173774,34.04,64.42,1010.16,175.0,-735.0,-227.5
173803,34.77,64.66,1010.04,-175.0,17.5,-140.0
173832,35.01,64.9,1010.04,87.5,-280.0,-525.0
173862,34.53,64.78,1009.92,192.5,-437.5,-70.0
173891,34.65,64.66,1009.67,-245.0,87.5,87.5
173921,34.77,64.42,1009.55,210.0,-402.5,-87.5
173950,35.26,64.42,1009.43,210.0,-332.5,297.5
173980,36.11,64.66,1009.43,-52.5,-70.0,-175.0
174009,36.11,64.78,1009.55,-367.5,-52.5,-227.5
174039,35.62,64.9,1009.67,70.0,-280.0,0.0
174069,35.38,65.27,1009.79,52.5,-192.5,-175.0
174099,34.89,65.27,1009.92,-175.0,-332.5,-140.0
174128,34.4,64.9,1009.92,455.0,-787.5,245.0
174157,34.89,64.78,1009.92,507.5,-805.0,525.0
174186,35.75,65.39,1009.79,490.0,-1137.5,-175.0
174215,36.23,65.39,1009.79,87.5,-507.5,-192.5
174245,36.48,65.15,1009.67,-140.0,-192.5,-17.5
174274,37.09,65.27,1009.67,122.5,-420.0,87.5
174304,38.06,65.27,1009.67,-420.0,350.0,87.5
174333,38.55,65.15,1009.67,-70.0,385.0,140.0
174363,38.31,64.9,1009.67,-35.0,210.0,367.5
174392,38.31,65.15,1009.67,-175.0,192.5,52.5
174422,38.55,65.15,1009.67,-682.5,577.5,-192.5
174451,38.67,65.15,1009.92,-315.0,787.5,122.5
174481,38.8,65.03,1010.04,210.0,210.0,-175.0
174510,38.31,64.66,1010.04,140.0,17.5,-70.0
174539,37.82,64.42,1009.92,210.0,70.0,-52.5
174569,37.33,64.29,1010.04,0.0,297.5,175.0
174598,36.6,64.17,1010.04,735.0,-770.0,140.0
174627,36.11,63.93,1009.92,385.0,-1225.0,-192.5
174656,36.84,63.93,1009.92,-157.5,-385.0,122.5
174685,38.31,64.42,1010.16,140.0,0.0,-332.5
174714,38.67,64.54,1010.4,-122.5,140.0,-455.0
174744,37.58,64.05,1010.28,-245.0,437.5,35.0
174773,37.09,63.68,1010.16,-105.0,350.0,262.5
174803,36.97,63.68,1010.28,52.5,87.5,-70.0
174833,36.84,63.56,1010.4,-70.0,-35.0,52.5
174863,36.84,63.44,1010.4,52.5,35.0,105.0
174893,37.21,63.56,1010.53,70.0,315.0,-35.0
174923,36.72,63.44,1010.53,-52.5,175.0,-297.5
174952,35.62,62.95,1010.4,210.0,-332.5,-17.5
174981,35.62,62.71,1010.4,385.0,-297.5,227.5
175010,36.23,63.07,1010.65,332.5,-157.5,-192.5
175039,36.11,63.2,1010.77,87.5,35.0,0.0
175069,36.11,63.32,1010.89,122.5,210.0,0.0
175098,36.11,63.32,1010.89,-70.0,70.0,-420.0
175128,35.14,62.95,1010.89,490.0,-770.0,-472.5
175157,34.53,62.71,1010.77,595.0,-927.5,-122.5
175187,35.14,62.95,1010.89,262.5,-560.0,-52.5
175216,35.99,63.2,1011.01,210.0,-210.0,-280.0
175246,35.62,62.95,1010.89,367.5,-297.5,-262.5
175275,35.01,62.95,1010.89,367.5,-332.5,-87.5
175305,35.01,63.2,1011.01,87.5,-122.5,-52.5
175334,35.01,63.44,1011.14,367.5,-210.0,-87.5
175364,34.89,63.32,1011.01,280.0,-227.5,-17.5
175393,34.89,63.2,1010.89,175.0,-297.5,70.0
175422,35.38,63.44,1011.01,175.0,-52.5,-87.5
175452,35.38,63.68,1011.14,262.5,-87.5,-52.5
175481,35.14,63.68,1010.89,735.0,-665.0,-70.0
175511,35.38,63.81,1010.77,402.5,-542.5,-210.0
175540,35.5,64.05,1010.89,-402.5,-122.5,-507.5
175569,35.01,64.05,1010.89,385.0,-612.5,-332.5
175598,34.89,63.93,1010.77,787.5,-1347.5,-210.0
175627,35.5,64.17,1010.77,665.0,-1032.5,-210.0
175656,36.23,64.78,1010.77,-192.5,140.0,-87.5
175686,36.23,64.9,1010.89,-35.0,-35.0,-227.5
175715,35.75,64.9,1010.89,787.5,-857.5,-227.5
175745,35.87,65.03,1010.65,175.0,-577.5,-52.5
175774,36.48,65.03,1010.53,-262.5,-105.0,-87.5
175804,36.84,65.15,1010.53,140.0,-297.5,-87.5
175833,37.09,65.27,1010.53,262.5,-17.5,210.0
175862,37.21,65.51,1010.4,175.0,-35.0,70.0
175892,37.09,65.51,1010.4,210.0,-105.0,140.0
175921,37.21,65.76,1010.28,192.5,-315.0,-35.0
175951,37.45,65.88,1010.28,17.5,-140.0,-17.5
175980,37.58,66.0,1010.28,122.5,157.5,157.5
176010,37.82,66.12,1010.28,350.0,-245.0,105.0
176039,38.06,66.37,1010.16,17.5,-105.0,70.0
176069,38.19,66.49,1010.28,-140.0,-52.5,-52.5
176098,38.06,66.49,1010.28,560.0,-630.0,-245.0
176128,38.06,66.61,1010.16,612.5,-805.0,-157.5
176157,38.31,66.73,1010.16,-70.0,70.0,140.0
176187,38.67,66.86,1010.16,-52.5,0.0,0.0
176217,38.8,66.98,1010.16,175.0,-35.0,0.0
176246,38.67,67.1,1010.16,175.0,-70.0,52.5
176276,38.55,67.1,1010.16,210.0,-262.5,-17.5
176305,38.67,67.22,1010.16,122.5,-175.0,0.0
176335,38.92,67.34,1010.16,175.0,-70.0,105.0
176364,39.16,67.47,1010.16,140.0,122.5,52.5
176394,39.04,67.59,1010.16,-157.5,140.0,0.0
176423,38.67,67.59,1010.16,105.0,-402.5,-245.0
176453,38.55,67.47,1010.16,52.5,-87.5,105.0
176482,38.8,67.59,1010.16,210.0,-192.5,-17.5
176512,38.67,67.59,1010.16,105.0,-350.0,-122.5
176541,38.43,67.71,1010.16,542.5,-945.0,-245.0
176571,38.55,67.83,1010.16,297.5,-507.5,-52.5
176600,39.04,68.08,1010.16,-157.5,122.5,35.0
176630,39.28,68.08,1010.16,0.0,35.0,-52.5
176660,39.28,68.08,1010.16,-35.0,-70.0,-87.5
176689,39.04,68.08,1010.16,52.5,-245.0,-87.5
176719,39.04,68.08,1010.16,-157.5,35.0,87.5
176748,39.16,68.2,1010.28,210.0,-122.5,0.0
176778,39.04,68.08,1010.28,280.0,-367.5,-70.0
176807,39.04,68.08,1010.16,-35.0,-17.5,87.5
176837,39.28,68.2,1010.28,-105.0,227.5,87.5
176866,39.41,68.2,1010.4,122.5,-122.5,-70.0
176896,39.04,68.08,1010.4,0.0,105.0,157.5
176925,38.8,68.08,1010.4,542.5,-262.5,105.0
176955,38.92,68.2,1010.28,87.5,157.5,280.0
176984,39.04,68.2,1010.28,-227.5,0.0,35.0
177014,38.92,68.08,1010.16,105.0,-122.5,70.0
177043,38.8,68.08,1010.28,192.5,-87.5,-52.5
177073,38.92,68.32,1010.28,245.0,-140.0,-70.0
177102,38.8,68.2,1010.16,-315.0,-52.5,-210.0
177131,38.43,68.08,1010.16,17.5,-245.0,-105.0
177160,38.19,67.95,1010.28,420.0,-245.0,122.5
177189,38.31,67.95,1010.28,245.0,157.5,297.5
177219,38.43,68.2,1010.28,-17.5,245.0,157.5
177248,38.06,68.2,1010.28,105.0,-402.5,-122.5
177277,37.7,67.83,1010.16,-157.5,-367.5,-17.5
177306,37.82,67.59,1010.04,245.0,-507.5,-210.0
177336,38.31,67.71,1010.16,122.5,-227.5,-140.0
177365,38.67,67.95,1010.16,70.0,-210.0,35.0
177395,38.67,68.2,1010.16,-175.0,-175.0,-175.0
177424,38.06,68.2,1010.16,-647.5,105.0,-17.5
177454,37.45,67.95,1010.16,-192.5,-787.5,-420.0
177483,37.33,67.83,1010.28,157.5,-892.5,-157.5
177513,37.82,67.71,1010.16,-140.0,-752.5,-210.0
177542,38.43,67.47,1010.16,87.5,-332.5,-227.5
177571,38.67,67.34,1010.16,350.0,-735.0,-315.0
177600,38.8,67.34,1010.28,-52.5,-175.0,-52.5
177629,38.8,67.34,1010.28,-350.0,-70.0,-17.5
177659,38.67,66.98,1010.28,210.0,-665.0,-70.0
177688,38.92,66.86,1010.4,332.5,-525.0,-35.0
177718,39.41,66.98,1010.4,-122.5,-105.0,-35.0
177747,39.41,66.86,1010.4,-210.0,70.0,17.5
177777,39.28,66.86,1010.4,385.0,-472.5,-157.5
177806,39.28,66.61,1010.4,577.5,-910.0,-175.0
177836,39.65,66.61,1010.28,280.0,-945.0,-227.5
177865,40.02,66.49,1010.28,175.0,-735.0,-262.5
177895,40.26,66.37,1010.28,315.0,-595.0,-140.0
177924,40.5,66.37,1010.28,350.0,-385.0,52.5
177954,40.75,66.61,1010.16,122.5,-245.0,17.5
177983,40.75,66.61,1010.16,-210.0,-490.0,-245.0
178012,40.87,66.12,1010.16,0.0,-787.5,-70.0
178042,41.6,66.12,1010.4,1050.0,-752.5,-192.5
178071,42.09,66.61,1010.4,1505.0,-157.5,-280.0
178100,41.72,66.98,1010.16,367.5,-875.0,-245.0
178129,42.09,66.98,1010.04,-227.5,-385.0,262.5
178159,43.31,66.73,1010.16,350.0,752.5,402.5
178188,43.92,66.98,1009.92,297.5,1137.5,577.5
178218,43.68,67.22,1009.92,-122.5,752.5,210.0
178247,42.94,67.34,1009.79,-210.0,280.0,35.0
178277,42.33,67.34,1009.79,87.5,-577.5,-35.0
178306,42.58,67.47,1009.92,455.0,-665.0,-157.5
178336,43.19,67.71,1009.92,210.0,35.0,70.0
178366,43.68,67.83,1009.92,-105.0,192.5,17.5
178395,43.31,67.83,1009.92,122.5,-262.5,-245.0
178424,42.82,67.71,1009.79,490.0,-350.0,-70.0
178453,42.82,67.83,1009.67,472.5,-665.0,-122.5
178482,43.43,68.08,1009.55,-262.5,17.5,227.5
178511,44.04,68.2,1009.67,-332.5,157.5,-52.5
178541,44.16,68.08,1009.55,0.0,17.5,-157.5
178570,43.92,68.08,1009.55,0.0,87.5,-17.5
178600,43.68,68.08,1009.55,35.0,-35.0,105.0
178629,43.68,68.32,1009.67,-227.5,122.5,-122.5
178659,43.43,68.44,1009.92,297.5,-70.0,-87.5
178688,43.07,68.32,1009.67,262.5,-52.5,175.0
178718,43.07,68.2,1009.67,245.0,-350.0,-105.0
178747,43.19,68.32,1009.79,192.5,-140.0,17.5
178777,43.19,68.44,1009.92,262.5,-105.0,-35.0
178806,43.07,68.44,1009.79,245.0,-175.0,35.0
178835,42.82,68.32,1009.92,350.0,-332.5,-17.5
178864,42.82,68.44,1009.92,350.0,-157.5,227.5
178893,43.19,68.69,1009.92,192.5,-210.0,-122.5
178922,43.19,68.81,1009.79,105.0,192.5,52.5
178951,43.07,68.81,1009.92,52.5,-140.0,-70.0
178981,42.94,68.81,1010.04,280.0,-367.5,-105.0
179010,42.82,68.93,1009.92,315.0,-262.5,17.5
179040,42.82,68.93,1009.92,70.0,-192.5,17.5
179069,43.07,69.05,1009.92,70.0,-210.0,-157.5
179099,42.94,69.17,1009.92,35.0,-210.0,-175.0
179128,42.7,69.17,1010.04,455.0,-227.5,17.5
179158,42.7,69.3,1010.16,-105.0,175.0,122.5
179187,42.7,69.54,1010.04,35.0,-490.0,-297.5
179216,42.94,69.42,1010.04,-105.0,-87.5,35.0
179246,43.19,69.54,1010.16,-105.0,17.5,-157.5
179275,42.94,69.42,1010.16,192.5,-192.5,-280.0
179304,42.46,69.3,1010.16,367.5,-175.0,122.5
179333,42.46,69.42,1010.16,262.5,-332.5,35.0
179363,42.7,69.54,1010.16,-17.5,-52.5,-122.5
179392,42.46,69.54,1010.16,385.0,-525.0,-210.0
179422,42.46,69.42,1010.16,420.0,-280.0,140.0
179451,42.7,69.54,1010.16,157.5,70.0,227.5
179481,42.94,69.78,1010.16,140.0,-262.5,-192.5
179510,42.58,69.78,1010.16,-87.5,70.0,52.5
179540,42.46,69.78,1010.16,210.0,-402.5,-122.5
179569,42.46,69.78,1010.16,507.5,-525.0,35.0
179599,42.7,69.91,1010.16,192.5,-192.5,-35.0
179628,42.7,69.91,1010.04,-70.0,87.5,87.5
179657,42.7,70.03,1010.04,192.5,17.5,140.0
179687,42.7,70.15,1010.04,192.5,-297.5,-105.0
179716,42.7,70.15,1009.92,-17.5,-157.5,-122.5
179745,42.7,70.15,1010.04,-35.0,-52.5,17.5
179774,42.82,70.27,1010.04,192.5,-122.5,-17.5
179804,42.82,70.27,1009.92,192.5,-87.5,0.0
179833,42.7,70.27,1009.92,17.5,-70.0,-87.5
179863,42.33,70.27,1009.92,157.5,-192.5,52.5
179892,42.33,70.27,1009.92,367.5,-402.5,-52.5
179922,42.58,70.39,1009.92,35.0,-122.5,-35.0
179951,42.7,70.52,1009.92,-35.0,-157.5,-105.0
179981,42.58,70.39,1009.92,0.0,-262.5,-157.5
180010,42.33,70.27,1010.04,437.5,-350.0,17.5
180039,42.21,70.27,1010.04,350.0,-262.5,105.0
180068,42.58,70.52,1009.92,140.0,-122.5,0.0
180097,42.58,70.64,1009.92,17.5,-35.0,-35.0
180127,42.33,70.52,1010.04,542.5,-315.0,35.0
180156,42.21,70.64,1009.92,332.5,-192.5,105.0
180186,42.58,70.76,1009.92,105.0,-455.0,-245.0
180215,42.7,70.76,1009.79,-350.0,35.0,-140.0
180245,42.82,70.88,1009.79,-157.5,-17.5,-210.0
180274,42.46,70.76,1009.79,140.0,-332.5,-210.0
180304,42.33,70.76,1009.67,175.0,-280.0,52.5
180333,42.58,70.76,1009.79,0.0,-175.0,-105.0
180363,42.46,70.88,1009.79,262.5,-297.5,-52.5
180392,42.58,70.88,1009.67,122.5,-122.5,52.5
180421,42.58,71.0,1009.79,122.5,-87.5,-87.5
180451,42.58,71.0,1009.67,70.0,-52.5,70.0
180480,42.58,71.0,1009.67,122.5,-87.5,-35.0
180510,42.7,71.0,1009.67,0.0,-70.0,0.0
180540,42.58,71.0,1009.67,70.0,-122.5,-35.0
180570,42.46,70.88,1009.67,227.5,-227.5,-35.0
180599,42.46,70.88,1009.55,297.5,-420.0,-52.5
180629,42.82,71.0,1009.43,70.0,-140.0,-70.0
180658,42.94,71.0,1009.55,-297.5,175.0,-175.0
180688,42.58,70.88,1009.55,140.0,-35.0,70.0
180717,42.46,71.0,1009.43,280.0,-157.5,52.5
180747,42.46,71.0,1009.43,105.0,-420.0,-262.5
180776,42.33,71.0,1009.43,70.0,-297.5,-52.5
180806,42.33,70.76,1009.43,210.0,-297.5,-52.5
180835,42.46,70.76,1009.31,157.5,-87.5,70.0
180864,42.46,70.88,1009.18,-52.5,-17.5,0.0
180894,42.33,70.88,1009.31,262.5,-245.0,-17.5
180923,42.21,70.88,1009.31,350.0,-332.5,17.5
180953,42.33,70.88,1009.18,122.5,-70.0,87.5
180982,42.46,70.88,1009.18,105.0,-175.0,-140.0
181012,42.21,70.88,1009.18,140.0,-227.5,-52.5
181041,42.09,70.88,1009.18,192.5,-350.0,-35.0
181071,42.09,71.0,1009.18,70.0,-245.0,52.5
181100,42.33,71.0,1009.18,105.0,-210.0,52.5
181130,42.58,71.0,1009.06,35.0,-210.0,-140.0
181159,42.46,71.0,1009.18,70.0,-122.5,0.0
181189,42.21,70.88,1009.06,140.0,-297.5,0.0
181219,41.72,70.76,1009.06,-105.0,-245.0,140.0
181248,41.48,70.76,1009.18,122.5,-490.0,297.5
181277,41.97,71.0,1009.18,350.0,-560.0,0.0
181306,42.46,71.13,1009.18,87.5,-297.5,-17.5
181336,42.94,71.0,1009.18,0.0,-52.5,35.0
181365,43.55,71.25,1009.18,122.5,70.0,70.0
181395,43.8,71.25,1009.18,-542.5,175.0,-210.0
181424,43.68,70.88,1009.06,-630.0,315.0,-262.5
181454,43.43,70.76,1009.31,192.5,472.5,122.5
181483,43.68,71.0,1009.43,192.5,455.0,227.5
181513,43.68,71.25,1009.43,-332.5,665.0,-227.5
181542,42.58,70.64,1009.43,-525.0,805.0,-87.5
181572,41.6,70.03,1009.31,332.5,-420.0,70.0
181601,41.85,69.78,1009.31,542.5,-157.5,402.5
181631,42.82,70.27,1009.43,-332.5,857.5,210.0
181660,42.58,70.39,1009.55,-472.5,787.5,-140.0
181689,41.11,70.03,1009.67,-17.5,297.5,210.0
181719,40.02,69.66,1009.55,17.5,-35.0,-35.0
181748,39.53,69.66,1009.06,-927.5,-87.5,-52.5
181778,38.31,69.05,1009.55,-717.5,367.5,17.5
181807,38.31,68.93,1009.43,1207.5,-2065.0,367.5
181836,39.77,69.54,1009.06,-2170.0,1155.0,-1382.5
181865,39.65,69.05,1009.92,455.0,-385.0,-1207.5
181895,38.92,68.69,1009.67,420.0,-717.5,245.0
181924,38.06,68.32,1009.92,735.0,-1347.5,-157.5
181954,37.82,67.83,1010.04,1470.0,-1925.0,595.0
181983,38.67,67.83,1009.92,1750.0,-2012.5,-350.0
182013,39.41,67.83,1009.43,175.0,-402.5,-122.5
182042,40.02,67.95,1009.43,-1487.5,595.0,-52.5
182071,40.26,68.08,1009.92,-350.0,542.5,0.0
182101,39.65,67.71,1010.04,997.5,-700.0,0.0
182130,38.92,67.22,1009.67,490.0,0.0,770.0
182160,38.67,67.22,1009.67,-227.5,157.5,472.5
182189,39.28,67.34,1009.67,315.0,-700.0,315.0
182219,40.63,67.83,1009.79,-157.5,-87.5,-87.5
182248,40.99,68.08,1009.92,437.5,-577.5,-717.5
182278,40.5,67.83,1009.79,-577.5,367.5,-175.0
182307,40.38,67.59,1009.92,-245.0,210.0,-175.0
182337,40.02,67.59,1009.92,105.0,-210.0,-385.0
182366,39.53,67.34,1009.92,-17.5,-437.5,175.0
182396,39.89,67.47,1010.16,735.0,-612.5,35.0
182425,40.38,67.71,1010.16,262.5,-262.5,-192.5
182455,40.38,67.71,1010.16,315.0,-542.5,-700.0
182484,39.77,67.47,1009.92,857.5,-1032.5,-997.5
182513,40.02,67.47,1009.92,-682.5,35.0,-140.0
182542,40.99,67.71,1010.04,840.0,-962.5,-822.5
182571,41.24,67.59,1010.16,-122.5,-70.0,-542.5
182600,41.11,67.59,1009.92,122.5,-297.5,-367.5
182629,40.99,67.47,1009.67,-787.5,52.5,-420.0
182659,40.99,67.34,1009.92,-455.0,-525.0,-507.5
182688,41.36,67.22,1009.92,192.5,-595.0,-315.0
182718,41.97,67.22,1009.92,-157.5,-52.5,-350.0
182747,41.97,67.22,1010.16,-140.0,245.0,-52.5
182777,41.48,67.1,1010.16,140.0,0.0,210.0
182807,41.24,67.1,1010.16,542.5,-805.0,-175.0
182837,41.6,67.1,1010.04,-507.5,192.5,122.5
182866,41.97,67.1,1010.28,280.0,-367.5,-35.0
182895,41.97,66.98,1010.4,630.0,-490.0,-140.0
182924,41.6,66.98,1010.28,560.0,-735.0,-192.5
182953,41.72,66.98,1010.16,-262.5,-437.5,-105.0
182982,41.97,66.86,1010.16,-315.0,-70.0,-87.5
183011,41.85,66.61,1010.4,910.0,-770.0,17.5
183041,41.72,66.37,1010.16,1330.0,-1242.5,210.0
183070,42.21,66.37,1009.92,420.0,-612.5,280.0
183100,42.94,66.98,1010.04,262.5,-542.5,52.5
183129,43.68,67.59,1010.28,122.5,-315.0,-175.0
183159,43.68,67.71,1010.28,87.5,-385.0,-472.5
183188,43.31,67.47,1010.28,122.5,-630.0,-157.5
183218,43.92,67.34,1010.16,612.5,-892.5,0.0
183248,45.26,67.59,1010.16,385.0,-157.5,-35.0
183277,46.36,67.83,1010.04,-52.5,192.5,-210.0
183306,46.24,67.83,1010.04,-350.0,227.5,-157.5
183335,45.14,67.83,1010.16,472.5,-332.5,-210.0
183364,44.65,67.83,1010.16,682.5,-752.5,262.5
183393,45.26,68.32,1010.16,542.5,-700.0,87.5
183423,46.12,68.69,1010.16,560.0,-945.0,-525.0
183452,46.6,68.81,1010.16,665.0,-1067.5,-700.0
183482,46.85,68.93,1009.92,262.5,-280.0,-52.5
183511,47.46,69.3,1009.79,-157.5,-17.5,-315.0
183541,47.58,69.3,1009.79,262.5,-472.5,-262.5
183570,47.82,69.3,1009.67,-122.5,70.0,175.0
183600,48.07,69.54,1009.67,70.0,-122.5,-70.0
183629,48.19,69.66,1009.67,-105.0,-122.5,-227.5
183658,48.43,69.91,1009.55,-70.0,-420.0,-280.0
183687,48.92,70.52,1009.31,-1085.0,-35.0,0.0
183716,49.65,70.52,1009.06,-2117.5,227.5,-577.5
183745,49.53,70.15,1009.06,-2345.0,-700.0,-822.5
183774,49.41,70.15,1009.31,-822.5,-1960.0,-507.5
183803,50.02,70.03,1009.31,-1610.0,-1540.0,-840.0
183832,50.14,69.05,1009.31,-2100.0,-1225.0,-630.0
183861,50.02,67.59,1009.43,-385.0,-1715.0,-752.5
183890,50.02,66.37,1009.43,525.0,-1750.0,-805.0
183920,50.39,65.76,1009.55,525.0,-1330.0,-315.0
183949,51.73,65.51,1009.67,455.0,-770.0,-17.5
183979,53.31,65.39,1009.67,437.5,140.0,70.0
184009,54.05,65.03,1009.67,-367.5,787.5,-105.0
184038,54.29,64.66,1009.79,87.5,542.5,157.5
184068,54.41,64.29,1009.92,962.5,52.5,-52.5
184097,54.41,63.93,1009.79,945.0,-315.0,140.0
184127,55.02,63.81,1009.67,472.5,-210.0,175.0
184156,56.0,63.93,1009.67,35.0,525.0,35.0
184186,56.24,63.93,1009.79,332.5,280.0,-280.0
184215,55.88,63.81,1009.79,455.0,-367.5,-87.5
184245,55.88,63.68,1009.79,175.0,-280.0,35.0
184274,56.12,63.68,1009.92,560.0,-227.5,-280.0
184304,56.61,63.68,1009.79,507.5,-472.5,-87.5
184333,57.34,63.68,1009.67,-455.0,385.0,297.5
184363,57.46,63.56,1009.92,-35.0,892.5,-52.5
184392,56.12,63.32,1009.79,822.5,-262.5,87.5
184421,55.51,62.95,1009.67,700.0,-1277.5,262.5
184450,56.49,63.07,1009.79,332.5,0.0,385.0
184479,57.46,63.56,1009.79,560.0,280.0,297.5
184509,57.95,63.93,1009.67,-140.0,-52.5,105.0
184538,58.07,63.93,1009.79,-332.5,647.5,17.5
184568,57.83,64.05,1009.92,105.0,612.5,280.0
184597,57.58,64.05,1009.67,-87.5,-105.0,-227.5
184627,56.73,63.56,1009.55,-472.5,-157.5,-175.0
184656,56.36,62.83,1009.55,787.5,-682.5,245.0
184686,56.85,62.95,1009.67,752.5,245.0,630.0
184715,57.34,63.68,1009.67,-175.0,315.0,175.0
184745,56.85,63.81,1009.79,17.5,-227.5,-52.5
184774,56.61,63.81,1009.92,367.5,-175.0,227.5
184804,56.85,64.05,1009.79,-367.5,-17.5,-262.5
184833,56.73,64.05,1009.92,-210.0,-280.0,-350.0
184862,56.36,63.68,1009.92,280.0,-560.0,-192.5
184891,56.36,63.68,1009.92,367.5,-735.0,-70.0
184920,56.85,63.68,1009.92,245.0,17.5,175.0
184950,57.22,63.93,1009.92,-157.5,525.0,105.0
184979,56.73,63.93,1010.04,315.0,-560.0,-472.5
185008,56.0,63.68,1009.92,717.5,-1032.5,-122.5
185037,56.0,63.68,1009.92,157.5,-630.0,-52.5
185067,56.49,63.81,1010.04,-17.5,-227.5,-17.5
185096,56.73,63.81,1010.04,840.0,-542.5,70.0
185126,56.73,63.93,1010.04,612.5,-455.0,0.0
185155,56.36,64.17,1010.04,910.0,-1015.0,-245.0
185185,56.12,64.17,1010.04,770.0,-1137.5,-52.5
185214,56.36,64.54,1009.92,472.5,-1102.5,-52.5
185244,57.22,65.03,1010.04,1435.0,-3255.0,-1172.5
185273,58.32,65.15,1009.79,892.5,-1767.5,-595.0
185302,59.29,65.51,1009.67,210.0,-52.5,437.5
185332,60.27,66.25,1009.67,-17.5,-122.5,-157.5
185361,60.39,66.61,1009.55,-245.0,-822.5,-577.5
185390,60.51,66.37,1009.43,-560.0,-472.5,-297.5
185419,61.0,66.0,1009.31,210.0,-542.5,87.5
185449,61.61,66.37,1009.31,87.5,-612.5,52.5
185478,62.22,67.1,1009.43,-140.0,-315.0,-17.5
185508,62.71,67.34,1009.55,87.5,87.5,70.0
185538,63.32,67.47,1009.67,262.5,507.5,437.5
185568,64.05,67.83,1009.55,-105.0,1067.5,385.0
185597,64.42,67.95,1009.43,-595.0,1155.0,122.5
185627,64.42,67.83,1009.43,-560.0,892.5,140.0
185656,64.05,67.59,1009.43,-175.0,140.0,-140.0
185686,63.93,67.47,1009.55,280.0,612.5,245.0
185715,64.17,67.71,1009.67,542.5,525.0,192.5
185744,64.17,67.95,1009.67,420.0,280.0,-17.5
185774,63.81,67.95,1009.67,367.5,262.5,35.0
185803,63.56,67.83,1009.43,630.0,35.0,175.0
185833,63.56,67.71,1009.31,70.0,210.0,-17.5
185862,63.44,67.71,1009.18,105.0,35.0,-157.5
185892,62.95,67.83,1009.18,245.0,-157.5,-175.0
185921,62.1,68.08,1009.43,385.0,-280.0,17.5
185951,61.73,68.2,1009.43,770.0,-455.0,87.5
185980,61.49,68.44,1009.43,717.5,-735.0,-35.0
186010,61.37,68.56,1009.18,385.0,-595.0,-122.5
186039,61.73,68.56,1009.18,-17.5,-367.5,-52.5
186069,61.98,68.81,1009.18,420.0,-892.5,-350.0
186098,61.98,68.93,1009.18,280.0,-280.0,-140.0
186128,61.98,69.05,1009.18,420.0,-490.0,17.5
186158,62.1,69.3,1009.18,-157.5,192.5,332.5
186187,62.22,69.66,1009.06,472.5,-927.5,-420.0
186216,62.22,69.78,1009.06,297.5,-210.0,0.0
186245,62.34,69.91,1008.82,630.0,-332.5,17.5
186275,62.59,70.03,1008.57,-70.0,52.5,17.5
186304,62.71,70.27,1008.45,-157.5,-262.5,-192.5
186333,62.46,70.39,1008.45,87.5,-350.0,-105.0
186362,62.46,70.39,1008.45,455.0,-350.0,140.0
186392,62.71,70.52,1008.33,420.0,-280.0,70.0
186421,62.83,70.76,1008.33,-210.0,210.0,17.5
186451,62.71,70.88,1008.33,227.5,-402.5,-122.5
186480,62.71,71.0,1008.21,385.0,-420.0,-35.0
186510,62.83,71.13,1008.21,227.5,-350.0,-70.0
186539,63.07,71.25,1008.09,210.0,-262.5,0.0
186568,63.44,71.49,1007.96,262.5,-350.0,-140.0
186597,63.44,71.74,1007.96,-35.0,17.5,-35.0
186626,63.2,71.74,1007.96,297.5,-525.0,-210.0
186655,63.2,71.74,1007.96,297.5,-595.0,-122.5
186684,63.44,71.98,1007.84,35.0,-245.0,17.5
186714,63.81,72.1,1007.84,-175.0,105.0,35.0
186743,63.93,72.22,1007.96,140.0,17.5,52.5
186773,63.81,72.22,1007.96,105.0,-87.5,35.0
186802,63.93,72.35,1007.96,70.0,-157.5,17.5
186832,63.93,72.47,1007.96,210.0,-297.5,-52.5
186861,64.05,72.59,1007.96,35.0,-52.5,35.0
186891,64.17,72.71,1007.96,192.5,-175.0,-35.0
186920,64.17,72.71,1007.96,157.5,-175.0,-52.5
186950,64.17,72.71,1007.96,-70.0,-175.0,-70.0
186979,64.17,72.71,1007.96,17.5,-210.0,0.0
187008,64.42,72.71,1007.96,87.5,0.0,70.0
187038,64.42,72.83,1007.96,192.5,-70.0,-52.5
187067,64.29,72.96,1007.96,-87.5,-122.5,-105.0
187096,64.17,72.96,1007.96,122.5,-525.0,-227.5
187125,64.17,72.96,1007.96,87.5,-297.5,-157.5
187155,64.29,72.96,1008.09,157.5,70.0,157.5
187184,64.42,72.83,1008.09,280.0,-87.5,17.5
187214,64.54,72.96,1007.96,-17.5,0.0,-52.5
187243,64.29,72.96,1008.21,87.5,-105.0,-87.5
187273,64.17,72.96,1008.21,280.0,-140.0,105.0
187302,64.29,72.96,1008.09,420.0,-402.5,-52.5
187332,64.42,73.08,1007.96,-140.0,122.5,157.5
187361,64.42,73.2,1007.96,105.0,-157.5,0.0
187391,64.29,73.2,1007.96,-70.0,35.0,-17.5
187421,64.05,73.2,1007.96,87.5,-350.0,-122.5
187450,63.93,73.08,1007.96,262.5,-402.5,0.0
187480,64.17,73.2,1007.96,52.5,-192.5,70.0
187509,64.17,73.2,1007.96,-87.5,70.0,35.0
187539,64.17,73.2,1007.96,35.0,-87.5,52.5
187568,63.81,73.2,1007.96,227.5,-490.0,-157.5
187598,63.81,73.08,1007.96,-87.5,-210.0,17.5
187627,64.05,73.08,1007.96,70.0,-280.0,70.0
187657,64.42,73.2,1007.96,70.0,-52.5,-17.5
187686,64.17,73.08,1007.84,-227.5,-122.5,-175.0
187716,63.81,72.96,1007.84,-52.5,-315.0,105.0
187745,64.05,72.83,1007.84,-87.5,-17.5,157.5
187775,64.17,72.96,1007.84,-297.5,52.5,-52.5
187804,64.05,72.71,1007.72,70.0,-595.0,-227.5
187834,64.05,72.59,1007.84,87.5,-542.5,-192.5
187863,64.05,72.47,1007.84,35.0,-262.5,-35.0
187892,64.17,72.47,1007.84,-70.0,-210.0,-70.0
187921,64.17,72.22,1007.96,70.0,-577.5,-175.0
187950,64.05,72.22,1007.96,140.0,-542.5,-70.0
187980,64.17,72.1,1007.96,280.0,-420.0,-35.0
188009,64.42,71.98,1007.96,192.5,-192.5,-52.5
188039,64.66,71.86,1007.96,87.5,35.0,-52.5
188068,64.9,71.98,1007.96,-245.0,297.5,-87.5
188098,64.66,71.98,1007.96,-87.5,-280.0,-437.5
188127,64.42,71.74,1007.96,210.0,-385.0,-122.5
188157,64.78,71.61,1007.96,192.5,-122.5,70.0
188186,64.9,71.74,1007.96,-52.5,-140.0,-192.5
188216,64.78,71.49,1007.96,-157.5,-70.0,17.5
188245,64.66,71.37,1008.09,472.5,-665.0,-70.0
188275,64.9,71.49,1007.96,157.5,-227.5,70.0
188304,65.15,71.49,1007.96,-350.0,87.5,157.5
188333,65.15,71.37,1007.96,-35.0,-245.0,-87.5
188362,64.9,71.13,1008.09,262.5,-157.5,140.0
188391,65.15,71.13,1007.96,245.0,-385.0,17.5
188421,65.27,71.0,1007.96,0.0,-52.5,-52.5
188450,65.39,70.88,1008.21,350.0,-192.5,70.0
188480,65.39,70.88,1008.21,297.5,-52.5,105.0
188509,65.39,70.88,1008.09,385.0,-315.0,-17.5
188539,65.39,71.0,1008.09,87.5,-245.0,-122.5
188568,65.39,71.0,1008.09,175.0,52.5,210.0
188598,65.64,70.88,1008.09,245.0,0.0,175.0
188628,65.51,70.88,1008.21,315.0,-105.0,-17.5
188658,65.39,71.0,1008.21,385.0,-525.0,-210.0
188687,65.39,71.0,1008.09,262.5,-525.0,-245.0
188717,65.51,71.13,1008.21,-70.0,105.0,122.5
188746,65.76,71.13,1008.21,437.5,-437.5,-140.0
188775,65.64,71.13,1008.09,227.5,140.0,157.5
188805,65.64,71.25,1008.09,87.5,-87.5,0.0
188834,65.64,71.37,1008.09,105.0,140.0,157.5
188864,65.39,71.49,1008.09,122.5,-280.0,-105.0
188893,65.51,71.49,1007.96,367.5,-385.0,-87.5
188923,65.64,71.49,1007.96,192.5,-192.5,35.0
188952,65.64,71.61,1008.09,350.0,-70.0,122.5
188982,65.64,71.74,1008.09,297.5,-210.0,-35.0
189011,65.51,71.86,1007.96,122.5,-17.5,52.5
189041,65.51,71.98,1007.96,-35.0,-175.0,-157.5
189070,65.39,71.86,1008.21,175.0,-227.5,-140.0
189100,65.51,71.98,1008.21,140.0,-175.0,17.5
189129,65.39,71.98,1008.21,262.5,-157.5,0.0
189159,65.39,72.1,1008.09,175.0,-192.5,17.5
189188,65.51,72.22,1007.96,52.5,-140.0,-52.5
189217,65.51,72.22,1007.96,-192.5,52.5,-52.5
189247,65.51,72.22,1008.09,227.5,-245.0,-52.5
189276,65.39,72.22,1007.96,0.0,-87.5,-35.0
189306,65.64,72.35,1007.96,17.5,-490.0,-437.5
189335,65.51,72.35,1007.96,-87.5,-122.5,-192.5
189364,65.51,72.22,1007.96,0.0,-17.5,-17.5
189393,65.39,72.35,1007.96,70.0,175.0,105.0
189423,65.27,72.35,1007.96,350.0,-367.5,-140.0
189452,65.15,72.47,1007.84,-87.5,-105.0,-87.5
189482,65.15,72.47,1007.96,87.5,-227.5,-52.5
189511,65.15,72.35,1007.96,157.5,-122.5,-17.5
189541,65.15,72.22,1007.96,245.0,-87.5,-17.5
189570,65.15,72.35,1007.96,-35.0,70.0,-17.5
189600,64.9,72.35,1007.96,315.0,-297.5,-87.5
189629,64.9,72.47,1007.96,140.0,-122.5,105.0
189658,65.03,72.47,1007.96,140.0,-262.5,-140.0
189687,64.9,72.47,1007.96,122.5,-52.5,0.0
189716,64.9,72.47,1007.96,157.5,-245.0,-70.0
189745,64.9,72.47,1007.96,35.0,-140.0,-70.0
189774,64.78,72.47,1008.09,-52.5,-70.0,-35.0
189804,64.66,72.47,1007.96,192.5,-245.0,-17.5
189833,64.78,72.47,1007.96,-35.0,17.5,52.5
189863,64.66,72.35,1007.96,122.5,-210.0,-35.0
189892,64.54,72.35,1008.09,315.0,-315.0,-35.0
189922,64.66,72.47,1008.09,122.5,35.0,87.5
189951,64.78,72.47,1008.09,70.0,-140.0,-122.5
189981,64.66,72.47,1008.09,0.0,-87.5,-105.0
190010,64.42,72.47,1008.21,140.0,-280.0,-17.5
190040,64.42,72.47,1008.21,52.5,-70.0,35.0
190070,64.42,72.47,1008.21,245.0,-227.5,-17.5
190100,64.42,72.47,1008.21,140.0,-210.0,-52.5
190129,64.42,72.47,1008.21,17.5,-87.5,-35.0
190158,64.29,72.47,1008.21,175.0,-175.0,-17.5
190187,64.17,72.47,1008.33,367.5,-262.5,52.5
190216,64.42,72.47,1008.21,17.5,-52.5,-52.5
190246,64.29,72.47,1008.33,-105.0,-140.0,-140.0
190275,64.17,72.35,1008.33,87.5,-227.5,17.5
190305,64.17,72.35,1008.33,175.0,-245.0,-35.0
190334,64.17,72.35,1008.45,280.0,-157.5,17.5
190364,64.17,72.35,1008.45,0.0,87.5,122.5
190394,64.05,72.47,1008.45,35.0,-122.5,-70.0
190424,63.93,72.47,1008.45,315.0,-210.0,87.5
190453,64.05,72.47,1008.45,280.0,-332.5,-140.0
190483,64.05,72.47,1008.45,105.0,-122.5,17.5
190512,64.05,72.59,1008.45,-87.5,87.5,52.5
190542,63.93,72.59,1008.57,105.0,-262.5,-52.5
190571,63.68,72.59,1008.7,17.5,-227.5,-105.0
190600,63.68,72.47,1008.7,280.0,-455.0,-52.5
190629,63.81,72.59,1008.7,192.5,-122.5,70.0
190658,63.93,72.71,1008.7,-87.5,-52.5,-140.0
190688,63.68,72.47,1008.7,192.5,-297.5,-122.5
190717,63.56,72.47,1008.57,297.5,-262.5,122.5
190747,63.68,72.59,1008.57,-17.5,0.0,87.5
190776,63.93,72.71,1008.7,140.0,-35.0,-35.0
190806,63.81,72.59,1008.7,35.0,-227.5,-175.0
190835,63.56,72.59,1008.7,210.0,-52.5,140.0
190865,63.68,72.47,1008.7,52.5,0.0,140.0
190895,63.81,72.47,1008.7,245.0,-122.5,70.0
190925,63.81,72.59,1008.7,-17.5,-87.5,-87.5
190954,63.56,72.47,1008.7,105.0,-122.5,17.5
190984,63.44,72.47,1008.82,402.5,-332.5,35.0
191013,63.56,72.59,1008.82,280.0,-210.0,-52.5
191042,63.56,72.71,1008.7,-105.0,-52.5,-17.5
191071,63.44,72.71,1008.7,-70.0,-297.5,-175.0
191100,63.32,72.47,1008.7,332.5,-385.0,-105.0
191129,63.56,72.47,1008.7,227.5,0.0,192.5
191158,63.56,72.59,1008.57,-175.0,87.5,-17.5
191188,63.32,72.71,1008.7,140.0,-157.5,-87.5
191217,63.2,72.71,1008.7,175.0,-175.0,52.5
191247,63.32,72.71,1008.7,52.5,-192.5,-70.0
191276,63.44,72.71,1008.7,-17.5,-140.0,-87.5
191306,63.32,72.71,1008.7,87.5,-105.0,17.5
191335,63.2,72.59,1008.7,315.0,-472.5,-70.0
191365,63.2,72.71,1008.7,-52.5,-105.0,70.0
191394,63.2,72.71,1008.7,-175.0,-297.5,-280.0
191424,62.95,72.47,1008.7,175.0,-437.5,-70.0
191453,63.07,72.59,1008.7,157.5,-350.0,0.0
191483,63.2,72.71,1008.57,-17.5,-245.0,-192.5
191512,63.2,72.47,1008.57,-87.5,-192.5,-70.0
191541,63.32,72.35,1008.57,280.0,-420.0,-17.5
191570,63.44,72.35,1008.45,17.5,-175.0,17.5
191599,63.68,72.35,1008.45,35.0,-175.0,70.0
191629,63.68,72.47,1008.45,-245.0,17.5,-122.5
191658,63.44,72.22,1008.45,-87.5,-157.5,17.5
191688,63.68,72.22,1008.57,-35.0,-122.5,0.0
191717,63.68,72.22,1008.45,-157.5,-105.0,-70.0
191747,63.68,71.98,1008.45,0.0,-87.5,0.0
191777,63.56,71.86,1008.33,175.0,-192.5,0.0
191807,63.44,71.86,1008.33,-122.5,-210.0,-105.0
191836,63.44,71.74,1008.21,-210.0,-245.0,0.0
191866,63.56,71.49,1008.33,157.5,-420.0,-35.0
191895,63.68,71.49,1008.33,-122.5,-52.5,-70.0
191925,63.56,71.25,1008.33,-122.5,-105.0,-17.5
191954,63.44,71.25,1008.33,-70.0,-140.0,35.0
191983,63.44,71.13,1008.33,35.0,-472.5,-245.0
192012,63.44,71.0,1008.45,-87.5,-227.5,-52.5
192041,63.56,70.76,1008.45,87.5,-297.5,17.5
192071,63.68,70.76,1008.45,52.5,-245.0,-17.5
192100,63.68,70.64,1008.45,-17.5,-332.5,-192.5
192129,63.56,70.52,1008.45,-17.5,-367.5,-140.0
192158,63.44,70.27,1008.45,140.0,-542.5,-105.0
192188,63.68,70.03,1008.45,70.0,-140.0,105.0
192217,64.05,70.03,1008.45,0.0,-175.0,-87.5
192247,63.93,69.91,1008.45,0.0,-175.0,-52.5
192276,64.05,69.66,1008.45,245.0,-385.0,-17.5
192306,64.05,69.54,1008.45,140.0,-262.5,-52.5
192335,64.29,69.54,1008.45,87.5,-105.0,-17.5
192365,64.42,69.42,1008.45,122.5,-122.5,-52.5
192394,64.42,69.3,1008.45,157.5,-35.0,70.0
192424,64.54,69.17,1008.45,105.0,87.5,70.0
192454,64.54,69.17,1008.45,385.0,-175.0,0.0
192483,64.42,69.05,1008.45,542.5,-280.0,-105.0
192512,64.42,69.05,1008.57,105.0,-17.5,105.0
192541,64.66,69.17,1008.57,52.5,52.5,87.5
192571,64.54,69.17,1008.57,262.5,-87.5,-17.5
192600,64.42,69.05,1008.45,332.5,-157.5,-52.5
192630,64.42,69.05,1008.45,122.5,-157.5,-17.5
192659,64.42,69.17,1008.57,192.5,-140.0,-17.5
192689,64.42,69.3,1008.7,35.0,70.0,-17.5
192718,64.17,69.05,1008.7,437.5,-332.5,-105.0
192748,64.17,69.05,1008.7,157.5,-122.5,122.5
192777,64.42,69.3,1008.7,350.0,-105.0,35.0
192807,64.42,69.42,1008.7,157.5,-87.5,-87.5
192836,64.05,69.42,1008.7,140.0,-157.5,-35.0
192866,63.93,69.42,1008.7,-52.5,-140.0,-35.0
192895,64.17,69.42,1008.82,105.0,-105.0,0.0
192924,64.29,69.54,1008.82,192.5,-122.5,-17.5
192953,64.17,69.54,1008.94,140.0,-192.5,-140.0
192982,63.93,69.54,1008.94,227.5,-35.0,140.0
193012,63.93,69.66,1008.94,175.0,-262.5,-52.5
193041,63.93,69.78,1008.94,175.0,-122.5,-17.5
193071,64.05,69.78,1008.94,70.0,-210.0,-105.0
193100,63.93,69.78,1008.94,35.0,122.5,52.5
193130,63.81,69.78,1009.06,210.0,-70.0,17.5
193159,63.68,69.78,1009.06,350.0,-262.5,-70.0
193189,63.68,69.91,1009.06,262.5,-210.0,-105.0
193218,63.68,70.03,1008.94,-227.5,-105.0,-192.5
193248,63.68,70.03,1008.94,-192.5,-262.5,-280.0
193277,63.68,69.91,1009.06,52.5,-210.0,-192.5
193307,63.56,69.91,1009.06,245.0,-87.5,-140.0
193336,63.44,70.03,1009.06,52.5,-35.0,52.5
193365,63.2,70.03,1009.18,87.5,-210.0,-87.5
193395,63.2,70.03,1009.18,297.5,-280.0,17.5
193424,63.2,69.91,1009.18,315.0,-315.0,-87.5
193453,63.32,70.03,1009.18,17.5,122.5,192.5
193482,63.44,70.15,1009.18,140.0,-210.0,-105.0
193511,63.2,70.15,1009.18,17.5,0.0,35.0
193541,63.07,70.15,1009.31,227.5,-332.5,-52.5
193571,63.2,70.15,1009.31,122.5,-122.5,0.0
193600,63.2,70.15,1009.31,140.0,-192.5,0.0
193630,63.2,70.15,1009.31,122.5,-70.0,35.0
193659,63.07,70.27,1009.31,245.0,-140.0,-70.0
193689,62.95,70.27,1009.31,140.0,-140.0,70.0
193718,62.95,70.27,1009.31,140.0,-192.5,-35.0
193748,62.95,70.27,1009.43,140.0,-87.5,35.0
193778,62.95,70.39,1009.43,122.5,-105.0,-52.5
193808,62.71,70.39,1009.43,245.0,-227.5,-52.5
193837,62.71,70.39,1009.43,70.0,-175.0,17.5
193866,62.83,70.39,1009.43,52.5,-192.5,-52.5
193896,62.83,70.52,1009.43,122.5,-35.0,70.0
193925,62.71,70.52,1009.43,297.5,-157.5,-17.5
193955,62.71,70.64,1009.43,192.5,-87.5,17.5
193984,62.71,70.76,1009.43,157.5,-245.0,-122.5
194014,62.71,70.76,1009.31,-17.5,-262.5,-192.5
194043,62.71,70.64,1009.31,157.5,-262.5,-122.5
194073,62.59,70.52,1009.31,175.0,-87.5,0.0
194102,62.59,70.52,1009.31,367.5,-210.0,-35.0
194132,62.46,70.76,1009.18,122.5,-122.5,87.5
194161,62.22,70.76,1009.18,262.5,-262.5,52.5
194191,62.46,70.76,1009.06,175.0,-227.5,0.0
194221,62.46,70.88,1009.06,70.0,-157.5,-157.5
194251,62.46,70.88,1009.06,140.0,-192.5,-17.5
194280,62.46,71.0,1009.06,262.5,-245.0,17.5
194309,62.46,71.13,1009.06,-105.0,-17.5,-87.5
194338,62.22,71.0,1009.06,227.5,-297.5,-17.5
194367,62.22,71.0,1009.06,245.0,-262.5,70.0
194397,62.46,71.13,1008.94,140.0,-245.0,-70.0
194426,62.46,71.25,1008.94,-140.0,105.0,35.0
194456,62.46,71.25,1008.82,140.0,-192.5,-122.5
194485,62.34,71.25,1008.82,70.0,-140.0,-87.5
194515,62.22,71.25,1008.7,140.0,-262.5,-87.5
194544,62.34,71.37,1008.7,-70.0,-87.5,-17.5
194574,62.46,71.49,1008.7,17.5,-122.5,-105.0
194603,62.22,71.37,1008.7,70.0,-140.0,-105.0
194633,62.1,71.37,1008.7,87.5,-280.0,-87.5
194662,62.22,71.37,1008.57,-17.5,-140.0,-70.0
194692,62.22,71.25,1008.7,17.5,-87.5,-17.5
194722,62.34,71.25,1008.7,175.0,-157.5,-70.0
194751,62.22,71.37,1008.7,87.5,-17.5,-52.5
194781,62.22,71.25,1008.57,105.0,-105.0,-17.5
194810,62.22,71.25,1008.57,227.5,-472.5,-227.5
194839,62.1,71.37,1008.57,-140.0,-87.5,-157.5
194868,61.98,71.13,1008.45,122.5,-332.5,-17.5
194898,62.22,71.13,1008.45,210.0,-105.0,105.0
194927,62.22,71.13,1008.45,227.5,-297.5,-52.5
194957,61.98,71.25,1008.33,-87.5,17.5,52.5
194986,61.85,71.0,1008.45,105.0,-262.5,52.5
195016,61.98,71.13,1008.45,210.0,-297.5,70.0
195045,62.1,71.0,1008.45,-17.5,-245.0,-70.0
195075,61.98,71.0,1008.45,-105.0,35.0,192.5
195104,62.1,71.0,1008.45,52.5,-227.5,0.0
195133,61.98,71.0,1008.45,17.5,-315.0,-105.0
195162,61.85,70.88,1008.33,-17.5,-385.0,0.0
195191,61.98,70.76,1008.33,-87.5,-175.0,35.0
195221,62.22,70.76,1008.33,0.0,-262.5,-17.5
195250,62.22,70.76,1008.21,87.5,-297.5,-87.5
195280,62.22,70.64,1008.21,17.5,-175.0,87.5
195309,62.22,70.64,1008.21,17.5,-332.5,-70.0
195339,62.34,70.52,1008.21,-70.0,-175.0,-52.5
195368,62.34,70.52,1008.21,122.5,-402.5,-87.5
195398,62.34,70.39,1008.21,105.0,-280.0,35.0
195427,62.46,70.27,1008.09,-17.5,-297.5,-52.5
195457,62.71,70.27,1008.09,52.5,-245.0,-122.5
195486,62.71,70.03,1007.96,17.5,-192.5,-52.5
195516,62.59,69.91,1007.96,280.0,-507.5,-52.5
195545,62.83,69.91,1007.96,490.0,-612.5,-35.0
195574,63.32,70.03,1007.84,-105.0,35.0,-35.0
195604,63.32,70.15,1007.84,-385.0,-35.0,-525.0
195633,62.83,69.78,1007.84,122.5,-420.0,-245.0
195662,62.71,69.54,1007.72,175.0,-490.0,35.0
195691,63.32,69.66,1007.72,-280.0,52.5,0.0
195721,63.44,69.54,1007.72,87.5,-297.5,-262.5
195750,63.44,69.54,1007.72,210.0,-192.5,-52.5
195780,63.44,69.3,1007.6,140.0,-245.0,-105.0
195809,63.68,69.3,1007.48,-105.0,35.0,17.5
195839,63.93,69.42,1007.6,-70.0,70.0,-52.5
195869,63.81,69.3,1007.6,0.0,-87.5,-157.5
195899,63.68,69.3,1007.48,-17.5,-87.5,-52.5
195928,63.68,69.05,1007.48,140.0,-192.5,-87.5
195957,63.68,68.81,1007.23,-17.5,-17.5,105.0
195987,63.81,68.81,1007.35,70.0,-157.5,-122.5
196016,63.68,68.69,1007.23,297.5,-140.0,52.5
196046,63.68,68.69,1007.23,245.0,-87.5,70.0
196075,63.68,68.69,1007.35,35.0,70.0,0.0
196105,63.68,68.56,1007.35,52.5,-105.0,-52.5
196134,63.68,68.56,1007.35,70.0,-175.0,-52.5
196164,63.56,68.32,1007.35,140.0,-87.5,0.0
196193,63.56,68.44,1007.35,262.5,-122.5,0.0
196223,63.44,68.56,1007.35,245.0,-105.0,-70.0
196252,63.44,68.44,1007.23,52.5,-245.0,-105.0
196282,63.32,68.32,1007.23,157.5,-297.5,-17.5
196311,63.44,68.32,1007.23,332.5,-175.0,0.0
196341,63.44,68.32,1007.23,105.0,-35.0,-17.5
196370,63.2,68.32,1007.35,262.5,-297.5,-87.5
196399,63.2,68.44,1007.48,122.5,17.5,140.0
196429,63.2,68.44,1007.23,332.5,-315.0,-17.5
196458,63.2,68.32,1007.35,157.5,0.0,70.0
196488,63.32,68.44,1007.48,350.0,-297.5,0.0
196517,63.32,68.56,1007.35,52.5,35.0,52.5
196547,63.07,68.56,1007.48,52.5,-175.0,-105.0
196576,62.95,68.56,1007.48,315.0,-315.0,35.0
196606,62.95,68.56,1007.48,262.5,-315.0,-52.5
196635,63.2,68.69,1007.48,17.5,52.5,70.0
196665,63.2,68.69,1007.48,245.0,-262.5,-105.0
196694,63.2,68.81,1007.6,227.5,-70.0,105.0
196724,63.07,68.81,1007.6,227.5,-227.5,-52.5
196753,62.95,68.93,1007.6,175.0,-262.5,-157.5
196783,63.07,69.05,1007.72,175.0,-87.5,70.0
196813,63.2,69.05,1007.72,-17.5,17.5,-35.0
196842,63.2,69.05,1007.72,-17.5,17.5,-52.5
196872,62.95,69.05,1007.72,157.5,-140.0,-87.5
196901,62.95,69.17,1007.72,297.5,-175.0,-35.0
196931,62.95,69.3,1007.72,-105.0,122.5,-35.0
196960,62.83,69.3,1007.72,122.5,-437.5,-245.0
196990,62.71,69.3,1007.84,70.0,-87.5,-35.0
197019,62.71,69.3,1007.84,262.5,-140.0,-70.0
197049,62.71,69.3,1007.84,157.5,-70.0,17.5
197078,62.59,69.3,1007.84,-35.0,0.0,-17.5
197108,62.46,69.42,1007.84,175.0,-192.5,-17.5
197137,62.46,69.42,1007.96,297.5,-157.5,-17.5
197167,62.46,69.54,1007.96,175.0,-122.5,-17.5
197196,62.46,69.54,1007.96,140.0,-140.0,-52.5
197225,62.34,69.54,1007.96,-70.0,-35.0,-17.5
197255,62.34,69.66,1007.96,210.0,-245.0,-140.0
197284,62.1,69.54,1007.96,87.5,-122.5,-17.5
197314,62.1,69.54,1007.96,280.0,-332.5,-52.5
197343,62.22,69.66,1007.96,105.0,87.5,105.0
197373,62.22,69.66,1007.96,87.5,-122.5,-52.5
197402,61.85,69.66,1008.09,210.0,-175.0,0.0
197432,61.85,69.78,1008.09,35.0,-87.5,35.0
197461,61.85,69.78,1008.21,227.5,-332.5,-140.0
197491,61.98,69.78,1008.21,-35.0,35.0,17.5
197520,61.73,69.78,1008.21,70.0,-192.5,-87.5
197550,61.73,69.78,1008.21,175.0,-17.5,122.5
197579,61.61,69.78,1008.21,87.5,-280.0,-157.5
197609,61.61,69.78,1008.09,227.5,-332.5,-70.0
197638,61.49,69.78,1008.21,-122.5,-87.5,-70.0
197668,61.49,69.78,1008.21,297.5,-192.5,17.5
197698,61.61,69.91,1008.21,52.5,-70.0,-52.5
197727,61.61,70.03,1008.09,-17.5,-507.5,-542.5
197756,61.37,70.03,1008.21,-140.0,0.0,-280.0
197785,61.24,69.78,1008.21,87.5,-105.0,17.5
197815,61.37,69.78,1008.21,192.5,-70.0,87.5
197844,61.49,69.91,1008.21,52.5,-105.0,-70.0
197874,61.12,69.91,1008.21,192.5,-245.0,-35.0
197903,60.88,69.78,1008.21,105.0,-175.0,87.5
197933,61.0,69.78,1008.21,367.5,-367.5,-70.0
197962,61.12,69.91,1008.21,-140.0,157.5,122.5
197992,61.24,70.03,1008.21,227.5,-332.5,-122.5
198021,61.0,69.91,1008.21,0.0,-122.5,-70.0
198051,60.76,69.78,1008.21,210.0,-420.0,0.0
198081,61.0,69.91,1008.21,157.5,-315.0,35.0
198110,61.37,70.03,1008.09,-105.0,52.5,-70.0
198140,61.12,70.03,1007.96,-245.0,-17.5,-175.0
198169,60.51,69.78,1008.09,17.5,-227.5,70.0
198199,60.51,69.78,1008.09,157.5,-420.0,0.0
198228,60.76,69.78,1008.09,-105.0,-52.5,70.0
198258,60.76,69.78,1008.09,17.5,-140.0,35.0
198287,60.76,69.66,1008.09,-35.0,-227.5,-35.0
198317,60.76,69.54,1007.96,0.0,-157.5,-17.5
198346,60.88,69.42,1008.09,0.0,-192.5,-52.5
198376,60.76,69.3,1008.09,122.5,-227.5,52.5
198405,60.76,69.3,1008.09,-35.0,-105.0,87.5
198435,60.76,69.3,1008.21,70.0,-245.0,-157.5
198464,60.76,69.17,1008.21,192.5,-332.5,-35.0
198494,60.76,69.17,1008.21,-35.0,-420.0,-192.5
198523,60.76,69.17,1008.21,-227.5,-315.0,-490.0
198553,60.27,69.05,1008.33,122.5,-612.5,-262.5
198582,60.27,68.69,1008.21,157.5,-297.5,140.0
198611,61.0,68.69,1008.09,175.0,-227.5,175.0
198640,61.49,68.69,1008.09,-140.0,70.0,0.0
198669,61.37,68.56,1008.09,-175.0,0.0,-105.0
198699,61.0,68.32,1008.09,157.5,-367.5,-122.5
198728,61.12,68.2,1008.09,157.5,-192.5,70.0
198758,61.24,68.32,1008.09,-35.0,-227.5,-35.0
198787,61.49,68.32,1008.09,87.5,-595.0,-262.5
198817,61.37,68.2,1008.21,-315.0,140.0,0.0
198846,61.24,67.95,1008.21,245.0,-525.0,-52.5
198876,61.49,67.71,1008.21,35.0,-35.0,122.5
198905,61.73,67.71,1008.21,157.5,-350.0,-105.0
198935,61.73,67.59,1008.33,-52.5,70.0,87.5
198965,61.61,67.47,1008.45,350.0,-385.0,0.0
198995,61.61,67.47,1008.33,122.5,-227.5,52.5
199024,61.85,67.34,1008.33,87.5,-210.0,-35.0
199053,61.98,67.34,1008.21,87.5,-192.5,-17.5
199083,61.98,67.22,1008.21,-35.0,17.5,17.5
199112,61.98,67.1,1008.21,35.0,35.0,70.0
199142,61.98,67.1,1008.45,367.5,-175.0,-17.5
199171,61.98,67.1,1008.33,297.5,-140.0,17.5
199201,61.98,67.1,1008.33,-87.5,-35.0,-17.5
199230,61.98,67.1,1008.45,350.0,-437.5,-87.5
199260,61.98,66.98,1008.45,280.0,-140.0,17.5
199289,62.22,66.86,1008.33,122.5,-52.5,0.0
199319,62.1,66.98,1008.45,140.0,-52.5,-52.5
199348,61.98,66.98,1008.45,122.5,-227.5,-87.5
199378,61.85,66.98,1008.45,262.5,-315.0,-17.5
199407,61.98,66.86,1008.45,437.5,-315.0,-17.5
199437,62.22,66.86,1008.57,210.0,-17.5,122.5
199466,62.22,67.1,1008.7,157.5,-17.5,17.5
199495,61.98,67.22,1008.7,87.5,-192.5,-105.0
199524,61.73,67.1,1008.7,367.5,-402.5,35.0
199553,62.1,67.1,1008.7,122.5,35.0,105.0
199583,62.34,67.34,1008.7,105.0,0.0,-87.5
199612,62.22,67.34,1008.82,140.0,0.0,-17.5
199642,61.98,67.34,1008.7,122.5,-87.5,0.0
199671,61.85,67.34,1008.82,157.5,-210.0,-70.0
199701,61.85,67.47,1008.82,175.0,-245.0,-87.5
199730,61.98,67.47,1008.82,17.5,-17.5,-17.5
199760,61.98,67.47,1008.94,87.5,-70.0,-70.0
199789,61.98,67.59,1008.94,175.0,-70.0,-35.0
199819,61.73,67.59,1008.82,35.0,-52.5,-52.5
199849,61.49,67.59,1008.94,367.5,-227.5,-17.5
199879,61.49,67.59,1008.94,280.0,-157.5,52.5
199908,61.61,67.71,1008.82,17.5,-157.5,-70.0
199937,61.61,67.71,1008.82,-70.0,-122.5,-157.5
199966,61.49,67.71,1008.94,385.0,-402.5,-157.5
199995,61.37,67.83,1009.06,175.0,-87.5,52.5
200025,61.37,67.95,1009.06,0.0,-192.5,-140.0
200054,61.24,67.95,1009.06,17.5,-157.5,-52.5
200084,61.37,67.83,1009.06,227.5,-87.5,17.5
200113,61.37,67.95,1009.06,70.0,0.0,-87.5
200143,61.24,67.95,1009.06,87.5,-140.0,-87.5
200172,61.12,67.95,1009.18,52.5,-122.5,0.0
200202,61.12,68.08,1009.18,140.0,-157.5,-52.5
200231,61.0,67.95,1009.18,262.5,-262.5,-52.5
200261,61.0,67.95,1009.18,105.0,-35.0,52.5
200290,61.0,67.95,1009.18,122.5,-210.0,-140.0
200320,61.0,67.95,1009.18,140.0,35.0,140.0
200350,61.0,68.08,1009.31,140.0,-227.5,-122.5
200380,60.76,68.08,1009.31,192.5,-87.5,52.5
200410,60.76,68.08,1009.18,157.5,-315.0,-122.5
200439,60.76,68.08,1009.31,35.0,-35.0,-35.0
200469,60.63,68.08,1009.18,87.5,-122.5,0.0
200498,60.63,68.08,1009.18,105.0,0.0,52.5
200528,60.63,68.08,1009.18,157.5,-245.0,-122.5
200557,60.51,68.08,1009.18,245.0,-157.5,35.0
200587,60.39,68.08,1009.18,175.0,-210.0,-17.5
200616,60.39,68.08,1009.18,105.0,-157.5,-52.5
200646,60.27,68.2,1009.18,192.5,-157.5,-35.0
200675,60.39,68.32,1009.18,280.0,-192.5,-52.5
200705,60.27,68.32,1009.18,-105.0,-175.0,-157.5
200734,60.15,68.32,1009.18,175.0,-350.0,-52.5
200764,60.39,68.32,1009.18,87.5,17.5,0.0
200794,60.51,68.32,1009.18,262.5,-157.5,-87.5
200824,60.27,68.32,1009.18,17.5,-17.5,-87.5
200854,60.02,68.44,1009.18,52.5,-262.5,-105.0
200883,59.78,68.44,1009.18,157.5,-122.5,122.5
200912,60.15,68.56,1009.18,157.5,-175.0,-87.5
200941,60.15,68.44,1009.18,70.0,-87.5,-105.0
200971,60.02,68.44,1009.18,70.0,-192.5,-17.5
201000,59.78,68.56,1009.18,52.5,-192.5,-87.5
201030,59.78,68.44,1009.18,70.0,-175.0,-17.5
201059,59.9,68.44,1009.06,-35.0,-192.5,-157.5
201089,59.9,68.44,1009.06,-105.0,-140.0,-140.0
201118,59.78,68.44,1009.06,-70.0,-17.5,-52.5
201148,59.78,68.32,1009.06,175.0,-210.0,-35.0
201177,59.66,68.32,1009.18,210.0,-210.0,-87.5
201207,59.54,68.32,1009.06,-17.5,-70.0,52.5
201237,59.54,68.32,1008.94,105.0,-157.5,-35.0
201267,59.66,68.2,1008.94,192.5,-87.5,0.0
201297,59.41,68.2,1008.94,140.0,-210.0,0.0
201326,59.29,68.08,1008.94,350.0,-385.0,-52.5
201355,59.41,68.08,1008.82,437.5,-472.5,-70.0
201384,59.54,68.2,1008.7,-157.5,-17.5,0.0
201414,59.41,68.2,1008.7,35.0,-245.0,0.0
201443,59.29,68.08,1008.7,192.5,-227.5,122.5
201473,59.29,68.2,1008.7,367.5,-542.5,-70.0
201502,59.29,68.32,1008.7,-105.0,-175.0,105.0
201532,59.29,68.32,1008.57,70.0,-595.0,-105.0
201561,59.41,68.08,1008.57,35.0,-367.5,-52.5
201591,59.41,67.95,1008.57,35.0,-192.5,227.5
201620,59.54,68.08,1008.57,472.5,-560.0,70.0
201650,60.02,68.32,1008.45,87.5,-315.0,-35.0
201679,59.9,68.32,1008.57,-105.0,-210.0,-70.0
201709,60.02,68.2,1008.57,315.0,-350.0,87.5
201738,60.27,68.32,1008.57,297.5,-210.0,70.0
201767,60.51,68.32,1008.45,-350.0,87.5,17.5
201797,60.51,68.32,1008.45,-210.0,-17.5,17.5
201826,60.63,68.32,1008.57,87.5,-157.5,-35.0
201856,60.51,68.2,1008.45,-105.0,-122.5,0.0
201885,60.63,68.08,1008.45,-175.0,-17.5,35.0
201915,60.76,68.08,1008.57,122.5,-280.0,-17.5
201944,60.88,67.95,1008.7,-140.0,35.0,52.5
201974,60.76,67.83,1008.7,-35.0,-105.0,-70.0
202003,60.76,67.83,1008.57,35.0,-210.0,-70.0
202033,60.76,67.71,1008.7,17.5,-192.5,35.0
202062,60.76,67.59,1008.7,70.0,-297.5,-87.5
202092,60.76,67.47,1008.7,0.0,-122.5,35.0
202122,60.88,67.47,1008.7,70.0,-210.0,17.5
202152,60.88,67.34,1008.57,-52.5,-192.5,-87.5
202181,60.63,67.1,1008.57,437.5,-630.0,-70.0
202211,60.63,67.1,1008.57,350.0,-490.0,-17.5
202240,60.76,67.1,1008.45,175.0,-542.5,-262.5
202269,60.88,67.1,1008.45,-245.0,-262.5,-210.0
202298,61.24,67.1,1008.57,-17.5,-420.0,-280.0
202327,61.49,66.98,1008.57,122.5,-70.0,-262.5
202357,61.49,66.86,1008.57,87.5,122.5,70.0
202386,61.24,66.61,1008.57,87.5,-175.0,87.5
202416,61.24,66.61,1008.7,-17.5,17.5,140.0
202445,61.49,66.49,1008.7,367.5,-315.0,-52.5
202475,61.73,66.37,1008.57,280.0,175.0,157.5
202504,61.73,66.49,1008.57,157.5,157.5,105.0
202534,61.61,66.61,1008.57,-17.5,105.0,0.0
202564,61.24,66.49,1008.57,227.5,-297.5,17.5
202594,61.24,66.49,1008.57,280.0,-262.5,70.0
202623,61.61,66.49,1008.7,157.5,-35.0,17.5
202653,61.49,66.49,1008.57,105.0,-35.0,52.5
202683,61.49,66.49,1008.57,192.5,-175.0,-70.0
202712,61.24,66.49,1008.7,210.0,-210.0,-17.5
202741,61.12,66.37,1008.7,245.0,-140.0,105.0
202770,61.24,66.49,1008.7,280.0,-175.0,35.0
202800,61.37,66.49,1008.7,157.5,-157.5,-17.5
202829,61.37,66.61,1008.7,35.0,-17.5,0.0
202859,61.24,66.61,1008.7,87.5,-70.0,-105.0
202888,61.0,66.61,1008.7,227.5,-297.5,-105.0
202918,61.12,66.61,1008.7,332.5,-280.0,-35.0
202947,61.24,66.73,1008.7,140.0,-175.0,-35.0
202977,61.37,66.73,1008.57,87.5,-157.5,-87.5
203006,61.24,66.61,1008.57,52.5,87.5,-52.5
203036,61.0,66.61,1008.57,367.5,-367.5,-35.0
203065,61.0,66.86,1008.57,70.0,-35.0,52.5
203095,61.0,66.86,1008.57,105.0,-262.5,-245.0
203124,60.76,66.73,1008.57,315.0,-210.0,35.0
203153,61.0,66.73,1008.45,210.0,-52.5,0.0
203183,61.12,66.86,1008.57,-87.5,0.0,-87.5
203212,61.0,66.98,1008.57,140.0,-105.0,-70.0
203242,60.76,66.98,1008.57,280.0,-297.5,-35.0
203271,60.76,66.98,1008.57,52.5,-280.0,-122.5
203301,60.76,66.98,1008.57,122.5,-35.0,17.5
203330,60.88,67.1,1008.57,35.0,-70.0,-70.0
203360,60.76,67.1,1008.57,105.0,-315.0,-210.0
203389,60.76,67.1,1008.7,157.5,-52.5,87.5
203419,60.63,67.1,1008.7,140.0,-140.0,-105.0
203448,60.51,67.1,1008.7,192.5,-87.5,35.0
203478,60.63,67.22,1008.7,280.0,-105.0,-17.5
203507,60.51,67.22,1008.7,140.0,-87.5,-70.0
203537,60.51,67.34,1008.7,52.5,0.0,35.0
203567,60.39,67.34,1008.7,105.0,-17.5,-52.5
203596,60.15,67.34,1008.7,227.5,-140.0,0.0
203626,60.27,67.34,1008.7,157.5,-227.5,-17.5
203655,60.39,67.47,1008.7,52.5,-175.0,-140.0
203685,60.27,67.47,1008.7,-17.5,-157.5,-210.0
203714,60.02,67.34,1008.7,210.0,-175.0,-52.5
203744,60.02,67.34,1008.7,192.5,-105.0,0.0
203773,60.02,67.47,1008.82,210.0,-157.5,-35.0
203803,59.78,67.47,1008.82,280.0,-315.0,0.0
203832,59.78,67.59,1008.82,157.5,-140.0,70.0
203862,60.02,67.71,1008.82,105.0,-122.5,-87.5
203891,59.9,67.71,1008.7,192.5,-157.5,-17.5
203921,59.9,67.83,1008.7,315.0,-350.0,-35.0
203950,59.9,67.83,1008.7,-35.0,-52.5,-52.5
203980,59.78,67.95,1008.7,-35.0,-157.5,-122.5
204009,59.78,67.83,1008.57,17.5,-140.0,-70.0
204038,59.54,67.83,1008.57,227.5,-262.5,35.0
204068,59.66,67.83,1008.7,122.5,-122.5,0.0
204097,59.78,67.83,1008.7,157.5,-192.5,-70.0
204126,59.66,67.95,1008.7,87.5,-35.0,52.5
204155,59.54,67.95,1008.57,-17.5,-87.5,-52.5
204185,59.41,67.95,1008.7,245.0,-245.0,0.0
204214,59.41,67.95,1008.57,122.5,-262.5,-52.5
204244,59.41,67.95,1008.57,70.0,-175.0,-87.5
204273,59.41,67.95,1008.7,210.0,-280.0,-70.0
204303,59.41,67.95,1008.57,210.0,-175.0,17.5
204332,59.54,68.08,1008.57,-70.0,-70.0,-35.0
204362,59.41,68.08,1008.7,262.5,-192.5,-35.0
204391,59.29,68.08,1008.7,280.0,-157.5,0.0
204421,59.29,68.08,1008.7,87.5,-175.0,-17.5
204450,59.29,68.2,1008.7,105.0,-262.5,-52.5
204480,59.29,68.2,1008.7,17.5,-332.5,-175.0
204509,59.29,68.08,1008.57,122.5,-262.5,-87.5
204538,59.29,68.2,1008.7,52.5,-157.5,-17.5
204568,59.29,68.2,1008.7,70.0,-227.5,-17.5
204597,59.29,68.32,1008.7,52.5,-262.5,0.0
204627,59.29,68.2,1008.7,122.5,-315.0,-105.0
204656,59.29,68.08,1008.7,105.0,-227.5,105.0
204686,59.54,68.08,1008.57,-122.5,-35.0,122.5
204715,59.78,68.2,1008.57,-227.5,105.0,-140.0
204745,59.41,68.2,1008.57,-140.0,-175.0,-192.5
204774,59.17,68.08,1008.57,17.5,-525.0,-175.0
204804,59.41,68.08,1008.57,-140.0,-280.0,-140.0
204833,59.54,68.08,1008.57,-35.0,-192.5,-35.0
204863,59.66,67.83,1008.57,52.5,-280.0,-35.0
204892,59.78,67.83,1008.57,-385.0,-52.5,-122.5
204922,59.54,67.59,1008.7,-70.0,-280.0,-52.5
204951,59.29,67.34,1008.7,35.0,-227.5,105.0
204981,59.41,67.34,1008.7,367.5,-420.0,122.5
205010,59.54,67.34,1008.7,-87.5,-87.5,87.5
205039,59.54,67.22,1008.7,262.5,-560.0,-52.5
205068,59.54,66.98,1008.57,297.5,-280.0,280.0
205097,59.9,66.98,1008.57,-35.0,-210.0,52.5
205127,60.02,66.86,1008.7,-87.5,-350.0,-297.5
205156,59.78,66.61,1008.7,210.0,-315.0,227.5
205186,60.15,66.86,1008.7,-52.5,-227.5,70.0
205215,60.27,66.86,1008.7,-140.0,-262.5,-227.5
205245,60.02,66.49,1008.7,35.0,-280.0,35.0
205274,60.15,66.25,1008.7,297.5,-210.0,175.0
205304,60.51,66.37,1008.7,0.0,-140.0,-70.0
205333,60.27,66.25,1008.82,17.5,-315.0,-122.5
205363,60.02,66.0,1008.82,350.0,-437.5,122.5
205392,60.51,66.0,1008.82,280.0,-262.5,70.0
205422,60.88,66.0,1008.82,-52.5,-35.0,-17.5
205452,60.88,65.88,1008.82,87.5,-262.5,-87.5
205481,60.76,65.88,1008.94,245.0,-280.0,35.0
205511,60.76,65.88,1008.82,157.5,-525.0,-140.0
205540,61.0,65.76,1008.82,52.5,-157.5,-35.0
205570,61.49,65.76,1008.94,122.5,122.5,87.5
205599,61.49,65.64,1008.94,105.0,35.0,-70.0
205629,61.24,65.51,1008.94,262.5,-210.0,-35.0
205658,61.24,65.51,1008.94,227.5,-245.0,70.0
205688,61.49,65.64,1008.94,35.0,140.0,87.5
205717,61.61,65.64,1008.94,175.0,-140.0,-87.5
205747,61.61,65.64,1008.94,122.5,105.0,87.5
205776,61.37,65.64,1008.94,70.0,-122.5,-105.0
205806,61.0,65.51,1008.82,350.0,-437.5,-122.5
205835,61.24,65.39,1008.7,192.5,-157.5,-35.0
205865,61.49,65.64,1008.7,-192.5,87.5,-35.0
205894,61.49,65.64,1008.82,157.5,-297.5,-175.0
205923,61.24,65.51,1008.82,245.0,-262.5,-175.0
205952,61.24,65.39,1008.82,245.0,-245.0,0.0
205981,61.37,65.64,1008.82,210.0,-297.5,-122.5
206010,61.37,65.64,1008.82,175.0,-210.0,-140.0
206039,61.24,65.64,1008.82,157.5,-140.0,-87.5
206069,61.37,65.51,1008.82,332.5,-140.0,0.0
206098,61.61,65.64,1008.7,192.5,122.5,245.0
206128,61.61,65.88,1008.7,-70.0,157.5,-35.0
206157,61.24,65.76,1008.7,192.5,-297.5,-157.5
206187,61.0,65.76,1008.7,227.5,-245.0,0.0
206216,61.12,65.88,1008.7,105.0,-140.0,-52.5
206246,61.24,65.88,1008.57,52.5,52.5,17.5
206276,61.24,65.88,1008.57,297.5,-262.5,-122.5
206306,61.12,65.88,1008.57,192.5,0.0,70.0
206336,61.0,65.88,1008.57,210.0,-175.0,-35.0
206365,61.0,66.0,1008.45,52.5,0.0,-35.0
206395,60.76,66.12,1008.57,210.0,-245.0,-122.5
206424,60.88,66.12,1008.7,280.0,-87.5,70.0
206454,60.88,66.25,1008.7,175.0,-140.0,-157.5
206483,60.76,66.25,1008.7,140.0,-52.5,-70.0
206513,60.76,66.37,1008.7,332.5,-227.5,-17.5
206542,60.76,66.37,1008.45,-122.5,0.0,-105.0
206572,60.63,66.37,1008.45,0.0,-245.0,-210.0
206601,60.51,66.37,1008.45,87.5,-210.0,-140.0
206631,60.51,66.37,1008.45,297.5,-175.0,-52.5
206660,60.51,66.49,1008.45,-17.5,-35.0,-105.0
206690,60.39,66.61,1008.57,157.5,-175.0,-140.0
206719,60.15,66.61,1008.57,122.5,-210.0,-70.0
206749,60.02,66.61,1008.57,280.0,-367.5,-105.0
206778,60.27,66.61,1008.45,17.5,0.0,-17.5
206808,60.27,66.61,1008.57,122.5,-70.0,-35.0
206837,60.15,66.73,1008.7,35.0,17.5,0.0
206866,59.9,66.73,1008.57,192.5,-332.5,-122.5
206895,59.78,66.73,1008.57,52.5,-245.0,0.0
206924,59.9,66.73,1008.7,332.5,-402.5,-70.0
206954,60.02,66.73,1008.57,-35.0,140.0,192.5
206983,60.02,66.86,1008.57,105.0,-175.0,-140.0
207012,59.9,66.86,1008.7,105.0,-17.5,70.0
207041,59.78,66.86,1008.57,0.0,-87.5,-17.5
207071,59.78,66.86,1008.57,0.0,-122.5,0.0
207101,59.66,66.86,1008.7,245.0,-332.5,-105.0
207131,59.66,66.86,1008.7,280.0,-122.5,140.0
207160,59.66,66.86,1008.7,35.0,-122.5,-70.0
207190,59.66,66.98,1008.7,122.5,-105.0,0.0
207219,59.54,66.98,1008.7,175.0,-350.0,-140.0
207249,59.41,66.86,1008.7,17.5,-52.5,87.5
207279,59.54,67.1,1008.7,157.5,-122.5,0.0
207308,59.54,66.98,1008.7,245.0,-350.0,-192.5
207337,59.41,66.98,1008.7,-17.5,-262.5,-52.5
207366,59.54,67.1,1008.7,105.0,-280.0,-105.0
207395,59.54,66.98,1008.7,192.5,-52.5,52.5
207424,59.41,66.98,1008.57,175.0,-122.5,0.0
207454,59.54,67.1,1008.7,70.0,-122.5,-70.0
207483,59.29,67.1,1008.7,-87.5,-87.5,-70.0
207513,59.17,67.1,1008.82,122.5,-140.0,52.5
207542,59.29,67.1,1008.7,262.5,-157.5,35.0
207572,59.29,67.1,1008.82,0.0,-70.0,35.0
207602,59.29,67.1,1008.82,87.5,-210.0,0.0
207632,59.05,67.1,1008.94,52.5,-157.5,17.5
207661,58.93,67.1,1008.94,280.0,-385.0,-122.5
207691,58.8,67.1,1008.94,105.0,-490.0,70.0
207720,58.8,67.1,1008.94,17.5,-315.0,122.5
207750,59.05,67.1,1008.94,105.0,-367.5,-70.0
207779,59.05,67.1,1008.94,105.0,-227.5,35.0
207808,59.29,67.1,1008.94,-35.0,-245.0,210.0
207837,59.41,67.22,1008.94,-157.5,35.0,17.5
207866,59.29,67.1,1008.94,0.0,-210.0,-52.5
207896,59.17,66.98,1008.94,157.5,-210.0,122.5
207925,59.29,66.98,1008.94,-17.5,-245.0,-70.0
207955,59.41,66.98,1008.94,227.5,-297.5,-17.5
207984,59.29,66.98,1008.94,122.5,-297.5,70.0
208014,59.54,66.98,1008.94,-192.5,-52.5,52.5
208043,59.66,66.86,1008.94,-157.5,0.0,-105.0
208073,59.54,66.86,1009.06,315.0,-157.5,52.5
208102,59.54,66.86,1008.94,175.0,-332.5,-35.0
208132,59.54,66.73,1008.94,-315.0,-157.5,-52.5
208161,59.66,66.61,1008.94,-17.5,-297.5,-35.0
208191,59.78,66.61,1009.06,140.0,-315.0,-35.0
208220,59.78,66.37,1009.06,122.5,-157.5,70.0
208249,59.66,66.37,1009.06,-87.5,-227.5,0.0
208279,59.66,66.37,1009.06,105.0,-280.0,52.5
208308,59.54,66.37,1009.18,280.0,-472.5,-35.0
208338,59.66,66.25,1009.18,122.5,-280.0,35.0
208367,59.9,66.25,1009.06,0.0,-245.0,-122.5
208397,60.02,66.25,1009.18,122.5,-105.0,-87.5
208426,60.02,66.25,1009.18,157.5,-315.0,-157.5
208456,60.15,66.12,1009.18,70.0,-227.5,17.5
208485,60.51,66.12,1009.18,-122.5,-35.0,-70.0
208515,60.51,66.0,1009.18,87.5,-35.0,17.5
208545,60.63,66.0,1009.18,262.5,-227.5,35.0
208575,61.24,66.12,1009.18,-315.0,437.5,-122.5
208604,61.24,66.0,1009.18,-280.0,245.0,-367.5
208634,60.76,65.64,1009.18,-70.0,280.0,-52.5
208663,60.39,65.39,1009.18,157.5,-105.0,105.0
208692,60.51,65.39,1009.18,-227.5,507.5,175.0
208721,60.27,65.39,1009.43,192.5,-52.5,-297.5
208750,59.66,65.15,1009.43,210.0,-122.5,-157.5
208779,59.29,64.9,1009.43,560.0,-367.5,-52.5
208808,59.54,64.9,1009.43,140.0,0.0,-87.5
208838,59.66,65.03,1009.43,105.0,35.0,-175.0
208867,59.41,65.15,1009.43,157.5,-210.0,-157.5
208897,59.05,65.15,1009.55,-35.0,-140.0,-192.5
208926,58.8,64.9,1009.55,17.5,-70.0,-227.5
208956,58.44,64.9,1009.55,420.0,-385.0,-227.5
208985,58.32,64.9,1009.55,367.5,-490.0,-122.5
209015,58.56,64.9,1009.55,-87.5,35.0,17.5
209045,58.56,65.03,1009.67,175.0,-87.5,-17.5
209075,58.56,64.9,1009.67,402.5,-175.0,-52.5
209104,58.56,64.9,1009.67,35.0,35.0,-35.0
209133,58.56,64.9,1009.67,17.5,-35.0,-35.0
209163,58.56,65.03,1009.67,192.5,-17.5,-52.5
209192,58.19,65.15,1009.79,210.0,-262.5,-210.0
209221,57.83,65.03,1009.79,52.5,-210.0,17.5
209250,58.07,65.15,1009.92,17.5,-70.0,0.0
209280,58.07,65.15,1009.92,35.0,-122.5,-227.5
209309,57.58,64.9,1009.92,420.0,-455.0,-87.5
209339,57.34,64.9,1009.79,175.0,-455.0,0.0
209368,57.71,65.03,1009.92,105.0,-245.0,35.0
209398,58.07,65.15,1009.92,17.5,175.0,17.5
209428,58.07,65.15,1009.92,87.5,52.5,-157.5
209458,57.46,65.03,1009.92,35.0,-105.0,-175.0
209487,56.85,65.15,1010.04,17.5,-315.0,-87.5
209517,56.49,65.15,1010.16,192.5,-420.0,87.5
209547,56.85,65.27,1010.16,262.5,-315.0,0.0
209576,56.85,65.15,1010.04,175.0,-367.5,-175.0
209605,56.73,64.9,1009.92,175.0,-315.0,157.5
209634,57.1,64.9,1009.92,192.5,-315.0,192.5
209664,57.58,64.9,1009.79,245.0,-175.0,-17.5
209693,57.83,65.03,1009.92,122.5,87.5,52.5
209723,57.58,65.15,1009.79,140.0,-35.0,-17.5
209752,57.1,65.15,1009.79,297.5,-455.0,-52.5
209782,56.97,65.27,1009.92,315.0,-192.5,122.5
209811,57.34,65.39,1009.79,297.5,-367.5,-17.5
209841,57.58,65.51,1009.79,-87.5,-35.0,35.0
209871,57.58,65.64,1009.79,192.5,-245.0,-70.0
209901,57.34,65.64,1009.79,140.0,-245.0,-35.0
209930,57.34,65.51,1009.67,297.5,-525.0,-35.0
209959,57.46,65.64,1009.67,105.0,-157.5,140.0
209988,57.83,65.64,1009.67,210.0,-350.0,-35.0
210017,57.95,65.88,1009.67,140.0,-192.5,-70.0
210047,58.07,65.88,1009.67,105.0,-87.5,0.0
210076,58.07,66.0,1009.67,35.0,-105.0,-17.5
210106,57.95,65.88,1009.79,280.0,-245.0,17.5
210135,58.07,66.0,1009.67,280.0,-227.5,157.5
210165,58.19,66.12,1009.67,35.0,-175.0,-122.5
210194,58.19,66.12,1009.67,-175.0,-122.5,-122.5
210224,58.07,66.12,1009.67,280.0,-367.5,-52.5
210253,58.07,66.12,1009.67,122.5,-105.0,35.0
210283,58.07,66.37,1009.67,140.0,-210.0,-87.5
210312,58.07,66.37,1009.67,280.0,-367.5,-70.0
210342,58.07,66.25,1009.55,87.5,-367.5,-105.0
210371,58.32,66.37,1009.55,17.5,-175.0,35.0
210400,58.32,66.37,1009.55,192.5,-157.5,-52.5
210429,58.44,66.37,1009.55,297.5,-192.5,-35.0
210458,58.44,66.49,1009.55,157.5,-157.5,0.0
210488,58.44,66.61,1009.55,-35.0,-17.5,-52.5
210517,58.32,66.61,1009.55,315.0,-367.5,-35.0
210547,58.32,66.61,1009.43,350.0,-472.5,-70.0
210576,58.56,66.61,1009.43,0.0,-70.0,70.0
210606,58.56,66.86,1009.55,175.0,-350.0,-87.5
210635,58.56,66.86,1009.55,17.5,-87.5,105.0
210665,58.56,66.86,1009.43,0.0,-332.5,-105.0
210694,58.56,66.86,1009.55,-35.0,-350.0,-35.0
210724,58.68,66.73,1009.43,87.5,-280.0,87.5
210754,58.93,66.86,1009.43,87.5,-245.0,0.0
210784,59.05,66.86,1009.43,-52.5,-157.5,-35.0
210813,59.05,66.86,1009.55,87.5,-262.5,-17.5
210842,59.05,66.86,1009.55,332.5,-472.5,17.5
210872,59.17,66.86,1009.55,17.5,-175.0,70.0
210901,59.29,66.86,1009.43,35.0,-350.0,-140.0
210931,59.41,66.86,1009.55,-52.5,-17.5,87.5
210960,59.41,66.86,1009.55,87.5,-385.0,-122.5
210990,59.41,66.86,1009.55,-140.0,-17.5,122.5
211019,59.54,66.86,1009.43,70.0,-420.0,-122.5
211049,59.41,66.73,1009.55,175.0,-175.0,105.0
211078,59.54,66.73,1009.43,315.0,-525.0,-52.5
211108,59.66,66.61,1009.43,-227.5,-140.0,0.0
211137,59.78,66.61,1009.43,157.5,-577.5,-87.5
211167,59.9,66.61,1009.43,157.5,-437.5,-70.0
211196,60.02,66.49,1009.43,105.0,-157.5,70.0
211225,60.27,66.49,1009.43,140.0,-262.5,35.0
211255,60.51,66.49,1009.31,70.0,-262.5,-35.0
211284,60.51,66.49,1009.43,0.0,-297.5,-175.0
211314,60.51,66.37,1009.43,245.0,-175.0,35.0
211343,61.0,66.37,1009.43,122.5,17.5,157.5
211373,61.12,66.49,1009.43,-87.5,-175.0,-175.0
211402,60.88,66.37,1009.43,70.0,-350.0,-52.5
211432,60.88,66.37,1009.43,262.5,-385.0,17.5
211461,61.24,66.25,1009.31,192.5,-245.0,17.5
211491,61.37,66.25,1009.31,70.0,-140.0,-52.5
211520,61.49,66.12,1009.31,245.0,-140.0,87.5
211550,61.49,66.12,1009.31,280.0,-87.5,87.5
211579,61.49,66.25,1009.18,210.0,-87.5,-17.5
211609,61.49,66.12,1009.18,262.5,-192.5,35.0
211638,61.61,66.12,1009.18,297.5,-70.0,122.5
211667,61.98,66.37,1009.18,87.5,-52.5,-52.5
211697,61.85,66.37,1009.18,-52.5,35.0,-122.5
211726,61.49,66.25,1009.18,367.5,-262.5,35.0
211756,61.61,66.37,1009.18,525.0,-350.0,-35.0
211785,61.85,66.49,1008.94,-87.5,140.0,-17.5
211815,61.85,66.61,1008.94,-87.5,-122.5,-122.5
211844,61.73,66.49,1008.94,122.5,-175.0,-70.0
211874,61.73,66.37,1008.82,210.0,-17.5,-70.0
211903,61.73,66.37,1008.7,35.0,-70.0,-17.5
211933,61.49,66.49,1008.7,262.5,-385.0,-245.0
211962,61.49,66.49,1008.7,210.0,-210.0,35.0
211992,61.73,66.61,1008.7,157.5,-105.0,-52.5
212021,61.85,66.61,1008.7,245.0,-87.5,52.5
212051,61.98,66.73,1008.57,210.0,-315.0,-175.0
212080,61.73,66.86,1008.57,-280.0,175.0,-105.0
212109,61.37,66.86,1008.57,157.5,-367.5,-105.0
212138,61.24,66.86,1008.57,105.0,-280.0,-17.5
212167,61.49,66.86,1008.7,122.5,-192.5,35.0
212197,61.49,66.86,1008.57,490.0,-612.5,-210.0
212226,61.61,66.86,1008.57,87.5,-105.0,140.0
212256,61.73,66.98,1008.57,175.0,-227.5,-122.5
212285,61.73,66.98,1008.57,122.5,-35.0,35.0
212315,61.73,66.98,1008.57,297.5,-280.0,0.0
212344,61.85,67.1,1008.45,87.5,-52.5,-52.5
212374,61.85,67.1,1008.57,105.0,-122.5,-52.5
212403,61.73,67.1,1008.45,262.5,-245.0,-17.5
212433,61.73,67.1,1008.57,52.5,70.0,35.0
212463,61.73,67.34,1008.57,315.0,-280.0,-87.5
212493,61.73,67.34,1008.45,105.0,-140.0,-70.0
212522,61.73,67.34,1008.57,35.0,-157.5,-70.0
212552,61.61,67.34,1008.57,315.0,-367.5,-87.5
212581,61.61,67.34,1008.57,245.0,-87.5,52.5
212610,61.73,67.47,1008.7,87.5,-105.0,-105.0
212639,61.61,67.59,1008.7,157.5,-227.5,-70.0
212668,61.49,67.59,1008.7,227.5,-192.5,17.5
212698,61.61,67.71,1008.7,227.5,-175.0,-35.0
212727,61.61,67.59,1008.57,140.0,-175.0,-87.5
212757,61.73,67.83,1008.57,175.0,-17.5,87.5
212786,61.85,67.95,1008.7,52.5,-52.5,-17.5
212816,61.73,67.95,1008.7,157.5,-332.5,-262.5
212845,61.49,67.83,1008.57,192.5,-192.5,70.0
212875,61.61,68.08,1008.57,-70.0,-105.0,-70.0
212904,61.61,68.08,1008.7,297.5,-262.5,-87.5
212934,61.73,68.08,1008.7,122.5,0.0,105.0
212964,61.73,68.2,1008.7,105.0,-87.5,-35.0
212994,61.49,68.32,1008.7,105.0,-210.0,-157.5
213023,61.37,68.32,1008.7,245.0,-280.0,-35.0
213052,61.49,68.32,1008.82,-52.5,-17.5,87.5
213082,61.61,68.44,1008.82,332.5,-332.5,-70.0
213111,61.61,68.44,1008.82,140.0,-245.0,-105.0
213140,61.61,68.44,1008.94,-17.5,-122.5,-70.0
213169,61.61,68.44,1008.94,52.5,-122.5,-70.0
213199,61.49,68.44,1008.82,17.5,-245.0,-192.5
213228,61.37,68.44,1008.94,-70.0,-122.5,-52.5
213258,61.49,68.44,1009.06,227.5,-210.0,35.0
213287,61.61,68.56,1009.06,175.0,-192.5,17.5
213317,61.61,68.56,1009.06,-35.0,-227.5,-227.5
213346,61.49,68.44,1009.06,175.0,-192.5,-35.0
213376,61.49,68.32,1009.06,385.0,-105.0,157.5
213405,61.73,68.44,1008.94,175.0,-122.5,-35.0
213435,61.49,68.56,1008.94,122.5,-192.5,-105.0
213464,61.37,68.56,1008.94,52.5,-122.5,17.5
213494,61.49,68.56,1008.94,70.0,-87.5,35.0
213524,61.73,68.69,1008.94,122.5,-87.5,-52.5
213553,61.61,68.56,1008.82,17.5,-105.0,-157.5
213582,61.24,68.69,1008.94,-122.5,-70.0,-35.0
213611,61.0,68.69,1008.94,332.5,-402.5,-52.5
213641,61.0,68.56,1008.94,175.0,-245.0,87.5
213670,61.24,68.56,1008.82,-70.0,-52.5,52.5
213700,61.49,68.69,1008.94,87.5,-122.5,-70.0
213729,61.37,68.56,1008.82,0.0,105.0,122.5
213759,61.24,68.56,1008.94,157.5,-122.5,87.5
213788,61.12,68.69,1008.94,192.5,-332.5,-122.5
213818,61.12,68.69,1008.94,70.0,-210.0,-17.5
213847,61.12,68.69,1008.94,122.5,-245.0,0.0
213877,61.12,68.69,1008.94,-35.0,-175.0,-17.5
213906,61.0,68.69,1008.94,35.0,-297.5,-157.5
213936,60.88,68.56,1008.94,87.5,-472.5,-192.5
213965,61.0,68.56,1008.94,192.5,-472.5,-175.0
213994,61.24,68.56,1008.94,-420.0,157.5,-52.5
214023,61.24,68.69,1009.06,70.0,-332.5,-140.0
214052,61.12,68.56,1009.06,420.0,-385.0,17.5
214082,61.24,68.56,1008.94,17.5,-280.0,-52.5
214111,61.37,68.56,1008.94,-280.0,-70.0,-17.5
214141,61.37,68.44,1008.94,52.5,-245.0,-87.5
214170,61.24,68.32,1008.94,35.0,-105.0,87.5
214200,61.37,68.2,1008.94,-52.5,-227.5,0.0
214229,61.37,68.08,1008.94,-70.0,0.0,0.0
214259,61.24,68.08,1008.94,175.0,-402.5,-87.5
214288,61.24,67.95,1008.94,210.0,-402.5,-35.0
214318,61.37,67.95,1008.94,122.5,-157.5,105.0
214347,61.49,67.95,1008.94,-87.5,-280.0,-105.0
214376,61.24,67.83,1008.82,17.5,-315.0,-35.0
214406,61.37,67.83,1008.82,297.5,-402.5,105.0
214435,61.61,67.83,1008.82,87.5,-315.0,-70.0
214465,61.73,67.71,1008.82,-140.0,-70.0,70.0
214494,61.85,67.59,1008.82,105.0,-192.5,35.0
214524,61.85,67.59,1008.82,122.5,-280.0,-17.5
214553,61.85,67.47,1008.7,35.0,-227.5,35.0
214583,61.85,67.34,1008.7,122.5,-350.0,-70.0
214612,62.1,67.34,1008.7,52.5,-122.5,52.5
214642,62.22,67.34,1008.7,-17.5,-175.0,-87.5
214671,62.22,67.22,1008.7,35.0,-157.5,52.5
214701,62.22,67.1,1008.7,140.0,-315.0,-35.0
214730,62.34,66.98,1008.7,0.0,-140.0,-17.5
214760,62.46,66.86,1008.7,192.5,-157.5,-17.5
214789,62.46,66.86,1008.7,332.5,-122.5,17.5
214818,62.46,66.73,1008.7,-87.5,-17.5,0.0
214848,62.59,66.73,1008.7,227.5,-315.0,-87.5
214877,62.59,66.61,1008.7,227.5,-157.5,-35.0
214907,62.71,66.61,1008.57,262.5,-70.0,70.0
214936,62.59,66.61,1008.57,245.0,-17.5,105.0
214966,62.59,66.73,1008.57,140.0,-87.5,70.0
214995,62.59,66.73,1008.45,-17.5,-70.0,-140.0
215025,62.46,66.61,1008.45,262.5,-175.0,-17.5
215054,62.71,66.73,1008.45,70.0,-70.0,-105.0
215084,62.71,66.86,1008.45,-87.5,-245.0,-367.5
215113,62.34,66.86,1008.57,87.5,-245.0,-35.0
215143,62.22,66.61,1008.45,227.5,-472.5,-52.5
215172,62.71,66.61,1008.45,122.5,-245.0,-140.0
215202,62.95,66.73,1008.57,-175.0,140.0,-35.0
215231,62.95,66.61,1008.57,52.5,70.0,70.0
215261,62.71,66.61,1008.57,210.0,-140.0,-122.5
215290,62.46,66.61,1008.57,280.0,-332.5,-105.0
215319,62.22,66.61,1008.57,227.5,-210.0,70.0
215349,62.46,66.61,1008.7,437.5,-245.0,17.5
215378,62.59,66.61,1008.57,245.0,-105.0,-70.0
215408,62.46,66.61,1008.57,-35.0,0.0,-105.0
215437,62.22,66.61,1008.7,507.5,-455.0,0.0
215467,62.34,66.73,1008.7,507.5,-350.0,52.5
215496,62.71,66.86,1008.57,87.5,52.5,-35.0
215526,62.71,66.98,1008.57,-175.0,157.5,-122.5
215555,62.46,66.98,1008.57,402.5,-420.0,-140.0
215585,62.34,66.86,1008.7,227.5,-105.0,52.5
215614,62.46,67.1,1008.7,210.0,-52.5,-17.5
215644,62.46,67.1,1008.7,122.5,52.5,52.5
215674,62.22,67.22,1008.7,227.5,-227.5,-35.0
215703,62.22,67.34,1008.7,52.5,0.0,52.5
215733,62.22,67.34,1008.82,280.0,-245.0,-70.0
215762,62.1,67.34,1008.82,332.5,-227.5,35.0
215792,62.22,67.47,1008.82,227.5,-105.0,87.5
215821,62.22,67.71,1008.82,-17.5,-70.0,-105.0
215851,61.98,67.59,1008.82,192.5,-227.5,-52.5
215880,61.73,67.59,1008.94,245.0,-210.0,210.0
215910,61.98,67.71,1008.94,507.5,-350.0,70.0
215939,62.22,67.83,1008.94,140.0,-70.0,0.0
215969,62.22,67.95,1008.94,122.5,-105.0,-70.0
215998,61.98,68.08,1008.94,70.0,-87.5,17.5
216028,61.98,68.08,1008.94,140.0,-315.0,-105.0
216057,62.1,68.32,1008.94,-70.0,35.0,-17.5
216087,61.98,68.32,1008.94,140.0,-227.5,-70.0
216116,61.98,68.32,1008.94,157.5,-122.5,-35.0
216145,61.98,68.32,1008.94,87.5,-70.0,35.0
216175,61.85,68.32,1008.94,-35.0,-122.5,0.0
216204,61.85,68.44,1008.94,35.0,-35.0,35.0
216234,61.85,68.56,1009.06,280.0,-227.5,-122.5
216263,61.73,68.56,1008.94,122.5,-140.0,35.0
216293,61.73,68.56,1008.94,-52.5,-280.0,-192.5
216322,61.61,68.56,1009.06,105.0,-157.5,-17.5
216352,61.49,68.56,1009.06,367.5,-297.5,0.0
216381,61.49,68.44,1009.06,192.5,-105.0,70.0
216411,61.73,68.69,1008.94,157.5,-192.5,-70.0
216440,61.61,68.81,1009.06,-192.5,52.5,-140.0
216470,61.37,68.69,1009.06,192.5,-262.5,-52.5
216499,61.49,68.69,1009.18,280.0,-227.5,17.5
216529,61.49,68.81,1009.06,70.0,-122.5,-52.5
216558,61.24,68.81,1009.18,87.5,-192.5,-70.0
216588,61.12,68.81,1009.18,350.0,-385.0,52.5
216617,61.24,68.81,1009.18,245.0,-157.5,87.5
216646,61.37,68.93,1009.18,-122.5,-105.0,-140.0
216675,61.37,68.81,1009.06,210.0,-227.5,52.5
216704,61.49,68.93,1009.18,-87.5,-52.5,-52.5
216734,61.49,69.05,1009.18,52.5,-262.5,-367.5
216763,61.49,69.05,1009.18,-140.0,140.0,105.0
216793,61.49,69.17,1009.18,70.0,-210.0,-210.0
216822,61.12,69.05,1009.18,-17.5,-140.0,-122.5
216852,61.0,68.93,1009.18,52.5,-245.0,0.0
216881,61.0,69.05,1009.18,-17.5,-262.5,-157.5
216911,61.0,69.05,1009.18,175.0,-297.5,-157.5
216940,60.88,68.81,1009.18,192.5,-192.5,122.5
216970,61.0,68.81,1009.18,280.0,-402.5,52.5
216999,61.12,68.93,1009.18,280.0,-402.5,-192.5
217029,60.88,69.05,1009.18,-70.0,-70.0,-52.5
217058,61.0,69.05,1009.31,332.5,-420.0,-52.5
217087,61.24,69.05,1009.18,105.0,-455.0,-227.5
217116,61.37,68.93,1009.18,-157.5,35.0,0.0
217145,61.37,68.81,1009.18,-52.5,175.0,227.5
217175,61.24,68.81,1009.18,140.0,-140.0,-157.5
217204,60.76,68.81,1009.18,280.0,-280.0,105.0
217234,60.63,69.05,1009.18,140.0,-350.0,70.0
217263,60.88,69.05,1009.18,-245.0,-315.0,-52.5
217293,61.12,68.81,1009.18,-192.5,-175.0,0.0
217322,61.61,68.69,1009.18,-105.0,175.0,175.0
217352,62.1,68.81,1009.18,-175.0,35.0,-52.5
217381,61.98,68.56,1009.18,-350.0,490.0,140.0
217411,61.61,68.56,1009.31,0.0,70.0,140.0
217441,61.24,68.69,1009.43,17.5,-52.5,52.5
217471,60.76,68.32,1009.43,87.5,-175.0,105.0
217500,60.76,68.2,1009.31,105.0,-87.5,140.0
217529,61.12,68.08,1009.18,122.5,-175.0,-52.5
217558,61.24,67.95,1009.18,-17.5,-122.5,-140.0
217587,61.12,67.71,1009.18,227.5,-455.0,-122.5
217616,61.12,67.59,1009.06,-122.5,-17.5,0.0
217645,61.0,67.34,1009.06,-210.0,157.5,35.0
217675,60.63,67.34,1009.18,-35.0,-87.5,122.5
217704,60.39,67.47,1009.18,210.0,-472.5,-35.0
217734,60.02,67.22,1009.18,-17.5,-385.0,-157.5
217763,59.78,66.98,1009.18,-35.0,-332.5,0.0
217793,60.02,66.86,1009.18,402.5,-490.0,-17.5
217822,60.27,66.98,1009.18,-105.0,-280.0,-157.5
217852,60.15,66.73,1009.18,-35.0,-560.0,-140.0
217881,60.15,66.61,1009.18,245.0,-490.0,52.5
217911,60.39,66.49,1009.18,367.5,-437.5,-52.5
217940,60.51,66.49,1009.06,-35.0,-87.5,-17.5
217969,60.51,66.37,1009.06,70.0,-210.0,70.0
217999,60.63,66.37,1009.06,140.0,-280.0,-87.5
218028,60.76,66.25,1009.06,280.0,-315.0,0.0
218058,60.88,66.12,1008.94,-70.0,140.0,157.5
218087,61.0,66.12,1009.06,122.5,-52.5,70.0
218117,61.0,66.12,1008.94,17.5,-70.0,-70.0
218146,60.76,66.0,1008.94,210.0,-332.5,-105.0
218176,60.76,65.88,1008.94,420.0,-297.5,17.5
218205,61.24,65.88,1008.82,-140.0,87.5,35.0
218235,61.12,65.88,1008.82,280.0,-297.5,-157.5
218264,60.63,65.64,1008.82,1242.5,-962.5,-157.5
218294,60.88,66.0,1008.57,-262.5,-227.5,-17.5
218323,61.37,66.12,1008.7,-490.0,-17.5,-490.0
218353,61.49,65.88,1008.82,70.0,262.5,122.5
218383,61.73,66.12,1008.94,577.5,157.5,-52.5
218413,61.49,66.12,1008.82,507.5,-17.5,-157.5
218442,61.12,65.88,1008.7,-175.0,-245.0,52.5
218471,61.37,65.88,1008.7,-210.0,-245.0,-35.0
218500,61.73,65.88,1008.7,-70.0,402.5,17.5
218529,61.61,65.88,1008.7,455.0,-87.5,-192.5
218559,61.12,66.0,1008.82,175.0,-140.0,-105.0
218588,60.76,66.12,1008.94,87.5,-52.5,140.0
218618,60.88,66.25,1008.82,577.5,-280.0,157.5
218647,61.0,66.12,1008.82,682.5,-210.0,0.0
218677,60.76,66.0,1008.7,315.0,-420.0,-210.0
218706,60.76,66.12,1008.57,70.0,-472.5,-210.0
218736,60.76,66.25,1008.57,-105.0,-87.5,-70.0
218765,60.88,66.37,1008.57,105.0,-122.5,70.0
218795,61.0,66.49,1008.7,-17.5,122.5,87.5
218824,60.76,66.61,1008.7,157.5,-350.0,-70.0
218854,60.63,66.49,1008.57,297.5,-455.0,-105.0
218883,60.88,66.61,1008.45,192.5,-140.0,52.5
218912,61.0,66.61,1008.57,-17.5,-35.0,-122.5
218941,61.0,66.73,1008.57,140.0,-175.0,-17.5
218970,61.0,66.73,1008.57,87.5,-87.5,17.5
219000,60.88,66.86,1008.45,385.0,-175.0,52.5
219029,61.0,66.98,1008.45,140.0,-175.0,-87.5
219059,61.12,66.98,1008.45,-52.5,52.5,0.0
219088,61.12,66.86,1008.45,210.0,-105.0,-140.0
219118,61.24,66.73,1008.45,595.0,-175.0,-87.5
219147,61.49,66.98,1008.33,297.5,-315.0,-192.5
219177,62.22,67.1,1008.33,-280.0,52.5,-245.0
219206,62.22,67.1,1008.45,-525.0,472.5,-472.5
219236,61.0,66.86,1008.45,262.5,122.5,-157.5
219265,59.9,66.73,1008.45,420.0,-420.0,245.0
219295,59.9,66.98,1008.45,52.5,175.0,350.0
219325,60.27,67.59,1008.57,140.0,-315.0,-87.5
219355,60.02,67.83,1008.7,35.0,-35.0,-105.0
219385,59.41,67.83,1008.7,-35.0,35.0,-175.0
219414,58.56,67.59,1008.7,420.0,-542.5,17.5
219444,58.32,67.22,1008.7,787.5,-700.0,490.0
219473,58.68,67.34,1008.57,595.0,-700.0,280.0
219503,59.54,67.47,1008.33,70.0,-507.5,140.0
219532,60.27,67.71,1008.33,-315.0,35.0,-35.0
219562,60.27,68.08,1008.45,105.0,-280.0,-262.5
219591,59.9,67.83,1008.33,140.0,-472.5,-70.0
219621,59.54,67.71,1008.33,595.0,-455.0,122.5
219650,59.17,67.95,1008.45,805.0,-892.5,0.0
219680,59.05,68.08,1008.45,805.0,-1120.0,210.0
219709,60.15,68.2,1008.33,752.5,-805.0,-17.5
219739,61.49,68.69,1008.21,262.5,-455.0,-402.5
219768,61.85,69.3,1008.33,87.5,-262.5,-350.0
219798,61.98,69.54,1008.45,-87.5,490.0,-122.5
219827,62.1,69.54,1008.33,-472.5,910.0,157.5
219856,61.61,69.17,1008.21,105.0,192.5,-35.0
219886,60.76,68.56,1008.21,1032.5,-665.0,332.5
219915,60.76,68.56,1007.96,822.5,-507.5,560.0
219944,61.85,68.81,1007.96,-140.0,420.0,437.5
219973,62.34,69.66,1007.96,-35.0,297.5,227.5
220003,62.22,70.76,1008.33,157.5,122.5,-17.5
220032,61.61,71.49,1008.45,-472.5,525.0,-52.5
220062,60.76,71.0,1008.45,-105.0,17.5,-35.0
220091,60.27,70.39,1008.33,577.5,-962.5,-35.0
220121,61.37,70.52,1008.09,-175.0,262.5,682.5
