timestamp_ms,acc_x,acc_y,acc_z,gyro_x,gyro_y,gyro_z
4039,67.83,254.0,980.76,5390.0,-9957.5,-34702.5
4068,49.65,249.86,978.44,3447.5,-5792.5,-25952.5
4097,28.79,245.22,976.0,-105.0,-70.0,-16397.5
4126,6.95,240.58,975.63,-1137.5,437.5,-6632.5
4155,-12.81,235.22,976.61,-752.5,735.0,3955.0
4184,-28.67,229.73,978.81,-612.5,3412.5,14367.5
4213,-38.67,226.68,981.61,5442.5,-3832.5,20177.5
4242,-42.21,227.16,982.83,7700.0,-4865.0,22715.0
4271,-42.58,229.97,983.08,6055.0,-70.0,25165.0
4300,-40.26,233.26,982.83,6142.5,52.5,25847.5
4330,-35.99,235.58,982.34,5932.5,2537.5,25830.0
4359,-31.23,237.17,981.37,6020.0,2380.0,25952.5
4389,-26.35,238.63,980.03,7297.5,595.0,26197.5
4418,-21.47,240.34,977.22,6527.5,1995.0,27352.5
4447,-16.1,242.29,973.68,4305.0,3745.0,30135.0
4476,-8.05,244.0,971.61,2380.0,4235.0,31290.0
4505,1.22,245.83,970.27,3850.0,2275.0,30537.5
4534,12.08,248.39,967.46,6107.5,-2870.0,28525.0
4563,24.03,251.32,963.56,4287.5,-1172.5,26862.5
4592,35.75,254.25,959.41,1802.5,1347.5,27615.0
4621,50.14,257.18,956.85,-245.0,3482.5,26407.5
4651,67.83,259.86,956.48,3500.0,8277.5,22172.5
4680,84.18,264.25,954.89,3622.5,13930.0,16292.5
4710,98.82,270.23,953.31,-1855.0,10395.0,6982.5
4739,113.7,275.48,953.67,192.5,3657.5,-2432.5
4769,127.73,280.84,953.19,2677.5,-1452.5,-10307.5
4798,140.3,286.46,950.5,1137.5,-1050.0,-15802.5
4827,150.18,291.46,948.31,-2817.5,1960.0,-19862.5
4856,156.04,294.87,948.43,-1557.5,-35.0,-24237.5
4885,157.87,296.58,947.94,-332.5,-560.0,-26862.5
4914,155.92,297.19,945.62,-3430.0,-1015.0,-28402.5
4943,152.01,297.44,944.28,-3080.0,-9362.5,-30712.5
4972,146.16,297.44,945.01,-3972.5,-7927.5,-31622.5
5001,138.1,297.19,946.72,-4952.5,-2975.0,-27825.0
5030,130.17,297.07,948.79,-4882.5,-910.0,-25515.0
5059,123.34,297.19,950.14,-1925.0,-4270.0,-24570.0
5088,117.36,297.31,950.87,-3482.5,-945.0,-22785.0
5117,111.87,296.83,952.94,-2065.0,-1137.5,-20160.0
5146,108.58,296.58,953.67,-980.0,-1242.5,-20072.5
5175,104.68,296.22,953.67,-3272.5,-1890.0,-24815.0
5204,94.31,293.9,955.63,-2467.5,-4217.5,-26477.5
5233,77.23,290.24,957.33,1452.5,-9555.0,-23852.5
5262,55.02,286.21,957.94,1085.0,-7700.0,-15960.0
5291,30.26,282.06,958.8,-3027.5,3622.5,-1837.5
5320,8.78,278.04,960.99,-2117.5,3237.5,8732.5
5350,-7.2,274.5,964.29,-35.0,3062.5,15750.0
5379,-18.79,272.3,966.73,2992.5,2240.0,21455.0
5408,-25.5,271.69,965.63,1207.5,6370.0,27195.0
5437,-28.3,271.21,963.31,-3850.0,10377.5,29557.5
5466,-30.26,268.77,963.92,-1767.5,5145.0,30047.5
5495,-31.48,265.47,965.14,2607.5,1452.5,32865.0
5525,-29.04,263.15,965.26,1767.5,2975.0,36610.0
5554,-21.23,261.45,965.87,367.5,4427.5,36645.0
5583,-9.76,260.1,967.46,1627.5,945.0,31692.5
5612,1.34,259.62,967.34,5110.0,-2327.5,27195.0
5641,11.22,259.62,964.29,1662.5,2292.5,26320.0
5670,20.74,259.49,960.87,-945.0,4847.5,25200.0
5699,30.87,259.25,957.82,-3220.0,6685.0,24202.5
5728,42.46,259.37,956.36,-6195.0,6002.5,20387.5
5757,55.27,259.86,956.97,-4130.0,2310.0,15697.5
5786,71.49,261.32,958.92,-3517.5,4252.5,10727.5
5815,90.04,264.01,961.73,-2467.5,5022.5,2747.5
5845,108.34,266.45,964.41,560.0,2100.0,-7052.5
5874,122.37,268.52,965.39,945.0,420.0,-16537.5
5904,130.54,269.13,964.78,52.5,1435.0,-21245.0
5933,133.22,268.28,962.82,-3010.0,3745.0,-24062.5
5962,131.27,266.33,961.85,-4515.0,2047.5,-25480.0
5991,126.51,263.89,962.09,-4567.5,2625.0,-25200.0
6020,119.93,261.93,962.58,-5127.5,595.0,-25760.0
6049,112.73,260.47,963.68,-5215.0,-1400.0,-25935.0
6078,106.75,259.86,965.26,-4357.5,-2257.5,-25777.5
6107,101.75,259.25,966.73,-3955.0,-2467.5,-27317.5
6136,95.53,257.42,968.8,-4742.5,-245.0,-29015.0
6165,86.74,254.61,971.0,-3325.0,-2257.5,-29872.5
6194,75.15,251.08,972.58,-2677.5,-2940.0,-28857.5
6223,59.78,246.93,973.8,-3797.5,-35.0,-23957.5
6252,42.46,241.8,975.51,-3167.5,-17.5,-18865.0
6282,23.67,235.7,978.07,-1907.5,-1102.5,-15855.0
6311,1.34,228.87,980.76,227.5,-2607.5,-9152.5
6340,-22.81,221.67,983.32,1785.0,-735.0,3290.0
6369,-43.43,215.45,984.78,3587.5,560.0,14367.5
6398,-58.19,210.94,984.05,3797.5,1067.5,21787.5
6427,-67.47,208.13,982.59,2502.5,2257.5,26407.5
6456,-73.08,205.81,981.73,1242.5,3500.0,29470.0
6485,-75.76,202.89,981.61,-350.0,3850.0,33600.0
6514,-74.54,199.47,982.1,262.5,2555.0,34807.5
6544,-70.76,195.2,982.22,2205.0,-367.5,34160.0
6573,-66.0,190.56,982.34,2747.5,-3272.5,34370.0
6602,-59.29,186.66,982.83,3272.5,-1277.5,37835.0
6631,-47.7,184.71,981.98,3500.0,-822.5,38832.5
6661,-31.72,184.71,980.51,3640.0,-3412.5,34055.0
6690,-15.62,185.93,979.42,3762.5,-3745.0,30310.0
6719,1.95,188.98,978.44,1312.5,-822.5,28367.5
6748,23.91,193.98,977.83,1260.0,-2380.0,19932.5
6777,46.36,199.96,976.0,2240.0,-5162.5,9030.0
6806,67.34,206.06,974.05,-2712.5,1382.5,2450.0
6835,87.35,210.57,974.9,-3762.5,3832.5,-7455.0
6864,103.58,213.38,975.76,595.0,-682.5,-18060.0
6893,114.31,214.96,973.93,-997.5,2012.5,-23975.0
6922,119.8,214.96,971.24,-2905.0,5215.0,-26967.5
6951,121.02,214.23,967.95,-3447.5,1837.5,-30257.5
6980,118.22,212.89,964.78,-4742.5,-945.0,-32217.5
7009,111.51,211.18,963.31,-7262.5,-3657.5,-30765.0
7038,104.55,209.6,965.39,-9257.5,-1242.5,-26600.0
7067,100.53,207.64,971.0,-7595.0,175.0,-26915.0
7096,96.99,205.33,977.22,-2100.0,-2520.0,-29102.5
7125,92.84,203.37,980.64,-560.0,-1802.5,-29977.5
7154,88.45,201.67,982.83,-2800.0,1137.5,-31255.0
7183,81.98,199.59,985.39,-875.0,-1610.0,-33775.0
7212,72.59,197.64,987.1,1575.0,-4952.5,-34142.5
7241,60.02,196.3,987.1,350.0,-1662.5,-31010.0
7270,43.8,195.2,986.74,-1785.0,1172.5,-26355.0
7299,22.94,193.25,988.32,1697.5,-5110.0,-20790.0
7328,-1.34,189.83,990.52,4532.5,-5600.0,-8610.0
7358,-23.91,185.2,992.23,4147.5,-612.5,6265.0
7387,-39.89,181.17,993.08,3552.5,2205.0,15330.0
7417,-50.75,178.85,993.08,3517.5,297.5,17815.0
7446,-59.05,176.78,992.84,4917.5,-1645.0,21227.5
7475,-65.15,175.07,992.23,5722.5,-665.0,26810.0
7504,-66.61,174.34,990.4,5880.0,-3360.0,30030.0
7533,-63.2,174.95,988.2,4882.5,-4322.5,30467.5
7562,-57.71,176.05,987.71,3622.5,-3447.5,29155.0
7591,-53.19,176.17,988.93,6457.5,-5705.0,28787.5
7620,-48.56,175.8,988.93,7980.0,-6947.5,30730.0
7649,-41.72,175.68,987.1,5635.0,-3535.0,33320.0
7678,-32.7,175.56,985.52,4602.5,-3710.0,34580.0
7707,-21.47,175.68,984.42,5880.0,-6667.5,33862.5
7736,-7.81,176.41,981.98,7875.0,-5110.0,34265.0
7765,7.93,178.0,977.83,5110.0,-770.0,33390.0
7795,25.38,180.07,973.56,927.5,1102.5,33407.5
7824,46.36,182.76,970.39,-1697.5,1155.0,30082.5
7853,70.64,186.05,969.05,-2310.0,3447.5,23362.5
7882,96.26,190.32,969.17,-420.0,1837.5,15417.5
7911,121.39,194.71,969.41,2537.5,2537.5,6125.0
7940,142.25,198.86,968.68,4987.5,1050.0,-2292.5
7969,159.33,202.52,965.87,3290.0,1155.0,-8680.0
7998,174.46,205.33,962.7,-875.0,3237.5,-16135.0
8027,186.54,207.89,958.92,-2432.5,-717.5,-24745.0
8056,195.93,210.57,955.99,-4760.0,-9835.0,-33040.0
8085,202.52,212.28,955.99,-7070.0,-7770.0,-37572.5
8114,205.69,212.89,957.09,-8942.5,2800.0,-39252.5
8143,206.18,212.52,958.31,-8190.0,1277.5,-42630.0
8172,203.74,211.06,960.02,-6125.0,-560.0,-45097.5
8201,197.15,209.11,962.34,-8522.5,3132.5,-45657.5
8230,187.15,207.28,965.87,-6317.5,490.0,-44782.5
8259,175.92,206.3,968.19,-5022.5,822.5,-43102.5
8288,162.14,205.45,969.66,-7682.5,3937.5,-40792.5
8317,145.67,204.72,971.61,-5635.0,595.0,-38185.0
8346,128.83,203.86,972.34,-2205.0,-7000.0,-37852.5
8375,107.97,201.91,973.44,-770.0,-9397.5,-33862.5
8404,81.37,198.62,976.73,1085.0,-5915.0,-18812.5
8433,56.49,194.22,980.51,297.5,2940.0,-437.5
8462,37.09,189.34,984.05,-17.5,5162.5,8592.5
8492,20.98,184.71,987.35,4025.0,-1942.5,12197.5
8521,7.32,180.93,989.3,7752.5,-4812.5,17150.0
8551,-3.42,178.85,988.57,7752.5,-3115.0,23835.0
8580,-10.86,178.36,985.64,6492.5,-2030.0,29942.5
8609,-13.3,179.34,981.73,5845.0,-4287.5,34457.5
8638,-10.74,181.05,978.2,3465.0,-5250.0,34737.5
8667,-6.1,181.78,977.22,2922.5,-5722.5,34230.0
8696,-1.22,180.93,978.93,4445.0,-5162.5,36872.5
8725,6.59,179.22,980.15,6282.5,-3727.5,40512.5
8755,17.81,177.27,979.9,6195.0,-1732.5,40932.5
8784,29.4,175.07,979.17,7437.5,-1242.5,43872.5
8814,42.94,173.0,976.73,5390.0,1942.5,47215.0
8843,60.15,171.9,972.58,-595.0,4252.5,45150.0
8873,79.91,171.78,968.92,-2712.5,1295.0,39217.5
8902,101.75,172.39,966.85,-5162.5,5862.5,36592.5
8932,126.64,173.97,966.73,-6807.5,12320.0,31167.5
8961,154.45,176.41,968.68,-2572.5,5162.5,17307.5
8990,181.54,178.97,969.9,3430.0,-157.5,892.5
9019,202.64,181.05,968.8,3062.5,892.5,-10955.0
9048,217.16,181.9,966.97,2135.0,3342.5,-16852.5
9077,227.9,182.15,964.29,1015.0,3675.0,-22470.0
9106,234.85,182.02,962.09,-752.5,-315.0,-29522.5
9135,237.05,182.51,960.63,-227.5,-385.0,-32445.0
9164,235.09,185.07,956.6,-4042.5,2100.0,-32567.5
9193,233.39,187.15,953.8,-11182.5,6422.5,-31517.5
9222,232.04,186.78,956.97,-12005.0,10027.5,-35140.0
9251,227.65,184.46,962.58,-7822.5,8662.5,-38745.0
9280,219.84,181.29,966.97,-6912.5,9712.5,-40512.5
9310,209.6,177.39,972.1,-6020.0,8470.0,-40705.0
9339,198.74,173.48,977.71,-1470.0,4515.0,-40845.0
9368,186.9,170.07,981.12,717.5,2800.0,-41440.0
9397,172.39,167.38,983.32,1557.5,3867.5,-40547.5
9426,153.72,165.31,986.49,5705.0,3832.5,-37747.5
9455,132.25,163.97,987.1,9800.0,2397.5,-32375.0
9484,109.68,163.6,983.32,6912.5,262.5,-28140.0
9513,84.91,162.75,979.54,3412.5,1452.5,-23187.5
9542,56.61,160.31,977.22,892.5,2222.5,-15557.5
9572,25.99,156.77,976.37,-367.5,2082.5,-2467.5
9601,-2.81,153.23,978.56,857.5,1627.5,15470.0
9631,-22.33,151.65,980.88,4060.0,1067.5,28892.5
9660,-30.74,152.26,980.88,3587.5,-1085.0,30730.0
9689,-32.94,154.7,980.27,4637.5,-5670.0,27615.0
9718,-33.06,157.87,979.9,5582.5,-6510.0,26197.5
9747,-32.7,160.43,979.9,5197.5,-3500.0,27615.0
9776,-31.23,162.14,980.76,5722.5,-2327.5,30187.5
9805,-28.06,163.85,982.22,7717.5,-1120.0,33705.0
9834,-23.06,166.41,982.71,9555.0,455.0,36627.5
9863,-16.84,170.07,980.64,8837.5,-1067.5,38097.5
9892,-8.3,173.97,977.46,6335.0,-2765.0,38797.5
9921,2.07,177.88,975.27,4882.5,-2485.0,36470.0
9951,12.57,181.54,973.19,4935.0,-4042.5,35087.5
9980,24.28,184.59,971.12,2520.0,-3097.5,35105.0
10010,37.82,186.66,969.29,-385.0,-1312.5,33477.5
10039,52.22,188.61,967.95,-805.0,-3412.5,31815.0
10068,69.05,190.69,966.36,-367.5,-8837.5,29032.5
10097,90.28,193.49,964.29,-1400.0,-7770.0,23537.5
10126,114.44,197.64,961.97,-385.0,-2870.0,15680.0
10155,138.23,202.03,959.53,-420.0,-962.5,6002.5
10184,159.21,205.69,956.48,630.0,-4182.5,-4112.5
10213,177.63,209.11,953.55,-2100.0,-1872.5,-10535.0
10242,193.98,211.55,952.82,-3080.0,420.0,-18812.5
10271,206.42,213.5,952.33,-297.5,-997.5,-25585.0
10300,215.94,216.43,949.16,-1557.5,-2555.0,-31605.0
10329,222.53,219.23,945.5,-6405.0,17.5,-37275.0
10358,226.55,221.43,944.16,-7315.0,-2450.0,-41632.5
10387,228.51,222.04,945.01,-6790.0,-5530.0,-49192.5
10416,224.97,221.92,947.21,-7402.5,-3290.0,-50592.5
10444,217.89,221.92,950.01,-11270.0,3080.0,-46270.0
10473,210.21,221.67,953.43,-11357.5,3815.0,-45745.0
10501,200.08,220.82,957.46,-9677.5,3115.0,-46532.5
10530,186.66,219.48,961.6,-7035.0,3027.5,-43435.0
10559,172.14,218.38,964.78,-5792.5,1207.5,-43347.5
10588,152.99,216.06,967.7,-3955.0,122.5,-41982.5
10617,128.34,212.52,969.9,-2415.0,-210.0,-32480.0
10646,101.5,207.4,971.0,-4760.0,1872.5,-21262.5
10675,73.44,201.06,973.07,-4042.5,175.0,-7787.5
10705,48.31,195.08,977.71,-1627.5,-245.0,7157.5
10734,28.79,191.05,982.59,4305.0,-367.5,16432.5
10764,14.4,189.1,983.93,7892.5,-5372.5,21245.0
10793,4.15,188.0,983.93,6370.0,-2642.5,27580.0
10822,-2.32,187.15,984.3,6737.5,-1487.5,32462.5
10851,-4.39,186.54,983.93,7997.5,-2345.0,36417.5
10880,-2.2,185.44,983.32,5477.5,2520.0,39812.5
10909,2.93,183.61,985.27,4690.0,3360.0,41702.5
10938,10.0,181.29,988.08,12145.0,-4865.0,40250.0
10967,19.52,179.1,987.47,14490.0,-7245.0,42787.5
10996,30.87,178.0,984.66,13405.0,-507.5,46252.5
11025,44.41,178.12,979.29,9730.0,2170.0,47547.5
11054,60.51,178.61,973.19,4742.5,1120.0,44397.5
11084,76.86,179.34,969.41,6457.5,-997.5,42752.5
11113,94.18,181.9,965.51,8172.5,-3290.0,42402.5
11142,116.02,186.29,960.51,7280.0,-4270.0,38570.0
11171,142.86,192.52,955.26,3185.0,-3570.0,27055.0
11200,169.7,199.23,950.87,910.0,-1977.5,13982.5
11229,193.74,204.47,947.33,-875.0,1260.0,4095.0
11258,214.96,209.47,943.43,-1820.0,2292.5,-5687.5
11287,231.56,213.62,938.79,-2012.5,455.0,-16747.5
11316,244.37,216.67,934.03,-3167.5,-3622.5,-23240.0
11345,256.08,219.97,930.86,-5950.0,-4690.0,-30817.5
11374,264.5,222.04,930.37,-8277.5,-1207.5,-36802.5
11403,267.79,223.99,931.1,-9397.5,2187.5,-40460.0
11432,267.55,225.7,933.3,-11952.5,2082.5,-43225.0
11461,264.86,226.07,938.18,-12250.0,2730.0,-45045.0
11490,258.64,226.55,944.4,-8680.0,-927.5,-46777.5
11518,251.08,226.8,951.36,-2922.5,-10710.0,-47302.5
11547,243.39,227.65,956.11,3202.5,-19075.0,-50557.5
11575,234.0,229.12,957.21,332.5,-15347.5,-47967.5
11604,223.99,230.95,957.94,-3570.0,-7245.0,-43137.5
11633,213.74,232.17,957.7,-3185.0,-7647.5,-42280.0
11662,201.54,232.78,956.36,-4357.5,-7070.0,-41317.5
11691,185.81,232.65,956.11,-6072.5,-4900.0,-36260.0
11720,167.26,231.8,957.94,-5880.0,822.5,-26775.0
11749,147.13,230.34,960.63,-6317.5,5617.5,-15715.0
11778,125.29,227.53,966.61,-2695.0,7717.5,-4165.0
11807,103.21,223.75,973.07,8697.5,3990.0,9310.0
11836,86.01,221.67,973.56,11462.5,665.0,18550.0
11865,74.91,221.55,972.58,4900.0,5880.0,25042.5
11894,68.81,222.28,974.9,4480.0,8487.5,29925.0
11923,66.37,223.38,978.68,8120.0,5827.5,29995.0
11952,66.12,224.85,981.86,12092.5,1785.0,30450.0
11981,68.08,227.04,983.32,13772.5,4252.5,32007.5
12010,70.03,229.36,982.83,14892.5,5740.0,34370.0
12039,71.13,231.31,981.12,18620.0,2625.0,39077.5
12068,75.27,234.24,977.59,20230.0,1225.0,43522.5
12098,84.55,238.63,971.0,15645.0,3062.5,42227.5
12127,95.16,244.0,964.78,11410.0,5162.5,39585.0
12156,104.55,249.37,960.02,13020.0,2730.0,38850.0
12185,114.92,254.61,952.82,13352.5,612.5,39725.0
12214,127.86,259.13,942.82,10220.0,-1190.0,38080.0
12243,142.25,263.76,932.45,8872.5,-6317.5,35840.0
12272,159.58,269.13,922.56,5267.5,-5862.5,34650.0
12301,182.63,274.74,915.0,1907.5,-542.5,31745.0
12330,210.33,280.97,909.88,1277.5,2975.0,22557.5
12359,237.41,287.55,905.48,1085.0,315.0,10762.5
12388,262.54,293.78,899.87,-1907.5,805.0,490.0
12418,285.11,299.63,893.04,-7105.0,5582.5,-10692.5
12447,302.56,304.27,886.94,-10500.0,4882.5,-19285.0
12476,315.61,308.05,882.79,-12985.0,4287.5,-26162.5
12505,324.28,311.71,881.45,-13667.5,87.5,-33932.5
12534,328.79,315.13,881.57,-12040.0,-8102.5,-40880.0
12563,329.64,316.22,883.52,-15015.0,-8137.5,-46480.0
12591,326.23,315.37,889.01,-15435.0,-2135.0,-46760.0
12620,320.25,313.91,894.75,-15242.5,4812.5,-45552.5
12649,312.69,311.95,899.38,-14227.5,1890.0,-47197.5
12678,304.76,309.64,903.04,-12477.5,-2975.0,-49647.5
12707,295.61,306.71,906.34,-13370.0,-3202.5,-52185.0
12736,282.43,302.19,910.97,-12810.0,-2205.0,-50872.5
12765,265.35,296.46,917.07,-10570.0,-1102.5,-46602.5
12794,244.85,291.09,922.08,-6247.5,402.5,-40040.0
12823,220.82,286.7,925.25,-9030.0,4777.5,-35227.5
12851,190.08,280.84,931.59,-9485.0,8662.5,-27807.5
12880,155.67,273.52,939.4,-595.0,4322.5,-9117.5
12909,126.76,267.42,944.16,2012.5,3132.5,7420.0
12938,105.53,262.18,948.43,2607.5,5617.5,16817.5
12967,90.77,258.03,952.09,6807.5,2800.0,22400.0
12996,81.37,255.96,952.33,7140.0,3185.0,25777.5
13025,74.3,255.47,950.62,3972.5,6527.5,28787.5
13054,67.34,254.86,949.16,1750.0,7227.5,30117.5
13083,60.51,253.52,949.65,962.5,5267.5,33092.5
13113,57.22,252.54,951.97,2660.0,4340.0,36575.0
13142,56.73,251.08,955.63,6020.0,3937.5,36942.5
13172,56.12,248.64,958.92,11602.5,-1470.0,42210.0
13201,59.78,246.32,959.65,12862.5,-1330.0,50505.0
13230,70.15,244.85,959.41,12810.0,1627.5,52307.5
13259,81.86,243.76,958.8,17482.5,-1452.5,50785.0
13288,92.11,243.51,955.5,22977.5,-5617.5,54372.5
13317,108.95,246.81,946.84,16222.5,3745.0,55265.0
13346,133.22,254.0,935.62,1802.5,12495.0,41527.5
13375,157.62,262.3,927.44,-2695.0,6527.5,27282.5
13404,182.02,269.38,923.05,-962.5,-1592.5,15627.5
13433,207.16,275.48,919.39,-2415.0,910.0,6282.5
13462,231.8,281.33,915.49,-7245.0,4200.0,-5425.0
13491,253.15,285.6,914.02,-7945.0,1925.0,-18427.5
13520,268.4,288.9,913.29,-6527.5,-927.5,-28875.0
13548,277.43,290.97,911.83,-9660.0,-35.0,-35262.5
13577,281.21,291.82,911.95,-13212.5,2345.0,-39935.0
13605,279.99,290.85,914.63,-12267.5,-1715.0,-45500.0
13634,273.28,289.38,917.2,-10885.0,-5162.5,-47827.5
13662,262.3,287.43,922.32,-14542.5,2572.5,-45710.0
13691,246.56,282.31,931.59,-15610.0,17902.5,-37730.0
13720,232.78,277.18,939.77,-7542.5,2695.0,-35525.0
13749,224.85,274.13,943.67,-2590.0,-9327.5,-43767.5
13778,215.94,270.84,944.16,-5582.5,-4287.5,-46742.5
13807,203.37,266.57,943.79,-10622.5,3850.0,-43137.5
13836,189.71,262.3,943.3,-11445.0,1907.5,-40740.0
13865,176.41,257.79,943.55,-11445.0,-3325.0,-43102.5
13894,160.55,251.69,945.5,-9257.5,-6352.5,-44047.5
13922,138.84,243.76,949.16,-5162.5,-8435.0,-41422.5
13951,111.26,234.73,951.97,-1890.0,-7367.5,-32165.0
13979,79.54,224.11,954.04,-7192.5,-1382.5,-18305.0
14008,47.46,212.77,960.63,-5582.5,-945.0,-805.0
14037,21.23,203.98,969.29,3080.0,-1225.0,19792.5
14066,5.86,198.49,975.76,7280.0,2887.5,32777.5
14095,-0.98,195.44,980.76,10255.0,5057.5,38657.5
14124,-2.32,193.98,984.3,13947.5,5110.0,41597.5
14153,-0.73,193.13,986.25,14420.0,4707.5,42945.0
14183,3.42,193.0,986.98,14595.0,4375.0,43610.0
14212,9.39,193.98,987.59,13912.5,5495.0,41527.5
14242,14.03,195.93,988.69,16695.0,2590.0,41895.0
14271,20.25,198.62,987.22,18812.5,1347.5,44257.5
14300,30.74,203.74,981.86,11917.5,6282.5,40022.5
14329,39.53,209.6,978.44,8032.5,7612.5,33775.0
14358,44.9,215.57,976.24,11935.0,4900.0,34860.0
14387,51.85,221.92,970.39,10850.0,3972.5,36015.0
14416,60.51,227.53,962.58,6860.0,3762.5,34475.0
14445,67.95,231.8,956.48,4900.0,1890.0,36330.0
14474,77.35,234.48,953.06,6440.0,1785.0,43610.0
14504,94.92,238.02,949.89,11095.0,-2327.5,45237.5
14533,121.88,245.22,942.33,11077.5,-12372.5,31535.0
14562,153.23,254.37,933.79,2852.5,-18357.5,9327.5
14591,181.54,262.91,930.74,192.5,-13580.0,-6842.5
14620,203.86,271.33,928.79,525.0,-4935.0,-17640.0
14649,219.6,278.65,924.88,-2677.5,-3920.0,-25637.5
14677,228.75,284.38,921.83,-5547.5,-3955.0,-30100.0
14706,233.02,288.53,920.86,-8085.0,1382.5,-30572.5
14735,233.51,291.7,921.71,-7980.0,2275.0,-32252.5
14764,231.07,294.51,923.78,-5092.5,-3727.5,-34002.5
14793,226.68,297.68,925.74,-3080.0,-5512.5,-34492.5
14822,220.09,301.1,927.32,-2327.5,-5162.5,-33390.0
14851,212.28,304.63,928.42,-1417.5,-3360.0,-30082.5
14880,205.08,308.66,928.3,-1347.5,-3605.0,-29470.0
14909,198.37,312.93,927.44,-1242.5,-4847.5,-29417.5
14938,192.27,317.2,925.61,-2572.5,-2870.0,-28350.0
14967,186.9,321.23,923.3,-5547.5,1802.5,-28735.0
14995,180.56,324.76,921.22,-6212.5,1242.5,-32480.0
15024,171.41,326.96,918.17,-8575.0,542.5,-36802.5
15053,157.38,327.2,915.85,-14560.0,3937.5,-39900.0
15082,134.69,324.28,917.44,-13877.5,4480.0,-37590.0
15111,104.68,319.4,920.37,-11322.5,3342.5,-24727.5
15140,74.05,313.91,924.88,-11410.0,4217.5,-5320.0
15169,48.92,308.66,932.93,-6405.0,5495.0,12355.0
15198,31.72,304.88,939.89,2100.0,2502.5,21857.5
15227,22.2,303.29,942.33,4217.5,525.0,24500.0
15257,16.96,302.68,943.3,1575.0,3185.0,25970.0
15286,14.27,302.19,945.38,1557.5,3622.5,27737.5
15315,13.91,301.83,947.45,2502.5,2485.0,28315.0
15344,15.13,301.1,949.77,2730.0,2117.5,28507.5
15373,16.1,299.88,952.82,4917.5,4427.5,30222.5
15402,17.45,299.14,953.43,7210.0,4620.0,33442.5
15431,22.2,299.88,951.11,5915.0,5232.5,33740.0
15460,28.55,301.58,949.4,8977.5,2905.0,30520.0
15489,32.45,303.78,947.33,15995.0,1575.0,31990.0
15518,36.11,305.73,940.62,13860.0,6510.0,40022.5
15547,43.92,306.95,931.96,840.0,12810.0,42752.5
15577,52.58,305.98,928.42,-3220.0,5040.0,41895.0
15606,65.39,303.66,928.91,1470.0,-8312.5,45430.0
15636,90.77,303.9,928.3,-2222.5,-6055.0,34440.0
15665,120.66,306.59,928.05,-7140.0,-1872.5,14437.5
15693,147.13,310.37,928.05,-1977.5,-2117.5,542.5
15722,168.97,314.64,925.49,-5110.0,2362.5,-12967.5
15751,182.63,317.2,923.17,-9415.0,5267.5,-21682.5
15780,189.95,317.2,923.42,-10080.0,4935.0,-25515.0
15809,193.13,315.61,925.0,-10027.5,4042.5,-29872.5
15838,192.39,312.81,927.57,-9327.5,-2467.5,-33635.0
15867,189.71,309.03,930.37,-6860.0,-5057.5,-34685.0
15896,185.44,305.73,932.81,-9292.5,2047.5,-35945.0
15925,177.88,302.68,936.47,-8732.5,857.5,-36680.0
15954,168.85,300.49,940.62,-5460.0,-3080.0,-34545.0
15983,161.53,298.78,943.91,-6107.5,1487.5,-33075.0
16011,154.7,296.95,945.99,-7945.0,3045.0,-36155.0
16040,145.91,294.14,947.7,-9327.5,997.5,-38325.0
16069,136.4,290.36,949.04,-10272.5,1417.5,-39235.0
16098,125.17,285.72,949.77,-12687.5,2852.5,-42962.5
16127,106.87,278.16,952.82,-13930.0,4987.5,-44922.5
16156,78.81,268.03,957.58,-8435.0,2835.0,-37922.5
16185,44.16,257.05,960.87,-4287.5,420.0,-20352.5
16214,10.98,246.44,964.04,-2817.5,2012.5,2100.0
16243,-13.91,237.17,966.73,472.5,3937.5,19337.5
16273,-29.28,229.6,967.09,700.0,2117.5,27457.5
16302,-36.6,223.99,968.19,-1137.5,1505.0,29382.5
16331,-40.26,220.09,970.39,-857.5,1802.5,29207.5
16360,-44.29,216.43,971.49,-2992.5,4287.5,31342.5
16389,-47.09,212.65,973.56,-3692.5,4182.5,34807.5
16418,-47.7,209.11,976.49,3885.0,-4077.5,33792.5
16447,-48.8,205.69,977.1,9152.5,-8505.0,37957.5
16476,-47.09,203.13,974.05,4602.5,-1085.0,46252.5
16505,-40.02,200.93,970.75,-2852.5,5810.0,48037.5
16534,-31.84,197.64,971.61,-1032.5,752.5,46760.0
16563,-22.81,192.64,974.78,2747.5,-3552.5,48965.0
16592,-9.88,187.39,977.95,3710.0,3937.5,50960.0
16621,8.17,184.34,979.05,2887.5,9415.0,48072.5
16651,31.48,185.56,978.2,4200.0,-17.5,32217.5
16680,56.12,189.22,976.98,5880.0,-7472.5,11480.0
16709,75.76,193.86,975.15,2572.5,-3307.5,-980.0
16738,90.04,198.01,974.05,-1050.0,2257.5,-7577.5
16767,100.53,200.57,973.68,-297.5,-805.0,-13877.5
16796,106.99,201.54,973.32,0.0,-3167.5,-18812.5
16825,110.29,201.3,972.34,-1942.5,-455.0,-19967.5
16854,111.75,200.45,971.85,-3220.0,1557.5,-20755.0
16883,112.48,199.59,972.1,-2012.5,805.0,-22417.5
16912,112.12,200.32,971.85,-2397.5,210.0,-24920.0
16941,110.17,201.3,971.97,-6230.0,5635.0,-25357.5
16970,107.73,201.79,974.54,-5355.0,7857.5,-23852.5
16999,106.87,202.03,977.95,-2275.0,4305.0,-26915.0
17027,104.8,201.54,980.76,-2292.5,4340.0,-31500.0
17056,99.19,200.69,983.69,-1750.0,3587.5,-33495.0
17085,92.35,199.1,986.61,-437.5,2415.0,-34335.0
17114,84.91,197.64,988.08,2275.0,-787.5,-37800.0
17143,74.79,195.57,988.32,2065.0,-3185.0,-41895.0
17172,60.51,192.88,988.44,5407.5,-7035.0,-43207.5
17201,41.72,189.59,986.25,5197.5,-5512.5,-40547.5
17230,18.42,186.29,982.1,192.5,2082.5,-33005.0
17259,-8.54,182.27,978.44,-3972.5,4147.5,-23205.0
17288,-36.11,177.14,976.98,-5460.0,2502.5,-8785.0
17317,-59.29,172.26,977.71,-4340.0,-87.5,4655.0
17347,-76.62,167.87,979.9,-2397.5,-1522.5,12110.0
17376,-89.91,164.7,982.22,805.0,-5372.5,18567.5
17405,-98.33,163.36,982.83,2607.5,-6352.5,24500.0
17434,-101.63,162.87,982.47,612.5,-5092.5,27562.5
17463,-101.75,162.75,983.56,735.0,-4322.5,30555.0
17492,-98.33,163.24,983.69,1400.0,-4847.5,31482.5
17521,-92.72,163.36,983.56,-2030.0,-3167.5,31500.0
17550,-87.35,162.02,986.25,-3465.0,1207.5,35210.0
17579,-81.74,159.09,988.93,315.0,-105.0,38885.0
17609,-74.91,155.43,989.91,-157.5,2520.0,44012.5
17638,-65.64,151.77,990.76,-105.0,2257.5,47740.0
17668,-51.97,148.72,991.37,4410.0,-1487.5,46882.5
17697,-34.4,147.5,990.4,6195.0,-6475.0,40092.5
17727,-14.4,147.86,988.69,6580.0,-9870.0,34825.0
17756,10.0,150.43,987.71,6597.5,-6212.5,30187.5
17785,37.82,155.92,985.76,5302.5,-3570.0,15505.0
17814,63.81,162.02,983.81,3062.5,-6475.0,-1505.0
17843,85.64,167.14,982.83,1435.0,-6422.5,-13475.0
17872,101.99,170.31,983.56,-857.5,-1102.5,-21122.5
17901,113.22,172.02,984.42,2100.0,-2940.0,-26355.0
17930,121.27,173.61,983.81,1785.0,-3990.0,-31552.5
17959,126.27,174.22,983.08,437.5,-4252.5,-36610.0
17988,127.25,175.19,982.83,-192.5,-2852.5,-38150.0
18017,126.64,177.14,983.32,-2257.5,-630.0,-39375.0
18046,124.81,179.83,984.54,262.5,-542.5,-40967.5
18075,120.66,183.37,984.05,875.0,-4095.0,-44327.5
18104,113.46,186.42,983.08,-1242.5,-3832.5,-45325.0
18133,103.7,188.73,982.1,-2800.0,35.0,-42210.0
18162,93.21,189.34,980.51,-3255.0,245.0,-40967.5
18191,82.35,187.51,977.46,-2502.5,-2310.0,-41142.5
18220,69.66,183.24,973.32,-5197.5,910.0,-40495.0
18249,49.78,177.63,971.85,-9187.5,6422.5,-34317.5
18278,22.94,171.9,975.27,-5792.5,3097.5,-20370.0
18307,-4.88,167.14,980.03,-402.5,455.0,-3202.5
18336,-29.28,164.58,982.83,1907.5,140.0,11357.5
18366,-49.29,163.97,984.66,3202.5,1137.5,23362.5
18395,-63.68,164.33,986.13,4497.5,525.0,33512.5
18425,-70.52,165.07,988.08,4375.0,105.0,39970.0
18454,-71.0,166.53,990.88,6895.0,-717.5,42420.0
18483,-65.03,168.85,991.98,10605.0,-3885.0,42332.5
18512,-53.07,171.17,991.01,8662.5,-5932.5,33145.0
18541,-43.68,173.12,991.98,9590.0,-8277.5,26547.5
18570,-37.94,175.44,991.74,14087.5,-8645.0,31797.5
18599,-29.52,178.97,987.1,12092.5,-5652.5,37152.5
18628,-18.67,183.0,982.1,10465.0,-5425.0,39147.5
18657,-7.56,186.29,978.44,12582.5,-5880.0,43767.5
18686,6.34,189.83,973.93,12390.0,-1470.0,48930.0
18715,25.01,194.47,967.95,7472.5,1067.5,47845.0
18745,48.07,199.96,962.34,5425.0,87.5,41317.5
18774,74.91,207.28,957.46,3185.0,-1785.0,29837.5
18803,104.07,215.21,954.16,945.0,-1890.0,15452.5
18832,132.49,223.26,951.84,700.0,350.0,1295.0
18861,157.14,231.31,948.79,-332.5,1872.5,-11585.0
18890,175.92,237.9,945.13,-2642.5,3220.0,-20510.0
18919,188.73,242.9,941.72,-5530.0,5740.0,-25357.5
18948,196.91,246.68,939.64,-8225.0,6282.5,-30152.5
18977,200.81,249.12,939.4,-7892.5,3850.0,-34212.5
19006,201.06,251.08,940.38,-8680.0,4130.0,-36400.0
19035,198.86,252.3,942.45,-7647.5,3115.0,-38080.0
19064,195.93,252.78,944.04,-5040.0,1365.0,-40355.0
19093,191.54,251.81,944.28,-7857.5,6702.5,-42717.5
19121,183.24,249.86,944.89,-8452.5,6842.5,-43575.0
19150,170.31,248.15,945.01,-8610.0,5880.0,-41755.0
19179,154.45,245.95,945.5,-10430.0,6702.5,-39182.5
19208,135.05,242.05,946.84,-11130.0,10867.5,-33670.0
19236,111.63,236.92,949.04,-12635.0,15505.0,-27492.5
19265,85.16,230.58,952.33,-9957.5,9782.5,-23520.0
19294,55.88,223.38,955.87,-6737.5,3937.5,-16380.0
19323,24.64,215.94,960.63,-3797.5,3062.5,-2397.5
19352,-3.66,208.99,965.63,1032.5,140.0,13230.0
19382,-24.89,203.74,969.05,3535.0,-1732.5,23362.5
19411,-39.53,201.3,971.12,6580.0,-4917.5,30660.0
19440,-47.46,201.67,969.9,9170.0,-6702.5,37222.5
19469,-48.56,203.01,966.73,4637.5,-2625.0,39200.0
19498,-48.19,202.52,967.09,2292.5,-1225.0,41370.0
19527,-46.6,200.2,969.66,5355.0,-3325.0,47477.5
19556,-38.92,197.15,971.0,6352.5,-5092.5,47530.0
19585,-26.96,195.32,971.85,7980.0,-7490.0,43417.5
19614,-11.71,194.96,970.39,10010.0,-9870.0,39567.5
19643,8.3,196.42,966.24,5530.0,-8382.5,31167.5
19672,29.04,199.96,963.31,2800.0,-7822.5,19950.0
19701,48.92,205.2,961.36,2450.0,-7192.5,14227.5
19730,71.74,211.91,959.9,-192.5,-2572.5,7455.0
19760,95.53,218.75,959.65,-1960.0,332.5,-4620.0
19789,115.66,223.87,960.63,315.0,-1697.5,-14630.0
19818,132.25,227.65,960.38,630.0,17.5,-21210.0
19847,144.57,230.82,959.16,-3482.5,5320.0,-28402.5
19876,150.91,233.26,958.8,-4760.0,4865.0,-34667.5
19905,152.01,235.09,958.8,-4392.5,1942.5,-39497.5
19934,149.82,236.19,958.55,-6440.0,1470.0,-43995.0
19963,144.69,236.68,959.04,-8872.5,3062.5,-47075.0
19992,136.4,236.19,960.99,-7910.0,2327.5,-48982.5
20021,125.42,234.24,962.95,-6475.0,2030.0,-49962.5
20050,111.75,230.82,963.56,-6317.5,787.5,-47915.0
20079,96.87,226.43,963.56,-7175.0,-1295.0,-47250.0
20108,80.03,220.33,963.56,-6772.5,-2012.5,-45412.5
20136,58.32,212.77,963.68,-7227.5,-2257.5,-39515.0
20165,32.21,204.47,964.65,-6002.5,-2520.0,-27842.5
20194,5.0,196.66,966.0,-5670.0,-1767.5,-13055.0
20223,-20.86,189.34,969.41,-5617.5,752.5,822.5
20252,-44.9,182.51,975.88,1242.5,175.0,17115.0
20281,-61.98,177.14,980.27,5687.5,-857.5,31640.0
20310,-69.3,174.22,982.34,4987.5,525.0,36960.0
20340,-71.25,172.63,984.78,6685.0,-1382.5,38062.5
20369,-70.88,171.04,986.74,8015.0,-857.5,41702.5
20398,-67.83,168.36,987.47,8837.5,525.0,46375.0
20427,-61.98,164.94,987.47,9030.0,0.0,46917.5
20457,-54.9,162.87,987.47,12775.0,-4865.0,46532.5
20486,-47.34,163.36,986.13,16345.0,-7507.5,48912.5
20514,-37.7,164.7,983.2,15645.0,-1120.0,57907.5
20543,-21.59,168.85,979.17,12110.0,6212.5,61565.0
20572,0.98,176.9,973.68,9905.0,-2187.5,52150.0
20601,28.3,187.76,967.22,5862.5,-8942.5,37100.0
20630,58.56,199.47,961.36,-927.5,-8522.5,18112.5
20659,87.11,209.6,958.19,-4707.5,-2520.0,1435.0
20688,110.65,217.89,956.48,-4392.5,-1225.0,-11235.0
20717,129.32,223.75,954.53,-5897.5,-647.5,-21402.5
20746,142.25,227.29,953.31,-7840.0,752.5,-29382.5
20775,149.69,229.36,953.8,-6422.5,1225.0,-33652.5
20804,153.23,230.82,953.55,-6335.0,2642.5,-36172.5
20833,153.96,231.92,953.55,-10955.0,7297.5,-38237.5
20862,152.01,232.29,956.24,-9555.0,6090.0,-39742.5
20890,150.43,231.92,959.04,-5915.0,1802.5,-42857.5
20919,147.62,230.58,960.63,-6720.0,1592.5,-48492.5
20948,140.79,228.02,962.58,-5145.0,-2537.5,-49542.5
20977,131.52,225.58,963.43,-2590.0,-4672.5,-49472.5
21006,121.15,223.26,960.75,-4252.5,-1645.0,-49822.5
21035,110.17,219.72,955.63,-12197.5,4200.0,-55177.5
21064,90.52,212.52,955.14,-17360.0,3762.5,-55440.0
21093,60.27,202.52,960.38,-10570.0,-1365.0,-37940.0
21122,31.35,192.03,965.51,-9100.0,1557.5,-20230.0
21151,4.39,181.9,971.85,-5670.0,-647.5,-5932.5
21180,-22.2,172.87,979.42,2345.0,-4252.5,11935.0
21209,-43.55,165.68,983.81,6895.0,-4182.5,29960.0
21238,-56.36,160.67,985.27,5197.5,-1890.0,40477.5
21267,-64.66,157.01,987.71,7577.5,-1452.5,47932.5
21296,-68.56,154.45,989.05,11532.5,-2712.5,55230.0
21325,-65.27,152.99,986.98,9205.0,875.0,57820.0
21354,-58.68,152.01,984.66,6615.0,-1032.5,55072.5
21383,-51.73,151.04,983.32,8312.5,-4270.0,55632.5
21412,-42.58,150.43,980.15,7875.0,-1347.5,58012.5
21441,-30.87,149.57,974.29,3955.0,5407.5,59692.5
21470,-18.06,148.11,967.58,-5617.5,19075.0,62597.5
21499,-0.98,146.77,964.53,-13300.0,18882.5,58485.0
21528,22.33,146.52,967.83,-7665.0,210.0,40897.5
21557,47.46,148.47,974.41,262.5,-9240.0,24640.0
21586,73.2,152.5,980.27,787.5,-1662.5,14840.0
21615,99.92,157.38,985.52,1680.0,280.0,-70.0
21644,122.85,161.65,988.81,6160.0,-5145.0,-16607.5
21673,139.81,164.58,988.32,6230.0,-8050.0,-27457.5
21702,152.01,165.19,986.98,5757.5,-12127.5,-37450.0
21731,159.58,164.7,984.66,7875.0,-13737.5,-41947.5
21760,163.85,164.82,980.03,1960.0,-7542.5,-43155.0
21789,165.07,165.55,976.24,-3780.0,-787.5,-43855.0
21818,163.48,167.26,973.8,-5057.5,-490.0,-44100.0
21847,160.8,169.34,972.58,-6597.5,-770.0,-47267.5
21876,156.28,171.04,972.83,-7840.0,280.0,-49630.0
21905,149.33,171.78,973.93,-8277.5,-910.0,-54005.0
21934,137.98,170.31,974.9,-8802.5,665.0,-57067.5
21963,121.63,166.77,974.29,-7770.0,-3115.0,-59587.5
21992,97.36,160.43,973.8,-8732.5,-6282.5,-59010.0
22021,60.51,151.65,977.59,-9607.5,612.5,-41982.5
22050,17.93,143.11,983.69,-4550.0,840.0,-10535.0
22079,-15.98,137.01,989.66,-1067.5,122.5,17412.5
22108,-36.36,133.1,996.37,5005.0,-245.0,33057.5
22137,-46.12,131.88,1001.74,10447.5,-2817.5,40355.0
22166,-48.07,132.98,1004.18,12092.5,-3097.5,42840.0
22195,-45.38,135.66,1004.3,12110.0,-1662.5,43015.0
22224,-39.53,139.08,1002.35,14420.0,-4900.0,42245.0
22253,-29.77,142.74,996.86,11322.5,-2817.5,40232.5
22282,-18.91,145.67,992.23,1820.0,4427.5,39270.0
22311,-8.66,147.74,991.74,3587.5,1225.0,38167.5
22340,1.1,149.57,990.4,10150.0,-5495.0,36330.0
22369,10.61,151.28,985.03,10395.0,-4917.5,41317.5
22398,24.16,153.23,978.32,3080.0,1837.5,44677.5
22427,42.21,155.31,973.93,2030.0,-490.0,40092.5
22456,62.95,158.6,972.1,3990.0,-4742.5,34195.0
22485,88.08,164.58,970.88,3797.5,-2852.5,28175.0
22514,118.1,172.75,969.78,1610.0,-1312.5,14770.0
22543,147.62,181.54,968.68,1575.0,-507.5,-2572.5
22572,170.92,189.1,966.36,227.5,1417.5,-15610.0
22601,187.39,194.71,963.19,-3150.0,3412.5,-23992.5
22630,198.37,198.13,960.87,-5460.0,5127.5,-29890.0
22659,203.74,200.2,959.29,-6300.0,5792.5,-34580.0
22688,204.35,201.06,958.92,-6807.5,2660.0,-38675.0
22717,201.79,201.3,960.02,-4830.0,105.0,-39200.0
22746,196.91,202.4,959.77,-5775.0,4252.5,-38132.5
22775,187.64,203.37,960.87,-11497.5,10220.0,-36575.0
22804,174.7,202.76,967.09,-4952.5,4287.5,-30450.0
22833,165.19,202.03,971.73,752.5,1120.0,-29050.0
22863,157.14,201.06,972.22,-1977.5,3622.5,-34265.0
22892,145.55,198.86,971.61,-2537.5,3482.5,-36347.5
22921,132.0,196.3,969.9,-3937.5,4410.0,-37590.0
22950,115.41,193.25,966.97,-4497.5,4952.5,-40845.0
22978,91.38,188.25,963.8,-6020.0,6107.5,-41020.0
23007,57.95,181.41,962.09,-8347.5,5302.5,-29365.0
23036,22.2,174.46,962.82,-8015.0,1435.0,-7315.0
23065,-6.83,168.12,966.12,-7280.0,350.0,11952.5
23094,-27.08,162.63,972.1,-3570.0,2205.0,25602.5
23123,-39.16,158.97,978.2,2695.0,-1732.5,32130.0
23152,-45.02,157.62,981.61,5600.0,-4637.5,33530.0
23181,-48.19,157.62,983.56,6002.5,-5092.5,36207.5
23210,-48.68,158.11,985.52,6177.5,-3867.5,41457.5
23239,-44.16,158.84,987.59,6142.5,-1382.5,44187.5
23268,-36.36,159.45,991.13,7525.0,-1907.5,42682.5
23297,-27.82,160.55,993.81,13895.0,-8487.5,40215.0
23326,-20.98,161.77,993.45,17220.0,-11375.0,41965.0
23354,-15.49,162.5,991.25,19022.5,-7105.0,51292.5
23383,-6.59,163.48,985.76,19530.0,-4567.5,57855.0
23412,9.39,166.29,976.0,14455.0,-6895.0,55895.0
23441,33.18,170.92,966.48,6265.0,-10657.5,44380.0
23470,61.0,176.05,960.99,3570.0,-8505.0,31727.5
23499,89.55,182.27,956.36,1487.5,-5740.0,19442.5
23528,117.61,189.22,951.72,-4410.0,-2345.0,5267.5
23557,141.52,195.57,949.16,-5617.5,1400.0,-6807.5
23586,159.21,201.06,946.72,-6282.5,3062.5,-13475.0
23614,172.26,205.33,945.01,-8365.0,3062.5,-18602.5
23643,181.54,208.13,945.01,-8540.0,2607.5,-22697.5
23672,188.37,209.6,946.72,-9310.0,2485.0,-25882.5
23701,192.52,210.08,949.53,-6702.5,2537.5,-28665.0
23730,193.37,210.82,950.5,-5880.0,5512.5,-29085.0
23759,191.78,211.43,950.87,-9642.5,11077.5,-30240.0
23788,187.76,211.79,953.55,-8732.5,8505.0,-31360.0
23817,183.61,212.52,957.33,-5915.0,4165.0,-32270.0
23846,180.07,213.38,960.38,-4742.5,4007.5,-35122.5
23875,175.44,214.11,962.21,-5092.5,2397.5,-39235.0
23904,169.34,214.23,963.8,-5635.0,2012.5,-42000.0
23933,161.65,213.26,964.78,-7052.5,3535.0,-45570.0
23962,152.13,210.21,964.65,-8242.5,3535.0,-52570.0
23990,133.22,204.72,964.17,-9380.0,4830.0,-58905.0
24019,97.97,196.66,964.9,-9100.0,10290.0,-42840.0
24048,56.61,188.0,966.97,-7770.0,8102.5,-11410.0
24077,24.52,179.58,970.75,-5390.0,4112.5,11287.5
24106,3.66,172.02,975.27,-770.0,227.5,20335.0
24136,-10.0,167.02,978.44,3080.0,-4322.5,24605.0
24165,-18.54,165.19,979.42,3255.0,-2747.5,27562.5
24194,-24.28,164.46,978.93,1277.5,-1732.5,29540.0
24223,-28.3,163.24,980.15,700.0,-1785.0,32270.0
24253,-31.72,161.77,982.71,2992.5,-3605.0,37082.5
24282,-33.43,159.82,985.39,5670.0,-5477.5,44852.5
24311,-30.5,157.01,987.83,6860.0,-2030.0,50400.0
24340,-24.52,154.45,989.54,10710.0,-3885.0,51870.0
24369,-18.54,152.13,987.83,16275.0,-8680.0,56822.5
24398,-9.76,149.33,983.08,11497.5,-2502.5,67060.0
24427,7.56,146.52,980.51,6562.5,3465.0,71662.5
24457,37.45,146.16,979.78,7945.0,-4847.5,55230.0
24486,73.32,150.18,978.32,9695.0,-15032.5,25672.5
24515,105.29,156.89,975.02,5337.5,-8557.5,5180.0
24544,131.27,163.97,970.63,-472.5,1435.0,-7665.0
24574,151.28,170.31,966.24,-3185.0,-525.0,-18690.0
24603,166.41,174.95,962.58,-6300.0,-542.5,-26635.0
24632,176.78,177.88,960.75,-10570.0,4987.5,-32025.0
24661,182.39,179.1,960.87,-12355.0,5127.5,-37485.0
24689,184.83,178.85,963.56,-10360.0,420.0,-41317.5
24718,185.93,177.88,966.85,-7402.5,1627.5,-42857.5
24747,185.07,177.14,969.17,-10412.5,6737.5,-47197.5
24776,180.68,175.56,973.56,-8767.5,4007.5,-50855.0
24805,174.46,173.73,977.59,-3342.5,1225.0,-53322.5
24834,165.55,171.29,979.17,-3710.0,-1207.5,-59150.0
24863,152.26,168.6,980.88,70.0,-8295.0,-62335.0
24892,134.93,165.55,981.0,1015.0,-7350.0,-60725.0
24921,112.48,162.02,979.78,-1645.0,-3290.0,-51397.5
24950,86.74,157.62,979.54,-2905.0,-542.5,-37502.5
24979,59.29,152.38,980.15,-3535.0,5005.0,-21192.5
25008,31.96,147.38,981.12,-1172.5,3762.5,-2030.0
25037,9.88,143.72,981.61,1470.0,1050.0,14087.5
25066,-3.9,141.52,981.73,1522.5,297.5,23660.0
25095,-10.98,141.03,981.73,997.5,1120.0,26617.5
25124,-15.25,141.52,982.83,1942.5,-1190.0,27282.5
25153,-19.28,142.62,984.91,4060.0,-2310.0,30607.5
25182,-21.47,144.2,986.98,4602.5,-1312.5,36137.5
25211,-20.74,147.25,989.18,6195.0,-1260.0,40127.5
25240,-17.08,150.67,991.25,10447.5,-5197.5,42612.5
25269,-9.76,154.21,992.47,12495.0,-7630.0,43295.0
25298,-0.98,157.14,992.84,13440.0,-6492.5,42385.0
25327,8.05,159.58,991.37,13335.0,-6177.5,42857.5
25356,19.52,162.38,988.44,12232.5,-4655.0,41790.0
25385,31.35,165.31,985.52,13440.0,-4935.0,40355.0
25414,42.7,167.87,982.47,16327.5,-6860.0,42192.5
25443,57.71,170.56,977.71,17815.0,-7175.0,43015.0
25472,80.76,175.07,970.02,14682.5,-5005.0,36190.0
25501,109.31,182.15,959.9,7280.0,-1767.5,20300.0
25530,136.03,190.44,949.16,-682.5,-2502.5,3762.5
25559,157.87,197.88,940.62,-8067.5,-122.5,-6300.0
25588,175.68,203.5,936.23,-11497.5,3412.5,-11620.0
25617,190.69,207.28,934.52,-12337.5,3832.5,-17307.5
25646,203.74,209.84,934.15,-13720.0,4305.0,-22820.0
25675,214.6,211.3,935.5,-14717.5,7210.0,-28822.5
25704,221.19,212.04,937.45,-14262.5,5705.0,-35175.0
25733,223.75,212.77,940.01,-13650.0,1330.0,-40180.0
25761,223.75,212.4,943.18,-14595.0,7630.0,-40687.5
25790,221.8,211.3,945.99,-16152.5,14612.5,-41352.5
25818,219.36,209.47,949.89,-14980.0,12162.5,-47862.5
25847,215.45,205.2,956.48,-14035.0,15470.0,-57750.0
25875,205.57,198.62,963.56,-9082.5,17132.5,-63280.0
25904,188.86,190.93,969.29,-2065.0,1225.0,-68145.0
25933,163.24,182.15,974.54,490.0,3325.0,-62492.5
25962,128.83,173.85,976.73,2310.0,3850.0,-44992.5
25991,93.09,166.16,976.49,1767.5,1207.5,-27510.0
26021,58.56,158.23,975.88,2852.5,367.5,-11410.0
26050,26.84,151.4,974.05,3990.0,-2362.5,5180.0
26079,1.59,146.89,970.75,2485.0,-2467.5,19110.0
26108,-16.1,144.33,967.46,490.0,-2887.5,26985.0
26137,-28.3,142.98,966.24,-367.5,-4375.0,31902.5
26166,-36.23,143.23,966.48,542.5,-5985.0,39112.5
26195,-38.19,144.81,967.34,1977.5,-8050.0,43767.5
26224,-34.28,145.91,969.9,1890.0,-9240.0,41107.5
26253,-26.72,144.94,979.78,3552.5,-6177.5,38150.0
26282,-20.74,142.98,988.93,14437.5,-13580.0,42682.5
26311,-15.86,142.98,988.44,13317.5,-12862.5,50435.0
26340,-4.88,144.94,983.44,11270.0,-9380.0,53007.5
26369,13.42,147.13,977.95,4637.5,-7490.0,46095.0
26399,32.7,148.6,977.22,4357.5,-5180.0,38850.0
26428,49.17,149.33,979.05,8575.0,-927.5,38552.5
26457,65.88,149.57,977.71,8557.5,2817.5,39025.0
26486,86.86,149.94,974.17,5075.0,787.5,31237.5
26515,111.14,151.28,971.36,5355.0,-3500.0,18882.5
26544,136.03,153.96,968.92,4760.0,-4935.0,6387.5
26573,158.48,158.11,965.87,2047.5,-2695.0,-5495.0
26602,176.29,162.87,963.43,-980.0,-2695.0,-14560.0
26631,190.56,166.77,962.34,-1312.5,-2187.5,-20265.0
26660,202.52,170.56,960.38,-2817.5,682.5,-25620.0
26689,211.3,173.48,957.58,-7455.0,2012.5,-33057.5
26718,215.7,174.7,956.11,-7630.0,1995.0,-35665.0
26747,218.38,177.02,955.87,-7402.5,1697.5,-36400.0
26775,220.94,179.34,957.33,-8855.0,1995.0,-40110.0
26804,221.06,181.29,960.14,-7280.0,2380.0,-42472.5
26833,219.36,183.0,962.58,-7402.5,3290.0,-45220.0
26862,215.09,183.85,965.02,-6142.5,2065.0,-49122.5
26891,206.42,184.46,966.61,-4497.5,647.5,-50032.5
26920,195.2,184.22,967.83,-5985.0,2502.5,-48930.0
26949,182.15,183.24,969.53,-3867.5,2030.0,-47950.0
26978,166.9,181.54,970.14,-2835.0,-350.0,-48580.0
27007,146.4,178.24,970.51,-2362.5,-1347.5,-46235.0
27036,117.85,173.12,971.12,-1960.0,1925.0,-33967.5
27065,84.55,167.75,971.36,-2905.0,6965.0,-12670.0
27094,53.68,162.75,971.24,-1995.0,5320.0,7857.5
27123,30.74,158.6,971.61,-1102.5,3955.0,22225.0
27152,16.35,155.18,972.95,525.0,1610.0,29627.5
27181,8.05,153.11,975.51,1277.5,1505.0,34370.0
27210,3.9,152.26,979.17,2660.0,1295.0,36890.0
27239,1.22,152.01,983.44,6510.0,-2450.0,39025.0
27268,-1.59,152.26,987.35,10640.0,-5425.0,43190.0
27297,-3.17,153.6,990.03,13965.0,-6160.0,50925.0
27326,1.59,156.28,991.37,16327.5,-9257.5,54722.5
27355,14.88,161.16,991.37,17342.5,-12565.0,48597.5
27384,31.11,167.75,990.03,17325.0,-14105.0,38360.0
27413,44.77,174.46,987.47,17587.5,-11130.0,35000.0
27442,57.22,181.05,982.22,16520.0,-4410.0,37415.0
27471,71.98,186.66,974.29,12320.0,997.5,39060.0
27500,88.69,190.32,967.83,10640.0,980.0,36907.5
27529,106.51,192.88,962.34,12180.0,315.0,36225.0
27558,129.56,195.44,955.02,8855.0,1995.0,31920.0
27587,158.36,199.84,946.48,5407.5,822.5,17727.5
27616,185.2,206.91,936.96,2327.5,-4270.0,647.5
27645,205.94,214.96,928.3,-4392.5,-2100.0,-8995.0
27674,221.67,222.77,922.08,-10692.5,3885.0,-13650.0
27703,234.36,229.24,919.51,-14227.5,3517.5,-19232.5
27732,245.1,233.02,920.86,-14402.5,2712.5,-26057.5
27761,251.69,235.46,922.81,-13930.0,3710.0,-32077.5
27790,253.52,236.68,925.0,-14542.5,3797.5,-34965.0
27819,253.03,236.68,927.81,-12740.0,4182.5,-35980.0
27848,251.81,236.44,930.13,-12302.5,4252.5,-38850.0
27877,248.51,235.34,932.93,-11602.5,1820.0,-42227.5
27905,242.78,233.75,936.35,-10482.5,2082.5,-42192.5
27934,236.44,232.53,939.77,-11165.0,4567.5,-41982.5
27962,228.38,230.82,944.28,-9870.0,3185.0,-41685.0
27991,218.01,228.87,949.89,-7612.5,3937.5,-39462.5
28020,205.69,226.43,956.6,-4655.0,5705.0,-35070.0
28049,192.52,223.87,963.07,-630.0,4270.0,-32427.5
28078,177.88,221.31,967.58,4217.5,455.0,-31535.0
28107,160.43,219.23,967.46,8890.0,-4042.5,-28717.5
28136,140.67,217.77,961.24,8470.0,-6685.0,-23677.5
28165,119.07,214.96,951.84,-2082.5,-1697.5,-16660.0
28194,94.92,209.72,946.96,-11042.5,1522.5,-6387.5
28223,70.15,203.5,949.28,-9607.5,280.0,7385.0
28252,50.75,198.25,953.8,-4935.0,-700.0,20107.5
28281,38.8,194.96,957.46,-3990.0,-367.5,26425.0
28310,30.74,192.27,961.97,-4165.0,560.0,30607.5
28339,26.11,189.83,967.46,-2240.0,980.0,35612.5
28368,25.13,187.39,972.46,-1190.0,4392.5,40022.5
28397,26.35,185.2,977.95,-892.5,6737.5,43732.5
28426,31.35,183.73,985.39,5390.0,105.0,43837.5
28455,40.26,183.24,992.84,13877.5,-5740.0,41685.0
28484,50.87,184.34,996.37,17115.0,-2695.0,40145.0
28513,60.76,186.42,996.13,15417.5,-297.5,37065.0
28543,68.2,188.25,995.4,17447.5,-5862.5,36085.0
28572,74.91,190.08,993.32,20475.0,-7280.0,37957.5
28601,82.35,192.76,987.22,19792.5,-3587.5,39515.0
28630,91.99,195.81,977.71,15382.5,1662.5,40880.0
28659,106.26,199.23,966.73,9625.0,3955.0,36925.0
28688,123.95,202.52,956.24,4935.0,52.5,27422.5
28717,142.86,205.45,947.09,1627.5,-6002.5,17867.5
28746,163.24,209.6,939.64,-4707.5,-2257.5,9240.0
28775,183.24,214.23,935.01,-11270.0,2695.0,-1347.5
28804,199.23,218.14,934.4,-12880.0,1697.5,-9660.0
28833,211.91,220.82,936.23,-11690.0,1627.5,-14490.0
28862,222.53,222.77,936.96,-11200.0,385.0,-20860.0
28891,229.85,224.24,936.84,-14087.5,1172.5,-25987.5
28919,234.97,224.11,939.4,-16782.5,4602.5,-29330.0
28948,239.36,221.92,944.89,-13580.0,2537.5,-33915.0
28976,241.8,219.11,950.38,-10307.5,1487.5,-38937.5
29005,240.22,214.6,957.7,-12512.5,10815.0,-40687.5
29033,236.19,209.6,964.65,-6422.5,16642.5,-38150.0
29062,234.0,205.57,967.7,-420.0,-4182.5,-49857.5
29091,229.85,201.54,970.63,2870.0,-12145.0,-59885.0
29120,220.09,198.13,972.34,2432.5,-927.5,-56455.0
29149,208.38,195.32,971.61,-2012.5,8785.0,-52815.0
29178,195.69,192.52,970.39,-1960.0,4007.5,-55160.0
29207,178.61,187.88,970.14,-2607.5,3010.0,-56962.5
29235,153.48,181.66,969.78,-2642.5,5565.0,-48475.0
29264,123.71,175.19,966.61,-4620.0,4445.0,-35840.0
29293,93.45,168.97,963.19,-10202.5,1925.0,-22347.5
29322,64.42,162.75,963.31,-11725.0,-525.0,-6160.0
29351,37.33,156.16,967.09,-9152.5,1522.5,10885.0
29380,14.15,149.82,971.85,-4725.0,-17.5,26617.5
29409,-0.98,145.67,976.24,-2835.0,577.5,36872.5
29439,-9.88,143.35,982.71,-1085.0,945.0,41265.0
29468,-14.76,142.01,991.62,8312.5,-1085.0,47495.0
29497,-14.03,141.52,999.18,13772.5,-1627.5,48580.0
29526,-11.83,142.01,1005.89,20737.5,-4602.5,47600.0
29555,-9.27,144.33,1008.94,27510.0,-7717.5,50487.5
29584,-4.15,148.47,1006.01,26180.0,-6177.5,53515.0
29613,2.68,152.99,1002.11,24605.0,-9292.5,57557.5
29642,12.44,156.77,998.81,26600.0,-8575.0,62702.5
29671,26.84,160.31,993.2,26127.5,-5022.5,64540.0
29700,45.14,164.58,984.54,22820.0,-1872.5,61792.5
29729,65.39,169.82,973.19,19372.5,-4532.5,56210.0
29758,88.94,176.53,960.14,14647.5,-8225.0,47705.0
29787,116.14,183.98,947.57,6492.5,-3062.5,34527.5
29816,143.59,192.27,936.47,-1172.5,2187.5,21420.0
29845,170.31,201.54,927.69,-8120.0,4497.5,7262.5
29875,194.96,210.08,921.83,-12950.0,5775.0,-6755.0
29904,215.94,217.4,919.03,-15260.0,5110.0,-17150.0
29932,234.0,223.02,917.93,-17815.0,6650.0,-27282.5
29961,248.27,226.43,918.42,-21787.5,8627.5,-38762.5
29989,255.96,227.29,921.34,-21665.0,5950.0,-47932.5
30018,258.64,225.94,926.1,-19162.5,4865.0,-51432.5
30047,258.27,223.26,931.84,-18060.0,7612.5,-55300.0
30076,254.74,220.09,937.94,-13597.5,2275.0,-60497.5
30105,249.12,216.31,943.06,-10167.5,-3080.0,-64575.0
30134,240.83,212.04,948.06,-7945.0,-1295.0,-65082.5
30163,230.34,208.13,953.19,-3185.0,-2765.0,-62632.5
30192,219.11,205.08,956.11,875.0,-2467.5,-58940.0
30221,206.18,202.76,955.99,-367.5,-367.5,-55072.5
30250,190.81,200.2,956.11,-735.0,-3115.0,-52027.5
30279,175.44,197.64,955.75,1575.0,-6230.0,-48860.0
30308,158.36,194.47,953.55,-3762.5,665.0,-45990.0
30337,134.69,190.2,953.8,-5460.0,1592.5,-36487.5
30366,107.48,185.2,956.97,-2800.0,-1347.5,-23992.5
30395,79.54,180.19,960.38,647.5,332.5,-8242.5
30424,52.22,176.05,962.34,-262.5,4305.0,11095.0
30454,28.55,172.26,964.04,-927.5,2940.0,28052.5
30483,10.0,168.6,966.48,-245.0,3167.5,43400.0
30513,-3.9,165.19,970.02,542.5,6772.5,58485.0
30542,-13.3,162.26,974.41,5057.5,3657.5,71837.5
30572,-15.49,159.82,978.2,7805.0,6090.0,81672.5
30601,-10.49,157.87,981.12,8050.0,16030.0,87272.5
30630,-2.81,156.89,982.1,9467.5,16135.0,89897.5
30659,7.32,157.62,978.44,10272.5,-4007.5,88655.0
30688,24.16,159.21,972.95,9695.0,-19722.5,78610.0
30717,46.36,160.55,969.05,5442.5,-13300.0,69317.5
30746,71.37,161.77,967.58,4602.5,-2257.5,59097.5
30775,99.67,164.46,964.53,2065.0,805.0,43330.0
30804,129.69,168.48,960.63,-4410.0,-3377.5,18725.0
30833,155.92,171.17,959.9,-3902.5,-6107.5,-3010.0
30862,174.83,172.26,959.41,-4725.0,2047.5,-10762.5
30891,190.81,174.22,957.94,-7542.5,1452.5,-20160.0
30920,205.2,176.17,956.97,-7472.5,-1330.0,-31867.5
30948,215.45,177.02,957.21,-8085.0,3097.5,-39147.5
30977,221.06,177.63,957.33,-7455.0,5022.5,-42612.5
31006,223.75,178.0,957.46,-8172.5,6667.5,-45342.5
31035,225.21,177.63,958.07,-7595.0,7717.5,-48475.0
31064,223.5,176.41,958.43,-9030.0,9992.5,-52010.0
31093,217.77,174.22,960.14,-7612.5,5827.5,-51065.0
31122,210.94,172.02,961.97,-4427.5,1662.5,-49717.5
31151,203.5,170.31,962.34,-3990.0,-1820.0,-49787.5
31180,194.83,168.85,963.19,-5145.0,-910.0,-45185.0
31209,188.73,167.87,964.41,-5967.5,1627.5,-44047.5
31238,186.05,167.26,966.48,-4672.5,-1662.5,-54075.0
31266,181.29,165.43,969.05,-2730.0,-3885.0,-66815.0
31295,165.55,161.28,971.85,-1925.0,-5425.0,-70315.0
31323,140.54,154.94,975.76,-595.0,-2345.0,-60690.0
31352,108.34,147.5,980.39,682.5,-1435.0,-45640.0
31381,70.39,139.57,984.78,4060.0,-1400.0,-18147.5
31410,34.77,132.74,986.61,1085.0,7140.0,12127.5
31439,7.56,127.25,988.2,157.5,5915.0,32287.5
31469,-9.76,123.1,990.4,3290.0,4672.5,43382.5
31498,-20.01,121.15,990.15,2380.0,6632.5,48492.5
31528,-28.79,120.66,989.3,245.0,4865.0,53497.5
31557,-33.31,121.02,990.76,3797.5,945.0,60462.5
31587,-28.79,123.22,991.13,4672.5,5250.0,59937.5
31616,-21.47,126.88,990.52,2537.5,5320.0,54250.0
31645,-16.84,130.3,991.13,6825.0,-1610.0,53165.0
31674,-13.79,132.25,990.88,8662.5,-805.0,59167.5
31703,-9.76,132.86,989.42,8190.0,5057.5,68267.5
31732,-4.64,131.39,987.47,9607.5,7665.0,76457.5
31761,3.42,127.86,985.39,8802.5,15067.5,85662.5
31790,20.86,125.17,982.1,542.5,29435.0,85942.5
31819,50.26,126.88,978.93,-5495.0,14297.5,59202.5
31848,83.94,131.76,978.93,-1645.0,-13195.0,19897.5
31877,112.36,136.64,981.12,-3080.0,-6002.5,-3150.0
31906,132.74,140.67,982.59,-4042.5,3010.0,-12582.5
31935,148.11,144.57,982.34,-3342.5,-1487.5,-22802.5
31963,158.84,147.38,981.98,-3797.5,-4445.0,-31360.0
31992,164.82,148.47,982.22,-4672.5,-647.5,-35367.5
32021,166.9,148.11,982.59,-5897.5,3692.5,-36505.0
32050,166.29,146.77,983.2,-3640.0,-2817.5,-39252.5
32079,164.21,145.67,983.08,-980.0,-7892.5,-40740.0
32108,160.55,145.18,982.47,-1855.0,-6265.0,-39952.5
32137,155.67,145.42,982.59,-1417.5,-8505.0,-38167.5
32166,152.5,146.77,984.42,-420.0,-11917.5,-38185.0
32195,150.67,148.11,987.59,-1330.0,-9380.0,-40810.0
32224,147.25,148.96,991.01,-2100.0,-3850.0,-43085.0
32253,141.89,149.08,994.42,-3097.5,-2467.5,-46707.5
32282,134.44,148.35,998.94,2957.5,-10587.5,-52132.5
32311,124.81,148.35,1000.52,6545.0,-10605.0,-52902.5
32339,111.39,148.84,999.06,1557.5,682.5,-48877.5
32368,92.96,150.3,997.23,1242.5,3850.0,-39182.5
32397,72.22,152.01,995.4,1627.5,-140.0,-30362.5
32426,51.24,152.38,993.08,1487.5,-367.5,-21612.5
32455,28.67,151.52,990.4,175.0,507.5,-11917.5
32485,5.61,150.43,988.2,367.5,-472.5,1662.5
32514,-13.3,149.82,985.76,-525.0,735.0,14752.5
32543,-25.86,150.3,984.05,-1505.0,1085.0,22540.0
32572,-32.57,152.13,983.81,-367.5,-105.0,27387.5
32601,-32.33,156.4,983.69,1592.5,-1977.5,28262.5
32630,-28.43,162.02,982.47,385.0,-2065.0,22662.5
32660,-26.47,166.04,982.1,-17.5,-4217.5,21175.0
32689,-24.52,167.87,984.3,-1102.5,-2520.0,24885.0
32717,-21.47,167.75,989.05,-105.0,70.0,27440.0
32746,-18.06,167.63,993.81,5442.5,-4725.0,29540.0
32775,-12.93,168.36,995.4,6720.0,-1050.0,34107.5
32804,-5.49,169.09,995.4,5775.0,2187.5,37152.5
32833,5.0,170.07,995.03,7875.0,1102.5,38972.5
32863,18.67,171.78,993.32,7822.5,3815.0,39567.5
32892,34.89,173.73,989.91,6335.0,7787.5,37957.5
32922,51.97,175.19,984.78,3972.5,9380.0,32760.0
32951,67.59,175.8,979.42,490.0,10237.5,26495.0
32981,79.06,175.68,975.27,-350.0,7122.5,23730.0
33010,91.74,176.66,971.97,665.0,542.5,22610.0
33040,110.53,180.32,969.05,-2187.5,-1645.0,12670.0
33069,131.39,184.59,969.17,-3062.5,-3710.0,-1242.5
33098,149.08,187.76,971.0,-1277.5,-3482.5,-13492.5
33127,161.28,190.2,972.34,-1837.5,-2205.0,-21157.5
33156,168.36,192.27,973.56,-4287.5,2590.0,-25532.5
33185,171.78,193.98,976.24,-3010.0,1330.0,-30415.0
33214,171.9,196.05,978.93,175.0,-3202.5,-35490.0
33243,168.48,198.37,980.51,1435.0,-4637.5,-38062.5
33272,163.6,200.57,980.39,822.5,-2065.0,-37642.5
33301,157.99,202.4,980.64,-1855.0,-297.5,-38727.5
33330,150.79,203.25,982.83,700.0,-4252.5,-38605.0
33359,143.72,204.23,984.05,2222.5,-4847.5,-37065.0
33388,136.15,205.2,984.91,420.0,-2065.0,-36225.0
33417,127.61,205.69,986.25,2660.0,-2450.0,-33372.5
33446,119.56,207.16,986.0,4515.0,-4935.0,-33092.5
33475,111.26,208.62,983.56,2572.5,-3605.0,-34212.5
33504,99.8,209.84,979.9,-210.0,-420.0,-33565.0
33533,84.18,210.57,974.78,-2782.5,-245.0,-32182.5
33562,63.68,209.35,969.05,-6807.5,1032.5,-25917.5
33591,40.26,206.06,964.65,-10552.5,2030.0,-14682.5
33620,17.69,200.45,962.09,-12197.5,2537.5,-3342.5
33649,-3.42,193.86,962.34,-11427.5,2117.5,9327.5
33679,-20.98,187.15,965.63,-8400.0,1417.5,22732.5
33708,-32.7,180.56,969.78,-4357.5,-542.5,30345.0
33738,-40.5,175.07,973.8,-3377.5,-3640.0,33180.0
33767,-45.26,172.39,980.15,-1312.5,-2852.5,40057.5
33795,-44.41,172.39,986.74,2922.5,-3290.0,44975.0
33824,-36.97,173.73,992.71,4480.0,-2292.5,44485.0
33853,-27.33,174.34,999.18,8925.0,-3237.5,41072.5
33882,-18.06,174.7,1003.08,14157.5,-5687.5,40565.0
33911,-7.08,175.8,1002.84,15260.0,-6370.0,40390.0
33940,6.22,177.39,1001.01,14997.5,-6632.5,37485.0
33969,20.5,179.1,998.81,16782.5,-9117.5,33757.5
33998,34.04,181.17,995.15,17972.5,-8330.0,31237.5
34027,45.87,184.22,988.08,17710.0,-5495.0,31797.5
34056,58.19,187.88,977.22,12617.5,-385.0,33705.0
34085,73.44,191.78,965.87,5810.0,1417.5,31570.0
34114,90.52,196.18,955.99,2310.0,-2450.0,26057.5
34143,109.68,200.32,947.94,-3675.0,-700.0,22277.5
34172,132.98,204.35,943.67,-8225.0,2012.5,14472.5
34201,157.38,208.13,943.67,-10377.5,1820.0,1592.5
34230,178.49,210.94,946.11,-7577.5,1067.5,-8190.0
34259,196.18,213.01,947.57,-5215.0,2170.0,-14175.0
34288,209.84,214.48,947.82,-5355.0,2065.0,-20405.0
34317,221.8,216.06,947.94,-4340.0,3587.5,-21735.0
34346,235.22,218.26,947.7,-10027.5,10097.5,-28892.5
34375,243.02,218.38,951.36,-12442.5,8225.0,-42175.0
34404,240.46,216.55,958.68,-6177.5,4585.0,-46235.0
34433,233.26,213.99,965.14,-1767.5,1032.5,-45185.0
34462,224.97,211.79,969.78,1260.0,105.0,-45990.0
34491,214.35,209.96,973.19,3377.5,-3377.5,-46497.5
34520,202.76,207.89,975.51,7507.5,-6737.5,-44660.0
34549,191.54,206.42,973.07,6632.5,-2380.0,-41807.5
34578,180.32,205.69,966.36,577.5,-1627.5,-42175.0
34607,166.77,205.08,959.16,-3570.0,-2222.5,-43260.0
34636,148.6,203.74,951.72,-9782.5,507.5,-41597.5
34665,124.2,202.03,945.26,-14822.5,2275.0,-36942.5
34694,94.43,200.32,941.35,-19180.0,2887.5,-24937.5
34723,63.68,197.88,941.84,-21997.5,3885.0,-8960.0
34752,35.5,192.88,948.43,-19512.5,3412.5,6370.0
34781,12.93,185.93,958.19,-12670.0,2275.0,19582.5
34810,-0.49,178.61,973.07,-9870.0,7472.5,27422.5
34839,-8.42,173.48,987.1,4427.5,-1575.0,30047.5
34868,-12.32,172.02,993.2,9572.5,-8470.0,32480.0
34897,-11.47,172.51,997.96,7875.0,647.5,31692.5
34926,-10.49,173.24,1002.84,14175.0,-6265.0,29470.0
34955,-8.3,173.73,1005.89,16730.0,-7210.0,31535.0
34984,-2.2,174.09,1007.72,17605.0,-5180.0,31360.0
35013,5.25,174.7,1008.33,20842.5,-7910.0,28262.5
35042,11.22,175.92,1006.13,23030.0,-8452.5,28997.5
35071,16.47,177.63,1000.4,22382.5,-3955.0,34370.0
35100,23.91,180.07,991.37,20282.5,-4130.0,37310.0
35129,34.4,183.24,981.37,18847.5,-8312.5,36540.0
35158,47.34,187.76,970.51,17657.5,-7892.5,36032.5
35187,63.32,193.98,957.21,11865.0,-3202.5,34667.5
35216,81.5,201.3,942.57,3640.0,17.5,32235.0
35245,102.72,209.11,930.37,-3622.5,-1942.5,27230.0
35274,128.59,217.16,923.3,-8942.5,-3955.0,17255.0
35303,154.7,224.24,921.47,-13650.0,-192.5,5932.5
35332,177.63,229.97,923.3,-12897.5,1470.0,-3167.5
35361,196.79,233.87,926.83,-12075.0,1032.5,-12250.0
35390,210.69,236.92,931.71,-8627.5,665.0,-17517.5
35419,219.97,240.22,935.5,-6790.0,1785.0,-20387.5
35448,226.43,244.0,938.18,-7647.5,1312.5,-24132.5
35477,229.48,248.51,942.33,-6230.0,-2467.5,-28857.5
35505,229.48,251.93,947.21,-4095.0,-2712.5,-29715.0
35534,228.63,253.52,952.45,-3132.5,1155.0,-28175.0
35563,227.41,253.39,958.19,-1050.0,1435.0,-29067.5
35592,224.97,251.44,963.56,3517.5,-1172.5,-30415.0
35621,221.43,249.37,966.24,7157.5,-4095.0,-30940.0
35650,216.55,248.15,965.87,8312.5,-2922.5,-29260.0
35679,211.18,248.03,961.97,7140.0,-1015.0,-26477.5
35708,206.42,249.61,956.24,6090.0,-4392.5,-26740.0
35737,201.06,252.3,949.16,4970.0,-6387.5,-28035.0
35766,193.98,255.83,940.99,-315.0,-3202.5,-27545.0
35795,184.46,259.25,933.18,-5495.0,105.0,-25602.5
35824,172.75,261.57,926.47,-9642.5,2135.0,-23310.0
35853,159.21,262.67,920.25,-13492.5,1487.5,-22505.0
35881,142.86,262.42,915.98,-17482.5,1295.0,-18707.5
35910,124.93,261.45,915.24,-19740.0,2152.5,-10167.5
35939,108.34,259.25,917.93,-21717.5,3780.0,-1662.5
35968,93.94,255.22,925.25,-22732.5,6212.5,4567.5
35997,80.4,250.1,938.55,-16222.5,3202.5,9695.0
36026,68.93,245.34,954.04,-5635.0,-52.5,15925.0
36055,62.22,241.8,967.22,805.0,-1190.0,18935.0
36085,58.56,238.75,977.83,5337.5,-2397.5,18550.0
36114,54.66,235.09,986.49,10097.5,-3150.0,19950.0
36143,51.73,232.04,991.74,13667.5,-2135.0,24027.5
36172,50.75,230.09,992.84,14507.5,-507.5,27090.0
36201,50.51,228.63,992.1,13877.5,-70.0,29312.5
36230,50.75,226.92,991.37,15032.5,787.5,34842.5
36259,55.39,226.19,988.93,15102.5,3535.0,38937.5
36288,62.71,226.07,985.76,14577.5,1277.5,36470.0
36317,69.91,226.19,983.32,18007.5,-4322.5,36715.0
36346,79.3,227.29,978.2,19110.0,-1872.5,39497.5
36375,91.99,229.85,968.92,14857.5,2782.5,38412.5
36404,105.65,232.9,958.68,9397.5,3780.0,35262.5
36433,120.29,236.07,949.16,5932.5,2047.5,32287.5
36463,137.37,240.34,939.89,1417.5,2502.5,27457.5
36492,155.43,245.34,932.32,-3395.0,3027.5,19985.0
36521,172.26,250.1,927.57,-5775.0,1295.0,13737.5
36550,188.61,254.13,925.37,-6930.0,-612.5,7210.0
36579,203.01,256.69,924.64,-4900.0,-3500.0,1540.0
36608,215.94,259.62,922.93,-6580.0,-2572.5,-1575.0
36637,228.02,261.57,923.42,-11427.5,-560.0,-7367.5
36666,238.39,262.54,927.81,-7752.5,-1750.0,-12512.5
36695,246.68,264.25,931.47,-5530.0,-1487.5,-16957.5
36724,253.76,264.98,935.13,-6720.0,-157.5,-20160.0
36753,260.96,265.72,939.52,-2992.5,-1592.5,-23765.0
36782,267.67,266.2,941.96,-2222.5,-2275.0,-30275.0
36811,271.33,265.23,942.45,-2677.5,-1610.0,-35017.5
36840,270.35,263.64,942.33,-4637.5,-2625.0,-39322.5
36869,265.59,261.2,944.4,-4777.5,-5197.5,-41177.5
36898,260.23,259.74,946.35,420.0,-10622.5,-42140.0
36927,254.25,260.1,945.01,-2012.5,-7157.5,-42945.0
36955,245.95,260.84,942.94,-7262.5,1015.0,-41650.0
36984,234.97,260.71,941.6,-10360.0,4252.5,-41807.5
37013,222.04,259.37,940.38,-12775.0,3990.0,-44432.5
37042,207.28,255.96,940.13,-15225.0,2082.5,-47845.0
37071,188.12,249.61,941.6,-14280.0,-1785.0,-49822.5
37100,161.28,240.95,945.38,-12670.0,-892.5,-38570.0
37129,132.13,232.78,950.87,-9607.5,2975.0,-15995.0
37158,108.7,225.94,955.99,-6580.0,5652.5,857.5
37187,90.16,220.09,960.87,-3150.0,4305.0,10150.0
37217,73.93,215.33,966.0,-805.0,7367.5,20370.0
37246,61.98,211.79,970.88,1365.0,9695.0,28682.5
37275,53.92,208.5,976.85,5162.5,8347.5,31325.0
37304,46.36,205.08,983.32,12512.5,4340.0,35630.0
37333,36.6,200.93,987.35,15295.0,5267.5,47285.0
37362,28.18,196.79,988.69,13195.0,13807.5,65922.5
37391,26.47,194.1,987.35,12547.5,13720.0,76982.5
37420,31.48,192.03,984.3,12530.0,5512.5,78802.5
37449,43.19,191.3,979.9,14332.5,-4987.5,75915.0
37478,62.46,192.64,974.05,14280.0,-12302.5,66062.5
37507,87.35,196.54,966.73,13160.0,-15872.5,52290.0
37536,114.44,201.79,958.55,7980.0,-15487.5,35805.0
37565,141.03,208.13,950.99,2117.5,-10010.0,23345.0
37594,167.26,214.96,945.01,-4270.0,-4917.5,12232.5
37623,193.25,221.43,941.6,-4970.0,-700.0,1102.5
37652,215.82,227.29,939.16,-5530.0,437.5,-12407.5
37681,233.02,231.07,937.57,-5617.5,-507.5,-21000.0
37710,246.81,233.51,936.47,-8085.0,3447.5,-27772.5
37739,256.81,234.36,935.62,-8610.0,1785.0,-35665.0
37768,263.28,234.48,934.89,-7525.0,-3745.0,-42192.5
37797,266.57,234.48,935.13,-10027.5,-875.0,-47582.5
37826,265.23,234.12,937.2,-9590.0,-1470.0,-49262.5
37855,260.96,234.48,939.4,-5495.0,-6247.5,-49140.0
37884,255.47,235.46,942.57,-5040.0,-682.5,-48772.5
37913,248.88,235.95,947.94,2100.0,4515.0,-49192.5
37942,243.02,237.53,947.94,7315.0,-6702.5,-54757.5
37971,236.56,239.73,943.3,-1732.5,-5145.0,-63507.5
38000,224.36,239.73,940.13,-11165.0,5880.0,-65852.5
38028,206.91,236.44,938.06,-14490.0,10097.5,-64767.5
38057,180.32,229.85,938.67,-17850.0,5337.5,-61285.0
38086,145.55,222.28,943.55,-11882.5,-1225.0,-40792.5
38115,113.7,215.7,948.43,-9222.5,-192.5,-20965.0
38144,85.4,209.6,955.5,-6597.5,647.5,-6142.5
38173,58.32,204.59,964.53,2730.0,560.0,12705.0
38202,38.31,202.4,969.78,6720.0,-1295.0,26372.5
38231,25.01,202.03,973.93,6702.5,1645.0,33442.5
38260,13.18,202.03,978.93,11200.0,2555.0,42280.0
38290,4.64,201.67,981.0,14752.5,3307.5,51450.0
38319,0.98,200.93,978.93,14297.5,4217.5,56980.0
38348,1.83,200.57,974.78,11882.5,3727.5,58292.5
38377,5.0,200.69,971.36,10990.0,6177.5,60637.5
38406,8.3,200.93,968.07,11165.0,9345.0,69440.0
38435,18.42,201.67,962.82,7665.0,12162.5,74462.5
38464,35.5,203.86,957.33,2992.5,10325.0,67760.0
38493,54.29,207.77,953.06,2117.5,-1417.5,59902.5
38522,79.18,213.99,948.43,-350.0,-5687.5,49105.0
38551,110.9,223.14,944.28,-7525.0,-472.5,28367.5
38580,140.42,232.29,943.18,-10727.5,1872.5,7525.0
38609,164.46,239.12,945.5,-7140.0,-1540.0,-6177.5
38638,184.1,243.63,947.57,-4112.5,962.5,-16782.5
38668,197.52,245.95,947.7,-4672.5,2625.0,-24955.0
38697,204.84,246.44,947.45,-5197.5,2695.0,-29365.0
38725,207.4,245.71,947.45,-5950.0,4882.5,-31447.5
38754,205.45,244.24,948.18,-4725.0,3815.0,-32585.0
38783,200.45,242.9,948.43,-2642.5,297.5,-32025.0
38812,194.59,242.17,948.79,-3850.0,0.0,-30397.5
38841,189.22,241.8,950.26,-3447.5,-455.0,-30572.5
38870,184.71,241.8,950.87,-4427.5,-350.0,-32970.0
38899,178.97,241.19,951.72,-7035.0,1120.0,-35630.0
38928,172.63,240.58,954.65,-6790.0,-122.5,-37030.0
38957,167.87,240.1,958.92,-5845.0,-227.5,-41615.0
38986,162.26,239.0,963.31,-3167.5,-2362.5,-48615.0
39015,152.62,236.56,965.87,-857.5,-4900.0,-52342.5
39043,139.08,233.39,966.24,700.0,-6230.0,-50750.0
39072,123.71,230.09,964.04,-665.0,-1610.0,-45815.0
39101,107.36,226.92,960.63,-5495.0,3062.5,-42227.5
39130,87.23,222.89,958.43,-5512.5,595.0,-36242.5
39159,62.46,216.92,958.19,-7770.0,2852.5,-25970.0
39188,33.79,209.35,961.36,-6860.0,3867.5,-10780.0
39217,4.88,201.42,967.34,-1032.5,1417.5,6720.0
39247,-19.03,194.96,971.85,2782.5,-1050.0,21927.5
39276,-35.38,191.17,974.66,2450.0,805.0,32375.0
39306,-44.41,189.83,977.34,2642.5,2100.0,38167.5
39335,-48.43,189.71,980.15,5180.0,-280.0,40197.5
39365,-48.31,189.95,981.37,5722.5,927.5,40442.5
39394,-47.58,190.08,981.37,2537.5,5285.0,40705.0
39423,-47.46,188.86,981.12,1487.5,6387.5,44555.0
39452,-44.04,186.42,981.25,857.5,5022.5,43995.0
39481,-38.67,184.71,982.95,5267.5,-1645.0,40320.0
39510,-33.92,184.83,983.69,10797.5,-5950.0,41877.5
39539,-28.3,187.03,980.27,8960.0,402.5,48475.0
39568,-18.54,190.32,974.05,2572.5,5862.5,49385.0
39597,-7.2,193.0,968.19,-1242.5,3080.0,45080.0
39626,3.29,194.47,964.29,-3605.0,717.5,45255.0
39655,17.81,194.96,962.7,-5250.0,2642.5,45010.0
39685,36.97,195.32,962.95,-5512.5,805.0,39655.0
39714,60.27,195.93,964.17,-5600.0,-1785.0,32375.0
39743,88.33,197.15,967.34,-7385.0,560.0,15890.0
39772,114.07,198.13,972.22,-1102.5,-4305.0,-2747.5
39801,133.22,199.23,974.29,3570.0,-5162.5,-13650.0
39830,146.16,200.81,973.07,-105.0,1172.5,-18007.5
39859,154.57,200.93,972.34,-4007.5,8452.5,-19250.0
39888,159.33,199.84,972.58,-2222.5,4217.5,-22697.5
39917,161.53,198.62,973.07,-1925.0,455.0,-25620.0
39946,162.75,198.37,975.39,-2205.0,1802.5,-26512.5
39975,164.09,198.86,979.17,-385.0,1767.5,-30502.5
40004,163.11,199.1,981.25,2205.0,-2520.0,-37082.5
40033,158.23,199.35,981.86,2187.5,-5057.5,-40267.5
40062,150.3,199.23,982.1,332.5,787.5,-38115.0
40091,141.03,198.62,982.22,-245.0,4095.0,-35175.0
40120,131.88,198.13,981.98,1575.0,-1015.0,-36015.0
40149,122.0,198.25,981.12,1487.5,-1067.5,-36400.0
40178,110.04,198.74,979.78,0.0,630.0,-34562.5
40208,96.38,199.47,978.2,-612.5,1102.5,-31920.0
40237,80.76,200.45,976.85,-717.5,262.5,-28927.5
40266,62.46,201.06,975.51,-1417.5,2170.0,-22942.5
40295,42.09,200.57,974.05,-4602.5,4970.0,-17202.5
40324,20.01,198.13,973.68,-4900.0,2415.0,-12582.5
40353,-2.81,194.96,975.15,-4025.0,647.5,-2222.5
40383,-23.18,191.78,977.1,-2170.0,2590.0,10167.5
40412,-38.19,189.59,977.95,-542.5,1120.0,17150.0
40442,-48.8,188.12,978.2,17.5,-350.0,20930.0
40471,-55.75,187.03,978.44,-315.0,-52.5,25672.5
40500,-59.41,185.56,979.42,-1102.5,1085.0,27352.5
40529,-61.85,184.1,980.76,2835.0,-5215.0,27825.0
40558,-62.22,183.0,980.39,2800.0,-4235.0,30940.0
40587,-60.39,182.27,979.66,280.0,-402.5,33652.5
40616,-57.71,182.02,979.29,3115.0,-5390.0,33722.5
40645,-53.56,182.51,977.46,3220.0,-6755.0,36610.0
40674,-45.26,182.76,975.27,-2065.0,1452.5,40477.5
40703,-33.43,182.51,974.78,-4112.5,5302.5,39602.5
40732,-18.3,181.78,975.15,-1032.5,-805.0,34580.0
40761,-1.1,180.32,974.9,-52.5,-4900.0,25882.5
40790,15.86,178.36,974.9,-1907.5,-5425.0,21437.5
40819,34.16,176.78,975.27,-3377.5,-1032.5,18655.0
40848,54.78,176.29,976.0,-3780.0,805.0,12932.5
40877,75.64,176.66,977.71,-1592.5,-1557.5,4392.5
40906,94.18,177.88,979.54,-1715.0,385.0,-1697.5
40935,109.8,179.1,981.73,-1767.5,2957.5,-7105.0
40964,123.22,179.58,983.81,1575.0,-175.0,-13492.5
40993,133.96,179.83,983.2,1767.5,577.5,-19215.0
41022,141.76,179.46,981.25,-3587.5,8540.0,-23065.0
41051,145.06,177.39,981.86,-5127.5,10342.5,-28665.0
41080,142.98,175.07,984.91,-1330.0,4725.0,-32847.5
41109,138.71,173.85,987.47,1015.0,2555.0,-34020.0
41138,132.98,173.97,987.96,472.5,3395.0,-35000.0
41167,125.42,174.58,987.96,-717.5,1382.5,-36382.5
41196,116.27,174.34,989.79,-665.0,1137.5,-36365.0
41225,105.65,174.22,990.76,3220.0,-2047.5,-35595.0
41254,95.04,174.95,989.3,3237.5,-8470.0,-36522.5
41283,84.18,175.19,989.42,175.0,-5845.0,-34160.0
41312,73.2,175.68,990.52,997.5,-1942.5,-30747.5
41341,61.61,176.78,990.4,2205.0,-5652.5,-31255.0
41370,48.56,177.14,989.42,1050.0,-4672.5,-29645.0
41399,31.96,175.92,987.71,-4252.5,3482.5,-24850.0
41428,10.74,172.14,988.08,-5495.0,4007.5,-18200.0
41457,-13.05,166.65,989.54,0.0,437.5,-6475.0
41487,-35.01,160.55,989.18,227.5,1295.0,7227.5
41516,-52.46,154.94,988.08,-1190.0,2100.0,15540.0
41545,-66.0,150.67,987.96,1435.0,-3412.5,20632.5
41574,-74.66,148.84,987.22,2415.0,-3132.5,27072.5
41603,-78.81,148.84,986.13,-1365.0,1942.5,31867.5
41632,-79.79,148.11,985.52,-1995.0,3027.5,34440.0
41661,-77.47,145.18,985.03,-3902.5,1837.5,34317.5
41690,-72.71,141.89,988.2,-5075.0,1837.5,33582.5
41719,-68.81,139.81,992.96,1662.5,-1452.5,33250.0
41748,-63.93,139.32,992.1,7192.5,-7052.5,36505.0
41778,-56.0,140.06,986.25,-332.5,1225.0,42157.5
41807,-48.07,139.32,981.61,-6300.0,5477.5,48090.0
41836,-36.11,136.4,980.76,-10377.5,3692.5,52010.0
41865,-18.54,132.98,985.15,-7385.0,-280.0,45342.5
41894,0.85,130.05,992.84,4322.5,-11742.5,37135.0
41923,23.3,129.44,998.08,13142.5,-15452.5,29347.5
41952,49.04,131.88,998.57,10727.5,-6720.0,19512.5
41981,76.01,136.64,997.59,6860.0,-3150.0,5407.5
42010,100.16,142.25,996.5,8767.5,-7805.0,-10867.5
42039,118.34,147.62,993.32,5652.5,-4585.0,-19512.5
42068,132.13,152.01,990.03,-997.5,4462.5,-23310.0
42097,141.4,154.33,988.57,-2012.5,6965.0,-28752.5
42126,145.06,155.55,986.98,682.5,1417.5,-33915.0
42155,144.69,157.38,984.3,-1837.5,2625.0,-36172.5
42184,141.76,159.82,983.08,-4305.0,4987.5,-37450.0
42213,138.23,162.02,984.42,-3430.0,3640.0,-38745.0
42242,134.57,163.48,986.49,-2555.0,3605.0,-42577.5
42271,127.86,163.6,988.32,-1312.5,1172.5,-46130.0
42300,117.24,162.63,989.66,-227.5,-35.0,-44905.0
42329,105.41,161.65,989.66,-2047.5,3465.0,-40757.5
42358,93.57,159.58,988.81,-4025.0,3937.5,-39760.0
42387,79.3,155.67,988.08,-3167.5,927.5,-40827.5
42417,59.29,150.91,987.47,-1190.0,-1697.5,-37712.5
42446,33.43,145.91,986.0,-332.5,-1610.0,-27965.0
42475,4.64,141.64,984.3,-717.5,-2135.0,-14315.0
42504,-23.42,138.47,983.32,-735.0,-787.5,2117.5
42533,-46.12,136.27,982.22,-455.0,-175.0,17377.5
42562,-59.41,134.81,980.88,-1925.0,-542.5,24202.5
42591,-66.61,133.96,982.34,-3167.5,385.0,27562.5
42620,-70.76,133.83,986.13,560.0,-1540.0,31027.5
42649,-71.0,135.05,988.57,3220.0,-3430.0,32042.5
42678,-68.81,137.13,989.05,840.0,-682.5,32235.0
42707,-66.12,139.45,990.03,-350.0,-665.0,32725.0
42736,-61.24,141.28,990.88,542.5,-17.5,33512.5
42765,-54.17,142.86,990.64,-4392.5,6335.0,32235.0
42794,-47.58,143.47,993.32,-4585.0,5862.5,28612.5
42823,-42.21,142.74,996.37,3307.5,-1575.0,26092.5
42852,-36.6,141.76,995.03,4340.0,-3640.0,25130.0
42881,-30.74,141.64,991.37,122.5,892.5,27807.5
42910,-21.72,142.25,987.71,-3570.0,3955.0,30485.0
42939,-7.93,143.47,984.3,-4655.0,1155.0,25830.0
42968,9.27,144.57,981.98,-6265.0,682.5,19460.0
42998,28.43,144.33,983.56,-9380.0,6282.5,14017.5
43027,49.53,143.84,990.4,-4742.5,2800.0,4217.5
43057,69.54,143.84,997.96,2520.0,-17.5,-9065.0
43086,84.42,144.08,1002.35,7035.0,-2712.5,-19057.5
43115,93.7,144.69,1002.47,6405.0,-892.5,-24587.5
43144,98.33,144.45,1000.89,3587.5,2590.0,-26950.0
43173,99.67,143.47,998.57,3447.5,4217.5,-29172.5
43202,97.6,143.47,994.91,3832.5,-367.5,-32830.0
43231,92.23,143.59,991.37,-455.0,-262.5,-34055.0
43260,84.3,143.23,991.37,-6020.0,6597.5,-31447.5
43289,74.66,142.13,995.52,-3570.0,6002.5,-31395.0
43318,64.29,140.42,1000.03,2485.0,4130.0,-29242.5
43347,55.75,140.3,999.91,5022.5,3500.0,-28472.5
43376,47.09,140.42,996.5,1680.0,4077.5,-31692.5
43405,33.67,139.57,993.93,1120.0,2047.5,-31832.5
43434,15.01,138.59,991.37,1032.5,-1715.0,-29120.0
43463,-8.3,136.4,988.69,-2205.0,-210.0,-24552.5
43492,-37.33,132.49,988.2,-2397.5,-2135.0,-15435.0
43521,-68.2,127.73,989.18,-700.0,-2695.0,1277.5
43550,-93.45,123.34,989.66,-472.5,-542.5,16170.0
43579,-110.53,119.8,989.91,-350.0,-682.5,24815.0
43608,-120.9,118.1,989.91,1277.5,-2240.0,30362.5
43637,-124.93,118.34,988.08,420.0,-1592.5,33495.0
43666,-124.2,119.32,985.64,-2607.5,-857.5,32637.5
43695,-121.51,119.8,985.15,-2992.5,-3412.5,31552.5
43724,-116.75,120.78,985.15,-3010.0,-1837.5,32620.0
43753,-110.17,121.15,984.78,-4865.0,-2782.5,29592.5
43782,-104.31,119.44,985.27,-3762.5,-4270.0,26407.5
43811,-101.26,117.0,986.0,-5775.0,1470.0,31657.5
43840,-95.28,115.05,987.1,-7420.0,1960.0,37082.5
43870,-83.45,113.22,990.4,-4427.5,-4340.0,33565.0
43899,-67.95,112.12,994.79,1610.0,-8417.5,28437.5
43928,-49.29,112.24,996.74,3605.0,-7717.5,23310.0
43957,-27.45,113.58,995.89,1907.5,-2765.0,18270.0
43986,-2.2,114.92,995.15,-455.0,245.0,8382.5
44016,21.47,115.17,996.25,-210.0,1225.0,-3115.0
44045,40.02,114.8,997.96,787.5,2117.5,-9502.5
44075,55.63,114.56,999.42,1452.5,2957.5,-15225.0
44104,68.32,114.92,999.91,2590.0,4007.5,-20720.0
44133,77.71,115.41,999.42,4532.5,2467.5,-26845.0
44162,83.94,115.66,998.69,7787.5,3097.5,-31307.5
44192,87.11,116.27,995.28,1015.0,7052.5,-35770.0
44221,83.2,115.41,993.81,-7122.5,11200.0,-40250.0
44249,71.98,113.83,996.5,-2135.0,4567.5,-38377.5
44278,60.76,113.34,997.96,-1487.5,490.0,-37187.5
44307,49.53,112.24,999.67,-1435.0,647.5,-37887.5
44336,35.87,110.9,1001.5,1435.0,105.0,-35507.5
44365,22.45,109.56,1001.86,927.5,-1487.5,-33302.5
44394,8.54,108.09,1001.38,1225.0,-962.5,-30555.0
44423,-6.47,106.38,1000.16,455.0,-2432.5,-28647.5
44452,-25.13,103.46,999.42,210.0,-122.5,-25532.5
44481,-49.41,99.55,997.59,1120.0,-3517.5,-18515.0
44510,-76.49,95.16,994.91,-332.5,-4497.5,-7017.5
44539,-102.24,90.52,993.57,-1785.0,-1680.0,7735.0
44568,-122.0,86.99,992.96,455.0,-2992.5,19355.0
44597,-132.86,85.16,992.35,140.0,-3710.0,25287.5
44626,-137.25,84.42,993.32,-1277.5,-700.0,28437.5
44655,-138.35,84.67,995.15,1207.5,-3097.5,28350.0
44684,-137.86,85.89,995.76,4042.5,-6825.0,27370.0
44713,-136.88,87.23,994.67,2712.5,-4777.5,30187.5
44742,-134.69,87.11,994.06,980.0,-6842.5,32550.0
44771,-130.05,86.13,996.37,7070.0,-19705.0,30222.5
44800,-121.51,86.99,998.45,10745.0,-17132.5,33232.5
44829,-108.34,89.79,995.76,6177.5,-3412.5,38150.0
44858,-89.91,93.09,991.49,1802.5,-6947.5,34632.5
44888,-70.27,95.65,990.64,-1925.0,3062.5,33145.0
44917,-51.0,98.58,991.62,-1925.0,15400.0,36890.0
44947,-24.89,101.75,990.4,-157.5,4585.0,24202.5
44976,1.1,101.99,991.13,-6020.0,2800.0,8627.5
45005,20.5,99.06,998.33,-1050.0,3937.5,4935.0
45034,39.65,97.11,1002.72,5985.0,2607.5,315.0
45063,57.71,98.33,1001.01,4480.0,4462.5,-7315.0
45092,70.88,101.26,997.35,1452.5,6247.5,-11987.5
45121,81.25,104.19,994.79,-52.5,4690.0,-16170.0
45150,89.06,108.09,991.01,805.0,6317.5,-20982.5
45179,92.96,111.02,985.76,-5425.0,11410.0,-24657.5
45208,93.33,111.02,986.0,-6685.0,11270.0,-28192.5
45237,89.55,109.07,992.23,-2747.5,8277.5,-32620.0
45266,81.13,106.63,999.18,1295.0,8470.0,-32287.5
45295,70.27,106.51,1002.35,3570.0,7385.0,-30922.5
45324,59.41,106.87,1002.11,1382.5,8085.0,-31622.5
45353,46.36,107.48,1000.64,3920.0,2345.0,-32900.0
45382,30.62,109.31,996.98,1837.5,-665.0,-33547.5
45411,10.98,109.43,993.81,-2625.0,1452.5,-32410.0
45440,-14.4,106.87,993.2,-2642.5,-262.5,-29365.0
45469,-45.38,102.36,993.32,140.0,-3395.0,-22102.5
45498,-79.54,97.11,992.59,927.5,-1715.0,-5547.5
45527,-109.19,91.99,991.25,1155.0,-1312.5,11060.0
45556,-129.56,87.23,989.79,805.0,-3080.0,19862.5
45585,-141.89,83.94,989.79,437.5,-3272.5,26040.0
45614,-147.62,83.45,989.05,3342.5,-5495.0,29435.0
45643,-148.11,85.4,985.27,2432.5,-7857.5,29295.0
45672,-144.69,87.11,981.86,-2607.5,-4935.0,30992.5
45700,-138.96,87.6,983.81,-3885.0,-5337.5,29382.5
45729,-132.13,87.72,988.08,4025.0,-12565.0,27790.0
45758,-123.34,88.82,988.32,2502.5,-8837.5,30712.5
45787,-109.07,91.01,987.47,-2187.5,-5565.0,32515.0
45816,-89.43,93.94,989.18,175.0,-8627.5,26250.0
45845,-67.1,96.38,991.25,175.0,-4602.5,22382.5
45874,-42.09,98.45,993.81,-1382.5,612.5,16257.5
45904,-16.1,100.28,996.25,472.5,2555.0,7630.0
45933,7.93,102.48,996.74,1767.5,2187.5,-3167.5
45963,26.96,105.41,994.79,1435.0,3080.0,-10972.5
45992,41.11,108.58,992.35,-2240.0,6527.5,-16100.0
46021,51.48,110.29,991.98,-2012.5,6002.5,-21962.5
46050,57.34,111.63,991.74,210.0,3027.5,-27387.5
46079,59.17,112.48,990.64,-3167.5,5005.0,-30310.0
46108,58.07,111.75,991.37,-4200.0,8155.0,-31150.0
46137,54.41,110.65,992.1,-2520.0,4287.5,-35805.0
46166,46.12,108.46,994.42,-2835.0,2275.0,-38482.5
46195,35.26,105.77,997.84,2835.0,297.5,-36207.5
46225,23.67,103.94,998.69,2940.0,-1470.0,-36067.5
46254,10.0,101.63,999.79,3220.0,-2082.5,-32235.0
46283,-3.9,99.8,999.18,3167.5,-700.0,-25987.5
46312,-17.45,97.48,996.98,-3097.5,6020.0,-21472.5
46342,-34.16,92.48,996.62,-3412.5,6422.5,-19460.0
46371,-56.36,84.55,996.98,-1890.0,1785.0,-17850.0
46400,-85.16,75.88,997.47,1767.5,-2835.0,-9362.5
46429,-115.29,69.05,997.23,3517.5,-3517.5,7962.5
46458,-138.96,64.9,994.79,2852.5,-2870.0,23590.0
46487,-153.48,62.83,991.49,997.5,-3062.5,34107.5
46516,-158.84,62.34,990.15,-1050.0,-2905.0,40845.0
46545,-156.53,63.32,992.1,-1155.0,-2730.0,42367.5
46574,-150.91,65.64,995.4,3482.5,-7402.5,39077.5
46603,-143.96,68.32,995.76,6300.0,-11305.0,37030.0
46632,-136.88,69.91,994.06,3657.5,-11252.5,34002.5
46661,-129.56,71.25,993.69,4830.0,-14017.5,36645.0
46690,-114.56,74.18,993.93,2642.5,-3867.5,41475.0
46719,-91.62,78.32,994.06,-315.0,2555.0,34300.0
46748,-67.34,82.84,994.79,1575.0,-1907.5,21875.0
46777,-46.12,86.13,995.03,1050.0,1522.5,15382.5
46806,-25.86,87.72,994.54,-3045.0,6597.5,14280.0
46835,-3.9,88.82,995.52,-2520.0,5530.0,7315.0
46865,17.32,90.4,996.98,2870.0,-945.0,-2660.0
46894,35.75,93.7,995.52,3675.0,-2170.0,-9870.0
46924,50.51,98.09,992.47,525.0,612.5,-15627.5
46953,60.51,101.99,990.15,70.0,332.5,-20667.5
46983,66.37,105.04,987.83,1277.5,-2607.5,-23922.5
47012,70.15,106.87,985.64,-5530.0,3955.0,-24937.5
47041,71.61,107.24,987.47,-8312.5,6300.0,-27527.5
47070,70.27,106.75,992.35,-5302.5,3937.5,-31867.5
47099,64.54,104.92,997.84,-4340.0,8855.0,-32270.0
47128,55.27,103.7,1001.5,647.5,7665.0,-29750.0
47157,45.14,103.21,1001.62,1820.0,4480.0,-29452.5
47186,32.94,102.36,1000.16,1120.0,2502.5,-29312.5
47215,16.35,100.77,999.06,-1172.5,2870.0,-26407.5
47244,-2.93,98.09,1000.28,245.0,630.0,-22260.0
47273,-24.89,94.92,1001.13,2940.0,-1400.0,-17552.5
47302,-51.48,90.89,1000.4,2870.0,-3430.0,-9047.5
47331,-79.79,86.62,999.42,3727.5,-5460.0,5705.0
47361,-102.24,83.57,996.37,2170.0,-3430.0,19390.0
47390,-115.29,82.35,992.96,-1470.0,-1977.5,25795.0
47418,-121.63,81.98,991.98,-3465.0,280.0,29155.0
47447,-123.46,81.98,993.08,-2432.5,-1277.5,30432.5
47476,-121.63,82.59,993.81,-385.0,-4217.5,29347.5
47505,-118.1,83.08,993.32,-1050.0,-5897.5,27230.0
47534,-114.44,82.59,993.2,-3342.5,-2502.5,28472.5
47563,-110.53,81.74,993.2,-3640.0,-840.0,29680.0
47592,-104.19,81.86,993.2,-2537.5,-3010.0,31675.0
47621,-93.33,82.23,992.1,-4620.0,840.0,33127.5
47650,-78.93,81.74,991.49,-8925.0,3727.5,32497.5
47679,-58.93,79.79,995.28,-8505.0,472.5,29942.5
47708,-32.09,76.86,1003.08,-2590.0,-1592.5,20072.5
47737,-6.22,74.54,1010.16,8137.5,-7735.0,7157.5
47766,15.86,74.66,1012.23,11235.0,-5530.0,1837.5
47795,36.72,78.32,1010.04,10447.5,-3902.5,-6387.5
47824,51.24,84.06,1005.52,6667.5,-2642.5,-16817.5
47853,56.61,89.55,1001.62,3605.0,-3360.0,-20947.5
47882,57.83,92.72,999.42,647.5,0.0,-19460.0
47911,58.56,94.67,998.45,-1592.5,2047.5,-18305.0
47940,59.9,95.16,999.06,-2257.5,3377.5,-18410.0
47969,63.2,95.04,1001.13,-2170.0,4970.0,-18917.5
47998,67.34,95.04,1003.82,577.5,1050.0,-25427.5
48027,67.95,95.89,1005.52,2817.5,-1785.0,-29925.0
48056,63.44,96.87,1005.89,1505.0,227.5,-30957.5
48085,54.41,96.5,1006.74,2520.0,-262.5,-29172.5
48114,42.21,96.99,1005.65,6142.5,-6247.5,-26635.0
48143,29.28,98.21,1003.82,-122.5,-647.5,-20895.0
48172,18.79,99.31,1003.57,-367.5,2712.5,-14647.5
48201,9.76,100.28,1001.99,332.5,-980.0,-17080.0
48230,-3.9,100.04,1000.03,-910.0,-1225.0,-16257.5
48259,-21.84,98.94,998.69,-2555.0,367.5,-9642.5
48288,-40.99,96.62,999.06,-4567.5,2870.0,-3552.5
48317,-61.0,93.7,1001.38,-1802.5,560.0,4182.5
48346,-77.96,91.74,1002.35,875.0,-525.0,13317.5
48376,-89.06,90.77,1002.35,-980.0,1960.0,20457.5
48405,-94.43,91.01,1003.08,-1050.0,2660.0,24692.5
48435,-95.65,92.35,1003.94,420.0,-892.5,24360.0
48464,-94.79,93.7,1005.16,332.5,-1032.5,24465.0
48493,-93.7,95.4,1006.5,2450.0,-2607.5,25235.0
48522,-90.04,96.87,1006.26,3097.5,-6580.0,25445.0
48551,-82.23,97.6,1006.26,1085.0,-3622.5,25497.5
48580,-71.37,98.45,1006.5,1260.0,-1715.0,24832.5
48609,-56.12,100.04,1005.65,525.0,-1330.0,21700.0
48638,-38.67,102.11,1004.91,1785.0,-805.0,15137.5
48667,-21.72,104.19,1004.06,2677.5,-1680.0,10920.0
48696,-3.17,105.65,1001.74,875.0,210.0,6790.0
48725,15.74,106.02,999.42,-2520.0,6037.5,2817.5
48755,33.55,105.77,997.72,-1575.0,4847.5,-2625.0
48784,49.04,105.9,994.79,245.0,752.5,-9712.5
48813,60.88,107.36,990.64,-2310.0,1295.0,-13492.5
48842,69.3,107.97,989.05,-6632.5,5547.5,-17255.0
48871,73.81,107.36,991.98,-3850.0,2117.5,-20282.5
48900,75.15,106.38,996.25,-1522.5,490.0,-25042.5
48929,71.13,104.19,1000.89,175.0,945.0,-25042.5
48958,66.25,104.55,1003.08,5950.0,-5215.0,-21980.0
48987,64.29,106.38,1002.84,-1225.0,560.0,-24762.5
49016,60.27,107.12,1005.77,-857.5,2345.0,-27405.0
49045,52.95,107.73,1008.94,2100.0,-647.5,-31325.0
49074,40.75,106.38,1011.38,945.0,3990.0,-30380.0
49103,24.4,104.43,1011.99,5792.5,1050.0,-26285.0
49132,4.88,102.48,1008.57,3587.5,-892.5,-24640.0
49161,-19.76,99.55,1005.04,2100.0,-1050.0,-17447.5
49190,-46.6,96.38,1001.01,910.0,-472.5,-5967.5
49219,-71.0,92.72,996.62,-2065.0,787.5,4235.0
49248,-92.48,88.57,994.06,-3150.0,-752.5,12110.0
49277,-108.82,85.64,992.84,-1487.5,-2607.5,21507.5
49306,-115.9,84.55,991.62,-3027.5,-945.0,26110.0
49335,-117.85,83.57,991.01,-2782.5,-3517.5,25165.0
49364,-118.71,83.33,991.37,-1925.0,-6440.0,27055.0
49393,-116.02,84.06,992.35,-3832.5,-4182.5,30870.0
49422,-107.48,85.52,996.37,-5250.0,-1452.5,32567.5
49451,-94.79,88.21,1002.96,577.5,-6422.5,26845.0
49480,-80.64,91.99,1007.96,7192.5,-12390.0,20772.5
49508,-63.93,96.5,1010.16,9065.0,-9502.5,16240.0
49537,-48.07,100.28,1009.92,7542.5,-3727.5,12092.5
49566,-33.67,102.72,1007.96,5197.5,-6195.0,12687.5
49595,-17.08,104.19,1005.65,857.5,-1347.5,12757.5
49624,1.1,103.7,1004.55,-1505.0,1400.0,9782.5
49653,20.13,101.02,1004.67,1540.0,1242.5,5722.5
49682,38.06,98.09,1002.72,2415.0,1365.0,1242.5
49712,53.56,96.87,998.45,612.5,3115.0,-1470.0
49741,66.61,97.72,994.06,-1785.0,4060.0,-5250.0
49771,76.86,99.31,991.13,-2940.0,3517.5,-9712.5
49800,83.94,100.77,990.64,-4462.5,3850.0,-13090.0
49830,88.57,101.75,992.59,-3587.5,5040.0,-16520.0
49859,90.77,103.21,995.4,1872.5,-1365.0,-21000.0
49888,93.09,106.14,997.72,5740.0,-9065.0,-26460.0
49917,94.43,109.56,998.81,945.0,1662.5,-28122.5
49946,91.5,112.0,1000.52,-3605.0,7822.5,-27877.5
49975,85.03,113.46,1002.84,-262.5,5145.0,-29435.0
50004,74.66,114.44,1004.18,280.0,5320.0,-29995.0
50033,58.8,114.68,1005.04,157.5,5950.0,-28682.5
50062,37.58,113.46,1005.52,2187.5,2100.0,-26600.0
50091,11.71,110.04,1004.91,3867.5,-1277.5,-20667.5
50120,-15.25,105.65,1002.35,2817.5,857.5,-9135.0
50150,-40.5,100.28,998.69,52.5,1680.0,332.5
50179,-63.44,93.94,995.76,-262.5,-1312.5,8785.0
50208,-82.11,88.69,993.08,52.5,-2380.0,18410.0
50237,-95.16,85.4,990.88,-1995.0,-1137.5,25270.0
50266,-105.04,83.45,989.66,-2275.0,-2047.5,31377.5
50295,-110.78,82.96,989.54,-7052.5,3990.0,40617.5
50324,-109.8,82.96,992.71,-7157.5,3815.0,43662.5
50353,-105.41,82.72,997.35,-490.0,-4690.0,41422.5
50382,-99.31,83.2,999.67,665.0,-4357.5,45290.0
50412,-88.45,84.67,999.91,-2362.5,1715.0,48002.5
50441,-72.96,86.13,999.91,-157.5,-1680.0,45045.0
50471,-51.36,88.08,998.81,1505.0,-1820.0,40005.0
50500,-23.18,90.28,998.33,-5757.5,4690.0,28630.0
50529,7.2,91.26,1003.82,-3150.0,-472.5,13440.0
50558,35.38,90.77,1010.4,5355.0,-4865.0,-892.5
50587,58.32,89.67,1013.45,8977.5,-6037.5,-10377.5
50616,75.88,90.28,1012.11,11042.5,-6370.0,-15627.5
50645,89.55,93.57,1006.01,5582.5,-1347.5,-18865.0
50674,100.28,97.48,1000.03,-1085.0,5845.0,-22592.5
50703,108.95,100.53,996.13,-3605.0,8680.0,-26827.5
50732,114.19,101.63,994.3,-8540.0,12670.0,-34790.0
50761,112.36,99.31,997.72,-7017.5,10727.5,-40460.0
50790,105.65,96.87,1001.99,1417.5,6125.0,-41982.5
50819,96.14,94.67,1002.72,770.0,6650.0,-44800.0
50849,81.98,91.99,1003.45,1907.5,5600.0,-44520.0
50878,64.54,89.55,1003.33,3010.0,5617.5,-41685.0
50907,44.77,86.74,1001.74,1032.5,7192.5,-40932.5
50936,18.91,82.59,1000.4,1557.5,1890.0,-40145.0
50965,-14.03,77.47,999.79,3815.0,-4025.0,-32007.5
50994,-49.41,72.71,998.69,5040.0,-6055.0,-16502.5
51023,-81.86,68.81,996.62,4392.5,-5985.0,700.0
51053,-107.36,66.49,994.42,3115.0,-4217.5,16152.5
51082,-123.46,65.39,992.35,2467.5,-3885.0,27090.0
51111,-130.54,65.27,991.37,2310.0,-5442.5,31202.5
51140,-132.49,65.39,991.37,3430.0,-7857.5,31307.5
51169,-133.35,66.0,991.74,6002.5,-11760.0,34055.0
51198,-129.81,67.71,991.37,7000.0,-11952.5,40320.0
51226,-120.05,70.52,990.52,5197.5,-9572.5,40215.0
51255,-107.36,73.81,990.76,6142.5,-11410.0,38762.5
51284,-91.74,77.71,990.88,6457.5,-10570.0,37870.0
51313,-73.57,82.47,989.42,4795.0,-8015.0,33372.5
51342,-56.61,88.08,987.59,560.0,-1960.0,31762.5
51371,-38.92,93.45,986.86,-1627.5,2240.0,32550.0
51400,-18.3,98.21,988.08,-1085.0,1120.0,26635.0
51429,3.17,102.48,991.25,2695.0,-2450.0,18987.5
51458,23.91,106.87,993.08,4130.0,1645.0,15172.5
51488,45.75,112.12,992.84,2695.0,4847.5,8435.0
51517,66.98,117.85,991.37,4235.0,315.0,-4567.5
51547,83.94,123.83,987.59,2992.5,-332.5,-13527.5
51576,97.11,129.32,982.95,-1697.5,2485.0,-19285.0
51605,106.51,132.49,980.15,-4742.5,4410.0,-24640.0
51634,112.61,133.47,979.66,-4165.0,3342.5,-28105.0
51663,116.39,132.86,978.68,-2730.0,-735.0,-33582.5
51692,116.39,131.03,976.37,-3482.5,-4340.0,-37625.0
51721,113.7,130.3,975.27,-4585.0,-7577.5,-38167.5
51750,109.68,129.56,981.37,-9275.0,2870.0,-37432.5
51779,102.6,127.86,991.25,-4462.5,9135.0,-33232.5
51808,96.26,128.1,996.62,3640.0,-7717.5,-36697.5
51837,89.67,128.83,998.81,2100.0,-5477.5,-40495.0
51866,79.3,129.81,997.96,2152.5,-542.5,-36540.0
51895,68.08,131.27,993.57,-227.5,157.5,-33145.0
51924,54.9,131.52,989.18,-6737.5,3920.0,-32375.0
51953,36.6,129.08,988.44,-7000.0,1995.0,-30660.0
51982,12.81,125.29,989.66,-2730.0,-2852.5,-23345.0
52011,-13.91,121.15,990.15,-2537.5,-2152.5,-9467.5
52040,-38.8,116.14,991.74,-3535.0,455.0,7735.0
52069,-56.36,110.78,995.89,-735.0,1837.5,20632.5
52098,-65.39,106.63,998.57,3832.5,-1120.0,25672.5
52127,-69.54,103.58,997.96,4340.0,-455.0,25287.5
52156,-71.86,101.14,999.55,4357.5,-332.5,27825.0
52186,-72.47,101.02,1001.38,8452.5,-4532.5,35805.0
52215,-70.88,104.19,996.86,4287.5,-1330.0,41790.0
52244,-66.61,108.58,991.49,910.0,-2187.5,46480.0
52273,-55.14,111.39,993.2,910.0,-3412.5,46445.0
52302,-39.53,112.36,996.62,6230.0,-8820.0,42087.5
52331,-26.35,113.95,994.79,4917.5,-6282.5,41090.0
52360,-13.42,115.17,990.52,-157.5,-332.5,41982.5
52389,3.17,115.78,988.44,-3832.5,-52.5,37572.5
52418,21.96,116.51,989.18,-3010.0,280.0,32112.5
52447,43.19,117.97,990.15,-2275.0,3972.5,27300.0
52476,69.3,120.54,989.91,-1645.0,4970.0,14402.5
52505,94.31,123.34,989.66,-490.0,630.0,-3675.0
52534,112.36,125.66,990.88,437.5,1347.5,-13457.5
52564,123.71,125.29,993.32,-525.0,6860.0,-17115.0
52593,133.71,123.46,995.03,-2870.0,5582.5,-19285.0
52621,143.35,123.46,997.59,-5495.0,12267.5,-25865.0
52650,148.72,123.22,999.67,-840.0,12390.0,-31762.5
52679,150.91,122.98,996.5,1662.5,9222.5,-36050.0
52708,150.18,122.85,991.25,-4270.0,9695.0,-41755.0
52737,138.84,117.85,992.35,-10237.5,25707.5,-41300.0
52766,119.56,111.02,996.5,2502.5,7017.5,-36872.5
52795,103.21,109.8,996.62,4480.0,-385.0,-34702.5
52824,90.77,111.14,995.4,4532.5,-6790.0,-36837.5
52853,77.59,112.36,994.06,2712.5,315.0,-36645.0
52883,60.76,111.75,993.08,-665.0,682.5,-36575.0
52912,39.77,109.8,992.84,-245.0,1120.0,-35175.0
52942,12.69,105.9,991.74,52.5,297.5,-32025.0
52971,-20.5,99.06,990.15,-297.5,1207.5,-21332.5
53000,-56.12,92.23,988.93,-612.5,122.5,-3412.5
53029,-86.13,87.23,989.91,3132.5,-3552.5,14857.5
53058,-107.36,84.3,989.3,4480.0,-3290.0,28560.0
53087,-120.29,83.94,987.22,-1050.0,-105.0,38832.5
53116,-125.9,85.4,987.1,-3167.5,3412.5,45167.5
53145,-125.17,87.11,987.83,-2782.5,1802.5,45377.5
53174,-119.56,88.21,989.91,-1277.5,-3745.0,39182.5
53203,-114.68,88.33,991.37,1207.5,-9222.5,34107.5
53232,-111.26,87.84,990.64,2170.0,-9397.5,36417.5
53261,-104.92,86.13,988.57,-35.0,-5652.5,39445.0
53290,-96.14,84.18,988.32,-2012.5,-1907.5,43662.5
53319,-84.3,81.98,993.45,402.5,-1242.5,48562.5
53348,-67.59,80.28,995.15,9975.0,-11287.5,51940.0
53377,-43.43,79.67,991.25,840.0,-5302.5,48247.5
53406,-13.42,79.06,990.88,-2870.0,-735.0,35595.0
53435,17.93,78.81,992.71,1242.5,-6440.0,20002.5
53464,48.92,80.03,993.69,1715.0,-5827.5,2065.0
53493,74.18,83.45,995.03,-1015.0,1505.0,-12267.5
53522,90.65,87.84,996.98,-752.5,6107.5,-20422.5
53551,95.65,87.84,1000.64,-5127.5,18637.5,-22435.0
53580,98.09,87.96,1003.08,717.5,16782.5,-17097.5
53609,106.02,91.5,1000.52,7735.0,-4987.5,-33897.5
53638,105.16,92.35,998.08,-1470.0,15032.5,-37677.5
53667,95.65,92.48,997.23,-3395.0,22382.5,-27737.5
53696,91.26,93.57,997.72,1715.0,2922.5,-35227.5
53725,87.84,94.67,997.84,4130.0,-3395.0,-45132.5
53754,80.03,96.01,995.15,875.0,-1925.0,-46882.5
53783,68.93,97.23,992.35,-2922.5,4725.0,-45867.5
53812,53.56,96.75,991.98,-5075.0,9415.0,-44117.5
53841,33.18,94.79,994.06,-822.5,4252.5,-41895.0
53870,9.52,93.09,994.91,4427.5,-4340.0,-38220.0
53900,-17.45,90.77,992.23,2940.0,-1907.5,-32287.5
53929,-49.53,86.74,987.83,-2275.0,5722.5,-21595.0
53958,-86.25,80.4,987.1,-4165.0,2257.5,-3202.5
53987,-116.39,75.15,989.91,4340.0,-7927.5,18042.5
54016,-132.98,74.91,987.35,5845.0,-6947.5,27300.0
54045,-141.15,77.96,982.22,-3045.0,1487.5,29732.5
54074,-144.69,80.28,982.95,-6317.5,1627.5,30660.0
54103,-146.16,81.5,985.88,-1557.5,-5372.5,29260.0
54132,-146.4,82.59,986.0,-87.5,-7997.5,28612.5
54161,-144.33,82.35,986.49,-2450.0,-8225.0,28437.5
54190,-139.81,81.01,989.3,-1260.0,-8260.0,29785.0
54219,-132.61,81.13,990.76,1627.5,-9975.0,29872.5
54248,-121.88,82.47,990.52,4550.0,-12127.5,27790.0
54277,-107.6,82.59,990.03,157.5,-5092.5,28192.5
54306,-91.5,81.98,991.62,-3202.5,-770.0,28910.0
54336,-72.1,81.86,992.59,647.5,-1645.0,27720.0
54365,-46.12,80.4,992.84,-3640.0,1452.5,20860.0
54394,-15.25,77.96,996.13,-2432.5,3780.0,11182.5
54423,14.03,77.35,998.2,3587.5,4655.0,-2607.5
54452,33.79,77.96,997.23,262.5,12565.0,-11007.5
54481,45.38,78.2,997.23,-4322.5,19180.0,-13965.0
54510,52.95,77.47,999.79,-262.5,9887.5,-22680.0
54539,54.9,76.25,1001.99,3325.0,7630.0,-27370.0
54568,51.0,75.76,1002.23,1557.5,11165.0,-26617.5
54597,45.02,76.13,1003.08,1890.0,8977.5,-26652.5
54626,38.06,77.1,1004.55,4917.5,5477.5,-28980.0
54656,28.55,79.18,1003.45,5792.5,5302.5,-28997.5
54685,18.18,81.13,1001.62,1715.0,5337.5,-29365.0
54715,6.83,82.11,1001.5,3937.5,2835.0,-29610.0
54744,-6.34,82.23,999.3,2957.5,3605.0,-28665.0
54773,-25.62,79.79,998.69,2012.5,-2450.0,-25725.0
54802,-49.29,78.08,999.67,8120.0,-8732.5,-16240.0
54831,-70.03,79.54,995.28,6002.5,-5355.0,-12617.5
54860,-91.13,81.5,987.83,-1190.0,-87.5,-14262.5
54889,-117.97,81.25,983.32,-6160.0,3920.0,-10062.5
54918,-145.42,79.79,984.54,-2642.5,-3272.5,1750.0
54947,-164.21,79.3,986.49,2940.0,-9520.0,12967.5
54976,-175.44,79.54,984.05,1155.0,-5722.5,17815.0
55005,-184.22,79.79,981.86,-105.0,-5250.0,23450.0
55034,-188.12,79.91,983.81,2012.5,-5985.0,31902.5
55063,-185.32,81.01,985.52,2222.5,-6702.5,35245.0
55092,-177.63,83.45,985.52,2397.5,-10535.0,31465.0
55121,-168.36,86.25,985.27,1155.0,-9660.0,27790.0
55150,-159.09,88.82,985.03,-612.5,-7717.5,26547.5
55179,-149.94,90.52,986.25,-1470.0,-7175.0,25707.5
55208,-139.45,91.99,987.47,595.0,-7140.0,25235.0
55237,-127.12,94.18,987.59,-997.5,-3447.5,24237.5
55266,-113.83,96.5,987.96,-1872.5,-1610.0,22172.5
55295,-99.92,97.6,988.44,-1732.5,560.0,21420.0
55324,-83.08,97.36,988.57,-5075.0,3850.0,20930.0
55354,-61.24,95.65,991.13,-3097.5,1190.0,15347.5
55383,-35.01,92.48,995.76,2082.5,-5320.0,7612.5
55412,-9.76,90.04,996.98,4270.0,-4270.0,-1155.0
55441,9.39,88.33,996.25,175.0,2572.5,-7175.0
55470,22.2,87.84,997.35,-595.0,8925.0,-10027.5
55499,30.99,87.6,999.67,2817.5,140.0,-16572.5
55528,36.23,87.23,1001.25,4970.0,-4357.5,-22225.0
55557,37.33,89.43,1000.64,2537.5,-2467.5,-23467.5
55586,36.6,92.84,1000.89,2082.5,-13527.5,-26215.0
55615,36.48,95.16,1002.47,5302.5,-15960.0,-25602.5
55644,36.97,98.58,1000.03,3710.0,-3325.0,-21385.0
55673,36.84,101.26,997.96,-3167.5,4445.0,-20335.0
55702,34.89,102.6,1001.25,525.0,630.0,-19845.0
55732,33.06,105.41,1002.35,5880.0,-5040.0,-20702.5
55761,31.96,108.95,999.67,2607.5,-2992.5,-23450.0
55790,26.23,112.48,996.98,-1190.0,4025.0,-23485.0
55819,14.64,114.68,995.28,-4392.5,3920.0,-25060.0
55848,-3.42,115.53,995.03,-4795.0,1277.5,-27702.5
55877,-29.28,115.78,995.52,-3762.5,2940.0,-20930.0
55906,-57.34,116.02,996.37,-3272.5,1645.0,-5757.5
55935,-78.93,115.9,997.72,-1295.0,-1085.0,7857.5
55964,-90.77,115.41,999.42,-1137.5,0.0,16205.0
55994,-96.99,115.05,999.18,350.0,1242.5,19057.5
56023,-101.02,115.29,996.13,-1680.0,1942.5,21472.5
56052,-100.28,115.41,995.76,-4602.5,4165.0,23677.5
56081,-97.11,115.9,997.23,-1942.5,-1032.5,21717.5
56109,-94.18,116.63,998.2,-420.0,-3727.5,21700.0
56138,-90.04,117.12,997.96,-770.0,-3780.0,23345.0
56167,-83.94,117.24,997.84,-1820.0,-4760.0,23485.0
56196,-76.62,117.85,998.57,-472.5,-5547.5,23607.5
56225,-67.1,118.58,999.42,122.5,-5162.5,22575.0
56254,-56.24,118.1,998.94,-945.0,-2380.0,22925.0
56283,-45.87,116.27,998.45,-2537.5,-2012.5,23257.5
56312,-32.45,112.85,999.91,-262.5,-822.5,23730.0
56341,-13.79,108.34,1001.86,1190.0,-1032.5,20790.0
56370,9.76,103.58,1003.21,3202.5,-3430.0,13860.0
56399,33.92,99.06,1003.21,4690.0,-7175.0,4742.5
56428,54.05,95.77,1000.89,3290.0,-9362.5,1312.5
56457,70.88,95.16,996.98,-3115.0,2170.0,-1452.5
56486,84.67,96.14,995.76,-7175.0,6527.5,-10132.5
56515,94.18,97.11,997.84,-3342.5,4410.0,-16030.0
56544,100.28,97.11,998.94,-2712.5,2730.0,-18742.5
56573,102.72,96.99,1000.28,-1540.0,892.5,-22505.0
56602,101.14,97.23,1001.62,665.0,1925.0,-22120.0
56631,98.33,97.11,1001.74,840.0,1347.5,-20562.5
56660,96.38,97.36,1001.38,1120.0,3780.0,-22417.5
56689,92.23,96.62,1001.62,210.0,4130.0,-25515.0
56718,84.79,95.89,1003.08,2187.5,2852.5,-24657.5
56748,77.84,96.75,1002.72,2957.5,-455.0,-25235.0
56777,70.76,97.84,1002.11,1452.5,-315.0,-29102.5
56806,59.05,98.82,1001.13,1697.5,2625.0,-29452.5
56835,41.48,99.92,998.2,-2590.0,5985.0,-30380.0
56864,16.47,99.43,997.84,-6125.0,7962.5,-30380.0
56893,-16.71,96.14,1004.06,1575.0,10185.0,-19792.5
56922,-50.39,92.6,1007.96,14280.0,2275.0,35.0
56952,-74.18,91.74,1003.57,8907.5,-595.0,17465.0
56981,-87.6,93.94,995.15,-70.0,-227.5,25182.5
57011,-93.21,96.87,991.49,-8347.5,4480.0,28490.0
57040,-92.84,98.94,993.93,-5040.0,1540.0,28595.0
57070,-90.16,100.65,995.76,-1610.0,-2135.0,25812.5
57099,-86.74,101.87,996.5,-1347.5,-4532.5,25445.0
57128,-81.74,102.48,996.74,-1890.0,-4357.5,26967.5
57157,-75.4,102.97,997.11,-1400.0,-2747.5,28280.0
57185,-67.71,103.46,997.72,-647.5,-3115.0,29452.5
57214,-57.46,103.58,998.45,-1872.5,-2170.0,29015.0
57243,-47.82,102.48,999.3,-105.0,-3237.5,28175.0
57272,-39.16,100.04,1000.4,1890.0,-4515.0,31675.0
57301,-27.82,95.89,1001.38,3885.0,-6002.5,35577.5
57330,-9.27,90.89,1001.99,3325.0,-5897.5,37065.0
57359,20.01,88.33,1002.6,5932.5,-10150.0,25847.5
57388,52.46,87.6,1001.01,6090.0,-4462.5,3710.0
57417,74.66,87.72,998.08,-175.0,7140.0,-9975.0
57447,85.16,88.33,997.96,-2852.5,10342.5,-14315.0
57476,90.52,89.79,1000.16,122.5,6860.0,-16170.0
57505,95.04,92.35,1001.01,3097.5,122.5,-20965.0
57534,98.33,95.28,1000.64,2695.0,-3395.0,-26337.5
57563,98.45,98.58,999.79,1907.5,-3272.5,-29382.5
57592,96.87,101.75,998.45,-437.5,-4025.0,-31552.5
57621,94.18,104.43,997.84,-910.0,-2992.5,-35087.5
57650,88.94,106.26,997.23,-1785.0,717.5,-36067.5
57679,80.76,108.09,995.28,-4462.5,5932.5,-35455.0
57708,70.39,109.07,993.57,-7787.5,3587.5,-38710.0
57737,56.36,107.73,995.03,-5372.5,1645.0,-39882.5
57766,37.09,105.65,996.98,-3255.0,5757.5,-34002.5
57795,14.15,103.46,997.59,-2992.5,8732.5,-28577.5
57824,-14.88,100.16,997.72,-857.5,7227.5,-23222.5
57853,-48.92,95.4,998.33,805.0,-1400.0,-6370.0
57882,-76.62,92.23,1000.64,4497.5,-6352.5,15400.0
57911,-91.74,92.48,999.55,6702.5,-4235.0,29015.0
57940,-95.77,95.16,994.3,-192.5,1837.5,33617.5
57969,-92.96,98.45,993.69,-4340.0,3605.0,31080.0
57998,-87.84,101.02,997.96,840.0,595.0,28857.5
58028,-81.5,103.21,1000.64,6335.0,-5092.5,26547.5
58057,-72.71,105.41,999.79,6615.0,-9625.0,22067.5
58086,-64.42,107.12,996.74,2730.0,-10342.5,18462.5
58115,-58.56,107.73,995.76,-1067.5,-5075.0,21437.5
58144,-51.0,107.36,996.74,665.0,-2310.0,25375.0
58173,-39.53,106.63,996.98,-315.0,-2992.5,25270.0
58202,-25.86,106.38,997.11,-367.5,-2205.0,24377.5
58231,-10.37,105.41,997.47,17.5,1277.5,24255.0
58260,9.03,103.21,998.81,1120.0,2030.0,22890.0
58289,31.48,101.99,1000.03,4865.0,-962.5,16012.5
58318,51.61,102.72,998.08,3220.0,2817.5,8347.5
58348,66.98,105.29,995.52,-2292.5,9905.0,1557.5
58377,77.47,107.48,996.13,-3640.0,1802.5,-7315.0
58406,83.57,108.58,999.55,1767.5,-3377.5,-12722.5
58435,88.33,111.02,999.79,4147.5,-192.5,-14140.0
58465,92.6,113.22,996.98,-980.0,210.0,-19372.5
58494,92.96,114.92,997.47,-2537.5,2030.0,-22732.5
58523,89.43,116.02,998.94,140.0,1505.0,-24762.5
58552,82.59,115.29,999.55,1225.0,3027.5,-24342.5
58581,74.66,114.19,1000.64,2222.5,-17.5,-21017.5
58610,69.66,114.31,1001.86,4480.0,-2572.5,-21892.5
58639,66.86,117.0,1000.77,4900.0,-1960.0,-24307.5
58668,63.93,121.02,997.23,682.5,-2905.0,-28945.0
58697,58.19,123.95,995.03,-3360.0,-1085.0,-34072.5
58726,47.21,125.9,992.84,-5687.5,507.5,-37782.5
58755,28.06,125.29,990.76,-9327.5,2415.0,-41650.0
58784,-3.9,122.24,992.35,-8050.0,4532.5,-34702.5
58813,-41.48,119.07,997.47,-997.5,-1942.5,-14490.0
58842,-72.71,116.14,1001.5,7717.5,-5495.0,6667.5
58871,-93.45,113.46,999.18,7210.0,-2852.5,21927.5
58900,-103.46,112.85,995.89,1382.5,2117.5,29872.5
58929,-104.43,113.7,996.01,560.0,2362.5,32550.0
58958,-100.16,114.8,996.5,1575.0,-1470.0,29750.0
58987,-94.92,114.92,996.01,787.5,-5530.0,28595.0
59016,-88.82,114.44,996.13,-87.5,-3850.0,31220.0
59045,-78.81,114.68,996.5,297.5,-2432.5,31307.5
59074,-66.37,115.78,996.62,-1242.5,-1785.0,28665.0
59103,-55.14,116.88,997.59,-70.0,-2047.5,29872.5
59132,-41.72,117.97,998.2,3045.0,-612.5,31587.5
59162,-26.35,118.58,997.96,2537.5,-945.0,30310.0
59191,-10.98,117.36,998.69,2432.5,-2537.5,31325.0
59220,5.86,114.31,999.18,4515.0,-4252.5,33267.5
59249,29.04,112.24,998.08,4480.0,-6090.0,26897.5
59278,55.88,112.0,996.37,2940.0,140.0,10972.5
59307,78.32,114.44,993.57,-1172.5,6842.5,-2870.0
59336,93.45,117.24,992.35,-4760.0,6702.5,-15347.5
59365,99.92,118.22,994.91,-2205.0,3255.0,-19512.5
59394,102.48,119.07,996.5,1820.0,455.0,-20002.5
59423,103.82,119.8,996.25,1067.5,2712.5,-22085.0
59452,101.02,120.54,996.5,-175.0,6965.0,-22137.5
59481,94.92,120.17,998.2,1417.5,4707.5,-19845.0
59510,89.91,120.54,999.55,4690.0,5267.5,-17377.5
59539,87.47,123.1,997.72,2817.5,3902.5,-22015.0
59568,83.33,126.03,996.01,1032.5,-455.0,-27510.0
59597,76.62,129.08,994.79,-385.0,-717.5,-29487.5
59626,70.39,131.76,993.81,-2240.0,-3185.0,-32235.0
59655,64.42,133.96,992.59,-2677.5,-2537.5,-37012.5
59684,56.0,135.3,989.79,-6352.5,-3185.0,-43312.5
59713,40.5,133.71,987.35,-9362.5,-892.5,-49087.5
59742,12.08,127.98,987.47,-11917.5,7052.5,-42472.5
59771,-25.86,120.41,992.96,-6282.5,4357.5,-21402.5
59800,-59.41,114.07,1000.16,5512.5,-6142.5,3045.0
59829,-80.15,111.26,1000.16,10517.5,-11567.5,18287.5
59858,-90.28,111.75,995.76,5145.0,-5180.0,25532.5
59887,-93.33,113.58,994.06,1137.5,-1750.0,30905.0
59916,-89.55,115.66,995.52,2082.5,-3465.0,30695.0
59945,-83.45,117.73,996.86,4550.0,-7367.5,27615.0
59974,-77.23,119.32,995.76,4042.5,-6597.5,28087.5
60003,-69.05,119.56,994.3,385.0,-3220.0,29172.5
60032,-58.93,119.32,996.13,1907.5,-6370.0,28280.0
60061,-49.04,119.68,998.2,5967.5,-6527.5,30397.5
60090,-38.55,120.05,997.23,5232.5,-3727.5,35175.0
60119,-23.55,120.05,995.89,4112.5,-2502.5,35472.5
60148,-4.88,118.95,996.5,5302.5,-4585.0,30975.0
60178,15.37,117.49,997.72,7630.0,-4602.5,29207.5
60207,41.48,118.1,996.98,9415.0,-4690.0,22190.0
60236,70.03,120.9,992.96,7140.0,-2012.5,5425.0
60265,91.62,125.05,987.83,2380.0,1505.0,-6300.0
60294,106.14,129.08,985.52,-1347.5,3780.0,-12057.5
60323,116.27,133.22,985.27,-1312.5,5215.0,-16450.0
60352,122.61,136.88,984.05,-2940.0,6265.0,-21070.0
60381,123.34,139.2,983.81,-4462.5,4235.0,-24045.0
60410,120.05,140.79,985.39,-2975.0,3185.0,-22102.5
60439,116.88,142.37,986.49,-1750.0,1960.0,-21840.0
60468,113.95,144.2,987.22,-525.0,2380.0,-24465.0
60497,108.95,145.42,987.83,-70.0,5092.5,-25042.5
60526,101.99,146.77,987.71,-787.5,7087.5,-25392.5
60555,94.79,148.84,987.47,-1505.0,4200.0,-27685.0
60584,87.35,150.55,988.2,175.0,980.0,-31815.0
60613,78.69,152.01,986.98,-752.5,3832.5,-36767.5
60642,65.88,152.13,983.56,-5827.5,2485.0,-44922.5
60671,42.58,149.57,982.34,-8172.5,2082.5,-44660.0
60700,9.39,145.18,984.17,-7980.0,3815.0,-30240.0
60729,-25.25,140.42,988.81,-1645.0,-2310.0,-11130.0
60758,-52.7,137.25,994.42,5180.0,-7875.0,9082.5
60787,-70.27,136.64,993.08,9170.0,-9467.5,23117.5
60816,-78.57,137.98,987.83,1680.0,-1067.5,29767.5
60845,-79.18,139.93,988.93,420.0,-1977.5,31605.0
60875,-75.15,142.13,991.86,5845.0,-5425.0,31290.0
60904,-69.54,144.33,989.18,2642.5,-5197.5,30660.0
60933,-63.32,145.42,986.74,-2415.0,-7350.0,29522.5
60962,-56.49,145.67,987.83,-525.0,-5827.5,32480.0
60991,-46.24,145.91,989.18,997.5,-2502.5,36785.0
61020,-32.45,145.79,988.93,1015.0,1172.5,36242.5
61049,-17.69,144.2,988.2,-1225.0,962.5,33827.5
61078,-1.95,141.03,990.03,-700.0,1050.0,32812.5
61107,19.76,137.74,992.35,2467.5,2607.5,30065.0
61137,47.34,136.15,991.62,2887.5,6125.0,18637.5
61166,72.59,136.15,988.2,-1067.5,9905.0,6842.5
61196,90.77,136.52,985.27,-6720.0,15487.5,-2660.0
61225,101.14,136.4,986.37,-7577.5,12565.0,-10710.0
61253,106.38,135.3,991.49,-1400.0,5547.5,-16590.0
61282,108.82,135.18,993.93,2660.0,787.5,-20860.0
61311,109.56,135.3,993.08,192.5,-1592.5,-25532.5
61340,107.6,133.96,993.57,262.5,1452.5,-27492.5
61369,103.46,132.37,994.06,-87.5,4725.0,-28157.5
61398,98.58,130.78,994.79,-402.5,-1592.5,-32165.0
61427,92.48,130.05,996.5,2012.5,-5005.0,-36540.0
61456,83.81,129.93,996.5,1610.0,-3395.0,-38272.5
61485,72.47,129.81,994.42,367.5,-157.5,-37590.0
61515,57.46,129.56,992.23,-4042.5,3535.0,-36277.5
61544,37.7,127.98,992.35,-3447.5,2975.0,-33250.0
61573,11.22,125.78,992.84,-2135.0,3080.0,-27755.0
61602,-21.23,122.98,992.59,-1470.0,-1312.5,-16835.0
61630,-52.95,119.56,994.54,1365.0,-5302.5,595.0
61659,-75.64,116.88,997.35,4042.5,-5530.0,15732.5
61688,-88.33,115.41,997.11,7525.0,-7910.0,23695.0
61717,-92.96,116.14,995.28,6422.5,-5897.5,28542.5
61746,-91.74,118.1,994.18,4130.0,-6440.0,30082.5
61775,-87.11,120.78,994.06,3377.5,-6755.0,30240.0
61804,-81.25,123.59,994.06,3395.0,-3920.0,31062.5
61833,-75.03,125.54,993.81,2065.0,-2362.5,33582.5
61862,-67.34,126.76,993.93,2677.5,-3062.5,35227.5
61892,-57.1,128.22,994.79,4077.5,-5407.5,33495.0
61921,-45.51,129.93,995.52,6230.0,-7875.0,31115.0
61950,-32.7,131.27,995.03,5757.5,-6422.5,30117.5
61979,-19.28,132.49,993.81,4445.0,-2625.0,29032.5
62008,-6.59,132.74,991.62,2590.0,7770.0,29960.0
62037,7.08,131.39,989.79,-1312.5,19110.0,35280.0
62066,30.38,130.54,991.13,-1855.0,17675.0,32305.0
62095,59.9,130.17,993.32,1645.0,4865.0,9065.0
62124,78.57,129.56,992.84,2765.0,-1225.0,-7857.5
62153,87.47,129.56,991.49,-87.5,5075.0,-8242.5
62182,93.45,131.03,991.13,-1960.0,8172.5,-10657.5
62211,96.87,132.98,992.96,507.5,2485.0,-14350.0
62240,99.06,134.69,994.3,2607.5,-1977.5,-17325.0
62269,100.89,136.52,993.81,1470.0,-1417.5,-19512.5
62298,102.48,138.59,992.1,-682.5,-490.0,-23292.5
62327,103.33,138.35,991.37,-2800.0,-2590.0,-29347.5
62356,101.38,136.4,992.96,-700.0,1802.5,-32060.0
62385,96.87,135.54,993.57,-1207.5,6527.5,-31307.5
62414,92.11,135.3,994.67,245.0,1435.0,-35437.5
62443,84.67,136.52,994.91,2047.5,2467.5,-37502.5
62472,74.18,139.32,991.86,-1557.5,2835.0,-37782.5
62501,62.22,142.25,988.44,-4952.5,5827.5,-41352.5
62530,44.65,143.47,983.32,-10902.5,12162.5,-45990.0
62559,16.35,140.79,979.29,-16187.5,14945.0,-44870.0
62587,-22.94,133.83,980.64,-15627.5,15067.5,-32392.5
62616,-65.15,125.42,986.49,-4532.5,-1977.5,-10657.5
62644,-98.33,119.32,991.13,7437.5,-15295.0,14717.5
62673,-117.97,116.27,988.32,6965.0,-8750.0,32182.5
62702,-126.03,115.05,984.3,227.5,-2502.5,38990.0
62731,-124.68,114.8,986.0,1120.0,-5127.5,36400.0
62760,-120.29,115.05,989.18,5005.0,-9362.5,33040.0
62789,-115.66,115.9,988.93,5617.5,-10815.0,32462.5
62818,-108.58,117.0,987.22,2117.5,-8382.5,33040.0
62847,-97.84,117.12,987.22,332.5,-7560.0,32077.5
62876,-86.01,116.02,990.27,2817.5,-10220.0,30170.0
62904,-75.64,114.8,993.08,7560.0,-10447.5,32025.0
62933,-64.29,113.58,993.08,7945.0,-6492.5,38097.5
62962,-46.85,111.51,992.96,6212.5,-5127.5,40092.5
62991,-23.18,109.43,994.91,9922.5,-10202.5,34107.5
63020,4.15,108.58,996.01,13930.0,-11812.5,25935.0
63049,31.11,109.31,993.69,13825.0,-4795.0,17097.5
63078,55.14,112.61,988.57,8032.5,4322.5,9782.5
63108,76.86,118.1,984.05,2905.0,3377.5,-3395.0
63137,93.21,123.95,982.59,192.5,3465.0,-16467.5
63167,102.6,129.56,982.59,-717.5,2957.5,-22172.5
63196,107.36,134.81,982.47,-945.0,2012.5,-26005.0
63225,108.34,140.54,981.61,-1365.0,1750.0,-28385.0
63254,106.75,146.4,980.27,-3535.0,2380.0,-30170.0
63283,104.07,151.04,979.66,-4340.0,577.5,-33932.5
63312,98.82,154.82,979.78,-4025.0,2205.0,-36575.0
63341,90.28,157.62,980.15,-4375.0,3972.5,-35805.0
63370,80.28,160.19,980.15,-3482.5,1995.0,-34772.5
63399,69.17,162.5,979.66,-3500.0,927.5,-34370.0
63428,56.12,164.09,978.2,-5302.5,2100.0,-33722.5
63457,40.02,164.46,976.37,-8155.0,4392.5,-33407.5
63486,18.3,162.38,975.27,-10832.5,5057.5,-31360.0
63515,-8.91,157.38,977.71,-10815.0,2397.5,-21945.0
63543,-37.09,151.77,985.27,-2415.0,-3605.0,-3955.0
63572,-59.29,148.6,991.86,7822.5,-9292.5,16642.5
63601,-70.88,148.23,991.37,12337.5,-8837.5,27177.5
63630,-74.3,149.82,987.47,5512.5,-1417.5,32060.0
63659,-71.74,152.99,986.25,3675.0,-3675.0,31937.5
63688,-65.39,156.65,986.61,4742.5,-6317.5,28350.0
63717,-57.34,159.45,985.88,2957.5,-8120.0,25252.5
63746,-47.7,161.53,985.27,2082.5,-9222.5,20422.5
63775,-38.8,162.87,985.03,2467.5,-9695.0,17430.0
63804,-30.62,163.36,985.03,1225.0,-7105.0,18305.0
63833,-22.69,163.24,985.64,1242.5,-6230.0,19740.0
63862,-14.52,162.5,986.74,3237.5,-7315.0,21857.5
63891,-5.61,161.53,987.22,4130.0,-4987.5,25795.0
63920,4.27,160.19,986.37,5267.5,-3780.0,30275.0
63949,16.84,158.36,984.42,5880.0,-1067.5,35385.0
63978,35.99,156.28,984.05,5232.5,5250.0,39182.5
64007,64.42,156.53,986.0,9240.0,5267.5,33600.0
64036,95.28,159.09,984.05,10167.5,2747.5,15802.5
64065,120.17,162.63,978.2,3150.0,-87.5,-1767.5
64094,138.1,166.04,974.05,-857.5,-2555.0,-13685.0
64123,150.79,168.6,972.1,-2257.5,2730.0,-18602.5
64152,159.82,171.17,970.39,-4322.5,5635.0,-23187.5
64180,164.21,171.29,970.14,-6352.5,4900.0,-29995.0
64209,162.75,170.31,971.85,-4007.5,2187.5,-32585.0
64238,157.38,170.56,974.17,-2310.0,2467.5,-29907.5
64267,151.28,171.78,976.37,-175.0,-630.0,-26985.0
64296,146.64,174.34,977.46,875.0,-1627.5,-26862.5
64325,142.62,177.14,976.49,-875.0,-1575.0,-30082.5
64354,137.62,180.19,974.9,-2835.0,-682.5,-34370.0
64383,130.05,182.76,973.56,-6545.0,3307.5,-39777.5
64412,118.83,183.98,974.17,-7595.0,5582.5,-45727.5
64441,100.89,182.63,975.51,-4462.5,8435.0,-51012.5
64470,71.37,179.1,973.8,-6177.5,11112.5,-46235.0
64499,33.18,174.95,975.27,-8435.0,9257.5,-25462.5
64528,-1.46,170.8,981.86,-612.5,3815.0,-1120.0
64557,-27.08,167.87,984.54,5355.0,-805.0,13982.5
64586,-45.14,166.29,981.86,2835.0,-665.0,22802.5
64615,-56.24,166.41,979.54,17.5,-595.0,28280.0
64644,-60.63,167.51,979.9,-472.5,-770.0,30590.0
64673,-60.63,168.6,981.73,332.5,-2642.5,31325.0
64702,-58.56,170.31,983.32,1907.5,-5477.5,31465.0
64731,-54.78,172.02,982.59,2187.5,-5740.0,31850.0
64760,-49.04,173.12,980.88,-822.5,-3255.0,32515.0
64789,-41.72,173.24,980.88,-945.0,-3710.0,32637.5
64818,-31.72,172.51,982.34,-70.0,-5495.0,32217.5
64847,-19.64,171.53,984.17,717.5,-5425.0,30467.5
64876,-7.32,170.68,984.3,3395.0,-6212.5,30310.0
64905,7.44,168.97,983.08,822.5,-385.0,33792.5
64934,26.72,165.19,983.08,-997.5,5092.5,35000.0
64963,49.9,160.06,984.91,1487.5,157.5,29662.5
64992,75.15,156.04,986.86,6615.0,-5530.0,18585.0
65021,97.36,154.45,985.27,6597.5,-87.5,7577.5
65050,114.44,155.18,981.86,2380.0,1610.0,-1855.0
65080,127.86,157.5,980.27,227.5,2537.5,-9730.0
65109,138.1,159.7,979.54,-857.5,1627.5,-17552.5
65139,144.2,160.8,980.39,-700.0,-1680.0,-23940.0
65168,147.25,161.53,981.37,997.5,507.5,-25550.0
65197,149.57,160.43,981.49,-472.5,6212.5,-27405.0
65226,151.89,159.82,981.86,-210.0,12022.5,-30327.5
65255,153.48,160.55,981.12,-2222.5,12635.0,-39357.5
65284,149.33,161.28,981.86,-525.0,1487.5,-53322.5
65313,136.4,162.87,982.1,157.5,455.0,-55247.5
65342,118.83,165.19,980.15,-2730.0,-1890.0,-51835.0
65371,99.67,167.51,978.93,-4410.0,-2380.0,-48405.0
65400,78.2,168.36,977.22,-7262.5,-315.0,-44765.0
65429,53.31,165.92,975.02,-10115.0,-210.0,-42735.0
65458,23.42,159.7,973.56,-12530.0,2065.0,-38132.5
65487,-10.86,151.52,976.0,-12775.0,3045.0,-24622.5
65515,-42.09,144.45,984.17,-3675.0,-1645.0,-4340.0
65544,-62.95,140.42,990.03,7490.0,-4112.5,11375.0
65573,-76.37,139.32,988.81,7805.0,6965.0,18812.5
65602,-86.5,139.69,987.35,5372.5,10622.5,26127.5
65631,-92.35,141.03,986.74,4602.5,9065.0,31150.0
65660,-95.28,142.98,983.93,420.0,3325.0,32357.5
65689,-96.87,144.94,983.08,-1977.5,-2362.5,34387.5
65718,-96.87,146.4,984.3,-1242.5,-5600.0,39375.0
65747,-94.31,147.13,984.42,-875.0,-8137.5,44082.5
65776,-87.47,147.38,984.66,-385.0,-8872.5,45342.5
65805,-76.25,147.13,986.13,1102.5,-8890.0,43435.0
65834,-62.71,146.16,987.35,2275.0,-6475.0,40880.0
65863,-49.17,144.69,987.59,1400.0,-3482.5,38220.0
65892,-35.87,142.74,988.69,2852.5,-1540.0,37870.0
65921,-19.28,139.69,990.4,3290.0,4637.5,40547.5
65950,5.49,136.4,991.86,3220.0,3430.0,32935.0
65980,34.4,135.42,992.84,6965.0,-2677.5,11165.0
66009,56.36,136.76,990.64,4445.0,1505.0,-4410.0
66039,70.03,139.45,987.35,-1277.5,7595.0,-10132.5
66068,78.93,142.01,987.35,-2257.5,5495.0,-17377.5
66097,82.47,144.2,989.05,87.5,2800.0,-19897.5
66126,84.18,145.79,989.42,-122.5,17.5,-20877.5
66155,85.89,148.35,989.42,525.0,-6457.5,-25865.0
66184,86.38,152.38,988.08,-1557.5,-8137.5,-30905.0
66213,86.01,155.43,986.49,-5005.0,-5792.5,-34457.5
66242,85.52,156.77,986.13,-5145.0,-4007.5,-38990.0
66271,82.96,156.53,986.25,-6860.0,-1015.0,-44467.5
66300,76.37,155.31,987.22,-6037.5,-805.0,-45255.0
66329,67.59,153.72,988.32,-4322.5,-1172.5,-44607.5
66358,56.85,151.89,988.44,-3850.0,822.5,-43977.5
66387,42.46,149.45,987.22,-5792.5,2677.5,-43697.5
66416,22.2,145.42,986.0,-7945.0,1715.0,-41352.5
66445,-3.78,139.81,987.1,-9362.5,1697.5,-32812.5
66475,-32.45,133.83,991.74,-4760.0,-1855.0,-16800.0
66504,-57.71,128.47,996.86,3955.0,-8732.5,-875.0
66533,-78.32,124.32,997.59,6370.0,-6195.0,15907.5
66562,-90.65,122.98,994.54,3097.5,-297.5,30012.5
66591,-91.13,123.95,992.1,-1102.5,6370.0,33967.5
66620,-85.89,125.05,991.62,-4760.0,8102.5,30327.5
66649,-82.72,124.44,992.84,-5250.0,3517.5,28612.5
66678,-80.4,123.1,995.28,-2607.5,-280.0,29995.0
66707,-76.13,122.0,997.59,2397.5,-5320.0,29575.0
66736,-71.61,120.66,998.57,2450.0,-6930.0,30870.0
66765,-67.83,118.22,1000.52,3990.0,-9152.5,36312.5
66794,-61.0,116.14,1001.86,7525.0,-8435.0,39987.5
66823,-51.48,114.92,1001.86,8575.0,-9222.5,39497.5
66851,-40.99,113.83,1002.6,12757.5,-10692.5,45062.5
66880,-20.74,112.61,1001.25,11515.0,-1627.5,46900.0
66908,8.05,112.36,997.84,5670.0,-945.0,30747.5
66937,35.38,113.58,996.37,6790.0,-14280.0,14945.0
66966,58.93,114.56,994.79,6125.0,-4077.5,7980.0
66995,79.67,116.39,990.76,1190.0,3902.5,1522.5
67024,97.36,119.32,987.96,595.0,-1872.5,-10377.5
67053,109.8,122.73,987.35,1890.0,-595.0,-17622.5
67082,117.61,126.88,986.37,-945.0,6230.0,-19915.0
67111,121.88,131.52,985.64,-3255.0,6405.0,-24780.0
67140,122.98,136.03,986.61,-2170.0,2887.5,-28297.5
67168,122.24,140.3,986.98,-945.0,2240.0,-31255.0
67197,119.93,143.72,985.76,-2852.5,3045.0,-33530.0
67226,115.66,146.28,984.54,-4585.0,6020.0,-35052.5
67255,109.07,147.99,983.81,-5197.5,6177.5,-36032.5
67284,100.53,149.33,983.32,-5512.5,6125.0,-36680.0
67313,90.04,150.06,983.44,-6685.0,6860.0,-37292.5
67342,77.1,149.94,983.81,-5267.5,5040.0,-38062.5
67371,60.02,148.6,983.81,-4445.0,4795.0,-37922.5
67400,36.84,145.67,983.32,-3972.5,5757.5,-33792.5
67429,7.56,141.52,982.95,-4585.0,5145.0,-23170.0
67458,-23.55,136.52,985.15,-2310.0,2117.5,-7105.0
67487,-50.26,131.64,988.32,1557.5,-455.0,9257.5
67516,-69.05,128.1,989.54,2187.5,-1242.5,21280.0
67545,-80.15,126.64,989.05,2835.0,-3132.5,26040.0
67574,-85.89,127.25,987.35,2940.0,-4900.0,27667.5
67603,-86.86,129.56,986.49,770.0,-3220.0,30590.0
67632,-83.08,132.37,987.96,-595.0,-3132.5,31167.5
67661,-78.2,134.32,990.27,1417.5,-6860.0,29242.5
67690,-73.32,135.66,990.52,4795.0,-10482.5,29820.0
67719,-65.88,136.52,988.08,2712.5,-7367.5,31115.0
67748,-57.58,136.15,986.74,-1662.5,-2135.0,33162.5
67777,-48.92,134.69,987.96,-735.0,-3185.0,36592.5
67807,-37.82,132.13,990.27,2887.5,-7665.0,37572.5
67836,-24.4,129.2,992.84,6457.5,-9712.5,38780.0
67865,-5.37,126.51,994.91,10132.5,-8680.0,40022.5
67894,23.3,125.42,994.3,10780.0,-3097.5,29015.0
67923,53.92,126.27,990.52,9240.0,-5547.5,8470.0
67952,78.2,128.83,985.52,5355.0,-2257.5,-2520.0
67981,97.97,131.88,981.61,-945.0,7210.0,-8347.5
68010,113.7,134.32,980.51,-2905.0,7332.5,-17727.5
68039,122.49,133.71,982.1,-1977.5,5512.5,-23555.0
68068,125.42,133.22,984.42,140.0,7157.5,-22767.5
68097,125.66,136.15,985.03,105.0,5985.0,-24920.0
68127,122.98,139.69,984.78,437.5,-87.5,-28997.5
68156,117.24,144.81,984.54,892.5,-875.0,-28507.5
68185,111.75,150.67,983.32,-3115.0,-105.0,-28717.5
68214,106.87,154.45,983.56,-2870.0,-402.5,-32935.0
68243,98.94,157.87,982.22,-2187.5,1522.5,-34615.0
68272,88.57,160.43,980.15,-7857.5,7297.5,-32882.5
68301,76.74,162.38,980.39,-6457.5,7017.5,-32322.5
68330,62.46,163.36,979.66,-6387.5,6440.0,-33705.0
68359,43.07,161.77,978.2,-9257.5,6562.5,-34335.0
68388,15.62,157.5,977.83,-9852.5,5162.5,-30327.5
68417,-18.06,151.16,980.15,-6930.0,1732.5,-16380.0
68446,-50.26,145.06,985.15,-1365.0,-1330.0,5040.0
68475,-74.66,141.03,987.47,2555.0,245.0,24850.0
68504,-89.18,138.84,986.0,1470.0,-87.5,33092.5
68533,-96.26,138.1,985.27,1382.5,-1190.0,35717.5
68562,-97.11,138.59,985.88,2660.0,-1610.0,37240.0
68591,-93.21,138.84,986.49,1277.5,-2502.5,34982.5
68620,-88.21,139.2,988.2,2695.0,-7262.5,32252.5
68649,-81.74,140.18,989.42,5180.0,-9187.5,32987.5
68678,-71.98,141.28,988.93,4480.0,-8172.5,33197.5
68707,-59.78,142.25,988.32,2887.5,-8627.5,30782.5
68736,-46.12,142.25,988.81,2170.0,-8697.5,28910.0
68765,-29.52,141.64,990.03,4235.0,-7892.5,27580.0
68794,-8.42,140.79,990.88,5302.5,-7612.5,24272.5
68824,16.59,138.47,990.64,6055.0,-7052.5,18182.5
68853,44.65,135.66,989.54,5740.0,-3692.5,10570.0
68882,71.49,134.81,986.74,3325.0,3430.0,2695.0
68911,94.79,135.18,983.08,-577.5,5617.5,-6650.0
68940,113.34,137.25,982.34,-1977.5,2012.5,-17710.0
68969,124.81,139.57,983.56,-367.5,665.0,-26600.0
68998,128.59,140.67,983.81,612.5,1242.5,-31430.0
69027,125.17,141.15,982.83,-1610.0,5722.5,-32095.0
69056,117.73,141.4,983.32,-4287.5,8102.5,-30450.0
69085,109.07,142.25,985.27,-2310.0,-612.5,-30117.5
69114,101.5,144.08,987.35,-157.5,-9572.5,-31920.0
69143,94.43,146.77,987.59,-52.5,-5985.0,-32077.5
69172,86.38,150.43,984.91,-2520.0,-2240.0,-31447.5
69201,76.74,153.11,981.86,-6527.5,-647.5,-32760.0
69230,63.81,153.23,981.49,-7787.5,1190.0,-32410.0
69259,47.7,151.77,982.83,-6772.5,3272.5,-28490.0
69288,28.18,149.82,983.56,-6300.0,5372.5,-25812.5
69317,2.32,147.25,984.42,-6440.0,3482.5,-20422.5
69346,-26.6,143.84,988.69,-2362.5,-3132.5,-6947.5
69375,-51.36,140.67,991.49,2030.0,-5827.5,13212.5
69404,-68.81,138.35,989.05,-2835.0,-1540.0,29102.5
69433,-76.74,136.76,986.98,-5022.5,-560.0,36242.5
69462,-75.64,135.79,988.2,-6755.0,507.5,36417.5
69491,-68.81,137.13,985.88,-7140.0,-8837.5,34965.0
69520,-55.63,139.81,983.2,-12092.5,-16747.5,26425.0
69549,-39.28,140.06,984.54,-13055.0,-8067.5,19845.0
69578,-25.86,137.37,985.76,-19950.0,2117.5,22452.5
69607,-16.47,132.49,989.42,-17045.0,-2677.5,20440.0
69636,-9.27,125.78,992.71,-8767.5,-1802.5,23205.0
69665,1.34,117.85,995.89,-5722.5,-1592.5,26162.5
69694,16.47,109.56,1000.16,1995.0,-5022.5,24517.5
69723,35.26,103.21,998.94,2887.5,-5932.5,22137.5
69752,60.76,96.99,995.52,-5005.0,-1890.0,13860.0
69782,88.82,90.4,995.52,-3465.0,2222.5,-87.5
69811,114.56,84.79,996.13,2030.0,-1732.5,-14700.0
69840,138.59,80.52,995.03,542.5,4847.5,-25077.5
69869,157.75,76.13,994.79,-4532.5,10937.5,-38080.0
69898,168.12,70.39,997.11,980.0,5705.0,-47565.0
69927,169.21,64.42,998.69,4847.5,4742.5,-52465.0
69956,160.06,57.34,1000.52,2835.0,7490.0,-52360.0
69985,141.28,50.63,1003.45,5390.0,3045.0,-49665.0
70014,114.44,44.53,1005.89,4112.5,3062.5,-42490.0
70043,83.57,39.53,1006.5,8085.0,-3290.0,-31045.0
70072,54.78,35.26,1003.57,4812.5,-3080.0,-19407.5
70101,28.55,30.5,1000.77,-1925.0,700.0,-11200.0
70130,2.2,24.52,1000.77,-542.5,-630.0,-3465.0
70159,-23.18,18.54,1001.5,227.5,2747.5,9607.5
70188,-42.94,13.91,1003.33,1750.0,175.0,21647.5
70217,-55.27,10.37,1006.99,4585.0,-1890.0,28280.0
70246,-64.54,7.69,1009.31,6790.0,-4760.0,33092.5
70275,-71.13,6.95,1010.53,9065.0,-9852.5,42682.5
70304,-69.17,9.27,1010.77,10430.0,-6527.5,52552.5
70333,-58.44,12.93,1009.92,8470.0,-3937.5,53270.0
70362,-43.92,17.08,1010.28,8592.5,-4497.5,51292.5
70391,-27.82,21.23,1010.65,11550.0,-3535.0,51730.0
70420,-8.54,25.38,1007.84,16205.0,-1172.5,53830.0
70449,17.93,29.04,1000.4,8365.0,11900.0,54530.0
70479,52.83,30.74,996.25,-5810.0,11007.5,40145.0
70508,90.28,31.23,999.55,385.0,-8295.0,18882.5
70537,123.71,33.18,1002.72,7525.0,-10237.5,1330.0
70566,151.04,37.7,1001.86,3832.5,612.5,-11865.0
70595,171.17,44.04,997.59,1137.5,-2275.0,-25130.0
70624,183.0,49.53,993.2,595.0,-9940.0,-35770.0
70653,189.22,53.92,990.64,-612.5,-6860.0,-38027.5
70682,192.52,56.61,990.03,-5215.0,-402.5,-40810.0
70711,191.3,58.93,991.13,-2747.5,1260.0,-43802.5
70740,185.56,60.51,991.49,-2345.0,175.0,-45937.5
70769,174.7,60.63,993.69,-1225.0,-1540.0,-47267.5
70798,158.11,61.0,995.28,1767.5,1907.5,-40267.5
70827,139.81,62.59,995.03,-175.0,5022.5,-31570.0
70856,123.71,66.37,994.3,472.5,3815.0,-28420.0
70885,109.68,70.52,991.62,-1592.5,3850.0,-30292.5
70914,94.92,74.18,989.18,-4532.5,6737.5,-37502.5
70943,72.35,75.88,989.91,-3342.5,9765.0,-40162.5
70972,40.75,76.37,990.88,1190.0,5932.5,-27982.5
71001,8.05,77.71,993.2,2467.5,3395.0,-9240.0
71030,-20.98,79.42,995.76,8977.5,4147.5,11865.0
71060,-42.09,81.5,993.57,6107.5,1732.5,31570.0
71089,-50.87,84.42,992.84,-1032.5,577.5,38377.5
71119,-54.29,87.35,996.86,1820.0,-2922.5,39497.5
71148,-55.27,89.91,999.18,6160.0,-5127.5,46760.0
71177,-49.29,92.72,996.98,3797.5,-3132.5,47740.0
71206,-39.53,95.28,993.32,-717.5,-3342.5,44152.5
71235,-30.01,97.72,991.49,-2467.5,-3325.0,43907.5
71264,-15.98,99.8,992.35,-1802.5,-2502.5,44257.5
71293,4.15,100.28,994.91,1032.5,-2310.0,39655.0
71322,24.89,99.43,997.47,6650.0,-6667.5,37660.0
71351,46.6,96.5,998.69,11497.5,-10150.0,42087.5
71380,76.62,93.21,998.57,15382.5,-11812.5,39935.0
71409,113.34,92.6,994.67,18165.0,-9030.0,21787.5
71438,146.4,94.92,986.13,7192.5,-4252.5,1365.0
71467,171.17,99.92,980.03,752.5,-6405.0,-14892.5
71496,188.0,106.02,977.22,105.0,-1627.5,-23607.5
71525,198.01,112.61,973.8,-1120.0,2782.5,-28245.0
71554,203.98,119.56,970.63,-3955.0,5705.0,-31150.0
71583,206.91,125.9,968.92,-8032.5,10360.0,-35630.0
71612,205.2,131.27,968.56,-9485.0,8750.0,-41527.5
71641,198.62,135.18,969.53,-9117.5,5145.0,-44835.0
71670,189.1,137.74,971.0,-7455.0,1365.0,-47145.0
71699,176.41,139.81,972.1,-6230.0,-157.5,-49017.5
71728,159.82,141.52,972.95,-6737.5,3745.0,-47285.0
71757,140.18,142.86,974.05,-6230.0,5425.0,-45185.0
71786,117.24,144.08,974.05,-6597.5,6282.5,-44240.0
71815,88.82,143.35,972.71,-10412.5,7945.0,-42875.0
71844,53.07,139.45,976.0,-12162.5,8802.5,-31342.5
71872,14.03,134.44,985.76,1680.0,3675.0,-7980.0
71901,-17.69,131.03,992.23,12337.5,-6807.5,16712.5
71930,-37.94,129.93,989.66,13685.0,-8855.0,29715.0
71959,-49.65,130.54,983.32,4795.0,-2082.5,37607.5
71988,-53.56,131.76,982.59,315.0,805.0,43662.5
72018,-51.48,132.98,984.78,2345.0,-560.0,45237.5
72047,-46.12,134.93,985.64,4357.5,-5862.5,44030.0
72076,-38.19,137.37,985.15,3902.5,-6405.0,41492.5
72105,-29.04,140.42,984.05,2782.5,-5792.5,39672.5
72134,-19.28,143.47,983.08,3955.0,-6982.5,39252.5
72163,-8.3,145.79,982.83,3447.5,-4095.0,41807.5
72192,5.37,146.4,983.81,4077.5,-2940.0,44362.5
72221,24.64,145.18,985.15,4357.5,-2065.0,44835.0
72250,50.51,143.47,984.54,6650.0,-6370.0,34947.5
72279,80.52,141.64,982.1,5932.5,-8680.0,20457.5
72308,112.0,140.54,979.17,5075.0,-5040.0,6720.0
72337,137.74,141.52,974.17,2852.5,1015.0,-3290.0
72366,156.53,143.96,968.19,-1225.0,3850.0,-7857.5
72395,172.14,146.64,965.26,-3920.0,5425.0,-14210.0
72424,183.37,149.33,965.14,-3850.0,6195.0,-19302.5
72453,189.83,151.16,965.87,-3430.0,5285.0,-23502.5
72482,192.27,153.6,966.85,-1942.5,4357.5,-25777.5
72510,191.54,156.53,967.34,-4970.0,7175.0,-29137.5
72539,186.66,157.14,969.05,-4200.0,3640.0,-33005.0
72568,178.36,158.11,971.0,-1942.5,4567.5,-29925.0
72597,170.92,160.8,971.61,-4025.0,6352.5,-29767.5
72626,163.85,163.6,971.36,-3255.0,-1050.0,-36032.5
72655,154.57,165.19,971.0,-5425.0,-472.5,-39340.0
72684,142.98,166.16,971.24,-7577.5,4812.5,-40390.0
72713,127.86,166.16,971.85,-6877.5,6807.5,-43190.0
72742,107.36,164.58,971.49,-9065.0,8592.5,-44747.5
72771,79.79,161.89,971.49,-12162.5,10692.5,-43312.5
72800,44.41,157.62,975.15,-8295.0,3937.5,-30485.0
72829,7.81,153.35,982.22,875.0,-1855.0,-5390.0
72858,-21.23,150.3,984.3,6387.5,-367.5,15662.5
72887,-39.77,149.21,981.0,2240.0,1067.5,27247.5
72916,-46.6,150.06,979.66,-1417.5,1137.5,30275.0
72945,-47.09,149.45,980.88,-2135.0,-1032.5,26477.5
72974,-48.56,147.38,983.56,560.0,-8155.0,24412.5
73003,-50.26,145.67,985.64,3640.0,-8137.5,27772.5
73032,-48.56,145.18,985.15,1400.0,-4445.0,31447.5
73061,-43.43,144.69,984.54,-1260.0,-910.0,31955.0
73090,-37.82,143.47,986.13,-455.0,-3745.0,30817.5
73119,-31.84,142.01,989.18,2905.0,-7140.0,32742.5
73148,-23.79,140.54,990.64,5442.5,-3290.0,36505.0
73177,-12.32,138.71,989.18,3815.0,2607.5,40145.0
73206,6.83,136.15,987.96,1172.5,1225.0,38692.5
73235,35.38,133.59,989.42,2555.0,-5302.5,27877.5
73264,67.83,132.25,991.37,6177.5,-8662.5,12215.0
73293,94.67,132.98,988.32,5162.5,-3395.0,-735.0
73322,113.09,134.2,982.71,-1767.5,1890.0,-7717.5
73351,126.15,135.42,981.86,-3937.5,3430.0,-12652.5
73380,134.44,136.03,984.66,-1715.0,5722.5,-16362.5
73409,138.47,136.76,988.32,2607.5,5022.5,-18445.0
73438,139.08,138.1,990.52,7017.5,2117.5,-21035.0
73467,135.66,138.59,989.54,5950.0,1925.0,-23275.0
73496,129.69,139.32,987.71,3447.5,-595.0,-21070.0
73525,125.42,142.98,986.98,1155.0,3640.0,-18567.5
73554,124.32,147.38,986.0,-1085.0,6912.5,-26705.0
73582,119.68,151.04,984.78,-1767.5,2572.5,-35385.0
73611,110.9,154.33,982.95,-2257.5,2222.5,-36207.5
73640,98.58,157.62,982.1,-5127.5,2362.5,-37905.0
73669,78.2,160.19,981.61,-4235.0,2100.0,-36050.0
73698,48.56,162.02,979.66,-1662.5,-1172.5,-31325.0
73727,12.32,162.87,974.41,-4217.5,-9765.0,-24132.5
73756,-22.57,158.11,974.54,-19687.5,7525.0,-7560.0
73785,-49.17,151.04,981.86,-22907.5,25462.5,10587.5
73814,-69.91,144.45,985.76,-6527.5,8942.5,15925.0
73843,-86.13,137.49,986.86,840.0,542.5,31202.5
73872,-94.18,134.2,985.15,-2327.5,2467.5,37292.5
73901,-96.62,132.25,982.47,-3920.0,-13300.0,34020.0
73930,-91.62,130.05,985.88,1750.0,-25777.5,35105.0
73958,-80.52,128.59,991.74,4672.5,-13265.0,34492.5
73987,-69.05,127.86,993.32,8925.0,-6597.5,37730.0
74016,-54.05,128.83,992.1,8995.0,-13562.5,37730.0
74045,-34.28,129.56,990.64,5705.0,-17132.5,30765.0
74074,-11.83,128.59,990.03,1452.5,-14262.5,24377.5
74103,11.71,127.0,990.4,1207.5,-23047.5,15662.5
74132,40.5,124.44,988.57,5617.5,-6107.5,10937.5
74161,72.1,123.71,985.03,-1610.0,4445.0,-1557.5
74190,95.65,123.22,984.3,-262.5,5215.0,-9012.5
74220,112.97,122.73,985.64,962.5,7595.0,-10377.5
74249,128.95,124.2,986.0,1225.0,7035.0,-16800.0
74278,140.06,126.15,985.76,2537.5,2327.5,-26250.0
74307,143.23,126.76,985.15,2415.0,8872.5,-24500.0
74336,145.06,127.86,983.69,-3272.5,7035.0,-25585.0
74365,145.3,128.71,984.05,-1242.5,-1295.0,-35595.0
74393,140.91,128.34,983.69,-2957.5,7805.0,-35507.5
74422,133.96,127.86,982.22,-7962.5,13090.0,-35525.0
74451,123.22,126.88,982.83,-6545.0,13072.5,-37345.0
74480,107.6,125.9,983.32,-6055.0,10570.0,-37327.5
74509,87.6,124.56,983.56,-4970.0,7315.0,-35927.5
74538,63.2,122.98,983.56,-5845.0,8540.0,-31675.0
74567,35.14,120.54,982.95,-5845.0,8207.5,-27282.5
74596,1.34,116.75,982.71,-5337.5,6422.5,-19442.5
74625,-34.53,112.48,984.66,-2205.0,-3535.0,-2502.5
74654,-61.98,108.46,987.35,1820.0,-4900.0,11882.5
74683,-80.76,104.92,986.61,3377.5,-6125.0,19075.0
74712,-94.43,101.5,985.64,1277.5,-6020.0,25935.0
74741,-100.65,98.94,987.22,1120.0,-4935.0,30677.5
74770,-100.16,97.97,989.54,4217.5,-6107.5,28700.0
74799,-98.94,97.84,990.4,4217.5,-2362.5,30030.0
74828,-97.36,99.06,989.66,3255.0,-1260.0,35052.5
74857,-89.06,101.38,989.42,1400.0,-2625.0,36855.0
74886,-75.64,104.43,990.52,595.0,-5932.5,31517.5
74915,-63.68,106.87,991.37,3430.0,-11882.5,28192.5
74944,-50.02,108.09,991.86,3465.0,-7980.0,31745.0
74973,-27.08,108.58,991.01,1155.0,-5092.5,30292.5
75002,1.46,108.58,991.49,682.5,-8592.5,17377.5
75032,27.57,108.09,993.81,5302.5,-13107.5,7962.5
75061,49.41,107.48,993.57,5740.0,-9555.0,4952.5
75090,67.22,107.97,992.1,3937.5,-3867.5,3167.5
75119,81.98,109.31,991.98,6947.5,-3517.5,2905.0
75148,96.26,111.75,991.37,6650.0,-2415.0,-122.5
75177,109.31,115.41,989.42,4147.5,-4690.0,-8435.0
75206,120.78,120.17,987.47,2677.5,-5162.5,-15995.0
75235,130.17,123.83,985.64,-1610.0,717.5,-24150.0
75264,134.44,126.27,986.0,-1732.5,3535.0,-29662.5
75293,135.66,129.08,986.25,-612.5,2887.5,-31745.0
75322,136.27,131.52,986.0,-1435.0,2275.0,-39165.0
75351,132.98,134.2,986.74,-1207.5,11112.5,-46077.5
75380,123.59,135.91,986.13,-227.5,12127.5,-51450.0
75409,108.58,137.37,983.69,-3115.0,8732.5,-55912.5
75438,86.86,137.86,981.0,-6545.0,7980.0,-57347.5
75467,56.61,136.4,979.54,-8557.5,10062.5,-51345.0
75496,19.52,133.1,979.17,-8942.5,7402.5,-37782.5
75525,-16.71,128.83,981.0,-6685.0,-1522.5,-17500.0
75554,-44.65,124.68,984.78,-2870.0,-6072.5,-175.0
75583,-64.54,121.02,987.22,2467.5,-6195.0,12722.5
75612,-78.32,118.46,986.37,2852.5,-4725.0,21367.5
75641,-86.5,117.24,985.52,175.0,-2800.0,27457.5
75670,-87.72,117.12,987.22,980.0,-3815.0,30065.0
75699,-84.42,117.85,989.54,3885.0,-6702.5,26792.5
75728,-82.59,118.95,989.66,5425.0,-9240.0,25812.5
75757,-80.89,120.29,987.47,1505.0,-3377.5,31692.5
75786,-76.62,121.76,986.98,-2030.0,5267.5,37292.5
75815,-72.59,121.39,992.35,3307.5,3132.5,45692.5
75844,-62.71,119.44,997.23,11672.5,-3132.5,56350.0
75873,-42.33,118.34,996.25,9187.5,-1487.5,55650.0
75902,-17.45,119.56,994.3,10255.0,-1785.0,49192.5
75931,13.66,122.73,992.35,8295.0,-3412.5,41125.0
75960,49.9,127.86,989.66,5162.5,-2940.0,19162.5
75989,77.35,133.59,986.37,4655.0,-1225.0,1172.5
76018,94.92,138.47,981.61,52.5,2940.0,-2485.0
76048,111.14,143.23,978.68,-4777.5,6720.0,-8715.0
76077,125.17,147.13,980.03,-4357.5,6440.0,-19670.0
76106,135.54,149.94,983.08,875.0,1277.5,-28227.5
76135,142.62,152.62,983.56,-157.5,4410.0,-35805.0
76164,144.69,154.82,982.59,-612.5,1732.5,-45902.5
76193,141.15,156.65,980.88,-1977.5,4042.5,-52290.0
76222,133.1,157.14,979.05,-7367.5,7367.5,-57977.5
76251,119.93,155.31,980.64,-3832.5,2415.0,-64767.5
76280,99.92,151.04,981.49,-1190.0,105.0,-67287.5
76309,71.74,144.81,978.68,-4147.5,2555.0,-61530.0
76338,35.62,137.37,974.41,-9012.5,7052.5,-47547.5
76367,-5.0,128.83,972.71,-12880.0,4830.0,-29487.5
76396,-43.19,120.29,977.34,-8435.0,-1557.5,-9397.5
76425,-73.69,113.83,983.69,595.0,-4952.5,10045.0
76454,-94.18,110.29,984.91,5477.5,-4900.0,24867.5
76483,-105.9,109.07,982.1,2205.0,-2467.5,30817.5
76512,-112.48,109.19,981.12,-1872.5,980.0,34562.5
76541,-115.41,110.53,983.2,-507.5,1662.5,40285.0
76570,-114.8,111.39,985.88,1557.5,-1610.0,43417.5
76599,-114.56,111.26,989.3,5495.0,-7752.5,47040.0
76628,-115.17,109.68,993.93,14157.5,-16537.5,59972.5
76657,-108.58,107.6,996.13,19372.5,-13317.5,72887.5
76686,-89.06,107.24,993.57,17150.0,-5495.0,72940.0
76715,-59.78,109.56,990.15,13580.0,-11900.0,61827.5
76744,-24.64,114.31,989.42,17062.5,-25112.5,46270.0
76773,13.42,120.29,986.25,20352.5,-20912.5,31430.0
76802,49.53,127.0,976.37,11655.0,-5162.5,13965.0
76831,81.01,135.54,965.75,-752.5,5442.5,-2152.5
76860,106.63,143.47,960.87,-8855.0,7770.0,-17570.0
76889,123.71,149.94,961.6,-6825.0,5670.0,-27492.5
76918,134.08,156.28,961.97,-5407.5,6982.5,-31255.0
76947,140.67,161.77,960.14,-7280.0,3535.0,-36312.5
76976,143.47,166.65,958.92,-8155.0,385.0,-40985.0
77005,142.25,170.19,958.07,-10815.0,5635.0,-42682.5
77034,137.98,172.02,958.55,-12180.0,5127.5,-44677.5
77063,131.76,173.12,960.38,-10307.5,5512.5,-47425.0
77092,121.88,173.0,960.63,-11777.5,14105.0,-51345.0
77121,105.41,171.29,959.77,-13947.5,14822.5,-55265.0
77150,80.52,166.9,959.41,-14315.0,10885.0,-56280.0
77179,45.38,159.7,960.26,-14787.5,9345.0,-49787.5
77208,2.68,151.04,964.17,-12670.0,3850.0,-29172.5
77237,-36.48,143.11,970.88,-4375.0,-4182.5,-3360.0
77266,-63.93,135.91,973.68,2275.0,-9397.5,14560.0
77295,-82.35,128.95,972.83,-1995.0,-2065.0,24325.0
77324,-95.53,122.61,975.63,-980.0,-2957.5,33792.5
77353,-101.5,118.95,979.29,4095.0,-6842.5,40180.0
77382,-101.38,118.46,980.64,5670.0,-10342.5,41702.5
77411,-98.58,119.8,981.37,7280.0,-8592.5,46970.0
77440,-91.5,121.39,981.12,6055.0,-10570.0,52447.5
77469,-80.15,121.88,983.69,7385.0,-9030.0,55107.5
77498,-68.81,120.41,986.74,15645.0,-9677.5,61792.5
77527,-46.48,119.07,986.49,16905.0,-32585.0,64592.5
77556,-3.66,120.41,986.13,15925.0,-37782.5,43645.0
77585,43.19,124.2,980.27,15015.0,-22767.5,14542.5
77613,77.71,129.56,968.07,5740.0,-8015.0,-1697.5
77642,103.58,135.54,958.19,-3237.5,4672.5,-5687.5
77671,126.03,141.76,953.31,-8995.0,12197.5,-12110.0
77700,143.35,147.38,952.33,-8645.0,8242.5,-21717.5
77729,153.96,150.55,954.16,-8155.0,10150.0,-27002.5
77758,160.43,151.77,956.85,-5740.0,11847.5,-28140.0
77787,164.21,153.48,958.19,-5827.5,10692.5,-31552.5
77816,164.94,155.79,959.41,-6597.5,8907.5,-35752.5
77845,161.28,157.26,961.24,-5355.0,8120.0,-38832.5
77874,152.99,157.87,963.07,-4305.0,10010.0,-39340.0
77903,139.32,157.99,963.92,-4567.5,13037.5,-36487.5
77932,122.49,157.38,967.7,-3342.5,9660.0,-31412.5
77961,104.68,156.65,973.56,5162.5,5407.5,-25637.5
77990,86.86,156.53,974.29,5110.0,4725.0,-19022.5
78019,71.61,157.87,970.88,-560.0,2922.5,-16870.0
78048,56.61,158.72,967.83,-6090.0,5250.0,-20877.5
78077,36.11,157.99,966.24,-9432.5,7262.5,-22715.0
78106,9.76,155.43,967.95,-9240.0,2117.5,-17482.5
78135,-18.3,150.55,973.07,-3727.5,-3622.5,-3745.0
78164,-44.29,145.42,977.46,945.0,-4007.5,13422.5
78193,-64.05,141.89,980.27,3675.0,-5040.0,30170.0
78222,-72.83,140.54,982.34,5530.0,-5582.5,40092.5
78251,-73.32,141.52,983.44,6877.5,-6195.0,41072.5
78280,-71.0,144.45,983.08,8470.0,-7122.5,42665.0
78309,-65.64,148.11,981.61,5495.0,-2467.5,47442.5
78338,-55.88,151.65,980.88,2187.5,2450.0,48212.5
78367,-43.43,155.18,981.12,5075.0,-1452.5,43715.0
78396,-29.04,158.36,980.15,8750.0,-6965.0,38937.5
78425,-13.3,160.06,978.2,2817.5,1750.0,36715.0
78454,3.9,160.31,978.68,2275.0,-4165.0,34177.5
78483,25.74,158.11,982.1,8977.5,-9485.0,29277.5
78512,51.24,155.67,983.2,12285.0,-4917.5,21875.0
78541,76.25,155.55,980.15,8767.5,-787.5,11672.5
78571,98.33,157.87,976.61,3010.0,4777.5,735.0
78600,115.9,162.5,974.29,-70.0,3745.0,-10272.5
78630,127.73,167.38,973.32,-1417.5,665.0,-19390.0
78659,133.71,172.02,972.95,-1400.0,2380.0,-22505.0
78688,136.64,176.17,972.1,-3762.5,3167.5,-24535.0
78717,138.1,179.46,972.46,-2975.0,-735.0,-28297.5
78746,137.37,182.51,972.34,-2782.5,980.0,-30642.5
78775,134.69,184.46,971.49,-4602.5,1365.0,-32340.0
78804,130.17,185.68,971.36,-4497.5,2712.5,-33775.0
78833,123.22,186.78,971.49,-6370.0,4812.5,-33985.0
78862,114.31,187.39,972.71,-4340.0,1767.5,-34090.0
78891,103.94,187.51,974.05,-3465.0,3325.0,-31990.0
78920,93.57,186.54,974.78,-2817.5,4270.0,-31605.0
78949,81.01,184.83,974.78,-3535.0,7840.0,-35402.5
78978,62.34,183.73,975.15,-3797.5,1540.0,-37572.5
79007,38.31,184.22,976.49,-1172.5,-4742.5,-31832.5
79036,11.96,185.81,976.0,-2292.5,-2677.5,-21507.5
79065,-13.66,187.27,974.29,-4322.5,-2800.0,-10902.5
79094,-36.6,186.66,974.78,-5337.5,-1732.5,262.5
79123,-56.73,183.49,977.34,-2590.0,-1645.0,11900.0
79152,-71.74,179.22,980.64,2187.5,-1452.5,22820.0
79181,-78.08,176.53,984.78,7385.0,-4637.5,28700.0
79210,-78.81,174.95,985.76,9555.0,-4655.0,31675.0
79239,-76.74,174.22,983.44,4742.5,-6090.0,33145.0
79268,-71.86,175.44,983.44,4620.0,-5810.0,32007.5
79297,-65.88,177.14,983.81,5687.5,-5582.5,32270.0
79326,-58.68,179.34,983.56,4865.0,-5092.5,34002.5
79355,-49.29,181.9,983.69,7385.0,-5862.5,34037.5
79384,-37.82,183.98,982.34,7875.0,-5512.5,34370.0
79413,-23.18,184.34,980.88,4690.0,-2520.0,33477.5
79442,-6.95,183.37,980.39,7700.0,-3692.5,31465.0
79471,12.32,182.76,979.05,10885.0,0.0,33285.0
79500,43.68,183.85,977.46,6895.0,4707.5,28962.5
79530,82.84,187.88,975.02,5407.5,-70.0,3377.5
79559,109.07,193.0,969.66,-1767.5,2520.0,-13912.5
79588,121.51,195.81,965.87,-8137.5,7245.0,-13860.0
79617,133.59,198.13,966.48,-7770.0,7840.0,-17972.5
79645,145.18,200.45,966.97,-6650.0,3657.5,-30205.0
79674,149.57,200.08,967.46,-7630.0,595.0,-38290.0
79703,145.91,198.62,968.8,-6755.0,4655.0,-36470.0
79732,139.08,197.15,970.14,-6247.5,7595.0,-33302.5
79761,129.81,196.05,972.34,-4462.5,6422.5,-33757.5
79790,117.24,195.57,974.05,-1277.5,1907.5,-32497.5
79819,105.53,195.44,973.68,-1942.5,1172.5,-32007.5
79848,94.43,195.2,972.1,-4410.0,3850.0,-34772.5
79877,80.64,194.22,970.63,-7525.0,8085.0,-36627.5
79906,61.98,191.3,970.75,-8767.5,8417.5,-40670.0
79935,34.4,187.15,973.56,-5967.5,7595.0,-37362.5
79964,0.24,183.73,976.12,52.5,0.0,-24010.0
79994,-30.62,182.27,976.49,2065.0,-7227.5,-7490.0
80023,-51.73,181.29,975.88,1347.5,-8767.5,2782.5
80052,-66.12,179.34,976.24,700.0,-8225.0,9065.0
80081,-78.2,176.66,977.95,1837.5,-3710.0,17657.5
80110,-86.62,174.22,978.93,3675.0,-2030.0,25882.5
80139,-89.55,172.39,979.05,2135.0,-682.5,29732.5
80168,-90.65,170.8,979.29,140.0,-35.0,32462.5
80197,-91.99,169.34,980.64,1242.5,-787.5,37275.0
80226,-90.28,168.36,982.1,3587.5,-770.0,42875.0
80255,-83.45,167.75,983.44,2310.0,-612.5,44817.5
80285,-73.2,167.99,986.0,5390.0,-4970.0,42192.5
80314,-61.24,169.46,987.83,11725.0,-10010.0,39742.5
80342,-47.09,170.92,987.1,11935.0,-10307.5,39690.0
80371,-30.62,171.65,985.27,9677.5,-5635.0,39900.0
80400,-11.96,172.14,982.83,8225.0,-4392.5,37660.0
80429,10.25,172.14,981.49,8872.5,-9310.0,33862.5
80458,38.8,172.39,983.08,11882.5,-11795.0,29137.5
80487,72.35,174.95,982.59,12495.0,-1312.5,19127.5
80516,104.31,180.07,976.24,5757.5,3692.5,-1925.0
80545,127.0,186.05,968.19,1260.0,-2240.0,-20457.5
80574,140.54,190.81,961.85,-6912.5,5652.5,-27195.0
80603,148.23,194.22,959.16,-10220.0,8120.0,-32287.5
80632,151.16,197.64,958.43,-9450.0,5547.5,-36172.5
80660,151.52,199.96,958.43,-12950.0,7962.5,-39865.0
80689,148.6,200.32,961.12,-10920.0,2170.0,-45937.5
80717,141.52,200.57,964.53,-6860.0,1155.0,-45745.0
80746,132.25,200.32,966.61,-6947.5,5250.0,-44362.5
80775,121.51,200.2,966.85,-4095.0,3062.5,-45132.5
80804,108.58,199.35,965.39,-8330.0,5320.0,-45465.0
80833,92.35,196.91,964.78,-10762.5,5232.5,-46795.0
80862,71.0,192.03,964.53,-9765.0,3430.0,-48982.5
80891,40.75,184.46,964.41,-9415.0,2415.0,-44117.5
80920,2.2,175.68,967.09,-9485.0,5232.5,-23975.0
80949,-34.77,167.63,974.78,-3045.0,1942.5,1925.0
80979,-60.76,161.89,980.64,7052.5,-6562.5,19950.0
81008,-75.88,159.33,980.76,6685.0,-4602.5,27265.0
81037,-85.16,158.6,978.56,5967.5,-6195.0,29207.5
81066,-90.77,158.11,977.71,4725.0,-6860.0,32550.0
81095,-91.74,158.23,979.17,4305.0,-5722.5,36207.5
81124,-89.3,157.87,980.39,5337.5,-8225.0,36015.0
81153,-86.13,156.89,981.61,4917.5,-9870.0,37782.5
81182,-81.62,156.4,983.81,8505.0,-10132.5,43102.5
81211,-73.69,157.01,984.05,12617.5,-9695.0,48177.5
81240,-60.39,157.75,982.83,12722.5,-9467.5,53130.0
81269,-39.41,157.62,982.83,11725.0,-7840.0,54250.0
81298,-12.2,157.99,982.83,14280.0,-8697.5,48527.5
81327,18.54,159.82,979.9,17675.0,-12250.0,38482.5
81355,54.17,163.48,973.68,12775.0,-7490.0,25217.5
81384,90.04,169.58,966.0,4567.5,2205.0,6632.5
81413,118.71,176.9,958.43,-962.5,2397.5,-7735.0
81442,140.06,183.0,953.31,-5390.0,4060.0,-15942.5
81471,155.67,187.64,951.23,-7070.0,7297.5,-20790.0
81500,166.9,190.69,950.26,-7647.5,8102.5,-25497.5
81529,174.09,192.88,950.26,-7630.0,6790.0,-30187.5
81558,177.02,194.96,950.75,-8435.0,7612.5,-34650.0
81587,175.44,195.44,952.33,-11427.5,11742.5,-37677.5
81616,169.82,195.93,954.89,-8190.0,9520.0,-38850.0
81645,161.04,196.54,956.48,-7805.0,8120.0,-40127.5
81673,149.82,195.69,958.19,-6457.5,7157.5,-40320.0
81702,138.1,194.1,960.26,-4217.5,9975.0,-40810.0
81731,123.34,191.91,960.99,-6825.0,15890.0,-45097.5
81760,101.63,189.34,961.12,-6982.5,4970.0,-48002.5
81789,74.18,185.68,961.48,-5792.5,-2940.0,-45412.5
81818,40.75,181.17,961.6,-7245.0,1085.0,-36172.5
81847,2.81,176.41,963.07,-6702.5,840.0,-15837.5
81876,-30.01,171.29,967.95,-2520.0,-980.0,7525.0
81905,-52.83,165.92,971.24,3447.5,-2275.0,21175.0
81934,-67.71,161.04,970.63,1347.5,-1137.5,27527.5
81963,-78.2,157.26,970.75,-105.0,-595.0,32690.0
81993,-85.89,154.82,973.07,1627.5,-2555.0,38552.5
82022,-90.28,153.6,976.24,4707.5,-5250.0,48020.0
82051,-92.48,152.87,978.32,8207.5,-8155.0,57750.0
82080,-88.45,152.38,980.03,13177.5,-13737.5,68180.0
82108,-70.15,153.48,979.17,13807.5,-12652.5,68110.0
82137,-39.89,157.38,975.15,10552.5,-18865.0,51240.0
82166,-3.9,162.02,972.46,9030.0,-22470.0,30502.5
82195,32.7,164.09,971.36,8102.5,-9030.0,16345.0
82224,63.68,165.07,968.56,5092.5,4165.0,4235.0
82254,87.35,167.38,964.04,-997.5,7857.5,-6090.0
82283,105.41,170.19,961.73,-5477.5,10132.5,-13895.0
82312,118.95,173.24,962.82,-5092.5,10132.5,-21332.5
82341,126.88,176.41,964.78,-3920.0,9940.0,-26040.0
82369,130.91,179.58,965.02,-3010.0,6632.5,-29050.0
82398,132.98,182.15,964.29,-5337.5,6790.0,-32672.5
82427,131.27,183.85,964.04,-6195.0,8050.0,-35210.0
82456,124.93,183.98,965.26,-6037.5,7140.0,-35192.5
82485,116.63,183.12,968.44,-5267.5,7612.5,-34265.0
82514,109.19,183.24,970.75,-1627.5,2520.0,-36820.0
82543,102.24,184.34,969.9,-577.5,-2800.0,-42997.5
82572,91.99,184.59,967.7,-5950.0,5897.5,-45535.0
82601,77.1,183.73,966.0,-11007.5,14420.0,-45342.5
82630,55.88,179.83,965.63,-11795.0,17850.0,-47460.0
82659,23.67,171.78,966.97,-8837.5,16817.5,-42927.5
82687,-18.54,162.26,968.44,-4077.5,7472.5,-24570.0
82716,-58.32,153.96,971.12,1452.5,-6510.0,-1207.5
82745,-86.62,147.62,972.83,7542.5,-12372.5,14175.0
82774,-105.41,143.23,970.27,5547.5,-9922.5,22557.5
82803,-118.22,141.03,968.19,-455.0,-2940.0,29767.5
82832,-125.66,139.81,969.66,140.0,-3657.5,32375.0
82861,-130.05,139.08,971.97,3342.5,-8732.5,32340.0
82890,-131.64,139.93,972.58,3885.0,-10325.0,36820.0
82919,-127.98,142.01,970.51,-140.0,-6440.0,39690.0
82948,-120.66,143.72,968.07,-8995.0,-1067.5,39182.5
82977,-112.0,144.08,970.27,-10062.5,420.0,37677.5
83006,-103.09,143.23,976.12,-4287.5,-280.0,38710.0
83035,-91.74,142.37,980.88,2467.5,-5635.0,40337.5
83064,-73.93,142.25,983.44,9222.5,-14367.5,38202.5
83093,-49.78,141.52,984.66,12390.0,-13020.0,31412.5
83121,-24.77,140.54,985.27,11235.0,-1925.0,25585.0
83150,0.24,140.54,984.78,9432.5,-297.5,20545.0
83179,26.84,142.37,982.34,7350.0,-1557.5,9922.5
83208,50.26,146.4,979.05,1662.5,9555.0,-2170.0
83237,66.12,151.04,977.22,-2975.0,15207.5,-11865.0
83266,75.52,153.96,978.2,-2975.0,14140.0,-18952.5
83295,81.74,155.67,981.0,-1627.5,6457.5,-24955.0
83324,86.74,157.99,983.93,1645.0,-4025.0,-34370.0
83353,87.47,160.67,984.05,2957.5,-7140.0,-41737.5
83382,82.84,163.6,980.88,-2800.0,-840.0,-43557.5
83411,76.13,166.04,979.29,-6212.5,-2957.5,-47005.0
83440,69.05,167.02,980.15,-5057.5,-4270.0,-53655.0
83469,58.32,166.04,981.12,-4322.5,-2642.5,-58677.5
83498,40.38,162.63,980.76,-3132.5,-437.5,-56752.5
83527,15.13,155.79,980.76,-4410.0,-1347.5,-47985.0
83556,-16.1,146.89,982.34,-3010.0,962.5,-31535.0
83585,-49.78,138.59,983.93,-2257.5,1732.5,-9870.0
83614,-77.1,132.86,986.37,1067.5,-612.5,9170.0
83644,-93.57,129.93,987.96,4462.5,-4672.5,18462.5
83673,-105.04,128.34,987.47,4760.0,-3517.5,23537.5
83702,-113.58,127.98,986.98,3902.5,-1470.0,30520.0
83731,-118.46,128.22,986.86,4707.5,-3010.0,34195.0
83759,-120.54,128.22,986.37,4672.5,-6947.5,36172.5
83788,-119.56,129.08,987.96,5372.5,-8767.5,39567.5
83817,-116.63,131.27,990.4,10902.5,-11655.0,45465.0
83846,-111.14,134.44,989.91,12425.0,-9887.5,55492.5
83875,-98.82,138.35,987.22,10045.0,-3727.5,62842.5
83904,-77.1,142.98,984.05,7525.0,140.0,61460.0
83933,-45.26,147.13,982.22,4445.0,-2520.0,49560.0
83962,-9.39,151.04,981.61,3552.5,-5162.5,30940.0
83991,23.18,154.57,980.88,2362.5,-3605.0,13230.0
84021,50.75,158.23,979.17,4322.5,-4252.5,1890.0
84050,75.64,162.75,974.66,-857.5,630.0,-7017.5
84080,96.5,167.38,971.36,-5792.5,4970.0,-17185.0
84109,110.78,171.53,970.27,-2905.0,962.5,-23940.0
84138,120.66,175.07,968.56,-4760.0,1680.0,-28070.0
84167,127.25,177.39,967.7,-7630.0,6107.5,-32515.0
84196,129.81,179.1,968.19,-5985.0,4305.0,-35682.5
84225,130.17,179.58,969.66,-5740.0,6842.5,-36697.5
84254,128.71,179.71,970.14,-3062.5,10535.0,-39375.0
84283,123.22,179.46,968.56,-5425.0,7437.5,-44362.5
84312,113.09,177.63,970.02,-7455.0,4882.5,-47897.5
84341,98.09,174.58,973.56,-4322.5,3832.5,-49665.0
84370,77.23,170.31,974.78,-3727.5,3815.0,-49612.5
84399,49.17,164.58,974.29,-4830.0,2817.5,-44642.5
84428,14.52,158.48,974.9,-4742.5,1312.5,-31255.0
84457,-21.59,152.99,976.85,-1715.0,-192.5,-10167.5
84486,-51.48,148.72,978.56,840.0,-437.5,10535.0
84515,-71.25,145.79,979.05,87.5,1382.5,23555.0
84544,-83.2,144.08,979.42,-70.0,420.0,27562.5
84573,-91.26,142.74,980.39,2677.5,-2957.5,30502.5
84602,-96.26,141.76,981.12,1680.0,-105.0,37187.5
84631,-97.72,142.13,982.83,-2082.5,6580.0,45325.0
84660,-95.16,143.47,985.64,-595.0,6562.5,49822.5
84689,-88.33,144.69,987.47,4252.5,-560.0,48527.5
84719,-78.45,145.79,987.71,5740.0,-4095.0,44800.0
84748,-66.98,147.13,987.96,5845.0,-3692.5,42332.5
84778,-53.19,148.84,988.44,7945.0,-6475.0,40792.5
84807,-35.38,150.43,989.42,8750.0,-7210.0,36697.5
84836,-14.15,152.13,990.4,9747.5,-5040.0,30135.0
84865,9.88,154.94,989.42,10710.0,-5022.5,21052.5
84894,35.14,159.33,986.0,9152.5,-5897.5,7630.0
84923,58.07,165.43,980.76,4567.5,-2712.5,-5390.0
84952,76.13,171.53,976.37,-2065.0,1522.5,-15995.0
84981,88.33,175.92,975.02,-3797.5,2992.5,-22680.0
85010,96.5,179.1,974.78,-2572.5,2135.0,-26967.5
85039,102.6,181.05,973.32,-4287.5,3220.0,-32987.5
85068,105.77,182.51,971.85,-7245.0,5775.0,-39725.0
85097,103.7,183.98,972.58,-9275.0,4935.0,-46130.0
85126,98.58,185.32,975.88,-5180.0,332.5,-48562.5
85155,94.67,186.42,977.34,-4760.0,6930.0,-54740.0
85184,88.82,185.56,976.0,-7210.0,4987.5,-66132.5
85213,75.27,181.29,973.68,-7630.0,1522.5,-74987.5
85242,46.12,173.24,972.58,-8820.0,-1417.5,-67585.0
85271,3.78,163.97,974.17,-4357.5,-3657.5,-39847.5
85300,-37.82,154.82,975.63,-4480.0,4900.0,-10500.0
85329,-70.15,146.89,978.07,-2292.5,350.0,9432.5
85359,-91.62,141.4,981.37,2450.0,-1960.0,19985.0
85388,-105.9,138.35,982.47,3290.0,-2170.0,26022.5
85417,-116.63,136.4,982.83,3167.5,-3412.5,30555.0
85446,-124.32,135.3,983.56,4112.5,-4725.0,36715.0
85475,-127.12,135.54,984.17,4830.0,-4165.0,40565.0
85504,-126.27,137.13,984.3,6895.0,-6055.0,41912.5
85532,-123.59,140.06,982.95,8015.0,-8225.0,43785.0
85561,-118.22,143.23,981.37,6352.5,-6125.0,47232.5
85590,-109.31,146.28,980.03,5337.5,-7577.5,50277.5
85619,-93.94,149.57,981.25,7245.0,-20177.5,49962.5
85648,-72.47,153.35,985.76,12162.5,-18182.5,46025.0
85677,-48.68,157.38,986.25,15820.0,-9625.0,43172.5
85706,-22.33,161.89,980.51,12862.5,-3272.5,37170.0
85735,8.54,166.9,973.19,6877.5,-385.0,23642.5
85764,40.26,171.29,967.95,-175.0,2537.5,4882.5
85794,64.9,174.7,966.24,-2642.5,3622.5,-8855.0
85823,82.23,178.0,966.24,-980.0,2695.0,-14140.0
85853,95.28,182.27,965.51,-1837.5,4672.5,-18042.5
85882,104.8,186.42,964.53,-2485.0,3255.0,-22365.0
85910,112.24,190.2,964.29,-3010.0,3587.5,-24710.0
85939,118.46,194.22,964.41,-4165.0,5547.5,-29680.0
85968,121.76,197.15,964.65,-4445.0,3080.0,-36487.5
85997,121.27,199.35,964.9,-2765.0,-1120.0,-39392.5
86026,119.32,200.93,964.41,-6597.5,4532.5,-41755.0
86055,115.41,201.54,964.78,-8977.5,7245.0,-46655.0
86084,107.85,201.3,966.36,-6597.5,2187.5,-51135.0
86113,98.09,200.45,967.95,-3185.0,-2117.5,-55002.5
86142,83.2,198.49,966.36,-1575.0,-1872.5,-56385.0
86171,59.9,195.32,960.87,-6352.5,-1032.5,-49822.5
86200,31.35,190.44,957.46,-10815.0,-1680.0,-36102.5
86228,1.95,182.51,959.65,-14577.5,3587.5,-20772.5
86257,-27.33,172.26,969.05,-14962.5,10482.5,-5442.5
86285,-54.78,162.87,981.0,1452.5,-2625.0,8435.0
86314,-77.47,155.79,985.39,9957.5,-4742.5,22907.5
86343,-93.45,151.77,982.59,5460.0,-227.5,34475.0
86372,-103.21,150.91,980.03,3745.0,1470.0,41142.5
86401,-107.97,152.38,978.44,4305.0,1225.0,45185.0
86430,-108.95,154.57,977.46,3990.0,1417.5,49000.0
86459,-104.19,156.77,979.29,2275.0,245.0,52692.5
86488,-93.33,159.21,983.32,5477.5,-3045.0,49507.5
86517,-81.01,162.26,984.3,11305.0,-8400.0,40880.0
86546,-69.78,165.92,981.37,8400.0,-9782.5,36697.5
86575,-58.07,169.34,979.42,2065.0,-3062.5,38150.0
86604,-44.65,172.39,980.39,3710.0,-3325.0,39742.5
86633,-26.84,174.46,981.86,11287.5,-9310.0,40775.0
86662,-0.98,174.58,981.86,14875.0,-6422.5,39777.5
86691,31.11,174.34,978.68,9012.5,9310.0,32532.5
86720,65.15,175.56,974.05,857.5,16782.5,14210.0
86749,92.72,178.36,969.78,-4445.0,16625.0,-12302.5
86778,107.12,180.93,968.19,-7822.5,11287.5,-28105.0
86807,112.0,182.63,970.88,-7665.0,9292.5,-33337.5
86836,111.75,184.83,974.54,-2030.0,1697.5,-36190.0
86865,108.58,188.12,975.39,87.5,420.0,-36382.5
86894,104.19,192.27,974.17,-1225.0,-3535.0,-38885.0
86923,98.7,196.66,972.46,-3290.0,-4235.0,-41352.5
86952,91.62,199.84,970.51,-7122.5,-4095.0,-45237.5
86980,80.64,201.06,969.78,-6825.0,-8365.0,-47407.5
87009,67.1,201.06,970.39,-8890.0,-2502.5,-43085.0
87038,56.0,199.84,971.73,-6807.5,-3465.0,-42385.0
87067,45.87,196.54,972.71,-5547.5,-2677.5,-45115.0
87096,29.16,190.32,972.95,-7840.0,420.0,-44852.5
87125,1.46,181.29,975.51,-7297.5,857.5,-33687.5
87154,-32.33,171.65,980.03,-1715.0,805.0,-13597.5
87183,-62.83,163.72,983.93,5635.0,-3675.0,4182.5
87212,-87.6,159.45,984.3,5232.5,-1225.0,23607.5
87241,-104.8,158.84,982.59,1890.0,3062.5,40932.5
87270,-111.39,159.45,982.83,2852.5,2765.0,49052.5
87299,-109.19,159.58,984.05,4445.0,-1680.0,47897.5
87328,-103.46,159.82,984.66,5092.5,-5355.0,43890.0
87356,-96.14,160.92,984.78,5372.5,-5635.0,41580.0
87385,-87.84,162.26,983.81,5775.0,-7770.0,40495.0
87414,-77.84,163.85,982.71,3955.0,-8995.0,41317.5
87443,-64.9,165.92,982.59,3500.0,-10605.0,41405.0
87472,-49.53,167.63,982.47,5652.5,-12495.0,41037.5
87501,-31.84,168.48,980.64,5652.5,-6265.0,41545.0
87530,-8.42,169.09,979.05,3727.5,-7245.0,39672.5
87559,23.3,169.34,980.27,4707.5,-7735.0,27685.0
87588,56.97,169.82,979.29,6125.0,-1925.0,7787.5
87618,83.69,171.41,974.66,665.0,3342.5,-9852.5
87647,101.26,173.12,971.24,-2380.0,7560.0,-19145.0
87676,112.36,175.31,969.66,-2362.5,3605.0,-23625.0
87705,118.83,177.75,969.05,-4375.0,6177.5,-24867.5
87734,122.49,180.32,970.14,-5057.5,6860.0,-24342.5
87763,125.54,182.88,971.97,-3972.5,3815.0,-27702.5
87792,126.51,184.22,973.19,-2992.5,420.0,-32795.0
87821,123.83,185.32,973.44,-2485.0,297.5,-33652.5
87850,119.32,185.68,973.8,-5810.0,7245.0,-31552.5
87879,115.66,186.05,975.51,-6142.5,13510.0,-32217.5
87908,111.26,187.51,977.1,-5040.0,8505.0,-38920.0
87937,102.48,188.12,979.29,-2887.5,2555.0,-44135.0
87966,88.33,188.37,980.15,-70.0,4025.0,-43697.5
87996,70.39,187.76,977.71,-3255.0,4987.5,-44765.0
88025,46.36,184.22,975.51,-5092.5,857.5,-43400.0
88054,14.88,178.0,975.27,-3762.5,-2607.5,-31412.5
88083,-19.52,169.82,976.0,-3587.5,665.0,-13230.0
88112,-51.73,161.77,977.95,-385.0,-332.5,6982.5
88141,-75.76,156.28,979.29,2800.0,-367.5,25077.5
88170,-89.55,153.23,978.32,1837.5,402.5,33390.0
88199,-97.84,150.79,977.83,1767.5,-2397.5,35490.0
88228,-106.38,147.86,978.44,7070.0,-7997.5,41562.5
88257,-111.51,145.67,976.24,8557.5,-12740.0,53690.0
88286,-106.87,144.94,973.56,770.0,-6387.5,63297.5
88315,-92.6,144.94,976.24,-682.5,-1820.0,65887.5
88344,-71.37,145.79,980.88,8645.0,-10080.0,61215.0
88373,-44.65,147.25,982.34,12915.0,-10132.5,54092.5
88402,-13.66,149.57,982.47,12180.0,-7542.5,43155.0
88430,20.01,152.5,982.59,15242.5,-9555.0,27842.5
88459,54.41,156.04,979.9,13702.5,-8102.5,12495.0
88488,85.89,160.19,975.15,5565.0,-630.0,-2765.0
88517,109.92,164.94,971.73,-577.5,4725.0,-13615.0
88546,126.64,169.58,970.39,-1015.0,4357.5,-20650.0
88575,138.23,174.22,969.17,-1067.5,4655.0,-25987.5
88604,145.67,178.73,967.46,-2922.5,5880.0,-30922.5
88633,149.45,182.63,966.36,-5127.5,8557.5,-36085.0
88662,148.96,186.9,965.51,-5670.0,7682.5,-41282.5
88691,143.96,190.93,964.9,-7000.0,5215.0,-46182.5
88720,134.93,193.13,966.0,-7262.5,3482.5,-48212.5
88748,123.1,194.96,968.56,-5565.0,752.5,-49017.5
88777,109.8,195.93,970.39,-5810.0,525.0,-51922.5
88806,94.06,194.83,971.85,-4655.0,-3727.5,-57260.0
88835,72.71,190.81,972.34,-1575.0,-8190.0,-59395.0
88864,42.82,183.61,971.85,-1977.5,-7105.0,-50540.0
88893,5.25,175.07,971.61,-2992.5,-3062.5,-28647.5
88922,-33.18,167.38,972.34,-1592.5,-70.0,210.0
88952,-63.2,160.8,973.07,35.0,3815.0,24745.0
88981,-82.35,154.57,972.71,3150.0,2082.5,37275.0
89010,-96.01,147.13,970.39,3675.0,-2362.5,43120.0
89039,-107.97,139.32,969.17,2887.5,-3482.5,55580.0
89068,-114.44,134.93,970.51,3360.0,3220.0,77332.5
89097,-107.36,134.08,973.07,3535.0,11025.0,95637.5
89125,-82.84,134.32,976.98,4462.5,8645.0,95322.5
89154,-45.51,136.76,983.2,11987.5,-4620.0,77437.5
89183,-2.93,142.86,987.83,21787.5,-15172.5,52692.5
89212,38.8,151.77,986.25,20580.0,-11970.0,29365.0
89241,76.01,162.75,979.66,10797.5,-1767.5,8277.5
89270,104.68,173.12,971.61,1907.5,2922.5,-10500.0
89299,123.46,180.68,964.65,-4585.0,6125.0,-21857.5
89328,134.93,185.2,960.38,-9012.5,11025.0,-27142.5
89357,142.5,188.12,958.55,-11672.5,14385.0,-30905.0
89386,146.89,190.44,959.04,-11095.0,12722.5,-36645.0
89415,148.11,193.74,959.9,-8067.5,4952.5,-44135.0
89443,145.79,197.52,960.26,-11200.0,3815.0,-50977.5
89472,141.28,199.84,961.85,-14350.0,4410.0,-58747.5
89500,134.81,199.35,964.78,-13597.5,-2100.0,-71260.0
89529,122.49,193.98,968.8,-10990.0,-8032.5,-82407.5
89557,99.8,184.34,973.56,-5670.0,-9100.0,-82092.5
89586,67.22,172.39,976.24,-105.0,-10517.5,-69037.5
89615,27.94,159.58,976.49,1767.5,-7297.5,-45710.0
89644,-10.98,147.5,975.02,927.5,-840.0,-18060.0
89673,-40.26,137.37,972.1,-2555.0,4200.0,-140.0
89703,-64.17,128.95,971.36,-3745.0,4427.5,10167.5
89732,-87.84,122.24,972.34,-105.0,1207.5,27055.0
89761,-105.29,115.78,971.36,-1610.0,1925.0,42840.0
89790,-115.66,109.07,970.88,-5932.5,2607.5,52115.0
89819,-121.76,103.82,975.15,-4707.5,3185.0,63735.0
89848,-122.0,101.38,980.76,1137.5,5390.0,77822.5
89877,-112.73,100.65,984.17,3832.5,6580.0,85155.0
89906,-92.96,101.75,986.0,6842.5,2782.5,79240.0
89935,-66.61,106.02,985.15,10500.0,-6737.5,61897.5
89964,-36.84,113.09,981.12,7157.5,-9117.5,41492.5
89993,-6.95,121.51,978.68,-6650.0,5285.0,22837.5
90023,19.15,129.81,984.05,-8645.0,6650.0,7910.0
90052,43.19,137.98,992.23,2467.5,-4392.5,-5390.0
90082,64.42,145.3,996.37,4060.0,-4690.0,-19495.0
90111,79.06,150.55,998.45,5057.5,-5145.0,-29557.5
90140,88.33,154.7,998.33,6545.0,-5915.0,-35000.0
90169,95.16,157.87,995.76,3150.0,-3937.5,-42105.0
90198,99.55,159.33,994.18,2205.0,-6282.5,-50435.0
90227,107.36,159.58,992.1,1977.5,87.5,-62562.5
90256,116.14,157.01,984.05,-5880.0,18515.0,-90877.5
90285,107.6,146.64,973.19,-16082.5,14017.5,-112052.5
90313,67.95,127.37,976.12,-18847.5,10167.5,-99452.5
90342,9.64,108.58,989.05,2835.0,1697.5,-51345.0
90371,-36.72,97.23,992.47,15225.0,-12215.0,-14700.0
90400,-68.32,90.65,987.35,7962.5,-8435.0,1662.5
90429,-95.77,86.13,982.1,1277.5,-1697.5,18812.5
90458,-116.88,81.98,978.07,-1802.5,-962.5,32707.5
90487,-132.13,78.32,975.63,-2905.0,-2835.0,42070.0
90516,-144.69,75.27,975.76,-1732.5,-6282.5,52990.0
90545,-154.57,72.47,977.46,2712.5,-8925.0,67987.5
90574,-155.92,70.27,977.46,4410.0,-5267.5,80237.5
90603,-147.74,69.91,975.76,2835.0,1242.5,83860.0
90632,-132.25,72.1,973.93,2660.0,-122.5,84595.0
90661,-106.26,76.13,973.44,2257.5,-6037.5,78365.0
90690,-70.88,81.74,975.63,350.0,-5617.5,60865.0
90720,-31.84,89.18,981.12,1977.5,-12232.5,35630.0
90749,5.0,98.45,986.86,6545.0,-13562.5,11235.0
90778,34.16,108.09,988.69,4620.0,-5145.0,-4532.5
90807,55.75,117.49,987.83,3465.0,-3535.0,-14087.5
90836,72.1,126.03,985.88,3027.5,-3150.0,-21227.5
90865,84.42,133.59,983.32,717.5,-1067.5,-25795.0
90894,94.92,140.54,981.61,-472.5,560.0,-29767.5
90923,102.97,146.16,980.64,-2695.0,1995.0,-35612.5
90952,107.24,149.94,981.86,-2082.5,682.5,-38657.5
90981,109.68,153.48,984.3,1365.0,-437.5,-38920.0
91010,111.51,156.65,985.15,2152.5,-315.0,-41195.0
91039,112.24,159.09,984.3,2082.5,-2082.5,-45465.0
91068,110.29,160.06,982.34,-1610.0,157.5,-51852.5
91097,102.97,158.84,980.27,-5180.0,1277.5,-58555.0
91126,88.21,155.79,978.44,-3902.5,-5215.0,-61740.0
91155,64.54,151.04,976.24,-5110.0,-3395.0,-56105.0
91184,32.09,144.94,974.05,-6702.5,595.0,-39812.5
91213,-4.64,139.32,972.71,-7472.5,2257.5,-14577.5
91242,-36.48,134.69,973.93,-8470.0,6492.5,9817.5
91271,-57.71,130.91,977.95,-7857.5,9170.0,21805.0
91300,-72.22,128.1,984.3,-2415.0,3990.0,25550.0
91329,-84.42,127.0,989.42,2572.5,542.5,30730.0
91359,-95.28,127.12,992.84,2870.0,3202.5,36522.5
91388,-103.82,127.12,995.52,7017.5,577.5,44135.0
91417,-109.68,127.86,996.13,10465.0,-1085.0,52972.5
91446,-110.9,129.56,995.28,11672.5,-1032.5,63087.5
91474,-103.82,132.86,992.96,11357.5,1995.0,66465.0
91503,-90.16,137.01,987.96,11865.0,-1435.0,61127.5
91532,-73.93,141.52,980.03,10027.5,-3237.5,55195.0
91561,-54.9,145.67,970.27,2520.0,-1452.5,52010.0
91590,-28.55,149.33,963.8,-6685.0,-4497.5,43050.0
91619,4.27,152.01,964.78,-7157.5,-9660.0,24220.0
91648,36.97,154.45,970.39,-3955.0,-6720.0,8295.0
91678,66.12,157.75,975.76,-1365.0,1487.5,-2765.0
91707,90.77,162.38,977.71,-105.0,4900.0,-12022.5
91736,110.41,167.87,976.73,-1610.0,4340.0,-21717.5
91765,123.46,172.02,976.0,-3815.0,6405.0,-29417.5
91794,130.17,174.83,975.63,-3412.5,7175.0,-33127.5
91823,133.83,176.78,975.02,-5145.0,8120.0,-36522.5
91852,134.81,178.85,975.76,-5250.0,10080.0,-42052.5
91881,132.25,180.56,977.1,-3027.5,6212.5,-46322.5
91910,127.86,182.15,978.68,-3500.0,6580.0,-49962.5
91939,121.02,182.51,979.9,-2782.5,6422.5,-57015.0
91968,109.56,179.95,980.88,-770.0,-2362.5,-64750.0
91997,91.26,174.34,982.1,2117.5,-6247.5,-67252.5
92026,64.17,167.38,981.73,2782.5,-1120.0,-59710.0
92055,30.13,160.55,978.2,752.5,700.0,-42227.5
92084,-3.29,153.96,973.56,-4777.5,1277.5,-23835.0
92113,-34.16,146.4,971.97,-8872.5,4165.0,-11165.0
92142,-64.9,138.59,973.8,-6142.5,1785.0,2310.0
92171,-91.62,133.22,976.73,-1627.5,-2537.5,16642.5
92200,-111.02,130.3,978.81,1487.5,-3115.0,25970.0
92229,-125.66,128.59,980.76,1960.0,-1242.5,34142.5
92258,-135.91,128.34,982.34,5985.0,-3850.0,41317.5
92287,-140.42,129.08,980.64,6090.0,-5810.0,47320.0
92316,-138.23,129.93,978.44,630.0,-105.0,53235.0
92345,-130.17,130.66,978.44,1470.0,1330.0,54862.5
92374,-117.36,132.49,978.2,8575.0,-8102.5,51467.5
92403,-102.24,134.69,975.76,9870.0,-5985.0,51485.0
92432,-83.45,136.03,973.07,787.5,7822.5,56017.5
92461,-56.0,138.35,973.56,-3027.5,1557.5,46427.5
92490,-22.69,141.89,978.07,3850.0,-12512.5,24342.5
92519,7.56,146.89,981.0,8347.5,-9222.5,7192.5
92548,32.7,153.72,978.93,3430.0,-1715.0,-3027.5
92577,55.27,161.41,975.88,-2922.5,-945.0,-15032.5
92606,72.59,168.48,974.66,-3342.5,-1417.5,-26442.5
92635,82.59,172.87,974.17,-4830.0,945.0,-32760.0
92664,87.11,176.05,973.8,-5932.5,3517.5,-35910.0
92693,88.33,180.07,973.44,-7367.5,5705.0,-38447.5
92722,86.86,182.63,973.93,-9765.0,8977.5,-42192.5
92751,82.23,182.51,976.0,-7542.5,4882.5,-45377.5
92780,76.62,180.56,977.34,-5757.5,2310.0,-47705.0
92809,68.2,176.17,977.46,-7402.5,5460.0,-51555.0
92838,53.56,169.7,978.81,-4655.0,1557.5,-52010.0
92867,33.31,161.65,979.78,-1837.5,-2537.5,-49000.0
92896,8.42,152.62,979.17,-3465.0,-2817.5,-42175.0
92925,-20.62,143.72,978.93,-4095.0,-4795.0,-30992.5
92954,-51.12,135.42,979.17,-3447.5,-5180.0,-14367.5
92983,-77.84,128.47,981.12,-2677.5,-3815.0,3832.5
93013,-97.11,122.85,983.81,122.5,-1277.5,16520.0
93042,-110.65,118.22,985.03,2415.0,-2100.0,23450.0
93071,-120.41,113.95,985.64,3622.5,-4235.0,29312.5
93100,-126.15,111.02,986.49,4585.0,-5880.0,35612.5
93129,-127.73,109.8,985.76,7350.0,-5810.0,40337.5
93158,-125.54,110.29,982.1,6440.0,-8400.0,43960.0
93187,-119.93,112.61,980.39,2117.5,-595.0,50487.5
93216,-110.17,115.53,979.42,4392.5,-2520.0,52780.0
93245,-97.72,117.61,979.78,4112.5,-7612.5,52552.5
93274,-82.84,119.19,983.08,7140.0,-1277.5,56245.0
93303,-61.12,121.27,984.78,5425.0,822.5,54582.5
93333,-30.87,125.29,986.98,2082.5,-2730.0,40512.5
93362,2.44,130.78,990.27,5250.0,-4200.0,20807.5
93391,32.33,136.64,990.64,4847.5,-1715.0,2730.0
93420,56.36,142.13,987.22,35.0,507.5,-10832.5
93449,73.69,146.89,983.44,-4217.5,3255.0,-19932.5
93478,85.77,149.94,980.76,-5757.5,2765.0,-26285.0
93507,94.92,151.52,978.93,-8050.0,2170.0,-32252.5
93536,101.02,151.65,979.29,-11042.5,6160.0,-38797.5
93565,102.24,150.18,981.37,-8662.5,4427.5,-43137.5
93594,99.55,148.84,983.69,-7262.5,367.5,-45185.0
93623,94.18,147.13,985.88,-7420.0,2625.0,-47022.5
93652,85.16,144.69,988.44,-6825.0,3972.5,-47022.5
93681,72.22,141.15,990.88,-4970.0,4690.0,-44817.5
93710,56.36,136.64,992.23,-3010.0,2117.5,-41667.5
93739,37.33,130.78,992.1,-3675.0,3885.0,-37100.0
93768,13.66,123.95,992.84,-2870.0,2887.5,-28052.5
93797,-12.32,116.63,994.18,210.0,-455.0,-15382.5
93826,-36.84,109.31,995.28,2152.5,-910.0,-1925.0
93855,-58.93,102.72,996.13,4147.5,-1085.0,10272.5
93884,-78.45,97.36,997.72,8015.0,-402.5,24290.0
93914,-91.62,94.43,998.69,11585.0,-910.0,37730.0
93943,-94.79,94.18,997.23,11007.5,-2345.0,41807.5
93972,-91.87,96.14,996.13,10412.5,-3885.0,40460.0
94001,-88.08,98.82,996.37,14175.0,-4392.5,40635.0
94031,-81.5,101.38,994.3,13282.5,-7962.5,40880.0
94060,-71.0,104.68,990.88,9922.5,-9012.5,36610.0
94089,-60.39,108.58,988.32,9170.0,-8120.0,33057.5
94118,-51.36,113.46,985.88,9467.5,-6965.0,34947.5
94147,-40.02,119.68,982.59,6597.5,-5407.5,37415.0
94176,-25.01,127.37,979.9,4095.0,-2905.0,36540.0
94205,-7.69,135.91,978.81,4270.0,-2380.0,34877.5
94234,14.4,145.18,978.32,2957.5,-2852.5,31832.5
94263,42.94,154.82,978.56,2100.0,-822.5,19652.5
94293,71.25,163.97,978.93,2922.5,-927.5,2170.0
94322,93.82,172.02,978.32,2607.5,-1645.0,-9905.0
94352,110.29,178.61,976.85,105.0,595.0,-17307.5
94381,121.63,183.73,975.02,-857.5,787.5,-22540.0
94410,128.95,188.0,972.46,-3080.0,1872.5,-26145.0
94439,132.86,191.78,969.66,-5827.5,3150.0,-30520.0
94468,133.47,195.44,966.24,-7087.5,-1312.5,-34545.0
94497,132.13,198.74,963.19,-11585.0,-2835.0,-37625.0
94525,129.69,200.81,963.31,-13002.5,-1697.5,-39112.5
94554,126.03,201.42,965.63,-10185.0,210.0,-38377.5
94583,120.78,199.96,967.7,-9957.5,5670.0,-37380.0
94612,112.61,196.18,969.66,-7420.0,5337.5,-35525.0
94641,103.7,192.03,971.0,-5582.5,1190.0,-33057.5
94670,95.28,188.12,972.34,-7000.0,5495.0,-33005.0
94699,82.59,183.37,974.05,-7332.5,7245.0,-31710.0
94728,63.32,177.02,976.61,-7332.5,7735.0,-26670.0
94757,38.92,169.58,980.15,-4917.5,4445.0,-18305.0
94786,13.42,162.63,983.93,-1207.5,-490.0,-5985.0
94815,-10.25,156.28,987.22,1925.0,-647.5,6790.0
94844,-30.74,150.3,989.91,4882.5,-175.0,18865.0
94873,-46.85,145.42,991.37,8382.5,-647.5,30397.5
94902,-56.12,142.74,991.13,8032.5,-385.0,38377.5
94931,-60.02,142.01,990.64,8837.5,-1732.5,42927.5
94960,-60.27,142.13,988.69,9537.5,-787.5,47162.5
94990,-57.46,142.25,985.03,4112.5,7122.5,53077.5
95019,-51.12,142.25,982.47,-1242.5,12215.0,56455.0
95048,-40.26,143.11,982.1,2677.5,4200.0,53567.5
95077,-25.62,145.18,980.88,5757.5,-6160.0,46025.0
95106,-9.15,148.72,980.03,4287.5,-8452.5,40250.0
95135,9.52,153.48,980.76,3447.5,-4620.0,35945.0
95164,32.21,159.09,981.61,2467.5,-1365.0,27370.0
95193,57.34,165.92,982.47,945.0,-1662.5,12670.0
95222,80.52,172.75,983.32,-1627.5,787.5,-3797.5
95251,98.45,178.24,984.3,-2642.5,297.5,-15312.5
95280,111.26,182.27,985.27,-3290.0,2537.5,-23100.0
95309,117.49,183.49,988.2,-6020.0,11847.5,-27457.5
95338,121.15,184.1,990.4,1295.0,210.0,-30117.5
95368,124.44,185.44,989.54,1610.0,-3412.5,-36837.5
95397,123.46,186.29,987.96,-1277.5,5565.0,-37765.0
95425,118.83,187.27,986.0,-927.5,5197.5,-36330.0
95454,113.09,188.12,984.42,-1435.0,3710.0,-37065.0
95483,105.77,188.0,983.81,-2117.5,4322.5,-38342.5
95512,96.14,186.78,984.54,-2712.5,5880.0,-39567.5
95541,83.81,184.34,985.52,-945.0,3465.0,-40652.5
95570,69.3,180.8,984.78,1347.5,-2240.0,-42192.5
95599,51.97,175.68,981.37,2345.0,-6387.5,-43470.0
95628,29.4,168.36,976.73,-1977.5,-6387.5,-42367.5
95657,-1.71,160.55,975.27,-4357.5,-6545.0,-28717.5
95686,-34.65,154.33,977.95,-2292.5,-2922.5,-3010.0
95715,-59.29,150.3,980.64,647.5,560.0,17185.0
95744,-74.18,148.47,982.1,2572.5,-315.0,26285.0
95773,-82.47,148.23,982.59,4217.5,-1627.5,30345.0
95802,-86.74,148.11,980.76,3115.0,-2887.5,30852.5
95831,-92.11,146.4,979.42,2782.5,-8207.5,30380.0
95860,-100.28,144.45,979.42,6247.5,-10290.0,41247.5
95889,-103.09,143.72,977.83,5687.5,-5897.5,56367.5
95918,-94.43,144.69,976.49,1417.5,-2257.5,62160.0
95947,-77.35,146.52,978.68,3797.5,-6317.5,57225.0
95976,-57.83,149.33,980.88,9275.0,-12722.5,49980.0
96005,-35.14,153.23,980.15,6527.5,-7402.5,47425.0
96034,-5.49,157.87,978.68,332.5,-1225.0,40197.5
96064,29.77,162.99,979.78,175.0,-5040.0,22750.0
96093,64.29,168.6,983.56,3867.5,-7402.5,3500.0
96122,93.45,174.46,985.39,4567.5,-490.0,-8452.5
96151,117.85,180.56,984.05,3395.0,140.0,-18567.5
96180,138.1,186.17,982.1,2502.5,-1977.5,-29820.0
96209,152.62,190.69,980.03,-122.5,595.0,-38272.5
96238,161.53,193.98,978.2,-3027.5,5372.5,-42332.5
96267,167.51,196.54,976.49,-3412.5,6790.0,-47705.0
96296,169.09,197.64,973.8,-4007.5,5792.5,-56840.0
96325,161.41,196.54,971.12,-3622.5,4620.0,-61267.5
96354,144.57,193.61,967.46,-4515.0,5635.0,-57960.0
96383,120.9,189.1,963.31,-7700.0,9537.5,-48160.0
96412,93.57,184.71,960.63,-9905.0,8102.5,-35192.5
96441,68.08,180.68,960.63,-8032.5,2800.0,-26810.0
96470,43.8,175.19,961.6,-5985.0,402.5,-21105.0
96499,16.35,168.12,963.8,-7857.5,3797.5,-10815.0
96528,-13.54,160.8,969.29,-3867.5,1137.5,5145.0
96557,-39.04,154.33,974.17,4147.5,-2940.0,20387.5
96586,-57.71,149.69,973.93,6597.5,-4322.5,30817.5
96615,-72.83,147.01,971.61,5320.0,-5915.0,41072.5
96644,-83.45,145.55,971.0,5827.5,-5740.0,57557.5
96673,-81.86,144.94,970.63,3990.0,350.0,69212.5
96703,-67.83,145.67,970.02,612.5,2957.5,64680.0
96732,-49.29,148.23,971.36,1750.0,-175.0,54407.5
96761,-30.87,152.38,973.07,5110.0,105.0,47775.0
96790,-11.71,156.53,973.56,2117.5,9082.5,48230.0
96819,13.66,161.53,975.27,-1155.0,7717.5,41877.5
96848,46.36,167.63,980.15,4165.0,-7157.5,19477.5
96877,77.1,173.73,983.56,3937.5,-735.0,-3342.5
96906,99.31,178.85,984.78,595.0,2065.0,-17867.5
96935,114.92,182.51,985.15,1505.0,1050.0,-26775.0
96964,127.61,185.44,983.08,52.5,-875.0,-36277.5
96993,136.64,187.15,980.51,-3377.5,-2362.5,-47582.5
97022,140.06,187.64,979.78,-4322.5,-3867.5,-55562.5
97051,137.98,187.15,979.42,-5687.5,-2240.0,-60497.5
97079,131.88,185.56,979.54,-5670.0,-3605.0,-62702.5
97108,121.76,183.0,979.29,-5757.5,-1225.0,-63892.5
97136,105.29,178.97,978.68,-6405.0,35.0,-62247.5
97165,83.2,173.85,979.29,-2187.5,-5460.0,-55265.0
97194,57.22,168.48,979.17,-560.0,-3517.5,-41737.5
97223,29.16,162.87,978.07,-3972.5,5687.5,-23117.5
97252,2.56,157.26,978.44,-5127.5,7315.0,-8452.5
97282,-21.35,150.3,980.64,-2082.5,2362.5,-1207.5
97311,-45.14,142.01,982.83,2082.5,-1102.5,6230.0
97341,-69.17,134.69,983.08,3622.5,-1697.5,18357.5
97370,-89.55,130.05,981.12,3710.0,0.0,32952.5
97399,-102.6,127.25,976.98,1207.5,840.0,43995.0
97428,-108.21,125.42,974.54,-490.0,-70.0,52167.5
97457,-107.36,124.93,976.49,1732.5,262.5,60270.0
97486,-99.43,125.54,979.66,8470.0,-5617.5,62475.0
97515,-85.89,127.61,979.78,11637.5,-11147.5,57855.0
97544,-69.91,131.27,977.46,7997.5,-9240.0,52220.0
97573,-52.95,136.27,975.27,4235.0,-9782.5,49087.5
97602,-33.06,141.76,974.9,3080.0,-10692.5,44852.5
97631,-10.0,147.25,976.0,3080.0,-6265.0,38010.0
97660,13.91,152.99,976.85,2922.5,-3307.5,29067.5
97689,38.06,158.48,978.32,1750.0,-5162.5,19792.5
97719,64.42,163.72,982.34,3342.5,-2800.0,10850.0
97748,91.74,169.21,985.03,6685.0,770.0,-787.5
97777,116.63,175.19,983.44,6002.5,210.0,-13720.0
97806,137.86,181.41,979.29,3902.5,-3325.0,-25462.5
97835,156.16,187.27,974.29,-770.0,-1925.0,-35490.0
97864,171.41,191.91,969.9,-4235.0,437.5,-45132.5
97893,180.56,195.08,966.0,-6895.0,1820.0,-55055.0
97922,181.78,196.66,962.7,-10745.0,2712.5,-60130.0
97951,176.41,197.03,960.99,-11690.0,3657.5,-63157.5
97980,164.7,195.81,959.41,-15120.0,7052.5,-64155.0
98009,147.38,192.39,960.75,-15312.5,3395.0,-63507.5
98038,125.17,186.42,963.68,-9292.5,-472.5,-56700.0
98067,100.53,178.36,963.8,-9922.5,2117.5,-45902.5
98096,74.91,168.85,964.53,-12617.5,5005.0,-34895.0
98125,47.82,158.97,968.68,-7665.0,665.0,-24237.5
98154,19.4,149.45,973.07,-1610.0,-2222.5,-11865.0
98183,-10.61,140.18,975.39,-262.5,35.0,5285.0
98212,-38.43,131.64,976.73,1085.0,-1347.5,24272.5
98241,-58.56,125.05,977.22,2922.5,-4235.0,39515.0
98270,-69.78,120.78,977.59,3412.5,-4497.5,50575.0
98299,-74.66,118.1,979.42,3972.5,-2012.5,59570.0
98328,-75.15,116.39,981.37,7665.0,-2415.0,67550.0
98357,-68.08,115.53,981.73,7437.5,-2730.0,72572.5
98386,-51.73,116.02,980.51,4795.0,-1452.5,66535.0
98415,-30.01,118.34,977.95,3902.5,-15557.5,50820.0
98444,-6.34,121.88,978.93,4270.0,-24045.0,37730.0
98474,17.45,126.15,982.34,7595.0,-11742.5,35087.5
98503,44.04,131.52,981.73,5792.5,52.5,33355.0
98532,76.13,138.23,980.03,2835.0,4305.0,18900.0
98561,107.6,145.18,978.07,4392.5,1207.5,-1470.0
98590,131.03,151.16,975.27,1750.0,1977.5,-14857.5
98619,146.64,155.79,973.93,-2502.5,7875.0,-21210.0
98648,156.89,158.6,974.41,-1732.5,5705.0,-26687.5
98677,163.85,160.55,974.78,122.5,770.0,-30765.0
98706,168.48,162.38,974.54,-1995.0,4287.5,-33425.0
98735,170.92,163.97,973.93,-2642.5,5985.0,-36715.0
98764,170.56,166.04,972.71,-3237.5,5302.5,-41195.0
98793,168.12,167.38,972.34,-5512.5,5022.5,-44170.0
98822,163.85,167.75,973.19,-5670.0,7542.5,-48510.0
98850,155.92,167.14,973.8,-5320.0,5425.0,-54022.5
98879,143.11,164.94,974.29,-4340.0,2292.5,-57890.0
98908,123.71,160.55,974.29,-2905.0,2135.0,-56070.0
98937,100.53,153.48,971.97,-2835.0,2047.5,-50890.0
98966,72.22,144.2,968.8,-5705.0,-1540.0,-43960.0
98995,36.11,134.08,969.05,-8750.0,490.0,-23170.0
99024,0.98,125.9,973.68,-6510.0,5005.0,4305.0
99054,-24.52,120.9,979.05,-682.5,3010.0,21105.0
99083,-42.7,117.97,983.32,4007.5,-1102.5,28227.5
99112,-58.93,115.41,987.59,7315.0,-4060.0,37205.0
99141,-70.52,112.61,991.01,10115.0,-4900.0,48457.5
99170,-74.54,111.26,992.47,11952.5,-3832.5,53042.5
99199,-75.52,112.48,991.25,16625.0,-7035.0,54372.5
99228,-74.3,115.53,985.27,16817.5,-9257.5,57995.0
99257,-65.27,120.29,976.73,7245.0,-4970.0,61127.5
99286,-47.21,126.15,971.61,-2870.0,192.5,54565.0
99315,-28.55,131.52,971.73,-1190.0,-1767.5,44152.5
99344,-13.18,135.3,973.68,2590.0,-5232.5,42945.0
99373,3.42,137.37,975.02,997.5,2485.0,45202.5
99402,24.16,139.57,977.34,-945.0,4007.5,42245.0
99432,48.19,142.5,980.51,4182.5,490.0,34545.0
99461,74.3,147.25,982.1,5040.0,3237.5,24657.5
99491,101.63,153.84,982.34,8890.0,-6055.0,8750.0
99520,127.98,161.04,980.39,8190.0,-9467.5,-8347.5
99549,148.96,167.38,977.83,1347.5,-2922.5,-21157.5
99578,163.97,172.75,977.1,-525.0,-332.5,-27650.0
99607,174.83,177.88,976.24,-1102.5,787.5,-35070.0
99636,180.68,182.39,975.15,-3027.5,665.0,-41212.5
99665,183.24,186.29,974.54,-3430.0,1802.5,-42980.0
99694,184.46,188.86,973.56,-6475.0,7822.5,-46690.0
99723,182.27,189.47,973.8,-5092.5,7332.5,-52202.5
99752,174.22,189.34,973.32,-1680.0,3675.0,-54512.5
99781,162.63,189.83,970.02,-3587.5,805.0,-53865.0
99810,149.33,189.83,967.09,-3045.0,-3080.0,-53480.0
99839,132.98,188.37,963.19,-1557.5,-1750.0,-50330.0
99867,112.0,183.98,956.48,-9887.5,6510.0,-45202.5
99896,85.4,177.27,954.04,-15820.0,6545.0,-38937.5
99925,54.17,169.21,957.58,-10080.0,-805.0,-27125.0
99954,19.4,160.67,963.8,-6947.5,1190.0,-10710.0
99983,-15.25,152.13,970.51,-420.0,157.5,10867.5
100012,-42.58,144.57,975.51,3447.5,-2537.5,30380.0
100041,-59.29,139.08,979.17,6737.5,-3395.0,41965.0
100070,-68.81,136.64,980.51,10780.0,-6317.5,49052.5
100099,-72.96,136.4,979.29,12512.5,-10447.5,57085.0
100128,-68.08,137.37,977.71,9345.0,-6265.0,62737.5
100157,-55.75,139.45,975.88,7665.0,-2152.5,58380.0
100186,-42.46,142.62,971.0,7280.0,-9660.0,50207.5
100215,-28.79,145.79,965.14,1470.0,-11252.5,48422.5
100243,-11.71,147.74,964.04,-5705.0,-315.0,47652.5
100272,8.05,149.57,967.7,-3045.0,87.5,42805.0
100301,30.01,153.23,971.49,6125.0,-13212.5,37590.0
100330,57.1,158.11,972.95,5705.0,-7367.5,32147.5
100359,88.33,163.6,975.76,6650.0,-1627.5,21385.0
100388,119.07,170.56,976.98,13265.0,-4060.0,6632.5
100417,147.25,178.12,972.83,7560.0,700.0,-6352.5
100447,171.78,185.07,968.31,1435.0,2205.0,-20125.0
100476,189.59,190.08,965.75,-1767.5,5180.0,-30800.0
100505,200.45,193.0,963.92,-3255.0,8102.5,-36470.0
100534,206.79,195.2,961.6,-4812.5,8627.5,-41685.0
100562,209.47,196.79,959.9,-6090.0,7175.0,-47617.5
100591,207.89,197.88,958.43,-4637.5,6177.5,-52150.0
100620,201.06,198.25,954.65,-6895.0,3902.5,-54617.5
100649,190.69,198.13,952.33,-10395.0,245.0,-53270.0
100678,180.19,197.4,953.31,-9292.5,-2782.5,-53760.0
100707,167.87,194.83,954.77,-9800.0,227.5,-56805.0
100736,148.96,189.83,955.75,-12180.0,6702.5,-56577.5
100765,123.22,182.88,957.94,-11760.0,4707.5,-52675.0
100794,91.74,174.34,961.85,-7017.5,-2135.0,-44730.0
100823,55.39,164.94,966.73,-2695.0,-3955.0,-27930.0
100852,16.84,156.28,971.49,542.5,735.0,-3517.5
100881,-16.35,149.33,973.32,3937.5,-612.5,20265.0
100910,-37.82,144.81,973.19,3500.0,-1995.0,34650.0
100939,-49.41,142.25,973.93,4357.5,-2380.0,41037.5
100968,-55.88,140.54,974.78,6772.5,-4690.0,45360.0
100997,-58.68,139.69,975.02,6912.5,-5267.5,50505.0
101026,-57.1,139.57,976.0,6545.0,-770.0,59430.0
101055,-49.41,139.57,976.12,3745.0,9327.5,63472.5
101084,-37.21,140.18,977.1,-105.0,8750.0,56017.5
101113,-24.52,140.3,986.61,6965.0,962.5,48965.0
101143,-12.2,140.42,994.42,20685.0,-10552.5,53200.0
101172,1.71,143.84,989.66,12792.5,892.5,54810.0
101201,19.52,149.69,982.83,6667.5,3797.5,47617.5
101230,42.7,156.16,979.17,8032.5,-7035.0,36540.0
101259,70.39,163.24,977.95,6772.5,-7875.0,22855.0
101288,99.31,170.68,977.95,6387.5,-2380.0,7000.0
101317,125.17,178.49,975.51,4095.0,122.5,-7350.0
101346,147.01,186.42,971.97,-490.0,455.0,-19390.0
101375,164.46,193.25,969.17,-455.0,-472.5,-30170.0
101404,175.8,198.62,965.26,-2345.0,1610.0,-37940.0
101433,180.68,202.28,961.12,-7105.0,3220.0,-43470.0
101462,180.8,204.47,960.26,-4550.0,-5425.0,-46357.5
101491,177.75,206.42,960.02,-4567.5,-1137.5,-45797.5
101519,172.02,208.62,959.65,-7805.0,3797.5,-45920.0
101548,164.21,210.82,960.75,-5950.0,-1435.0,-47775.0
101576,154.94,212.16,961.85,-5057.5,-2835.0,-50120.0
101605,143.47,211.79,961.97,-5302.5,-2415.0,-52377.5
101633,128.83,209.35,961.36,-6405.0,-2590.0,-53532.5
101662,110.04,204.11,959.16,-11060.0,1872.5,-52185.0
101691,86.38,196.54,956.97,-15627.5,3745.0,-49455.0
101720,56.12,187.88,958.07,-14262.5,682.5,-38640.0
101749,22.45,179.1,961.97,-9257.5,262.5,-17062.5
101778,-7.32,170.68,965.63,-6457.5,857.5,2765.0
101807,-31.35,163.72,970.14,-2590.0,-542.5,17465.0
101835,-49.41,158.6,974.66,2485.0,-1085.0,29855.0
101864,-59.66,154.94,977.1,2765.0,-1085.0,37187.5
101893,-64.42,152.38,979.9,3972.5,-2765.0,38867.5
101922,-67.59,151.77,982.95,10062.5,-8627.5,43400.0
101951,-67.83,152.87,982.1,12547.5,-12320.0,52325.0
101980,-60.15,154.82,978.07,8295.0,-12320.0,54565.0
102009,-47.95,155.79,976.98,7700.0,-11130.0,49910.0
102038,-39.41,155.43,979.66,13632.5,-6615.0,55107.5
102067,-28.18,155.79,978.81,15960.0,-2695.0,62772.5
102096,-7.44,158.11,974.41,9817.5,-2170.0,56140.0
102125,18.06,162.26,972.95,7420.0,-3745.0,46095.0
102154,46.85,167.99,972.83,7332.5,-1207.5,37712.5
102183,81.13,175.19,971.73,4392.5,315.0,23852.5
102212,117.0,183.24,970.75,5880.0,-5075.0,1872.5
102241,146.52,190.81,968.07,3325.0,-1610.0,-15085.0
102270,167.51,196.91,963.8,-1435.0,3587.5,-24255.0
102299,183.73,202.28,959.41,-5110.0,5460.0,-32585.0
102328,195.81,206.42,956.24,-8610.0,5827.5,-43347.5
102357,200.81,208.99,954.41,-10780.0,7945.0,-51730.0
102386,197.88,209.35,954.04,-13317.5,11322.5,-53462.5
102415,190.32,208.99,956.24,-10150.0,9100.0,-54005.0
102444,179.95,208.25,957.94,-3815.0,490.0,-56717.5
102473,168.97,206.55,955.99,-6825.0,-2065.0,-58747.5
102502,155.92,202.89,954.16,-14367.5,7455.0,-61057.5
102530,137.86,196.42,954.77,-10990.0,1925.0,-60427.5
102559,112.48,186.78,955.5,-8592.5,1417.5,-53567.5
102587,77.23,174.58,957.58,-10920.0,6177.5,-35455.0
102616,38.06,162.02,962.7,-5915.0,2082.5,-11340.0
102645,3.9,151.4,968.19,1155.0,-962.5,12267.5
102674,-21.11,144.57,971.0,3850.0,-385.0,28402.5
102703,-37.33,141.15,971.85,3727.5,-2012.5,37520.0
102732,-47.21,139.45,973.56,4690.0,-4725.0,43172.5
102761,-52.95,138.84,975.88,7437.5,-6720.0,50207.5
102790,-51.61,139.08,976.49,7997.5,-4585.0,55300.0
102819,-42.7,139.81,975.63,5180.0,-5005.0,50365.0
102847,-32.7,140.79,974.9,6405.0,-11917.5,42280.0
102876,-23.67,142.37,973.07,4882.5,-11987.5,39480.0
102904,-15.49,143.96,970.02,840.0,-227.5,41107.5
102933,-11.22,144.81,965.75,-1277.5,-2012.5,46497.5
102962,-3.29,146.4,964.04,1050.0,-13667.5,55002.5
102991,18.3,149.08,966.12,122.5,-5022.5,56262.5
103020,53.92,153.23,970.88,-2117.5,1802.5,43732.5
103049,97.84,159.7,978.32,5512.5,-4585.0,16940.0
103078,138.84,166.65,981.86,10570.0,-6107.5,-10290.0
103107,169.21,172.51,980.88,7210.0,-2817.5,-28227.5
103136,189.59,176.9,978.68,5617.5,1400.0,-38955.0
103164,201.18,180.07,974.29,927.5,7262.5,-45587.5
103193,205.45,182.27,970.14,-3640.0,8820.0,-49315.0
103221,206.42,183.85,967.22,-4077.5,5425.0,-52622.5
103250,204.47,184.22,964.78,-5950.0,3990.0,-59605.0
103279,196.54,182.02,962.82,-8662.5,4217.5,-63052.5
103308,182.51,178.36,962.34,-9362.5,7227.5,-60725.0
103337,164.58,173.97,961.6,-8977.5,7700.0,-58257.5
103366,142.62,167.63,960.87,-9292.5,7945.0,-55982.5
103395,113.7,159.09,961.6,-8330.0,2870.0,-50295.0
103424,77.35,149.82,964.41,-5915.0,1225.0,-32532.5
103453,39.77,142.25,968.19,-2240.0,945.0,-7490.0
103483,8.54,136.64,971.49,1855.0,262.5,14192.5
103512,-12.81,132.98,974.05,3290.0,1575.0,28122.5
103541,-24.52,131.76,976.0,3920.0,-157.5,33267.5
103570,-32.21,131.76,978.2,5897.5,-3867.5,33600.0
103599,-41.24,130.54,981.12,9817.5,-6667.5,39480.0
103628,-48.68,129.56,983.08,11445.0,-5180.0,49280.0
103657,-50.26,130.66,983.08,10412.5,-1715.0,55300.0
103686,-46.73,133.22,982.47,11585.0,-3237.5,56927.5
103715,-39.41,136.4,980.51,13160.0,-4900.0,56000.0
103744,-29.52,140.67,976.37,11812.5,-5250.0,52727.5
103773,-15.98,146.4,971.49,9380.0,-5687.5,51275.0
103802,2.81,153.72,966.0,6475.0,-717.5,47495.0
103831,25.13,161.77,959.16,-507.5,2555.0,40582.5
103860,52.22,170.31,954.77,-6282.5,-8732.5,29697.5
103889,87.11,178.61,956.24,-7385.0,-12792.5,15715.0
103917,127.12,187.51,961.85,-3290.0,-3185.0,-2310.0
103946,162.5,195.81,964.04,525.0,-875.0,-22680.0
103975,188.25,201.67,962.82,-682.5,-2327.5,-36540.0
104004,206.42,205.69,959.65,-2712.5,3115.0,-45657.5
104033,217.16,208.13,954.28,-7297.5,7455.0,-54897.5
104062,218.38,208.13,949.89,-11900.0,6615.0,-62072.5
104091,211.79,205.2,947.7,-15907.5,8452.5,-63210.0
104120,199.59,199.59,948.43,-15487.5,9905.0,-62212.5
104149,180.56,193.25,949.04,-11130.0,8802.5,-58222.5
104178,154.82,186.42,949.4,-16817.5,11462.5,-50977.5
104207,125.42,177.75,954.28,-15207.5,8225.0,-42087.5
104235,93.94,166.9,961.12,-8102.5,2887.5,-32427.5
104264,60.88,155.43,967.09,-4375.0,87.5,-19775.0
104293,28.06,145.67,973.44,1207.5,-2100.0,-1977.5
104322,-0.37,137.86,976.85,7840.0,-2747.5,15085.0
104351,-22.45,132.49,975.02,5600.0,-1767.5,28542.5
104380,-38.06,129.56,974.29,2432.5,-735.0,40915.0
104409,-47.95,128.1,976.73,5810.0,1505.0,55422.5
104438,-48.43,128.22,977.1,4917.5,3832.5,65082.5
104467,-41.6,128.59,978.07,4007.5,-1907.5,63962.5
104496,-32.94,127.61,981.25,10115.0,-8610.0,60357.5
104525,-23.3,127.12,982.47,6860.0,-8365.0,55475.0
104554,-11.96,128.71,982.22,7665.0,455.0,53602.5
104583,4.64,132.74,978.68,6405.0,5915.0,52255.0
104612,31.11,139.69,974.78,1260.0,-1102.5,40232.5
104641,66.49,149.33,975.51,3692.5,-15312.5,14595.0
104670,100.28,158.36,976.24,6195.0,-8732.5,-7402.5
104699,125.17,165.43,974.78,1172.5,1470.0,-19722.5
104728,142.98,171.53,972.83,-1470.0,2065.0,-28962.5
104757,154.45,176.17,970.75,-3027.5,2642.5,-38832.5
104786,158.84,178.85,968.68,-5477.5,3395.0,-45167.5
104815,157.62,180.07,967.22,-10045.0,5302.5,-47057.5
104844,153.23,180.32,967.46,-11970.0,8820.0,-46725.0
104873,147.38,179.83,968.68,-8592.5,4952.5,-47197.5
104902,139.81,178.85,970.63,-6125.0,2940.0,-48335.0
104930,129.32,177.27,972.34,-5670.0,6930.0,-47127.5
104959,117.36,174.83,972.95,-5232.5,3815.0,-47355.0
104987,103.94,170.68,974.29,-3185.0,-927.5,-49612.5
105016,85.4,163.36,975.02,-3587.5,1925.0,-50032.5
105045,54.66,152.62,975.39,-7595.0,11917.5,-38500.0
105074,15.86,141.89,977.71,-4532.5,5495.0,-14560.0
105103,-18.18,133.35,981.37,1242.5,1645.0,7577.5
105132,-42.94,126.88,984.66,5652.5,1592.5,22260.0
105161,-60.02,123.46,986.0,8627.5,227.5,32165.0
105191,-69.66,122.73,985.64,7000.0,-245.0,37292.5
105220,-75.03,122.98,984.78,6842.5,-3465.0,36785.0
105248,-82.72,122.24,983.69,9065.0,-9205.0,39305.0
105277,-91.01,121.27,982.22,9257.5,-9380.0,52010.0
105306,-89.67,121.88,979.54,8085.0,-6335.0,59815.0
105335,-77.59,124.93,976.24,7297.5,-7035.0,54320.0
105364,-63.07,129.08,974.05,7560.0,-8907.5,47197.5
105393,-49.65,133.35,972.22,6247.5,-5880.0,45727.5
105422,-32.57,139.45,970.63,1312.5,1995.0,46690.0
105451,-7.56,147.99,968.92,-332.5,1785.0,39847.5
105480,23.55,157.87,968.92,-770.0,-8505.0,24132.5
105509,56.12,167.99,972.46,-455.0,-7542.5,8242.5
105538,86.38,177.63,976.61,-227.5,1207.5,-5040.0
105568,111.26,186.05,978.32,2292.5,-1382.5,-18690.0
105597,127.61,192.03,977.46,840.0,-1015.0,-28822.5
105625,135.91,196.18,975.51,157.5,-717.5,-32305.0
105654,140.79,199.1,973.32,-2292.5,1540.0,-34072.5
105682,143.72,200.93,971.73,-3500.0,3990.0,-36995.0
105711,143.35,201.79,970.14,-2485.0,2887.5,-39515.0
105740,140.79,202.4,967.95,-3920.0,4305.0,-40950.0
105769,136.4,202.52,965.75,-6772.5,9975.0,-41825.0
105798,129.2,202.03,964.17,-9012.5,10430.0,-44397.5
105827,118.58,200.57,964.41,-8295.0,4252.5,-49157.5
105856,104.92,197.27,965.14,-5915.0,-1820.0,-51940.0
105885,86.5,191.42,964.41,-10185.0,3027.5,-50715.0
105914,62.22,182.39,964.78,-11847.5,1557.5,-46112.5
105942,32.09,170.56,967.58,-7227.5,-5967.5,-36207.5
105971,-2.32,157.99,971.49,-4952.5,-3412.5,-16450.0
105999,-34.89,147.86,976.24,-2380.0,822.5,9362.5
106028,-59.17,141.28,980.88,4305.0,-2380.0,29855.0
106057,-71.13,137.49,983.08,6685.0,-3517.5,39375.0
106086,-74.66,136.03,984.91,5880.0,-2852.5,40495.0
106115,-77.59,135.42,988.44,9170.0,-4847.5,45342.5
106144,-77.84,134.44,991.62,12617.5,-5390.0,53147.5
106173,-71.0,134.2,992.59,13370.0,-1977.5,54460.0
106202,-59.78,135.79,990.64,14595.0,-3010.0,49140.0
106231,-49.53,139.32,986.25,13072.5,-4725.0,45237.5
106260,-40.14,144.2,981.25,11025.0,-3045.0,46147.5
106289,-28.43,150.43,975.27,7367.5,472.5,47442.5
106318,-11.96,157.87,970.27,3097.5,-542.5,45360.0
106347,10.0,166.16,968.68,1925.0,-1610.0,39025.0
106376,37.09,175.92,968.92,1610.0,-1400.0,27492.5
106405,67.83,186.54,969.29,1592.5,-5722.5,10552.5
106434,99.06,197.4,969.17,1575.0,-8417.5,-8627.5
106463,124.2,206.06,968.92,210.0,-7105.0,-25340.0
106492,139.32,212.16,967.95,-70.0,-5267.5,-32515.0
106521,148.72,216.67,964.65,-3605.0,-122.5,-35280.0
106550,155.79,219.84,960.87,-6230.0,367.5,-40232.5
106579,159.58,221.8,957.94,-7665.0,-735.0,-46357.5
106608,157.99,222.04,956.72,-8557.5,52.5,-48037.5
106638,153.35,222.28,955.26,-6965.0,980.0,-44817.5
106667,148.47,221.67,951.72,-11917.5,4305.0,-46585.0
106695,140.18,218.14,950.38,-16170.0,1627.5,-52220.0
106724,125.42,211.3,953.55,-17080.0,2257.5,-52045.0
106752,104.68,201.91,958.31,-15785.0,6877.5,-46427.5
106781,78.32,190.93,964.29,-11987.5,5390.0,-38185.0
106810,46.73,180.19,971.61,-2380.0,2485.0,-18707.5
106839,16.84,171.9,975.02,2240.0,3710.0,3762.5
106868,-5.98,165.68,975.76,-1610.0,5215.0,18305.0
106897,-21.96,161.04,981.12,-437.5,4305.0,28857.5
106926,-31.23,157.87,988.93,9082.5,-490.0,34020.0
106955,-36.84,156.77,993.08,14875.0,-2170.0,35997.5
106984,-40.99,157.01,994.3,13545.0,7087.5,41177.5
107012,-40.14,158.48,992.35,12530.0,9065.0,43400.0
107041,-36.72,161.77,987.59,13002.5,-3377.5,37082.5
107069,-35.38,165.68,982.34,13282.5,-10762.5,38132.5
107098,-32.45,169.82,976.0,9817.5,-4357.5,45815.0
107127,-23.67,174.22,968.31,3710.0,-2380.0,45867.5
107156,-11.1,179.1,963.31,-332.5,-6440.0,42052.5
107185,5.49,184.71,962.46,-2537.5,-962.5,41317.5
107214,30.74,192.03,964.41,-5232.5,2012.5,35035.0
107243,64.54,200.57,969.78,1050.0,-6317.5,15102.5
107272,98.09,210.21,974.05,6930.0,-6107.5,-7297.5
107301,123.34,219.36,974.17,857.5,1505.0,-22050.0
107330,141.03,226.19,972.34,-997.5,1312.5,-32410.0
107359,153.6,230.58,968.44,-2660.0,-1505.0,-43767.5
107387,160.31,232.29,964.29,-7017.5,1225.0,-53742.5
107416,159.21,231.8,959.77,-11182.5,5075.0,-58992.5
107444,152.01,229.12,956.85,-15032.5,6002.5,-59377.5
107473,141.89,224.97,957.21,-11655.0,892.5,-60655.0
107502,125.9,218.5,957.94,-8190.0,-1890.0,-60375.0
107531,101.75,210.45,957.94,-10710.0,7770.0,-48387.5
107560,74.66,202.4,958.68,-15522.5,11970.0,-35350.0
107589,46.73,192.03,962.58,-13440.0,5512.5,-24990.0
107618,15.49,179.71,968.44,-7140.0,3657.5,-11147.5
107647,-16.71,167.75,974.78,-1662.5,1697.5,6842.5
107676,-44.41,157.87,979.42,5582.5,-1907.5,24710.0
107704,-64.54,150.43,980.88,7280.0,-3832.5,38010.0
107733,-77.1,145.3,981.61,7332.5,-3395.0,48842.5
107762,-81.5,143.11,982.1,9555.0,-4917.5,55947.5
107791,-77.59,142.5,980.39,11865.0,-9100.0,56210.0
107820,-68.2,143.23,976.0,9327.5,-10465.0,51940.0
107849,-57.34,144.81,971.36,7315.0,-11287.5,46497.5
107878,-47.58,147.86,968.92,8137.5,-12495.0,49227.5
107907,-31.96,153.84,967.83,7315.0,-11550.0,56682.5
107936,-1.83,162.5,967.22,5232.5,-12022.5,51800.0
107965,41.6,173.61,969.05,3745.0,-12880.0,28525.0
107994,84.3,185.68,970.63,4830.0,-4007.5,35.0
108024,114.07,195.81,969.66,2625.0,577.5,-17832.5
108053,132.98,202.76,967.46,1452.5,1610.0,-25655.0
108081,146.03,207.64,963.68,-2887.5,6930.0,-30782.5
108110,153.84,211.18,960.14,-6772.5,9485.0,-35402.5
108138,157.14,213.01,958.07,-8225.0,9012.5,-38937.5
108167,157.38,213.62,957.09,-9957.5,9957.5,-42017.5
108196,155.31,213.26,956.97,-8995.0,9047.5,-44695.0
108225,150.43,212.28,956.72,-7507.5,6737.5,-47705.0
108254,140.79,209.84,956.24,-10185.0,11025.0,-48737.5
108283,126.88,205.94,955.87,-11217.5,13527.5,-48562.5
108312,108.58,199.59,955.26,-9817.5,9590.0,-50067.5
108341,83.45,190.56,955.99,-11515.0,10710.0,-44292.5
108370,51.73,181.29,959.41,-9117.5,11322.5,-29400.0
108398,19.28,172.51,963.31,-4375.0,5705.0,-11987.5
108427,-9.76,163.6,966.12,-2905.0,4760.0,2957.5
108456,-34.16,155.79,968.19,87.5,752.5,14367.5
108485,-53.07,150.3,969.05,875.0,-1522.5,22155.0
108514,-66.37,147.38,969.41,297.5,-1872.5,27685.0
108543,-76.13,145.18,971.12,840.0,-1575.0,32042.5
108572,-83.94,142.25,973.68,4655.0,-4655.0,36750.0
108601,-87.72,139.81,976.0,5215.0,-5827.5,37415.0
108630,-90.77,138.1,978.2,6912.5,-7315.0,39900.0
108659,-96.01,136.4,976.49,5635.0,-4900.0,49577.5
108688,-96.87,136.03,973.07,-1890.0,3465.0,62002.5
108717,-85.16,137.49,972.58,-2712.5,2100.0,62545.0
108746,-62.46,141.03,972.95,-1487.5,-1032.5,51257.5
108774,-33.55,147.13,975.27,-157.5,-8802.5,34282.5
108803,-1.83,154.94,979.17,2205.0,-9047.5,14787.5
108832,26.72,162.75,983.93,1505.0,-17.5,-1277.5
108861,48.31,169.46,989.18,4585.0,-490.0,-13212.5
108890,63.81,174.83,992.35,6895.0,-1575.0,-23572.5
108919,73.08,178.85,992.59,5757.5,-595.0,-32550.0
108948,76.62,181.66,992.1,2835.0,3535.0,-36137.5
108977,78.2,184.46,991.86,4497.5,4077.5,-37327.5
109006,80.76,188.61,989.05,7017.5,-1557.5,-43662.5
109035,81.98,192.76,983.32,7367.5,-8277.5,-51537.5
109064,78.08,194.83,974.41,105.0,-1907.5,-54337.5
109093,68.56,193.49,966.24,-10325.0,7315.0,-54040.0
109122,53.31,188.37,963.19,-12232.5,4165.0,-55720.0
109150,29.04,178.36,965.87,-11217.5,3080.0,-52202.5
109179,-5.61,165.19,974.54,-2887.5,-1522.5,-38167.5
109208,-43.31,153.96,982.34,9310.0,-12302.5,-14927.5
109237,-73.2,147.74,984.3,7595.0,-6457.5,9485.0
109266,-91.26,145.42,983.56,3412.5,455.0,23467.5
109295,-101.38,144.57,982.83,4550.0,-2957.5,27842.5
109324,-109.68,144.2,981.0,6300.0,-6335.0,32042.5
109353,-116.75,144.57,978.2,5022.5,-6720.0,42892.5
109382,-117.36,145.91,975.39,4357.5,-5180.0,50365.0
109411,-112.61,147.01,973.32,4865.0,-5442.5,52307.5
109440,-105.16,148.84,972.34,6632.5,-6247.5,55615.0
109468,-91.99,152.5,969.66,4392.5,472.5,57032.5
109497,-74.54,157.99,965.26,-367.5,2135.0,47915.0
109526,-57.58,163.36,963.56,-2187.5,-2975.0,39970.0
109555,-40.75,168.6,964.78,-4235.0,2415.0,39497.5
109584,-18.06,174.95,967.22,-7455.0,2765.0,38080.0
109613,15.37,181.54,974.17,-857.5,-10342.5,23660.0
109642,52.22,187.39,983.08,7735.0,-8522.5,2415.0
109671,80.28,192.15,986.49,8732.5,805.0,-14122.5
109700,98.82,196.91,983.81,7420.0,-4130.0,-23992.5
109729,112.73,202.4,978.32,2240.0,-2835.0,-31937.5
109758,120.9,207.03,972.83,-4165.0,5232.5,-38272.5
109786,124.32,210.33,968.19,-7087.5,4427.5,-44030.0
109815,126.15,212.04,965.26,-8820.0,805.0,-51590.0
109844,124.93,210.82,963.19,-11375.0,5127.5,-59885.0
109873,114.68,205.57,961.36,-15872.5,8627.5,-64820.0
109901,91.74,195.93,963.43,-14122.5,6877.5,-60112.5
109930,57.22,183.98,968.19,-9152.5,8347.5,-41090.0
109959,17.81,172.75,973.32,-2940.0,4322.5,-14997.5
109988,-19.03,163.36,978.2,5740.0,-1995.0,11865.0
110017,-46.73,155.43,981.0,9222.5,-1610.0,34230.0
110046,-61.98,150.79,981.12,8312.5,140.0,45675.0
110075,-68.32,149.94,980.39,6632.5,-1417.5,48720.0
110104,-69.78,151.28,979.9,8645.0,-5407.5,52377.5
110133,-65.64,153.23,977.71,7087.5,-3115.0,54372.5
110161,-58.8,155.18,975.27,1960.0,2712.5,56560.0
110190,-49.29,156.65,975.39,4585.0,-1785.0,64172.5
110219,-29.28,158.11,976.37,4987.5,525.0,67270.0
110248,6.83,162.26,978.2,1662.5,2625.0,51100.0
110277,52.34,171.53,980.39,7665.0,-11340.0,14980.0
110306,91.99,182.88,979.17,10640.0,-19477.5,-16397.5
110335,120.05,192.27,974.9,4007.5,-10797.5,-31167.5
110364,139.57,199.35,969.78,-2800.0,1697.5,-40495.0
110393,151.52,204.47,964.29,-5670.0,-1627.5,-51240.0
110422,156.65,207.16,960.26,-9117.5,-3150.0,-59272.5
110451,154.45,207.16,958.43,-13282.5,3150.0,-60742.5
110479,145.91,205.2,958.31,-14280.0,6055.0,-58275.0
110508,133.71,202.03,959.04,-12267.5,2450.0,-55877.5
110536,118.1,197.76,961.12,-9362.5,752.5,-52167.5
110565,97.72,192.27,962.95,-8802.5,6982.5,-43330.0
110594,73.69,185.68,964.04,-9397.5,8050.0,-33180.0
110623,47.09,177.51,966.48,-8225.0,3115.0,-24132.5
110652,17.08,167.87,970.88,-5757.5,2380.0,-11007.5
110681,-15.49,158.72,977.1,-70.0,1102.5,10080.0
110710,-41.97,152.74,981.12,6317.5,-822.5,30677.5
110739,-56.97,150.3,981.49,5215.0,-70.0,39532.5
110768,-66.49,149.08,982.1,5635.0,192.5,45027.5
110798,-72.96,148.6,982.34,7017.5,1085.0,53235.0
110827,-71.74,148.47,980.39,3377.5,892.5,57347.5
110856,-60.39,149.57,980.15,5442.5,-16275.0,49630.0
110885,-44.9,152.01,982.59,11637.5,-19110.0,39987.5
110913,-32.09,155.31,981.98,8627.5,1750.0,42070.0
110942,-18.79,159.58,977.95,4690.0,7875.0,47582.5
110971,4.51,164.7,975.39,3517.5,2432.5,42227.5
111000,37.09,171.29,976.49,4427.5,-3605.0,23012.5
111029,69.66,178.85,978.93,7297.5,-5652.5,2712.5
111058,95.04,186.42,978.56,5250.0,-2345.0,-12845.0
111087,111.51,192.76,976.12,3237.5,-2275.0,-20895.0
111116,122.12,198.37,972.83,2625.0,-910.0,-24727.5
111145,128.71,203.5,969.17,-822.5,1662.5,-28787.5
111173,131.88,207.4,967.7,-1750.0,-682.5,-31675.0
111202,132.98,210.82,967.83,-402.5,-245.0,-33530.0
111231,131.52,213.87,967.34,-1610.0,3255.0,-36855.0
111260,127.0,216.43,967.7,437.5,-420.0,-39532.5
111289,121.02,218.87,970.39,6492.5,-1592.5,-44415.0
111318,113.95,221.55,970.63,10815.0,-1400.0,-49367.5
111347,103.21,224.36,966.48,1120.0,4707.5,-51835.0
111376,87.23,226.19,964.41,-3010.0,2625.0,-49647.5
111405,67.95,225.7,963.68,-4095.0,122.5,-46077.5
111434,43.68,222.16,962.21,-6737.5,-1032.5,-40022.5
111463,14.03,216.31,961.85,-8977.5,-1802.5,-26792.5
111491,-16.84,209.72,963.8,-7752.5,-752.5,-10360.0
111520,-45.38,204.23,966.48,-1627.5,-3010.0,7332.5
111549,-66.25,201.79,966.12,0.0,-857.5,24202.5
111578,-76.62,201.06,964.53,-3132.5,2257.5,30275.0
111607,-83.57,200.08,965.63,-1032.5,-1242.5,30905.0
111636,-92.23,198.74,967.34,3990.0,-8365.0,39340.0
111665,-97.97,197.27,968.31,3815.0,-6790.0,53620.0
111694,-94.79,196.3,970.14,3115.0,-647.5,63105.0
111723,-85.16,195.93,973.32,5302.5,507.5,66115.0
111752,-72.22,195.93,975.76,9467.5,1120.0,67042.5
111781,-56.85,196.66,975.02,10885.0,4357.5,65957.5
111810,-36.84,198.13,970.51,7770.0,2852.5,61652.5
111839,-8.05,201.54,967.46,5845.0,-5757.5,47110.0
111868,26.35,207.16,967.46,10552.5,-10132.5,27072.5
111897,60.51,214.96,965.51,8172.5,-3832.5,10237.5
111926,92.48,223.75,961.73,1225.0,2887.5,-5250.0
111955,120.29,232.53,957.94,1347.5,-6772.5,-22715.0
111984,142.25,240.34,953.55,612.5,-14962.5,-37747.5
112013,156.16,246.44,948.67,-7175.0,-3552.5,-46095.0
112042,161.77,250.83,944.52,-13037.5,4585.0,-50645.0
112071,162.75,253.03,942.08,-13282.5,-262.5,-55107.5
112100,161.53,253.27,940.86,-12285.0,-1697.5,-59657.5
112129,153.84,250.95,939.89,-13912.5,3447.5,-63192.5
112158,137.49,246.07,940.5,-14420.0,7805.0,-59080.0
112187,118.1,240.71,942.21,-9397.5,6877.5,-50645.0
112216,98.94,234.97,942.45,-9327.5,4742.5,-48072.5
112245,74.54,227.29,944.65,-13090.0,4795.0,-45937.5
112274,40.87,216.31,951.72,-12460.0,7035.0,-30082.5
112303,4.76,204.96,962.34,-6247.5,5215.0,-8102.5
112332,-26.35,195.32,971.12,4690.0,-735.0,10710.0
112361,-50.75,188.12,973.32,7087.5,-630.0,25602.5
112390,-67.83,183.49,972.46,5652.5,70.0,37502.5
112419,-78.81,180.19,972.46,5827.5,647.5,46795.0
112448,-85.28,178.12,973.56,6825.0,1067.5,56070.0
112477,-84.67,177.39,974.54,10167.5,-1050.0,62965.0
112506,-75.88,178.49,972.71,11305.0,-4025.0,62790.0
112535,-64.17,180.44,968.68,9222.5,-7315.0,59307.5
112563,-54.05,181.54,966.0,9957.5,-14455.0,62107.5
112592,-40.02,181.41,965.75,10465.0,-6737.5,71330.0
112620,-14.64,183.85,963.56,5547.5,4882.5,68460.0
112649,21.96,191.05,961.12,87.5,-280.0,47285.0
112678,62.95,200.93,961.48,3097.5,-11410.0,17972.5
112707,99.92,210.33,961.48,4532.5,-7787.5,-4970.0
112736,128.59,218.5,958.43,-17.5,3955.0,-18812.5
112765,149.21,225.09,954.16,-4235.0,4392.5,-29855.0
112794,162.75,229.6,951.11,-6580.0,1085.0,-39515.0
112823,169.09,231.56,950.01,-8785.0,2450.0,-44625.0
112852,169.34,232.29,951.48,-10027.5,9712.5,-43995.0
112881,164.94,232.29,954.16,-4690.0,10535.0,-42927.5
112910,155.92,231.8,955.75,455.0,7962.5,-41142.5
112939,143.35,231.92,955.75,1575.0,2660.0,-37765.0
112968,131.39,233.14,954.04,1172.5,-1750.0,-34877.5
112996,120.78,234.48,951.23,-6737.5,3570.0,-37450.0
113025,109.8,234.61,950.38,-10587.5,787.5,-42350.0
113054,98.21,232.9,952.09,-7840.0,-7875.0,-49052.5
113083,83.81,228.51,954.65,-7262.5,-8697.5,-54162.5
113112,62.22,221.67,956.36,-9117.5,-577.5,-51012.5
113141,32.45,212.89,958.55,-9607.5,840.0,-37835.0
113170,-1.83,203.62,963.07,-3482.5,-140.0,-15330.0
113199,-33.79,195.2,966.0,1347.5,-1540.0,8732.5
113228,-56.85,188.86,967.09,1557.5,612.5,27580.0
113257,-70.39,185.07,968.68,2642.5,997.5,36662.5
113286,-78.57,182.39,971.0,6580.0,-1837.5,41282.5
113315,-83.45,179.83,973.68,9782.5,-3202.5,47565.0
113344,-83.69,177.27,974.9,13930.0,-5740.0,52430.0
113373,-79.3,175.68,972.95,17570.0,-9187.5,54985.0
113402,-70.52,175.44,968.44,17885.0,-10762.5,58730.0
113431,-55.75,177.63,962.82,14122.5,-9450.0,61652.5
113460,-34.65,183.0,958.8,8610.0,-3045.0,62247.5
113489,-7.08,191.05,957.7,5792.5,350.0,59080.0
113519,28.06,200.93,959.41,5565.0,2940.0,49175.0
113548,68.44,212.16,961.85,7297.5,2362.5,26967.5
113578,105.9,223.99,962.09,9590.0,-5950.0,-770.0
113607,132.98,233.63,958.92,4567.5,-2345.0,-18620.0
113635,149.82,240.58,954.16,-420.0,4567.5,-24955.0
113664,160.8,245.59,949.4,-2537.5,2800.0,-31010.0
113693,167.51,249.12,945.5,-5267.5,2012.5,-36645.0
113722,169.7,251.81,942.94,-7857.5,2275.0,-40285.0
113751,168.12,254.13,941.72,-7647.5,560.0,-42262.5
113780,163.72,256.2,940.74,-6930.0,-1470.0,-43872.5
113809,156.4,256.69,939.03,-10150.0,3955.0,-44275.0
113838,146.4,255.22,937.45,-15050.0,8592.5,-43942.5
113867,134.93,252.78,937.69,-15190.0,3342.5,-47512.5
113896,120.54,249.37,939.52,-14105.0,-2345.0,-52272.5
113925,102.24,244.37,942.33,-14140.0,-3272.5,-52132.5
113953,78.32,237.78,946.96,-13422.5,-157.5,-45710.0
113982,47.34,230.46,953.67,-8400.0,962.5,-31762.5
114011,14.15,223.14,960.02,-507.5,-2660.0,-9852.5
114040,-13.42,216.55,964.04,2502.5,-1102.5,11340.0
114069,-32.33,210.69,967.09,3815.0,122.5,23135.0
114098,-45.87,205.94,969.9,8400.0,-3710.0,30047.5
114127,-55.39,203.37,971.12,10430.0,-1872.5,38832.5
114156,-60.02,202.64,969.78,10307.5,-1050.0,44747.5
114185,-60.15,202.15,967.22,8365.0,-2940.0,47267.5
114214,-56.61,201.54,965.26,7105.0,-2590.0,48755.0
114243,-50.51,199.1,962.82,3605.0,2345.0,50225.0
114272,-44.77,193.25,961.73,35.0,3832.5,50540.0
114301,-40.5,188.0,963.31,4130.0,-3115.0,55142.5
114329,-30.5,186.66,965.14,7875.0,-2152.5,64487.5
114358,-8.78,189.1,965.75,6317.5,6860.0,67707.5
114387,24.52,195.08,967.34,7105.0,-1540.0,56822.5
114416,66.12,204.47,970.63,14630.0,-19495.0,33827.5
114445,108.58,215.09,971.36,14577.5,-16187.5,7927.5
114474,142.86,225.21,967.22,8207.5,-6615.0,-14070.0
114503,165.31,233.26,960.99,3167.5,-5932.5,-26617.5
114532,179.58,238.75,954.89,-2117.5,315.0,-32742.5
114561,188.0,242.78,949.77,-6510.0,4235.0,-37922.5
114590,191.05,245.59,945.87,-9222.5,5477.5,-41335.0
114619,190.32,247.29,943.79,-11865.0,5495.0,-42280.0
114648,187.64,248.88,943.79,-9940.0,3220.0,-42245.0
114677,183.98,250.83,942.94,-9012.5,1907.5,-43522.5
114705,179.22,252.3,941.23,-11777.5,2362.5,-45010.0
114734,174.58,252.54,940.86,-12250.0,-210.0,-49000.0
114762,170.56,251.32,940.25,-12512.5,-3185.0,-56700.0
114791,164.58,247.66,938.79,-16747.5,1015.0,-65415.0
114819,150.91,239.61,938.67,-21875.0,10010.0,-69457.5
114848,123.95,226.43,943.3,-19670.0,8995.0,-64190.0
114877,83.45,210.82,951.84,-10797.5,4007.5,-44800.0
114906,36.23,195.57,959.65,-3360.0,1697.5,-13230.0
114935,-6.22,182.15,966.48,1557.5,2135.0,21315.0
114965,-33.55,171.9,971.0,5635.0,2415.0,43487.5
114994,-45.38,166.04,972.58,6772.5,-1417.5,47180.0
115023,-49.41,164.21,974.17,9327.5,-3535.0,46200.0
115052,-48.8,164.58,973.93,11690.0,-6352.5,43277.5
115080,-46.12,165.19,971.24,11742.5,-8907.5,38080.0
115109,-44.9,165.8,966.97,12442.5,-11690.0,38062.5
115137,-42.94,166.41,960.75,8435.0,-11095.0,42000.0
115166,-38.43,167.63,956.6,3080.0,-7052.5,46812.5
115195,-29.89,169.95,956.24,4480.0,-7297.5,54197.5
115224,-14.27,173.85,956.24,4602.5,-9135.0,59395.0
115253,13.05,179.58,956.24,105.0,-8382.5,56700.0
115282,52.7,187.03,959.16,-3885.0,-5005.0,38972.5
115311,96.26,195.44,965.26,4200.0,-12512.5,9607.5
115340,132.25,203.5,967.83,7647.5,-9170.0,-12495.0
115369,157.14,210.45,964.78,4182.5,-1872.5,-24255.0
115397,173.12,215.57,960.14,-647.5,700.0,-31167.5
115426,183.73,218.99,955.75,-2992.5,1102.5,-34650.0
115454,191.66,221.55,950.87,-6195.0,3010.0,-39410.0
115483,197.27,223.02,946.72,-9432.5,2922.5,-47075.0
115512,197.76,222.16,944.77,-13422.5,11165.0,-52342.5
115541,193.86,219.36,942.69,-16607.5,12197.5,-55142.5
115569,187.15,215.21,942.82,-18095.0,5775.0,-63297.5
115598,173.36,208.86,946.23,-17290.0,13702.5,-65030.0
115627,152.01,201.18,948.92,-15557.5,9537.5,-60760.0
115656,124.44,191.05,953.31,-14035.0,5477.5,-53235.0
115685,89.3,178.12,960.63,-7910.0,525.0,-37187.5
115715,49.78,164.46,967.83,-1382.5,-175.0,-10255.0
115744,16.47,153.23,973.8,5092.5,-1505.0,14840.0
115773,-6.22,145.67,977.34,8452.5,-2082.5,31780.0
115802,-21.11,141.28,980.03,9975.0,945.0,44082.5
115831,-29.89,138.84,981.73,14402.5,1470.0,52150.0
115860,-32.82,137.86,980.39,13195.0,-980.0,53865.0
115889,-30.5,138.59,980.15,12740.0,-4532.5,51065.0
115918,-26.23,141.52,979.05,14577.5,-5425.0,52027.5
115947,-19.52,146.16,974.78,9222.5,1330.0,54110.0
115976,-8.91,151.04,970.75,4690.0,4322.5,51712.5
116005,4.15,155.67,968.07,5040.0,-1470.0,46777.5
116035,18.79,161.16,966.0,5635.0,-1785.0,43522.5
116064,35.5,167.38,963.31,2135.0,5740.0,41125.0
116093,54.29,174.22,960.63,-1365.0,11987.5,37030.0
116122,76.62,181.66,958.31,-4515.0,9625.0,26705.0
116151,103.21,189.34,960.38,-5460.0,-3272.5,6755.0
116180,127.61,196.66,966.73,-1382.5,-5110.0,-12495.0
116208,143.96,202.28,971.61,-122.5,-315.0,-21682.5
116237,155.18,206.42,974.54,17.5,-367.5,-27230.0
116266,163.97,209.47,976.61,-280.0,227.5,-35332.5
116295,168.48,211.67,976.98,-927.5,1260.0,-41492.5
116324,170.8,213.5,976.0,-1067.5,-962.5,-45377.5
116353,172.39,214.96,973.8,-1890.0,-980.0,-50872.5
116382,171.04,215.33,970.75,-4287.5,35.0,-56437.5
116411,165.68,213.99,968.19,-4725.0,-1977.5,-60147.5
116440,154.45,211.06,966.85,-4567.5,402.5,-59990.0
116468,135.79,206.67,966.12,-1382.5,2240.0,-53410.0
116497,112.97,201.42,963.07,-3255.0,2887.5,-44012.5
116525,89.3,194.35,958.8,-12512.5,5547.5,-39515.0
116554,62.34,184.1,959.29,-18270.0,7052.5,-37275.0
116583,27.33,171.17,966.61,-13632.5,5880.0,-26547.5
116612,-12.93,158.97,976.0,-1540.0,1977.5,-2765.0
116641,-47.58,149.57,980.15,6020.0,-1837.5,21910.0
116670,-71.49,142.62,980.64,4865.0,1942.5,38080.0
116699,-85.64,138.59,981.61,8925.0,-1785.0,46515.0
116728,-92.23,137.37,980.76,11777.5,-5302.5,50942.5
116757,-92.48,138.1,977.71,10797.5,-6510.0,50872.5
116785,-89.3,140.3,973.68,13982.5,-16012.5,47197.5
116814,-84.18,142.5,969.41,15032.5,-22295.0,49927.5
116842,-75.4,144.33,966.85,9117.5,-11445.0,59832.5
116871,-61.61,146.28,966.61,8190.0,-2485.0,68372.5
116900,-41.48,148.96,965.75,7822.5,2520.0,73640.0
116929,-10.25,153.35,965.26,4672.5,6895.0,72485.0
116958,35.01,160.55,967.46,2047.5,7875.0,51065.0
116987,82.23,172.14,970.75,7402.5,-8750.0,16205.0
117016,118.46,184.46,971.36,11445.0,-13370.0,-8452.5
117045,144.81,194.35,967.58,7070.0,-525.0,-17920.0
117074,165.92,203.5,960.75,1295.0,4112.5,-27387.5
117103,182.27,210.33,954.28,-5057.5,-175.0,-39707.5
117132,191.78,213.74,950.99,-7577.5,-2485.0,-49262.5
117160,194.71,214.72,947.94,-8855.0,-1015.0,-55790.0
117189,193.25,214.84,944.89,-11567.5,-1312.5,-63402.5
117217,185.68,212.65,948.18,-17342.5,19495.0,-71120.0
117246,172.02,207.89,952.33,-13720.0,17710.0,-72240.0
117274,157.14,202.52,954.77,-11602.5,-4217.5,-75250.0
117303,139.32,197.27,958.19,-7402.5,-7945.0,-75477.5
117332,116.02,193.86,958.31,-4812.5,-2800.0,-62527.5
117361,91.62,191.17,955.14,-7857.5,6125.0,-48965.0
117390,63.56,185.32,954.65,-11410.0,7472.5,-36872.5
117419,28.06,175.8,960.87,-6580.0,7997.5,-15032.5
117448,-6.34,165.92,967.46,-1032.5,4007.5,8697.5
117478,-33.06,157.14,970.88,3972.5,-3447.5,22050.0
117507,-55.27,149.57,971.36,4322.5,-1400.0,33757.5
117536,-74.18,143.59,970.75,2152.5,-787.5,46462.5
117565,-86.99,140.3,972.34,7402.5,-7595.0,57225.0
117594,-90.52,139.2,972.83,12635.0,-11340.0,63875.0
117623,-86.25,139.57,971.61,10185.0,-6667.5,64487.5
117652,-78.93,141.76,971.12,10727.5,-6055.0,64120.0
117681,-68.93,145.42,969.9,15540.0,-10552.5,64050.0
117710,-56.0,150.06,964.53,12617.5,-1627.5,65747.5
117739,-41.72,154.21,955.75,875.0,15557.5,68810.0
117768,-24.52,157.38,949.65,-10727.5,20387.5,69825.0
117797,-0.61,160.31,950.38,-11585.0,7262.5,63437.5
117826,32.94,163.97,958.07,-7525.0,-4882.5,46410.0
117854,73.57,169.7,970.39,2397.5,-16100.0,19565.0
117883,111.02,177.51,979.9,10937.5,-12197.5,-8137.5
117911,138.59,184.95,982.59,12600.0,-9782.5,-23327.5
117940,159.33,192.03,979.54,12407.5,-9730.0,-33442.5
117968,175.07,198.13,971.97,4812.5,-6685.0,-43067.5
117997,184.71,202.15,965.02,-3570.0,-1645.0,-49822.5
118026,190.56,205.2,960.38,-7315.0,3080.0,-53340.0
118055,195.69,207.64,956.36,-11095.0,7035.0,-61180.0
118084,197.52,207.89,952.7,-14857.5,7770.0,-71802.5
118113,189.59,204.35,951.6,-16712.5,3920.0,-78417.5
118142,170.31,198.62,952.58,-10815.0,-3990.0,-72730.0
118171,147.38,192.39,951.84,-11305.0,-5250.0,-64382.5
118200,123.59,185.81,952.94,-14945.0,682.5,-55282.5
118228,97.72,179.46,956.24,-11672.5,1645.0,-42665.0
118257,71.25,172.39,958.55,-12250.0,3255.0,-31867.5
118285,41.72,163.11,963.07,-11042.5,3902.5,-18182.5
118314,10.37,152.87,970.27,-4060.0,-577.5,-822.5
118343,-17.69,143.72,977.34,4042.5,-5372.5,16012.5
118372,-38.8,137.13,982.59,7052.5,-1522.5,34002.5
118401,-50.75,133.35,986.98,9835.0,1172.5,45727.5
118430,-55.02,131.88,990.4,16292.5,-1925.0,51257.5
118459,-53.8,131.88,990.15,18865.0,-4847.5,52920.0
118488,-49.78,133.22,987.47,15067.5,-1750.0,53672.5
118517,-45.02,135.79,984.91,13930.0,-1330.0,54442.5
118546,-38.67,139.57,982.1,16730.0,-6072.5,55632.5
118575,-30.01,144.81,977.1,16607.5,-4252.5,58047.5
118603,-18.06,151.28,968.68,11427.5,3080.0,59272.5
118632,-1.46,158.48,957.82,4427.5,297.5,54180.0
118661,19.52,166.29,948.18,-262.5,-11077.5,43925.0
118690,44.53,174.83,944.16,-8960.0,-9257.5,35997.5
118719,76.01,183.98,948.31,-9205.0,-4830.0,26985.0
118748,114.07,194.47,955.75,-3745.0,-4620.0,8942.5
118777,149.08,204.72,960.38,2660.0,122.5,-12320.0
118806,174.22,213.13,960.87,2817.5,560.0,-24727.5
118835,191.78,218.87,958.92,1732.5,210.0,-34422.5
118864,203.01,222.16,955.38,-1767.5,1907.5,-41527.5
118893,208.01,223.99,951.23,-4847.5,5985.0,-44835.0
118921,208.13,224.72,947.09,-9275.0,9100.0,-46497.5
118950,205.45,223.99,943.67,-11952.5,8067.5,-49262.5
118978,198.74,221.31,940.86,-19250.0,17920.0,-53550.0
119007,185.93,216.67,941.35,-23520.0,19985.0,-54355.0
119035,168.85,211.06,946.48,-17115.0,12197.5,-53375.0
119064,149.57,204.84,952.58,-9607.5,6475.0,-51677.5
119093,127.61,197.76,957.33,-4252.5,-332.5,-49245.0
119122,102.48,189.34,960.51,-437.5,-7280.0,-44800.0
119151,72.1,179.34,962.82,-787.5,-4007.5,-33757.5
119180,37.58,169.34,965.51,752.5,-2345.0,-12880.0
119209,5.98,160.8,967.7,2957.5,-1785.0,8820.0
119239,-17.81,154.45,968.68,4672.5,-1487.5,26547.5
119268,-32.7,151.04,969.17,5145.0,-1942.5,38307.5
119297,-39.53,149.94,970.51,6930.0,-3150.0,43435.0
119326,-41.48,149.94,971.85,9275.0,-5600.0,45010.0
119355,-40.75,150.3,972.95,9135.0,-5617.5,47092.5
119384,-37.7,151.77,974.41,9030.0,-3815.0,50225.0
119413,-31.11,154.57,974.9,10990.0,-4602.5,51275.0
119442,-20.98,158.11,973.44,11007.5,-6982.5,49525.0
119471,-7.56,161.77,970.88,10342.5,-8330.0,44590.0
119500,6.71,165.92,967.22,8120.0,-6912.5,39060.0
119529,19.03,170.8,963.31,4305.0,-1785.0,36977.5
119558,29.52,175.92,960.14,1767.5,52.5,40267.5
119587,44.16,181.54,959.65,945.0,-4970.0,44345.0
119616,70.15,187.88,963.92,472.5,-6772.5,42087.5
119645,105.9,195.32,969.29,8820.0,-3027.5,21367.5
119674,140.3,203.74,970.02,12670.0,-910.0,-1032.5
119703,167.38,212.04,966.12,11147.5,-3552.5,-17272.5
119731,188.49,219.48,959.77,6877.5,-6685.0,-29837.5
119760,203.74,225.33,953.31,-210.0,-3885.0,-38867.5
119789,212.89,228.87,947.57,-3220.0,-2450.0,-44485.0
119818,216.67,231.43,940.86,-5670.0,-1837.5,-49612.5
119847,215.21,233.26,933.42,-14525.0,2782.5,-52937.5
119876,211.06,233.87,930.13,-20545.0,2205.0,-55545.0
119905,200.81,228.38,939.89,-28262.5,17097.5,-61442.5
119933,181.29,219.23,956.72,-23187.5,48597.5,-46620.0
119962,161.89,215.7,968.44,13440.0,-17552.5,-52622.5
119990,143.47,215.21,972.22,22505.0,-25165.0,-53217.5
120019,123.71,217.16,965.75,6947.5,1382.5,-33215.0
120048,111.26,222.28,956.11,-8872.5,12722.5,-21875.0
120077,106.38,225.94,950.62,-11112.5,4795.0,-28017.5
120106,98.45,225.7,948.43,-10097.5,-3412.5,-36207.5
120135,80.28,221.8,948.92,-10062.5,-2555.0,-30835.0
120164,55.75,215.21,951.36,-11830.0,1557.5,-17972.5
120193,29.52,206.42,957.46,-9012.5,2555.0,-5705.0
120222,1.95,197.15,965.02,700.0,472.5,9327.5
120252,-21.84,189.95,968.44,5915.0,-2992.5,24272.5
120281,-38.8,185.32,969.17,4270.0,-367.5,34825.0
120310,-52.7,181.78,970.51,6300.0,-1627.5,44467.5
120339,-61.61,178.97,971.24,10255.0,-6002.5,53725.0
120367,-61.85,177.63,970.63,8942.5,-4357.5,56157.5
120396,-58.07,177.63,970.88,9782.5,-4935.0,55107.5
120425,-53.68,177.88,970.88,13947.5,-7490.0,57995.0
120454,-43.92,179.1,967.7,13597.5,-3307.5,60497.5
120483,-28.91,182.02,962.58,9642.5,-2695.0,56035.0
120512,-13.66,186.29,958.07,6562.5,-4655.0,54250.0
120541,4.51,190.56,955.99,2572.5,612.5,58660.0
120571,30.13,195.2,956.72,2800.0,2625.0,55212.5
120600,59.66,201.18,956.6,5005.0,-630.0,43435.0
120629,86.62,208.13,953.92,2397.5,3517.5,29417.5
120658,110.17,214.23,952.09,-3010.0,5162.5,19092.5
120687,134.2,220.09,955.14,1767.5,-6947.5,8190.0
120716,160.8,225.58,960.02,10237.5,-11497.5,-2152.5
120744,189.71,230.95,962.82,14787.5,-8312.5,-13002.5
120773,217.4,237.17,960.02,16222.5,-7227.5,-28490.0
120802,236.68,243.15,950.87,5022.5,-6125.0,-44397.5
120831,244.85,247.29,942.21,-6755.0,-3675.0,-52150.0
120860,245.46,249.86,938.18,-10587.5,-175.0,-53847.5
120889,241.8,251.08,936.47,-11917.5,3412.5,-54722.5
120918,234.12,250.83,935.74,-12635.0,4882.5,-54670.0
120947,223.75,249.98,935.98,-12827.5,4812.5,-53427.5
120976,211.06,248.64,936.47,-12407.5,7612.5,-50925.0
121004,197.52,246.93,936.72,-12705.0,6615.0,-49035.0
121033,183.24,244.98,937.45,-12250.0,5337.5,-49332.5
121061,167.63,242.66,937.2,-11200.0,4095.0,-49245.0
121090,150.3,239.24,935.62,-13650.0,6142.5,-50120.0
121119,128.22,233.14,934.52,-17290.0,7350.0,-49857.5
121148,98.09,223.38,937.08,-17692.5,4865.0,-43802.5
121177,60.27,211.43,943.79,-12967.5,5075.0,-26635.0
121206,20.13,199.71,951.6,-4357.5,630.0,-2537.5
121235,-14.27,189.59,957.82,2940.0,-560.0,20072.5
121264,-39.89,181.41,960.99,6072.5,-332.5,36820.0
121293,-56.36,175.92,963.43,7315.0,-647.5,49805.0
121322,-63.2,173.24,965.75,10937.5,-3797.5,54915.0
121351,-62.22,172.02,965.63,12390.0,-7542.5,51765.0
121379,-58.68,171.78,963.8,9170.0,-7927.5,46900.0
121408,-55.39,172.14,962.95,8015.0,-7157.5,45867.5
121437,-51.85,173.24,962.82,10202.5,-8837.5,49980.0
121466,-45.38,175.8,962.46,10727.5,-4900.0,58397.5
121495,-33.06,179.34,961.12,9537.5,1207.5,67235.0
121524,-12.2,183.73,960.99,8487.5,-962.5,67655.0
121553,16.84,188.98,963.31,14315.0,-10605.0,56420.0
121582,49.78,195.93,965.02,16555.0,-6090.0,41895.0
121611,81.62,204.72,963.31,14945.0,4252.5,28262.5
121640,110.9,215.21,957.7,10955.0,3657.5,12740.0
121669,136.88,226.31,950.62,9817.5,-7000.0,-4830.0
121698,158.23,236.8,944.04,2887.5,-7070.0,-16992.5
121727,173.48,245.71,938.91,-3552.5,-1365.0,-24482.5
121755,183.49,252.78,936.23,-5757.5,-1067.5,-29137.5
121784,189.71,258.64,935.13,-6457.5,-647.5,-32952.5
121813,193.74,263.4,934.52,-7962.5,-4077.5,-38010.0
121842,196.05,266.45,935.37,-7437.5,-7752.5,-43820.0
121871,195.2,267.42,936.84,-7945.0,-6632.5,-47547.5
121900,189.59,267.06,938.42,-6527.5,-4655.0,-46567.5
121929,179.83,266.81,939.64,-6002.5,1260.0,-38587.5
121958,169.58,267.55,940.01,-6160.0,4970.0,-32287.5
121987,160.06,269.38,940.01,-4025.0,402.5,-32007.5
122015,149.82,271.94,939.03,-3097.5,-2747.5,-33127.5
122044,137.62,274.5,937.69,-6615.0,2590.0,-32620.0
122072,122.98,276.45,936.72,-8715.0,5005.0,-31692.5
122101,106.38,276.82,936.47,-8785.0,910.0,-28665.0
122130,88.57,275.11,937.94,-7962.5,787.5,-23275.0
122159,69.05,272.18,940.13,-5705.0,2135.0,-14962.5
122188,50.02,268.77,941.35,-5057.5,857.5,-6457.5
122217,32.21,264.5,942.94,-6387.5,1802.5,105.0
122246,14.03,259.13,946.72,-3692.5,1557.5,7945.0
122276,-2.81,254.13,950.01,560.0,-1645.0,18112.5
122305,-15.13,250.1,952.7,-857.5,2677.5,28105.0
122334,-22.2,246.81,956.6,525.0,5547.5,33565.0
122363,-26.35,244.0,959.53,5862.5,-717.5,34930.0
122392,-29.16,242.05,960.38,8330.0,-4707.5,37117.5
122421,-31.6,240.1,959.65,8277.5,-2572.5,42385.0
122450,-32.57,238.14,958.07,8172.5,-1680.0,51660.0
122479,-27.82,237.17,957.21,8172.5,-17.5,61215.0
122508,-14.88,237.29,956.24,9730.0,1662.5,65397.5
122537,4.39,238.75,953.67,7385.0,4935.0,62335.0
122566,26.84,241.8,951.6,4077.5,8592.5,56315.0
122595,51.73,246.32,950.75,3570.0,10517.5,48510.0
122624,79.3,251.32,949.89,-437.5,17710.0,38587.5
122653,110.04,257.18,949.77,-2607.5,5425.0,19617.5
122682,141.15,262.79,953.55,1820.0,-17972.5,-7122.5
122710,165.92,266.69,958.43,5460.0,-14595.0,-23030.0
122739,181.78,269.5,958.43,3220.0,157.5,-26985.0
122768,193.61,272.18,955.26,560.0,175.0,-31080.0
122797,203.98,274.5,951.97,245.0,-6177.5,-40215.0
122826,209.96,275.72,948.67,-3902.5,-2047.5,-48387.5
122855,209.11,275.23,945.5,-7962.5,6790.0,-52710.0
122884,202.64,273.77,942.08,-10885.0,14140.0,-52500.0
122913,194.1,271.94,941.11,-13807.5,17115.0,-56525.0
122942,182.51,267.91,944.28,-7507.5,5285.0,-63682.5
122971,166.16,262.79,945.26,-4375.0,-4252.5,-66325.0
123000,145.42,256.69,944.16,-9222.5,-6895.0,-66045.0
123029,118.34,249.12,945.26,-11550.0,-980.0,-57435.0
123058,85.64,241.07,947.21,-12600.0,3570.0,-41772.5
123086,52.46,233.87,949.89,-9537.5,245.0,-25585.0
123115,21.59,227.41,952.45,-6335.0,-3185.0,-11480.0
