timestamp_ms,acc_x,acc_y,acc_z,gyro_x,gyro_y,gyro_z
5388,24.89,169.58,996.25,2765.0,11077.5,29067.5
5418,28.43,170.56,995.15,2975.0,11322.5,29190.0
5447,32.45,172.02,993.32,3885.0,8505.0,29820.0
5477,39.77,175.07,990.52,3097.5,7910.0,28647.5
5506,49.29,179.58,987.35,1942.5,6667.5,26075.0
5535,61.37,185.2,983.56,350.0,5722.5,22242.5
5564,75.15,191.91,980.15,-210.0,3622.5,16625.0
5593,88.57,198.86,976.98,332.5,630.0,10867.5
5623,101.75,206.06,973.19,-1137.5,-1715.0,4690.0
5652,113.83,213.01,970.14,-3010.0,-4847.5,-2275.0
5681,124.07,218.87,968.68,-2940.0,-7245.0,-8102.5
5710,132.61,223.87,967.46,-4287.5,-7350.0,-12880.0
5739,138.59,227.53,967.22,-5950.0,-7420.0,-16852.5
5768,143.59,230.21,968.44,-4760.0,-9607.5,-20685.0
5797,147.01,232.65,969.17,-2065.0,-14000.0,-25165.0
5826,148.35,234.97,968.92,-962.5,-17902.5,-28157.5
5855,149.33,236.68,969.66,-6475.0,-9537.5,-28997.5
5884,149.57,236.44,974.29,-10570.0,-2502.5,-30642.5
5913,148.11,234.12,981.49,-3587.5,-6545.0,-33040.0
5942,144.45,230.82,986.74,1855.0,-8382.5,-32847.5
5971,138.1,227.16,988.69,140.0,-3920.0,-30467.5
6000,128.34,222.53,990.03,577.5,-2870.0,-26565.0
6029,115.17,217.28,991.37,3955.0,-4462.5,-19950.0
6058,100.65,212.52,991.49,4200.0,-1802.5,-10237.5
6087,86.62,208.25,991.62,1925.0,2082.5,-927.5
6116,74.3,204.47,992.84,1627.5,4270.0,6405.0
6145,63.68,201.06,994.91,3972.5,4025.0,12775.0
6174,55.88,198.74,996.98,5985.0,5075.0,18427.5
6203,51.24,197.76,997.23,6842.5,6580.0,21787.5
6232,48.31,197.64,995.64,6230.0,7017.5,24657.5
6261,47.82,198.37,992.71,5967.5,6597.5,26390.0
6291,48.92,199.59,987.22,6492.5,4357.5,25760.0
6320,49.53,201.18,980.39,3780.0,4935.0,27492.5
6350,51.97,202.28,974.05,-875.0,7892.5,30887.5
6379,57.58,203.37,970.14,-5022.5,7962.5,31640.0
6409,66.49,204.96,968.44,-3027.5,2992.5,30660.0
6438,80.76,208.13,966.73,-1557.5,1610.0,27982.5
6468,100.16,213.01,965.75,-4200.0,3622.5,21857.5
6497,122.37,218.38,966.97,-5425.0,1505.0,12915.0
6527,143.72,223.5,969.66,-2765.0,-1785.0,2467.5
6556,161.65,228.51,970.51,245.0,-6072.5,-6405.0
6585,176.05,233.26,968.07,-35.0,-7735.0,-13597.5
6614,187.39,236.56,964.65,-4567.5,-7647.5,-19862.5
6643,195.57,237.66,963.43,-7735.0,-7385.0,-24710.0
6672,200.81,236.92,964.41,-8225.0,-9100.0,-28875.0
6701,203.13,235.22,966.48,-6860.0,-12460.0,-31797.5
6730,203.98,233.75,968.68,-6790.0,-12810.0,-33705.0
6759,203.62,232.78,971.0,-8207.5,-9240.0,-36732.5
6788,200.81,232.04,974.54,-7455.0,-9047.5,-39830.0
6817,194.1,229.85,978.93,-5810.0,-7840.0,-40267.5
6846,182.39,225.46,983.93,-4147.5,-5600.0,-37292.5
6875,166.9,219.84,988.93,-175.0,-2240.0,-30730.0
6904,148.96,214.72,992.59,2572.5,2502.5,-23800.0
6933,127.86,208.38,995.64,5267.5,4690.0,-14332.5
6963,106.51,201.3,996.86,8225.0,4847.5,-962.5
6992,89.3,195.44,994.79,6667.5,7210.0,10202.5
7022,75.52,190.81,992.71,3325.0,9187.5,18287.5
7051,64.17,185.81,993.2,3552.5,9922.5,26687.5
7080,57.95,181.66,994.06,5460.0,9975.0,34702.5
7109,58.32,179.46,994.06,3762.5,12617.5,36872.5
7138,61.73,178.12,993.32,4532.5,11882.5,37170.0
7167,66.86,177.27,990.52,6230.0,9362.5,37555.0
7196,73.93,177.02,985.88,3762.5,8907.5,36855.0
7225,82.72,176.9,981.86,122.5,10202.5,35717.5
7254,94.18,177.51,978.44,-507.5,8977.5,33425.0
7284,108.09,180.07,974.78,472.5,3360.0,27860.0
7313,123.46,184.95,970.39,210.0,1085.0,21735.0
7343,140.06,191.3,966.24,-2905.0,332.5,14490.0
7372,156.4,197.76,964.04,-5810.0,-420.0,6667.5
7402,171.9,204.23,963.07,-4515.0,-3342.5,-1487.5
7431,185.93,210.69,961.85,-5442.5,-7822.5,-10780.0
7460,197.03,215.94,961.73,-7350.0,-8662.5,-17132.5
7489,205.45,219.72,963.56,-8820.0,-8277.5,-22190.0
7518,211.43,222.04,966.36,-7332.5,-10062.5,-27597.5
7547,213.38,223.14,969.53,-6265.0,-11602.5,-31780.0
7576,211.91,223.14,972.58,-5022.5,-11340.0,-33740.0
7605,207.89,222.53,975.15,-4707.5,-10062.5,-35385.0
7633,200.69,221.06,978.44,-3482.5,-8907.5,-36225.0
7662,190.2,219.11,982.34,-332.5,-9100.0,-34335.0
7691,177.63,216.92,985.39,1505.0,-7700.0,-31185.0
7720,163.36,214.23,988.08,35.0,-2975.0,-26162.5
7749,146.77,209.72,994.3,-735.0,2082.5,-19425.0
7778,127.37,203.74,1002.23,7175.0,4270.0,-8452.5
7807,109.92,198.98,1005.28,8732.5,9030.0,3307.5
7836,96.38,194.96,1006.74,4900.0,16502.5,10850.0
7865,84.91,190.81,1007.96,8085.0,15802.5,16712.5
7894,74.91,186.78,1008.09,10622.5,13457.5,21472.5
7923,66.61,183.24,1006.5,12600.0,13825.0,28245.0
7952,61.49,181.29,1002.47,11532.5,13265.0,34177.5
7981,61.12,181.17,997.23,9345.0,12145.0,36907.5
8011,64.54,182.02,991.86,8032.5,9537.5,36120.0
8040,69.17,183.73,985.64,6965.0,5967.5,35262.5
8070,76.98,186.78,977.83,5145.0,4532.5,34055.0
8099,87.96,190.81,969.05,-105.0,4865.0,29890.0
8128,99.19,195.44,962.09,-4847.5,4060.0,26215.0
8157,111.75,200.69,957.46,-6072.5,1330.0,22032.5
8186,126.39,206.67,954.53,-8050.0,-192.5,15627.5
8215,141.4,213.01,954.28,-7437.5,-1802.5,8977.5
8244,155.92,219.36,954.89,-5775.0,-3955.0,2415.0
8273,169.7,225.21,954.04,-4795.0,-7490.0,-4655.0
8302,181.78,230.34,951.72,-4060.0,-13982.5,-12652.5
8331,191.17,234.61,949.4,-4882.5,-17657.5,-17832.5
8360,198.62,237.53,949.16,-10955.0,-10570.0,-19810.0
8389,204.96,239.24,952.09,-13492.5,-8470.0,-22260.0
8418,210.57,240.46,956.72,-10762.5,-10920.0,-27300.0
8447,213.5,240.83,961.6,-10430.0,-8855.0,-30222.5
8476,213.99,240.95,965.26,-8855.0,-8522.5,-31500.0
8505,213.5,241.32,967.95,-9345.0,-8995.0,-34912.5
8534,210.33,239.49,973.8,-9432.5,-4340.0,-37765.0
8563,203.37,235.95,981.73,-4042.5,-4287.5,-37117.5
8592,194.1,232.04,987.96,52.5,-4550.0,-35437.5
8622,181.17,227.41,992.96,2275.0,262.5,-30520.0
8651,163.72,222.41,996.5,6842.5,490.0,-22102.5
8680,144.94,217.16,998.2,8820.0,2065.0,-11707.5
8709,127.49,211.43,999.55,8312.5,5372.5,-2590.0
8738,111.14,205.57,1001.86,10535.0,6177.5,5582.5
8767,96.01,200.32,1004.67,12022.5,9450.0,14472.5
8796,84.18,195.93,1007.11,13510.0,11480.0,21717.5
8825,76.25,193.0,1007.48,15050.0,13125.0,27947.5
8854,72.1,191.91,1004.67,15767.5,13930.0,33232.5
8883,71.98,193.0,998.57,14822.5,13755.0,36452.5
8912,75.88,195.69,990.27,11322.5,13177.5,36522.5
8941,82.47,199.23,981.12,9607.5,9957.5,34632.5
8970,89.55,203.01,971.61,7245.0,5792.5,31745.0
9000,97.36,207.52,962.58,2520.0,6895.0,32200.0
9029,107.97,212.89,954.77,-1120.0,6615.0,31622.5
9059,122.0,219.48,947.94,-3220.0,3307.5,27685.0
9088,138.23,227.04,942.08,-5407.5,105.0,21717.5
9118,156.16,235.46,937.69,-7787.5,-1400.0,14227.5
9147,174.09,243.88,935.5,-10867.5,-1365.0,5810.0
9176,190.32,251.2,935.98,-9992.5,-3745.0,-2310.0
9205,204.35,257.18,936.59,-8697.5,-6475.0,-9065.0
9234,215.45,262.3,936.72,-11637.5,-6055.0,-15452.5
9263,223.26,265.11,938.42,-14105.0,-4200.0,-19862.5
9291,228.02,265.35,941.11,-12285.0,-5792.5,-23345.0
9320,230.82,264.25,942.69,-11252.5,-8102.5,-26950.0
9349,231.31,261.81,945.26,-14647.5,-5565.0,-29522.5
9378,229.48,258.27,951.36,-15242.5,-2607.5,-30555.0
9407,226.43,254.49,958.68,-8977.5,-7647.5,-32865.0
9436,222.28,251.32,964.04,-5915.0,-8960.0,-34895.0
9465,215.82,248.88,967.83,-6772.5,-5722.5,-34510.0
9494,207.89,245.83,972.58,-5810.0,-1557.5,-34457.5
9523,197.4,241.8,977.71,-1260.0,105.0,-33512.5
9553,182.27,237.17,981.25,1137.5,787.5,-29697.5
9582,163.11,231.56,985.27,2607.5,2047.5,-21927.5
9612,142.74,224.6,991.01,6580.0,4707.5,-10885.0
9641,123.22,217.16,996.5,8697.5,7017.5,105.0
9670,106.26,210.82,1000.28,11340.0,7507.5,8505.0
9699,91.99,205.81,1001.99,13422.5,8417.5,15487.5
9728,79.79,202.03,1002.72,14455.0,11620.0,22820.0
9757,70.76,199.35,1001.99,16975.0,12197.5,30327.5
9786,67.1,199.1,998.33,15155.0,12740.0,32742.5
9815,66.37,200.32,993.08,11987.5,11725.0,32042.5
9844,66.25,201.79,987.35,11130.0,10605.0,33810.0
9873,68.08,203.98,979.78,7525.0,11095.0,35140.0
9902,71.74,206.67,971.97,3762.5,11042.5,35525.0
9932,77.1,209.96,964.17,2520.0,8137.5,34930.0
9961,85.28,214.23,955.5,-227.5,6597.5,33757.5
9991,97.11,219.84,947.33,-5880.0,5390.0,29837.5
10020,111.26,226.31,941.6,-9310.0,4812.5,24377.5
10049,127.12,233.02,938.67,-11322.5,2660.0,18812.5
10078,145.3,240.1,938.3,-11865.0,-1172.5,9362.5
10106,162.75,246.2,940.5,-11147.5,-3045.0,-1470.0
10135,176.17,251.44,943.67,-9835.0,-5285.0,-9082.5
10164,186.66,255.59,946.72,-10027.5,-5442.5,-15085.0
10193,194.22,257.91,949.53,-9467.5,-6440.0,-20090.0
10221,198.98,258.52,951.23,-8382.5,-9502.5,-24727.5
10250,202.03,258.03,952.82,-8487.5,-11812.5,-27335.0
10278,204.35,256.57,955.75,-9030.0,-10395.0,-30555.0
10307,205.2,254.25,960.63,-9835.0,-8085.0,-32567.5
10336,203.37,251.08,966.36,-7297.5,-8400.0,-34545.0
10365,199.59,247.54,971.85,-4777.5,-8242.5,-35420.0
10394,193.13,243.76,976.98,-5337.5,-4357.5,-35052.5
10423,183.98,239.61,982.34,-1960.0,-3080.0,-34072.5
10452,171.65,234.85,985.88,1942.5,-4707.5,-32655.0
10481,154.82,229.48,988.2,2397.5,-2555.0,-27772.5
10510,134.57,223.02,991.62,3885.0,402.5,-18322.5
10540,114.07,216.43,995.28,5512.5,2712.5,-6807.5
10569,95.89,210.33,998.94,6055.0,6440.0,3937.5
10598,81.25,205.2,1001.99,8610.0,7455.0,11357.5
10627,69.05,201.42,1002.84,11130.0,7822.5,17675.0
10656,59.78,198.98,1001.38,9660.0,10010.0,23397.5
10685,54.05,197.88,998.94,9187.5,11130.0,27702.5
10714,51.73,197.76,995.52,8820.0,11060.0,29890.0
10743,51.61,198.74,991.37,7962.5,10692.5,32025.0
10772,54.05,200.32,987.47,5880.0,11690.0,33197.5
10801,57.95,201.79,983.81,4217.5,10115.0,31517.5
10830,61.61,203.13,980.64,4445.0,8715.0,32760.0
10860,66.86,205.2,976.49,4812.5,8155.0,33862.5
10889,74.42,207.89,970.51,2275.0,7560.0,32375.0
10919,82.23,210.45,964.9,-1242.5,6492.5,29190.0
10948,91.26,213.13,959.65,-1417.5,3570.0,27790.0
10978,104.68,217.4,954.53,-4007.5,805.0,23082.5
11007,121.15,223.02,950.5,-7752.5,875.0,15242.5
11037,136.64,228.38,949.4,-10220.0,770.0,7402.5
11066,151.16,232.65,950.14,-9065.0,-1907.5,-227.5
11095,163.36,236.07,950.38,-8802.5,-4042.5,-7000.0
11124,173.0,238.51,950.87,-10255.0,-5530.0,-12040.0
11152,180.68,239.36,952.09,-10552.5,-7157.5,-16537.5
11181,185.44,238.63,953.31,-10027.5,-10430.0,-19705.0
11209,187.76,236.8,955.63,-10115.0,-12390.0,-21910.0
11238,188.86,233.87,960.63,-11865.0,-8785.0,-24290.0
11266,188.37,230.34,966.61,-10517.5,-8295.0,-25480.0
11295,187.03,226.68,973.32,-8032.5,-7997.5,-26092.5
11324,184.83,223.99,978.68,-7052.5,87.5,-24517.5
11353,182.76,222.41,982.22,-6685.0,-5530.0,-27912.5
11382,179.83,220.7,986.74,-5442.5,-4725.0,-29522.5
11411,175.31,219.23,990.88,-2485.0,-3097.5,-29522.5
11440,169.95,218.38,993.32,-822.5,-2187.5,-29470.0
11469,162.75,217.04,995.64,822.5,-612.5,-29592.5
11498,152.5,214.35,998.08,4322.5,-1452.5,-27195.0
11526,140.42,211.43,1000.03,5495.0,122.5,-22067.5
11555,127.12,208.38,1002.84,5005.0,3955.0,-16712.5
11584,112.0,204.23,1008.21,7157.5,6317.5,-10937.5
11613,95.65,198.98,1013.09,12512.5,6422.5,-2415.0
11642,79.79,195.08,1013.82,15085.0,6720.0,5897.5
11671,65.88,192.64,1010.53,14560.0,8662.5,13020.0
11700,54.78,191.05,1006.38,11130.0,11200.0,19022.5
11729,46.97,189.83,1003.57,10360.0,12232.5,24080.0
11758,41.72,189.34,1001.13,9607.5,12005.0,26477.5
11787,38.92,190.08,997.72,10535.0,11182.5,29837.5
11816,39.41,192.03,993.08,8435.0,12512.5,31255.0
11845,41.72,194.71,988.2,6300.0,12372.5,30922.5
11874,43.92,197.27,982.71,5757.5,9940.0,30817.5
11904,47.09,199.59,976.37,3517.5,9485.0,31675.0
11933,52.34,202.4,970.14,-490.0,8925.0,30782.5
11963,59.78,205.94,965.02,-1977.5,7175.0,28805.0
11992,68.69,209.84,959.9,-3010.0,5180.0,26635.0
12021,80.28,214.96,954.41,-5425.0,4147.5,23362.5
12050,94.18,221.06,950.01,-9345.0,3342.5,16275.0
12079,107.36,226.8,948.31,-10482.5,1207.5,9870.0
12108,120.05,231.92,948.67,-10202.5,-787.5,4095.0
12137,132.37,236.07,949.65,-9975.0,-3202.5,-2905.0
12166,142.37,238.39,949.89,-8942.5,-7052.5,-8487.5
12195,150.3,239.49,948.67,-8750.0,-10115.0,-12162.5
12224,157.01,239.97,948.43,-12757.5,-9397.5,-16502.5
12253,162.02,239.12,950.87,-13335.0,-9677.5,-19652.5
12282,165.55,237.05,954.04,-12425.0,-11602.5,-22365.0
12311,167.87,234.97,957.94,-12302.5,-11952.5,-25445.0
12340,168.73,232.04,963.56,-11340.0,-12442.5,-28542.5
12369,168.36,228.14,970.14,-6580.0,-16082.5,-30905.0
12398,167.75,224.24,976.24,-3832.5,-15347.5,-31815.0
12427,165.92,220.33,982.1,-6545.0,-4130.0,-30677.5
12455,163.24,216.43,988.2,-6615.0,-3762.5,-29540.0
12484,160.8,213.74,992.96,-2835.0,-5442.5,-30817.5
12512,156.65,211.79,995.64,-1382.5,-4585.0,-31255.0
12541,149.08,209.6,998.08,1085.0,-3955.0,-29697.5
12570,138.1,207.4,999.79,4095.0,-4637.5,-25567.5
12599,125.78,205.2,1001.13,3535.0,-1925.0,-20580.0
12628,111.51,201.54,1005.4,2922.5,2660.0,-14875.0
12657,95.28,196.18,1012.23,7647.5,4340.0,-6685.0
12686,79.3,191.3,1016.99,12827.5,4620.0,2520.0
12715,65.15,187.15,1017.97,14892.5,6562.5,10605.0
12744,53.44,183.61,1016.26,15382.5,9100.0,18970.0
12773,45.14,180.8,1012.48,12757.5,11777.5,25060.0
12802,38.92,178.12,1009.43,10447.5,12582.5,29067.5
12831,35.14,175.92,1007.6,12862.5,12005.0,35577.5
12860,36.11,175.68,1004.06,12495.0,12005.0,39147.5
12889,40.02,176.66,999.67,10885.0,11497.5,39357.5
12918,45.02,177.75,994.42,11865.0,8575.0,40057.5
12947,51.73,179.71,987.71,11865.0,7262.5,41877.5
12976,62.46,183.24,979.78,8470.0,7700.0,41002.5
13005,76.13,188.12,971.24,1732.5,7787.5,35647.5
13034,89.91,193.0,964.53,-3605.0,7770.0,30625.0
13063,104.07,198.37,959.9,-4392.5,6282.5,27825.0
13092,121.51,205.2,955.87,-5950.0,3202.5,21735.0
13121,139.81,212.65,952.45,-7525.0,1452.5,13090.0
13150,155.92,220.21,950.62,-8347.5,-525.0,5915.0
13179,170.92,227.29,950.62,-8085.0,-2240.0,-1137.5
13208,184.71,232.65,952.33,-9100.0,-1242.5,-8505.0
13237,196.42,236.44,953.06,-7315.0,-3220.0,-14157.5
13266,206.67,239.61,950.38,-8067.5,-6195.0,-19932.5
13295,215.94,241.68,947.82,-12390.0,-5547.5,-25550.0
13324,222.77,241.32,948.43,-14717.5,-5320.0,-30030.0
13353,227.65,239.36,951.72,-12705.0,-7560.0,-33617.5
13381,229.85,235.83,956.48,-11392.5,-9047.5,-38097.5
13410,227.9,230.95,960.63,-7682.5,-14472.5,-41352.5
13438,222.89,225.58,963.92,-6545.0,-18567.5,-42157.5
13467,216.79,220.94,967.95,-8452.5,-12285.0,-39550.0
13495,210.82,217.4,972.83,-9275.0,-7297.5,-37607.5
13524,204.23,214.35,977.83,-4917.5,-8645.0,-38447.5
13553,193.74,211.18,982.1,-2485.0,-6352.5,-37450.0
13582,179.22,207.4,986.13,-2625.0,-2082.5,-33250.0
13611,162.38,203.13,991.37,-682.5,87.5,-27142.5
13640,144.08,198.37,998.2,2607.5,2625.0,-20510.0
13669,122.98,192.76,1005.52,7105.0,5390.0,-9397.5
13698,101.99,187.64,1010.4,10727.5,7122.5,3605.0
13727,85.16,184.1,1012.23,11690.0,9240.0,12127.5
13756,71.61,181.29,1012.6,12425.0,11462.5,19722.5
13785,61.24,179.34,1011.87,13510.0,12862.5,26687.5
13814,54.78,178.61,1009.18,12950.0,13772.5,31097.5
13843,51.61,178.61,1005.77,11882.5,14682.5,34247.5
13871,50.39,178.97,1001.5,11410.0,13685.0,36750.0
13900,51.85,179.58,995.89,11970.0,10237.5,38482.5
13929,56.61,181.78,988.93,10412.5,7437.5,36575.0
13958,61.49,184.46,982.1,7385.0,7192.5,35052.5
13987,66.12,187.51,976.0,5005.0,8505.0,37030.0
14016,73.44,191.54,969.66,2975.0,7245.0,36715.0
14045,82.72,196.18,964.17,-192.5,6667.5,34492.5
14074,92.72,200.93,960.51,-1085.0,5355.0,32882.5
14103,104.68,206.42,956.6,-857.5,2502.5,30660.0
14132,121.27,213.26,953.06,-3832.5,1330.0,26110.0
14161,143.23,222.04,951.84,-5407.5,-52.5,19092.5
14190,167.87,232.41,951.84,-5512.5,-2117.5,6755.0
14219,189.1,241.8,952.09,-5792.5,-3237.5,-5355.0
14248,204.84,249.25,952.21,-6300.0,-3815.0,-13195.0
14277,216.79,254.37,952.45,-8050.0,-2695.0,-19775.0
14305,225.21,256.81,953.55,-8225.0,-2905.0,-25392.5
14334,230.46,257.18,954.28,-6247.5,-6212.5,-29995.0
14362,233.39,256.69,954.77,-7297.5,-5950.0,-33267.5
14391,234.12,255.1,956.48,-7997.5,-5547.5,-36242.5
14419,233.39,252.17,958.43,-6475.0,-5845.0,-38010.0
14448,231.07,249.37,959.77,-5792.5,-7612.5,-40407.5
14477,226.92,246.32,961.12,-5827.5,-8627.5,-42175.0
14506,220.82,242.54,963.43,-6790.0,-6667.5,-42875.0
14535,212.77,238.02,966.24,-5127.5,-5915.0,-42175.0
14564,203.13,233.51,968.68,-3360.0,-7070.0,-42262.5
14593,191.3,228.51,970.39,-3342.5,-5460.0,-41475.0
14622,175.31,223.5,971.49,-2152.5,-3815.0,-37642.5
14651,156.89,218.5,971.97,-3115.0,-1995.0,-32060.0
14680,136.03,212.52,972.83,-3850.0,402.5,-25917.5
14709,111.63,205.33,974.29,-2677.5,350.0,-16852.5
14739,85.16,197.52,977.1,-2432.5,2782.5,-2205.0
14768,62.46,190.81,981.12,-1277.5,5355.0,12950.0
14797,46.12,185.81,985.88,962.5,6335.0,21437.5
14826,34.28,183.0,990.15,4095.0,6282.5,28157.5
14855,26.84,181.78,993.2,5740.0,7472.5,33740.0
14884,23.55,181.66,994.54,7105.0,7420.0,36540.0
14913,22.33,181.9,994.3,8067.5,6790.0,38237.5
14942,21.96,182.02,992.59,7735.0,6982.5,41090.0
14971,24.4,182.51,990.4,6685.0,6125.0,42997.5
15000,30.26,183.24,988.2,6527.5,4812.5,41790.0
15029,36.97,184.71,985.64,6877.5,3465.0,40950.0
15059,45.26,187.39,981.61,7577.5,752.5,39917.5
15088,56.73,190.93,976.12,7507.5,-3622.5,35315.0
15118,69.3,194.71,971.0,5565.0,-1750.0,31640.0
15147,79.42,197.52,967.7,2712.5,822.5,31850.0
15177,91.13,200.81,964.9,2625.0,-857.5,31552.5
15206,108.7,205.94,961.97,-980.0,-875.0,25952.5
15235,129.81,212.52,961.24,-3115.0,-210.0,17850.0
15264,152.74,220.09,962.46,-1347.5,-1820.0,8557.5
15293,176.41,228.38,962.46,-140.0,-1977.5,-2100.0
15322,196.42,236.19,961.48,-2887.5,-805.0,-12740.0
15351,211.3,241.8,961.24,-3465.0,332.5,-19740.0
15380,223.02,245.34,961.12,-2782.5,-2205.0,-26495.0
15409,231.07,246.93,960.38,-2607.5,-3622.5,-31465.0
15438,235.46,247.05,958.68,-3237.5,-4672.5,-34650.0
15467,237.9,246.93,956.6,-4637.5,-5442.5,-37607.5
15496,238.63,246.32,955.63,-5862.5,-6545.0,-40915.0
15525,236.92,244.37,955.75,-4795.0,-7752.5,-42297.5
15554,233.14,242.05,955.5,-5337.5,-7892.5,-43942.5
15583,226.68,239.0,955.75,-5722.5,-7192.5,-44975.0
15612,217.65,235.22,956.48,-5897.5,-6177.5,-43750.0
15641,206.18,231.56,957.33,-7647.5,-4357.5,-42490.0
15669,190.08,226.55,959.65,-6650.0,-3832.5,-39340.0
15698,168.97,220.33,962.82,-5285.0,-3255.0,-32095.0
15726,144.33,213.01,967.95,-4830.0,-367.5,-23555.0
15755,116.88,204.72,975.02,-280.0,1067.5,-10657.5
15784,90.04,197.4,981.0,3552.5,1697.5,5407.5
15813,69.54,192.88,985.03,5687.5,3867.5,17692.5
15842,55.88,190.69,987.22,5722.5,5670.0,23782.5
15871,45.87,189.71,989.05,5757.5,7455.0,29750.0
15900,39.65,189.34,989.66,7595.0,8347.5,35472.5
15929,36.48,189.47,988.2,6545.0,9187.5,37012.5
15958,34.16,188.73,987.83,7542.5,7525.0,41510.0
15988,36.36,188.86,986.98,10342.5,7472.5,46462.5
16017,43.92,190.69,983.56,6107.5,9712.5,43942.5
16047,51.85,193.37,979.54,4462.5,7997.5,41510.0
16076,60.51,197.15,974.9,3692.5,6562.5,40285.0
16106,72.22,201.79,969.9,87.5,8207.5,35752.5
16135,84.06,205.94,966.24,-910.0,6807.5,30520.0
16164,95.65,210.57,963.31,2222.5,1382.5,27790.0
16193,111.02,216.67,960.14,1015.0,-17.5,22750.0
16222,128.95,223.75,959.41,-4620.0,4112.5,16135.0
16251,148.6,231.31,962.82,-4095.0,4060.0,8890.0
16280,168.12,239.73,965.75,1242.5,-945.0,-1470.0
16309,184.83,248.03,965.02,857.5,-2730.0,-10272.5
16338,197.88,254.86,963.07,-1750.0,-2940.0,-17570.0
16367,208.62,259.37,962.34,-2380.0,-3622.5,-23905.0
16396,216.31,261.81,961.85,-2082.5,-5250.0,-30135.0
16425,219.97,262.91,960.99,-1837.5,-6912.5,-34160.0
16454,220.94,262.54,959.9,-2642.5,-7472.5,-36977.5
16483,219.84,260.96,958.55,-4095.0,-7875.0,-40005.0
16512,216.06,258.15,955.87,-5442.5,-9327.5,-42682.5
16541,209.72,254.25,953.31,-8750.0,-8907.5,-44502.5
16570,201.06,249.37,952.82,-9852.5,-5705.0,-43242.5
16598,191.05,244.0,953.31,-11882.5,-2467.5,-41282.5
16627,177.27,237.66,955.38,-13615.0,-665.0,-38622.5
16655,157.62,229.85,961.36,-10045.0,-4060.0,-32567.5
16684,135.91,221.19,969.17,-4007.5,-4025.0,-23117.5
16712,112.73,212.52,976.12,-2660.0,717.5,-13580.0
16741,87.6,204.11,982.1,1960.0,682.5,-1085.0
16770,65.15,197.4,985.64,4707.5,980.0,12407.5
16800,49.41,192.76,987.35,4637.5,3395.0,21437.5
16829,39.28,189.95,988.32,5127.5,4847.5,26530.0
16858,32.7,188.49,989.18,6090.0,5547.5,30782.5
16887,29.04,187.51,989.18,7210.0,6737.5,36032.5
16917,28.91,186.9,988.32,5582.5,7472.5,36680.0
16946,30.26,186.42,986.98,6160.0,4900.0,36662.5
16976,32.57,186.54,984.66,6160.0,4235.0,38447.5
17005,38.19,187.76,980.76,3307.5,5617.5,38972.5
17035,46.36,189.59,976.61,-402.5,6895.0,35437.5
17064,53.68,191.05,973.93,-420.0,5022.5,32882.5
17093,60.63,192.27,972.1,577.5,3290.0,33197.5
17122,69.3,194.47,969.9,-1260.0,3727.5,32357.5
17151,80.76,197.52,968.19,-3202.5,2520.0,30082.5
17180,97.11,201.79,968.44,-4637.5,-315.0,25567.5
17209,120.17,208.01,971.24,-4882.5,-2345.0,16747.5
17238,145.55,216.31,975.39,-4077.5,297.5,3360.0
17267,167.14,224.24,978.56,-892.5,-140.0,-7857.5
17296,185.93,230.58,978.93,140.0,-1260.0,-17815.0
17325,201.79,234.73,977.46,-840.0,-2957.5,-28490.0
17354,211.91,235.46,976.0,-1190.0,-4567.5,-35752.5
17383,217.4,234.24,974.54,-1505.0,-5232.5,-40005.0
17412,219.84,231.8,973.07,-2852.5,-5932.5,-44100.0
17441,218.87,227.77,972.71,-2747.5,-6370.0,-47057.5
17470,214.23,222.77,972.34,-2415.0,-7087.5,-48090.0
17499,205.69,217.16,971.0,-3027.5,-6597.5,-47705.0
17528,193.37,210.82,969.29,-4182.5,-6265.0,-45010.0
17557,177.88,204.23,967.95,-4830.0,-6160.0,-40652.5
17585,160.67,197.52,965.87,-6947.5,-8505.0,-35805.0
17614,143.35,191.17,965.63,-11970.0,-6387.5,-32077.5
17642,121.15,183.0,971.36,-13002.5,2485.0,-24797.5
17671,94.43,172.75,981.12,-6370.0,3237.5,-10430.0
17700,69.78,163.36,990.15,1540.0,577.5,3815.0
17730,50.26,156.65,996.5,4637.5,2835.0,14507.5
17759,35.38,152.26,1001.01,7017.5,4480.0,22750.0
17788,24.4,149.57,1003.57,9450.0,4812.5,31640.0
17817,19.03,148.6,1003.33,9187.5,6597.5,36907.5
17846,18.18,148.84,1001.5,8225.0,7875.0,38167.5
17875,18.06,148.96,999.42,8505.0,7892.5,40757.5
17905,20.01,149.57,996.25,8575.0,7472.5,44100.0
17934,26.11,151.52,992.59,4900.0,7245.0,42647.5
17964,33.92,154.21,989.54,4742.5,5845.0,41072.5
17993,42.09,157.14,985.39,3955.0,4392.5,40075.0
18023,51.24,160.31,981.0,70.0,5372.5,36855.0
18052,60.15,163.6,977.22,-1977.5,3867.5,35157.5
18081,71.0,167.63,974.17,-2170.0,-437.5,35472.5
18110,90.04,174.46,971.85,-1645.0,-3395.0,31132.5
18139,117.24,183.98,972.46,-4917.5,-2240.0,16922.5
18168,144.45,193.49,977.95,-3832.5,-2642.5,1435.0
18197,167.63,202.15,983.44,3517.5,-5075.0,-9275.0
18226,187.64,210.08,984.42,3587.5,-4882.5,-20090.0
18255,202.4,215.82,982.83,2082.5,-4935.0,-28980.0
18284,212.28,218.87,979.9,1102.5,-6195.0,-35665.0
18313,218.87,219.11,976.0,-1050.0,-5600.0,-41772.5
18342,220.94,217.53,972.1,-2817.5,-6475.0,-46007.5
18371,218.87,214.6,968.56,-3220.0,-8715.0,-47722.5
18400,214.72,210.69,965.51,-5407.5,-8767.5,-48667.5
18429,207.89,205.69,963.92,-7350.0,-7857.5,-47705.0
18458,198.37,200.2,963.43,-10027.5,-5775.0,-46270.0
18487,185.44,193.74,964.53,-11532.5,-5740.0,-45745.0
18515,165.92,185.81,968.07,-8872.5,-5390.0,-41002.5
18544,140.18,177.39,973.19,-7402.5,-1925.0,-30432.5
18572,110.65,168.12,979.78,-6545.0,3500.0,-17815.0
18601,79.67,158.48,988.2,-2975.0,5162.5,-1855.0
18630,53.31,150.55,996.86,3325.0,4777.5,15470.0
18659,34.77,145.3,1003.33,7997.5,7630.0,28105.0
18688,23.91,142.98,1006.13,11235.0,6265.0,36540.0
18717,20.74,143.47,1006.13,12267.5,5215.0,39952.5
18746,21.96,145.18,1004.06,10675.0,6597.5,38885.0
18775,23.06,147.01,1001.38,11235.0,5985.0,40897.5
18804,25.5,149.33,997.23,11742.5,4725.0,45045.0
18833,32.7,153.35,990.4,9205.0,3167.5,45027.5
18862,43.07,158.23,982.59,5442.5,3342.5,40862.5
18892,52.22,162.26,975.27,1907.5,2590.0,40092.5
18921,62.46,166.41,967.95,-280.0,-52.5,40460.0
18951,78.81,172.02,961.12,-5442.5,525.0,37677.5
18980,101.63,179.58,960.63,-11655.0,7227.5,29365.0
19009,128.1,188.12,966.97,-9362.5,8540.0,16205.0
19038,153.35,197.4,974.54,-752.5,-3010.0,875.0
19067,174.34,206.79,979.42,2380.0,-4585.0,-11025.0
19096,191.17,214.6,980.51,1015.0,-1732.5,-18777.5
19125,205.33,219.97,978.44,367.5,-3097.5,-27580.0
19154,215.45,222.77,974.17,-1137.5,-4322.5,-35175.0
19183,221.06,223.75,968.8,-5145.0,-5180.0,-40197.5
19212,223.75,222.53,965.51,-7350.0,-6825.0,-44555.0
19241,223.75,219.6,964.41,-6387.5,-8610.0,-48982.5
19270,218.38,215.45,964.53,-4480.0,-9695.0,-50242.5
19299,207.64,212.28,964.78,-2257.5,-8732.5,-45307.5
19328,195.81,209.84,964.65,-5740.0,-6580.0,-42490.0
19357,182.02,204.96,966.85,-8925.0,-1750.0,-41737.5
19386,161.04,195.93,972.46,-7997.5,70.0,-37677.5
19415,131.76,183.73,979.78,-2502.5,-367.5,-24640.0
19444,98.21,170.8,986.13,577.5,1715.0,-4830.0
19473,67.34,159.7,990.76,4410.0,1557.5,15137.5
19503,45.63,151.77,993.08,6877.5,962.5,30257.5
19532,34.77,147.74,994.42,6440.0,4672.5,37205.0
19561,31.11,146.64,995.15,7245.0,5005.0,38430.0
19590,29.52,146.64,995.15,8207.5,4690.0,40652.5
19619,30.5,147.62,994.06,8750.0,5197.5,44467.5
19648,35.38,149.21,991.13,6807.5,4900.0,44170.0
19677,42.7,151.77,987.35,5250.0,4375.0,43557.5
19706,52.95,155.79,983.08,4970.0,2992.5,43190.0
19735,66.37,160.31,977.83,2765.0,4042.5,39742.5
19764,78.32,164.09,973.8,-945.0,4777.5,34755.0
19793,88.82,167.75,972.1,-857.5,3412.5,34002.5
19822,104.55,173.24,972.22,-1295.0,3097.5,30730.0
19851,127.37,181.05,974.9,-1907.5,3517.5,21665.0
19880,151.65,189.83,979.42,1102.5,2747.5,10255.0
19909,175.19,199.1,981.73,5810.0,-507.5,525.0
19939,198.62,208.62,979.9,5215.0,-1890.0,-12285.0
19968,217.77,216.67,975.76,2712.5,-3710.0,-24115.0
19997,230.82,221.92,971.24,-665.0,-3255.0,-32077.5
20026,238.27,224.36,966.97,-1960.0,-4865.0,-37520.0
20055,241.56,225.09,963.31,-3430.0,-6790.0,-41160.0
20084,242.29,224.36,961.73,-6212.5,-5337.5,-43575.0
20112,240.71,222.04,962.95,-6650.0,-5110.0,-45797.5
20141,235.95,218.14,966.0,-3517.5,-8382.5,-48807.5
20169,226.43,213.26,968.68,-717.5,-10430.0,-47530.0
20198,213.26,208.62,968.44,-1540.0,-7507.5,-42980.0
20227,197.64,204.35,966.12,-5530.0,-3657.5,-37835.0
20256,178.61,199.59,965.14,-7227.5,-1610.0,-33512.5
20285,154.82,194.59,965.75,-5495.0,-2030.0,-25287.5
20314,129.08,189.22,967.7,-6475.0,-717.5,-14280.0
20343,104.43,183.37,972.34,-5285.0,2012.5,-2327.5
20372,82.96,177.75,978.68,-3185.0,3867.5,7122.5
20401,64.78,173.48,985.39,927.5,3745.0,15382.5
20431,51.48,171.04,989.91,4672.5,3762.5,22837.5
20460,42.21,169.46,992.35,5547.5,5285.0,27510.0
20490,34.04,167.51,993.32,6947.5,5670.0,32357.5
20519,28.79,166.65,992.71,8260.0,4235.0,39165.0
20549,29.77,167.63,990.4,8137.5,5617.5,43470.0
20578,34.65,169.46,986.37,3657.5,7910.0,42857.5
20607,40.75,171.17,983.2,2240.0,6475.0,42595.0
20636,47.58,172.39,980.27,2870.0,3972.5,43295.0
20665,56.61,173.97,977.22,577.5,4060.0,43610.0
20694,70.03,176.66,974.78,-1260.0,4322.5,40687.5
20723,88.82,181.54,973.56,-2152.5,2030.0,35822.5
20752,116.63,189.83,974.54,-717.5,-2817.5,26162.5
20781,149.82,199.84,976.0,1592.5,-3132.5,7000.0
20810,177.39,209.47,976.0,2135.0,-6195.0,-9520.0
20839,198.98,217.65,974.9,2310.0,-8032.5,-19740.0
20868,216.31,223.75,972.58,-1242.5,-4847.5,-29190.0
20897,227.53,227.16,970.14,-2695.0,-5390.0,-35910.0
20926,234.24,228.63,967.46,-1260.0,-9590.0,-39987.5
20955,237.29,228.75,964.53,-3535.0,-11042.5,-44152.5
20984,236.8,227.41,963.07,-5722.5,-9730.0,-46147.5
21013,232.17,224.85,962.46,-4882.5,-10570.0,-47915.0
21042,222.89,221.06,961.24,-4935.0,-11655.0,-46812.5
21071,210.69,216.06,960.63,-8015.0,-7210.0,-42280.0
21099,195.08,209.11,961.97,-10255.0,-1050.0,-39182.5
21128,173.12,200.08,965.63,-8802.5,1155.0,-33197.5
21157,143.84,189.59,971.12,-7822.5,3675.0,-22750.0
21186,110.41,177.39,979.54,-4917.5,6002.5,-5792.5
21215,79.91,165.43,987.59,1137.5,5600.0,12232.5
21244,55.88,156.77,992.35,4095.0,6877.5,26617.5
21273,39.77,152.01,995.03,5775.0,8120.0,40302.5
21302,34.89,150.79,995.28,7577.5,8137.5,48107.5
21331,37.58,151.65,993.2,3990.0,10342.5,45482.5
21360,40.75,152.62,992.47,2065.0,10640.0,45955.0
21389,46.6,154.33,992.23,6335.0,7770.0,50032.5
21419,57.95,157.38,989.54,5250.0,6580.0,46375.0
21448,69.54,161.04,986.74,1662.5,6737.5,42087.5
21478,81.86,165.19,985.52,2170.0,3517.5,40775.0
21507,98.58,170.31,984.54,2327.5,2712.5,34335.0
21537,117.0,176.66,983.56,2030.0,2695.0,26477.5
21566,136.88,184.46,983.32,2677.5,997.5,18707.5
21595,159.58,193.98,982.34,3920.0,-367.5,7245.0
21624,180.8,203.5,980.03,2240.0,-542.5,-4742.5
21653,197.52,211.3,977.95,525.0,-892.5,-14087.5
21682,209.6,216.92,976.24,1085.0,-4077.5,-22120.0
21711,217.65,220.45,974.29,0.0,-5320.0,-28000.0
21740,221.92,222.04,972.95,-595.0,-6002.5,-32007.5
21769,222.77,222.53,971.36,175.0,-8522.5,-34142.5
21798,222.28,223.02,968.56,-840.0,-9975.0,-36050.0
21827,220.21,222.53,966.0,-3605.0,-9047.5,-38622.5
21856,215.7,221.19,964.29,-3622.5,-10097.5,-39130.0
21885,210.57,220.21,962.58,-3202.5,-10867.5,-39200.0
21914,204.84,219.6,960.51,-5775.0,-9012.5,-40757.5
21943,196.42,217.89,960.26,-8277.5,-6650.0,-42350.0
21972,183.37,213.74,961.85,-8995.0,-3797.5,-39970.0
22001,164.09,207.16,966.0,-10832.5,0.0,-33530.0
22031,139.69,198.98,972.71,-7647.5,-385.0,-24185.0
22060,113.09,190.2,980.64,-1715.0,-3885.0,-14192.5
22088,86.38,182.27,987.59,4112.5,-2065.0,2030.0
22117,65.03,176.9,991.25,3465.0,3307.5,17727.5
22146,52.22,174.22,993.2,2817.5,7367.5,26110.0
22175,45.63,173.24,995.03,4567.5,8487.5,31290.0
22204,43.68,173.73,996.25,6807.5,9502.5,34370.0
22233,44.9,175.68,995.64,7542.5,7577.5,34545.0
22262,48.43,178.49,993.69,7420.0,4847.5,33845.0
22291,53.92,181.66,989.91,6562.5,5372.5,32690.0
22320,59.29,184.71,984.91,1470.0,7385.0,29925.0
22349,62.95,186.66,981.25,297.5,7210.0,30415.0
22378,67.34,188.37,977.95,1120.0,5232.5,31465.0
22408,73.44,190.32,974.29,-1452.5,5127.5,30415.0
22437,81.01,192.88,972.1,-2030.0,4200.0,30520.0
22467,91.5,196.54,970.75,-2310.0,3430.0,29330.0
22496,106.87,202.03,969.9,-2660.0,2327.5,24517.5
22525,127.37,209.47,969.78,-1365.0,-332.5,15925.0
22554,150.18,217.89,970.88,-2555.0,-1190.0,2117.5
22583,169.46,225.21,973.19,-927.5,-2590.0,-9817.5
22612,184.22,231.07,973.56,70.0,-5127.5,-18462.5
22641,194.96,235.46,971.97,-1942.5,-5162.5,-25707.5
22670,201.67,237.53,971.12,-3395.0,-5687.5,-30730.0
22698,205.69,237.53,971.24,-2082.5,-7910.0,-34615.0
22727,207.52,236.56,971.36,-665.0,-10045.0,-37765.0
22756,207.4,234.97,970.39,-1032.5,-10465.0,-39567.5
22785,205.2,232.53,969.41,-3062.5,-9275.0,-40512.5
22814,201.18,229.36,969.29,-3150.0,-9222.5,-41317.5
22843,194.96,225.21,969.41,-4497.5,-7805.0,-42245.0
22872,184.71,219.72,969.9,-5775.0,-5757.5,-41055.0
22901,169.09,212.65,970.51,-6492.5,-3990.0,-38150.0
22930,148.6,204.59,970.27,-6212.5,-3412.5,-32532.5
22959,123.95,195.81,970.63,-6440.0,-332.5,-24115.0
22988,97.36,184.83,974.66,-7315.0,1697.5,-11340.0
23017,71.37,173.12,982.71,-5215.0,4445.0,4462.5
23046,50.26,164.7,990.15,87.5,4602.5,20037.5
23076,37.45,160.31,994.67,2257.5,6457.5,30047.5
23105,30.74,157.38,997.23,2380.0,10027.5,35437.5
23134,25.86,153.23,998.81,2992.5,9992.5,39252.5
23163,22.69,148.6,999.67,3902.5,9800.0,45762.5
23192,25.25,145.67,998.94,4550.0,9152.5,50277.5
23221,32.45,144.94,996.25,2310.0,8487.5,47512.5
23250,40.26,145.42,994.67,1837.5,7857.5,49070.0
23279,51.0,147.38,992.84,4357.5,5407.5,50977.5
23308,66.86,151.4,988.81,1855.0,3167.5,45587.5
23337,85.89,157.14,985.64,-1697.5,2135.0,36627.5
23366,105.65,164.33,984.78,-2975.0,1452.5,26932.5
23395,126.88,172.63,985.88,-1347.5,-175.0,17447.5
23424,149.82,181.78,987.47,52.5,-1925.0,5162.5
23454,171.04,190.44,988.81,-70.0,-1767.5,-7350.0
23483,187.51,197.03,989.91,1277.5,-3307.5,-17377.5
23512,199.71,201.18,989.54,2012.5,-4917.5,-24955.0
23541,208.38,203.25,987.71,1277.5,-5810.0,-31150.0
23570,213.74,203.86,985.27,490.0,-7507.5,-36137.5
23599,216.67,203.74,983.56,-752.5,-8242.5,-40390.0
23627,217.28,202.76,982.34,-840.0,-9222.5,-43995.0
23656,214.72,200.45,981.73,-2170.0,-8557.5,-46777.5
23684,208.38,196.91,982.83,-2082.5,-7997.5,-46882.5
23713,200.08,192.88,983.69,245.0,-9432.5,-45675.0
23742,191.54,189.22,982.47,-2100.0,-7472.5,-46112.5
23771,179.58,184.22,982.1,-4130.0,-4970.0,-46182.5
23800,161.04,176.9,983.2,-1522.5,-3902.5,-39357.5
23829,138.23,170.07,981.73,-2047.5,-2467.5,-30537.5
23858,112.48,163.48,979.05,-7822.5,1365.0,-22330.0
23887,83.81,154.82,980.88,-11585.0,6317.5,-6982.5
23916,57.1,145.91,987.47,-7577.5,6895.0,12285.0
23945,39.04,139.57,993.69,-822.5,4025.0,22347.5
23974,25.99,135.3,996.74,437.5,6107.5,28017.5
24004,15.37,132.98,997.84,1505.0,6422.5,37607.5
24033,12.2,133.1,997.84,3342.5,6720.0,43925.0
24063,14.88,135.18,996.25,4602.5,2572.5,43172.5
24092,19.89,138.59,994.67,7367.5,-2467.5,44170.0
24121,29.04,141.76,994.06,4445.0,5495.0,46375.0
24150,40.99,144.69,993.81,1067.5,6755.0,41895.0
24179,52.22,147.38,994.54,3780.0,612.5,36172.5
24208,61.0,149.94,994.3,8347.5,-840.0,36120.0
24237,71.25,153.35,990.64,6492.5,35.0,34352.5
24267,83.57,157.14,986.74,1382.5,822.5,28385.0
24296,95.65,160.92,985.52,1487.5,-140.0,24710.0
24325,111.87,167.51,983.44,3097.5,-2765.0,21682.5
24354,138.35,177.63,980.27,-2450.0,-4217.5,6300.0
24383,163.85,187.39,979.9,-4375.0,-1925.0,-10132.5
24412,182.88,194.71,980.51,-1487.5,-2782.5,-17955.0
24441,198.13,199.59,980.03,-2117.5,-4130.0,-27825.0
24470,206.91,201.06,980.51,-1190.0,-5582.5,-33862.5
24499,209.96,200.32,981.12,-630.0,-6055.0,-35630.0
24528,209.6,199.35,980.51,-1085.0,-7000.0,-35752.5
24557,207.4,198.86,978.44,-3937.5,-6912.5,-35997.5
24586,204.47,198.25,976.49,-9520.0,-2572.5,-37170.0
24614,200.32,196.42,975.51,-11777.5,420.0,-38797.5
24643,193.74,192.52,975.51,-10692.5,-1260.0,-42035.0
24671,182.88,186.54,976.0,-7910.0,-3500.0,-42840.0
24700,165.68,178.97,977.34,-7227.5,-2642.5,-38395.0
24729,141.76,169.58,980.64,-5145.0,-735.0,-28472.5
24758,112.85,159.33,984.54,-1890.0,-420.0,-12932.5
24787,85.4,150.3,988.2,-17.5,805.0,5582.5
24817,65.88,143.35,991.62,-315.0,4795.0,18147.5
24846,54.17,139.32,994.79,3517.5,4165.0,24185.0
24876,46.73,138.1,996.98,7490.0,682.5,27457.5
24905,41.11,137.49,999.3,9905.0,2660.0,34090.0
24935,39.53,136.88,1000.52,11567.5,8960.0,43330.0
24964,45.02,138.71,998.08,8680.0,4060.0,39322.5
24994,51.85,142.01,995.28,7140.0,-700.0,31710.0
25023,56.85,145.06,992.1,6335.0,-2607.5,32987.5
25053,63.93,148.6,988.57,5197.5,-1855.0,32375.0
25082,72.22,151.89,985.03,2275.0,2835.0,30922.5
25111,80.28,155.06,981.37,962.5,3167.5,29837.5
25140,90.4,158.48,978.68,2327.5,3850.0,30135.0
25169,106.02,162.87,976.12,-1172.5,7420.0,23957.5
25198,123.46,168.24,974.54,-4777.5,9065.0,14297.5
25227,139.93,174.22,975.15,-4235.0,4935.0,6265.0
25256,157.99,180.56,976.12,-2975.0,1242.5,-2397.5
25285,174.58,186.9,976.24,-3972.5,-997.5,-13877.5
25314,185.93,191.3,976.37,-4760.0,-1400.0,-20947.5
25343,193.86,193.25,977.34,-4620.0,-1557.5,-26145.0
25372,198.98,193.61,978.68,-2432.5,-3920.0,-30730.0
25401,200.32,192.76,979.66,-2765.0,-5302.5,-34352.5
25430,198.37,190.93,981.49,-2327.5,-4865.0,-34580.0
25459,195.32,188.73,982.83,-735.0,-5757.5,-34790.0
25488,190.81,186.66,982.59,-1505.0,-6195.0,-36032.5
25517,183.49,183.85,982.59,-3482.5,-4742.5,-35332.5
25545,174.58,180.8,984.17,-3395.0,-2572.5,-33897.5
25574,164.82,177.63,985.64,-997.5,-3185.0,-33127.5
25603,153.23,173.97,985.76,-1592.5,-2117.5,-30730.0
25632,138.1,170.07,986.13,-1662.5,105.0,-26600.0
25661,119.07,165.19,986.0,1732.5,-1120.0,-20195.0
25690,97.36,159.21,985.03,735.0,-1155.0,-10745.0
25719,75.15,152.5,986.98,-1435.0,1522.5,3062.5
25748,57.34,146.64,991.13,717.5,3307.5,15312.5
25777,45.02,143.47,994.54,1732.5,4742.5,21857.5
25807,37.58,142.5,997.23,4340.0,3430.0,27842.5
25836,35.62,143.23,998.2,5337.5,4637.5,29855.0
25866,34.89,144.08,997.84,4095.0,6090.0,29540.0
25895,33.79,145.18,997.72,5355.0,5372.5,34405.0
25925,35.75,146.64,996.98,5705.0,6212.5,37782.5
25954,39.89,147.86,995.52,5092.5,5215.0,36260.0
25983,43.19,149.08,994.06,5985.0,2327.5,35927.5
26012,47.34,151.16,992.35,5932.5,1400.0,38150.0
26041,56.73,154.33,990.88,5495.0,1872.5,38605.0
26070,71.49,159.09,988.81,5232.5,507.5,32865.0
26099,89.55,164.94,985.64,4882.5,-1995.0,25235.0
26128,110.04,172.26,981.37,945.0,507.5,16537.5
26157,130.54,179.83,977.1,-2852.5,1277.5,5670.0
26186,149.57,186.9,973.56,-4252.5,-490.0,-3972.5
26215,166.29,193.25,971.12,-6492.5,-787.5,-13352.5
26244,179.1,197.64,971.0,-7332.5,-1680.0,-21052.5
26273,188.25,199.35,971.85,-7210.0,-2275.0,-26547.5
26302,194.83,199.59,972.1,-7822.5,-2327.5,-31552.5
26331,198.37,198.62,971.12,-9310.0,-1960.0,-36557.5
26360,197.4,196.18,971.24,-9940.0,-3395.0,-40127.5
26389,193.25,192.52,972.71,-6650.0,-5372.5,-39235.0
26418,188.37,188.98,973.8,-7437.5,-5635.0,-38500.0
26447,182.27,185.32,977.1,-8487.5,-1820.0,-39795.0
26475,171.29,180.32,983.08,-4900.0,-2135.0,-39882.5
26504,155.06,174.46,989.54,-665.0,-2590.0,-35490.0
26533,135.18,168.6,995.15,2275.0,-1890.0,-29032.5
26562,114.19,162.87,999.79,7490.0,-4217.5,-21945.0
26591,93.57,157.38,1003.94,8120.0,-630.0,-12617.5
26620,72.83,152.87,1008.57,8575.0,4042.5,367.5
26649,55.75,149.82,1012.6,12162.5,4795.0,12302.5
26678,44.41,148.6,1014.31,13737.5,6842.5,18690.0
26707,36.36,148.6,1014.31,14577.5,8855.0,23572.5
26736,30.99,150.18,1011.87,15032.5,10115.0,28542.5
26765,28.55,152.87,1006.38,12635.0,10027.5,29890.0
26794,27.33,155.92,999.55,9730.0,9887.5,31097.5
26823,27.82,159.45,992.1,7122.5,11077.5,32305.0
26853,29.52,162.87,984.54,3115.0,10412.5,30047.5
26882,30.99,165.68,979.54,3307.5,5075.0,30012.5
26912,35.5,169.7,975.02,6265.0,1312.5,31570.0
26941,46.12,176.66,968.07,3937.5,1452.5,31150.0
26970,63.2,186.66,959.77,-3692.5,3902.5,25970.0
26999,82.47,197.15,953.8,-10360.0,2712.5,16327.5
27028,100.04,206.42,951.72,-11760.0,-945.0,7700.0
27057,116.14,214.35,952.45,-11812.5,-2030.0,490.0
27086,130.05,220.7,955.5,-12477.5,-1732.5,-6947.5
27115,141.03,224.97,959.04,-9065.0,-5407.5,-12950.0
27144,148.84,228.14,960.63,-8522.5,-6440.0,-17797.5
27173,153.72,230.34,962.7,-11725.0,-4130.0,-21595.0
27202,156.65,230.09,967.22,-12057.5,-2152.5,-24360.0
27231,157.99,228.26,971.61,-6720.0,-6965.0,-27650.0
27260,157.87,226.19,974.41,-5442.5,-8190.0,-29925.0
27289,157.5,224.24,976.24,-6282.5,-6107.5,-31447.5
27318,156.28,222.28,976.24,-7577.5,-7437.5,-34422.5
27347,153.23,219.84,978.07,-10167.5,-7490.0,-38185.0
27376,146.16,215.21,984.3,-6335.0,-4375.0,-38937.5
27405,134.08,208.99,989.79,-822.5,-5110.0,-34947.5
27434,119.07,202.4,995.03,87.5,-2887.5,-29522.5
27463,100.53,195.08,1001.86,4305.0,-105.0,-21892.5
27492,80.03,188.0,1006.87,9502.5,-1085.0,-10745.0
27521,61.61,182.27,1008.94,9345.0,2555.0,-175.0
27550,45.38,177.14,1010.04,9240.0,4865.0,8067.5
27579,31.11,172.63,1010.65,11077.5,5092.5,15610.0
27608,19.76,169.21,1009.79,11410.0,6615.0,22715.0
27637,11.96,167.14,1007.72,10745.0,8347.5,29330.0
27666,9.03,166.53,1005.28,10325.0,9117.5,34177.5
27695,10.0,167.26,1002.84,10447.5,9712.5,35455.0
27724,13.54,168.97,999.18,10342.5,8277.5,35910.0
27753,18.54,171.29,994.54,7140.0,9432.5,34422.5
27783,23.91,174.09,990.64,6177.5,7665.0,34475.0
27812,31.72,177.75,986.13,6195.0,5442.5,33565.0
27842,40.87,181.78,980.88,4060.0,4935.0,30940.0
27871,49.9,185.44,975.51,3045.0,3552.5,30817.5
27901,61.61,189.1,970.27,105.0,3622.5,30275.0
27930,75.88,192.88,966.36,-4095.0,3482.5,24587.5
27959,89.3,196.79,963.8,-5092.5,1715.0,18865.0
27988,101.63,201.54,960.75,-5180.0,-525.0,14227.5
28017,113.95,206.42,958.19,-7787.5,315.0,9450.0
28046,126.15,211.43,956.72,-8890.0,245.0,4462.5
28075,137.74,216.67,956.36,-9765.0,-1417.5,-1225.0
28104,148.96,221.43,956.97,-10535.0,-2450.0,-7332.5
28133,159.58,225.33,958.07,-10675.0,-3937.5,-13177.5
28162,169.46,228.38,959.65,-10360.0,-5127.5,-19005.0
28191,177.75,229.73,961.85,-10080.0,-6317.5,-24710.0
28220,183.0,229.24,964.41,-8400.0,-7717.5,-29627.5
28249,184.71,227.65,967.95,-8330.0,-7175.0,-32637.5
28278,183.85,224.72,973.68,-8907.5,-4007.5,-35052.5
28307,179.83,220.58,980.15,-4357.5,-5477.5,-35857.5
28336,173.97,217.53,984.78,-1785.0,-7070.0,-35490.0
28365,167.02,215.09,988.44,-3010.0,-4305.0,-35122.5
28394,157.14,212.28,992.47,-472.5,-5057.5,-34895.0
28423,143.11,208.99,996.5,3465.0,-5495.0,-31780.0
28451,125.17,204.47,1000.89,4847.5,-2730.0,-24815.0
28480,103.94,197.64,1005.77,9607.5,-1312.5,-14350.0
28508,81.37,189.71,1009.92,12967.5,-52.5,-1977.5
28537,61.24,183.12,1012.48,13965.0,3692.5,11567.5
28566,47.34,178.85,1012.11,15260.0,5232.5,21665.0
28595,39.89,176.78,1009.31,14665.0,6142.5,27265.0
28624,37.09,176.53,1006.01,11812.5,9397.5,31815.0
28653,37.94,177.88,1002.35,11917.5,8715.0,34387.5
28682,42.21,180.8,997.23,13037.5,6055.0,35070.0
28711,48.43,184.59,990.64,10027.5,6702.5,33670.0
28740,54.78,188.0,984.17,6440.0,7525.0,33600.0
28770,62.71,190.81,977.46,4725.0,6230.0,33110.0
28799,72.22,193.49,969.66,2170.0,4200.0,29312.5
28829,81.25,195.81,961.73,-1995.0,3990.0,27387.5
28858,91.87,198.25,955.38,-5950.0,4900.0,26722.5
28888,105.9,201.3,951.48,-8085.0,4550.0,22942.5
28917,121.76,204.96,949.89,-8942.5,2257.5,16975.0
28946,138.84,209.35,949.89,-9292.5,1347.5,10657.5
28975,156.04,214.23,950.62,-10097.5,805.0,3272.5
29004,172.26,217.77,950.87,-9782.5,-1487.5,-4025.0
29033,186.29,220.33,949.28,-10797.5,-4182.5,-10902.5
29061,197.27,222.53,948.55,-13842.5,-5425.0,-16940.0
29090,205.2,223.63,951.36,-15627.5,-2310.0,-20457.5
29118,210.94,222.77,957.7,-14752.5,-1820.0,-23852.5
29147,214.84,220.82,965.75,-7840.0,-9712.5,-29032.5
29176,217.28,218.99,971.61,-5285.0,-9170.0,-32812.5
29205,217.65,216.79,974.9,-6370.0,-5197.5,-35542.5
29234,215.45,214.35,976.73,-5582.5,-5425.0,-37222.5
29263,211.43,211.79,977.71,-5337.5,-5512.5,-38710.0
29292,205.81,209.11,979.17,-6142.5,-3377.5,-40040.0
29321,197.15,205.45,982.83,-4812.5,-2432.5,-40162.5
29350,185.2,200.57,987.83,-1417.5,-2450.0,-36977.5
29379,170.8,195.57,992.1,227.5,-315.0,-32357.5
29408,153.23,190.08,996.5,1837.5,1137.5,-26495.0
29437,132.25,183.98,1001.25,5932.5,2537.5,-15120.0
29466,112.24,178.0,1004.67,8487.5,3447.5,-3447.5
29495,95.04,172.51,1006.74,9537.5,5862.5,5530.0
29524,80.28,167.87,1007.6,12127.5,5425.0,13527.5
29553,68.08,164.09,1006.38,12530.0,6370.0,20895.0
29582,59.66,161.65,1003.33,11217.5,7962.5,27790.0
29611,55.88,160.67,1000.03,9362.5,9292.5,31745.0
29640,55.14,160.55,997.47,9187.5,9362.5,34545.0
29669,56.12,160.8,993.93,10045.0,7070.0,37082.5
29698,59.05,162.14,989.05,10027.5,5792.5,39690.0
29727,64.9,164.46,983.08,6912.5,5337.5,39217.5
29757,71.49,166.9,977.95,4200.0,4795.0,38027.5
29786,80.03,169.7,973.68,5635.0,2362.5,38972.5
29816,93.21,173.48,969.17,1312.5,2835.0,33740.0
29845,107.12,178.24,964.9,-3675.0,4830.0,27072.5
29874,120.29,183.61,961.85,-5320.0,4042.5,23362.5
29903,135.66,190.08,959.9,-6037.5,3080.0,17832.5
29932,152.74,197.88,958.92,-7280.0,2747.5,10027.5
29961,170.07,205.81,960.02,-7770.0,2222.5,1207.5
29990,186.29,212.77,962.34,-5232.5,-1120.0,-7385.0
30019,200.2,218.5,963.31,-4690.0,-2275.0,-14840.0
30047,211.3,222.77,962.82,-5880.0,-3167.5,-21542.5
30076,219.84,224.72,962.21,-6457.5,-4515.0,-27545.0
30105,224.97,224.97,961.6,-6650.0,-6335.0,-32060.0
30134,227.16,223.99,962.09,-8470.0,-5582.5,-35577.5
30163,226.19,221.92,963.92,-7927.5,-5442.5,-38027.5
30192,223.99,219.84,965.51,-5162.5,-9152.5,-39725.0
30221,221.8,217.53,967.09,-7280.0,-6160.0,-43190.0
30250,216.06,213.26,971.36,-9607.5,-577.5,-44695.0
30279,205.69,207.52,977.34,-4532.5,-3062.5,-43155.0
30308,192.64,201.54,981.37,-752.5,-5337.5,-41020.0
30337,177.14,195.93,982.71,-1505.0,-3255.0,-37117.5
30366,159.58,189.71,983.81,-3272.5,-2275.0,-34842.5
30395,139.32,181.9,987.47,-1522.5,-1837.5,-27825.0
30423,116.63,173.36,992.59,1242.5,1610.0,-13737.5
30452,94.92,165.19,997.47,4392.5,3587.5,787.5
30481,76.13,158.48,1001.62,8050.0,5757.5,12775.0
30510,60.51,153.96,1003.94,10797.5,7350.0,22505.0
30539,48.56,151.28,1004.67,12355.0,6650.0,30625.0
30568,40.5,149.45,1003.33,15277.5,2625.0,37135.0
30597,38.06,149.33,999.06,13807.5,3517.5,41597.5
30626,40.02,151.04,994.3,7105.0,11707.5,42682.5
30655,41.97,152.99,990.76,4620.0,13737.5,43400.0
30684,43.68,155.06,987.22,5600.0,9765.0,44905.0
30713,48.31,157.99,982.59,4637.5,7875.0,45710.0
30743,56.61,161.77,977.22,1540.0,7402.5,43925.0
30772,66.86,166.29,973.19,-1347.5,6965.0,41825.0
30802,79.54,171.9,970.14,-2170.0,4077.5,40145.0
30831,97.23,178.85,967.34,-4672.5,3045.0,33827.5
30861,116.02,186.17,966.0,-7507.5,1557.5,23957.5
30890,133.35,193.0,967.7,-5950.0,-1102.5,16677.5
30918,152.38,199.71,971.85,-3045.0,-997.5,8015.0
30947,170.92,206.42,976.24,-665.0,-1260.0,-3185.0
30976,185.81,212.4,979.17,1767.5,-2887.5,-10832.5
31005,198.49,217.65,980.39,2450.0,-2450.0,-18112.5
31034,208.86,221.43,980.39,3412.5,-3325.0,-26460.0
31063,216.18,223.75,978.81,3097.5,-3902.5,-32567.5
31092,220.58,225.09,976.49,1067.5,-3290.0,-37380.0
31121,221.8,225.33,974.05,507.5,-5127.5,-41982.5
31150,219.84,225.21,969.53,1277.5,-8522.5,-44415.0
31179,216.31,225.46,962.09,-3430.0,-9852.5,-46427.5
31208,210.33,223.87,956.36,-10377.5,-7805.0,-47950.0
31237,201.67,219.6,955.26,-10622.5,-7385.0,-47302.5
31266,191.3,214.11,956.48,-11112.5,-6387.5,-45675.0
31295,176.41,207.16,960.14,-12775.0,-1732.5,-42402.5
31324,157.5,199.23,965.39,-8680.0,-1592.5,-34772.5
31353,136.88,192.27,970.75,-5950.0,-1557.5,-27335.0
31382,113.46,185.93,976.61,-6737.5,2397.5,-16957.5
31410,89.43,178.73,983.2,-4235.0,2222.5,-4585.0
31439,68.56,172.02,989.91,2047.5,-70.0,6615.0
31468,51.73,167.14,994.79,5932.5,2135.0,17290.0
31497,38.8,163.6,997.72,7542.5,4060.0,26547.5
31526,29.16,160.55,999.67,9852.5,3412.5,33950.0
31555,24.64,158.84,1000.4,12512.5,3657.5,39462.5
31584,24.64,159.45,998.57,11952.5,5687.5,41247.5
31613,26.11,160.55,995.03,11060.0,5162.5,43172.5
31642,28.55,161.89,989.66,11217.5,4235.0,45762.5
31671,36.11,165.31,981.61,6230.0,3972.5,43855.0
31700,48.19,171.04,971.97,-332.5,4410.0,37275.0
31730,59.78,176.9,963.8,-7350.0,4060.0,32217.5
31759,72.1,182.27,960.63,-11550.0,6055.0,30800.0
31788,87.23,187.39,963.56,-13090.0,7245.0,25287.5
31817,104.92,193.25,971.36,-7577.5,2537.5,18217.5
31846,125.78,200.2,980.39,-1347.5,-332.5,8330.0
31875,147.01,208.01,986.49,1942.5,682.5,-3150.0
31904,164.09,214.84,989.18,3797.5,-1225.0,-13317.5
31933,177.27,219.97,989.18,5285.0,-2415.0,-20580.0
31962,187.88,223.5,986.74,3920.0,-2922.5,-28280.0
31991,194.47,225.21,983.44,1942.5,-2590.0,-34947.5
32020,196.91,224.97,979.54,1645.0,-4427.5,-39165.0
32049,196.91,223.99,973.07,70.0,-6562.5,-43890.0
32078,193.98,222.16,965.39,-4987.5,-6037.5,-48772.5
32107,187.27,218.99,959.29,-9572.5,-3832.5,-48545.0
32136,178.36,213.74,956.11,-12092.5,-5267.5,-47757.5
32165,164.82,206.67,957.7,-14402.5,-2380.0,-44222.5
32194,146.89,198.37,963.19,-13370.0,-1137.5,-35367.5
32223,126.88,189.59,972.22,-11445.0,770.0,-28507.5
32252,103.33,179.95,983.32,-4462.5,175.0,-19635.0
32282,78.08,171.04,992.59,2467.5,-927.5,-7227.5
32311,55.14,163.97,998.45,5390.0,1540.0,5425.0
32340,36.11,158.36,1002.11,7227.5,3220.0,15592.5
32369,21.23,154.21,1004.55,9607.5,3272.5,24605.0
32398,11.47,152.13,1005.4,10675.0,4007.5,30800.0
32427,6.59,151.77,1005.28,10465.0,6160.0,34982.5
32456,5.0,152.38,1004.43,11620.0,6230.0,36435.0
32485,4.39,153.23,1001.99,12407.5,4392.5,37327.5
32514,4.03,154.7,997.47,11725.0,3605.0,40215.0
32543,5.61,157.14,990.4,9887.5,2747.5,43732.5
32572,12.2,160.43,981.37,6947.5,-3955.0,42490.0
32601,23.3,165.19,973.44,4007.5,-5162.5,38185.0
32630,36.11,171.17,966.97,-1312.5,1925.0,36295.0
32660,50.87,177.75,963.07,-7787.5,6422.5,32830.0
32689,67.22,184.22,963.92,-7560.0,4515.0,25882.5
32719,84.42,190.69,967.95,-4550.0,1382.5,19127.5
32748,103.21,198.13,973.32,-1872.5,962.5,12092.5
32777,123.1,206.79,977.34,402.5,577.5,2870.0
32806,141.64,215.57,978.81,1277.5,52.5,-7000.0
32835,156.4,223.26,977.83,332.5,-1032.5,-14962.5
32864,167.75,228.63,976.0,-1470.0,-1680.0,-21385.0
32892,176.17,231.31,974.41,-1680.0,-1417.5,-27142.5
32921,181.54,231.92,973.07,-262.5,-3255.0,-31797.5
32950,184.71,231.56,970.39,-437.5,-5057.5,-36365.0
32979,184.1,230.46,966.36,-2572.5,-5372.5,-38587.5
33008,181.54,228.75,961.85,-5792.5,-5302.5,-40425.0
33037,176.78,225.21,957.7,-7315.0,-6877.5,-43155.0
33066,167.26,219.6,954.53,-7542.5,-7770.0,-41615.0
33095,153.72,214.11,953.06,-11462.5,-5460.0,-35122.5
33124,139.69,208.38,956.36,-16887.5,1732.5,-29032.5
33153,123.22,201.54,965.26,-12792.5,-437.5,-24937.5
33182,104.19,194.59,976.49,-4987.5,-3517.5,-18462.5
33211,84.67,188.86,986.37,332.5,-1680.0,-10745.0
33240,65.15,183.24,995.4,5320.0,1190.0,-1540.0
33269,47.46,178.24,1002.23,12407.5,332.5,8890.0
33298,33.79,174.83,1005.04,13072.5,962.5,16415.0
33327,23.79,172.87,1005.16,13492.5,2275.0,23817.5
33356,17.93,171.78,1002.84,12897.5,3342.5,30537.5
33385,15.62,170.92,998.81,9695.0,6282.5,33775.0
33414,14.52,170.43,994.06,6772.5,7857.5,37152.5
33443,15.86,171.29,988.32,7367.5,4900.0,40530.0
33472,21.84,173.36,981.0,4725.0,3955.0,40057.5
33501,29.4,176.29,972.83,-420.0,5390.0,38150.0
33531,36.23,178.97,965.14,-4777.5,3535.0,38185.0
33560,45.99,180.8,959.29,-8207.5,1907.5,35210.0
33589,56.36,182.27,958.19,-11935.0,5582.5,29855.0
33618,68.32,185.07,962.21,-7822.5,4165.0,30572.5
33648,89.18,191.42,968.07,-6142.5,2747.5,23432.5
33677,113.7,200.2,975.39,-5320.0,2905.0,9082.5
33707,135.66,208.86,982.59,-892.5,1032.5,-1907.5
33736,154.45,216.18,987.22,1925.0,17.5,-12390.0
33765,169.09,221.19,988.93,4077.5,-1942.5,-21630.0
33794,179.71,224.24,988.2,3990.0,-3220.0,-28367.5
33823,186.54,225.21,986.49,3395.0,-2555.0,-34317.5
33852,190.2,224.48,983.81,1907.5,-3010.0,-38150.0
33881,189.95,222.41,979.78,665.0,-2607.5,-40775.0
33910,187.76,220.09,973.32,2747.5,-6195.0,-41562.5
33939,184.95,217.65,964.78,-3710.0,-4917.5,-45342.5
33968,177.02,213.01,960.02,-13685.0,-857.5,-45885.0
33997,163.36,205.2,962.21,-15855.0,3237.5,-41387.5
34026,144.08,195.57,967.95,-11462.5,175.0,-35455.0
34055,119.07,185.68,975.88,-6877.5,-4025.0,-26827.5
34084,91.38,176.41,985.76,-1557.5,-3290.0,-12897.5
34113,66.37,168.85,993.81,3202.5,-682.5,367.5
34143,45.63,163.6,997.72,4672.5,1382.5,9380.0
34172,28.79,160.06,998.81,4217.5,4165.0,18480.0
34202,16.47,157.26,999.06,3605.0,7000.0,25690.0
34231,8.3,155.06,998.45,4462.5,6265.0,30572.5
34260,4.39,153.84,996.37,3482.5,7455.0,33285.0
34289,3.54,153.72,994.18,945.0,10500.0,35087.5
34318,5.0,153.96,992.71,1785.0,10010.0,36820.0
34347,8.54,154.57,990.52,17.5,11900.0,36522.5
34376,13.91,155.92,988.2,-3937.5,14490.0,34772.5
34405,20.86,158.11,986.49,-4970.0,12302.5,31307.5
34434,30.01,161.65,985.52,-6422.5,10867.5,25620.0
34463,40.75,166.41,986.49,-4602.5,8137.5,19372.5
34492,53.92,171.65,988.44,-3325.0,7227.5,13667.5
34521,69.17,177.88,989.91,-1452.5,4795.0,3272.5
34550,82.23,183.85,989.91,525.0,1067.5,-8557.5
34580,91.26,188.61,988.93,-2275.0,455.0,-16327.5
34609,96.26,191.05,988.93,-4585.0,1715.0,-21402.5
34638,99.06,191.05,990.15,-2922.5,-1557.5,-28087.5
34667,98.7,189.47,990.88,-2922.5,-2502.5,-33512.5
34696,93.09,186.29,990.64,-4917.5,-1890.0,-33687.5
34725,85.28,182.02,990.88,-5267.5,-3220.0,-33197.5
34754,76.37,176.9,991.74,-4830.0,-4270.0,-33215.0
34783,65.27,170.92,992.1,-4567.5,-7350.0,-31692.5
34811,51.48,164.82,990.88,-6212.5,-11462.5,-27072.5
34840,35.5,157.5,991.37,-11427.5,-4462.5,-20825.0
34868,16.47,147.86,996.25,-7840.0,875.0,-14350.0
34897,-6.83,136.4,1000.64,262.5,-6860.0,-6212.5
34926,-30.99,124.81,1002.35,-752.5,-4130.0,8995.0
34955,-49.78,114.8,1004.06,-2887.5,3430.0,20842.5
34984,-63.07,106.38,1005.52,-1470.0,6370.0,28262.5
35013,-72.59,99.67,1006.01,-1050.0,7437.5,35525.0
35042,-75.64,95.4,1004.91,-822.5,7997.5,35647.5
35071,-75.88,92.35,1001.86,-4602.5,10045.0,31675.0
35100,-78.32,89.06,1000.77,-8137.5,10167.5,30730.0
35129,-81.5,83.69,1002.23,-2380.0,7175.0,33057.5
35158,-81.74,78.2,1002.96,630.0,5355.0,37957.5
35188,-76.74,75.64,1001.74,-3500.0,7735.0,38640.0
35217,-69.05,74.54,1001.38,-6685.0,8435.0,36190.0
35246,-58.56,75.03,1002.6,-4760.0,4777.5,31797.5
35275,-44.65,77.35,1004.55,-3902.5,2835.0,23695.0
35305,-29.77,80.52,1008.45,-2117.5,1960.0,14857.5
35334,-14.76,84.42,1012.6,2100.0,-105.0,6142.5
35363,-0.73,88.33,1015.04,3832.5,-525.0,-3937.5
35392,10.13,91.62,1016.26,4042.5,-175.0,-11882.5
35421,17.93,93.7,1016.75,4690.0,-997.5,-18987.5
35450,23.3,94.67,1016.5,5442.5,-3902.5,-25217.5
35479,26.35,94.43,1015.41,3290.0,-2135.0,-28665.0
35508,27.82,93.21,1014.31,2607.5,-2047.5,-31342.5
35537,28.91,91.87,1012.84,4322.5,-6300.0,-36067.5
35566,27.57,90.52,1011.62,3657.5,-8487.5,-40582.5
35595,22.69,88.33,1011.62,2502.5,-6545.0,-39917.5
35624,16.96,85.77,1012.36,105.0,-4042.5,-39532.5
35653,10.25,82.72,1013.7,892.5,-4287.5,-41667.5
35682,-0.73,78.08,1015.41,2555.0,-3325.0,-40582.5
35711,-16.1,72.1,1015.65,2590.0,-1977.5,-35700.0
35740,-34.04,65.39,1014.92,1470.0,-2327.5,-30047.5
35769,-54.17,58.56,1013.94,3255.0,-4042.5,-24132.5
35798,-77.47,51.12,1011.38,3010.0,-3587.5,-14595.0
35827,-101.38,43.55,1009.55,17.5,-192.5,1382.5
35857,-119.56,37.58,1009.43,682.5,2012.5,15487.5
35886,-130.78,33.43,1008.57,1155.0,2222.5,22417.5
35915,-139.08,30.5,1006.62,-227.5,3010.0,28402.5
35944,-143.84,28.3,1004.43,-1925.0,4130.0,35315.0
35973,-143.72,27.45,1002.72,-3535.0,4795.0,37397.5
36002,-141.52,27.08,1001.38,-4025.0,3377.5,38027.5
36031,-137.98,26.96,1000.89,-5022.5,2765.0,39987.5
36060,-131.27,27.45,1001.38,-3692.5,1750.0,40215.0
36089,-121.39,29.16,1001.38,-1820.0,-805.0,37467.5
36118,-109.8,32.21,1000.16,-3972.5,-945.0,33355.0
36147,-97.11,36.36,1000.16,-5582.5,-192.5,30170.0
36176,-81.01,41.48,1002.72,-5040.0,-420.0,25655.0
36205,-60.27,47.82,1006.38,-3395.0,315.0,14560.0
36234,-40.99,54.78,1009.79,-1907.5,-52.5,2310.0
36263,-24.4,61.37,1013.82,-1225.0,1225.0,-5092.5
36292,-8.78,66.12,1018.94,2625.0,385.0,-13755.0
36321,4.39,69.54,1021.63,6475.0,-2625.0,-22575.0
36351,13.79,71.98,1021.87,7437.5,-3570.0,-28717.5
36380,20.01,73.44,1019.92,7420.0,-4830.0,-32375.0
36409,23.67,74.18,1016.75,5232.5,-5285.0,-37030.0
36438,24.03,74.3,1014.92,3447.5,-4427.5,-39865.0
36467,22.57,72.96,1015.04,3360.0,-4672.5,-42577.5
36496,18.3,70.76,1015.28,5092.5,-6597.5,-46147.5
36525,8.66,67.47,1014.55,4357.5,-6755.0,-45850.0
36554,-6.47,62.71,1013.33,2537.5,-4147.5,-39865.0
36583,-25.74,56.85,1012.11,682.5,-2012.5,-31640.0
36612,-49.17,50.02,1012.23,1487.5,-2117.5,-21035.0
36641,-74.66,42.46,1012.23,4042.5,-4217.5,-6317.5
36670,-97.36,36.11,1011.14,3062.5,-2170.0,8855.0
36699,-114.56,31.48,1009.31,700.0,1960.0,22312.5
36728,-126.03,28.06,1007.6,-87.5,2677.5,31990.0
36757,-131.39,25.38,1005.77,-560.0,3307.5,37852.5
36786,-132.13,23.79,1003.94,-3255.0,5477.5,40215.0
36815,-129.69,23.42,1003.08,-4077.5,6072.5,42805.0
36844,-123.59,24.89,1002.72,-3412.5,4655.0,44012.5
36873,-114.68,27.82,1002.6,-1645.0,1522.5,43645.0
36901,-103.21,32.09,1001.5,-2870.0,455.0,43452.5
36930,-87.23,37.94,1001.99,-5757.5,420.0,39042.5
36959,-66.37,45.26,1005.65,-4042.5,-1277.5,30870.0
36988,-41.48,54.29,1010.89,-612.5,-2992.5,19197.5
37017,-14.76,64.29,1015.16,1942.5,-1732.5,5232.5
37046,9.27,73.2,1017.6,4007.5,-3010.0,-9695.0
37075,27.82,79.79,1018.21,6195.0,-5845.0,-20352.5
37104,42.33,84.67,1016.5,5390.0,-5530.0,-28350.0
37133,53.07,88.08,1013.45,2922.5,-3955.0,-36032.5
37162,58.8,89.3,1011.14,1225.0,-5565.0,-43190.0
37191,59.05,88.57,1009.43,-262.5,-5372.5,-46497.5
37220,54.66,86.25,1007.72,-1872.5,-5530.0,-48335.0
37249,44.65,81.62,1007.11,-2485.0,-5285.0,-48212.5
37278,27.69,75.27,1007.72,-1435.0,-4777.5,-41107.5
37307,6.95,68.08,1008.57,-1505.0,-4077.5,-30187.5
37336,-15.13,60.88,1009.55,-2275.0,-3010.0,-19582.5
37365,-38.67,53.68,1011.38,-770.0,-2485.0,-6352.5
37395,-59.78,47.21,1013.21,1627.5,-1085.0,9415.0
37424,-74.18,42.82,1012.84,945.0,1802.5,20615.0
37453,-82.47,40.26,1011.38,-52.5,2625.0,27125.0
37482,-86.62,38.8,1009.06,-630.0,2590.0,32707.5
37511,-87.11,38.06,1007.11,-4077.5,4830.0,37765.0
37540,-83.57,37.45,1007.96,-4900.0,6002.5,41037.5
37569,-77.35,36.84,1010.89,-2187.5,4340.0,40862.5
37598,-70.27,36.84,1013.58,1102.5,1470.0,40110.0
37627,-61.73,38.31,1014.06,1295.0,1347.5,39007.5
37656,-51.61,41.11,1013.21,-350.0,1837.5,36330.0
37685,-39.41,45.14,1012.72,87.5,297.5,32550.0
37715,-22.2,51.36,1012.11,560.0,-1452.5,27020.0
37744,0.61,60.15,1011.87,122.5,-1627.5,15977.5
37774,25.5,70.03,1012.11,542.5,-385.0,1190.0
37803,47.09,78.57,1012.23,140.0,-1785.0,-13037.5
37833,62.95,84.42,1012.23,262.5,-3185.0,-23520.0
37862,73.93,87.6,1012.6,-210.0,-2712.5,-31360.0
37892,81.01,88.57,1013.21,455.0,-3552.5,-38132.5
37921,83.2,87.6,1013.21,1120.0,-4970.0,-42770.0
37950,80.4,85.77,1012.84,2345.0,-8120.0,-41755.0
37979,76.13,83.57,1011.62,1802.5,-6405.0,-39567.5
38008,71.0,81.25,1009.67,-1750.0,-6177.5,-39305.0
38037,63.2,77.96,1008.94,-875.0,-9992.5,-41160.0
38066,50.51,72.71,1009.92,-1942.5,-7105.0,-37572.5
38095,32.33,66.0,1011.99,-4287.5,70.0,-27387.5
38124,10.98,58.8,1015.04,-1277.5,-840.0,-15680.0
38153,-11.35,51.24,1018.7,2835.0,-997.5,-1907.5
38182,-31.35,44.53,1021.51,5635.0,2537.5,14665.0
38211,-45.51,39.53,1021.87,6457.5,3675.0,25777.5
38240,-53.8,36.6,1019.92,6020.0,3867.5,32550.0
38269,-57.83,35.38,1016.87,3885.0,6212.5,37520.0
38298,-59.29,34.89,1014.06,2275.0,6352.5,41125.0
38327,-58.07,35.26,1012.11,3430.0,4847.5,46112.5
38356,-50.14,37.58,1009.67,2502.5,3412.5,44817.5
38386,-39.04,40.99,1007.11,-1505.0,4340.0,39182.5
38415,-29.65,44.9,1006.01,-2905.0,3955.0,37152.5
38445,-19.03,49.04,1005.65,-1785.0,2782.5,35507.5
38474,-5.98,53.68,1006.01,-2817.5,1802.5,30992.5
38503,9.27,59.66,1008.09,-1032.5,1085.0,27300.0
38532,29.65,68.08,1010.04,280.0,-210.0,19530.0
38561,54.66,78.57,1011.75,2660.0,-2432.5,5477.5
38590,78.57,88.57,1012.23,2747.5,-2117.5,-9292.5
38619,97.36,96.38,1011.62,2012.5,-2415.0,-20527.5
38648,112.61,101.99,1011.01,2030.0,-3780.0,-30572.5
38677,124.2,105.16,1010.16,1435.0,-4462.5,-40512.5
38706,130.3,106.14,1009.18,-735.0,-4865.0,-46427.5
38735,131.52,105.53,1008.45,-1172.5,-5285.0,-49420.0
38764,128.83,103.33,1007.96,-1102.5,-5547.5,-51047.5
38793,122.73,99.55,1007.48,-1750.0,-5110.0,-51502.5
38822,112.61,94.18,1006.62,-2257.5,-5460.0,-51730.0
38851,96.75,87.6,1006.26,-1925.0,-5932.5,-47932.5
38880,75.03,80.15,1006.99,-2100.0,-3622.5,-38517.5
38909,51.0,72.22,1008.7,-1470.0,-2275.0,-25165.0
38938,26.6,63.81,1010.89,-175.0,122.5,-12232.5
38967,1.95,55.39,1011.87,280.0,1715.0,1557.5
38996,-20.5,48.31,1012.11,805.0,3500.0,16992.5
39025,-37.94,43.07,1011.26,1907.5,4707.5,31237.5
39054,-47.7,39.77,1009.18,612.5,6492.5,41510.0
39083,-49.53,38.92,1007.6,-437.5,6562.5,44590.0
39112,-47.7,39.41,1006.5,560.0,4060.0,44957.5
39141,-44.9,40.14,1005.04,227.5,3395.0,47617.5
39170,-38.06,42.09,1003.33,-945.0,3535.0,49805.0
39199,-26.11,45.75,1001.13,-2467.5,3272.5,45867.5
39228,-13.3,49.9,999.42,-4585.0,2030.0,40127.5
39257,2.44,55.02,1000.03,-4410.0,-962.5,34037.5
39286,24.16,61.73,1003.33,-4672.5,-105.0,21437.5
39316,46.85,69.66,1008.33,-3045.0,857.5,8977.5
39345,68.69,78.57,1012.72,-35.0,402.5,-787.5
39375,89.91,86.86,1016.14,1942.5,-1190.0,-14280.0
39404,106.63,92.6,1018.46,3762.5,-2082.5,-25392.5
39432,118.58,96.38,1018.7,4462.5,-2992.5,-34177.5
39461,126.39,98.45,1017.85,4427.5,-4357.5,-42297.5
39490,129.81,98.58,1015.89,2590.0,-4340.0,-47985.0
39519,127.86,96.75,1014.06,315.0,-3272.5,-50872.5
39548,120.41,93.45,1011.87,1277.5,-5145.0,-49280.0
39577,109.31,89.43,1009.79,-1120.0,-4165.0,-46690.0
39606,93.82,84.55,1009.92,-2012.5,-3587.5,-41597.5
39635,75.4,78.93,1010.65,630.0,-5320.0,-34527.5
39664,54.41,72.35,1011.62,122.5,-2660.0,-25760.0
39693,30.01,64.66,1013.09,2100.0,-175.0,-13545.0
39722,5.49,57.1,1012.97,4147.5,-2590.0,-280.0
39752,-15.98,50.63,1012.23,2485.0,1330.0,13702.5
39781,-33.06,45.87,1011.87,2205.0,4830.0,27615.0
39811,-43.92,42.7,1011.87,3622.5,6422.5,38710.0
39840,-46.97,41.97,1010.89,3412.5,6002.5,42647.5
39870,-45.63,43.31,1009.43,1767.5,5582.5,41737.5
39899,-43.92,45.02,1008.21,1960.0,4427.5,44065.0
39928,-40.26,47.21,1006.13,1015.0,4532.5,47565.0
39957,-31.96,50.51,1003.45,-507.5,3202.5,45745.0
39986,-21.11,54.78,1000.64,-2660.0,3062.5,41387.5
40015,-8.54,59.9,998.69,-4970.0,3237.5,37817.5
40044,6.83,65.88,998.69,-7385.0,4235.0,31937.5
40073,24.4,72.47,1001.38,-6685.0,2975.0,24062.5
40102,45.02,80.03,1006.26,-4200.0,1102.5,15505.0
40131,68.08,88.69,1011.99,-1190.0,1225.0,2537.5
40160,88.45,96.75,1016.5,2922.5,-892.5,-10185.0
40189,104.8,103.09,1018.09,4602.5,-2415.0,-19775.0
40218,117.73,107.6,1017.85,4270.0,-2275.0,-28805.0
40247,127.12,110.17,1016.99,3920.0,-3097.5,-35787.5
40276,133.59,110.65,1015.53,2905.0,-4357.5,-42577.5
40305,136.4,109.43,1012.84,2712.5,-6492.5,-47022.5
40334,136.15,107.36,1009.18,1925.0,-7665.0,-49157.5
40363,132.74,104.19,1006.87,-2100.0,-5162.5,-51292.5
40392,124.68,99.55,1007.23,-1487.5,-6527.5,-53112.5
40420,111.26,93.82,1007.72,-35.0,-7192.5,-50347.5
40449,92.84,87.11,1008.09,-2940.0,-3132.5,-45150.0
40478,68.08,79.91,1009.06,-840.0,-3815.0,-36890.0
40507,40.63,73.32,1008.7,945.0,-6562.5,-24010.0
40536,14.15,66.98,1008.45,-1277.5,-1487.5,-9450.0
40565,-10.61,59.9,1009.18,367.5,-472.5,6492.5
40594,-30.74,53.19,1010.04,1050.0,1890.0,20352.5
40623,-45.38,48.07,1010.65,857.5,3780.0,31902.5
40652,-53.92,44.77,1011.38,2415.0,3657.5,40862.5
40681,-57.71,42.7,1012.11,3552.5,4952.5,47127.5
40710,-57.58,41.36,1012.6,6510.0,3657.5,53777.5
40739,-50.75,41.97,1010.77,5460.0,3657.5,54022.5
40768,-41.97,43.43,1008.33,1977.5,4725.0,51047.5
40798,-33.18,46.24,1006.87,2957.5,2660.0,54075.0
40827,-17.2,50.63,1005.28,2065.0,1312.5,50522.5
40857,2.68,56.36,1003.82,-1190.0,3622.5,38587.5
40886,20.86,63.56,1003.21,-1592.5,2712.5,31307.5
40915,43.68,73.2,1003.08,-2625.0,6212.5,24605.0
40944,72.1,84.42,1004.43,-5407.5,8225.0,7105.0
40973,97.84,95.16,1007.23,472.5,-280.0,-9292.5
41002,119.56,104.68,1008.7,2852.5,-3395.0,-22417.5
41030,137.01,111.63,1008.09,122.5,-1260.0,-35245.0
41059,149.33,115.66,1006.62,-1960.0,-2730.0,-45062.5
41087,158.97,117.36,1004.3,-3780.0,-5407.5,-55300.0
41116,163.72,115.66,1002.96,-5407.5,-7437.5,-65082.5
41144,161.77,110.78,1003.33,-4252.5,-6667.5,-67252.5
41173,155.43,104.43,1004.18,-2922.5,-5355.0,-67375.0
41202,144.2,96.14,1004.67,-1680.0,-5302.5,-66500.0
41231,125.9,85.77,1004.43,-2187.5,-560.0,-61495.0
41260,98.7,75.52,1003.94,-3010.0,490.0,-50347.5
41289,67.22,65.88,1004.06,-1242.5,-2467.5,-34755.0
41318,36.97,55.75,1005.77,-1767.5,-385.0,-18305.0
41347,8.54,45.51,1008.94,1050.0,997.5,-490.0
41376,-15.37,37.21,1010.89,2712.5,2082.5,16870.0
41406,-32.7,31.23,1011.14,1855.0,4620.0,29190.0
41435,-46.12,26.35,1011.38,3727.5,3990.0,38640.0
41464,-56.24,22.94,1011.01,5180.0,3797.5,49927.5
41493,-60.76,21.23,1009.67,4200.0,3395.0,58187.5
41522,-59.9,20.98,1007.96,4480.0,1925.0,62475.0
41551,-53.44,21.96,1006.62,4147.5,-87.5,62090.0
41580,-41.72,24.77,1005.65,4655.0,-35.0,58450.0
41609,-26.84,29.77,1004.3,3202.5,647.5,52675.0
41638,-10.61,36.6,1002.72,2310.0,647.5,47232.5
41667,9.15,45.26,1001.13,1155.0,210.0,39270.0
41696,32.45,55.75,999.91,-2257.5,1312.5,26880.0
41725,55.51,67.1,1001.01,-2222.5,945.0,14735.0
41754,77.84,78.2,1002.72,0.0,-122.5,4007.5
41784,99.31,89.06,1003.08,-490.0,-140.0,-7787.5
41813,117.97,98.58,1003.33,-315.0,-1592.5,-19757.5
41842,132.74,105.65,1003.69,490.0,-3342.5,-29295.0
41871,144.94,110.78,1003.94,-787.5,-1837.5,-38360.0
41900,153.23,113.34,1004.3,-1662.5,-4165.0,-47215.0
41929,157.14,113.95,1003.94,787.5,-7035.0,-52570.0
41958,157.5,113.7,1001.62,-490.0,-7735.0,-56752.5
41987,150.91,110.78,999.18,-4025.0,-5827.5,-56945.0
42015,138.47,106.14,996.74,770.0,-11812.5,-49455.0
42044,126.64,102.11,992.1,-1120.0,-11900.0,-44047.5
42072,113.22,96.75,990.15,-9905.0,-4497.5,-40827.5
42101,93.45,88.33,994.79,-9817.5,-1435.0,-32375.0
42130,68.93,78.57,1002.47,-4147.5,-2240.0,-20405.0
42159,43.92,69.54,1009.31,595.0,-2135.0,-7665.0
42188,20.98,62.59,1013.7,3360.0,420.0,5250.0
42218,1.95,58.07,1015.53,5337.5,1627.5,17115.0
42247,-12.32,55.02,1015.89,5460.0,4077.5,27492.5
42276,-21.23,53.44,1015.77,5407.5,6702.5,35962.5
42305,-25.86,52.7,1015.04,5390.0,7875.0,41265.0
42334,-28.3,52.7,1013.21,5040.0,6527.5,45710.0
42363,-25.99,54.53,1010.4,4200.0,4252.5,50855.0
42392,-17.08,57.83,1007.72,577.5,6755.0,48510.0
42421,-8.3,59.78,1006.26,-437.5,6930.0,43890.0
42451,-1.95,60.76,1005.4,1540.0,3202.5,43085.0
42480,6.71,63.07,1003.21,1050.0,3377.5,43995.0
42510,20.74,68.08,1000.89,-3115.0,5355.0,40162.5
42539,39.77,75.64,1001.13,-3570.0,3605.0,33355.0
42568,63.68,85.4,1003.57,-595.0,-35.0,21770.0
42597,89.55,96.62,1006.01,1417.5,-1260.0,7087.5
42626,112.97,107.6,1007.11,1715.0,-612.5,-6037.5
42655,132.49,116.63,1007.96,2922.5,-2100.0,-18340.0
42683,148.23,123.46,1007.84,4620.0,-5040.0,-29085.0
42712,160.43,128.22,1005.89,2450.0,-4165.0,-38850.0
42741,167.38,130.42,1003.45,-262.5,-4060.0,-45920.0
42770,169.82,130.3,1000.4,927.5,-8575.0,-51240.0
42799,168.48,129.32,996.01,-420.0,-10167.5,-53725.0
42828,162.87,127.25,992.96,-7437.5,-3902.5,-52185.0
42857,154.33,123.22,993.2,-7385.0,-3395.0,-50330.0
42886,142.37,117.12,994.79,-6702.5,-3710.0,-48930.0
42915,123.59,108.58,997.72,-6475.0,-1855.0,-43470.0
42944,97.84,98.09,1002.35,-2310.0,-1680.0,-32392.5
42973,67.59,86.74,1005.65,1172.5,-2310.0,-16205.0
43002,37.58,76.49,1006.99,1522.5,-612.5,1767.5
43031,13.18,68.2,1007.48,1925.0,910.0,16135.0
43061,-4.39,62.71,1007.84,2660.0,2572.5,27370.0
43090,-15.13,60.02,1007.6,2135.0,5075.0,35525.0
43119,-20.13,59.66,1006.99,2135.0,6020.0,40022.5
43148,-21.35,61.0,1006.38,2345.0,6317.5,44397.5
43177,-18.79,63.44,1005.28,1785.0,5390.0,46340.0
43206,-15.01,65.39,1004.18,1732.5,4532.5,47530.0
43235,-9.27,67.47,1003.21,1627.5,2030.0,50400.0
43264,1.59,70.27,1002.35,1032.5,1295.0,46865.0
43293,14.64,74.3,1000.89,17.5,455.0,39252.5
43323,27.33,79.18,998.94,-612.5,140.0,34475.0
43352,41.97,84.67,997.84,-2782.5,1295.0,29907.5
43381,59.9,90.89,999.42,-3920.0,1085.0,21332.5
43410,80.52,98.33,1004.3,-192.5,-2135.0,13615.0
43439,105.41,107.6,1008.94,3675.0,-2257.5,3150.0
43468,130.17,117.61,1009.67,4935.0,-4305.0,-12372.5
43497,149.21,125.66,1007.23,3465.0,-6772.5,-24885.0
43526,162.99,130.78,1003.45,385.0,-5722.5,-32602.5
43555,173.24,133.1,1000.16,-3867.5,-4357.5,-40810.0
43584,178.36,132.61,999.42,-4480.0,-4357.5,-48037.5
43613,178.24,129.93,1000.16,-2397.5,-5285.0,-50452.5
43642,175.44,126.39,1000.16,-3027.5,-4725.0,-51782.5
43670,169.09,122.24,999.67,-3885.0,-4217.5,-52517.5
43699,158.48,116.75,998.2,-4340.0,-5740.0,-50960.0
43727,142.25,109.68,997.47,-6562.5,-3885.0,-47792.5
43756,118.83,99.55,999.91,-5985.0,-2572.5,-39287.5
43785,89.67,88.33,1004.43,-1015.0,-2187.5,-24255.0
43814,59.29,78.08,1008.57,1837.5,70.0,-6055.0
43843,32.7,69.78,1011.62,4340.0,3185.0,12145.0
43872,13.79,64.66,1012.48,5652.5,4445.0,24360.0
43901,2.2,62.83,1011.14,5110.0,5792.5,31745.0
43931,-4.39,63.07,1009.18,3885.0,7455.0,36680.0
43960,-7.2,64.66,1006.38,3465.0,6895.0,40197.5
43990,-5.86,66.86,1003.69,17.5,6545.0,41247.5
44019,-1.34,69.17,1003.94,-2275.0,8557.5,39935.0
44048,3.42,71.74,1005.28,1277.5,5600.0,39830.0
44077,9.52,74.42,1004.06,2117.5,2975.0,40005.0
44107,18.3,77.96,1001.62,-140.0,4497.5,38325.0
44136,30.5,82.47,1000.16,-1680.0,3867.5,35122.5
44166,46.6,88.57,1000.77,-805.0,2030.0,29470.0
44195,66.49,96.14,1002.35,1610.0,140.0,20755.0
44225,88.33,105.53,1003.21,1207.5,-910.0,9520.0
44254,110.29,115.41,1003.82,1172.5,-507.5,-2380.0
44283,129.44,124.2,1003.82,1837.5,-2117.5,-14892.5
44312,143.96,131.03,1003.45,1820.0,-3167.5,-24447.5
44340,154.57,135.79,1003.45,1732.5,-3447.5,-31552.5
44369,162.26,138.59,1003.33,2642.5,-5687.5,-39200.0
44397,165.68,139.69,1001.86,2450.0,-6702.5,-45360.0
44426,164.33,140.3,999.06,1067.5,-7927.5,-47565.0
44455,160.31,139.69,995.4,-3097.5,-6352.5,-49647.5
44484,151.77,136.64,992.71,-6912.5,-4270.0,-51222.5
44513,137.62,130.78,992.59,-7437.5,-4200.0,-47775.0
44542,120.05,122.24,993.81,-8085.0,-2835.0,-42647.5
44571,97.84,111.75,996.13,-7052.5,-2520.0,-34562.5
44600,71.25,100.16,998.69,-3587.5,-2117.5,-21052.5
44629,43.68,88.69,1001.13,-3605.0,1452.5,-5757.5
44658,16.96,77.84,1004.55,-805.0,2817.5,11147.5
44687,-3.42,69.54,1007.11,2922.5,2677.5,25795.0
44717,-15.86,64.9,1008.45,3517.5,5145.0,35245.0
44746,-22.33,63.2,1008.82,5617.5,4970.0,42437.5
44776,-22.81,63.81,1007.84,4672.5,4462.5,44765.0
44805,-19.89,65.88,1006.62,3640.0,5040.0,45185.0
44835,-14.88,69.42,1004.43,4392.5,2677.5,46812.5
44864,-6.22,73.69,1000.4,3360.0,210.0,44205.0
44893,4.03,77.47,996.25,227.5,280.0,39025.0
44923,14.15,81.5,994.3,-1312.5,-350.0,36365.0
44952,28.43,87.11,994.18,-525.0,-1627.5,33722.5
44981,49.04,94.67,996.01,-2327.5,1400.0,27790.0
45010,74.3,104.19,1000.16,-735.0,2870.0,17027.5
45039,100.77,114.68,1003.57,2240.0,175.0,1015.0
45068,123.95,124.68,1004.67,2712.5,-2712.5,-14157.5
45097,142.13,132.37,1004.3,1662.5,-3150.0,-25252.5
45126,155.67,137.25,1004.18,805.0,-2520.0,-34072.5
45155,164.94,139.32,1004.43,1505.0,-4112.5,-42175.0
45184,169.21,139.08,1004.3,1575.0,-4410.0,-47985.0
45213,169.34,137.86,1003.21,1312.5,-5337.5,-51222.5
45242,165.68,135.66,1000.77,577.5,-6405.0,-54127.5
45271,156.89,132.49,997.23,-1330.0,-7647.5,-54215.0
45300,142.74,127.12,994.42,-4952.5,-6055.0,-52290.0
45329,120.78,118.58,994.06,-5757.5,-4357.5,-45027.5
45358,92.48,107.85,995.15,-6370.0,-2415.0,-30957.5
45387,60.51,96.26,998.69,-4917.5,87.5,-13142.5
45416,29.04,85.16,1002.47,1382.5,-1050.0,6107.5
45445,4.64,76.37,1004.55,1120.0,1382.5,21122.5
45474,-11.83,70.76,1007.23,1242.5,5197.5,31395.0
45503,-22.45,67.71,1009.43,4830.0,5565.0,40512.5
45532,-27.69,65.88,1009.18,4270.0,7840.0,45972.5
45561,-29.16,65.27,1008.21,2940.0,7490.0,48807.5
45590,-26.72,65.88,1006.62,3762.5,5337.5,52272.5
45619,-19.4,67.1,1003.57,1032.5,6405.0,50435.0
45648,-11.47,69.78,1000.89,-735.0,5145.0,48860.0
45677,-0.98,73.93,998.69,-665.0,3360.0,50487.5
45707,15.62,79.42,997.47,-4480.0,6002.5,42997.5
45736,33.31,85.52,998.81,-3482.5,2887.5,33950.0
45766,53.68,93.45,1001.01,-1330.0,840.0,27650.0
45795,79.67,103.09,1003.33,-1452.5,2642.5,14787.5
45824,105.29,112.73,1005.52,507.5,192.5,-717.5
45853,127.98,121.63,1006.5,1732.5,-1662.5,-13090.0
45882,146.89,128.95,1006.38,875.0,-1837.5,-25830.0
45911,159.82,133.47,1006.5,1522.5,-4200.0,-35507.5
45940,167.26,135.3,1005.77,1995.0,-5827.5,-42297.5
45969,170.8,135.66,1003.57,-175.0,-6615.0,-47215.0
45997,172.14,134.81,1001.62,-2677.5,-7385.0,-52797.5
46026,169.58,131.88,1001.38,-3010.0,-5967.5,-55965.0
46054,162.02,126.64,1001.86,-2380.0,-5092.5,-56262.5
46083,149.94,119.56,1001.86,-2625.0,-4690.0,-55265.0
46111,131.76,111.02,1001.25,-1540.0,-5320.0,-50400.0
46140,107.85,101.5,999.79,-2817.5,-4270.0,-40495.0
46169,80.28,91.38,999.67,-4585.0,-3832.5,-28665.0
46198,50.39,80.76,1002.6,-2292.5,-2362.5,-13317.5
46227,21.96,71.61,1006.74,1120.0,647.5,6650.0
46257,0.73,65.15,1009.18,2467.5,3972.5,21297.5
46286,-13.42,61.61,1010.04,3535.0,4217.5,30922.5
46315,-21.47,60.51,1010.04,4777.5,4637.5,38167.5
46344,-23.91,61.0,1009.06,4515.0,5617.5,42122.5
46374,-20.74,63.2,1007.72,3605.0,4690.0,42402.5
46403,-14.03,66.98,1006.13,2730.0,4287.5,39410.0
46433,-7.08,70.76,1004.3,1487.5,3832.5,37362.5
46462,-0.37,74.3,1002.96,105.0,3972.5,36925.0
46491,6.95,77.59,1002.35,-87.5,3605.0,35962.5
46520,13.42,80.03,1001.38,-367.5,2310.0,34072.5
46549,17.08,81.74,1000.16,1085.0,1207.5,38430.0
46578,26.6,85.52,997.84,787.5,507.5,45010.0
46607,50.26,93.45,996.62,-3955.0,297.5,33215.0
46636,79.06,104.43,998.94,-2292.5,-1872.5,11707.5
46665,103.7,115.9,1001.86,1190.0,-2065.0,-2362.5
46694,126.03,126.64,1003.57,-297.5,-1837.5,-13737.5
46723,143.96,134.32,1005.52,1015.0,-3255.0,-26145.0
46752,155.43,138.59,1006.62,3657.5,-6212.5,-33040.0
46781,163.48,141.03,1005.89,2765.0,-6422.5,-38307.5
46810,168.6,142.01,1004.91,1102.5,-6212.5,-44345.0
46839,170.31,141.15,1003.57,1785.0,-8155.0,-48947.5
46868,169.34,139.45,1000.64,-857.5,-7822.5,-52535.0
46897,164.7,136.15,997.35,-5022.5,-6160.0,-56192.5
46926,154.09,129.81,995.64,-5512.5,-5810.0,-56997.5
46955,136.4,120.54,994.18,-4725.0,-3710.0,-52360.0
46984,112.0,109.43,994.06,-6825.0,-262.5,-43487.5
47013,81.25,96.62,998.45,-5530.0,3045.0,-26967.5
47042,49.17,84.91,1003.21,595.0,-350.0,-6335.0
47071,22.45,77.47,1005.52,1540.0,595.0,11357.5
47100,3.66,73.2,1006.99,1610.0,2975.0,23905.0
47129,-8.05,70.64,1007.6,2030.0,3885.0,30380.0
47158,-16.23,68.93,1007.6,4182.5,2835.0,35857.5
47187,-22.2,67.59,1005.65,4690.0,3220.0,43610.0
47216,-24.16,66.73,1002.6,70.0,6317.5,50102.5
47246,-21.35,66.49,1001.13,-700.0,5442.5,53392.5
47275,-14.03,66.61,1001.25,472.5,4007.5,53322.5
47304,-5.12,67.34,1002.23,1837.5,3797.5,52797.5
47333,6.22,69.91,1001.62,3360.0,1277.5,54652.5
47363,27.69,76.25,999.42,-35.0,805.0,45780.0
47392,55.63,84.91,1000.16,-2555.0,2572.5,27090.0
47422,80.89,93.94,1004.55,262.5,1837.5,14560.0
47451,104.43,104.92,1007.23,3377.5,455.0,4935.0
47481,128.34,117.24,1007.11,4060.0,-2537.5,-8435.0
47510,149.45,128.59,1005.65,4165.0,-4322.5,-21297.5
47539,166.04,137.13,1003.57,2590.0,-3850.0,-31885.0
47568,178.12,142.74,1001.5,-280.0,-4182.5,-40617.5
47596,186.17,145.67,999.18,-595.0,-6055.0,-48632.5
47625,189.1,145.79,997.11,-1032.5,-6842.5,-54302.5
47653,186.42,143.23,995.28,-2082.5,-6615.0,-55492.5
47682,179.34,138.84,994.06,-3552.5,-6457.5,-54915.0
47711,167.63,132.49,994.42,-3955.0,-5180.0,-52272.5
47740,151.28,125.29,996.01,-3937.5,-3797.5,-47565.0
47769,130.3,117.36,997.72,-3080.0,-3552.5,-40670.0
47798,105.77,108.7,999.06,-3045.0,-3045.0,-30817.5
47827,77.96,99.31,1000.89,-3132.5,-192.5,-18602.5
47856,47.34,89.3,1002.96,297.5,227.5,-1277.5
47885,19.15,80.15,1003.33,1925.0,1837.5,18445.0
47915,-1.95,73.32,1001.99,1627.5,3132.5,34020.0
47944,-13.79,69.17,1000.77,630.0,4305.0,44555.0
47974,-17.08,67.59,999.79,-262.5,5407.5,49245.0
48003,-16.59,66.86,998.94,-1085.0,4900.0,50610.0
48033,-13.42,66.86,999.18,-1225.0,4515.0,54635.0
48062,-4.39,68.44,999.79,245.0,2800.0,55370.0
48091,9.52,71.13,999.42,717.5,927.5,49122.5
48121,22.45,73.2,997.72,-2520.0,752.5,41492.5
48150,32.82,75.03,996.37,-5950.0,3745.0,39585.0
48179,45.75,78.32,996.62,-7875.0,7682.5,38552.5
48208,64.17,83.69,1000.03,-6422.5,4882.5,29802.5
48237,87.23,91.5,1005.77,2852.5,-5005.0,18270.0
48266,115.17,102.6,1009.18,4532.5,-3640.0,5022.5
48295,142.37,114.31,1010.16,2922.5,-1085.0,-11777.5
48324,163.85,123.22,1010.65,4357.5,-3920.0,-26110.0
48353,180.93,128.59,1010.16,4480.0,-5197.5,-37310.0
48382,192.27,130.3,1008.33,1855.0,-4340.0,-47477.5
48411,196.54,128.83,1005.52,1365.0,-5792.5,-52115.0
48440,195.69,125.66,1001.25,-1365.0,-5407.5,-56035.0
48469,190.08,121.51,997.47,-3937.5,-7700.0,-56385.0
48498,183.12,116.88,995.4,-5740.0,-7332.5,-55947.5
48527,172.02,109.92,994.79,-7980.0,-6212.5,-56787.5
48556,152.13,100.28,996.5,-7630.0,-5862.5,-51170.0
48584,126.15,89.06,1000.16,-5320.0,-4900.0,-39077.5
48613,95.89,76.74,1006.38,-2065.0,-3115.0,-24832.5
48642,63.2,64.54,1013.82,5425.0,-2012.5,-3517.5
48671,34.89,55.63,1017.97,10640.0,-577.5,19792.5
48700,16.23,51.12,1016.99,9625.0,2905.0,36277.5
48729,6.34,50.02,1013.58,5915.0,5530.0,46095.0
48758,1.83,50.02,1011.75,5285.0,7700.0,53725.0
48788,3.42,51.48,1009.43,7560.0,6387.5,58800.0
48817,12.08,54.9,1005.52,3902.5,5372.5,54967.5
48847,23.3,58.8,1001.74,1032.5,3850.0,48422.5
48876,34.16,62.46,998.57,-1802.5,5512.5,44782.5
48906,45.14,65.64,995.89,-5180.0,8260.0,42997.5
48935,58.32,68.56,995.03,-6230.0,4375.0,38307.5
48965,75.15,72.71,997.23,-2747.5,1540.0,32025.0
48994,96.75,79.67,1000.16,507.5,35.0,24972.5
49024,124.07,89.79,1002.23,1435.0,-1050.0,10867.5
49053,151.28,101.26,1002.72,1032.5,-437.5,-7122.5
49082,173.12,111.02,1002.6,525.0,-1050.0,-21647.5
49111,189.1,117.85,1002.35,105.0,-1260.0,-33302.5
49140,199.84,121.39,1001.62,52.5,-3115.0,-42385.0
49169,205.69,122.37,1000.03,-262.5,-3850.0,-49052.5
49197,205.69,121.76,997.72,-1505.0,-4392.5,-51782.5
49226,200.57,119.56,995.4,-3290.0,-5827.5,-50050.0
49255,192.88,116.02,993.57,-3727.5,-6825.0,-47652.5
49284,183.24,111.02,992.1,-5285.0,-5652.5,-46305.0
49313,168.73,104.07,993.32,-8820.0,-1890.0,-44695.0
49342,147.01,94.55,997.72,-5897.5,-2397.5,-38762.5
49371,120.54,83.94,1002.11,-2100.0,-3062.5,-26967.5
49400,91.99,73.44,1005.89,-875.0,1697.5,-11830.0
49429,64.42,64.66,1008.7,2695.0,717.5,4865.0
49459,42.33,58.19,1009.79,3990.0,2957.5,18830.0
49488,25.99,53.68,1009.55,4130.0,4322.5,29732.5
49518,14.64,51.24,1009.06,4812.5,2485.0,39567.5
49547,10.98,51.48,1007.96,5127.5,3517.5,47600.0
49577,15.01,53.56,1005.52,2240.0,5740.0,46462.5
49606,19.52,55.39,1003.33,-70.0,3762.5,42787.5
49635,24.4,57.34,1002.72,2520.0,735.0,45937.5
49664,34.53,60.02,1001.38,2642.5,1260.0,44695.0
49693,46.12,62.83,999.18,-840.0,2607.5,38657.5
49722,56.61,66.25,998.94,-262.5,612.5,39252.5
49751,74.91,72.71,999.42,1907.5,-2187.5,37100.0
49780,104.68,82.72,1000.64,175.0,-3447.5,22277.5
49809,137.74,94.43,1002.35,1435.0,-2677.5,1155.0
49838,164.82,105.41,1002.47,2870.0,-4725.0,-15925.0
49867,184.59,113.22,1000.77,595.0,-3447.5,-27142.5
49896,198.37,117.85,999.18,-2240.0,-857.5,-35910.0
49925,206.91,119.56,997.84,-3167.5,-3657.5,-43085.0
49954,210.45,118.95,997.59,-3902.5,-3237.5,-47670.0
49983,208.25,117.0,997.35,-2887.5,-2257.5,-48317.5
50012,202.03,114.56,996.37,-2362.5,-4217.5,-46812.5
50041,194.1,111.63,995.15,-2030.0,-5005.0,-45570.0
50070,183.49,107.24,993.81,-3867.5,-2555.0,-44852.5
50099,167.75,100.89,993.2,-6632.5,1260.0,-42017.5
50128,146.4,92.84,993.93,-6562.5,157.5,-36277.5
50157,120.78,83.33,996.01,-4585.0,192.5,-25760.0
50186,93.09,73.69,998.45,-2852.5,2520.0,-11567.5
50215,66.25,64.78,1000.4,-945.0,525.0,2415.0
50244,43.31,57.83,1001.86,140.0,-87.5,17167.5
50273,27.33,53.19,1003.33,2187.5,840.0,29907.5
50302,18.79,51.0,1004.06,3815.0,1312.5,38010.0
50331,15.25,50.02,1004.18,3972.5,3972.5,43487.5
50360,15.86,50.51,1003.21,3482.5,3955.0,47442.5
50389,20.62,51.97,1002.11,1557.5,4462.5,47512.5
50418,26.23,52.83,1001.86,2152.5,4410.0,47512.5
50447,31.96,53.07,1001.5,3325.0,2765.0,49315.0
50476,41.48,54.29,1000.28,4007.5,525.0,48615.0
50506,58.32,58.68,998.33,2992.5,-17.5,43347.5
50535,82.96,66.25,997.96,-875.0,1540.0,33022.5
50565,112.36,76.37,1000.16,-1067.5,2275.0,17010.0
50594,141.28,87.72,1002.11,2030.0,-472.5,437.5
50624,165.92,98.58,1000.89,2257.5,-2660.0,-14472.5
50653,185.07,106.87,998.2,227.5,-2887.5,-27440.0
50682,198.13,111.87,995.64,-2975.0,-1697.5,-36925.0
50711,206.06,113.7,995.52,-4270.0,-2117.5,-44432.5
50739,209.23,112.97,997.23,-2362.5,-2940.0,-48825.0
50768,209.35,110.78,998.94,-1890.0,-2730.0,-51415.0
50796,206.42,107.73,1000.16,-2205.0,-2275.0,-53917.5
50825,200.2,103.46,1000.16,-1225.0,-4060.0,-55580.0
50853,189.71,97.48,998.08,-3745.0,-157.5,-56350.0
50882,171.78,89.3,995.03,-5337.5,-1732.5,-54792.5
50911,145.67,78.81,993.93,-6860.0,-4585.0,-46287.5
50940,114.19,66.0,997.23,-8067.5,927.5,-29977.5
50969,81.13,53.07,1002.84,-2940.0,3255.0,-10045.0
50998,52.09,43.07,1007.11,1820.0,2397.5,9432.5
51027,30.38,36.6,1009.55,3150.0,4462.5,24132.5
51057,15.86,32.7,1010.4,5302.5,3832.5,33600.0
51086,6.71,30.74,1009.67,6037.5,3027.5,39095.0
51116,0.24,30.13,1007.35,4672.5,4812.5,45447.5
51145,-3.05,30.01,1004.79,2415.0,7210.0,52255.0
51175,-1.83,30.5,1002.72,1470.0,6300.0,55510.0
51204,4.03,32.45,1001.62,1417.5,4497.5,56910.0
51233,15.62,35.99,1001.01,210.0,4777.5,53795.0
51262,28.79,40.5,1000.89,-1067.5,3797.5,47285.0
51291,42.09,46.12,1001.38,735.0,875.0,43662.5
51321,60.27,53.68,1001.74,647.5,1645.0,38150.0
51350,82.72,62.95,1001.99,-2397.5,3360.0,25900.0
51379,105.53,73.32,1003.82,-1575.0,-105.0,12075.0
51408,127.37,83.94,1006.38,1137.5,-2100.0,-1452.5
51437,145.55,93.21,1007.84,1540.0,-1820.0,-13125.0
51466,159.45,100.28,1008.7,2170.0,-2957.5,-22487.5
51495,168.85,104.92,1008.94,3045.0,-4445.0,-29697.5
51524,174.83,107.6,1009.18,2467.5,-3797.5,-34422.5
51553,178.0,108.58,1009.31,2905.0,-4532.5,-39672.5
51582,177.63,107.97,1009.18,3850.0,-5932.5,-42980.0
51611,173.97,106.51,1008.45,3867.5,-5617.5,-44240.0
51640,168.12,104.68,1006.5,3010.0,-5530.0,-44590.0
51669,159.58,102.97,1004.06,1750.0,-5652.5,-44905.0
51698,148.6,101.26,1001.38,175.0,-5810.0,-44170.0
51726,133.22,98.21,999.42,-2012.5,-4585.0,-42105.0
51755,112.0,93.33,997.96,-3500.0,-4077.5,-34335.0
51784,87.11,86.62,997.72,-5687.5,-1680.0,-23835.0
51813,60.51,77.96,1000.64,-5757.5,665.0,-13160.0
51842,32.21,68.44,1005.4,-875.0,210.0,2695.0
51872,8.17,61.73,1008.57,2082.5,2537.5,22155.0
51901,-5.49,59.29,1009.31,2695.0,4900.0,34667.5
51930,-10.49,59.17,1008.94,3447.5,4655.0,38535.0
51959,-12.44,59.78,1007.84,3832.5,3920.0,40775.0
51988,-12.69,60.63,1005.65,2432.5,4375.0,45185.0
52017,-8.78,62.1,1002.84,455.0,5425.0,47057.5
52047,-2.56,64.17,1000.4,-192.5,3832.5,45675.0
52076,4.64,66.61,998.45,17.5,1540.0,46760.0
52106,15.49,69.91,995.4,-1137.5,1890.0,45972.5
52135,30.5,73.93,991.74,-5565.0,2012.5,38867.5
52165,48.07,78.69,991.86,-9397.5,2852.5,33145.0
52194,71.25,85.64,997.47,-8837.5,5792.5,25865.0
52223,99.19,94.79,1006.26,-3850.0,3290.0,9957.5
52252,125.05,104.68,1013.33,3920.0,-2660.0,-6562.5
52281,145.3,113.22,1016.26,6177.5,-3132.5,-17167.5
52310,161.28,119.56,1016.14,6772.5,-4147.5,-26250.0
52338,172.75,123.22,1014.19,6300.0,-6265.0,-35070.0
52367,179.34,125.17,1011.38,5215.0,-7017.5,-40145.0
52396,182.27,125.9,1007.96,3692.5,-7192.5,-43102.5
52425,183.0,125.42,1004.79,3272.5,-8820.0,-47215.0
52454,179.83,123.95,1001.25,2380.0,-9572.5,-49700.0
52483,172.26,121.02,997.84,-140.0,-9082.5,-49630.0
52512,159.82,116.14,995.52,-2712.5,-7822.5,-48317.5
52541,141.52,109.07,994.67,-5197.5,-6125.0,-43925.0
52570,117.61,100.28,994.06,-5477.5,-4742.5,-35245.0
52599,90.04,89.91,994.67,-6685.0,-4200.0,-24360.0
52628,59.05,78.08,999.18,-5897.5,-192.5,-6685.0
52658,30.62,67.83,1005.52,-1820.0,2765.0,15995.0
52687,12.44,62.22,1009.79,2082.5,4095.0,31167.5
52716,3.9,60.15,1011.99,4165.0,6142.5,38955.0
52745,0.85,59.78,1012.6,5372.5,6685.0,43085.0
52774,0.37,60.51,1011.62,5232.5,5740.0,46567.5
52803,2.93,61.98,1009.43,4130.0,5495.0,51485.0
52832,10.98,64.66,1007.23,2222.5,6755.0,53235.0
52861,23.42,68.2,1004.18,-525.0,4742.5,49192.5
52890,38.06,72.1,1003.21,-3727.5,4252.5,43207.5
52919,54.53,77.59,1004.3,-910.0,3097.5,38885.0
52948,76.37,85.4,1005.04,437.5,1400.0,30730.0
52978,102.36,95.16,1006.01,367.5,1960.0,16292.5
53007,127.37,105.65,1007.6,1680.0,0.0,2275.0
53037,149.94,114.92,1008.94,2380.0,-52.5,-10255.0
53066,168.36,122.24,1009.31,3150.0,-1190.0,-21507.5
53095,181.05,127.12,1008.33,3255.0,-3325.0,-30625.0
53124,189.1,130.05,1006.38,2800.0,-4637.5,-37170.0
53153,192.76,131.03,1003.21,1785.0,-6300.0,-43242.5
53182,191.78,130.78,998.94,665.0,-8435.0,-45202.5
53211,188.12,130.54,994.3,-1855.0,-8347.5,-45272.5
53240,182.02,129.32,990.64,-5950.0,-7157.5,-47040.0
53268,170.07,125.42,990.27,-9362.5,-3482.5,-45780.0
53297,151.4,118.34,992.35,-7857.5,-3710.0,-40845.0
53325,127.61,108.95,995.15,-5092.5,-6370.0,-33022.5
53354,100.28,98.21,998.2,-5302.5,-3430.0,-21192.5
53383,71.0,87.11,1004.3,-3167.5,1505.0,-3850.0
53412,46.97,78.81,1011.14,6230.0,-682.5,14647.5
53441,33.67,75.4,1014.06,9205.0,525.0,24307.5
53471,26.35,75.15,1014.06,9082.5,1540.0,29050.0
53500,22.57,76.86,1013.09,10080.0,1312.5,35280.0
53529,24.16,79.91,1010.04,8522.5,5092.5,39392.5
53558,29.4,83.45,1005.16,3797.5,7280.0,36907.5
53588,32.33,85.64,1000.52,1102.5,5057.5,34860.0
53617,33.31,86.74,997.72,1102.5,4182.5,40617.5
53647,38.8,88.82,995.03,2205.0,3640.0,45395.0
53676,50.51,92.48,990.76,-805.0,3465.0,42070.0
53705,66.61,97.36,988.44,-5092.5,4742.5,35070.0
53734,85.89,103.82,989.91,-5705.0,5582.5,25322.5
53763,107.36,112.0,994.54,-3955.0,4147.5,15995.0
53792,131.27,121.76,999.91,175.0,1942.5,4252.5
53821,154.45,131.76,1002.84,3220.0,-1242.5,-9607.5
53850,173.24,139.93,1003.33,3412.5,-1907.5,-20982.5
53879,186.54,145.3,1002.72,3202.5,-3132.5,-30975.0
53908,194.47,147.99,1001.13,2625.0,-4585.0,-37397.5
53937,198.74,148.96,998.81,1400.0,-5040.0,-42052.5
53966,201.06,148.84,995.03,-245.0,-6790.0,-46882.5
53995,200.45,147.62,990.64,-4200.0,-7472.5,-52710.0
54024,194.71,143.96,987.71,-5967.5,-6177.5,-54775.0
54053,183.12,138.1,986.0,-6842.5,-6072.5,-53742.5
54082,165.07,129.44,986.86,-9502.5,-2222.5,-48160.0
54111,140.42,118.58,992.96,-6212.5,1890.0,-36295.0
54140,112.48,107.48,1000.16,1190.0,-122.5,-22435.0
54169,82.96,97.84,1004.79,3605.0,1365.0,-7822.5
54199,54.41,90.4,1007.48,5547.5,1697.5,10307.5
54228,32.09,85.89,1008.21,5862.5,3902.5,26530.0
54257,17.93,83.33,1008.09,5740.0,6440.0,37345.0
54286,10.13,81.86,1007.35,7595.0,5197.5,42805.0
54315,6.71,81.62,1004.79,7297.5,4112.5,45832.5
54344,5.73,82.84,1000.64,5355.0,4182.5,50137.5
54373,9.64,85.4,995.52,2327.5,6037.5,54460.0
54403,20.98,89.79,990.52,-1365.0,6230.0,51380.0
54432,35.87,95.28,987.1,-2835.0,2100.0,43312.5
54461,50.39,101.02,984.05,-3832.5,-192.5,37660.0
54490,66.0,106.75,980.51,-9187.5,5792.5,32672.5
54519,85.4,112.85,980.39,-14262.5,11147.5,24920.0
54548,108.82,118.95,987.22,-11620.0,5267.5,10465.0
54577,131.03,125.05,998.69,-2625.0,70.0,-2905.0
54606,149.21,131.27,1006.99,4480.0,-1820.0,-11532.5
54635,164.7,137.25,1009.55,5985.0,-3342.5,-21385.0
54664,176.41,141.64,1008.7,5600.0,-5425.0,-30485.0
54693,184.22,144.2,1006.5,3867.5,-4812.5,-36680.0
54722,188.49,144.94,1004.43,1855.0,-4777.5,-42490.0
54750,188.73,143.84,1002.72,1767.5,-7105.0,-47967.5
54779,183.12,141.4,1000.16,2870.0,-8820.0,-48632.5
54807,174.34,138.59,996.01,560.0,-7437.5,-45255.0
54836,164.46,135.18,992.84,-3062.5,-5197.5,-44135.0
54865,151.77,129.81,991.86,-3972.5,-6020.0,-42542.5
54894,133.83,122.0,994.18,-5932.5,-2537.5,-37135.0
54923,109.68,112.0,1000.28,-2047.5,-1732.5,-25795.0
54952,81.86,101.99,1005.4,4007.5,-2940.0,-9537.5
54981,56.36,94.31,1006.74,4095.0,-700.0,6912.5
55011,37.82,90.28,1007.11,2992.5,2730.0,18970.0
55040,26.6,89.06,1007.72,4882.5,2520.0,25795.0
55070,20.74,89.91,1006.74,5775.0,3290.0,29575.0
55099,18.06,91.5,1003.94,3447.5,4952.5,31867.5
55129,16.71,93.7,1000.64,1960.0,5302.5,35612.5
55158,18.3,96.14,996.74,280.0,5897.5,38990.0
55188,23.67,99.43,993.81,-2187.5,5810.0,39025.0
55217,31.72,103.46,992.23,-2012.5,3937.5,37975.0
55246,41.72,107.73,990.52,-3710.0,3850.0,35805.0
55275,51.73,111.26,989.66,-5705.0,3692.5,30572.5
55304,59.54,113.95,989.66,-4077.5,52.5,29855.0
55333,70.39,117.73,990.15,-3465.0,-3570.0,33740.0
55362,92.84,123.83,991.74,-3727.5,-4007.5,24955.0
55391,119.07,130.91,995.15,-4952.5,-1732.5,4235.0
55420,137.86,136.27,1001.13,-1540.0,-1365.0,-7192.5
55449,152.99,140.54,1006.38,3395.0,-1067.5,-12827.5
55478,167.26,144.45,1008.21,4672.5,-2030.0,-23730.0
55507,175.8,147.01,1007.72,4777.5,-3185.0,-30222.5
55536,180.68,148.35,1006.01,4305.0,-2642.5,-32305.0
55565,183.24,148.84,1003.08,3377.5,-3185.0,-36767.5
55594,182.15,148.47,998.94,2887.5,-4917.5,-37467.5
55623,179.83,147.62,994.79,-805.0,-2100.0,-39147.5
55652,175.56,145.67,992.35,-2852.5,-2905.0,-42297.5
55680,167.99,142.37,992.35,-2590.0,-4550.0,-43470.0
55709,156.65,138.23,992.23,-2467.5,-3675.0,-40757.5
55737,141.15,133.22,991.74,-4515.0,-1890.0,-37065.0
55766,120.54,126.51,992.96,-4952.5,-350.0,-29610.0
55795,95.65,118.46,996.62,-1995.0,770.0,-16660.0
55824,71.98,111.26,1000.52,1505.0,2327.5,-2345.0
55853,51.73,106.14,1002.84,3080.0,3570.0,8470.0
55882,34.89,102.97,1003.21,3640.0,3307.5,19302.5
55911,23.06,101.26,1002.35,2555.0,6037.5,28262.5
55940,16.84,101.02,1000.77,1207.5,6667.5,33460.0
55969,14.64,101.87,999.91,350.0,5985.0,35962.5
55999,15.37,103.58,1000.16,1750.0,5687.5,38185.0
56028,18.79,106.26,998.81,2887.5,3517.5,39445.0
56058,25.01,109.8,996.25,822.5,2765.0,38290.0
56087,31.84,113.34,994.06,52.5,2170.0,37677.5
56116,40.99,117.24,991.13,-122.5,-227.5,36767.5
56145,54.41,121.76,987.96,-3745.0,962.5,31027.5
56174,68.69,125.78,987.35,-7455.0,1855.0,24570.0
56203,83.2,129.08,991.37,-5477.5,1715.0,21350.0
56232,101.14,133.35,996.86,105.0,-192.5,13335.0
56261,120.17,139.45,1000.4,2170.0,-3395.0,437.5
56290,135.79,145.55,1002.35,1610.0,-2187.5,-9887.5
56319,147.5,150.18,1003.69,2240.0,-1382.5,-16712.5
56348,157.14,153.23,1003.57,3937.5,-4375.0,-23852.5
56377,163.48,155.18,1001.5,3097.5,-4515.0,-29960.0
56406,165.68,155.79,998.69,630.0,-2555.0,-32060.0
56435,165.8,155.43,996.37,-980.0,-2555.0,-34492.5
56464,164.46,154.45,995.28,-752.5,-4270.0,-37922.5
56493,160.92,152.74,994.54,-1050.0,-4410.0,-39620.0
56522,154.7,150.55,993.93,-2222.5,-3237.5,-40582.5
56551,145.06,147.62,993.32,-1855.0,-3990.0,-39532.5
56580,131.27,143.72,991.98,-3710.0,-2922.5,-37432.5
56608,112.36,137.86,993.08,-5355.0,-87.5,-30415.0
56637,89.3,130.42,997.96,-1085.0,3097.5,-18130.0
56666,65.15,123.34,1002.47,4200.0,2187.5,-4252.5
56695,43.92,118.1,1004.3,5215.0,1330.0,8645.0
56724,27.57,115.05,1003.45,4252.5,3185.0,19110.0
56753,16.47,113.7,1000.89,1890.0,4445.0,25795.0
56782,9.52,112.73,998.81,87.5,5285.0,30065.0
56812,5.12,111.63,997.35,-1120.0,5530.0,33337.5
56841,3.05,110.78,996.98,-1382.5,6422.5,37362.5
56870,4.39,111.02,996.74,-1015.0,6755.0,39865.0
56899,7.32,111.51,995.52,-1697.5,6527.5,39532.5
56929,9.76,111.51,993.69,-3535.0,5932.5,41457.5
56958,15.01,111.51,992.1,-5652.5,7332.5,43207.5
56988,24.89,111.87,991.62,-6825.0,8137.5,38850.0
57017,37.82,112.73,994.06,-5197.5,3850.0,31762.5
57047,52.22,115.41,998.45,-1207.5,175.0,25480.0
57076,69.05,120.9,1001.62,910.0,-927.5,20002.5
57105,90.28,128.83,1003.45,1050.0,-770.0,9222.5
57134,111.87,137.62,1005.28,1295.0,-1907.5,-5267.5
57163,129.32,145.06,1006.74,2467.5,-2572.5,-16520.0
57192,142.98,150.18,1007.72,3167.5,-3360.0,-25952.5
57220,152.87,153.11,1007.72,4112.5,-5495.0,-34457.5
57249,158.6,153.96,1006.74,3867.5,-6405.0,-40215.0
57278,160.19,153.23,1005.52,2975.0,-5932.5,-43907.5
57307,157.26,151.04,1004.3,2782.5,-6667.5,-45955.0
57336,151.28,147.86,1003.08,2170.0,-6720.0,-46427.5
57365,142.25,143.96,1001.86,367.5,-5792.5,-46602.5
57394,129.32,139.32,1002.23,-140.0,-4690.0,-43435.0
57423,112.61,134.44,1002.96,1575.0,-4252.5,-37187.5
57452,92.48,129.08,1002.35,700.0,-2887.5,-29680.0
57481,69.05,122.85,1001.86,-875.0,-227.5,-19110.0
57510,43.19,115.78,1002.35,-735.0,1487.5,-4777.5
57540,19.4,109.31,1002.35,1382.5,962.5,10657.5
57569,1.95,104.8,1000.64,-227.5,3045.0,21910.0
57598,-9.39,102.72,998.69,-1102.5,4147.5,29592.5
57627,-15.37,102.48,997.11,-1242.5,4357.5,35840.0
57656,-15.37,103.46,996.25,-2957.5,5722.5,37677.5
57685,-12.69,104.92,996.25,-2660.0,4725.0,36312.5
57714,-9.27,106.51,996.74,-1872.5,3307.5,38815.0
57743,-2.68,108.09,996.98,-1855.0,4480.0,39340.0
57772,5.86,109.31,996.25,-1960.0,3342.5,35175.0
57801,12.93,110.04,994.67,-3272.5,2065.0,32147.5
57830,20.5,111.02,994.18,-5372.5,4147.5,32445.0
57859,33.43,113.7,995.89,-5652.5,3447.5,29260.0
57888,51.0,118.1,1000.16,-4340.0,2275.0,19827.5
57917,68.81,124.07,1005.04,-52.5,-455.0,10727.5
57946,87.35,131.27,1007.96,1750.0,-962.5,2012.5
57976,105.65,138.35,1009.43,2012.5,-1050.0,-9607.5
58005,121.02,143.72,1009.92,3622.5,-3640.0,-19705.0
58034,133.47,147.5,1009.79,4060.0,-4952.5,-28052.5
58063,142.37,149.69,1008.82,3815.0,-5390.0,-34842.5
58091,146.64,150.06,1007.23,3990.0,-7630.0,-39812.5
58120,146.77,149.08,1005.16,3710.0,-9415.0,-42595.0
58148,143.72,147.5,1003.33,1137.5,-7315.0,-42350.0
58177,138.23,145.06,1003.08,-787.5,-5687.5,-41562.5
58206,130.05,141.64,1004.55,1242.5,-6212.5,-41072.5
58235,117.36,137.13,1005.16,1627.5,-5775.0,-38325.0
58264,99.92,131.52,1005.04,700.0,-4235.0,-32130.0
58293,79.3,125.17,1005.04,437.5,-1872.5,-23502.5
58322,56.49,118.83,1004.55,35.0,-682.5,-12722.5
58352,33.31,112.61,1004.67,-630.0,1505.0,472.5
58381,13.18,107.24,1004.79,245.0,2817.5,13912.5
58411,-1.22,103.46,1003.69,-122.5,3972.5,23327.5
58440,-10.74,100.89,1002.11,-1277.5,5547.5,28927.5
58469,-17.08,98.82,1000.16,-2205.0,6107.5,33827.5
58498,-20.98,96.62,998.69,-4147.5,7490.0,38587.5
58528,-20.98,95.4,998.45,-3955.0,7175.0,43452.5
58557,-15.49,95.53,999.06,-3167.5,6510.0,44835.0
58586,-6.83,96.38,999.42,-3815.0,6177.5,41422.5
58615,2.93,98.09,1000.16,-4147.5,5705.0,40302.5
58644,16.47,101.5,1001.99,-4130.0,6510.0,38220.0
58673,34.53,107.12,1004.06,-1592.5,3377.5,30747.5
58702,56.12,115.05,1005.52,420.0,-1120.0,20125.0
58731,80.15,124.2,1006.5,787.5,-1610.0,8540.0
58760,103.21,132.74,1007.23,1575.0,-1925.0,-4865.0
58789,121.76,138.96,1006.62,2485.0,-4725.0,-16397.5
58818,134.81,142.62,1005.52,1347.5,-5005.0,-24360.0
58847,143.59,143.96,1005.04,1085.0,-5617.5,-30310.0
58876,148.6,143.72,1005.16,1470.0,-6632.5,-35087.5
58905,149.82,142.25,1005.52,1312.5,-6947.5,-38360.0
58934,147.38,139.69,1005.89,2047.5,-7787.5,-39357.5
58963,142.25,136.88,1005.52,1190.0,-6632.5,-39707.5
58992,134.2,133.35,1005.65,-122.5,-4252.5,-38885.0
59021,123.59,129.08,1006.5,647.5,-4182.5,-37450.0
59050,110.29,124.32,1006.99,1050.0,-4147.5,-35857.5
59078,92.72,119.32,1006.74,472.5,-1977.5,-29312.5
59107,71.98,114.19,1005.89,-262.5,-560.0,-19950.0
59136,50.02,108.58,1005.77,-752.5,175.0,-9135.0
59165,29.16,103.33,1006.26,542.5,1365.0,3482.5
59194,11.96,99.31,1006.26,682.5,3220.0,15120.0
59223,-0.61,96.87,1005.04,490.0,4742.5,24167.5
59252,-7.81,95.89,1003.08,-175.0,5477.5,30467.5
59281,-10.61,95.89,1000.89,-1750.0,6825.0,33232.5
59310,-11.96,95.89,999.42,-2467.5,5705.0,35192.5
59339,-11.22,96.38,999.55,-2100.0,4392.5,39707.5
59368,-4.27,98.09,1000.77,-1732.5,5145.0,40460.0
59397,5.61,100.41,1001.62,-1050.0,3325.0,34247.5
59426,13.3,102.24,1001.62,-1785.0,2275.0,31132.5
59455,20.62,103.94,1001.01,-2450.0,3062.5,30520.0
59484,30.26,106.14,1000.64,-2852.5,2660.0,27387.5
59513,41.24,109.07,1001.01,-2590.0,1365.0,22557.5
59542,52.95,112.85,1002.23,-1750.0,315.0,19232.5
59572,68.93,118.71,1004.3,-402.5,-385.0,14647.5
59601,89.91,126.27,1006.38,402.5,-682.5,2450.0
59630,108.58,133.1,1008.09,1522.5,-2572.5,-11235.0
59659,121.76,138.1,1009.31,2397.5,-3237.5,-18550.0
59687,132.25,140.91,1010.4,2502.5,-3640.0,-25200.0
59716,139.57,142.01,1011.87,3342.5,-4725.0,-31377.5
59745,143.35,141.89,1012.72,4725.0,-5547.5,-35490.0
59774,144.08,140.91,1012.36,4690.0,-4952.5,-37292.5
59803,142.98,139.57,1011.14,4375.0,-4952.5,-39952.5
59832,138.84,137.37,1009.31,3832.5,-5862.5,-42857.5
59861,130.54,134.2,1007.23,2555.0,-4795.0,-42490.0
59890,117.73,130.54,1005.16,1102.5,-3832.5,-39305.0
59919,100.77,126.03,1003.57,577.5,-3797.5,-33372.5
59948,80.28,120.78,1002.6,-105.0,-3045.0,-24815.0
59977,57.83,115.17,1002.11,-140.0,-1365.0,-14000.0
60006,35.14,110.04,1001.62,910.0,-857.5,-2502.5
60035,14.03,106.14,1000.89,-245.0,1417.5,11515.0
60065,-1.1,103.7,1000.03,-962.5,3622.5,23012.5
60094,-9.27,102.36,999.42,-1015.0,3710.0,28507.5
60123,-14.15,101.75,998.81,-892.5,4200.0,33215.0
60152,-15.86,101.87,997.59,-1767.5,4445.0,38045.0
60181,-13.66,102.11,996.62,-2870.0,4445.0,40250.0
60210,-9.15,101.99,995.52,-3570.0,3587.5,39900.0
60239,-3.29,101.99,994.3,-4690.0,3132.5,40652.5
60268,6.59,103.21,993.2,-5582.5,4095.0,39882.5
60297,20.01,105.41,991.49,-7087.5,4725.0,34177.5
60326,34.04,108.09,990.64,-9187.5,2275.0,28962.5
60355,51.36,111.75,993.57,-8067.5,-437.5,22872.5
60384,72.22,116.51,999.18,-6002.5,1540.0,12127.5
60413,92.11,121.63,1005.52,-1155.0,-560.0,770.0
60443,109.31,126.64,1009.43,2170.0,-2695.0,-8575.0
60472,123.95,130.66,1011.5,1522.5,-1172.5,-17097.5
60501,135.18,132.74,1013.7,3062.5,-2520.0,-24605.0
60530,143.23,132.98,1014.8,5547.5,-5372.5,-29925.0
60558,148.72,132.49,1014.19,5040.0,-4935.0,-34125.0
60587,151.04,131.03,1012.6,3745.0,-4550.0,-38097.5
60615,148.35,128.34,1010.65,3500.0,-6142.5,-40145.0
60644,141.52,125.42,1008.21,3412.5,-6982.5,-38325.0
60672,132.74,122.98,1005.04,1627.5,-6160.0,-35805.0
60701,122.73,120.41,1003.45,-1767.5,-4480.0,-34317.5
60729,109.31,116.27,1005.04,-1767.5,-3185.0,-31920.0
60758,90.77,111.02,1007.6,455.0,-3185.0,-24762.5
60787,69.17,104.8,1009.92,140.0,157.5,-14647.5
60816,45.87,97.72,1012.36,2082.5,2240.0,-2712.5
60845,23.91,91.26,1013.7,4217.5,2520.0,10902.5
60875,6.59,86.25,1013.21,4637.5,4707.5,23065.0
60904,-5.49,82.72,1011.14,4497.5,5180.0,32532.5
60934,-11.96,80.52,1008.45,4427.5,4445.0,38220.0
60963,-13.3,79.79,1005.4,3850.0,3675.0,41457.5
60993,-10.49,81.01,1002.11,1207.5,6247.5,44362.5
61022,-3.78,82.96,999.06,-1505.0,7630.0,44415.0
61051,5.98,85.03,996.86,-2607.5,6125.0,41527.5
61080,18.42,88.08,995.76,-2642.5,4585.0,38167.5
61109,33.79,92.6,996.25,-2362.5,3482.5,33617.5
61138,53.31,99.43,998.08,-612.5,1452.5,28332.5
61167,77.84,108.95,999.79,-245.0,875.0,17972.5
61196,102.97,119.32,1001.38,-1312.5,875.0,4060.0
61225,124.56,128.59,1003.08,542.5,-1627.5,-7665.0
61254,142.74,135.79,1003.45,1610.0,-3517.5,-17500.0
61283,157.14,140.79,1003.08,857.5,-3780.0,-26897.5
61312,166.53,143.35,1002.84,1802.5,-6177.5,-33722.5
61341,172.39,143.96,1001.86,2082.5,-7420.0,-38465.0
61370,174.09,142.98,999.67,1400.0,-8400.0,-42647.5
61399,171.78,141.28,997.35,-752.5,-8522.5,-43890.0
61428,167.14,138.96,996.86,-2695.0,-7262.5,-45010.0
61457,159.33,135.18,998.81,-2957.5,-6282.5,-46182.5
61486,145.67,129.69,1002.47,-1802.5,-5372.5,-43890.0
61515,126.27,122.98,1006.26,-70.0,-3185.0,-36942.5
61543,102.72,115.9,1009.43,1470.0,-682.5,-26390.0
61572,78.45,109.43,1011.26,3395.0,1050.0,-13895.0
61601,57.34,104.19,1011.26,5162.5,2817.5,-3797.5
61630,39.16,100.77,1008.7,5390.0,2537.5,3990.0
61659,24.64,100.16,1005.28,4690.0,1575.0,14560.0
61688,16.71,102.36,1001.99,3500.0,4620.0,22610.0
61717,14.4,105.65,997.23,1242.5,4410.0,24447.5
61746,12.57,107.85,992.84,-2852.5,4130.0,24027.5
61775,10.0,109.19,990.64,-4655.0,4917.5,29260.0
61804,11.83,111.26,990.15,-5057.5,5005.0,32882.5
61833,16.96,113.46,990.64,-5407.5,4567.5,30817.5
61862,20.74,115.41,991.01,-3587.5,2117.5,31710.0
61891,26.6,117.85,990.76,-3675.0,1680.0,34545.0
61921,37.33,120.54,991.13,-5582.5,4007.5,30765.0
61950,49.29,123.46,993.32,-3832.5,735.0,23870.0
61980,62.1,127.12,996.01,-2327.5,227.5,19285.0
62009,76.98,132.25,999.3,-2100.0,1207.5,13772.5
62038,93.94,138.47,1003.57,-52.5,385.0,5705.0
62067,111.39,145.18,1007.35,2590.0,-1032.5,-4252.5
62096,126.64,151.28,1009.67,4217.5,-1767.5,-13020.0
62125,138.71,155.92,1009.92,4690.0,-2800.0,-20492.5
62154,147.86,158.84,1009.31,4532.5,-3465.0,-26547.5
62183,153.72,160.06,1008.09,4707.5,-5162.5,-31570.0
62212,156.28,160.31,1006.5,3850.0,-5075.0,-34387.5
62241,156.28,159.58,1005.16,3955.0,-6597.5,-37432.5
62270,152.74,157.5,1003.57,4182.5,-7787.5,-39095.0
62299,145.18,154.57,1001.25,3010.0,-7280.0,-38482.5
62328,134.2,151.04,998.57,1207.5,-7192.5,-36470.0
62357,120.05,147.13,996.74,-1032.5,-5250.0,-32007.5
62386,103.21,142.98,996.01,-2240.0,-3500.0,-26127.5
62415,84.3,138.23,996.62,-2380.0,-1995.0,-18532.5
62444,64.66,132.98,997.96,-3045.0,910.0,-9905.0
62474,45.38,127.73,1000.03,-2047.5,2730.0,-262.5
62503,27.94,123.83,1002.11,-385.0,4410.0,11550.0
62532,14.88,121.15,1002.84,787.5,5565.0,21070.0
62561,5.98,118.83,1002.23,700.0,5617.5,25970.0
62590,-1.1,116.88,1001.13,770.0,5285.0,31605.0
62619,-4.03,116.88,999.91,1242.5,5582.5,38255.0
62648,-0.98,118.58,997.96,-350.0,7140.0,40092.5
62677,3.17,119.8,996.01,-2205.0,6842.5,38762.5
62706,6.71,119.56,994.42,-2170.0,4550.0,40442.5
62735,12.93,119.44,992.35,-3675.0,6037.5,40862.5
62764,22.08,120.29,991.01,-6317.5,6195.0,36977.5
62793,33.06,122.24,992.23,-6125.0,5670.0,34142.5
62822,48.19,126.27,995.52,-3920.0,4077.5,30047.5
62852,67.1,132.25,1000.03,-2065.0,2975.0,21455.0
62881,86.74,139.57,1004.67,1137.5,595.0,11952.5
62911,106.51,147.62,1008.21,3640.0,-910.0,1715.0
62940,124.81,155.31,1009.92,4462.5,-1295.0,-9677.5
62968,138.96,161.28,1010.16,5232.5,-2940.0,-19162.5
62997,149.82,165.19,1009.67,5757.5,-4427.5,-26355.0
63025,157.14,167.51,1008.82,5617.5,-5565.0,-32865.0
63054,160.43,167.99,1007.72,4865.0,-5407.5,-36697.5
63082,160.55,167.26,1006.87,5582.5,-7525.0,-39830.0
63111,157.99,165.55,1005.52,5582.5,-8400.0,-41912.5
63140,152.13,163.24,1003.45,4812.5,-8400.0,-42455.0
63169,143.35,160.8,1000.16,4060.0,-9257.5,-41125.0
63198,132.0,157.99,996.5,752.5,-7315.0,-39777.5
63227,116.14,153.6,994.79,-2082.5,-5897.5,-35962.5
63256,95.53,147.62,995.76,-1207.5,-5565.0,-27562.5
63285,71.25,141.03,996.86,647.5,-4515.0,-15435.0
63314,45.38,134.44,997.47,2712.5,-3640.0,-175.0
63344,23.67,129.08,997.23,1295.0,1767.5,13912.5
63373,8.3,125.66,996.98,175.0,3115.0,22540.0
63403,-2.07,124.32,995.76,157.5,3920.0,29452.5
63432,-6.83,124.44,993.45,-1697.5,5827.5,34335.0
63461,-6.83,125.29,991.13,-4305.0,7367.5,35647.5
63490,-4.27,126.15,990.15,-5232.5,6772.5,36312.5
63519,0.0,127.37,989.91,-4777.5,5600.0,37835.0
63548,6.34,129.08,989.05,-4340.0,4025.0,38447.5
63577,15.86,131.52,986.86,-3360.0,1680.0,37205.0
63606,29.16,134.2,985.27,-7227.5,2677.5,33215.0
63635,43.92,136.27,988.81,-9905.0,5810.0,28910.0
63664,60.27,139.08,996.74,-4637.5,3482.5,25060.0
63693,80.52,144.45,1004.55,1365.0,367.5,17395.0
63723,103.94,152.5,1009.31,4707.5,210.0,6492.5
63752,127.0,160.92,1010.4,5442.5,-437.5,-6930.0
63781,145.79,167.38,1010.04,5337.5,-2555.0,-18847.5
63810,158.97,171.17,1008.7,5950.0,-4637.5,-27125.0
63839,167.63,172.75,1006.38,5057.5,-6335.0,-33477.5
63868,172.26,172.75,1004.3,3412.5,-6352.5,-37642.5
63896,173.24,171.65,1002.35,2415.0,-6440.0,-40145.0
63925,172.02,169.95,1000.4,1785.0,-7822.5,-43452.5
63953,166.65,166.9,998.69,420.0,-7175.0,-46672.5
63982,154.21,162.5,997.23,-525.0,-7140.0,-45447.5
64011,135.3,157.01,996.98,-1855.0,-5880.0,-38640.0
64040,111.51,151.16,998.69,717.5,-5022.5,-27230.0
64069,86.86,145.18,999.79,2975.0,-4847.5,-14927.5
64098,62.46,138.71,999.91,1365.0,-770.0,-3482.5
64127,38.31,132.0,999.91,1557.5,17.5,9905.0
64157,18.79,126.39,999.18,1207.5,1890.0,23730.0
64186,7.56,122.73,998.2,245.0,4655.0,32742.5
64216,2.93,120.66,997.23,35.0,6002.5,36645.0
64245,1.71,119.19,995.4,-1557.5,7140.0,39917.5
64275,4.27,118.71,994.18,-2485.0,8155.0,43347.5
64304,10.74,119.32,992.23,-1802.5,5967.5,43680.0
64334,20.74,120.29,990.64,-4917.5,6370.0,41457.5
64363,31.48,121.63,991.74,-5232.5,6370.0,39025.0
64392,43.68,124.07,993.93,-3377.5,3920.0,38185.0
64421,60.02,128.22,996.74,-2362.5,3920.0,33845.0
64450,78.45,133.96,999.67,-245.0,1452.5,25777.5
64479,97.48,141.15,1001.74,1295.0,-210.0,19967.5
64508,120.29,149.57,1002.96,2257.5,-262.5,10255.0
64537,144.2,157.75,1003.45,3360.0,-2660.0,-5967.5
64566,162.87,164.21,1002.96,2800.0,-3150.0,-18095.0
64595,176.17,168.12,1002.96,2852.5,-2870.0,-25532.5
64624,187.51,169.95,1002.84,4497.5,-5582.5,-33425.0
64653,195.08,170.31,1001.38,3587.5,-6492.5,-41562.5
64682,196.54,169.09,999.42,2082.5,-6650.0,-45535.0
64711,193.49,166.41,997.72,1855.0,-7455.0,-46375.0
64740,186.9,163.48,996.01,1137.5,-8137.5,-47372.5
64769,174.7,159.7,994.79,-630.0,-6825.0,-46182.5
64798,156.77,154.82,993.81,472.5,-7875.0,-39567.5
64828,135.79,150.18,992.47,-612.5,-5722.5,-30082.5
64857,113.7,144.94,992.1,-2835.0,-2327.5,-20545.0
64885,90.04,138.96,993.81,-2117.5,-455.0,-9677.5
64914,66.73,133.71,995.89,-105.0,647.5,4602.5
64943,48.56,130.05,996.5,910.0,2450.0,16677.5
64972,37.09,127.98,995.52,52.5,3990.0,23222.5
65001,29.77,126.88,994.54,-945.0,5250.0,27825.0
65030,25.38,126.39,993.32,-1120.0,5740.0,32900.0
65059,24.64,126.27,991.62,-2502.5,6475.0,34982.5
65088,25.74,125.9,990.76,-3482.5,5792.5,35787.5
65117,29.16,126.15,991.37,-2782.5,5547.5,38675.0
65146,36.84,127.49,992.35,-2380.0,6020.0,39200.0
65175,47.34,129.69,993.45,-2555.0,4427.5,35577.5
65204,60.51,132.98,996.13,-1137.5,3710.0,32742.5
65233,79.3,138.84,999.67,1400.0,2835.0,27422.5
65263,103.58,147.62,1002.23,3692.5,1680.0,14910.0
65292,127.73,157.62,1002.72,4655.0,-437.5,665.0
65322,148.35,166.65,1001.38,4270.0,-1400.0,-11480.0
65351,164.7,173.24,998.94,3430.0,-3325.0,-22242.5
65379,175.8,177.14,996.98,2082.5,-4252.5,-29750.0
65408,183.0,178.85,995.76,2590.0,-6002.5,-35035.0
65437,186.54,178.97,994.18,1592.5,-6895.0,-39620.0
65466,185.81,177.88,992.47,822.5,-7577.5,-41597.5
65495,182.02,176.05,990.52,560.0,-9240.0,-42577.5
65524,175.31,173.73,988.44,-857.5,-9747.5,-42822.5
65553,164.94,170.56,987.96,-2485.0,-7612.5,-40337.5
65582,152.13,166.65,989.42,-2065.0,-6335.0,-36592.5
65611,136.15,162.26,991.98,-2012.5,-3902.5,-32445.0
65640,115.9,156.89,994.67,-962.5,-1785.0,-23922.5
65669,93.45,151.16,997.23,612.5,-577.5,-12932.5
65699,71.98,145.91,998.45,2292.5,332.5,-1522.5
65728,53.44,142.01,997.96,1540.0,2135.0,8802.5
65758,38.43,138.96,997.47,35.0,4497.5,17202.5
65787,26.47,136.4,997.59,595.0,5442.5,24692.5
65817,19.03,135.3,997.47,1225.0,6772.5,32095.0
65846,17.32,136.03,996.25,875.0,8085.0,35087.5
65875,18.54,137.25,994.42,-665.0,7910.0,34230.0
65904,19.64,137.98,993.08,-1802.5,7682.5,35542.5
65933,21.96,138.47,991.62,-1592.5,6912.5,38482.5
65962,26.35,138.47,989.79,-2607.5,5600.0,37607.5
65991,30.38,137.74,988.2,-3657.5,4515.0,38342.5
66020,35.99,137.37,986.98,-3255.0,3202.5,42105.0
66049,48.31,138.96,986.0,-4095.0,2835.0,40442.5
66078,66.49,143.35,986.61,-4847.5,1697.5,33547.5
66107,88.33,149.82,988.44,-2747.5,-2065.0,25725.0
66136,115.17,157.62,990.52,-2467.5,-4427.5,13335.0
66165,141.76,165.43,992.96,-2817.5,-3605.0,-3010.0
66194,162.75,171.53,995.28,-1382.5,-4585.0,-16537.5
66223,178.24,174.7,997.72,122.5,-4882.5,-25847.5
66252,189.34,175.31,999.55,2257.5,-6317.5,-33040.0
66281,196.79,174.46,1000.4,3307.5,-7542.5,-39357.5
66309,200.32,172.63,999.91,2852.5,-7280.0,-44135.0
66338,199.59,169.82,998.69,2572.5,-7350.0,-46847.5
66367,193.74,166.41,996.01,2082.5,-8050.0,-48282.5
66396,183.49,162.14,991.86,-1400.0,-7175.0,-47565.0
66424,169.09,156.65,991.01,-5460.0,-3080.0,-44327.5
66453,150.06,149.82,995.03,-3272.5,-1907.5,-37047.5
66482,127.0,142.62,999.79,910.0,-1225.0,-26740.0
66511,101.75,136.27,1003.08,2362.5,1050.0,-14385.0
66540,76.25,130.54,1005.52,3325.0,2922.5,-490.0
66569,54.9,126.15,1007.96,5355.0,4987.5,14087.5
66598,40.02,123.59,1007.96,7490.0,5775.0,23642.5
66627,30.74,122.73,1004.55,5355.0,7420.0,29382.5
66656,23.91,122.12,999.55,1452.5,9537.5,33127.5
66686,19.89,122.0,995.15,-122.5,9100.0,38762.5
66715,21.23,123.1,991.01,-1592.5,8872.5,41160.0
66745,26.6,124.93,987.1,-4305.0,7770.0,40162.5
66774,34.77,127.86,985.39,-5932.5,7175.0,39725.0
66803,46.12,131.15,985.27,-5635.0,6422.5,37082.5
66832,58.32,134.57,985.27,-5302.5,3237.5,31395.0
66861,70.27,138.84,984.54,-5040.0,1662.5,28455.0
66890,84.79,143.96,983.32,-7000.0,892.5,22592.5
66919,100.77,148.72,986.37,-8172.5,350.0,12932.5
66948,117.0,153.72,993.81,-2502.5,-2572.5,6230.0
66977,135.42,159.82,1000.4,1137.5,-2607.5,-4217.5
67006,152.99,165.68,1005.04,4532.5,-4620.0,-15802.5
67035,168.36,170.19,1006.26,6475.0,-6720.0,-25655.0
67064,181.05,172.51,1005.04,4620.0,-5005.0,-34720.0
67093,188.86,172.39,1002.11,2940.0,-4375.0,-41055.0
67122,191.91,170.43,997.23,1277.5,-7507.5,-44922.5
67151,191.05,167.26,993.08,-2117.5,-6142.5,-48037.5
67180,183.98,162.75,990.88,-2992.5,-6702.5,-49262.5
67209,168.48,156.77,989.18,-3045.0,-7857.5,-44695.0
67237,145.91,149.57,988.69,-4725.0,-5897.5,-34020.0
67266,120.29,141.28,991.37,-5232.5,-2327.5,-20265.0
67294,95.28,132.49,997.23,-3657.5,1557.5,-9607.5
67323,70.27,124.68,1003.33,1855.0,612.5,1470.0
67352,48.8,119.8,1006.74,4480.0,2940.0,15767.5
67381,34.28,117.24,1006.99,5320.0,4725.0,25025.0
67410,24.89,115.78,1005.04,5792.5,4410.0,30450.0
67439,18.06,114.56,1001.86,3535.0,6177.5,35840.0
67468,14.03,113.46,998.69,1400.0,7472.5,42910.0
67497,15.62,112.97,995.89,-17.5,8260.0,45500.0
67526,20.98,112.73,993.45,-1960.0,7770.0,42770.0
67555,26.96,112.85,992.1,-4690.0,10010.0,42595.0
67584,35.14,113.7,991.13,-5967.5,11602.5,41527.5
67613,44.04,115.05,990.4,-8907.5,13387.5,37677.5
67642,55.88,117.36,994.18,-9537.5,11742.5,37555.0
67671,76.01,121.51,1003.33,-1697.5,4270.0,30135.0
67700,101.87,128.83,1011.99,7402.5,-3062.5,16800.0
67728,128.83,138.59,1015.65,10692.5,-3972.5,2555.0
67757,152.74,147.62,1014.55,9642.5,-4620.0,-14542.5
67785,170.07,153.96,1011.87,8820.0,-7542.5,-27545.0
67814,181.78,157.99,1008.57,7227.5,-7910.0,-36575.0
67843,189.59,160.19,1005.52,4655.0,-7770.0,-43715.0
67872,192.27,160.43,1002.72,4445.0,-10097.5,-49805.0
67900,190.08,159.21,998.94,3115.0,-12145.0,-53375.0
67929,184.1,157.5,994.18,-1295.0,-10447.5,-55020.0
67958,174.83,154.45,991.13,-4200.0,-11777.5,-56297.5
67987,160.31,149.08,991.37,-3850.0,-10902.5,-53235.0
68016,140.06,142.13,993.57,-4165.0,-6510.0,-44117.5
68045,115.17,133.71,998.33,-2450.0,-4130.0,-31692.5
68074,87.47,124.44,1004.67,2327.5,-840.0,-17080.0
68103,59.05,116.63,1008.21,6877.5,350.0,-315.0
68132,34.89,112.12,1007.48,6265.0,2275.0,15347.5
68162,17.57,110.65,1004.79,4357.5,4235.0,26687.5
68191,7.56,111.26,1001.38,3027.5,4970.0,33582.5
68220,3.17,112.97,997.23,-542.5,7455.0,35910.0
68249,0.49,114.19,994.18,-3535.0,8680.0,38395.0
68278,-0.12,115.05,992.1,-3937.5,7735.0,43190.0
68307,4.51,116.75,990.15,-5512.5,8242.5,45290.0
68336,12.08,119.44,988.08,-7612.5,10097.5,42805.0
68365,19.28,121.76,986.25,-10115.0,10255.0,43085.0
68394,30.5,124.68,987.35,-11742.5,10832.5,41825.0
68423,46.6,128.59,991.86,-9292.5,7175.0,33635.0
68452,65.64,134.2,998.57,-3360.0,595.0,24640.0
68482,86.13,141.03,1004.91,962.5,-1260.0,14822.5
68511,107.6,148.47,1009.43,4060.0,-2187.5,4322.5
68540,129.81,156.4,1011.5,7175.0,-4812.5,-9012.5
68569,149.08,162.99,1010.4,6475.0,-5740.0,-22872.5
68598,162.14,167.02,1008.21,5617.5,-6790.0,-32077.5
68627,170.8,168.48,1005.52,4707.5,-8505.0,-39252.5
68655,175.56,167.99,1002.72,2870.0,-9170.0,-46270.0
68684,175.31,165.8,1000.64,647.5,-8207.5,-49752.5
68713,170.07,162.02,999.55,-770.0,-7542.5,-50785.0
68742,160.55,157.01,999.42,-1137.5,-7560.0,-49227.5
68771,147.25,151.65,998.94,-717.5,-7507.5,-45360.0
68800,129.56,146.16,998.2,-420.0,-6842.5,-39130.0
68829,106.63,140.18,997.96,52.5,-4585.0,-27860.0
68858,81.37,133.22,998.45,-507.5,-2100.0,-13142.5
68887,57.22,125.9,1000.16,192.5,507.5,-647.5
68917,35.38,119.44,1001.38,1277.5,1855.0,10395.0
68946,16.84,114.56,1001.25,490.0,5792.5,21752.5
68976,2.44,111.51,1000.4,210.0,7700.0,32252.5
69005,-5.73,110.41,999.06,192.5,7997.5,40687.5
69035,-7.08,110.9,997.59,-507.5,8417.5,43767.5
69064,-4.27,112.24,995.89,-1400.0,7052.5,43225.0
69093,-0.85,113.58,994.06,-2835.0,6562.5,43960.0
69122,4.64,115.17,993.32,-3360.0,5040.0,47180.0
69151,15.62,118.22,992.1,-1435.0,525.0,45290.0
69180,30.5,122.98,989.05,-1645.0,-5757.5,37380.0
69209,47.09,127.86,986.86,-6580.0,350.0,31482.5
69238,66.0,132.25,989.54,-9992.5,5950.0,25602.5
69267,87.11,136.15,997.72,-5547.5,5547.5,14717.5
69296,108.46,140.79,1006.5,3132.5,-1907.5,3570.0
69325,129.56,147.01,1010.65,5792.5,-1067.5,-7087.5
69354,149.08,153.23,1010.77,5652.5,-1312.5,-19180.0
69383,164.94,157.99,1009.67,6317.5,-2327.5,-30905.0
69412,176.41,160.67,1006.74,4917.5,-2992.5,-41265.0
69441,181.17,161.04,1002.72,2432.5,-4165.0,-48597.5
69470,179.95,159.09,1000.16,1610.0,-5022.5,-49560.0
69499,176.41,156.65,997.96,2660.0,-5792.5,-47810.0
69528,171.53,154.33,996.01,-332.5,-5932.5,-49017.5
69557,162.26,150.06,996.01,-1645.0,-5145.0,-51502.5
69585,143.96,144.08,996.37,-175.0,-6212.5,-46550.0
69614,117.73,136.88,996.37,-1155.0,-3342.5,-32812.5
69642,89.06,128.47,997.96,350.0,-1802.5,-16187.5
69671,62.71,120.29,999.91,1487.5,-665.0,-3902.5
69700,39.04,113.46,1001.25,892.5,1365.0,5897.5
69729,17.45,108.34,1001.5,1767.5,2502.5,18585.0
69758,2.2,105.77,1000.52,525.0,5355.0,29837.5
69788,-5.49,105.65,999.55,70.0,7157.5,36120.0
69817,-8.3,106.38,998.33,700.0,6125.0,38885.0
69847,-9.27,107.48,995.76,-735.0,6667.5,41282.5
69876,-9.27,108.09,992.59,-2957.5,5792.5,44607.5
69906,-7.32,108.09,989.42,-5250.0,7192.5,49455.0
69935,-1.71,108.34,986.74,-9817.5,13825.0,52710.0
69964,10.86,110.04,987.22,-13195.0,14350.0,49910.0
69993,31.48,114.44,992.84,-6772.5,2415.0,37380.0
70022,55.27,121.76,1000.28,-2485.0,-280.0,24132.5
70051,80.03,130.66,1006.74,-840.0,2870.0,14122.5
70080,103.82,138.84,1011.14,2485.0,735.0,-980.0
70109,122.49,145.06,1013.33,6755.0,-6352.5,-13912.5
70137,135.18,149.08,1013.09,5407.5,-4497.5,-21822.5
70166,143.72,151.77,1011.62,4375.0,-4410.0,-27440.0
70195,150.3,153.23,1010.28,4182.5,-5932.5,-34142.5
70224,153.48,153.23,1009.18,3150.0,-5495.0,-39917.5
70253,152.62,151.89,1008.45,2590.0,-5582.5,-42420.0
70282,149.57,149.57,1008.09,2485.0,-6142.5,-45237.5
70311,144.2,146.77,1007.48,2922.5,-6947.5,-46760.0
70340,135.3,143.47,1006.26,2537.5,-5792.5,-46357.5
70369,122.73,140.3,1004.55,2572.5,-6160.0,-41527.5
70398,108.82,137.13,1002.6,455.0,-4235.0,-36925.0
70427,93.45,133.22,1001.62,-735.0,-3692.5,-33040.0
70456,75.88,128.95,1001.86,-315.0,-2765.0,-27300.0
70485,55.51,124.2,1002.72,350.0,-1155.0,-18410.0
70514,33.18,119.68,1003.45,1470.0,262.5,-6247.5
70543,11.83,115.78,1003.33,2257.5,1487.5,7717.5
70572,-4.51,113.7,1001.5,2187.5,2835.0,18550.0
70601,-15.62,113.34,998.2,367.5,3220.0,24115.0
70630,-24.16,113.83,995.52,-1400.0,3902.5,29470.0
70659,-29.77,114.44,994.3,-2782.5,5845.0,36697.5
70688,-30.26,115.41,994.79,-1820.0,5302.5,39865.0
70717,-27.82,116.14,994.67,-945.0,3657.5,39760.0
70746,-25.25,116.39,993.81,-2485.0,4567.5,40495.0
70775,-21.96,116.39,992.1,-2450.0,3395.0,43085.0
70804,-14.15,117.12,990.15,-1347.5,-1505.0,42000.0
70833,-0.24,120.66,987.96,2152.5,-9345.0,35105.0
70862,18.67,126.88,986.37,17.5,-8732.5,27790.0
70892,40.14,134.57,986.98,-6212.5,2100.0,21157.5
70921,61.49,141.76,991.13,-4620.0,787.5,12495.0
70951,82.84,148.6,996.62,-87.5,-2572.5,2957.5
70980,102.97,155.31,1000.77,1137.5,-1137.5,-6195.0
71008,119.56,161.04,1002.47,3080.0,-3657.5,-15242.5
71037,132.37,165.43,1001.74,3167.5,-5495.0,-22785.0
71065,142.37,168.12,999.42,1137.5,-4287.5,-28437.5
71094,149.57,169.58,996.5,-70.0,-5880.0,-34195.0
71123,154.7,170.07,993.81,-1155.0,-7210.0,-38395.0
71152,158.84,169.95,991.37,-3062.5,-5967.5,-42927.5
71181,160.31,168.48,989.79,-5145.0,-4900.0,-47320.0
71210,157.87,165.31,989.54,-4777.5,-5985.0,-49735.0
71239,151.65,160.43,989.42,-4760.0,-7035.0,-49962.5
71268,140.67,153.72,989.66,-6370.0,-5915.0,-47232.5
71297,124.07,145.42,991.01,-5880.0,-3710.0,-39952.5
71326,102.97,135.66,993.81,-5285.0,-2660.0,-30380.0
71355,77.96,124.93,998.57,-2782.5,-455.0,-16572.5
71384,52.22,115.53,1002.6,1540.0,-822.5,997.5
71413,31.72,109.07,1004.43,1295.0,3412.5,15592.5
71443,17.32,104.43,1005.65,1645.0,5145.0,24517.5
71472,6.22,100.77,1006.74,2940.0,5932.5,32585.0
71501,-1.1,97.97,1006.62,3990.0,6125.0,40512.5
71530,-3.78,96.26,1005.04,3832.5,6370.0,44485.0
71559,-3.17,95.28,1002.6,2152.5,6177.5,47215.0
71588,2.32,95.77,1001.38,962.5,6387.5,48247.5
71617,11.35,97.84,1000.4,875.0,6072.5,44660.0
71646,19.89,100.53,998.69,437.5,3150.0,43697.5
71675,32.21,104.19,997.35,682.5,1715.0,43872.5
71705,52.34,110.04,996.13,822.5,3062.5,35717.5
71734,77.1,118.34,995.28,192.5,717.5,22365.0
71764,103.46,127.86,995.28,-665.0,892.5,9012.5
71793,128.1,136.88,995.52,-1435.0,262.5,-6352.5
71822,146.4,143.72,995.76,-1225.0,-1960.0,-17465.0
71851,159.45,148.11,995.76,-892.5,-3605.0,-24955.0
71880,168.36,150.43,995.52,-1015.0,-5075.0,-31552.5
71909,173.48,150.79,996.01,-1190.0,-5215.0,-36347.5
71938,174.83,149.69,996.62,-560.0,-5547.5,-39585.0
71967,173.73,147.86,996.62,-262.5,-6020.0,-41650.0
71995,170.68,145.67,995.52,-1417.5,-5285.0,-44187.5
72024,164.33,142.62,994.79,-3482.5,-4830.0,-45692.5
72052,155.18,138.23,996.01,-3115.0,-3097.5,-44502.5
72081,142.98,132.61,998.08,-1767.5,-2817.5,-43995.0
72109,124.81,125.78,1000.16,227.5,-3220.0,-38290.0
72138,101.63,118.46,1001.62,1085.0,-735.0,-26302.5
72167,76.37,111.14,1002.96,1697.5,980.0,-11725.0
72196,52.83,105.16,1004.18,3202.5,1540.0,3465.0
72225,34.65,101.38,1004.06,2957.5,2922.5,14665.0
72254,21.72,99.31,1003.82,2450.0,4602.5,21875.0
72283,11.47,97.72,1003.08,2222.5,5372.5,28245.0
72313,2.93,96.01,1001.62,1330.0,5495.0,34615.0
72342,-2.07,94.67,1000.4,262.5,6597.5,40215.0
72372,-2.44,94.92,1000.16,367.5,6562.5,43820.0
72401,0.73,96.26,999.91,1400.0,5162.5,45727.5
72431,6.83,98.33,998.94,1085.0,4725.0,45640.0
72460,15.98,101.5,997.96,87.5,4357.5,44345.0
72489,28.55,105.9,997.84,612.5,2730.0,41352.5
72518,44.9,112.0,997.59,1977.5,665.0,34982.5
72547,64.17,119.8,996.74,1540.0,-682.5,28000.0
72576,86.86,129.08,996.86,-262.5,787.5,18112.5
72605,110.9,138.59,997.96,-175.0,910.0,3377.5
72634,130.66,146.64,998.81,2187.5,-3797.5,-11200.0
72663,144.69,152.5,998.69,2152.5,-3447.5,-19180.0
72692,155.18,156.65,997.72,1347.5,-2747.5,-25602.5
72721,162.02,159.09,996.25,1172.5,-5512.5,-32970.0
72750,164.46,159.94,994.79,927.5,-6685.0,-36715.0
72779,164.21,159.7,992.59,0.0,-6580.0,-38570.0
72809,162.02,157.99,990.64,-2292.5,-5880.0,-42420.0
72838,155.18,154.33,990.4,-2467.5,-6370.0,-43820.0
72867,144.57,150.06,991.13,-700.0,-6562.5,-40075.0
72896,132.98,147.25,990.27,-1995.0,-4042.5,-35245.0
72925,120.54,145.18,988.69,-4165.0,-3797.5,-31937.5
72954,106.38,141.76,989.18,-4900.0,-4480.0,-29295.0
72982,87.35,136.52,992.47,-3990.0,-1715.0,-21227.5
73011,64.78,130.78,997.84,-1347.5,227.5,-6737.5
73040,44.9,126.03,1002.6,2695.0,927.5,7437.5
73069,30.62,123.1,1005.16,3710.0,4042.5,17342.5
73098,21.11,121.51,1006.26,4532.5,6055.0,23905.0
73127,15.01,120.9,1005.52,6440.0,4900.0,28612.5
73156,11.47,121.27,1002.35,4812.5,5862.5,32095.0
73185,10.49,122.73,998.33,2502.5,6142.5,34912.5
73214,11.96,124.56,994.54,192.5,5320.0,36662.5
73244,14.88,125.9,992.23,-1365.0,5425.0,37327.5
73273,18.06,127.0,990.4,-455.0,3150.0,38500.0
73303,23.67,128.34,988.2,-2222.5,3587.5,40127.5
73332,33.18,130.05,986.61,-6300.0,6475.0,36942.5
73362,43.31,131.76,987.47,-8190.0,5127.5,32795.0
73391,55.88,134.69,991.01,-6055.0,1260.0,30117.5
73420,74.91,140.67,996.01,-2765.0,297.5,20772.5
73449,96.87,148.6,1000.89,385.0,857.5,7262.5
73478,117.61,156.16,1004.3,4830.0,-2047.5,-4060.0
73507,136.15,162.75,1004.43,6265.0,-3552.5,-14245.0
73535,151.28,167.51,1001.86,4690.0,-4147.5,-23712.5
73564,162.14,170.19,998.45,2992.5,-4900.0,-30800.0
73593,170.19,171.53,994.67,1557.5,-7070.0,-37887.5
73622,174.22,171.17,991.49,-1015.0,-6895.0,-44432.5
73651,172.26,168.85,989.66,-1330.0,-7875.0,-47075.0
73680,164.58,164.7,988.57,-2520.0,-6702.5,-45482.5
73709,151.89,159.58,989.54,-4480.0,-3902.5,-41405.0
73738,135.42,153.23,992.96,-2135.0,-3692.5,-34965.0
73767,116.75,146.89,996.25,157.5,-3867.5,-26722.5
73796,96.62,140.79,997.96,560.0,-1890.0,-17640.0
73825,76.13,134.93,998.57,262.5,-735.0,-8855.0
73855,55.63,129.56,999.55,245.0,1050.0,2362.5
73884,38.55,125.9,1000.4,2012.5,1785.0,14945.0
73913,28.06,124.44,999.55,1925.0,3220.0,22592.5
73942,23.3,124.68,998.33,1277.5,4340.0,26617.5
73971,22.57,126.15,997.59,1347.5,4042.5,28472.5
74000,24.28,127.86,996.74,1190.0,4270.0,29470.0
74029,27.45,129.44,995.15,717.5,3727.5,28735.0
74058,31.11,130.91,993.32,-665.0,2992.5,27930.0
74087,35.75,132.74,992.47,-1225.0,3150.0,28087.5
74116,41.85,134.69,991.86,-2030.0,3465.0,26390.0
74145,47.34,136.4,991.62,-3360.0,4585.0,23992.5
74174,51.24,137.25,992.35,-2187.5,2117.5,23047.5
74203,55.27,138.1,993.08,-2170.0,3010.0,23607.5
74232,60.27,139.08,994.06,-2345.0,2485.0,22785.0
74261,65.27,140.06,996.25,-1050.0,1032.5,21665.0
74291,71.0,141.89,997.59,1382.5,-682.5,21525.0
74320,79.06,144.57,996.62,665.0,-1347.5,18952.5
74350,88.69,147.13,995.76,-2135.0,647.5,12670.0
74379,97.6,149.21,997.47,-490.0,647.5,7910.0
74408,107.85,151.89,999.79,2135.0,-525.0,3605.0
74437,120.05,155.67,1000.77,2817.5,-70.0,-2870.0
74466,131.52,159.33,1000.16,2292.5,-490.0,-9835.0
74495,140.42,162.26,999.42,1872.5,-1015.0,-15435.0
74524,146.77,163.97,998.69,3115.0,-3027.5,-19460.0
74553,150.91,165.07,997.47,2170.0,-3552.5,-23537.5
74582,152.26,165.31,996.62,1785.0,-3850.0,-25690.0
74611,151.77,165.19,995.89,1872.5,-4497.5,-26145.0
74640,150.79,165.19,995.03,1592.5,-4532.5,-27475.0
74669,148.35,164.7,994.3,1295.0,-5372.5,-28612.5
74698,144.57,163.97,993.69,752.5,-4655.0,-28035.0
74727,139.57,163.11,993.32,927.5,-5547.5,-27632.5
74756,134.32,162.5,992.84,402.5,-4707.5,-25462.5
74785,129.69,162.14,992.59,-490.0,-3797.5,-25235.0
74814,124.56,161.65,993.08,-87.5,-4305.0,-24797.5
74843,118.83,161.16,993.45,-210.0,-3097.5,-23047.5
74872,112.73,161.04,993.2,472.5,-3517.5,-21122.5
74901,107.12,161.53,991.25,-157.5,-4182.5,-20055.0
74930,102.72,162.5,988.2,-4165.0,-4567.5,-20807.5
74958,98.09,162.63,986.98,-6667.5,-4375.0,-22435.0
74987,89.79,160.8,988.93,-5722.5,-1522.5,-19425.0
75016,76.86,156.89,992.71,-2677.5,227.5,-10832.5
75045,62.34,152.5,996.25,962.5,385.0,805.0
75074,50.26,149.21,997.72,2905.0,1382.5,10535.0
75103,42.46,147.74,997.47,3167.5,2030.0,16957.5
75132,38.8,147.62,996.98,3062.5,2870.0,19862.5
75162,37.45,148.11,996.13,3010.0,2975.0,20685.0
75191,36.6,148.6,994.91,2222.5,3377.5,22557.5
75221,36.48,149.08,993.45,1382.5,3692.5,25410.0
75250,37.94,149.57,991.98,1225.0,2905.0,26285.0
75280,41.24,150.79,990.52,367.5,2292.5,25340.0
75309,46.12,152.99,989.42,-962.5,3115.0,23940.0
75339,51.0,155.06,989.18,-2012.5,2852.5,21577.5
75368,54.9,156.16,989.66,-1977.5,2415.0,20177.5
75397,58.07,157.14,990.52,-1242.5,2362.5,21087.5
75426,63.2,158.84,990.64,-437.5,1977.5,20212.5
75455,68.93,160.43,989.66,-402.5,542.5,16275.0
75484,73.08,161.41,988.44,-1312.5,297.5,15225.0
75513,76.74,161.53,987.83,-2607.5,1995.0,14910.0
75542,80.52,161.04,988.57,-2975.0,1907.5,14140.0
75571,84.18,160.67,989.66,-1277.5,122.5,13597.5
75600,88.82,160.8,990.03,-1365.0,227.5,14000.0
75629,94.92,161.89,990.64,-1750.0,1295.0,13422.5
75658,103.33,163.36,992.23,-1032.5,-402.5,10587.5
75687,114.19,165.19,995.28,-402.5,420.0,5267.5
75717,125.42,167.02,998.2,1890.0,-997.5,-2222.5
75746,134.44,168.85,999.06,2537.5,-1260.0,-7752.5
75775,141.4,169.95,998.69,1680.0,-840.0,-11550.0
75804,146.77,170.31,998.33,1557.5,-1505.0,-15575.0
75832,149.94,170.07,997.84,1330.0,-1452.5,-18742.5
75861,150.67,169.34,997.35,1347.5,-1907.5,-19932.5
75890,150.18,168.73,996.74,945.0,-2012.5,-20737.5
75919,148.84,168.12,996.25,1242.5,-2135.0,-21437.5
75948,146.52,167.75,995.03,1242.5,-3115.0,-22172.5
75977,143.72,167.51,993.57,122.5,-2765.0,-22487.5
76006,140.79,167.02,993.2,-420.0,-2030.0,-23100.0
76035,136.4,166.04,993.57,0.0,-2590.0,-23380.0
76064,130.91,165.19,993.69,1050.0,-3080.0,-21122.5
76093,126.88,165.07,992.84,245.0,-2677.5,-20177.5
76122,123.83,165.19,991.98,-1102.5,-1942.5,-21822.5
76151,119.56,165.19,991.49,-1872.5,-2485.0,-22732.5
76180,114.19,164.7,991.13,-1680.0,-1732.5,-20790.0
76209,110.17,164.7,989.3,-2432.5,-2765.0,-20282.5
76238,106.75,164.46,987.1,-5792.5,-2537.5,-21997.5
76266,100.65,162.5,987.1,-8190.0,-472.5,-21210.0
76295,89.55,158.11,990.15,-5775.0,105.0,-16152.5
76324,74.66,152.74,994.42,-717.5,-122.5,-5547.5
76353,61.0,148.11,997.59,1715.0,577.5,5495.0
76382,51.73,145.18,999.91,2852.5,1977.5,12320.0
76411,46.12,144.08,1001.38,4322.5,2537.5,15032.5
76440,42.58,144.33,1001.99,5110.0,2695.0,17780.0
76469,40.99,145.3,1001.86,5040.0,3710.0,20142.5
76498,40.63,146.28,1000.64,4900.0,2467.5,20580.0
76527,40.5,147.38,998.81,3955.0,1417.5,20825.0
76556,40.75,148.6,996.98,2747.5,1662.5,22120.0
76586,41.36,149.82,995.03,1137.5,2310.0,22907.5
76615,42.46,150.43,994.06,-787.5,3727.5,23607.5
76645,43.92,150.79,994.67,787.5,3237.5,24167.5
76674,46.48,151.65,994.79,2572.5,1540.0,23887.5
76704,50.26,153.35,993.81,945.0,2975.0,23677.5
76733,54.9,155.31,993.08,612.5,2887.5,22120.0
76762,60.02,156.89,992.23,1242.5,437.5,18585.0
76791,63.56,158.11,991.49,-612.5,2065.0,17360.0
76820,66.12,158.84,991.74,-525.0,1960.0,18812.5
76849,70.27,160.19,991.86,945.0,472.5,19687.5
76878,76.13,161.77,991.13,52.5,927.5,17185.0
76908,81.5,163.24,990.64,-962.5,455.0,15715.0
76937,86.62,164.46,990.88,-822.5,-210.0,15942.5
76966,93.21,165.55,991.01,-595.0,-945.0,14822.5
76995,101.5,167.02,991.49,-630.0,-1347.5,11742.5
77024,110.78,169.09,992.1,262.5,-857.5,6737.5
77053,121.02,171.41,992.1,245.0,-245.0,-857.5
77083,130.3,173.48,992.23,-472.5,122.5,-9415.0
77112,136.27,174.7,993.08,1190.0,-1400.0,-14105.0
77141,140.79,175.68,993.32,2275.0,-752.5,-16222.5
77170,145.06,176.53,992.23,787.5,175.0,-20825.0
77199,146.03,176.9,991.13,-210.0,-612.5,-23170.0
77228,144.45,176.53,990.64,-420.0,-945.0,-21595.0
77257,142.5,175.92,990.52,0.0,-1050.0,-21157.5
77286,140.06,175.31,990.4,175.0,-2240.0,-20790.0
77315,137.13,174.83,990.03,437.5,-2625.0,-19372.5
77344,134.44,174.7,989.3,297.5,-2642.5,-19390.0
77373,131.03,174.58,988.57,-437.5,-2625.0,-19425.0
77402,126.64,174.34,988.32,-787.5,-2607.5,-17797.5
77431,122.98,174.22,988.44,-420.0,-3307.5,-16625.0
77460,119.8,174.09,989.05,-717.5,-2835.0,-16310.0
77489,116.14,173.73,989.79,-420.0,-2362.5,-15697.5
77518,111.75,172.87,989.91,717.5,-4182.5,-14717.5
77547,107.36,172.51,989.3,-630.0,-2922.5,-12722.5
77576,103.7,172.39,989.66,-1575.0,-1785.0,-12162.5
77605,99.67,172.26,990.88,-210.0,-2292.5,-11270.0
77634,95.53,172.63,991.37,385.0,-2222.5,-9695.0
77663,92.23,173.48,991.37,17.5,-1855.0,-8785.0
77692,89.3,174.58,991.37,280.0,-1680.0,-8120.0
77721,86.38,175.56,991.37,332.5,-2030.0,-7647.5
77750,83.45,176.17,991.62,577.5,-1365.0,-6615.0
77779,79.67,176.66,991.49,280.0,-1207.5,-6632.5
77808,74.42,176.53,992.1,-227.5,-105.0,-3937.5
77837,69.3,176.17,993.32,805.0,87.5,-1120.0
77866,64.05,176.05,994.18,1575.0,192.5,1540.0
77896,60.27,176.41,994.06,1522.5,1382.5,4830.0
77925,58.19,177.14,993.69,1382.5,1032.5,5215.0
77955,56.61,178.12,993.45,1470.0,1295.0,6790.0
77984,56.61,179.46,992.96,1662.5,1820.0,8172.5
78014,57.83,181.05,991.98,1365.0,1365.0,7367.5
78043,58.93,182.39,991.25,857.5,1382.5,7175.0
78073,60.15,183.73,990.88,997.5,1050.0,7420.0
78102,61.49,185.07,990.27,647.5,997.5,7315.0
78131,62.59,186.29,989.66,525.0,787.5,7280.0
78161,63.93,187.51,989.3,525.0,857.5,7507.5
78190,65.51,188.86,989.05,175.0,1155.0,6650.0
78220,66.73,190.08,988.93,735.0,577.5,6510.0
78249,68.08,191.42,988.57,647.5,752.5,6422.5
78279,69.17,192.52,988.2,52.5,1102.5,5670.0
78308,69.54,193.13,988.32,752.5,717.5,6247.5
78338,70.27,193.98,988.2,805.0,962.5,6562.5
78367,71.49,195.2,988.08,927.5,752.5,6212.5
78397,72.71,196.42,988.2,1225.0,280.0,5827.5
78426,73.93,197.64,988.44,997.5,752.5,5495.0
78456,75.03,198.49,989.18,1400.0,770.0,5250.0
78485,75.76,199.47,989.66,2240.0,385.0,5460.0
78515,76.74,200.69,989.18,2187.5,875.0,5145.0
78544,77.59,202.03,988.2,2012.5,350.0,4462.5
78573,78.2,202.89,987.35,1365.0,455.0,4322.5
78602,78.93,203.5,987.1,1417.5,507.5,4130.0
78631,79.79,204.23,986.74,2345.0,-595.0,4410.0
78660,81.13,205.45,985.76,1750.0,-17.5,3955.0
78689,82.23,206.67,984.54,910.0,297.5,3395.0
78719,82.96,207.52,983.81,560.0,70.0,3255.0
78748,83.08,208.38,983.56,280.0,787.5,3535.0
78778,83.45,209.23,983.32,1102.5,-122.5,4007.5
78807,84.3,210.33,982.83,210.0,542.5,3272.5
78837,84.55,211.18,982.83,105.0,1032.5,3255.0
78866,84.42,211.67,983.08,1102.5,-52.5,3762.5
78896,84.18,212.04,982.59,385.0,560.0,3815.0
78925,83.57,212.28,982.47,52.5,980.0,4445.0
78955,83.08,212.4,982.71,1032.5,-122.5,5127.5
78984,83.2,212.65,982.47,595.0,455.0,5512.5
79013,83.2,212.77,982.47,192.5,980.0,5950.0
79043,83.2,212.65,982.59,840.0,87.5,6195.0
79072,83.2,212.77,982.71,630.0,1015.0,7105.0
79102,83.08,212.65,982.83,910.0,595.0,7017.5
79131,81.98,212.16,982.83,1260.0,262.5,8330.0
79161,81.5,211.67,982.59,630.0,1207.5,9887.5
79190,82.47,211.79,982.47,647.5,945.0,9922.5
79220,84.3,212.16,982.47,910.0,665.0,9642.5
79249,86.86,212.89,982.1,682.5,682.5,9047.5
79279,89.55,213.74,981.37,700.0,787.5,8645.0
79308,92.35,214.48,980.15,542.5,122.5,7787.5
79338,95.16,215.21,979.29,-525.0,595.0,7157.5
79367,98.21,215.45,979.42,-140.0,315.0,6317.5
79397,101.26,215.94,978.93,192.5,-490.0,5810.0
79426,105.9,216.67,978.07,-1155.0,595.0,4777.5
79455,112.61,217.4,979.05,-1330.0,910.0,1680.0
79484,119.32,218.14,980.64,297.5,-630.0,-2572.5
79513,124.44,218.87,980.88,962.5,-892.5,-5197.5
79542,128.1,219.48,979.78,-385.0,-245.0,-7437.5
79571,130.3,219.36,978.68,-840.0,-787.5,-8942.5
79600,131.64,219.11,978.32,-1592.5,-385.0,-10080.0
79629,132.13,218.5,978.56,-1505.0,-525.0,-11165.0
79658,131.52,218.14,978.56,-997.5,-1295.0,-11637.5
79687,129.93,217.89,978.2,-1890.0,-822.5,-11830.0
79716,127.86,217.53,978.81,-1610.0,-1102.5,-11305.0
79745,125.66,217.28,979.9,-857.5,-1592.5,-11200.0
79774,122.85,216.55,981.12,-105.0,-1977.5,-10692.5
79803,119.8,215.82,982.34,560.0,-1715.0,-9170.0
79833,117.36,215.45,982.59,630.0,-1820.0,-9082.5
79862,115.29,215.21,982.59,595.0,-1610.0,-8697.5
79891,113.46,214.84,982.34,280.0,-1172.5,-8452.5
79920,111.75,214.6,981.73,682.5,-2047.5,-8382.5
79949,110.29,214.35,980.88,-227.5,-1592.5,-8260.0
79978,108.82,214.23,980.39,-595.0,-1207.5,-8032.5
80007,107.12,214.48,980.03,-227.5,-2432.5,-8207.5
80036,105.65,214.72,979.78,-1330.0,-1242.5,-7752.5
80065,104.19,214.84,980.39,-857.5,-1540.0,-7892.5
80094,102.72,214.96,981.12,0.0,-2275.0,-7577.5
80123,101.5,215.09,981.61,52.5,-1732.5,-7262.5
80152,100.41,215.33,981.73,192.5,-1872.5,-7192.5
80181,99.19,215.57,981.73,-17.5,-1767.5,-7122.5
80211,98.09,215.7,981.61,420.0,-2187.5,-6790.0
80240,97.23,215.7,981.0,52.5,-2432.5,-6527.5
80270,96.75,215.82,980.51,-472.5,-2012.5,-5652.5
80299,97.23,216.67,980.51,-647.5,-2187.5,-6405.0
80329,97.36,217.53,981.12,-245.0,-2625.0,-7700.0
80358,96.75,218.14,981.86,87.5,-1767.5,-7227.5
80387,96.14,218.62,982.1,332.5,-1522.5,-7227.5
80416,95.28,219.11,982.22,210.0,-1680.0,-7595.0
80445,94.43,219.6,982.47,700.0,-1662.5,-7070.0
80474,93.82,220.09,982.34,700.0,-1575.0,-7192.5
80503,93.21,220.7,981.98,560.0,-1330.0,-6685.0
80532,92.96,221.43,981.12,245.0,-1225.0,-6720.0
80561,92.96,222.04,980.39,-367.5,-1137.5,-7175.0
80590,92.48,222.28,980.15,-437.5,-1137.5,-7420.0
80619,91.99,222.53,980.27,-472.5,-1032.5,-7612.5
80648,91.01,222.77,980.51,-770.0,-507.5,-7997.5
80677,89.18,222.77,980.39,35.0,-962.5,-7455.0
80707,86.62,223.02,979.78,-420.0,-927.5,-6615.0
80736,82.96,222.89,979.78,-1137.5,-542.5,-5565.0
80766,77.59,222.28,981.12,-840.0,-192.5,-3675.0
80795,71.25,221.06,983.08,297.5,175.0,-297.5
80824,65.39,219.97,984.3,1522.5,367.5,2940.0
80853,60.51,219.48,984.05,1207.5,1190.0,5705.0
80882,57.58,219.23,983.44,1155.0,1260.0,7647.5
80911,56.36,219.48,982.83,752.5,1715.0,8085.0
80940,55.63,219.6,981.98,402.5,2240.0,8837.5
80970,55.39,219.72,981.49,-17.5,2310.0,9520.0
80999,55.88,219.84,981.86,-35.0,2502.5,10097.5
81029,56.97,220.33,982.34,455.0,2467.5,10115.0
81058,57.34,220.7,982.34,735.0,1715.0,10202.5
81088,57.58,220.7,982.22,192.5,2537.5,11620.0
81117,59.29,220.82,982.47,682.5,1995.0,11620.0
81147,61.12,221.19,982.47,770.0,1750.0,10815.0
81176,62.71,221.55,982.34,315.0,2432.5,11130.0
81206,64.42,221.92,982.1,822.5,1697.5,10832.5
81235,66.12,222.04,981.86,682.5,1400.0,10552.5
81264,67.34,222.04,981.73,122.5,2362.5,10797.5
81293,68.93,222.04,981.61,945.0,927.5,10780.0
81322,71.0,222.41,981.0,647.5,1050.0,10255.0
81351,73.2,222.65,980.64,210.0,1207.5,10115.0
81380,75.88,222.77,980.76,367.5,822.5,9747.5
81410,79.18,223.02,981.37,332.5,1015.0,8697.5
81439,82.47,223.5,982.22,1207.5,612.5,7140.0
81469,84.42,223.75,982.1,1295.0,787.5,6247.5
81498,84.91,223.75,981.25,997.5,315.0,6737.5
81528,85.28,223.63,980.15,227.5,630.0,6790.0
81557,84.06,222.89,980.39,227.5,140.0,6790.0
81587,82.59,221.92,981.37,1330.0,192.5,9555.0
81616,83.33,221.8,981.86,1347.5,472.5,9642.5
81646,84.67,222.28,981.98,1400.0,612.5,9012.5
81675,86.5,222.89,982.22,1347.5,1155.0,8977.5
81704,88.57,223.63,982.83,1645.0,1417.5,7962.5
81733,90.77,224.24,983.08,2695.0,437.5,7227.5
81762,92.96,225.09,982.47,1732.5,1645.0,6650.0
81791,94.43,225.46,981.73,1470.0,1925.0,6125.0
81820,95.04,225.21,980.51,1680.0,1015.0,6212.5
81849,96.01,224.72,978.93,525.0,1750.0,6772.5
81878,98.33,224.48,977.71,35.0,1435.0,6632.5
81908,102.24,224.72,977.1,-630.0,1347.5,5057.5
81937,107.73,225.58,976.85,-192.5,367.5,3185.0
81967,114.68,227.16,976.24,-892.5,735.0,0.0
81996,121.88,228.87,975.51,-1487.5,367.5,-4480.0
82026,127.25,230.21,975.02,-1575.0,-770.0,-7770.0
82055,130.66,230.95,974.66,-2222.5,-770.0,-9975.0
82084,132.0,230.82,974.78,-2135.0,-1645.0,-11532.5
82113,131.64,230.21,974.66,-1855.0,-2205.0,-12162.5
82141,129.81,229.36,974.17,-2520.0,-2257.5,-12897.5
82170,126.39,227.9,973.8,-3062.5,-1907.5,-11672.5
82198,123.46,226.55,974.17,-2887.5,-2415.0,-10132.5
82227,121.02,225.33,975.39,-2922.5,-2520.0,-10307.5
82256,118.83,223.99,976.98,-1855.0,-2450.0,-9992.5
82285,117.12,223.26,977.83,-1592.5,-2362.5,-9817.5
82314,115.9,222.65,978.68,-1802.5,-2047.5,-10167.5
82343,114.92,222.04,979.42,-997.5,-2362.5,-10307.5
82372,114.44,221.55,979.42,-1382.5,-2327.5,-10972.5
82401,114.19,220.82,979.66,-1907.5,-1925.0,-11987.5
82430,112.73,219.84,980.64,-1400.0,-2047.5,-12110.0
82459,111.02,218.38,981.25,-1085.0,-2362.5,-11392.5
82488,109.56,217.16,981.61,-1207.5,-2065.0,-11235.0
82517,108.09,216.18,982.34,-892.5,-2520.0,-11077.5
82546,106.63,215.21,983.32,-717.5,-2030.0,-10517.5
82574,105.77,214.48,984.54,-105.0,-2660.0,-10972.5
82603,104.43,213.87,985.64,70.0,-1785.0,-11200.0
82632,102.97,213.13,986.37,945.0,-2082.5,-10920.0
82661,101.5,212.77,986.0,1277.5,-2485.0,-11025.0
82690,100.65,212.4,985.39,315.0,-1575.0,-11550.0
82719,99.8,211.91,985.52,-157.5,-262.5,-13265.0
82748,97.84,211.3,986.49,1312.5,-1050.0,-12687.5
82777,95.65,210.69,987.22,1347.5,490.0,-12197.5
82806,93.09,210.94,986.74,1715.0,1277.5,-11707.5
82835,90.04,211.55,985.27,1102.5,70.0,-11865.0
82864,85.52,211.67,984.66,385.0,1032.5,-10500.0
82894,79.67,211.67,984.54,35.0,-157.5,-8435.0
82923,72.47,210.82,985.76,-560.0,682.5,-5862.5
82953,64.17,209.11,987.83,787.5,507.5,-2135.0
82982,55.88,207.64,989.18,2170.0,472.5,2432.5
83011,49.04,206.91,988.44,2450.0,770.0,6387.5
83040,44.41,206.79,986.61,1050.0,1540.0,8890.0
83069,41.72,206.91,985.52,105.0,2362.5,10062.5
83098,40.26,207.16,985.15,892.5,1907.5,10640.0
83127,40.02,208.01,984.3,350.0,2275.0,10815.0
83156,40.38,208.74,984.05,-770.0,3447.5,10850.0
83185,40.99,209.35,984.78,437.5,2100.0,11077.5
83215,41.97,210.08,985.03,192.5,2800.0,11375.0
83244,43.31,211.06,984.91,332.5,2660.0,11200.0
83274,44.9,212.04,984.78,542.5,1680.0,10867.5
83303,47.09,213.26,984.78,280.0,2135.0,10902.5
83333,49.41,214.35,984.78,210.0,1890.0,9345.0
83362,50.63,215.09,984.78,612.5,1487.5,8890.0
83392,51.73,215.82,984.3,700.0,1277.5,8977.5
83421,52.95,216.43,983.69,175.0,1207.5,8347.5
83451,53.92,216.79,983.32,192.5,945.0,8242.5
83480,54.78,216.92,982.83,122.5,665.0,8032.5
83509,55.14,216.92,981.86,-647.5,1137.5,8277.5
83538,55.39,216.92,980.64,-980.0,437.5,8610.0
83567,55.14,216.55,979.78,-1925.0,577.5,8942.5
83596,54.66,215.94,979.66,-2100.0,542.5,9992.5
83625,55.14,215.21,980.39,-1715.0,297.5,10395.0
83654,56.24,214.84,981.49,-1732.5,647.5,10132.5
83683,57.58,214.23,982.83,-1242.5,1120.0,9642.5
83712,58.56,213.74,983.81,-262.5,472.5,9800.0
83741,60.51,213.62,984.05,-245.0,647.5,9957.5
83771,62.95,213.74,983.81,-525.0,420.0,8715.0
83800,65.39,213.26,983.81,-910.0,490.0,7525.0
83830,66.86,212.04,984.3,-525.0,175.0,7000.0
83859,67.59,210.57,984.54,-665.0,385.0,7770.0
83889,68.56,209.35,984.66,-770.0,367.5,8715.0
83918,69.54,208.13,984.91,-1312.5,262.5,9327.5
83947,70.76,206.91,986.0,-1277.5,595.0,9555.0
83976,71.86,205.57,986.98,227.5,-962.5,9957.5
84005,73.44,204.23,986.74,-227.5,-752.5,10045.0
84034,75.52,203.01,986.49,-630.0,-70.0,9467.5
84063,77.23,201.67,985.76,-595.0,-437.5,10027.5
84092,78.69,200.08,984.3,-1347.5,-3500.0,11007.5
84121,82.23,198.37,984.05,-2887.5,-1750.0,12320.0
84150,88.45,196.91,985.39,-2625.0,1365.0,10080.0
84179,96.14,196.42,987.22,-1330.0,1015.0,5407.5
84209,104.43,196.91,988.57,262.5,210.0,297.5
84238,112.0,197.64,989.05,17.5,577.5,-4357.5
84268,117.97,198.13,989.91,17.5,227.5,-7612.5
84297,122.73,197.64,991.13,1207.5,-962.5,-10132.5
84326,126.15,197.15,991.49,1487.5,-1102.5,-12495.0
84355,127.86,196.66,991.13,1137.5,-840.0,-14140.0
84384,128.34,195.81,990.64,927.5,-805.0,-15207.5
84413,127.49,194.71,989.79,1050.0,-1540.0,-15697.5
84442,125.54,193.49,988.81,315.0,-1242.5,-15277.5
84471,122.85,192.03,988.2,350.0,-1435.0,-14472.5
84500,120.41,191.17,987.35,367.5,-2292.5,-13562.5
84529,118.95,190.56,986.86,-805.0,-1435.0,-14017.5
84558,117.24,190.08,986.98,87.5,-2362.5,-14227.5
84587,115.41,189.71,987.22,70.0,-2695.0,-13597.5
84616,113.83,189.47,987.71,-402.5,-1820.0,-13475.0
84645,112.0,189.34,988.2,507.5,-2555.0,-13335.0
84674,110.04,189.22,988.08,-52.5,-2187.5,-13492.5
84703,107.48,188.98,988.57,-752.5,-875.0,-13107.5
84732,104.55,188.61,989.05,437.5,-1715.0,-12582.5
84761,101.75,188.73,988.93,105.0,-1557.5,-12565.0
84790,98.7,188.61,989.18,-402.5,-87.5,-11707.5
84819,95.65,188.49,989.66,875.0,-1382.5,-11095.0
84848,92.6,188.73,989.42,350.0,-840.0,-10220.0
84877,89.91,189.1,989.3,-17.5,-192.5,-9397.5
84906,88.33,189.47,989.42,962.5,-1172.5,-9397.5
84935,87.23,190.08,988.81,647.5,-700.0,-10132.5
84964,85.4,190.56,987.71,-192.5,-700.0,-10482.5
84993,83.94,191.3,986.13,-1032.5,-735.0,-12390.0
85022,81.62,191.66,985.52,-2992.5,227.5,-14840.0
85051,76.13,190.81,987.22,-2135.0,1085.0,-13247.5
85080,68.81,189.22,989.79,17.5,-560.0,-10972.5
85109,59.29,187.27,991.98,1277.5,840.0,-5880.0
85139,49.04,185.81,992.84,2450.0,1452.5,2100.0
85168,41.36,184.95,992.59,2432.5,1715.0,7910.0
85198,36.48,184.46,992.1,1680.0,2065.0,10482.5
85227,33.43,184.71,991.74,1820.0,1732.5,12442.5
85256,31.96,185.44,991.01,1575.0,2082.5,13825.0
85285,31.48,186.9,989.91,1137.5,1802.5,14140.0
85314,32.21,188.25,989.3,385.0,1995.0,14700.0
85343,33.79,189.34,989.66,717.5,1627.5,13982.5
85372,35.75,190.56,989.91,1435.0,1137.5,13457.5
85401,37.94,191.78,989.66,910.0,1890.0,13422.5
85430,40.5,193.25,989.18,1400.0,1242.5,12547.5
85459,43.43,194.71,988.2,910.0,752.5,11322.5
85488,46.12,195.69,987.47,-175.0,1785.0,10027.5
85518,47.58,196.3,986.86,105.0,665.0,9467.5
85547,48.68,196.91,986.37,-980.0,1767.5,9922.5
85577,50.02,197.76,986.49,-560.0,1400.0,9502.5
85606,51.24,198.37,986.49,-245.0,945.0,8942.5
85636,52.22,198.74,986.74,-787.5,1697.5,8925.0
85665,53.19,199.23,987.22,280.0,840.0,9362.5
85694,54.78,200.08,986.98,-245.0,805.0,9082.5
85723,56.36,200.69,987.47,-577.5,1470.0,8312.5
85752,57.83,201.3,987.96,997.5,87.5,8330.0
85782,59.66,202.15,987.59,280.0,752.5,7805.0
85811,61.0,202.64,987.71,-70.0,910.0,6877.5
85841,61.49,202.76,987.71,595.0,280.0,7210.0
85870,61.61,202.28,987.47,140.0,630.0,7577.5
85900,61.49,201.42,987.1,245.0,332.5,8120.0
85929,61.24,200.57,986.49,140.0,-70.0,8575.0
85959,61.12,199.59,985.76,-595.0,402.5,9660.0
85988,61.73,198.62,985.27,-595.0,87.5,10150.0
86018,63.44,198.49,984.3,420.0,-1785.0,10622.5
86047,68.32,199.59,982.22,175.0,-2590.0,10325.0
86077,76.86,201.54,981.12,-1925.0,-2222.5,6317.5
86106,86.5,203.01,983.32,-2537.5,-1312.5,1645.0
86136,94.92,203.86,987.22,-402.5,-1680.0,-2030.0
86165,101.38,204.35,989.91,1120.0,-1505.0,-5215.0
86194,105.9,204.59,990.52,1715.0,-1837.5,-7122.5
86223,109.19,204.72,989.91,1295.0,-2292.5,-9100.0
86252,111.14,204.23,989.54,455.0,-1120.0,-10132.5
86281,111.87,203.62,988.93,822.5,-1540.0,-10482.5
86310,112.24,203.25,987.96,367.5,-2012.5,-11270.0
86339,112.36,202.76,987.71,-455.0,-787.5,-11952.5
86368,111.75,202.4,987.35,612.5,-1872.5,-12582.5
86397,110.65,202.28,986.0,-227.5,-1697.5,-12390.0
86426,109.8,202.15,985.03,-945.0,-1172.5,-12302.5
86455,109.07,202.15,984.66,-490.0,-2292.5,-12810.0
86484,108.34,202.28,984.78,-1172.5,-1662.5,-13650.0
86513,106.99,202.03,985.39,-735.0,-1487.5,-13667.5
86542,105.65,202.15,985.64,-175.0,-2117.5,-13632.5
86571,104.68,202.28,985.52,-525.0,-1382.5,-13755.0
86600,103.46,202.52,985.27,-945.0,-1312.5,-14280.0
86628,101.38,202.4,985.52,-1015.0,-1435.0,-14630.0
86657,98.7,201.91,986.49,-87.5,-1907.5,-13545.0
86686,96.26,201.79,986.49,-140.0,-1697.5,-12740.0
86715,93.45,201.42,986.25,-1522.5,0.0,-12495.0
86744,90.04,200.57,986.74,-1487.5,402.5,-11392.5
86773,87.35,200.08,987.59,595.0,-1540.0,-10745.0
86802,85.89,200.2,987.59,332.5,-1260.0,-11445.0
86831,83.94,200.57,987.47,-700.0,-245.0,-12355.0
86860,81.25,200.81,987.1,-35.0,-2765.0,-12320.0
86889,79.54,201.06,986.25,-717.5,-3412.5,-12652.5
86918,78.57,201.06,986.13,-1260.0,-2222.5,-12407.5
86947,77.59,201.06,986.37,-682.5,-2152.5,-12635.0
86976,76.01,201.18,986.61,-367.5,-1855.0,-11602.5
87005,75.03,201.54,986.37,-350.0,-2450.0,-11252.5
87034,74.42,202.03,985.76,-980.0,-2730.0,-13667.5
87063,71.49,201.79,985.88,-2222.5,-1645.0,-14647.5
87092,65.51,200.08,986.74,-2537.5,-735.0,-14280.0
87121,55.63,196.91,988.32,-2205.0,-297.5,-10955.0
87150,43.8,193.25,990.4,-402.5,735.0,-2467.5
87179,34.16,190.32,991.62,927.5,1522.5,4830.0
87209,27.57,188.49,992.1,1347.5,2397.5,9275.0
87238,23.79,187.88,992.59,1820.0,3132.5,12582.5
87267,22.2,188.12,993.08,2047.5,3797.5,14087.5
87296,21.47,188.61,992.84,2222.5,3255.0,14612.5
87325,20.5,188.98,992.1,1855.0,2345.0,15102.5
87354,19.76,188.98,991.49,1977.5,1697.5,16800.0
87384,20.25,189.1,990.52,1242.5,2012.5,16992.5
87413,20.37,188.98,989.91,682.5,1890.0,17027.5
87443,21.23,189.34,989.54,1085.0,1767.5,18952.5
87472,23.67,190.32,988.57,577.5,2170.0,17132.5
87502,24.64,191.42,986.86,-210.0,1067.5,17062.5
87531,25.38,192.15,985.76,-1382.5,1365.0,19197.5
87560,28.55,192.88,986.0,-1190.0,1172.5,18602.5
87589,32.33,193.37,986.74,-210.0,87.5,16380.0
87618,35.38,193.49,986.98,-752.5,822.5,15977.5
87647,37.58,192.88,987.35,-822.5,927.5,15575.0
87676,39.41,192.03,987.35,-507.5,402.5,16432.5
87706,41.36,190.81,986.86,-1382.5,892.5,15837.5
87735,42.33,189.1,987.22,-1575.0,1050.0,17132.5
87764,44.29,187.64,988.08,-840.0,1015.0,18515.0
87793,47.09,186.29,989.3,-2047.5,1977.5,18112.5
87822,50.51,184.95,991.74,-1137.5,3185.0,19355.0
87851,55.39,184.22,993.57,-682.5,4707.5,18585.0
87881,61.12,184.1,994.54,-1365.0,5985.0,17045.0
87910,67.83,184.46,995.28,1172.5,2292.5,14665.0
87940,76.49,185.44,994.91,1225.0,1120.0,10885.0
87969,86.13,186.78,994.54,997.5,857.5,6457.5
87998,96.75,188.49,994.54,1872.5,-1347.5,1207.5
88027,107.36,190.56,994.3,1540.0,-1242.5,-4690.0
88056,117.12,192.03,994.06,1767.5,-2152.5,-10500.0
88085,125.78,192.76,993.08,1837.5,-2940.0,-16590.0
88114,132.25,192.76,991.13,945.0,-4235.0,-22050.0
88143,135.79,192.52,988.57,140.0,-4935.0,-24517.5
88172,137.74,192.03,986.25,-3150.0,-2817.5,-26775.0
88201,137.74,190.93,986.0,-3832.5,-1837.5,-29190.0
88230,135.3,189.59,986.25,-2100.0,-2887.5,-29645.0
88259,131.88,188.37,986.25,-3010.0,-2485.0,-30590.0
88288,127.61,186.42,987.1,-2975.0,-3150.0,-31412.5
88317,122.73,184.22,988.2,-1837.5,-5040.0,-32305.0
88346,117.97,182.02,988.81,-1260.0,-7070.0,-33425.0
88375,111.63,179.83,989.05,-1907.5,-5862.5,-33320.0
88404,103.46,177.27,989.79,-3202.5,-4305.0,-31272.5
88432,95.16,174.46,991.62,-2572.5,-2765.0,-28455.0
88461,86.13,171.29,994.42,822.5,-5197.5,-26460.0
88490,75.64,168.6,996.25,4655.0,-4235.0,-20387.5
88519,64.66,167.14,995.89,2065.0,-210.0,-13370.0
88548,52.95,164.94,996.01,-455.0,1610.0,-7542.5
88577,40.5,161.53,997.84,-210.0,2170.0,595.0
88606,29.77,157.87,1000.16,1277.5,3202.5,7997.5
88635,21.23,154.94,1001.38,2362.5,4935.0,14157.5
88664,14.64,153.23,1001.01,3150.0,6265.0,19460.0
88693,10.0,152.74,999.67,2905.0,7717.5,24080.0
88722,8.3,153.48,997.96,2397.5,7070.0,26460.0
88752,8.05,154.21,996.5,1435.0,4847.5,26092.5
88781,7.93,154.94,996.13,1190.0,4532.5,27772.5
88811,9.88,156.4,996.01,2047.5,4497.5,28490.0
88840,13.18,158.48,995.15,2012.5,3045.0,26232.5
88869,15.98,160.55,994.3,1820.0,1767.5,25865.0
88898,20.74,162.99,993.45,1435.0,2660.0,25200.0
88927,26.96,165.92,992.47,822.5,3062.5,21070.0
88956,31.84,168.85,991.25,840.0,1592.5,18952.5
88985,36.6,171.41,990.27,-210.0,1487.5,17045.0
89014,40.5,173.61,989.91,-560.0,1785.0,15592.5
89043,43.19,175.44,989.05,367.5,612.5,15592.5
89073,46.12,177.14,987.59,-1032.5,1260.0,15365.0
89102,49.78,178.61,987.22,-2187.5,2030.0,14262.5
89131,53.56,179.83,988.69,-1382.5,1312.5,13107.5
89160,58.07,181.17,990.15,210.0,507.5,12145.0
89190,63.93,183.24,991.01,787.5,-105.0,9170.0
89219,70.03,185.68,991.25,490.0,122.5,5897.5
89249,75.64,188.25,991.13,507.5,-157.5,2975.0
89278,80.52,190.32,991.13,245.0,-455.0,-507.5
89307,84.67,191.91,991.25,140.0,17.5,-3115.0
89337,88.45,193.49,991.37,577.5,-945.0,-5600.0
89366,92.96,195.2,991.13,-17.5,-367.5,-7787.5
89395,98.58,196.54,991.49,-560.0,-192.5,-11917.5
89424,105.04,197.52,991.13,717.5,-2257.5,-15715.0
89453,112.0,198.86,988.44,-945.0,-2922.5,-20860.0
89482,117.61,200.08,986.25,-3640.0,-3937.5,-26670.0
89511,119.8,199.96,986.25,-2607.5,-4182.5,-28770.0
89540,119.19,198.86,986.98,1365.0,-7490.0,-27737.5
89569,118.83,198.37,986.74,455.0,-7245.0,-28385.0
89598,117.85,198.13,987.1,-2012.5,-5617.5,-31920.0
89627,113.46,196.91,989.3,-770.0,-6755.0,-33337.5
89656,106.02,194.96,990.88,-332.5,-5792.5,-31552.5
89685,96.38,192.03,991.98,-542.5,-5582.5,-29627.5
89714,83.94,188.12,993.57,-770.0,-4130.0,-26092.5
89743,68.93,183.37,995.76,945.0,-3430.0,-18182.5
89772,53.92,178.85,997.47,2187.5,-1540.0,-8750.0
89801,41.6,175.07,998.08,3587.5,-1242.5,-1925.0
89830,31.96,172.51,997.47,2782.5,647.5,3115.0
89859,24.89,170.92,996.25,1942.5,1907.5,7805.0
89888,19.89,169.95,995.28,1330.0,2660.0,10937.5
89917,16.84,169.7,994.54,980.0,3447.5,14052.5
89946,15.86,170.56,994.18,1487.5,3115.0,15977.5
89975,16.23,171.78,993.57,927.5,3622.5,16712.5
90005,14.76,171.78,992.84,-472.5,4777.5,17307.5
90034,10.86,170.56,992.59,437.5,3780.0,21735.0
90064,8.42,169.82,992.1,1610.0,3377.5,26460.0
90093,8.05,169.09,990.4,70.0,3675.0,27615.0
90123,7.08,167.99,989.91,-1820.0,4707.5,28962.5
90152,8.05,167.99,991.13,455.0,4445.0,33670.0
90182,14.03,169.82,991.62,1610.0,3657.5,33040.0
90211,21.84,171.78,991.86,-472.5,4725.0,29050.0
90240,28.55,173.24,992.47,735.0,3587.5,27422.5
90269,36.84,175.19,992.1,1977.5,1942.5,26635.0
90298,47.7,177.88,990.64,437.5,2590.0,22085.0
90327,59.17,181.29,989.42,-227.5,840.0,17990.0
90356,72.35,185.32,988.81,-490.0,437.5,12967.5
90385,87.84,189.95,988.32,210.0,-945.0,6125.0
90414,104.19,195.44,986.25,-595.0,-1540.0,-3045.0
90443,119.07,200.08,984.3,-2765.0,-2047.5,-11987.5
90472,131.52,203.01,983.81,-2712.5,-3027.5,-19512.5
90501,141.76,203.98,982.71,-2590.0,-5215.0,-26495.0
90530,149.33,203.98,981.25,-4830.0,-6282.5,-33320.0
90559,153.48,202.64,980.64,-5390.0,-7105.0,-37625.0
90588,154.94,200.2,980.88,-5075.0,-8645.0,-40232.5
90617,153.35,197.03,981.37,-5687.5,-8645.0,-42595.0
90646,147.74,192.76,982.83,-6230.0,-8855.0,-43260.0
90675,139.45,187.64,986.0,-5425.0,-7105.0,-40635.0
90704,130.05,182.15,989.42,-4445.0,-5985.0,-38447.5
90732,117.24,175.68,993.93,-3255.0,-5285.0,-35910.0
90761,101.63,169.58,998.33,997.5,-6317.5,-27475.0
90790,86.99,164.7,1000.64,280.0,-2047.5,-19197.5
90819,71.74,159.21,1003.33,402.5,630.0,-12547.5
90848,53.68,152.38,1006.13,4497.5,1137.5,-822.5
90877,37.09,146.4,1005.89,5162.5,3990.0,12372.5
90906,24.89,142.13,1004.43,3832.5,5582.5,21087.5
90935,15.98,138.84,1003.82,4865.0,5670.0,27650.0
90964,7.56,136.15,1003.94,7350.0,5320.0,37345.0
90994,1.95,133.35,1002.6,7805.0,6440.0,47862.5
91023,3.17,130.91,998.81,3167.5,9240.0,48090.0
91053,5.86,128.34,996.01,-822.5,8697.5,44170.0
91082,6.83,125.9,996.13,-507.5,7962.5,48387.5
91112,13.3,125.66,996.25,2380.0,7472.5,53322.5
91141,28.79,128.34,994.54,857.5,6965.0,46812.5
91170,48.19,133.59,993.69,-1085.0,5022.5,36627.5
91199,69.05,140.3,994.3,-157.5,3517.5,27807.5
91228,92.48,147.86,994.18,-787.5,3377.5,15960.0
91257,114.19,155.79,993.81,-1260.0,1802.5,3885.0
91286,132.86,162.87,993.57,-350.0,-332.5,-4865.0
91315,149.33,168.48,992.84,122.5,-2135.0,-14350.0
91344,161.04,172.51,991.37,-1015.0,-3307.5,-22627.5
91373,167.26,174.7,990.15,-1452.5,-4252.5,-27055.0
91402,170.19,174.95,989.05,-1680.0,-5127.5,-29960.0
91431,170.07,173.85,988.2,-2992.5,-4812.5,-32480.0
91460,167.63,171.78,988.57,-3255.0,-5075.0,-33022.5
91489,163.85,169.09,989.91,-1400.0,-6282.5,-33250.0
91518,159.09,166.9,990.4,-1015.0,-6807.5,-32935.0
91547,153.96,165.55,990.27,-2677.5,-4217.5,-32182.5
91576,148.96,163.72,991.13,-3202.5,-2922.5,-32777.5
91604,143.72,161.77,992.35,-612.5,-5425.0,-34440.0
91633,137.13,160.31,993.08,-1592.5,-5092.5,-36102.5
91661,126.27,157.62,994.3,-2992.5,-2642.5,-36225.0
91690,109.56,152.74,996.25,-1172.5,-2817.5,-32497.5
91718,86.86,146.4,998.57,-1050.0,262.5,-23100.0
91747,60.15,138.96,1001.38,332.5,2922.5,-6597.5
91776,36.11,132.61,1003.69,3027.5,2870.0,10937.5
91805,18.91,128.1,1004.67,3482.5,5285.0,22242.5
91834,6.1,124.44,1004.67,4025.0,6335.0,30362.5
91864,-4.88,120.54,1003.45,3657.5,7035.0,39060.0
91893,-12.69,116.27,1001.38,2555.0,7472.5,46882.5
91922,-14.64,113.09,999.3,1732.5,8085.0,51520.0
91951,-11.71,111.87,996.5,1417.5,7157.5,53217.5
91981,-5.25,112.24,992.1,402.5,4305.0,55597.5
92010,9.52,114.44,990.03,-3710.0,4550.0,51940.0
92040,28.67,117.61,991.62,-1995.0,2012.5,40267.5
92069,45.99,121.76,993.2,-262.5,-980.0,35437.5
92098,68.56,128.1,994.91,-1312.5,1732.5,29715.0
92127,97.36,136.52,997.47,822.5,-297.5,14087.5
92156,124.44,145.67,998.2,2660.0,-3570.0,-3237.5
92185,145.79,153.72,996.5,1190.0,-4620.0,-15435.0
92214,162.26,159.58,994.3,-647.5,-3920.0,-25270.0
92243,174.09,162.75,992.23,-2310.0,-4655.0,-34230.0
92272,181.41,163.6,990.76,-2467.5,-6265.0,-40740.0
92301,184.59,162.75,989.3,-3780.0,-7105.0,-44485.0
92330,183.12,160.92,988.69,-3727.5,-8557.5,-44782.5
92359,180.19,159.09,989.3,-1277.5,-14577.5,-44362.5
92388,177.75,156.89,990.15,-3377.5,-11655.0,-47285.0
92417,169.7,152.99,991.86,-6195.0,-5722.5,-48930.0
92446,154.45,147.13,994.91,-3167.5,-8067.5,-44660.0
92475,134.69,140.3,998.94,-1960.0,-5495.0,-37765.0
92504,109.07,132.49,1003.33,-140.0,-840.0,-25270.0
92532,80.4,124.68,1007.48,3535.0,1120.0,-7070.0
92561,56.36,118.83,1009.43,5967.5,4007.5,9817.5
92590,39.41,115.66,1008.7,4357.5,5530.0,20002.5
92619,27.82,114.19,1007.96,3640.0,6842.5,28717.5
92648,22.57,113.95,1007.48,3395.0,8470.0,34317.5
92677,20.98,113.83,1006.62,2485.0,9677.5,34825.0
92706,19.4,113.46,1005.52,2117.5,8697.5,37677.5
92735,20.25,113.46,1003.94,2047.5,8592.5,42332.5
92764,26.11,114.8,1002.23,1435.0,8662.5,42017.5
92793,33.55,117.0,1000.28,1767.5,6212.5,38972.5
92822,41.24,120.05,997.35,1540.0,4270.0,39795.0
92852,53.56,124.68,994.67,-577.5,4305.0,37817.5
92881,69.91,130.3,993.32,-1347.5,4077.5,29487.5
92911,86.86,136.76,993.2,-105.0,770.0,22225.0
92940,105.53,143.84,993.57,-122.5,665.0,13510.0
92969,123.46,150.55,994.06,-245.0,507.5,2800.0
92998,138.1,156.4,994.06,945.0,-1417.5,-5337.5
93027,151.28,162.02,993.32,437.5,-2100.0,-13317.5
93056,162.02,166.65,992.47,-192.5,-1855.0,-21455.0
93085,169.34,169.95,991.62,455.0,-4007.5,-27002.5
93114,174.46,172.75,990.03,-437.5,-4532.5,-31902.5
93143,176.78,174.7,988.81,-2152.5,-4672.5,-37030.0
93172,175.31,174.83,988.2,-1540.0,-6720.0,-40250.0
93201,172.02,174.09,987.1,-1995.0,-8575.0,-41055.0
93230,167.26,172.26,986.74,-4025.0,-6317.5,-42332.5
93259,160.31,169.58,987.22,-2170.0,-8382.5,-41650.0
93288,152.62,166.16,987.47,-3255.0,-7017.5,-42630.0
93317,140.3,161.41,989.54,-4200.0,-3517.5,-41720.0
93346,121.63,155.18,993.93,-1137.5,-1890.0,-32847.5
93375,100.53,149.21,998.2,1487.5,297.5,-21577.5
93405,78.81,143.84,1000.4,2222.5,1872.5,-10972.5
93434,57.34,139.32,1001.5,2205.0,2152.5,1540.0
93463,39.28,135.91,1001.62,3500.0,2747.5,13982.5
93492,27.82,134.44,1000.03,2082.5,3990.0,21787.5
93521,21.11,134.81,998.81,1330.0,4900.0,26127.5
93550,17.93,135.66,997.72,1995.0,3955.0,28507.5
93579,16.47,136.52,996.13,647.5,5215.0,29837.5
93608,16.84,137.49,994.91,840.0,5075.0,32515.0
93637,20.62,138.84,992.59,315.0,5530.0,31237.5
93667,24.77,140.06,990.03,-1575.0,4410.0,28017.5
93696,27.33,140.54,988.2,-2065.0,3745.0,29540.0
93725,31.96,141.4,987.47,-4847.5,6352.5,32812.5
93754,40.75,143.47,988.69,-3535.0,4602.5,30660.0
93783,51.73,147.25,989.79,-1942.5,1085.0,26600.0
93812,66.49,152.99,991.37,-2852.5,2467.5,23782.5
93842,87.35,160.55,994.3,-2065.0,2450.0,13650.0
93871,108.58,168.73,996.98,945.0,-1190.0,-1960.0
93901,124.68,175.44,998.08,1435.0,-1872.5,-11620.0
93930,135.91,179.83,998.45,630.0,-840.0,-18637.5
93959,142.98,181.9,998.45,2082.5,-4095.0,-24850.0
93988,145.91,182.27,997.47,1750.0,-4567.5,-28892.5
94017,145.91,181.54,996.01,1417.5,-4830.0,-30940.0
94046,144.08,179.83,994.3,682.5,-6072.5,-33635.0
94075,139.69,177.63,993.08,-875.0,-5547.5,-34720.0
94104,133.59,174.95,991.86,-420.0,-6930.0,-34527.5
94133,126.27,171.78,990.27,-2450.0,-6002.5,-35630.0
94162,114.8,167.26,990.15,-4182.5,-4410.0,-33652.5
94191,99.8,162.02,991.49,-2205.0,-5057.5,-26985.0
94220,84.18,157.01,992.23,-1890.0,-3885.0,-20212.5
94249,66.12,151.65,993.93,-3500.0,-140.0,-12302.5
94278,46.36,145.42,997.84,-787.5,822.5,595.0
94307,30.01,139.69,1001.5,1312.5,2520.0,11970.0
94337,17.81,135.54,1003.57,3675.0,2310.0,19845.0
94366,9.27,133.1,1003.57,4147.5,3150.0,27107.5
94395,4.64,131.64,1002.72,2555.0,6160.0,33057.5
94424,2.93,130.78,1001.74,2747.5,4830.0,35682.5
94453,3.9,130.91,1000.4,3377.5,4007.5,38780.0
94482,8.42,132.37,998.33,2660.0,4025.0,40005.0
94511,15.25,134.08,996.37,892.5,3027.5,38675.0
94540,23.67,135.42,994.3,542.5,1207.5,34965.0
94569,32.57,137.13,990.4,-1960.0,-980.0,29627.5
94598,40.5,138.23,987.96,-8067.5,3955.0,27527.5
94627,49.53,139.32,989.91,-8050.0,5302.5,26950.0
94656,63.81,142.74,993.2,-2695.0,1295.0,22347.5
94685,83.33,148.84,995.64,-1190.0,945.0,12792.5
94715,103.7,156.28,997.72,-280.0,962.5,2205.0
94744,121.39,162.87,999.67,1610.0,-927.5,-7210.0
94774,136.03,167.75,1000.64,2870.0,-2695.0,-14770.0
94803,147.86,171.29,1000.52,2940.0,-3237.5,-21122.5
94832,156.89,173.24,999.91,2677.5,-4287.5,-27720.0
94861,162.99,173.97,999.3,2240.0,-4725.0,-33635.0
94889,165.43,172.87,998.45,2502.5,-6107.5,-37467.5
94918,165.19,170.68,996.25,2380.0,-7735.0,-40092.5
94947,160.8,167.51,993.69,-297.5,-6772.5,-41912.5
94976,151.65,163.48,992.1,-2450.0,-5215.0,-38500.0
95005,140.54,159.09,991.13,-3412.5,-6002.5,-34790.0
95034,128.1,154.21,992.1,-4970.0,-4112.5,-32200.0
95063,112.48,148.84,995.76,-1907.5,-2590.0,-26145.0
95092,94.92,143.47,998.94,1330.0,-2835.0,-17675.0
95121,76.49,138.59,1000.89,717.5,840.0,-8067.5
95151,58.8,134.32,1002.35,2625.0,840.0,2660.0
95180,45.38,131.76,1002.35,3255.0,1872.5,12162.5
95209,36.97,131.03,1001.5,2537.5,3780.0,17535.0
95238,31.35,131.03,1000.16,2625.0,3570.0,21157.5
95268,27.69,131.27,998.57,717.5,4952.5,24710.0
95297,25.38,131.27,997.96,1050.0,4812.5,27370.0
95327,23.42,131.15,996.86,2170.0,3535.0,31237.5
95356,23.79,131.52,995.28,577.5,4340.0,34580.0
95385,27.69,132.61,994.42,-402.5,3517.5,35140.0
95414,33.67,133.83,994.06,-1295.0,2065.0,33932.5
95443,40.26,134.69,994.54,-2555.0,3045.0,33075.0
95472,47.09,135.54,995.52,-1767.5,2940.0,31797.5
95501,55.02,137.13,995.52,-525.0,2712.5,30187.5
95530,64.66,139.93,994.91,-735.0,2362.5,27265.0
95559,76.86,143.47,994.18,-630.0,1522.5,22610.0
95589,91.38,147.86,993.69,-752.5,1067.5,14787.5
95618,105.41,152.5,994.06,-910.0,385.0,6300.0
95648,117.85,156.77,994.67,455.0,-927.5,245.0
95677,130.05,161.04,994.79,437.5,-1907.5,-6895.0
95707,140.54,164.21,995.15,490.0,-1610.0,-14000.0
95736,148.11,166.41,995.52,1855.0,-2485.0,-18935.0
95764,153.23,167.99,994.3,1820.0,-3430.0,-22347.5
95793,156.65,169.09,992.71,-315.0,-2502.5,-25882.5
95822,157.62,168.85,992.1,-647.5,-2870.0,-29015.0
95851,155.67,167.75,991.86,35.0,-4585.0,-29155.0
95880,152.5,166.16,991.62,315.0,-4812.5,-28490.0
95909,149.08,164.7,990.76,210.0,-5547.5,-27195.0
95938,146.64,163.97,990.64,-1505.0,-4882.5,-28262.5
95967,144.57,162.99,992.35,-910.0,-4865.0,-31237.5
95996,140.54,161.77,993.57,735.0,-5215.0,-32795.0
96025,133.71,160.55,993.2,-1050.0,-3675.0,-31832.5
96054,124.56,158.72,993.81,-1540.0,-1872.5,-29277.5
96083,112.85,155.79,995.28,507.5,-2310.0,-25777.5
96112,97.23,152.13,998.2,1872.5,-472.5,-18567.5
96142,77.47,147.62,1002.35,6422.5,2887.5,-4550.0
96171,60.27,144.69,1002.96,8225.0,1155.0,9642.5
96200,50.51,144.69,1000.16,5320.0,1995.0,15225.0
96229,44.41,146.16,997.23,2222.5,3132.5,17167.5
96258,38.55,147.25,995.76,1242.5,3675.0,21315.0
96287,34.65,148.35,995.4,1365.0,3815.0,26792.5
96316,35.14,150.43,995.03,2415.0,3832.5,28840.0
96345,39.16,153.23,993.45,2100.0,3780.0,26110.0
96374,41.85,155.55,991.13,700.0,3920.0,24570.0
96404,43.19,157.14,988.44,-525.0,2887.5,26617.5
96433,46.85,158.36,985.88,-2030.0,3517.5,27055.0
96462,51.48,159.09,984.05,-4480.0,5110.0,23835.0
96491,53.56,158.84,983.32,-4095.0,2520.0,24885.0
96521,56.85,158.84,983.08,-4147.5,1925.0,29137.5
96550,64.42,159.58,984.17,-4497.5,1960.0,27440.0
96580,73.44,160.8,986.61,-1015.0,-1995.0,23362.5
96609,83.33,163.48,988.44,210.0,-1505.0,23450.0
96638,97.11,167.51,989.42,-665.0,-140.0,19040.0
96667,113.95,172.26,990.64,-140.0,-1925.0,8435.0
96696,130.3,176.9,991.37,157.5,-1732.5,-1610.0
96725,143.23,180.32,991.62,-717.5,-682.5,-10010.0
96754,152.38,182.02,991.62,210.0,-2485.0,-15137.5
96783,159.82,182.63,990.76,-70.0,-2607.5,-19845.0
96812,164.94,182.39,989.3,-1855.0,-2135.0,-24517.5
96841,167.26,181.41,988.81,-2275.0,-2800.0,-27300.0
96870,167.75,179.95,988.69,-1802.5,-2712.5,-28857.5
96899,167.38,178.36,988.44,-2327.5,-2695.0,-30957.5
96928,164.94,176.17,988.69,-3255.0,-2187.5,-32847.5
96957,159.58,173.73,989.42,-2135.0,-2852.5,-31500.0
96986,153.48,171.78,989.66,-1190.0,-3237.5,-28945.0
97015,148.35,169.95,990.03,-2380.0,-1627.5,-29452.5
97044,142.25,167.87,991.01,-1435.0,-1820.0,-30012.5
97073,134.44,165.43,991.37,-682.5,-1417.5,-29732.5
97102,124.93,162.5,991.86,-420.0,0.0,-27317.5
97131,114.31,159.33,992.35,1522.5,122.5,-25672.5
97160,99.19,155.18,992.59,-437.5,1802.5,-21297.5
97189,79.79,150.55,993.81,-1715.0,2100.0,-7227.5
97218,62.95,146.4,995.76,227.5,2310.0,6072.5
97247,50.14,143.47,996.5,1802.5,1872.5,14997.5
97276,41.24,141.76,996.5,1330.0,3010.0,22242.5
97305,36.48,141.03,996.86,1680.0,3500.0,26635.0
97334,34.28,141.15,997.11,2852.5,3115.0,27930.0
97363,32.57,141.52,996.01,3272.5,2380.0,30485.0
97393,32.7,142.25,994.42,1837.5,3132.5,33880.0
97422,36.23,142.74,994.06,1085.0,3290.0,33827.5
97452,40.75,143.47,993.93,1172.5,2222.5,31605.0
97481,44.77,144.69,992.84,682.5,1067.5,32655.0
97511,51.73,146.4,991.13,-105.0,2887.5,31465.0
97540,59.41,147.86,989.18,-2327.5,3727.5,26897.5
97570,66.0,149.08,988.57,-2327.5,-420.0,25497.5
97599,75.52,151.16,989.05,-1032.5,-227.5,24115.0
97628,89.06,154.21,989.18,-1522.5,1942.5,17010.0
97657,102.48,157.62,989.91,-1942.5,1452.5,7787.5
97686,113.95,160.8,991.86,-507.5,-385.0,1557.5
97715,124.56,163.97,993.81,-52.5,52.5,-4620.0
97744,133.47,166.65,995.52,1050.0,-910.0,-10202.5
97773,140.42,168.73,996.25,1505.0,-1277.5,-14752.5
97802,145.79,170.31,996.74,1435.0,-1225.0,-18900.0
97831,149.57,171.29,996.98,2065.0,-1645.0,-22820.0
97860,151.4,172.39,996.37,2135.0,-2205.0,-25830.0
97889,151.04,173.0,995.03,892.5,-2485.0,-28070.0
97918,149.82,172.63,994.3,805.0,-3150.0,-29627.5
97947,147.13,172.02,993.57,1295.0,-3762.5,-31500.0
97976,142.86,171.04,992.1,525.0,-4270.0,-31762.5
98005,137.49,169.82,990.4,-980.0,-3325.0,-31202.5
98034,131.52,168.24,988.57,-1942.5,-4095.0,-31710.0
98063,123.95,165.92,987.47,-2835.0,-3395.0,-32112.5
98092,113.7,162.75,987.71,-2922.5,-840.0,-29085.0
98121,100.41,159.09,988.44,-1662.5,350.0,-23940.0
98150,84.06,154.94,989.79,-2135.0,962.5,-15680.0
98179,66.73,150.06,992.84,-1820.0,2082.5,-4935.0
98208,51.0,145.55,996.37,1715.0,822.5,4847.5
98237,38.67,142.74,998.2,2940.0,2590.0,13335.0
98266,30.87,142.13,998.69,3010.0,3010.0,18795.0
98295,26.35,142.62,998.57,3920.0,2450.0,21770.0
98324,23.3,142.98,997.59,3605.0,2712.5,23922.5
98353,20.13,142.5,995.89,2257.5,3307.5,26565.0
98383,17.57,141.89,994.06,717.5,3920.0,30835.0
98412,18.06,142.01,992.59,262.5,3972.5,33880.0
98442,22.08,143.72,990.88,577.5,3167.5,33670.0
98471,28.3,146.4,988.81,-1872.5,3202.5,31150.0
98501,34.04,149.08,987.47,-3097.5,3692.5,30712.5
98530,41.24,151.28,984.78,-3972.5,1400.0,29312.5
98559,50.39,152.62,982.83,-8680.0,-3360.0,21962.5
98588,58.19,152.99,985.88,-8645.0,1505.0,19530.0
98617,67.22,154.09,990.4,-4760.0,4532.5,19827.5
98646,78.45,156.28,993.45,-3360.0,2677.5,13492.5
98675,88.57,158.6,996.62,-192.5,-682.5,8330.0
98704,99.92,161.77,999.06,1050.0,455.0,3727.5
98733,111.87,165.07,1001.13,1925.0,-437.5,-5477.5
98762,121.02,167.63,1002.72,3902.5,-1907.5,-12145.0
98791,128.1,169.58,1002.6,4182.5,-2100.0,-16590.0
98820,133.71,171.04,1001.25,3202.5,-1942.5,-21472.5
98849,137.37,171.65,999.91,2887.5,-2922.5,-25725.0
98878,139.2,171.41,998.57,2642.5,-4392.5,-28840.0
98907,139.69,170.8,997.11,2520.0,-5407.5,-30992.5
98936,138.47,170.07,995.4,682.5,-4480.0,-32602.5
98965,135.66,168.73,994.06,-490.0,-4462.5,-33460.0
98993,132.13,166.9,993.2,-560.0,-5075.0,-34195.0
99022,126.88,164.7,992.35,-1872.5,-4707.5,-34632.5
99050,119.93,161.89,991.62,-1365.0,-4847.5,-32410.0
99079,113.22,159.33,989.54,-2240.0,-4270.0,-30135.0
99107,106.02,156.89,988.2,-6317.5,-1610.0,-28892.5
99136,95.77,153.11,990.27,-5250.0,-2467.5,-26320.0
99165,82.35,148.23,994.06,-2922.5,-2625.0,-20632.5
99194,66.61,142.62,997.96,-1487.5,525.0,-12337.5
99223,49.04,137.37,1000.64,1855.0,437.5,-1750.0
99253,32.57,133.22,1001.13,2730.0,1627.5,11095.0
99282,21.47,130.05,1000.28,1277.5,3377.5,19477.5
99311,13.91,127.37,1000.4,1242.5,3587.5,23012.5
99340,5.73,124.32,1000.4,2520.0,3412.5,29890.0
99370,-2.93,121.27,999.3,2065.0,3062.5,41545.0
99399,-4.51,119.44,997.23,455.0,3605.0,50680.0
99429,5.61,120.05,995.76,-2432.5,3535.0,43067.5
99458,16.1,121.63,996.01,-1732.5,1977.5,32095.0
99487,20.62,122.49,995.76,-315.0,227.5,33845.0
99516,27.57,123.83,994.54,-2100.0,2887.5,35595.0
99545,37.33,125.05,993.45,-2765.0,2712.5,29802.5
99574,44.29,125.29,992.1,-1750.0,-945.0,28542.5
99603,52.7,126.15,990.4,-3237.5,-140.0,31325.0
99632,66.73,128.59,989.3,-3920.0,-157.5,26022.5
99661,83.33,132.0,990.27,-3675.0,-2870.0,17377.5
99690,100.77,135.42,994.3,-2975.0,-2205.0,8872.5
99719,117.73,138.47,1000.4,-700.0,-542.5,-735.0
99748,132.0,141.03,1005.4,3342.5,-1872.5,-9590.0
99777,142.86,143.11,1007.11,4252.5,-2485.0,-16607.5
99806,150.91,144.57,1006.74,4077.5,-1732.5,-21822.5
99835,156.65,145.18,1005.52,3692.5,-2292.5,-26460.0
99864,159.94,145.42,1003.57,3640.0,-3325.0,-29977.5
99893,161.89,145.42,1000.4,2730.0,-4305.0,-32130.0
99921,162.5,145.18,996.74,52.5,-3500.0,-34527.5
99950,161.77,144.57,993.32,-875.0,-5495.0,-36977.5
99979,160.31,143.23,990.52,-4112.5,-4900.0,-39812.5
100008,156.16,140.67,990.15,-6002.5,-3955.0,-41387.5
100036,148.84,136.88,991.37,-4182.5,-6037.5,-39690.0
100065,139.2,132.49,993.45,-4830.0,-3360.0,-36330.0
100093,125.9,127.86,996.74,-2572.5,-2292.5,-30152.5
100122,110.29,123.59,999.79,927.5,-1627.5,-20755.0
100151,94.79,120.05,1001.38,1592.5,-1172.5,-11707.5
100180,80.03,116.39,1003.08,997.5,1767.5,-3972.5
100209,65.39,112.48,1005.28,2607.5,1995.0,4252.5
100238,51.85,109.31,1006.5,3885.0,3255.0,13265.0
100267,40.99,106.99,1006.01,3797.5,4812.5,20912.5
100296,33.06,105.77,1004.55,3027.5,4760.0,26757.5
100325,28.79,105.77,1003.33,2992.5,5110.0,31797.5
100355,28.06,106.38,1002.35,2117.5,5950.0,34212.5
100384,28.43,107.24,1001.74,1785.0,5232.5,35367.5
100413,30.26,108.46,1001.38,2695.0,4637.5,39340.0
100442,36.6,110.41,1000.77,1190.0,6055.0,38202.5
100471,43.92,113.09,1000.64,2100.0,4270.0,35070.0
100500,50.51,116.27,999.67,3185.0,1732.5,36102.5
100529,60.15,119.8,997.96,2327.5,752.5,34440.0
100558,72.35,123.83,996.25,822.5,1365.0,27667.5
100587,83.57,127.86,994.54,-280.0,490.0,22400.0
100616,95.16,132.13,994.06,-1155.0,210.0,17972.5
100645,109.31,136.88,995.15,-665.0,542.5,10255.0
100674,124.32,142.13,996.74,735.0,-455.0,542.5
100703,138.1,147.38,997.35,1312.5,-210.0,-7612.5
100732,150.43,152.01,996.5,682.5,-560.0,-15050.0
100761,159.58,155.67,994.3,-612.5,-1890.0,-22382.5
100790,164.94,157.5,992.71,-2520.0,-2922.5,-27160.0
100819,167.14,157.38,992.84,-1417.5,-3150.0,-29610.0
100847,167.38,157.01,992.84,-770.0,-3780.0,-30625.0
100876,166.53,156.77,992.84,-1190.0,-3290.0,-31972.5
100904,164.21,155.92,993.32,-647.5,-4392.5,-34457.5
100933,159.58,154.33,993.69,-332.5,-4812.5,-34475.0
100962,153.6,152.74,993.57,-262.5,-4497.5,-33372.5
100991,146.28,151.52,992.84,-682.5,-4252.5,-32322.5
101020,136.52,149.82,991.62,-542.5,-4812.5,-29802.5
101049,125.17,147.74,990.88,-2152.5,-3097.5,-25987.5
101078,112.85,145.55,991.13,-2100.0,-2677.5,-21892.5
101107,100.65,143.23,991.86,-1610.0,-2222.5,-17167.5
101136,87.84,140.3,993.81,-3097.5,542.5,-13720.0
101165,71.25,135.91,996.98,-997.5,1172.5,-6160.0
101194,52.95,130.91,999.55,1120.0,1925.0,6930.0
101224,38.43,127.0,1000.52,2240.0,3167.5,18532.5
101253,29.89,125.42,1000.52,2677.5,4130.0,25865.0
101282,27.08,125.78,1000.4,2782.5,4777.5,28647.5
101311,27.69,127.0,1000.03,2362.5,4760.0,27912.5
101340,28.3,128.1,1000.16,1330.0,5547.5,28787.5
101369,28.55,128.47,1000.52,2625.0,4585.0,31990.0
101398,31.6,128.83,999.18,3307.5,4130.0,32830.0
101427,36.11,130.05,996.25,770.0,4270.0,29715.0
101456,39.04,131.39,993.81,-735.0,3395.0,31185.0
101485,43.55,132.98,992.71,-682.5,2992.5,34002.5
101514,51.73,135.18,991.37,-122.5,1190.0,30695.0
101543,60.51,137.86,989.3,-1312.5,-595.0,25830.0
101572,69.17,140.3,988.2,-3325.0,-210.0,23345.0
101601,79.54,142.5,988.57,-4025.0,1347.5,19687.5
101630,92.23,145.06,990.03,-4025.0,805.0,13667.5
101660,106.26,147.99,993.32,-3115.0,945.0,4987.5
101689,120.05,151.16,997.72,35.0,-875.0,-2450.0
101718,132.37,154.82,1000.16,2012.5,-1085.0,-9152.5
101747,143.35,158.36,1000.4,1890.0,-1382.5,-15172.5
101775,152.74,160.8,1000.16,1470.0,-1015.0,-22067.5
101804,159.33,162.02,999.18,2100.0,-3062.5,-27650.0
101832,163.85,162.63,998.33,735.0,-2432.5,-31850.0
101861,165.8,162.38,997.47,315.0,-1855.0,-34755.0
101890,165.68,161.53,996.74,560.0,-4182.5,-37292.5
101919,163.72,159.82,996.5,455.0,-4760.0,-39322.5
101948,158.72,157.62,995.89,420.0,-4515.0,-39392.5
101977,151.52,155.06,994.79,-297.5,-4812.5,-37572.5
102006,143.23,152.62,993.57,-1470.0,-4427.5,-36732.5
102035,133.35,150.3,991.86,-1750.0,-6055.0,-34825.0
102064,121.02,147.62,990.03,-4707.5,-3990.0,-31517.5
102093,105.41,143.35,991.74,-6807.5,-262.5,-26162.5
102122,85.77,136.88,997.59,-2082.5,490.0,-16800.0
102151,64.66,130.05,1002.23,2677.5,-595.0,-4707.5
102180,45.63,124.68,1004.3,2782.5,2345.0,7280.0
102209,30.74,121.02,1004.67,3885.0,2502.5,16887.5
102238,20.5,119.07,1004.3,3377.5,3867.5,24010.0
102267,14.64,118.22,1004.06,3675.0,5127.5,29382.5
102296,12.44,118.22,1002.96,3482.5,5197.5,31885.0
102325,11.59,118.71,1001.5,2502.5,4725.0,33652.5
102354,11.71,119.56,1000.77,2275.0,5057.5,38290.0
102383,16.1,121.39,999.91,3097.5,4777.5,39445.0
102412,23.18,124.07,998.33,3360.0,2275.0,35752.5
102441,28.79,126.88,996.01,2152.5,2607.5,34825.0
102470,34.28,129.32,993.69,630.0,2292.5,36190.0
102499,42.58,132.25,991.86,-700.0,1977.5,33582.5
102529,51.12,135.66,989.79,-1435.0,-700.0,30555.0
102558,59.78,138.71,988.2,-3972.5,-1102.5,30992.5
102587,73.2,141.52,989.05,-6667.5,1417.5,27632.5
102616,90.28,145.06,992.1,-5145.0,1015.0,17290.0
102645,106.87,149.21,994.79,-927.5,-3500.0,6160.0
102674,121.76,153.35,995.64,700.0,-2345.0,-1960.0
102703,135.18,157.14,994.54,-612.5,-945.0,-9625.0
102732,146.16,159.7,993.81,-437.5,-3150.0,-17762.5
102761,153.96,160.8,993.2,245.0,-3727.5,-23065.0
102790,159.33,161.53,991.86,-787.5,-3430.0,-27090.0
102819,162.26,161.41,990.76,-1872.5,-3955.0,-31360.0
102848,162.75,160.31,990.64,-2275.0,-2712.5,-32830.0
102877,161.28,158.48,991.01,-1417.5,-4287.5,-33162.5
102906,159.09,156.65,991.49,-945.0,-4865.0,-33390.0
102935,155.67,154.94,992.47,-1487.5,-3167.5,-34212.5
102964,150.91,152.74,993.57,-315.0,-3972.5,-33040.0
102993,144.94,150.91,993.45,157.5,-4917.5,-31727.5
103022,138.35,149.45,992.59,-1435.0,-4322.5,-30100.0
103051,131.52,147.86,992.35,-2205.0,-4165.0,-28647.5
103079,124.2,145.79,993.08,-1172.5,-7245.0,-28472.5
103108,114.92,143.47,993.81,-2660.0,-3080.0,-25095.0
103136,104.19,141.03,993.69,-2695.0,-892.5,-20440.0
103165,92.84,138.1,993.81,-3360.0,-980.0,-17657.5
103194,77.84,133.59,996.5,-3552.5,2100.0,-8767.5
103223,61.0,128.71,1000.77,332.5,3482.5,6317.5
103252,48.8,125.17,1003.82,4392.5,2817.5,18060.0
103281,43.19,123.71,1005.28,5757.5,3447.5,22855.0
103310,39.28,123.46,1005.89,7542.5,1330.0,25865.0
103339,35.87,123.59,1005.28,8295.0,1330.0,32235.0
103368,36.11,124.2,1002.96,6300.0,4900.0,36260.0
103397,39.04,125.42,1000.03,4742.5,3167.5,34020.0
103426,40.02,126.64,997.11,4410.0,1260.0,35367.5
103455,41.24,127.86,994.06,3010.0,1767.5,42227.5
103484,50.14,130.05,991.13,1242.5,2362.5,41807.5
103513,63.93,133.47,988.81,-2030.0,2625.0,31447.5
103542,74.42,136.88,986.98,-4130.0,2030.0,25375.0
103571,82.23,139.45,985.15,-5232.5,647.5,24412.5
103600,91.99,141.52,984.17,-6685.0,770.0,21787.5
103629,104.43,143.72,985.76,-5687.5,1365.0,16240.0
103658,117.36,146.03,988.69,-2555.0,-105.0,11585.0
103687,131.27,148.72,991.49,-857.5,-332.5,6247.5
103716,145.55,151.77,993.32,175.0,-857.5,-2082.5
103745,157.26,154.33,994.3,892.5,-1032.5,-9065.0
103774,166.29,156.16,994.3,1242.5,-1382.5,-14262.5
103803,173.97,157.14,994.06,997.5,-1085.0,-18847.5
103832,179.83,157.38,993.93,1085.0,-717.5,-24395.0
103861,182.63,157.26,993.08,1295.0,-2100.0,-27300.0
103889,184.95,157.26,991.86,-315.0,-1627.5,-29680.0
103918,186.17,156.89,991.01,-1207.5,-472.5,-35140.0
103946,184.59,155.67,989.54,-1767.5,-2292.5,-38430.0
103975,182.02,154.21,988.2,-4725.0,0.0,-40967.5
104004,176.9,152.01,988.2,-5162.5,857.5,-43120.0
104033,167.99,148.96,989.05,-3202.5,-1995.0,-41492.5
104062,156.4,145.42,989.91,-2047.5,-542.5,-38447.5
104091,141.03,141.76,990.4,-1785.0,-1242.5,-31342.5
104120,124.68,138.23,992.23,-840.0,1067.5,-21700.0
104149,109.31,134.44,994.54,1417.5,1067.5,-14962.5
104178,92.96,130.54,996.62,1890.0,-1172.5,-7332.5
104207,76.13,126.88,998.69,2450.0,577.5,3482.5
104236,61.73,124.2,1000.16,3132.5,2012.5,13650.0
104265,51.73,122.49,1001.38,4130.0,3465.0,21210.0
104294,45.26,122.24,1002.35,5512.5,4987.5,25830.0
104323,40.99,122.85,1002.35,6702.5,3605.0,29452.5
104352,38.55,124.2,1000.52,6247.5,3167.5,32130.0
104381,38.43,125.9,997.47,3815.0,3115.0,32200.0
104410,39.28,127.86,994.42,2187.5,1522.5,32322.5
104439,40.99,129.93,991.13,647.5,402.5,34247.5
104469,45.02,132.0,987.71,-1750.0,140.0,34177.5
104498,50.26,134.2,985.27,-2957.5,-245.0,32655.0
104527,55.14,135.91,983.81,-3412.5,-1190.0,33687.5
104556,62.1,137.01,983.44,-5810.0,-700.0,35245.0
104585,72.83,138.1,986.25,-5110.0,-1697.5,32340.0
104614,84.79,139.2,990.88,875.0,-1942.5,28122.5
104644,97.23,141.28,993.45,3500.0,-1750.0,26022.5
104673,112.73,144.81,993.2,2187.5,-1242.5,19320.0
104701,131.27,149.08,992.35,245.0,-3045.0,5845.0
104730,147.62,152.5,991.62,-192.5,-1977.5,-7577.5
104759,159.09,154.57,991.13,-1190.0,-647.5,-13877.5
104788,168.36,155.55,991.37,-1610.0,-367.5,-19827.5
104817,174.7,155.43,992.1,-560.0,87.5,-24657.5
104846,177.51,154.94,992.1,-682.5,210.0,-26302.5
104875,178.12,154.45,991.62,-1155.0,210.0,-27125.0
104904,177.51,153.72,991.13,-1207.5,-665.0,-28140.0
104933,175.68,152.99,990.76,-455.0,-1120.0,-28875.0
104962,173.73,152.62,990.27,-910.0,-1312.5,-29592.5
104991,171.17,152.13,990.15,-770.0,-1610.0,-31447.5
105020,167.87,151.77,989.42,-175.0,-3010.0,-31500.0
105049,165.43,151.65,987.71,-1820.0,-2450.0,-34772.5
105078,160.8,150.79,986.74,-3710.0,-2222.5,-38045.0
105107,152.5,149.33,986.61,-2222.5,-2782.5,-35490.0
105135,145.42,148.6,984.42,-3290.0,-4900.0,-35122.5
105164,137.62,145.67,983.32,-9170.0,350.0,-39305.0
105193,119.19,140.06,986.98,-7437.5,5477.5,-30100.0
105222,96.38,134.2,991.74,-1557.5,1837.5,-10412.5
105251,78.93,129.56,995.4,490.0,1592.5,2205.0
105280,65.27,126.15,998.08,2467.5,1470.0,11252.5
105309,54.29,123.46,999.67,3167.5,2292.5,19197.5
105338,45.38,121.39,1000.16,4007.5,2292.5,25077.5
105367,36.23,118.83,999.67,3972.5,1960.0,32182.5
105396,29.52,116.51,998.69,4147.5,1995.0,40722.5
105425,28.67,115.53,996.86,3972.5,1855.0,42962.5
105454,29.89,115.29,993.57,1557.5,1260.0,41947.5
105483,27.33,113.95,990.64,175.0,-2082.5,47057.5
105513,27.57,111.63,988.81,1067.5,-6982.5,57225.0
105542,38.55,110.17,988.32,1557.5,-4252.5,55072.5
105572,54.41,110.65,988.32,647.5,-1312.5,50050.0
105601,73.93,113.34,988.93,-1400.0,-1942.5,44065.0
105629,99.67,117.85,990.52,-1907.5,-2660.0,29172.5
105658,125.17,122.61,992.59,-1382.5,-262.5,12775.0
105687,145.67,126.88,994.06,157.5,455.0,3027.5
105716,163.72,130.42,994.91,1732.5,472.5,-5880.0
105745,178.97,132.74,995.15,2730.0,717.5,-16712.5
105774,188.37,133.96,994.91,2520.0,1575.0,-22645.0
105803,193.0,134.69,993.93,2362.5,1400.0,-24167.5
105832,195.93,135.66,992.47,1890.0,87.5,-26145.0
105861,197.27,136.4,991.25,735.0,787.5,-29032.5
105890,195.69,136.64,990.4,332.5,-612.5,-29767.5
105919,192.03,136.76,989.91,-17.5,-1785.0,-28070.0
105948,188.0,137.01,989.54,332.5,-2187.5,-27177.5
105977,184.22,137.62,989.05,560.0,-2607.5,-27842.5
106006,180.44,138.35,988.32,122.5,-2082.5,-29435.0
106035,176.29,139.2,987.47,-770.0,-1277.5,-32182.5
106063,171.17,140.3,986.49,-1277.5,-157.5,-34230.0
106092,165.43,140.91,985.64,-2695.0,525.0,-36942.5
106121,159.82,141.15,985.52,-3010.0,-542.5,-39812.5
106150,152.74,140.91,985.52,-3115.0,-997.5,-41212.5
106179,141.52,140.18,985.27,-2765.0,-1767.5,-37765.0
106208,125.05,138.23,986.0,-4707.5,-892.5,-29750.0
106237,102.72,133.83,990.15,-5740.0,4900.0,-14682.5
106266,79.79,128.34,996.5,490.0,2415.0,4287.5
106295,63.32,124.81,1000.89,5425.0,490.0,16992.5
106324,53.31,123.71,1002.11,5740.0,1645.0,22855.0
106353,47.34,124.32,1002.23,5425.0,3062.5,25322.5
106382,43.68,126.27,1001.5,5827.5,3167.5,27247.5
106411,42.21,128.95,1000.03,5530.0,3972.5,28822.5
106440,41.97,131.52,998.08,3832.5,4847.5,28787.5
106469,41.24,133.71,996.74,3727.5,3885.0,30415.0
106499,41.36,135.91,995.64,4987.5,2800.0,33915.0
106528,44.16,138.59,993.2,4392.5,2432.5,34807.5
106557,47.09,140.91,989.66,2467.5,1505.0,33215.0
106586,47.46,142.37,986.37,980.0,-1032.5,37152.5
106615,50.02,143.72,983.08,1085.0,-2887.5,42490.0
106644,59.17,145.67,980.51,840.0,-6825.0,40495.0
106673,71.25,148.11,979.78,857.5,-7980.0,35367.5
106702,82.96,150.91,979.66,385.0,-6615.0,35157.5
106731,99.67,154.7,979.66,-1557.5,-6895.0,32112.5
106760,124.2,159.82,981.37,-1610.0,-5792.5,16275.0
106789,147.62,164.58,983.2,-297.5,-1680.0,-1890.0
106818,165.31,168.73,983.32,1627.5,-1277.5,-12950.0
106847,180.19,172.02,982.83,-87.5,892.5,-22715.0
106876,189.71,173.73,981.98,-1050.0,3990.0,-29820.0
106905,193.74,174.83,980.15,-332.5,1435.0,-30082.5
106934,197.64,175.8,978.44,-1505.0,1347.5,-32147.5
106963,199.96,176.78,976.73,-3080.0,3167.5,-37030.0
106992,198.86,177.27,975.39,-3430.0,350.0,-38465.0
107021,197.15,177.02,974.54,-5215.0,1365.0,-39987.5
107049,193.49,176.53,973.68,-5495.0,1750.0,-42262.5
107078,187.76,176.17,973.68,-5110.0,805.0,-42402.5
107107,183.37,175.56,972.83,-5285.0,1067.5,-47267.5
107136,175.31,174.09,971.61,-7297.5,-1750.0,-49297.5
107164,164.46,171.65,970.88,-8277.5,805.0,-45535.0
107193,151.4,167.51,972.1,-9660.0,1190.0,-43522.5
107222,132.98,161.77,976.98,-7122.5,-105.0,-32672.5
107251,114.68,155.18,984.17,-4952.5,2572.5,-21717.5
107280,95.4,148.6,991.62,157.5,2082.5,-11602.5
107309,74.42,142.98,996.25,4375.0,1050.0,3552.5
107338,57.83,139.32,997.23,4357.5,1732.5,17080.0
107368,47.7,137.25,997.11,3850.0,3360.0,22050.0
107397,40.02,136.4,996.62,4427.5,1155.0,24552.5
107427,32.7,136.03,995.89,3587.5,1347.5,29750.0
107456,29.52,136.15,994.67,4112.5,507.5,34282.5
107485,31.23,136.64,991.98,2205.0,367.5,28945.0
107514,30.99,136.88,989.42,-472.5,-717.5,26267.5
107543,28.91,136.76,988.69,-1452.5,17.5,30887.5
107572,30.74,137.13,989.18,-595.0,315.0,32900.0
107601,35.99,138.35,989.54,1155.0,175.0,29190.0
107630,38.19,139.57,988.93,1627.5,-507.5,28630.0
107659,39.04,140.79,987.71,1592.5,-1312.5,36995.0
107688,48.07,143.59,987.22,-35.0,-472.5,36732.5
107717,60.15,146.89,988.2,122.5,-1225.0,28805.0
107746,68.32,150.06,989.18,2187.5,-3622.5,30765.0
107775,83.33,154.45,988.32,105.0,-3552.5,29312.5
107805,105.16,159.58,987.59,-5442.5,1995.0,11655.0
107834,121.63,162.99,989.91,-2030.0,-2135.0,-2292.5
107863,133.71,165.19,991.74,2170.0,-1872.5,-8190.0
107892,144.69,167.14,991.13,-140.0,1102.5,-16642.5
107920,151.52,168.12,991.13,630.0,227.5,-23415.0
107949,155.06,168.36,990.64,1732.5,-542.5,-25847.5
107978,156.89,167.87,989.42,-350.0,962.5,-27982.5
108007,156.89,166.9,989.18,-490.0,245.0,-28875.0
108036,154.82,165.68,989.18,665.0,-2310.0,-28770.0
108065,151.4,165.07,988.32,-612.5,-1172.5,-28122.5
108094,147.62,164.7,987.96,-2257.5,-875.0,-28857.5
108123,143.23,164.33,988.81,-612.5,-2572.5,-30205.0
108152,137.74,164.33,989.05,700.0,-1575.0,-29365.0
108181,131.52,164.46,987.83,-1312.5,665.0,-28717.5
108210,124.2,163.97,986.49,-2502.5,-525.0,-29015.0
108239,113.95,162.5,985.88,-2555.0,-420.0,-26022.5
108268,100.53,160.06,986.49,-2940.0,682.5,-18952.5
108297,85.4,156.4,988.44,-2380.0,1627.5,-10780.0
108326,70.03,152.26,990.88,665.0,350.0,-1347.5
108355,57.34,148.96,992.47,840.0,2992.5,6510.0
108384,46.85,146.77,993.69,1277.5,3115.0,11445.0
108413,36.84,145.18,994.67,2327.5,3185.0,18042.5
108442,29.04,143.96,995.76,2555.0,4497.5,24080.0
108471,23.67,142.5,997.47,5390.0,2152.5,28787.5
108500,20.5,141.76,997.96,6650.0,1575.0,32725.0
108529,17.81,142.74,995.28,8452.5,-2677.5,36662.5
108558,18.91,144.94,990.52,8417.5,-3937.5,41527.5
108587,22.69,145.79,989.18,1435.0,5512.5,41527.5
108616,23.18,144.2,994.3,3675.0,2485.0,45132.5
108645,28.79,143.35,999.79,12460.0,-5075.0,48492.5
108674,43.8,146.77,999.91,11882.5,-420.0,40775.0
108703,58.56,152.26,997.11,8995.0,1312.5,30380.0
108733,70.39,157.01,994.3,9065.0,1015.0,28630.0
108762,85.16,162.75,990.88,7717.5,2415.0,22977.5
108791,101.75,169.82,986.13,5582.5,70.0,11567.5
108820,117.36,177.75,981.86,4322.5,-3167.5,3097.5
108849,133.35,186.17,978.44,1487.5,472.5,-4410.0
108878,148.11,194.71,976.0,-1120.0,2100.0,-14507.5
108906,158.36,201.67,975.27,-122.5,-507.5,-21840.0
108935,165.43,207.52,974.05,735.0,-1540.0,-25410.0
108964,170.8,213.13,970.63,-2765.0,-875.0,-31185.0
108993,173.12,217.4,967.22,-6860.0,175.0,-35455.0
109022,171.9,219.97,965.02,-8102.5,-35.0,-37100.0
109051,169.34,221.19,964.04,-7682.5,-2240.0,-37135.0
109080,165.8,221.31,964.17,-8627.5,-2065.0,-38150.0
109109,159.33,220.09,965.87,-7542.5,-3167.5,-35455.0
109138,152.01,218.38,968.19,-4042.5,-3500.0,-32620.0
109167,145.42,216.92,969.41,-4847.5,-4375.0,-32602.5
109196,137.86,215.21,970.51,-6037.5,-3132.5,-32375.0
109225,129.81,212.65,971.97,-5390.0,-3272.5,-32060.0
109254,120.29,209.11,973.56,-6282.5,-2135.0,-30975.0
109282,109.19,205.2,975.39,-6282.5,-542.5,-27772.5
109311,98.21,201.06,976.61,-6125.0,-1890.0,-27142.5
109339,83.2,195.2,979.66,-5512.5,-630.0,-23152.5
109368,61.49,187.39,984.54,-245.0,2642.5,-7105.0
109397,41.48,180.68,986.61,5022.5,1382.5,10972.5
109426,28.91,176.41,986.61,2030.0,1452.5,17797.5
109455,19.89,173.0,988.81,1032.5,3115.0,22645.0
109484,14.03,170.8,992.1,4777.5,3062.5,28875.0
109513,13.42,171.04,993.32,5862.5,3237.5,28770.0
109542,14.15,172.51,993.45,5652.5,3027.5,26985.0
109571,13.91,173.73,992.96,5600.0,3062.5,28892.5
109600,15.13,175.07,991.86,5582.5,3167.5,31010.0
109629,18.42,176.41,989.91,5390.0,2275.0,29260.0
109659,20.13,177.51,986.86,4462.5,1487.5,30292.5
109688,21.72,177.88,983.32,1435.0,2730.0,33197.5
109717,24.03,177.75,981.0,-910.0,1505.0,32007.5
109746,25.38,178.12,980.88,70.0,-87.5,34510.0
109775,28.06,179.95,981.12,2887.5,-385.0,40617.5
109804,35.87,183.12,979.9,2992.5,-1820.0,41020.0
109833,48.19,187.15,978.68,-595.0,-420.0,33442.5
109862,59.41,190.44,978.93,-2117.5,1662.5,27405.0
109891,69.91,193.13,979.66,-1802.5,1417.5,25585.0
109920,83.45,196.18,980.64,-437.5,-700.0,19145.0
109949,97.97,199.59,981.12,770.0,-2205.0,9660.0
109979,112.24,203.25,981.49,787.5,-700.0,2380.0
110008,126.76,207.03,981.12,1032.5,-857.5,-6807.5
110037,138.84,210.33,980.88,87.5,-945.0,-16170.0
110066,146.16,212.52,980.39,630.0,-87.5,-19985.0
110096,150.79,214.23,978.32,-472.5,-1575.0,-21647.5
110125,154.09,215.45,976.49,-3482.5,-770.0,-24395.0
110154,155.18,215.33,976.49,-3220.0,-630.0,-25287.5
110183,154.7,214.6,977.46,-1312.5,-2047.5,-25952.5
110211,152.74,213.74,977.22,-612.5,-2940.0,-25882.5
110240,149.82,213.01,976.98,-1680.0,-3010.0,-24972.5
110268,146.28,211.91,977.34,-1085.0,-2922.5,-23642.5
110297,143.72,211.18,977.1,-542.5,-3692.5,-24220.0
110326,141.52,210.57,976.37,-1435.0,-3185.0,-27615.0
110355,136.52,209.6,976.0,-2607.5,-1995.0,-27912.5
110384,131.27,208.62,975.63,-3115.0,-2327.5,-26600.0
110413,127.73,208.13,975.51,-4060.0,-2397.5,-28787.5
110442,122.24,207.03,975.88,-4777.5,-2117.5,-29120.0
110471,114.8,205.45,976.24,-4672.5,-2677.5,-25532.5
110500,107.6,203.5,976.49,-5915.0,-1855.0,-23415.0
110529,98.7,200.69,977.1,-7122.5,-2485.0,-21927.5
110558,86.13,196.18,979.78,-5320.0,-1207.5,-15960.0
110587,70.76,190.69,984.05,-1767.5,542.5,-4532.5
110616,57.34,185.68,987.71,1312.5,735.0,7000.0
110645,47.95,181.66,990.27,3290.0,647.5,13160.0
110674,39.65,178.61,991.86,4165.0,1592.5,19180.0
110703,33.67,176.78,992.84,6212.5,1522.5,26092.5
110732,33.31,176.66,992.35,6930.0,857.5,28525.0
110761,36.11,177.51,990.88,4322.5,2432.5,25077.5
110790,37.45,178.12,989.54,3482.5,1417.5,23275.0
110819,38.31,178.97,988.32,3692.5,1155.0,25900.0
110848,41.97,180.93,986.74,3535.0,175.0,26705.0
110877,47.58,182.88,984.54,1662.5,962.5,24342.5
110907,52.09,183.85,982.95,-210.0,1505.0,21560.0
110936,54.41,183.73,982.47,-210.0,1802.5,21227.5
110966,55.39,183.61,982.1,315.0,787.5,24657.5
110995,58.19,184.22,981.25,612.5,122.5,28472.5
111025,64.54,185.2,980.15,-157.5,-35.0,28070.0
111054,72.83,186.29,979.17,-997.5,-752.5,24447.5
111083,80.03,186.78,978.56,-2520.0,-1750.0,22487.5
111112,87.84,187.27,979.05,-3237.5,-4812.5,24605.0
111141,102.24,189.1,981.61,-2117.5,-4935.0,19652.5
111170,120.66,192.27,985.27,752.5,-2065.0,7402.5
111199,137.37,195.81,987.22,2817.5,-2467.5,-2415.0
111228,150.79,199.1,988.08,2135.0,297.5,-9940.0
111257,160.55,201.42,988.2,3132.5,-175.0,-15487.5
111286,168.24,203.01,987.47,3657.5,-140.0,-19687.5
111315,173.61,204.11,985.27,2187.5,770.0,-24220.0
111344,175.44,204.47,982.95,297.5,752.5,-26460.0
111373,174.58,204.23,981.61,17.5,-437.5,-25480.0
111402,172.75,203.74,980.27,262.5,-1347.5,-24640.0
111431,170.07,203.25,979.42,-140.0,-1260.0,-24500.0
111460,166.65,202.76,978.93,175.0,-2765.0,-23380.0
111489,163.97,202.76,977.95,-210.0,-3255.0,-24237.5
111518,161.04,203.01,976.49,-1732.5,-3150.0,-26110.0
111547,157.01,203.37,975.15,-2590.0,-2625.0,-26005.0
111575,152.62,203.86,974.17,-3605.0,-2747.5,-26355.0
111604,147.25,204.23,973.68,-4847.5,-1820.0,-26057.5
111632,139.81,203.86,974.05,-5162.5,-52.5,-23222.5
111661,131.39,202.28,974.17,-6405.0,3097.5,-20055.0
111690,121.02,198.98,975.27,-7875.0,2432.5,-20072.5
111719,106.63,193.61,978.93,-4742.5,367.5,-16240.0
111748,89.79,187.76,983.08,-1067.5,1050.0,-6230.0
111777,73.57,183.12,986.0,542.5,1767.5,4865.0
111806,61.85,180.19,987.71,2187.5,1697.5,13300.0
111835,55.75,179.22,988.69,2607.5,3010.0,15942.5
111864,51.61,179.1,989.05,3255.0,2870.0,17657.5
111894,46.85,178.97,988.2,3605.0,3045.0,21052.5
111923,42.46,178.12,986.61,2485.0,2240.0,25077.5
111953,40.5,177.39,986.37,2222.5,1995.0,28665.0
111982,42.33,177.63,986.98,4847.5,1137.5,29715.0
112011,45.87,178.73,986.13,4515.0,682.5,28875.0
112040,49.04,179.58,984.42,2415.0,1190.0,28000.0
112069,52.7,180.44,982.83,3272.5,-1050.0,29050.0
112098,60.63,182.15,980.15,4130.0,-3710.0,26127.5
112127,69.78,184.34,976.24,2782.5,-6650.0,19075.0
112156,75.03,185.56,973.68,-2117.5,-2152.5,20422.5
112185,79.79,185.93,974.66,-3587.5,1925.0,26302.5
112214,88.82,187.03,977.46,87.5,-2695.0,25655.0
112243,100.53,189.34,980.15,962.5,-3412.5,21822.5
112272,113.34,192.27,982.47,1085.0,-1575.0,18812.5
112301,128.71,196.18,983.81,1365.0,-1750.0,11042.5
112330,144.94,200.57,983.56,1295.0,-1452.5,595.0
112359,158.72,204.23,982.34,-1225.0,-332.5,-8837.5
112388,168.85,206.3,981.61,-2537.5,280.0,-14490.0
112417,176.17,207.16,981.73,-1802.5,122.5,-18742.5
112446,181.29,207.28,981.86,-717.5,-1190.0,-22085.0
112475,184.46,206.91,981.37,-385.0,-577.5,-24080.0
112504,186.54,206.3,980.64,-1750.0,1382.5,-26110.0
112533,187.03,205.94,979.29,-2957.5,2415.0,-28647.5
112561,185.68,205.2,978.2,-3202.5,1505.0,-30187.5
112590,183.0,204.47,977.46,-1785.0,-420.0,-30695.0
112619,179.46,203.74,976.98,-3692.5,1995.0,-31587.5
112648,174.09,202.76,976.85,-4585.0,2835.0,-32025.0
112677,167.63,201.42,976.85,-2450.0,-577.5,-33162.5
112706,158.84,199.84,975.39,-2782.5,-1155.0,-34405.0
112735,145.91,197.27,972.71,-5652.5,-997.5,-31290.0
112764,130.3,192.15,973.07,-9572.5,805.0,-26442.5
112793,110.41,183.24,980.03,-9887.5,8960.0,-16905.0
112822,88.45,174.58,987.96,2432.5,-1225.0,-2485.0
112851,72.47,169.58,989.91,5705.0,-1032.5,8540.0
112880,62.46,167.26,989.18,1190.0,4550.0,13597.5
112909,55.27,165.68,990.27,2502.5,3482.5,16292.5
112938,50.02,164.7,991.49,4497.5,3657.5,19495.0
112967,46.36,164.7,991.37,3290.0,4882.5,21035.0
112996,42.94,164.94,990.88,2975.0,4025.0,22715.0
113025,40.63,165.19,990.03,2870.0,4392.5,25270.0
113054,40.02,165.8,989.05,1802.5,4462.5,25357.5
113083,39.89,166.29,988.2,945.0,4077.5,25007.5
113112,38.55,167.02,987.1,1697.5,2747.5,27142.5
113141,38.43,168.36,985.03,3010.0,1400.0,32200.0
113170,43.07,170.68,981.61,525.0,2957.5,31710.0
113200,49.29,173.24,978.44,-3885.0,3710.0,27650.0
113229,53.68,175.44,976.98,-4112.5,-175.0,27947.5
113258,60.51,177.02,977.46,-6300.0,315.0,28857.5
113287,70.39,178.36,980.15,-7315.0,3167.5,24360.0
113316,79.54,179.46,983.44,-4112.5,-542.5,19407.5
113345,89.55,180.56,987.22,-1435.0,-5425.0,16170.0
113374,104.07,182.76,991.37,507.5,-1417.5,6842.5
113403,117.85,185.68,993.93,1872.5,-822.5,-6807.5
113432,127.12,187.39,995.64,3430.0,-2922.5,-13702.5
113461,134.57,188.37,996.86,3990.0,-262.5,-18480.0
113490,139.81,189.1,996.5,4620.0,-980.0,-23590.0
113519,142.62,189.34,995.15,3465.0,-1277.5,-27230.0
113548,143.23,189.22,993.81,2747.5,-787.5,-28910.0
113577,143.23,188.86,992.23,1505.0,-420.0,-31010.0
113606,142.01,188.37,991.25,1067.5,-665.0,-34702.5
113635,137.98,188.0,990.27,1330.0,-1715.0,-34982.5
113664,133.22,187.76,989.54,-490.0,227.5,-35472.5
113693,126.88,186.78,989.91,-140.0,-910.0,-36855.0
113722,117.73,185.07,989.42,1732.5,-3237.5,-34527.5
113750,107.36,183.24,987.22,647.5,-1627.5,-34107.5
113779,92.35,180.19,986.61,-1382.5,-157.5,-30170.0
113808,72.96,175.68,988.08,507.5,-122.5,-20580.0
113837,53.68,171.29,989.3,210.0,927.5,-11007.5
113866,35.5,167.75,990.76,752.5,1627.5,-2117.5
113895,19.52,165.43,991.98,2485.0,350.0,7630.0
113924,8.3,164.94,991.74,2852.5,822.5,15330.0
113954,1.46,165.43,990.15,1505.0,2152.5,18515.0
113983,-3.54,166.41,989.42,472.5,2765.0,22190.0
114013,-6.1,167.63,989.18,1452.5,2450.0,25952.5
114042,-6.34,168.97,988.57,1032.5,2415.0,26442.5
114072,-6.59,170.07,987.83,367.5,2415.0,27650.0
114101,-6.59,171.53,986.98,1575.0,1295.0,31290.0
114131,-3.54,173.61,984.66,1592.5,227.5,33372.5
114160,2.68,175.68,981.49,-2450.0,1680.0,30222.5
114189,9.64,176.29,980.15,-4760.0,1645.0,25655.0
114218,16.23,176.05,981.12,-4882.5,2765.0,21087.5
114247,20.98,176.41,982.71,-3727.5,2170.0,20562.5
114276,27.33,178.36,982.95,-2992.5,1872.5,21385.0
114305,37.21,182.15,982.83,-3885.0,1540.0,16975.0
114334,47.58,185.93,984.54,-3150.0,35.0,11077.5
114363,58.07,189.34,987.71,-1470.0,-175.0,6982.5
114392,69.3,193.49,990.15,-122.5,-1015.0,945.0
114421,80.28,197.76,992.1,52.5,-1120.0,-6300.0
114451,88.94,201.06,994.67,1785.0,-1190.0,-11462.5
114480,95.89,203.62,996.25,3885.0,-2852.5,-14542.5
114509,102.6,205.69,996.37,4252.5,-3902.5,-20475.0
114538,106.14,206.55,995.28,3990.0,-4147.5,-25147.5
114567,106.14,206.18,993.32,3237.5,-4322.5,-24902.5
114596,105.65,205.33,990.76,1522.5,-3395.0,-26180.0
114624,104.19,203.98,988.69,857.5,-4182.5,-29032.5
114653,100.28,202.28,987.35,-280.0,-3482.5,-27650.0
114681,96.87,201.06,986.61,-385.0,-2922.5,-27072.5
114710,93.94,199.84,986.49,-595.0,-3202.5,-30047.5
114739,88.45,198.37,986.61,-577.5,-3290.0,-28892.5
114768,82.96,197.52,986.37,-980.0,-2730.0,-27457.5
114797,78.2,196.54,986.13,-1890.0,-4497.5,-30397.5
114826,70.03,194.83,986.74,-1785.0,-3360.0,-30800.0
114855,56.61,192.03,987.96,-350.0,-1155.0,-24692.5
114884,40.99,188.37,988.93,-1032.5,-315.0,-17045.0
114913,23.67,183.61,991.74,-1067.5,1575.0,-7245.0
114942,6.22,178.85,995.03,3780.0,2170.0,7875.0
114971,-5.61,175.92,995.15,4620.0,2380.0,18602.5
115001,-11.96,175.19,993.57,2257.5,4532.5,21665.0
115030,-17.81,174.95,991.98,1977.5,3010.0,26110.0
115059,-21.96,174.58,990.88,1697.5,3850.0,32952.5
115088,-20.98,175.19,989.66,945.0,4847.5,35297.5
115117,-16.71,175.92,988.44,980.0,3692.5,32602.5
115146,-11.47,176.41,986.61,-332.5,4025.0,28805.0
115175,-7.08,176.9,985.64,-2975.0,5530.0,26915.0
115204,-4.51,177.14,985.76,-2537.5,4917.5,29137.5
115233,-1.34,177.88,985.76,-717.5,1557.5,33355.0
115262,6.1,179.83,985.64,700.0,402.5,35157.5
115291,15.74,183.12,984.91,-1225.0,1155.0,32340.0
115320,25.38,186.54,984.78,-2012.5,-525.0,30992.5
115349,38.55,190.32,986.61,-455.0,-2537.5,27230.0
115378,56.61,194.96,989.3,175.0,-175.0,14490.0
115407,73.32,200.2,991.13,1890.0,-875.0,962.5
115437,86.99,205.33,991.37,1977.5,-1277.5,-8207.5
115466,97.6,209.72,990.88,1697.5,-962.5,-16030.0
115495,106.14,212.89,989.91,1977.5,-2677.5,-21612.5
115524,112.85,215.21,988.44,1085.0,-2187.5,-27300.0
115552,115.66,216.55,986.37,542.5,-2520.0,-30187.5
115581,116.39,217.04,983.81,-297.5,-3955.0,-31272.5
115609,116.39,216.67,981.49,-1767.5,-3307.5,-33565.0
115638,114.44,215.45,980.27,-3255.0,-2747.5,-33442.5
115666,112.0,213.74,980.88,-3150.0,-2940.0,-33005.0
115695,109.8,211.55,982.59,-3115.0,-2905.0,-35385.0
115724,104.92,208.99,985.03,-3220.0,-1942.5,-35700.0
115753,98.58,206.3,987.1,-1732.5,-2712.5,-34527.5
115782,91.5,203.74,987.71,-1592.5,-2012.5,-36050.0
115811,79.18,200.2,988.44,-2660.0,-350.0,-32830.0
115840,62.95,195.08,990.4,-350.0,210.0,-24535.0
115870,45.51,188.98,991.86,2030.0,-245.0,-16905.0
115899,26.35,182.88,992.84,2170.0,630.0,-6125.0
115929,8.78,177.51,993.32,3150.0,857.5,5285.0
115958,-5.25,173.48,992.47,3482.5,980.0,13387.5
115987,-17.08,170.68,990.52,3412.5,1172.5,21525.0
116016,-23.91,169.58,987.96,1680.0,3430.0,28805.0
116045,-27.33,169.7,985.64,-787.5,4217.5,30222.5
116074,-33.18,169.21,984.54,787.5,-577.5,37292.5
116103,-33.92,168.85,983.2,2975.0,-420.0,47635.0
116132,-24.89,170.43,980.88,-1190.0,1470.0,41825.0
116161,-16.59,172.51,979.42,-2642.5,-2992.5,35367.5
116190,-11.59,174.22,978.68,-455.0,-5442.5,39392.5
116219,-0.61,176.17,977.22,-3360.0,-2940.0,39637.5
116248,14.52,178.0,977.22,-6912.5,-1155.0,29627.5
116277,26.23,179.34,979.54,-4147.5,-3482.5,24377.5
116306,39.77,181.29,982.34,-595.0,-4445.0,22452.5
116335,58.07,184.46,984.54,-2607.5,1487.5,10972.5
116364,72.96,187.64,987.59,-2152.5,1137.5,875.0
116393,83.94,190.56,990.15,1977.5,-1540.0,-1032.5
116422,96.99,193.86,990.4,1032.5,332.5,-6860.0
116451,109.43,196.66,989.79,735.0,-35.0,-15662.5
116480,118.1,198.62,989.18,157.5,-840.0,-20265.0
116509,125.42,199.59,988.93,-210.0,630.0,-23765.0
116538,131.76,199.96,988.93,-367.5,1155.0,-30922.5
116567,134.32,199.23,989.66,-385.0,892.5,-33985.0
116596,134.08,198.37,990.4,857.5,1575.0,-34422.5
116625,132.61,197.4,989.91,280.0,-262.5,-36242.5
116654,128.95,196.18,989.54,-1207.5,-122.5,-36522.5
116683,123.46,194.35,988.44,245.0,-1802.5,-37065.0
116712,114.8,192.15,986.49,735.0,-4182.5,-35717.5
116741,102.11,189.47,984.66,-1470.0,-3902.5,-27807.5
116770,88.57,186.42,984.78,-4620.0,2835.0,-18672.5
116799,75.88,182.27,987.71,-1120.0,-1435.0,-14472.5
116828,62.46,177.39,990.4,2152.5,-3062.5,-11217.5
116856,45.63,172.14,991.62,1102.5,122.5,-2940.0
116885,28.3,166.9,992.47,1890.0,1050.0,7735.0
116914,14.64,162.5,992.71,2170.0,1785.0,15872.5
116943,3.54,159.21,992.84,2817.5,2380.0,22750.0
116972,-5.49,156.89,992.59,4445.0,1767.5,31990.0
117001,-10.0,155.67,991.25,4025.0,2345.0,39672.5
117030,-8.78,155.67,989.42,1137.5,2940.0,42122.5
117059,-3.9,156.89,987.96,262.5,1260.0,41597.5
117088,4.03,158.97,986.98,1557.5,-770.0,39532.5
117118,14.15,161.53,986.49,122.5,542.5,35367.5
117147,24.03,164.21,986.0,-35.0,612.5,31832.5
117177,33.43,166.77,985.03,175.0,-52.5,29802.5
117206,44.16,169.7,983.81,-910.0,980.0,26232.5
117236,55.14,173.48,981.98,-3185.0,3780.0,21962.5
117265,67.1,177.39,982.1,-4882.5,4410.0,17832.5
117294,81.86,181.29,985.76,-1697.5,-962.5,8697.5
117323,96.62,185.2,989.79,1452.5,-752.5,-980.0
117352,108.58,188.98,991.25,1995.0,17.5,-6597.5
117381,119.56,192.39,991.13,2205.0,-525.0,-13125.0
117410,128.34,194.96,989.91,1960.0,-1085.0,-20230.0
117439,133.96,196.79,988.69,822.5,-420.0,-23327.5
117468,138.59,198.13,987.47,315.0,-787.5,-28017.5
117497,140.79,198.62,987.22,210.0,-2520.0,-32165.0
117526,139.08,198.01,987.35,227.5,-2152.5,-32130.0
117555,135.42,197.27,987.35,297.5,-1540.0,-30205.0
117584,131.64,196.42,987.22,367.5,-1855.0,-30257.5
117613,127.37,195.69,986.49,402.5,-3360.0,-31867.5
117642,121.39,195.2,984.91,-1260.0,-3517.5,-32935.0
117671,113.95,193.98,982.71,-5582.5,-2677.5,-32305.0
117700,106.75,191.78,981.12,-7735.0,-1662.5,-32550.0
117728,97.6,188.37,980.88,-10115.0,-1102.5,-32235.0
117757,85.64,183.73,982.59,-8540.0,-1207.5,-26810.0
117785,74.42,178.49,985.27,-6580.0,105.0,-21997.5
117814,61.37,172.51,988.69,-3727.5,-280.0,-16730.0
117843,45.02,165.92,992.84,1225.0,-52.5,-4865.0
117872,30.01,160.31,995.4,5005.0,-455.0,8365.0
117901,19.03,156.53,995.89,5197.5,962.5,17500.0
117930,7.93,153.72,995.76,5197.5,-402.5,26162.5
117959,-2.2,151.16,995.89,8452.5,-5267.5,41125.0
117988,-0.73,150.55,995.03,7140.0,-175.0,46532.5
118017,6.95,152.5,993.32,4602.5,560.0,36452.5
118047,8.66,154.45,992.23,6475.0,-6282.5,37327.5
118076,13.3,156.4,990.88,5897.5,-4515.0,43382.5
118105,25.38,159.21,988.2,3237.5,122.5,35962.5
118134,34.89,161.77,983.81,612.5,-2012.5,27650.0
118163,39.28,162.5,980.27,-3220.0,-70.0,28840.0
118192,43.92,162.26,979.17,-5915.0,9135.0,32462.5
118221,51.61,162.5,978.93,-6020.0,7472.5,31937.5
118250,64.29,164.09,981.25,-2327.5,-4742.5,25112.5
118279,81.37,167.02,986.25,0.0,-3325.0,15785.0
118308,99.55,171.04,990.76,437.5,2957.5,6055.0
118337,117.36,175.68,993.57,3377.5,-577.5,-5057.5
118366,134.2,179.95,995.03,4655.0,857.5,-17360.0
118395,145.67,183.0,993.45,4462.5,1295.0,-26302.5
118424,152.38,184.95,989.79,2677.5,-5005.0,-30467.5
118453,157.87,186.42,987.1,-787.5,-962.5,-34790.0
118482,159.82,186.78,985.03,-4830.0,3395.0,-37817.5
118511,158.97,186.29,984.66,-3115.0,-2310.0,-38815.0
118540,157.38,185.2,985.03,-1977.5,-945.0,-41562.5
118569,151.65,183.85,984.66,-1732.5,-1820.0,-42420.0
118597,143.47,182.63,982.95,385.0,-7035.0,-40022.5
118626,137.01,181.17,980.51,-3185.0,-3080.0,-41982.5
118654,127.61,177.88,980.27,-5775.0,-1662.5,-41457.5
118683,114.19,173.48,982.34,-3167.5,-3080.0,-34562.5
118711,100.41,169.09,984.54,-3447.5,-1750.0,-26652.5
118740,85.16,164.58,987.96,-2625.0,1207.5,-17885.0
118769,67.71,159.94,991.62,1067.5,1942.5,-4410.0
118798,51.0,156.16,994.06,1960.0,3605.0,10430.0
118827,38.55,152.99,995.52,3710.0,3027.5,20982.5
118856,30.99,151.04,996.01,3867.5,2940.0,26250.0
118885,25.38,150.06,996.37,3762.5,4235.0,29435.0
118915,18.67,149.21,996.01,5337.5,2310.0,36137.5
118944,16.23,149.21,993.93,5057.5,2397.5,42787.5
118974,20.37,150.79,991.13,2012.5,3377.5,38220.0
119003,22.08,152.99,989.3,1697.5,1732.5,37782.5
119032,20.86,154.57,986.98,1382.5,490.0,48230.0
119061,25.5,155.79,984.42,-420.0,-2537.5,55160.0
119090,38.43,157.14,983.69,-2100.0,-2590.0,49892.5
119119,54.17,158.97,985.03,-1767.5,-1732.5,38797.5
119148,68.56,161.65,986.13,997.5,-3202.5,30905.0
119177,83.94,165.55,985.76,1242.5,-5092.5,23537.5
119206,102.6,170.43,986.0,-612.5,-2467.5,11270.0
119235,120.78,175.07,987.59,787.5,-297.5,-1575.0
119264,136.88,178.85,989.42,3430.0,-665.0,-12757.5
119293,150.67,182.15,989.79,4077.5,2940.0,-24377.5
119322,158.23,184.71,987.47,1085.0,4235.0,-31552.5
119351,160.8,186.17,986.25,-262.5,-700.0,-33355.0
119380,161.65,186.78,985.52,2082.5,2362.5,-34982.5
119409,158.48,187.27,983.56,-1750.0,3447.5,-33932.5
119438,153.23,187.64,983.2,-525.0,315.0,-29977.5
119467,148.6,188.25,983.32,1015.0,210.0,-29942.5
119496,142.25,188.73,982.34,-17.5,-52.5,-27825.0
119525,135.91,189.47,982.22,-857.5,1750.0,-24622.5
119554,131.76,190.32,982.95,-402.5,1575.0,-26617.5
119583,127.25,191.05,983.44,787.5,-420.0,-30082.5
119612,120.66,191.42,983.2,665.0,87.5,-29400.0
119641,114.44,192.03,982.59,1155.0,-770.0,-29610.0
119670,106.75,192.27,981.86,1382.5,-2222.5,-30642.5
119699,95.65,192.15,981.25,1032.5,-1277.5,-26005.0
119728,83.08,191.66,981.0,-367.5,962.5,-19547.5
119757,69.05,190.08,981.73,525.0,-1067.5,-13527.5
119786,52.58,187.64,982.95,402.5,-52.5,-3937.5
119815,35.99,185.2,984.05,875.0,962.5,8417.5
119845,24.52,183.73,984.17,1347.5,1102.5,14525.0
119874,15.62,183.12,984.54,525.0,1382.5,17290.0
119903,6.47,182.76,985.52,1925.0,787.5,24745.0
119932,1.95,183.0,985.88,2187.5,2747.5,29522.5
119961,0.98,183.98,985.88,2082.5,2467.5,26757.5
119990,-2.44,184.71,984.91,2922.5,875.0,29242.5
120019,-4.39,185.44,982.59,1015.0,2450.0,35595.0
120048,-0.98,186.17,981.0,-1067.5,4900.0,33425.0
120077,1.71,186.9,980.64,1260.0,490.0,32917.5
120107,4.64,187.64,980.39,1855.0,245.0,40110.0
120136,10.98,189.1,979.78,1505.0,1225.0,42052.5
120165,19.76,190.81,979.05,1907.5,-805.0,42262.5
120194,33.92,193.86,978.81,1680.0,-122.5,36837.5
120223,49.29,197.76,978.44,717.5,-805.0,26337.5
120252,61.37,201.42,978.44,227.5,-350.0,23450.0
120282,76.74,206.18,979.42,927.5,1400.0,17675.0
120311,94.92,211.91,980.03,1680.0,-1592.5,1750.0
120341,109.07,217.16,979.66,962.5,-1942.5,-8067.5
120370,120.66,221.55,978.93,350.0,-175.0,-13475.0
120399,130.3,224.97,977.22,87.5,-1085.0,-20125.0
120428,136.64,227.16,975.51,-1365.0,-2100.0,-23415.0
120456,140.91,228.38,974.9,-1767.5,-1400.0,-25287.5
120485,143.72,228.75,974.29,-1452.5,-3272.5,-27457.5
120513,144.69,228.87,973.93,-1207.5,-4287.5,-28682.5
120542,144.57,229.12,973.68,-1155.0,-4322.5,-29295.0
120571,144.08,229.48,973.44,-1820.0,-4182.5,-30975.0
120600,142.62,229.6,973.68,-2310.0,-5145.0,-34282.5
120629,138.96,229.12,974.29,-2362.5,-4952.5,-35910.0
120658,133.47,228.02,974.9,-2905.0,-3885.0,-35945.0
120687,125.9,226.68,975.27,-2345.0,-3517.5,-34825.0
120716,117.36,225.21,975.76,-3710.0,-3150.0,-33862.5
120745,106.99,222.65,977.71,-3710.0,-2310.0,-33162.5
120774,91.87,218.5,981.25,-1925.0,-1312.5,-26950.0
120803,73.81,213.74,984.78,1365.0,315.0,-15732.5
120832,54.9,209.23,986.49,2922.5,385.0,-4410.0
120861,37.33,205.33,987.22,2957.5,1680.0,7472.5
120890,24.16,202.15,987.71,3885.0,2310.0,14752.5
120919,14.4,200.45,986.98,4375.0,2677.5,19512.5
120948,8.05,200.08,986.0,3377.5,4252.5,24220.0
120977,4.27,200.08,985.03,3097.5,5040.0,25847.5
121006,0.49,198.98,983.56,3465.0,4340.0,27545.0
121035,-2.32,198.62,981.37,3080.0,5180.0,32427.5
121064,-1.59,199.1,978.93,1802.5,5355.0,34160.0
121093,1.95,199.71,977.59,1190.0,4112.5,34265.0
121122,7.56,200.57,977.46,910.0,4707.5,34247.5
121152,14.15,202.03,975.51,1295.0,4392.5,34947.5
121181,23.91,204.23,972.1,-1645.0,4112.5,33530.0
121210,36.97,206.18,970.75,-3955.0,4427.5,27947.5
121239,49.17,207.77,971.85,-4112.5,4812.5,21070.0
121268,58.93,209.23,973.32,-1032.5,-875.0,18340.0
121297,70.39,211.79,973.56,-1680.0,595.0,17097.5
121326,85.03,215.82,973.56,-3920.0,1907.5,10675.0
121355,100.04,220.58,975.51,-2695.0,227.5,3010.0
121384,113.95,225.46,978.07,-1452.5,17.5,-3307.5
121413,126.39,229.85,979.78,-962.5,157.5,-9887.5
121442,136.4,233.26,980.88,210.0,-1697.5,-16660.0
121471,143.47,235.34,981.0,1120.0,-2782.5,-21210.0
121500,147.99,236.44,979.9,-105.0,-2572.5,-24202.5
121529,150.79,236.8,978.93,-770.0,-3325.0,-27142.5
121558,151.04,236.31,978.44,-770.0,-4287.5,-29855.0
121587,148.72,235.46,977.71,140.0,-5880.0,-30257.5
121616,145.79,235.22,976.24,-857.5,-7017.5,-31272.5
121645,142.37,234.85,976.37,-4042.5,-3885.0,-32952.5
121674,136.64,233.14,979.9,-2030.0,-3902.5,-34195.0
121702,129.32,230.82,983.08,2537.5,-5915.0,-32427.5
121731,122.49,228.99,983.44,1977.5,-4707.5,-31395.0
121759,114.68,227.41,982.95,1067.5,-4550.0,-30782.5
121788,104.8,225.94,982.59,2327.5,-6720.0,-29225.0
121816,92.72,224.48,981.61,1575.0,-6020.0,-24587.5
121845,79.54,222.41,981.0,-507.5,-3762.5,-19110.0
121874,65.15,219.36,981.86,-385.0,-2922.5,-13947.5
121903,49.65,215.82,983.56,1400.0,-2275.0,-7752.5
121932,33.67,212.52,984.91,2100.0,-315.0,52.5
121962,18.67,209.96,986.37,1802.5,2135.0,7752.5
121991,5.37,207.77,988.32,3132.5,3237.5,14542.5
122021,-4.88,206.06,990.15,4462.5,4182.5,21227.5
122050,-11.22,204.96,991.49,4882.5,6527.5,25970.0
122079,-15.13,204.23,991.62,5582.5,7630.0,30467.5
122108,-16.23,203.01,990.15,4497.5,8767.5,33127.5
122138,-17.2,201.06,988.69,4830.0,7175.0,33040.0
122167,-18.79,198.74,985.88,6195.0,4900.0,38535.0
122196,-15.62,196.91,982.1,2397.5,8172.5,43172.5
122225,-8.91,195.69,979.17,2065.0,5372.5,44117.5
122254,3.17,195.69,976.37,5145.0,-1190.0,45430.0
122283,23.91,199.59,972.58,2870.0,1137.5,38552.5
122312,45.14,206.42,967.7,-262.5,682.5,27807.5
122341,63.81,213.38,963.07,-2957.5,-280.0,22225.0
122370,81.01,218.87,961.6,-6422.5,1715.0,14035.0
122399,95.65,223.26,963.31,-4672.5,-210.0,10167.5
122428,111.02,227.9,965.14,-3115.0,-455.0,4725.0
122457,125.42,233.02,965.63,-4392.5,52.5,-2187.5
122486,137.62,237.66,965.75,-4270.0,700.0,-7385.0
122515,148.72,241.32,964.04,-3465.0,-2240.0,-13125.0
122544,159.21,244.61,960.75,-6650.0,-1942.5,-19740.0
122573,166.53,247.05,960.26,-9975.0,175.0,-26285.0
122602,169.58,247.17,963.31,-7070.0,-2240.0,-28822.5
122630,170.92,246.44,966.0,-5495.0,-3132.5,-31010.0
122659,170.8,245.1,968.56,-6545.0,-2205.0,-34020.0
122687,167.99,242.05,972.34,-3920.0,-3745.0,-36015.0
122716,162.38,238.75,974.54,-245.0,-7437.5,-35647.5
122745,155.43,236.56,975.27,-2187.5,-5407.5,-33810.0
122774,147.86,234.48,977.71,-2187.5,-5110.0,-32182.5
122802,139.81,232.53,980.64,2100.0,-7437.5,-30730.0
122831,131.52,231.43,981.98,2887.5,-7962.5,-29050.0
122860,122.24,230.34,983.56,647.5,-4147.5,-26932.5
122889,111.63,228.51,987.1,2170.0,-3605.0,-25147.5
122918,99.06,225.7,990.76,4445.0,-1925.0,-21122.5
122947,84.55,222.53,993.32,4952.5,752.5,-14997.5
122976,69.17,219.6,994.3,6615.0,1522.5,-8172.5
123006,53.92,216.67,994.06,7647.5,2695.0,-402.5
123035,40.38,214.35,992.71,6720.0,4760.0,7297.5
123064,29.52,212.4,991.25,6090.0,5530.0,13475.0
123093,20.86,211.06,990.03,5950.0,6475.0,18235.0
123122,13.79,210.21,988.81,5862.5,6842.5,23642.5
123151,10.0,210.33,987.83,6212.5,7927.5,28980.0
123180,9.64,210.82,986.61,6685.0,7560.0,30782.5
123209,9.27,211.55,984.05,6930.0,6527.5,32025.0
123238,10.25,213.01,980.03,5565.0,7017.5,37922.5
123267,16.84,215.45,976.24,1120.0,11007.5,38412.5
123296,23.55,217.04,975.15,3815.0,3500.0,33442.5
123325,28.55,218.5,973.44,8295.0,-1067.5,35630.0
123354,37.09,221.43,969.05,4375.0,3202.5,36872.5
123384,47.34,225.21,963.68,1802.5,2502.5,33267.5
123413,57.46,228.75,959.16,857.5,-577.5,30800.0
123443,67.71,232.53,955.75,-1330.0,1225.0,29645.0
123472,80.03,236.92,953.31,-2940.0,1050.0,27562.5
123501,95.28,242.05,952.33,-3657.5,350.0,20317.5
123530,109.68,247.42,951.97,-3920.0,-87.5,12477.5
123559,121.51,252.91,950.99,-4952.5,-52.5,8382.5
123588,132.25,257.42,951.11,-6370.0,577.5,3762.5
123617,142.13,260.35,952.33,-4760.0,-700.0,-35.0
123646,150.91,262.54,952.58,-4340.0,-1242.5,-3080.0
123675,158.6,264.25,952.21,-5127.5,-1907.5,-6457.5
123704,165.31,265.11,952.09,-5005.0,-3080.0,-9415.0
123733,172.02,265.47,952.21,-5512.5,-3692.5,-12285.0
123762,177.75,265.72,953.55,-6317.5,-3342.5,-15890.0
